[2026-04-24T00:04:57.380+0000] {processor.py:186} INFO - Started process (PID=44510) to work on /home/airflow/.local/lib/python3.12/site-packages/airflow/example_dags/example_params_trigger_ui.py
[2026-04-24T00:04:57.380+0000] {processor.py:914} INFO - Processing file /home/airflow/.local/lib/python3.12/site-packages/airflow/example_dags/example_params_trigger_ui.py for tasks to queue
[2026-04-24T00:04:57.381+0000] {logging_mixin.py:190} INFO - [2026-04-24T00:04:57.381+0000] {dagbag.py:588} INFO - Filling up the DagBag from /home/airflow/.local/lib/python3.12/site-packages/airflow/example_dags/example_params_trigger_ui.py
[2026-04-24T00:04:57.385+0000] {processor.py:925} INFO - DAG(s) 'example_params_trigger_ui' retrieved from /home/airflow/.local/lib/python3.12/site-packages/airflow/example_dags/example_params_trigger_ui.py
[2026-04-24T00:04:57.398+0000] {logging_mixin.py:190} INFO - [2026-04-24T00:04:57.398+0000] {dag.py:3239} INFO - Sync 1 DAGs
[2026-04-24T00:04:57.402+0000] {logging_mixin.py:190} INFO - [2026-04-24T00:04:57.402+0000] {dag.py:4180} INFO - Setting next_dagrun for example_params_trigger_ui to None, run_after=None
[2026-04-24T00:04:57.408+0000] {processor.py:208} INFO - Processing /home/airflow/.local/lib/python3.12/site-packages/airflow/example_dags/example_params_trigger_ui.py took 0.030 seconds
[2026-04-24T00:20:32.671+0000] {processor.py:186} INFO - Started process (PID=44574) to work on /home/airflow/.local/lib/python3.12/site-packages/airflow/example_dags/example_params_trigger_ui.py
[2026-04-24T00:20:32.672+0000] {processor.py:914} INFO - Processing file /home/airflow/.local/lib/python3.12/site-packages/airflow/example_dags/example_params_trigger_ui.py for tasks to queue
[2026-04-24T00:20:32.674+0000] {logging_mixin.py:190} INFO - [2026-04-24T00:20:32.674+0000] {dagbag.py:588} INFO - Filling up the DagBag from /home/airflow/.local/lib/python3.12/site-packages/airflow/example_dags/example_params_trigger_ui.py
[2026-04-24T00:20:32.684+0000] {processor.py:925} INFO - DAG(s) 'example_params_trigger_ui' retrieved from /home/airflow/.local/lib/python3.12/site-packages/airflow/example_dags/example_params_trigger_ui.py
[2026-04-24T00:20:32.720+0000] {logging_mixin.py:190} INFO - [2026-04-24T00:20:32.720+0000] {dag.py:3239} INFO - Sync 1 DAGs
[2026-04-24T00:20:32.733+0000] {logging_mixin.py:190} INFO - [2026-04-24T00:20:32.733+0000] {dag.py:4180} INFO - Setting next_dagrun for example_params_trigger_ui to None, run_after=None
[2026-04-24T00:20:32.750+0000] {processor.py:208} INFO - Processing /home/airflow/.local/lib/python3.12/site-packages/airflow/example_dags/example_params_trigger_ui.py took 0.084 seconds
[2026-04-24T00:36:04.267+0000] {processor.py:186} INFO - Started process (PID=44638) to work on /home/airflow/.local/lib/python3.12/site-packages/airflow/example_dags/example_params_trigger_ui.py
[2026-04-24T00:36:04.267+0000] {processor.py:914} INFO - Processing file /home/airflow/.local/lib/python3.12/site-packages/airflow/example_dags/example_params_trigger_ui.py for tasks to queue
[2026-04-24T00:36:04.268+0000] {logging_mixin.py:190} INFO - [2026-04-24T00:36:04.268+0000] {dagbag.py:588} INFO - Filling up the DagBag from /home/airflow/.local/lib/python3.12/site-packages/airflow/example_dags/example_params_trigger_ui.py
[2026-04-24T00:36:04.273+0000] {processor.py:925} INFO - DAG(s) 'example_params_trigger_ui' retrieved from /home/airflow/.local/lib/python3.12/site-packages/airflow/example_dags/example_params_trigger_ui.py
[2026-04-24T00:36:04.288+0000] {logging_mixin.py:190} INFO - [2026-04-24T00:36:04.288+0000] {dag.py:3239} INFO - Sync 1 DAGs
[2026-04-24T00:36:04.294+0000] {logging_mixin.py:190} INFO - [2026-04-24T00:36:04.294+0000] {dag.py:4180} INFO - Setting next_dagrun for example_params_trigger_ui to None, run_after=None
[2026-04-24T00:36:04.300+0000] {processor.py:208} INFO - Processing /home/airflow/.local/lib/python3.12/site-packages/airflow/example_dags/example_params_trigger_ui.py took 0.035 seconds
[2026-04-24T00:36:34.644+0000] {processor.py:186} INFO - Started process (PID=44702) to work on /home/airflow/.local/lib/python3.12/site-packages/airflow/example_dags/example_params_trigger_ui.py
[2026-04-24T00:36:34.644+0000] {processor.py:914} INFO - Processing file /home/airflow/.local/lib/python3.12/site-packages/airflow/example_dags/example_params_trigger_ui.py for tasks to queue
[2026-04-24T00:36:34.646+0000] {logging_mixin.py:190} INFO - [2026-04-24T00:36:34.646+0000] {dagbag.py:588} INFO - Filling up the DagBag from /home/airflow/.local/lib/python3.12/site-packages/airflow/example_dags/example_params_trigger_ui.py
[2026-04-24T00:36:34.654+0000] {processor.py:925} INFO - DAG(s) 'example_params_trigger_ui' retrieved from /home/airflow/.local/lib/python3.12/site-packages/airflow/example_dags/example_params_trigger_ui.py
[2026-04-24T00:36:34.675+0000] {logging_mixin.py:190} INFO - [2026-04-24T00:36:34.675+0000] {dag.py:3239} INFO - Sync 1 DAGs
[2026-04-24T00:36:34.683+0000] {logging_mixin.py:190} INFO - [2026-04-24T00:36:34.682+0000] {dag.py:4180} INFO - Setting next_dagrun for example_params_trigger_ui to None, run_after=None
[2026-04-24T00:36:34.690+0000] {processor.py:208} INFO - Processing /home/airflow/.local/lib/python3.12/site-packages/airflow/example_dags/example_params_trigger_ui.py took 0.050 seconds
[2026-04-24T00:52:07.034+0000] {processor.py:186} INFO - Started process (PID=44766) to work on /home/airflow/.local/lib/python3.12/site-packages/airflow/example_dags/example_params_trigger_ui.py
[2026-04-24T00:52:07.035+0000] {processor.py:914} INFO - Processing file /home/airflow/.local/lib/python3.12/site-packages/airflow/example_dags/example_params_trigger_ui.py for tasks to queue
[2026-04-24T00:52:07.036+0000] {logging_mixin.py:190} INFO - [2026-04-24T00:52:07.035+0000] {dagbag.py:588} INFO - Filling up the DagBag from /home/airflow/.local/lib/python3.12/site-packages/airflow/example_dags/example_params_trigger_ui.py
[2026-04-24T00:52:07.040+0000] {processor.py:925} INFO - DAG(s) 'example_params_trigger_ui' retrieved from /home/airflow/.local/lib/python3.12/site-packages/airflow/example_dags/example_params_trigger_ui.py
[2026-04-24T00:52:07.052+0000] {logging_mixin.py:190} INFO - [2026-04-24T00:52:07.052+0000] {dag.py:3239} INFO - Sync 1 DAGs
[2026-04-24T00:52:07.057+0000] {logging_mixin.py:190} INFO - [2026-04-24T00:52:07.057+0000] {dag.py:4180} INFO - Setting next_dagrun for example_params_trigger_ui to None, run_after=None
[2026-04-24T00:52:07.062+0000] {processor.py:208} INFO - Processing /home/airflow/.local/lib/python3.12/site-packages/airflow/example_dags/example_params_trigger_ui.py took 0.030 seconds
[2026-04-24T01:07:38.875+0000] {processor.py:186} INFO - Started process (PID=44830) to work on /home/airflow/.local/lib/python3.12/site-packages/airflow/example_dags/example_params_trigger_ui.py
[2026-04-24T01:07:38.875+0000] {processor.py:914} INFO - Processing file /home/airflow/.local/lib/python3.12/site-packages/airflow/example_dags/example_params_trigger_ui.py for tasks to queue
[2026-04-24T01:07:38.876+0000] {logging_mixin.py:190} INFO - [2026-04-24T01:07:38.876+0000] {dagbag.py:588} INFO - Filling up the DagBag from /home/airflow/.local/lib/python3.12/site-packages/airflow/example_dags/example_params_trigger_ui.py
[2026-04-24T01:07:38.882+0000] {processor.py:925} INFO - DAG(s) 'example_params_trigger_ui' retrieved from /home/airflow/.local/lib/python3.12/site-packages/airflow/example_dags/example_params_trigger_ui.py
[2026-04-24T01:07:38.902+0000] {logging_mixin.py:190} INFO - [2026-04-24T01:07:38.902+0000] {dag.py:3239} INFO - Sync 1 DAGs
[2026-04-24T01:07:38.911+0000] {logging_mixin.py:190} INFO - [2026-04-24T01:07:38.910+0000] {dag.py:4180} INFO - Setting next_dagrun for example_params_trigger_ui to None, run_after=None
[2026-04-24T01:07:38.920+0000] {processor.py:208} INFO - Processing /home/airflow/.local/lib/python3.12/site-packages/airflow/example_dags/example_params_trigger_ui.py took 0.049 seconds
[2026-04-24T01:08:09.451+0000] {processor.py:186} INFO - Started process (PID=44894) to work on /home/airflow/.local/lib/python3.12/site-packages/airflow/example_dags/example_params_trigger_ui.py
[2026-04-24T01:08:09.451+0000] {processor.py:914} INFO - Processing file /home/airflow/.local/lib/python3.12/site-packages/airflow/example_dags/example_params_trigger_ui.py for tasks to queue
[2026-04-24T01:08:09.452+0000] {logging_mixin.py:190} INFO - [2026-04-24T01:08:09.452+0000] {dagbag.py:588} INFO - Filling up the DagBag from /home/airflow/.local/lib/python3.12/site-packages/airflow/example_dags/example_params_trigger_ui.py
[2026-04-24T01:08:09.457+0000] {processor.py:925} INFO - DAG(s) 'example_params_trigger_ui' retrieved from /home/airflow/.local/lib/python3.12/site-packages/airflow/example_dags/example_params_trigger_ui.py
[2026-04-24T01:08:09.470+0000] {logging_mixin.py:190} INFO - [2026-04-24T01:08:09.470+0000] {dag.py:3239} INFO - Sync 1 DAGs
[2026-04-24T01:08:09.475+0000] {logging_mixin.py:190} INFO - [2026-04-24T01:08:09.475+0000] {dag.py:4180} INFO - Setting next_dagrun for example_params_trigger_ui to None, run_after=None
[2026-04-24T01:08:09.481+0000] {processor.py:208} INFO - Processing /home/airflow/.local/lib/python3.12/site-packages/airflow/example_dags/example_params_trigger_ui.py took 0.033 seconds
[2026-04-24T01:19:17.355+0000] {processor.py:186} INFO - Started process (PID=44958) to work on /home/airflow/.local/lib/python3.12/site-packages/airflow/example_dags/example_params_trigger_ui.py
[2026-04-24T01:19:17.356+0000] {processor.py:914} INFO - Processing file /home/airflow/.local/lib/python3.12/site-packages/airflow/example_dags/example_params_trigger_ui.py for tasks to queue
[2026-04-24T01:19:17.357+0000] {logging_mixin.py:190} INFO - [2026-04-24T01:19:17.357+0000] {dagbag.py:588} INFO - Filling up the DagBag from /home/airflow/.local/lib/python3.12/site-packages/airflow/example_dags/example_params_trigger_ui.py
[2026-04-24T01:19:17.361+0000] {processor.py:925} INFO - DAG(s) 'example_params_trigger_ui' retrieved from /home/airflow/.local/lib/python3.12/site-packages/airflow/example_dags/example_params_trigger_ui.py
[2026-04-24T01:19:17.373+0000] {logging_mixin.py:190} INFO - [2026-04-24T01:19:17.373+0000] {dag.py:3239} INFO - Sync 1 DAGs
[2026-04-24T01:19:17.377+0000] {logging_mixin.py:190} INFO - [2026-04-24T01:19:17.377+0000] {dag.py:4180} INFO - Setting next_dagrun for example_params_trigger_ui to None, run_after=None
[2026-04-24T01:19:17.383+0000] {processor.py:208} INFO - Processing /home/airflow/.local/lib/python3.12/site-packages/airflow/example_dags/example_params_trigger_ui.py took 0.029 seconds
[2026-04-24T01:32:31.479+0000] {processor.py:186} INFO - Started process (PID=45022) to work on /home/airflow/.local/lib/python3.12/site-packages/airflow/example_dags/example_params_trigger_ui.py
[2026-04-24T01:32:31.480+0000] {processor.py:914} INFO - Processing file /home/airflow/.local/lib/python3.12/site-packages/airflow/example_dags/example_params_trigger_ui.py for tasks to queue
[2026-04-24T01:32:31.480+0000] {logging_mixin.py:190} INFO - [2026-04-24T01:32:31.480+0000] {dagbag.py:588} INFO - Filling up the DagBag from /home/airflow/.local/lib/python3.12/site-packages/airflow/example_dags/example_params_trigger_ui.py
[2026-04-24T01:32:31.485+0000] {processor.py:925} INFO - DAG(s) 'example_params_trigger_ui' retrieved from /home/airflow/.local/lib/python3.12/site-packages/airflow/example_dags/example_params_trigger_ui.py
[2026-04-24T01:32:31.499+0000] {logging_mixin.py:190} INFO - [2026-04-24T01:32:31.499+0000] {dag.py:3239} INFO - Sync 1 DAGs
[2026-04-24T01:32:31.504+0000] {logging_mixin.py:190} INFO - [2026-04-24T01:32:31.504+0000] {dag.py:4180} INFO - Setting next_dagrun for example_params_trigger_ui to None, run_after=None
[2026-04-24T01:32:31.510+0000] {processor.py:208} INFO - Processing /home/airflow/.local/lib/python3.12/site-packages/airflow/example_dags/example_params_trigger_ui.py took 0.034 seconds
[2026-04-24T01:33:01.985+0000] {processor.py:186} INFO - Started process (PID=45086) to work on /home/airflow/.local/lib/python3.12/site-packages/airflow/example_dags/example_params_trigger_ui.py
[2026-04-24T01:33:01.985+0000] {processor.py:914} INFO - Processing file /home/airflow/.local/lib/python3.12/site-packages/airflow/example_dags/example_params_trigger_ui.py for tasks to queue
[2026-04-24T01:33:01.986+0000] {logging_mixin.py:190} INFO - [2026-04-24T01:33:01.986+0000] {dagbag.py:588} INFO - Filling up the DagBag from /home/airflow/.local/lib/python3.12/site-packages/airflow/example_dags/example_params_trigger_ui.py
[2026-04-24T01:33:01.993+0000] {processor.py:925} INFO - DAG(s) 'example_params_trigger_ui' retrieved from /home/airflow/.local/lib/python3.12/site-packages/airflow/example_dags/example_params_trigger_ui.py
[2026-04-24T01:33:02.008+0000] {logging_mixin.py:190} INFO - [2026-04-24T01:33:02.008+0000] {dag.py:3239} INFO - Sync 1 DAGs
[2026-04-24T01:33:02.013+0000] {logging_mixin.py:190} INFO - [2026-04-24T01:33:02.013+0000] {dag.py:4180} INFO - Setting next_dagrun for example_params_trigger_ui to None, run_after=None
[2026-04-24T01:33:02.020+0000] {processor.py:208} INFO - Processing /home/airflow/.local/lib/python3.12/site-packages/airflow/example_dags/example_params_trigger_ui.py took 0.038 seconds
[2026-04-24T01:48:36.926+0000] {processor.py:186} INFO - Started process (PID=45150) to work on /home/airflow/.local/lib/python3.12/site-packages/airflow/example_dags/example_params_trigger_ui.py
[2026-04-24T01:48:36.926+0000] {processor.py:914} INFO - Processing file /home/airflow/.local/lib/python3.12/site-packages/airflow/example_dags/example_params_trigger_ui.py for tasks to queue
[2026-04-24T01:48:36.927+0000] {logging_mixin.py:190} INFO - [2026-04-24T01:48:36.927+0000] {dagbag.py:588} INFO - Filling up the DagBag from /home/airflow/.local/lib/python3.12/site-packages/airflow/example_dags/example_params_trigger_ui.py
[2026-04-24T01:48:36.932+0000] {processor.py:925} INFO - DAG(s) 'example_params_trigger_ui' retrieved from /home/airflow/.local/lib/python3.12/site-packages/airflow/example_dags/example_params_trigger_ui.py
[2026-04-24T01:48:36.946+0000] {logging_mixin.py:190} INFO - [2026-04-24T01:48:36.946+0000] {dag.py:3239} INFO - Sync 1 DAGs
[2026-04-24T01:48:36.951+0000] {logging_mixin.py:190} INFO - [2026-04-24T01:48:36.950+0000] {dag.py:4180} INFO - Setting next_dagrun for example_params_trigger_ui to None, run_after=None
[2026-04-24T01:48:36.957+0000] {processor.py:208} INFO - Processing /home/airflow/.local/lib/python3.12/site-packages/airflow/example_dags/example_params_trigger_ui.py took 0.034 seconds
[2026-04-24T01:50:37.338+0000] {processor.py:186} INFO - Started process (PID=45214) to work on /home/airflow/.local/lib/python3.12/site-packages/airflow/example_dags/example_params_trigger_ui.py
[2026-04-24T01:50:37.339+0000] {processor.py:914} INFO - Processing file /home/airflow/.local/lib/python3.12/site-packages/airflow/example_dags/example_params_trigger_ui.py for tasks to queue
[2026-04-24T01:50:37.340+0000] {logging_mixin.py:190} INFO - [2026-04-24T01:50:37.340+0000] {dagbag.py:588} INFO - Filling up the DagBag from /home/airflow/.local/lib/python3.12/site-packages/airflow/example_dags/example_params_trigger_ui.py
[2026-04-24T01:50:37.345+0000] {processor.py:925} INFO - DAG(s) 'example_params_trigger_ui' retrieved from /home/airflow/.local/lib/python3.12/site-packages/airflow/example_dags/example_params_trigger_ui.py
[2026-04-24T01:50:37.360+0000] {logging_mixin.py:190} INFO - [2026-04-24T01:50:37.359+0000] {dag.py:3239} INFO - Sync 1 DAGs
[2026-04-24T01:50:37.365+0000] {logging_mixin.py:190} INFO - [2026-04-24T01:50:37.365+0000] {dag.py:4180} INFO - Setting next_dagrun for example_params_trigger_ui to None, run_after=None
[2026-04-24T01:50:37.371+0000] {processor.py:208} INFO - Processing /home/airflow/.local/lib/python3.12/site-packages/airflow/example_dags/example_params_trigger_ui.py took 0.035 seconds
[2026-04-24T01:51:07.807+0000] {processor.py:186} INFO - Started process (PID=45278) to work on /home/airflow/.local/lib/python3.12/site-packages/airflow/example_dags/example_params_trigger_ui.py
[2026-04-24T01:51:07.807+0000] {processor.py:914} INFO - Processing file /home/airflow/.local/lib/python3.12/site-packages/airflow/example_dags/example_params_trigger_ui.py for tasks to queue
[2026-04-24T01:51:07.808+0000] {logging_mixin.py:190} INFO - [2026-04-24T01:51:07.808+0000] {dagbag.py:588} INFO - Filling up the DagBag from /home/airflow/.local/lib/python3.12/site-packages/airflow/example_dags/example_params_trigger_ui.py
[2026-04-24T01:51:07.812+0000] {processor.py:925} INFO - DAG(s) 'example_params_trigger_ui' retrieved from /home/airflow/.local/lib/python3.12/site-packages/airflow/example_dags/example_params_trigger_ui.py
[2026-04-24T01:51:07.824+0000] {logging_mixin.py:190} INFO - [2026-04-24T01:51:07.824+0000] {dag.py:3239} INFO - Sync 1 DAGs
[2026-04-24T01:51:07.829+0000] {logging_mixin.py:190} INFO - [2026-04-24T01:51:07.829+0000] {dag.py:4180} INFO - Setting next_dagrun for example_params_trigger_ui to None, run_after=None
[2026-04-24T01:51:07.834+0000] {processor.py:208} INFO - Processing /home/airflow/.local/lib/python3.12/site-packages/airflow/example_dags/example_params_trigger_ui.py took 0.029 seconds
[2026-04-24T01:52:57.275+0000] {processor.py:186} INFO - Started process (PID=45342) to work on /home/airflow/.local/lib/python3.12/site-packages/airflow/example_dags/example_params_trigger_ui.py
[2026-04-24T01:52:57.275+0000] {processor.py:914} INFO - Processing file /home/airflow/.local/lib/python3.12/site-packages/airflow/example_dags/example_params_trigger_ui.py for tasks to queue
[2026-04-24T01:52:57.276+0000] {logging_mixin.py:190} INFO - [2026-04-24T01:52:57.276+0000] {dagbag.py:588} INFO - Filling up the DagBag from /home/airflow/.local/lib/python3.12/site-packages/airflow/example_dags/example_params_trigger_ui.py
[2026-04-24T01:52:57.280+0000] {processor.py:925} INFO - DAG(s) 'example_params_trigger_ui' retrieved from /home/airflow/.local/lib/python3.12/site-packages/airflow/example_dags/example_params_trigger_ui.py
[2026-04-24T01:52:57.293+0000] {logging_mixin.py:190} INFO - [2026-04-24T01:52:57.293+0000] {dag.py:3239} INFO - Sync 1 DAGs
[2026-04-24T01:52:57.297+0000] {logging_mixin.py:190} INFO - [2026-04-24T01:52:57.297+0000] {dag.py:4180} INFO - Setting next_dagrun for example_params_trigger_ui to None, run_after=None
[2026-04-24T01:52:57.303+0000] {processor.py:208} INFO - Processing /home/airflow/.local/lib/python3.12/site-packages/airflow/example_dags/example_params_trigger_ui.py took 0.030 seconds
[2026-04-24T01:54:51.603+0000] {processor.py:186} INFO - Started process (PID=45406) to work on /home/airflow/.local/lib/python3.12/site-packages/airflow/example_dags/example_params_trigger_ui.py
[2026-04-24T01:54:51.604+0000] {processor.py:914} INFO - Processing file /home/airflow/.local/lib/python3.12/site-packages/airflow/example_dags/example_params_trigger_ui.py for tasks to queue
[2026-04-24T01:54:51.605+0000] {logging_mixin.py:190} INFO - [2026-04-24T01:54:51.605+0000] {dagbag.py:588} INFO - Filling up the DagBag from /home/airflow/.local/lib/python3.12/site-packages/airflow/example_dags/example_params_trigger_ui.py
[2026-04-24T01:54:51.609+0000] {processor.py:925} INFO - DAG(s) 'example_params_trigger_ui' retrieved from /home/airflow/.local/lib/python3.12/site-packages/airflow/example_dags/example_params_trigger_ui.py
[2026-04-24T01:54:51.629+0000] {logging_mixin.py:190} INFO - [2026-04-24T01:54:51.629+0000] {dag.py:3239} INFO - Sync 1 DAGs
[2026-04-24T01:54:51.636+0000] {logging_mixin.py:190} INFO - [2026-04-24T01:54:51.636+0000] {dag.py:4180} INFO - Setting next_dagrun for example_params_trigger_ui to None, run_after=None
[2026-04-24T01:54:51.643+0000] {processor.py:208} INFO - Processing /home/airflow/.local/lib/python3.12/site-packages/airflow/example_dags/example_params_trigger_ui.py took 0.042 seconds
[2026-04-24T01:55:21.863+0000] {processor.py:186} INFO - Started process (PID=45470) to work on /home/airflow/.local/lib/python3.12/site-packages/airflow/example_dags/example_params_trigger_ui.py
[2026-04-24T01:55:21.863+0000] {processor.py:914} INFO - Processing file /home/airflow/.local/lib/python3.12/site-packages/airflow/example_dags/example_params_trigger_ui.py for tasks to queue
[2026-04-24T01:55:21.864+0000] {logging_mixin.py:190} INFO - [2026-04-24T01:55:21.864+0000] {dagbag.py:588} INFO - Filling up the DagBag from /home/airflow/.local/lib/python3.12/site-packages/airflow/example_dags/example_params_trigger_ui.py
[2026-04-24T01:55:21.869+0000] {processor.py:925} INFO - DAG(s) 'example_params_trigger_ui' retrieved from /home/airflow/.local/lib/python3.12/site-packages/airflow/example_dags/example_params_trigger_ui.py
[2026-04-24T01:55:21.883+0000] {logging_mixin.py:190} INFO - [2026-04-24T01:55:21.882+0000] {dag.py:3239} INFO - Sync 1 DAGs
[2026-04-24T01:55:21.888+0000] {logging_mixin.py:190} INFO - [2026-04-24T01:55:21.888+0000] {dag.py:4180} INFO - Setting next_dagrun for example_params_trigger_ui to None, run_after=None
[2026-04-24T01:55:21.894+0000] {processor.py:208} INFO - Processing /home/airflow/.local/lib/python3.12/site-packages/airflow/example_dags/example_params_trigger_ui.py took 0.033 seconds
[2026-04-24T01:57:13.385+0000] {processor.py:186} INFO - Started process (PID=45533) to work on /home/airflow/.local/lib/python3.12/site-packages/airflow/example_dags/example_params_trigger_ui.py
[2026-04-24T01:57:13.385+0000] {processor.py:914} INFO - Processing file /home/airflow/.local/lib/python3.12/site-packages/airflow/example_dags/example_params_trigger_ui.py for tasks to queue
[2026-04-24T01:57:13.387+0000] {logging_mixin.py:190} INFO - [2026-04-24T01:57:13.386+0000] {dagbag.py:588} INFO - Filling up the DagBag from /home/airflow/.local/lib/python3.12/site-packages/airflow/example_dags/example_params_trigger_ui.py
[2026-04-24T01:57:13.391+0000] {processor.py:925} INFO - DAG(s) 'example_params_trigger_ui' retrieved from /home/airflow/.local/lib/python3.12/site-packages/airflow/example_dags/example_params_trigger_ui.py
[2026-04-24T01:57:13.405+0000] {logging_mixin.py:190} INFO - [2026-04-24T01:57:13.405+0000] {dag.py:3239} INFO - Sync 1 DAGs
[2026-04-24T01:57:13.411+0000] {logging_mixin.py:190} INFO - [2026-04-24T01:57:13.411+0000] {dag.py:4180} INFO - Setting next_dagrun for example_params_trigger_ui to None, run_after=None
[2026-04-24T01:57:13.417+0000] {processor.py:208} INFO - Processing /home/airflow/.local/lib/python3.12/site-packages/airflow/example_dags/example_params_trigger_ui.py took 0.035 seconds
[2026-04-24T01:57:43.561+0000] {processor.py:186} INFO - Started process (PID=45596) to work on /home/airflow/.local/lib/python3.12/site-packages/airflow/example_dags/example_params_trigger_ui.py
[2026-04-24T01:57:43.562+0000] {processor.py:914} INFO - Processing file /home/airflow/.local/lib/python3.12/site-packages/airflow/example_dags/example_params_trigger_ui.py for tasks to queue
[2026-04-24T01:57:43.563+0000] {logging_mixin.py:190} INFO - [2026-04-24T01:57:43.562+0000] {dagbag.py:588} INFO - Filling up the DagBag from /home/airflow/.local/lib/python3.12/site-packages/airflow/example_dags/example_params_trigger_ui.py
[2026-04-24T01:57:43.567+0000] {processor.py:925} INFO - DAG(s) 'example_params_trigger_ui' retrieved from /home/airflow/.local/lib/python3.12/site-packages/airflow/example_dags/example_params_trigger_ui.py
[2026-04-24T01:57:43.584+0000] {logging_mixin.py:190} INFO - [2026-04-24T01:57:43.584+0000] {dag.py:3239} INFO - Sync 1 DAGs
[2026-04-24T01:57:43.589+0000] {logging_mixin.py:190} INFO - [2026-04-24T01:57:43.589+0000] {dag.py:4180} INFO - Setting next_dagrun for example_params_trigger_ui to None, run_after=None
[2026-04-24T01:57:43.594+0000] {processor.py:208} INFO - Processing /home/airflow/.local/lib/python3.12/site-packages/airflow/example_dags/example_params_trigger_ui.py took 0.035 seconds
[2026-04-24T01:59:35.066+0000] {processor.py:186} INFO - Started process (PID=45661) to work on /home/airflow/.local/lib/python3.12/site-packages/airflow/example_dags/example_params_trigger_ui.py
[2026-04-24T01:59:35.067+0000] {processor.py:914} INFO - Processing file /home/airflow/.local/lib/python3.12/site-packages/airflow/example_dags/example_params_trigger_ui.py for tasks to queue
[2026-04-24T01:59:35.068+0000] {logging_mixin.py:190} INFO - [2026-04-24T01:59:35.067+0000] {dagbag.py:588} INFO - Filling up the DagBag from /home/airflow/.local/lib/python3.12/site-packages/airflow/example_dags/example_params_trigger_ui.py
[2026-04-24T01:59:35.071+0000] {processor.py:925} INFO - DAG(s) 'example_params_trigger_ui' retrieved from /home/airflow/.local/lib/python3.12/site-packages/airflow/example_dags/example_params_trigger_ui.py
[2026-04-24T01:59:35.084+0000] {logging_mixin.py:190} INFO - [2026-04-24T01:59:35.084+0000] {dag.py:3239} INFO - Sync 1 DAGs
[2026-04-24T01:59:35.089+0000] {logging_mixin.py:190} INFO - [2026-04-24T01:59:35.089+0000] {dag.py:4180} INFO - Setting next_dagrun for example_params_trigger_ui to None, run_after=None
[2026-04-24T01:59:35.094+0000] {processor.py:208} INFO - Processing /home/airflow/.local/lib/python3.12/site-packages/airflow/example_dags/example_params_trigger_ui.py took 0.030 seconds
[2026-04-24T02:01:32.919+0000] {processor.py:186} INFO - Started process (PID=45725) to work on /home/airflow/.local/lib/python3.12/site-packages/airflow/example_dags/example_params_trigger_ui.py
[2026-04-24T02:01:32.920+0000] {processor.py:914} INFO - Processing file /home/airflow/.local/lib/python3.12/site-packages/airflow/example_dags/example_params_trigger_ui.py for tasks to queue
[2026-04-24T02:01:32.921+0000] {logging_mixin.py:190} INFO - [2026-04-24T02:01:32.921+0000] {dagbag.py:588} INFO - Filling up the DagBag from /home/airflow/.local/lib/python3.12/site-packages/airflow/example_dags/example_params_trigger_ui.py
[2026-04-24T02:01:32.928+0000] {processor.py:925} INFO - DAG(s) 'example_params_trigger_ui' retrieved from /home/airflow/.local/lib/python3.12/site-packages/airflow/example_dags/example_params_trigger_ui.py
[2026-04-24T02:01:32.950+0000] {logging_mixin.py:190} INFO - [2026-04-24T02:01:32.950+0000] {dag.py:3239} INFO - Sync 1 DAGs
[2026-04-24T02:01:32.958+0000] {logging_mixin.py:190} INFO - [2026-04-24T02:01:32.957+0000] {dag.py:4180} INFO - Setting next_dagrun for example_params_trigger_ui to None, run_after=None
[2026-04-24T02:01:32.967+0000] {processor.py:208} INFO - Processing /home/airflow/.local/lib/python3.12/site-packages/airflow/example_dags/example_params_trigger_ui.py took 0.052 seconds
[2026-04-24T02:02:03.901+0000] {processor.py:186} INFO - Started process (PID=45789) to work on /home/airflow/.local/lib/python3.12/site-packages/airflow/example_dags/example_params_trigger_ui.py
[2026-04-24T02:02:03.901+0000] {processor.py:914} INFO - Processing file /home/airflow/.local/lib/python3.12/site-packages/airflow/example_dags/example_params_trigger_ui.py for tasks to queue
[2026-04-24T02:02:03.903+0000] {logging_mixin.py:190} INFO - [2026-04-24T02:02:03.902+0000] {dagbag.py:588} INFO - Filling up the DagBag from /home/airflow/.local/lib/python3.12/site-packages/airflow/example_dags/example_params_trigger_ui.py
[2026-04-24T02:02:03.909+0000] {processor.py:925} INFO - DAG(s) 'example_params_trigger_ui' retrieved from /home/airflow/.local/lib/python3.12/site-packages/airflow/example_dags/example_params_trigger_ui.py
[2026-04-24T02:02:03.931+0000] {logging_mixin.py:190} INFO - [2026-04-24T02:02:03.931+0000] {dag.py:3239} INFO - Sync 1 DAGs
[2026-04-24T02:02:03.939+0000] {logging_mixin.py:190} INFO - [2026-04-24T02:02:03.939+0000] {dag.py:4180} INFO - Setting next_dagrun for example_params_trigger_ui to None, run_after=None
[2026-04-24T02:02:03.948+0000] {processor.py:208} INFO - Processing /home/airflow/.local/lib/python3.12/site-packages/airflow/example_dags/example_params_trigger_ui.py took 0.051 seconds
[2026-04-24T02:03:52.018+0000] {processor.py:186} INFO - Started process (PID=45853) to work on /home/airflow/.local/lib/python3.12/site-packages/airflow/example_dags/example_params_trigger_ui.py
[2026-04-24T02:03:52.019+0000] {processor.py:914} INFO - Processing file /home/airflow/.local/lib/python3.12/site-packages/airflow/example_dags/example_params_trigger_ui.py for tasks to queue
[2026-04-24T02:03:52.019+0000] {logging_mixin.py:190} INFO - [2026-04-24T02:03:52.019+0000] {dagbag.py:588} INFO - Filling up the DagBag from /home/airflow/.local/lib/python3.12/site-packages/airflow/example_dags/example_params_trigger_ui.py
[2026-04-24T02:03:52.024+0000] {processor.py:925} INFO - DAG(s) 'example_params_trigger_ui' retrieved from /home/airflow/.local/lib/python3.12/site-packages/airflow/example_dags/example_params_trigger_ui.py
[2026-04-24T02:03:52.036+0000] {logging_mixin.py:190} INFO - [2026-04-24T02:03:52.036+0000] {dag.py:3239} INFO - Sync 1 DAGs
[2026-04-24T02:03:52.040+0000] {logging_mixin.py:190} INFO - [2026-04-24T02:03:52.040+0000] {dag.py:4180} INFO - Setting next_dagrun for example_params_trigger_ui to None, run_after=None
[2026-04-24T02:03:52.046+0000] {processor.py:208} INFO - Processing /home/airflow/.local/lib/python3.12/site-packages/airflow/example_dags/example_params_trigger_ui.py took 0.030 seconds
[2026-04-24T02:05:47.767+0000] {processor.py:186} INFO - Started process (PID=45917) to work on /home/airflow/.local/lib/python3.12/site-packages/airflow/example_dags/example_params_trigger_ui.py
[2026-04-24T02:05:47.768+0000] {processor.py:914} INFO - Processing file /home/airflow/.local/lib/python3.12/site-packages/airflow/example_dags/example_params_trigger_ui.py for tasks to queue
[2026-04-24T02:05:47.769+0000] {logging_mixin.py:190} INFO - [2026-04-24T02:05:47.768+0000] {dagbag.py:588} INFO - Filling up the DagBag from /home/airflow/.local/lib/python3.12/site-packages/airflow/example_dags/example_params_trigger_ui.py
[2026-04-24T02:05:47.774+0000] {processor.py:925} INFO - DAG(s) 'example_params_trigger_ui' retrieved from /home/airflow/.local/lib/python3.12/site-packages/airflow/example_dags/example_params_trigger_ui.py
[2026-04-24T02:05:47.789+0000] {logging_mixin.py:190} INFO - [2026-04-24T02:05:47.789+0000] {dag.py:3239} INFO - Sync 1 DAGs
[2026-04-24T02:05:47.795+0000] {logging_mixin.py:190} INFO - [2026-04-24T02:05:47.795+0000] {dag.py:4180} INFO - Setting next_dagrun for example_params_trigger_ui to None, run_after=None
[2026-04-24T02:05:47.801+0000] {processor.py:208} INFO - Processing /home/airflow/.local/lib/python3.12/site-packages/airflow/example_dags/example_params_trigger_ui.py took 0.037 seconds
[2026-04-24T02:06:18.020+0000] {processor.py:186} INFO - Started process (PID=45981) to work on /home/airflow/.local/lib/python3.12/site-packages/airflow/example_dags/example_params_trigger_ui.py
[2026-04-24T02:06:18.020+0000] {processor.py:914} INFO - Processing file /home/airflow/.local/lib/python3.12/site-packages/airflow/example_dags/example_params_trigger_ui.py for tasks to queue
[2026-04-24T02:06:18.021+0000] {logging_mixin.py:190} INFO - [2026-04-24T02:06:18.021+0000] {dagbag.py:588} INFO - Filling up the DagBag from /home/airflow/.local/lib/python3.12/site-packages/airflow/example_dags/example_params_trigger_ui.py
[2026-04-24T02:06:18.026+0000] {processor.py:925} INFO - DAG(s) 'example_params_trigger_ui' retrieved from /home/airflow/.local/lib/python3.12/site-packages/airflow/example_dags/example_params_trigger_ui.py
[2026-04-24T02:06:18.039+0000] {logging_mixin.py:190} INFO - [2026-04-24T02:06:18.039+0000] {dag.py:3239} INFO - Sync 1 DAGs
[2026-04-24T02:06:18.044+0000] {logging_mixin.py:190} INFO - [2026-04-24T02:06:18.044+0000] {dag.py:4180} INFO - Setting next_dagrun for example_params_trigger_ui to None, run_after=None
[2026-04-24T02:06:18.050+0000] {processor.py:208} INFO - Processing /home/airflow/.local/lib/python3.12/site-packages/airflow/example_dags/example_params_trigger_ui.py took 0.032 seconds
[2026-04-24T02:08:08.650+0000] {processor.py:186} INFO - Started process (PID=46045) to work on /home/airflow/.local/lib/python3.12/site-packages/airflow/example_dags/example_params_trigger_ui.py
[2026-04-24T02:08:08.650+0000] {processor.py:914} INFO - Processing file /home/airflow/.local/lib/python3.12/site-packages/airflow/example_dags/example_params_trigger_ui.py for tasks to queue
[2026-04-24T02:08:08.651+0000] {logging_mixin.py:190} INFO - [2026-04-24T02:08:08.651+0000] {dagbag.py:588} INFO - Filling up the DagBag from /home/airflow/.local/lib/python3.12/site-packages/airflow/example_dags/example_params_trigger_ui.py
[2026-04-24T02:08:08.655+0000] {processor.py:925} INFO - DAG(s) 'example_params_trigger_ui' retrieved from /home/airflow/.local/lib/python3.12/site-packages/airflow/example_dags/example_params_trigger_ui.py
[2026-04-24T02:08:08.667+0000] {logging_mixin.py:190} INFO - [2026-04-24T02:08:08.667+0000] {dag.py:3239} INFO - Sync 1 DAGs
[2026-04-24T02:08:08.672+0000] {logging_mixin.py:190} INFO - [2026-04-24T02:08:08.672+0000] {dag.py:4180} INFO - Setting next_dagrun for example_params_trigger_ui to None, run_after=None
[2026-04-24T02:08:08.678+0000] {processor.py:208} INFO - Processing /home/airflow/.local/lib/python3.12/site-packages/airflow/example_dags/example_params_trigger_ui.py took 0.030 seconds
[2026-04-24T02:10:01.109+0000] {processor.py:186} INFO - Started process (PID=46109) to work on /home/airflow/.local/lib/python3.12/site-packages/airflow/example_dags/example_params_trigger_ui.py
[2026-04-24T02:10:01.110+0000] {processor.py:914} INFO - Processing file /home/airflow/.local/lib/python3.12/site-packages/airflow/example_dags/example_params_trigger_ui.py for tasks to queue
[2026-04-24T02:10:01.111+0000] {logging_mixin.py:190} INFO - [2026-04-24T02:10:01.111+0000] {dagbag.py:588} INFO - Filling up the DagBag from /home/airflow/.local/lib/python3.12/site-packages/airflow/example_dags/example_params_trigger_ui.py
[2026-04-24T02:10:01.117+0000] {processor.py:925} INFO - DAG(s) 'example_params_trigger_ui' retrieved from /home/airflow/.local/lib/python3.12/site-packages/airflow/example_dags/example_params_trigger_ui.py
[2026-04-24T02:10:01.135+0000] {logging_mixin.py:190} INFO - [2026-04-24T02:10:01.135+0000] {dag.py:3239} INFO - Sync 1 DAGs
[2026-04-24T02:10:01.142+0000] {logging_mixin.py:190} INFO - [2026-04-24T02:10:01.142+0000] {dag.py:4180} INFO - Setting next_dagrun for example_params_trigger_ui to None, run_after=None
[2026-04-24T02:10:01.150+0000] {processor.py:208} INFO - Processing /home/airflow/.local/lib/python3.12/site-packages/airflow/example_dags/example_params_trigger_ui.py took 0.044 seconds
[2026-04-24T02:10:32.820+0000] {processor.py:186} INFO - Started process (PID=46173) to work on /home/airflow/.local/lib/python3.12/site-packages/airflow/example_dags/example_params_trigger_ui.py
[2026-04-24T02:10:32.821+0000] {processor.py:914} INFO - Processing file /home/airflow/.local/lib/python3.12/site-packages/airflow/example_dags/example_params_trigger_ui.py for tasks to queue
[2026-04-24T02:10:32.822+0000] {logging_mixin.py:190} INFO - [2026-04-24T02:10:32.822+0000] {dagbag.py:588} INFO - Filling up the DagBag from /home/airflow/.local/lib/python3.12/site-packages/airflow/example_dags/example_params_trigger_ui.py
[2026-04-24T02:10:32.826+0000] {processor.py:925} INFO - DAG(s) 'example_params_trigger_ui' retrieved from /home/airflow/.local/lib/python3.12/site-packages/airflow/example_dags/example_params_trigger_ui.py
[2026-04-24T02:10:32.842+0000] {logging_mixin.py:190} INFO - [2026-04-24T02:10:32.842+0000] {dag.py:3239} INFO - Sync 1 DAGs
[2026-04-24T02:10:32.847+0000] {logging_mixin.py:190} INFO - [2026-04-24T02:10:32.846+0000] {dag.py:4180} INFO - Setting next_dagrun for example_params_trigger_ui to None, run_after=None
[2026-04-24T02:10:32.856+0000] {processor.py:208} INFO - Processing /home/airflow/.local/lib/python3.12/site-packages/airflow/example_dags/example_params_trigger_ui.py took 0.038 seconds
[2026-04-24T02:12:19.997+0000] {processor.py:186} INFO - Started process (PID=46237) to work on /home/airflow/.local/lib/python3.12/site-packages/airflow/example_dags/example_params_trigger_ui.py
[2026-04-24T02:12:19.998+0000] {processor.py:914} INFO - Processing file /home/airflow/.local/lib/python3.12/site-packages/airflow/example_dags/example_params_trigger_ui.py for tasks to queue
[2026-04-24T02:12:19.999+0000] {logging_mixin.py:190} INFO - [2026-04-24T02:12:19.999+0000] {dagbag.py:588} INFO - Filling up the DagBag from /home/airflow/.local/lib/python3.12/site-packages/airflow/example_dags/example_params_trigger_ui.py
[2026-04-24T02:12:20.004+0000] {processor.py:925} INFO - DAG(s) 'example_params_trigger_ui' retrieved from /home/airflow/.local/lib/python3.12/site-packages/airflow/example_dags/example_params_trigger_ui.py
[2026-04-24T02:12:20.018+0000] {logging_mixin.py:190} INFO - [2026-04-24T02:12:20.018+0000] {dag.py:3239} INFO - Sync 1 DAGs
[2026-04-24T02:12:20.100+0000] {logging_mixin.py:190} INFO - [2026-04-24T02:12:20.100+0000] {dag.py:4180} INFO - Setting next_dagrun for example_params_trigger_ui to None, run_after=None
[2026-04-24T02:12:20.108+0000] {processor.py:208} INFO - Processing /home/airflow/.local/lib/python3.12/site-packages/airflow/example_dags/example_params_trigger_ui.py took 0.113 seconds
[2026-04-24T02:12:50.671+0000] {processor.py:186} INFO - Started process (PID=46301) to work on /home/airflow/.local/lib/python3.12/site-packages/airflow/example_dags/example_params_trigger_ui.py
[2026-04-24T02:12:50.672+0000] {processor.py:914} INFO - Processing file /home/airflow/.local/lib/python3.12/site-packages/airflow/example_dags/example_params_trigger_ui.py for tasks to queue
[2026-04-24T02:12:50.673+0000] {logging_mixin.py:190} INFO - [2026-04-24T02:12:50.673+0000] {dagbag.py:588} INFO - Filling up the DagBag from /home/airflow/.local/lib/python3.12/site-packages/airflow/example_dags/example_params_trigger_ui.py
[2026-04-24T02:12:50.678+0000] {processor.py:925} INFO - DAG(s) 'example_params_trigger_ui' retrieved from /home/airflow/.local/lib/python3.12/site-packages/airflow/example_dags/example_params_trigger_ui.py
[2026-04-24T02:12:50.696+0000] {logging_mixin.py:190} INFO - [2026-04-24T02:12:50.696+0000] {dag.py:3239} INFO - Sync 1 DAGs
[2026-04-24T02:12:50.778+0000] {logging_mixin.py:190} INFO - [2026-04-24T02:12:50.778+0000] {dag.py:4180} INFO - Setting next_dagrun for example_params_trigger_ui to None, run_after=None
[2026-04-24T02:12:50.784+0000] {processor.py:208} INFO - Processing /home/airflow/.local/lib/python3.12/site-packages/airflow/example_dags/example_params_trigger_ui.py took 0.116 seconds
[2026-04-24T02:14:48.873+0000] {processor.py:186} INFO - Started process (PID=46365) to work on /home/airflow/.local/lib/python3.12/site-packages/airflow/example_dags/example_params_trigger_ui.py
[2026-04-24T02:14:48.874+0000] {processor.py:914} INFO - Processing file /home/airflow/.local/lib/python3.12/site-packages/airflow/example_dags/example_params_trigger_ui.py for tasks to queue
[2026-04-24T02:14:48.874+0000] {logging_mixin.py:190} INFO - [2026-04-24T02:14:48.874+0000] {dagbag.py:588} INFO - Filling up the DagBag from /home/airflow/.local/lib/python3.12/site-packages/airflow/example_dags/example_params_trigger_ui.py
[2026-04-24T02:14:48.879+0000] {processor.py:925} INFO - DAG(s) 'example_params_trigger_ui' retrieved from /home/airflow/.local/lib/python3.12/site-packages/airflow/example_dags/example_params_trigger_ui.py
[2026-04-24T02:14:48.893+0000] {logging_mixin.py:190} INFO - [2026-04-24T02:14:48.893+0000] {dag.py:3239} INFO - Sync 1 DAGs
[2026-04-24T02:14:48.898+0000] {logging_mixin.py:190} INFO - [2026-04-24T02:14:48.898+0000] {dag.py:4180} INFO - Setting next_dagrun for example_params_trigger_ui to None, run_after=None
[2026-04-24T02:14:48.985+0000] {processor.py:208} INFO - Processing /home/airflow/.local/lib/python3.12/site-packages/airflow/example_dags/example_params_trigger_ui.py took 0.114 seconds
[2026-04-24T02:16:44.301+0000] {processor.py:186} INFO - Started process (PID=46429) to work on /home/airflow/.local/lib/python3.12/site-packages/airflow/example_dags/example_params_trigger_ui.py
[2026-04-24T02:16:44.301+0000] {processor.py:914} INFO - Processing file /home/airflow/.local/lib/python3.12/site-packages/airflow/example_dags/example_params_trigger_ui.py for tasks to queue
[2026-04-24T02:16:44.302+0000] {logging_mixin.py:190} INFO - [2026-04-24T02:16:44.302+0000] {dagbag.py:588} INFO - Filling up the DagBag from /home/airflow/.local/lib/python3.12/site-packages/airflow/example_dags/example_params_trigger_ui.py
[2026-04-24T02:16:44.307+0000] {processor.py:925} INFO - DAG(s) 'example_params_trigger_ui' retrieved from /home/airflow/.local/lib/python3.12/site-packages/airflow/example_dags/example_params_trigger_ui.py
[2026-04-24T02:16:44.321+0000] {logging_mixin.py:190} INFO - [2026-04-24T02:16:44.321+0000] {dag.py:3239} INFO - Sync 1 DAGs
[2026-04-24T02:16:44.326+0000] {logging_mixin.py:190} INFO - [2026-04-24T02:16:44.326+0000] {dag.py:4180} INFO - Setting next_dagrun for example_params_trigger_ui to None, run_after=None
[2026-04-24T02:16:44.413+0000] {processor.py:208} INFO - Processing /home/airflow/.local/lib/python3.12/site-packages/airflow/example_dags/example_params_trigger_ui.py took 0.115 seconds
[2026-04-24T02:17:15.077+0000] {processor.py:186} INFO - Started process (PID=46493) to work on /home/airflow/.local/lib/python3.12/site-packages/airflow/example_dags/example_params_trigger_ui.py
[2026-04-24T02:17:15.077+0000] {processor.py:914} INFO - Processing file /home/airflow/.local/lib/python3.12/site-packages/airflow/example_dags/example_params_trigger_ui.py for tasks to queue
[2026-04-24T02:17:15.078+0000] {logging_mixin.py:190} INFO - [2026-04-24T02:17:15.078+0000] {dagbag.py:588} INFO - Filling up the DagBag from /home/airflow/.local/lib/python3.12/site-packages/airflow/example_dags/example_params_trigger_ui.py
[2026-04-24T02:17:15.082+0000] {processor.py:925} INFO - DAG(s) 'example_params_trigger_ui' retrieved from /home/airflow/.local/lib/python3.12/site-packages/airflow/example_dags/example_params_trigger_ui.py
[2026-04-24T02:17:15.100+0000] {logging_mixin.py:190} INFO - [2026-04-24T02:17:15.100+0000] {dag.py:3239} INFO - Sync 1 DAGs
[2026-04-24T02:17:15.106+0000] {logging_mixin.py:190} INFO - [2026-04-24T02:17:15.106+0000] {dag.py:4180} INFO - Setting next_dagrun for example_params_trigger_ui to None, run_after=None
[2026-04-24T02:17:15.114+0000] {processor.py:208} INFO - Processing /home/airflow/.local/lib/python3.12/site-packages/airflow/example_dags/example_params_trigger_ui.py took 0.039 seconds
[2026-04-24T02:19:03.347+0000] {processor.py:186} INFO - Started process (PID=46557) to work on /home/airflow/.local/lib/python3.12/site-packages/airflow/example_dags/example_params_trigger_ui.py
[2026-04-24T02:19:03.348+0000] {processor.py:914} INFO - Processing file /home/airflow/.local/lib/python3.12/site-packages/airflow/example_dags/example_params_trigger_ui.py for tasks to queue
[2026-04-24T02:19:03.349+0000] {logging_mixin.py:190} INFO - [2026-04-24T02:19:03.349+0000] {dagbag.py:588} INFO - Filling up the DagBag from /home/airflow/.local/lib/python3.12/site-packages/airflow/example_dags/example_params_trigger_ui.py
[2026-04-24T02:19:03.355+0000] {processor.py:925} INFO - DAG(s) 'example_params_trigger_ui' retrieved from /home/airflow/.local/lib/python3.12/site-packages/airflow/example_dags/example_params_trigger_ui.py
[2026-04-24T02:19:03.373+0000] {logging_mixin.py:190} INFO - [2026-04-24T02:19:03.373+0000] {dag.py:3239} INFO - Sync 1 DAGs
[2026-04-24T02:19:03.379+0000] {logging_mixin.py:190} INFO - [2026-04-24T02:19:03.379+0000] {dag.py:4180} INFO - Setting next_dagrun for example_params_trigger_ui to None, run_after=None
[2026-04-24T02:19:03.387+0000] {processor.py:208} INFO - Processing /home/airflow/.local/lib/python3.12/site-packages/airflow/example_dags/example_params_trigger_ui.py took 0.042 seconds
[2026-04-24T02:20:58.838+0000] {processor.py:186} INFO - Started process (PID=46621) to work on /home/airflow/.local/lib/python3.12/site-packages/airflow/example_dags/example_params_trigger_ui.py
[2026-04-24T02:20:58.839+0000] {processor.py:914} INFO - Processing file /home/airflow/.local/lib/python3.12/site-packages/airflow/example_dags/example_params_trigger_ui.py for tasks to queue
[2026-04-24T02:20:58.840+0000] {logging_mixin.py:190} INFO - [2026-04-24T02:20:58.840+0000] {dagbag.py:588} INFO - Filling up the DagBag from /home/airflow/.local/lib/python3.12/site-packages/airflow/example_dags/example_params_trigger_ui.py
[2026-04-24T02:20:58.844+0000] {processor.py:925} INFO - DAG(s) 'example_params_trigger_ui' retrieved from /home/airflow/.local/lib/python3.12/site-packages/airflow/example_dags/example_params_trigger_ui.py
[2026-04-24T02:20:58.863+0000] {logging_mixin.py:190} INFO - [2026-04-24T02:20:58.863+0000] {dag.py:3239} INFO - Sync 1 DAGs
[2026-04-24T02:20:58.869+0000] {logging_mixin.py:190} INFO - [2026-04-24T02:20:58.869+0000] {dag.py:4180} INFO - Setting next_dagrun for example_params_trigger_ui to None, run_after=None
[2026-04-24T02:20:58.881+0000] {processor.py:208} INFO - Processing /home/airflow/.local/lib/python3.12/site-packages/airflow/example_dags/example_params_trigger_ui.py took 0.046 seconds
[2026-04-24T02:22:52.223+0000] {processor.py:186} INFO - Started process (PID=46685) to work on /home/airflow/.local/lib/python3.12/site-packages/airflow/example_dags/example_params_trigger_ui.py
[2026-04-24T02:22:52.224+0000] {processor.py:914} INFO - Processing file /home/airflow/.local/lib/python3.12/site-packages/airflow/example_dags/example_params_trigger_ui.py for tasks to queue
[2026-04-24T02:22:52.225+0000] {logging_mixin.py:190} INFO - [2026-04-24T02:22:52.225+0000] {dagbag.py:588} INFO - Filling up the DagBag from /home/airflow/.local/lib/python3.12/site-packages/airflow/example_dags/example_params_trigger_ui.py
[2026-04-24T02:22:52.230+0000] {processor.py:925} INFO - DAG(s) 'example_params_trigger_ui' retrieved from /home/airflow/.local/lib/python3.12/site-packages/airflow/example_dags/example_params_trigger_ui.py
[2026-04-24T02:22:52.249+0000] {logging_mixin.py:190} INFO - [2026-04-24T02:22:52.249+0000] {dag.py:3239} INFO - Sync 1 DAGs
[2026-04-24T02:22:52.256+0000] {logging_mixin.py:190} INFO - [2026-04-24T02:22:52.256+0000] {dag.py:4180} INFO - Setting next_dagrun for example_params_trigger_ui to None, run_after=None
[2026-04-24T02:22:52.263+0000] {processor.py:208} INFO - Processing /home/airflow/.local/lib/python3.12/site-packages/airflow/example_dags/example_params_trigger_ui.py took 0.043 seconds
[2026-04-24T02:23:23.151+0000] {processor.py:186} INFO - Started process (PID=46749) to work on /home/airflow/.local/lib/python3.12/site-packages/airflow/example_dags/example_params_trigger_ui.py
[2026-04-24T02:23:23.151+0000] {processor.py:914} INFO - Processing file /home/airflow/.local/lib/python3.12/site-packages/airflow/example_dags/example_params_trigger_ui.py for tasks to queue
[2026-04-24T02:23:23.152+0000] {logging_mixin.py:190} INFO - [2026-04-24T02:23:23.152+0000] {dagbag.py:588} INFO - Filling up the DagBag from /home/airflow/.local/lib/python3.12/site-packages/airflow/example_dags/example_params_trigger_ui.py
[2026-04-24T02:23:23.156+0000] {processor.py:925} INFO - DAG(s) 'example_params_trigger_ui' retrieved from /home/airflow/.local/lib/python3.12/site-packages/airflow/example_dags/example_params_trigger_ui.py
[2026-04-24T02:23:23.168+0000] {logging_mixin.py:190} INFO - [2026-04-24T02:23:23.168+0000] {dag.py:3239} INFO - Sync 1 DAGs
[2026-04-24T02:23:23.172+0000] {logging_mixin.py:190} INFO - [2026-04-24T02:23:23.172+0000] {dag.py:4180} INFO - Setting next_dagrun for example_params_trigger_ui to None, run_after=None
[2026-04-24T02:23:23.178+0000] {processor.py:208} INFO - Processing /home/airflow/.local/lib/python3.12/site-packages/airflow/example_dags/example_params_trigger_ui.py took 0.030 seconds
[2026-04-24T02:25:21.388+0000] {processor.py:186} INFO - Started process (PID=46813) to work on /home/airflow/.local/lib/python3.12/site-packages/airflow/example_dags/example_params_trigger_ui.py
[2026-04-24T02:25:21.388+0000] {processor.py:914} INFO - Processing file /home/airflow/.local/lib/python3.12/site-packages/airflow/example_dags/example_params_trigger_ui.py for tasks to queue
[2026-04-24T02:25:21.391+0000] {logging_mixin.py:190} INFO - [2026-04-24T02:25:21.389+0000] {dagbag.py:588} INFO - Filling up the DagBag from /home/airflow/.local/lib/python3.12/site-packages/airflow/example_dags/example_params_trigger_ui.py
[2026-04-24T02:25:21.399+0000] {processor.py:925} INFO - DAG(s) 'example_params_trigger_ui' retrieved from /home/airflow/.local/lib/python3.12/site-packages/airflow/example_dags/example_params_trigger_ui.py
[2026-04-24T02:25:21.417+0000] {logging_mixin.py:190} INFO - [2026-04-24T02:25:21.417+0000] {dag.py:3239} INFO - Sync 1 DAGs
[2026-04-24T02:25:21.423+0000] {logging_mixin.py:190} INFO - [2026-04-24T02:25:21.423+0000] {dag.py:4180} INFO - Setting next_dagrun for example_params_trigger_ui to None, run_after=None
[2026-04-24T02:25:21.431+0000] {processor.py:208} INFO - Processing /home/airflow/.local/lib/python3.12/site-packages/airflow/example_dags/example_params_trigger_ui.py took 0.046 seconds
[2026-04-24T02:27:11.833+0000] {processor.py:186} INFO - Started process (PID=46877) to work on /home/airflow/.local/lib/python3.12/site-packages/airflow/example_dags/example_params_trigger_ui.py
[2026-04-24T02:27:11.833+0000] {processor.py:914} INFO - Processing file /home/airflow/.local/lib/python3.12/site-packages/airflow/example_dags/example_params_trigger_ui.py for tasks to queue
[2026-04-24T02:27:11.834+0000] {logging_mixin.py:190} INFO - [2026-04-24T02:27:11.834+0000] {dagbag.py:588} INFO - Filling up the DagBag from /home/airflow/.local/lib/python3.12/site-packages/airflow/example_dags/example_params_trigger_ui.py
[2026-04-24T02:27:11.840+0000] {processor.py:925} INFO - DAG(s) 'example_params_trigger_ui' retrieved from /home/airflow/.local/lib/python3.12/site-packages/airflow/example_dags/example_params_trigger_ui.py
[2026-04-24T02:27:11.860+0000] {logging_mixin.py:190} INFO - [2026-04-24T02:27:11.860+0000] {dag.py:3239} INFO - Sync 1 DAGs
[2026-04-24T02:27:11.869+0000] {logging_mixin.py:190} INFO - [2026-04-24T02:27:11.869+0000] {dag.py:4180} INFO - Setting next_dagrun for example_params_trigger_ui to None, run_after=None
[2026-04-24T02:27:11.880+0000] {processor.py:208} INFO - Processing /home/airflow/.local/lib/python3.12/site-packages/airflow/example_dags/example_params_trigger_ui.py took 0.049 seconds
[2026-04-24T02:27:42.058+0000] {processor.py:186} INFO - Started process (PID=46941) to work on /home/airflow/.local/lib/python3.12/site-packages/airflow/example_dags/example_params_trigger_ui.py
[2026-04-24T02:27:42.059+0000] {processor.py:914} INFO - Processing file /home/airflow/.local/lib/python3.12/site-packages/airflow/example_dags/example_params_trigger_ui.py for tasks to queue
[2026-04-24T02:27:42.059+0000] {logging_mixin.py:190} INFO - [2026-04-24T02:27:42.059+0000] {dagbag.py:588} INFO - Filling up the DagBag from /home/airflow/.local/lib/python3.12/site-packages/airflow/example_dags/example_params_trigger_ui.py
[2026-04-24T02:27:42.063+0000] {processor.py:925} INFO - DAG(s) 'example_params_trigger_ui' retrieved from /home/airflow/.local/lib/python3.12/site-packages/airflow/example_dags/example_params_trigger_ui.py
[2026-04-24T02:27:42.080+0000] {logging_mixin.py:190} INFO - [2026-04-24T02:27:42.080+0000] {dag.py:3239} INFO - Sync 1 DAGs
[2026-04-24T02:27:42.085+0000] {logging_mixin.py:190} INFO - [2026-04-24T02:27:42.085+0000] {dag.py:4180} INFO - Setting next_dagrun for example_params_trigger_ui to None, run_after=None
[2026-04-24T02:27:42.094+0000] {processor.py:208} INFO - Processing /home/airflow/.local/lib/python3.12/site-packages/airflow/example_dags/example_params_trigger_ui.py took 0.038 seconds
[2026-04-24T02:29:35.289+0000] {processor.py:186} INFO - Started process (PID=47005) to work on /home/airflow/.local/lib/python3.12/site-packages/airflow/example_dags/example_params_trigger_ui.py
[2026-04-24T02:29:35.290+0000] {processor.py:914} INFO - Processing file /home/airflow/.local/lib/python3.12/site-packages/airflow/example_dags/example_params_trigger_ui.py for tasks to queue
[2026-04-24T02:29:35.291+0000] {logging_mixin.py:190} INFO - [2026-04-24T02:29:35.291+0000] {dagbag.py:588} INFO - Filling up the DagBag from /home/airflow/.local/lib/python3.12/site-packages/airflow/example_dags/example_params_trigger_ui.py
[2026-04-24T02:29:35.297+0000] {processor.py:925} INFO - DAG(s) 'example_params_trigger_ui' retrieved from /home/airflow/.local/lib/python3.12/site-packages/airflow/example_dags/example_params_trigger_ui.py
[2026-04-24T02:29:35.313+0000] {logging_mixin.py:190} INFO - [2026-04-24T02:29:35.313+0000] {dag.py:3239} INFO - Sync 1 DAGs
[2026-04-24T02:29:35.318+0000] {logging_mixin.py:190} INFO - [2026-04-24T02:29:35.318+0000] {dag.py:4180} INFO - Setting next_dagrun for example_params_trigger_ui to None, run_after=None
[2026-04-24T02:29:35.328+0000] {processor.py:208} INFO - Processing /home/airflow/.local/lib/python3.12/site-packages/airflow/example_dags/example_params_trigger_ui.py took 0.041 seconds
[2026-04-24T02:30:06.328+0000] {processor.py:186} INFO - Started process (PID=47069) to work on /home/airflow/.local/lib/python3.12/site-packages/airflow/example_dags/example_params_trigger_ui.py
[2026-04-24T02:30:06.328+0000] {processor.py:914} INFO - Processing file /home/airflow/.local/lib/python3.12/site-packages/airflow/example_dags/example_params_trigger_ui.py for tasks to queue
[2026-04-24T02:30:06.329+0000] {logging_mixin.py:190} INFO - [2026-04-24T02:30:06.329+0000] {dagbag.py:588} INFO - Filling up the DagBag from /home/airflow/.local/lib/python3.12/site-packages/airflow/example_dags/example_params_trigger_ui.py
[2026-04-24T02:30:06.333+0000] {processor.py:925} INFO - DAG(s) 'example_params_trigger_ui' retrieved from /home/airflow/.local/lib/python3.12/site-packages/airflow/example_dags/example_params_trigger_ui.py
[2026-04-24T02:30:06.348+0000] {logging_mixin.py:190} INFO - [2026-04-24T02:30:06.348+0000] {dag.py:3239} INFO - Sync 1 DAGs
[2026-04-24T02:30:06.353+0000] {logging_mixin.py:190} INFO - [2026-04-24T02:30:06.353+0000] {dag.py:4180} INFO - Setting next_dagrun for example_params_trigger_ui to None, run_after=None
[2026-04-24T02:30:06.362+0000] {processor.py:208} INFO - Processing /home/airflow/.local/lib/python3.12/site-packages/airflow/example_dags/example_params_trigger_ui.py took 0.037 seconds
[2026-04-24T02:32:04.506+0000] {processor.py:186} INFO - Started process (PID=47133) to work on /home/airflow/.local/lib/python3.12/site-packages/airflow/example_dags/example_params_trigger_ui.py
[2026-04-24T02:32:04.506+0000] {processor.py:914} INFO - Processing file /home/airflow/.local/lib/python3.12/site-packages/airflow/example_dags/example_params_trigger_ui.py for tasks to queue
[2026-04-24T02:32:04.507+0000] {logging_mixin.py:190} INFO - [2026-04-24T02:32:04.507+0000] {dagbag.py:588} INFO - Filling up the DagBag from /home/airflow/.local/lib/python3.12/site-packages/airflow/example_dags/example_params_trigger_ui.py
[2026-04-24T02:32:04.511+0000] {processor.py:925} INFO - DAG(s) 'example_params_trigger_ui' retrieved from /home/airflow/.local/lib/python3.12/site-packages/airflow/example_dags/example_params_trigger_ui.py
[2026-04-24T02:32:04.525+0000] {logging_mixin.py:190} INFO - [2026-04-24T02:32:04.525+0000] {dag.py:3239} INFO - Sync 1 DAGs
[2026-04-24T02:32:04.530+0000] {logging_mixin.py:190} INFO - [2026-04-24T02:32:04.530+0000] {dag.py:4180} INFO - Setting next_dagrun for example_params_trigger_ui to None, run_after=None
[2026-04-24T02:32:04.539+0000] {processor.py:208} INFO - Processing /home/airflow/.local/lib/python3.12/site-packages/airflow/example_dags/example_params_trigger_ui.py took 0.036 seconds
[2026-04-24T02:33:59.727+0000] {processor.py:186} INFO - Started process (PID=47197) to work on /home/airflow/.local/lib/python3.12/site-packages/airflow/example_dags/example_params_trigger_ui.py
[2026-04-24T02:33:59.728+0000] {processor.py:914} INFO - Processing file /home/airflow/.local/lib/python3.12/site-packages/airflow/example_dags/example_params_trigger_ui.py for tasks to queue
[2026-04-24T02:33:59.729+0000] {logging_mixin.py:190} INFO - [2026-04-24T02:33:59.728+0000] {dagbag.py:588} INFO - Filling up the DagBag from /home/airflow/.local/lib/python3.12/site-packages/airflow/example_dags/example_params_trigger_ui.py
[2026-04-24T02:33:59.733+0000] {processor.py:925} INFO - DAG(s) 'example_params_trigger_ui' retrieved from /home/airflow/.local/lib/python3.12/site-packages/airflow/example_dags/example_params_trigger_ui.py
[2026-04-24T02:33:59.746+0000] {logging_mixin.py:190} INFO - [2026-04-24T02:33:59.746+0000] {dag.py:3239} INFO - Sync 1 DAGs
[2026-04-24T02:33:59.751+0000] {logging_mixin.py:190} INFO - [2026-04-24T02:33:59.751+0000] {dag.py:4180} INFO - Setting next_dagrun for example_params_trigger_ui to None, run_after=None
[2026-04-24T02:33:59.762+0000] {processor.py:208} INFO - Processing /home/airflow/.local/lib/python3.12/site-packages/airflow/example_dags/example_params_trigger_ui.py took 0.037 seconds
[2026-04-24T02:34:30.702+0000] {processor.py:186} INFO - Started process (PID=47261) to work on /home/airflow/.local/lib/python3.12/site-packages/airflow/example_dags/example_params_trigger_ui.py
[2026-04-24T02:34:30.703+0000] {processor.py:914} INFO - Processing file /home/airflow/.local/lib/python3.12/site-packages/airflow/example_dags/example_params_trigger_ui.py for tasks to queue
[2026-04-24T02:34:30.703+0000] {logging_mixin.py:190} INFO - [2026-04-24T02:34:30.703+0000] {dagbag.py:588} INFO - Filling up the DagBag from /home/airflow/.local/lib/python3.12/site-packages/airflow/example_dags/example_params_trigger_ui.py
[2026-04-24T02:34:30.712+0000] {processor.py:925} INFO - DAG(s) 'example_params_trigger_ui' retrieved from /home/airflow/.local/lib/python3.12/site-packages/airflow/example_dags/example_params_trigger_ui.py
[2026-04-24T02:34:30.727+0000] {logging_mixin.py:190} INFO - [2026-04-24T02:34:30.727+0000] {dag.py:3239} INFO - Sync 1 DAGs
[2026-04-24T02:34:30.733+0000] {logging_mixin.py:190} INFO - [2026-04-24T02:34:30.733+0000] {dag.py:4180} INFO - Setting next_dagrun for example_params_trigger_ui to None, run_after=None
[2026-04-24T02:34:30.740+0000] {processor.py:208} INFO - Processing /home/airflow/.local/lib/python3.12/site-packages/airflow/example_dags/example_params_trigger_ui.py took 0.041 seconds
[2026-04-24T02:36:22.989+0000] {processor.py:186} INFO - Started process (PID=47325) to work on /home/airflow/.local/lib/python3.12/site-packages/airflow/example_dags/example_params_trigger_ui.py
[2026-04-24T02:36:22.990+0000] {processor.py:914} INFO - Processing file /home/airflow/.local/lib/python3.12/site-packages/airflow/example_dags/example_params_trigger_ui.py for tasks to queue
[2026-04-24T02:36:22.991+0000] {logging_mixin.py:190} INFO - [2026-04-24T02:36:22.990+0000] {dagbag.py:588} INFO - Filling up the DagBag from /home/airflow/.local/lib/python3.12/site-packages/airflow/example_dags/example_params_trigger_ui.py
[2026-04-24T02:36:22.995+0000] {processor.py:925} INFO - DAG(s) 'example_params_trigger_ui' retrieved from /home/airflow/.local/lib/python3.12/site-packages/airflow/example_dags/example_params_trigger_ui.py
[2026-04-24T02:36:23.007+0000] {logging_mixin.py:190} INFO - [2026-04-24T02:36:23.007+0000] {dag.py:3239} INFO - Sync 1 DAGs
[2026-04-24T02:36:23.011+0000] {logging_mixin.py:190} INFO - [2026-04-24T02:36:23.011+0000] {dag.py:4180} INFO - Setting next_dagrun for example_params_trigger_ui to None, run_after=None
[2026-04-24T02:36:23.020+0000] {processor.py:208} INFO - Processing /home/airflow/.local/lib/python3.12/site-packages/airflow/example_dags/example_params_trigger_ui.py took 0.033 seconds
[2026-04-24T02:38:16.601+0000] {processor.py:186} INFO - Started process (PID=47389) to work on /home/airflow/.local/lib/python3.12/site-packages/airflow/example_dags/example_params_trigger_ui.py
[2026-04-24T02:38:16.602+0000] {processor.py:914} INFO - Processing file /home/airflow/.local/lib/python3.12/site-packages/airflow/example_dags/example_params_trigger_ui.py for tasks to queue
[2026-04-24T02:38:16.603+0000] {logging_mixin.py:190} INFO - [2026-04-24T02:38:16.603+0000] {dagbag.py:588} INFO - Filling up the DagBag from /home/airflow/.local/lib/python3.12/site-packages/airflow/example_dags/example_params_trigger_ui.py
[2026-04-24T02:38:16.609+0000] {processor.py:925} INFO - DAG(s) 'example_params_trigger_ui' retrieved from /home/airflow/.local/lib/python3.12/site-packages/airflow/example_dags/example_params_trigger_ui.py
[2026-04-24T02:38:16.628+0000] {logging_mixin.py:190} INFO - [2026-04-24T02:38:16.628+0000] {dag.py:3239} INFO - Sync 1 DAGs
[2026-04-24T02:38:16.637+0000] {logging_mixin.py:190} INFO - [2026-04-24T02:38:16.637+0000] {dag.py:4180} INFO - Setting next_dagrun for example_params_trigger_ui to None, run_after=None
[2026-04-24T02:38:16.649+0000] {processor.py:208} INFO - Processing /home/airflow/.local/lib/python3.12/site-packages/airflow/example_dags/example_params_trigger_ui.py took 0.051 seconds
[2026-04-24T02:38:47.080+0000] {processor.py:186} INFO - Started process (PID=47453) to work on /home/airflow/.local/lib/python3.12/site-packages/airflow/example_dags/example_params_trigger_ui.py
[2026-04-24T02:38:47.081+0000] {processor.py:914} INFO - Processing file /home/airflow/.local/lib/python3.12/site-packages/airflow/example_dags/example_params_trigger_ui.py for tasks to queue
[2026-04-24T02:38:47.082+0000] {logging_mixin.py:190} INFO - [2026-04-24T02:38:47.082+0000] {dagbag.py:588} INFO - Filling up the DagBag from /home/airflow/.local/lib/python3.12/site-packages/airflow/example_dags/example_params_trigger_ui.py
[2026-04-24T02:38:47.087+0000] {processor.py:925} INFO - DAG(s) 'example_params_trigger_ui' retrieved from /home/airflow/.local/lib/python3.12/site-packages/airflow/example_dags/example_params_trigger_ui.py
[2026-04-24T02:38:47.100+0000] {logging_mixin.py:190} INFO - [2026-04-24T02:38:47.100+0000] {dag.py:3239} INFO - Sync 1 DAGs
[2026-04-24T02:38:47.105+0000] {logging_mixin.py:190} INFO - [2026-04-24T02:38:47.105+0000] {dag.py:4180} INFO - Setting next_dagrun for example_params_trigger_ui to None, run_after=None
[2026-04-24T02:38:47.116+0000] {processor.py:208} INFO - Processing /home/airflow/.local/lib/python3.12/site-packages/airflow/example_dags/example_params_trigger_ui.py took 0.038 seconds
[2026-04-24T02:40:36.824+0000] {processor.py:186} INFO - Started process (PID=47517) to work on /home/airflow/.local/lib/python3.12/site-packages/airflow/example_dags/example_params_trigger_ui.py
[2026-04-24T02:40:36.824+0000] {processor.py:914} INFO - Processing file /home/airflow/.local/lib/python3.12/site-packages/airflow/example_dags/example_params_trigger_ui.py for tasks to queue
[2026-04-24T02:40:36.825+0000] {logging_mixin.py:190} INFO - [2026-04-24T02:40:36.825+0000] {dagbag.py:588} INFO - Filling up the DagBag from /home/airflow/.local/lib/python3.12/site-packages/airflow/example_dags/example_params_trigger_ui.py
[2026-04-24T02:40:36.830+0000] {processor.py:925} INFO - DAG(s) 'example_params_trigger_ui' retrieved from /home/airflow/.local/lib/python3.12/site-packages/airflow/example_dags/example_params_trigger_ui.py
[2026-04-24T02:40:36.845+0000] {logging_mixin.py:190} INFO - [2026-04-24T02:40:36.845+0000] {dag.py:3239} INFO - Sync 1 DAGs
[2026-04-24T02:40:36.850+0000] {logging_mixin.py:190} INFO - [2026-04-24T02:40:36.850+0000] {dag.py:4180} INFO - Setting next_dagrun for example_params_trigger_ui to None, run_after=None
[2026-04-24T02:40:36.857+0000] {processor.py:208} INFO - Processing /home/airflow/.local/lib/python3.12/site-packages/airflow/example_dags/example_params_trigger_ui.py took 0.035 seconds
[2026-04-24T02:42:27.333+0000] {processor.py:186} INFO - Started process (PID=47582) to work on /home/airflow/.local/lib/python3.12/site-packages/airflow/example_dags/example_params_trigger_ui.py
[2026-04-24T02:42:27.333+0000] {processor.py:914} INFO - Processing file /home/airflow/.local/lib/python3.12/site-packages/airflow/example_dags/example_params_trigger_ui.py for tasks to queue
[2026-04-24T02:42:27.334+0000] {logging_mixin.py:190} INFO - [2026-04-24T02:42:27.334+0000] {dagbag.py:588} INFO - Filling up the DagBag from /home/airflow/.local/lib/python3.12/site-packages/airflow/example_dags/example_params_trigger_ui.py
[2026-04-24T02:42:27.341+0000] {processor.py:925} INFO - DAG(s) 'example_params_trigger_ui' retrieved from /home/airflow/.local/lib/python3.12/site-packages/airflow/example_dags/example_params_trigger_ui.py
[2026-04-24T02:42:27.360+0000] {logging_mixin.py:190} INFO - [2026-04-24T02:42:27.360+0000] {dag.py:3239} INFO - Sync 1 DAGs
[2026-04-24T02:42:27.365+0000] {logging_mixin.py:190} INFO - [2026-04-24T02:42:27.365+0000] {dag.py:4180} INFO - Setting next_dagrun for example_params_trigger_ui to None, run_after=None
[2026-04-24T02:42:27.372+0000] {processor.py:208} INFO - Processing /home/airflow/.local/lib/python3.12/site-packages/airflow/example_dags/example_params_trigger_ui.py took 0.041 seconds
[2026-04-24T02:42:57.442+0000] {processor.py:186} INFO - Started process (PID=47645) to work on /home/airflow/.local/lib/python3.12/site-packages/airflow/example_dags/example_params_trigger_ui.py
[2026-04-24T02:42:57.444+0000] {processor.py:914} INFO - Processing file /home/airflow/.local/lib/python3.12/site-packages/airflow/example_dags/example_params_trigger_ui.py for tasks to queue
[2026-04-24T02:42:57.445+0000] {logging_mixin.py:190} INFO - [2026-04-24T02:42:57.445+0000] {dagbag.py:588} INFO - Filling up the DagBag from /home/airflow/.local/lib/python3.12/site-packages/airflow/example_dags/example_params_trigger_ui.py
[2026-04-24T02:42:57.449+0000] {processor.py:925} INFO - DAG(s) 'example_params_trigger_ui' retrieved from /home/airflow/.local/lib/python3.12/site-packages/airflow/example_dags/example_params_trigger_ui.py
[2026-04-24T02:42:57.461+0000] {logging_mixin.py:190} INFO - [2026-04-24T02:42:57.461+0000] {dag.py:3239} INFO - Sync 1 DAGs
[2026-04-24T02:42:57.465+0000] {logging_mixin.py:190} INFO - [2026-04-24T02:42:57.465+0000] {dag.py:4180} INFO - Setting next_dagrun for example_params_trigger_ui to None, run_after=None
[2026-04-24T02:42:57.470+0000] {processor.py:208} INFO - Processing /home/airflow/.local/lib/python3.12/site-packages/airflow/example_dags/example_params_trigger_ui.py took 0.031 seconds
[2026-04-24T02:44:55.047+0000] {processor.py:186} INFO - Started process (PID=47710) to work on /home/airflow/.local/lib/python3.12/site-packages/airflow/example_dags/example_params_trigger_ui.py
[2026-04-24T02:44:55.048+0000] {processor.py:914} INFO - Processing file /home/airflow/.local/lib/python3.12/site-packages/airflow/example_dags/example_params_trigger_ui.py for tasks to queue
[2026-04-24T02:44:55.049+0000] {logging_mixin.py:190} INFO - [2026-04-24T02:44:55.049+0000] {dagbag.py:588} INFO - Filling up the DagBag from /home/airflow/.local/lib/python3.12/site-packages/airflow/example_dags/example_params_trigger_ui.py
[2026-04-24T02:44:55.053+0000] {processor.py:925} INFO - DAG(s) 'example_params_trigger_ui' retrieved from /home/airflow/.local/lib/python3.12/site-packages/airflow/example_dags/example_params_trigger_ui.py
[2026-04-24T02:44:55.069+0000] {logging_mixin.py:190} INFO - [2026-04-24T02:44:55.069+0000] {dag.py:3239} INFO - Sync 1 DAGs
[2026-04-24T02:44:55.074+0000] {logging_mixin.py:190} INFO - [2026-04-24T02:44:55.074+0000] {dag.py:4180} INFO - Setting next_dagrun for example_params_trigger_ui to None, run_after=None
[2026-04-24T02:44:55.082+0000] {processor.py:208} INFO - Processing /home/airflow/.local/lib/python3.12/site-packages/airflow/example_dags/example_params_trigger_ui.py took 0.037 seconds
[2026-04-24T02:46:52.451+0000] {processor.py:186} INFO - Started process (PID=47774) to work on /home/airflow/.local/lib/python3.12/site-packages/airflow/example_dags/example_params_trigger_ui.py
[2026-04-24T02:46:52.452+0000] {processor.py:914} INFO - Processing file /home/airflow/.local/lib/python3.12/site-packages/airflow/example_dags/example_params_trigger_ui.py for tasks to queue
[2026-04-24T02:46:52.453+0000] {logging_mixin.py:190} INFO - [2026-04-24T02:46:52.453+0000] {dagbag.py:588} INFO - Filling up the DagBag from /home/airflow/.local/lib/python3.12/site-packages/airflow/example_dags/example_params_trigger_ui.py
[2026-04-24T02:46:52.458+0000] {processor.py:925} INFO - DAG(s) 'example_params_trigger_ui' retrieved from /home/airflow/.local/lib/python3.12/site-packages/airflow/example_dags/example_params_trigger_ui.py
[2026-04-24T02:46:52.478+0000] {logging_mixin.py:190} INFO - [2026-04-24T02:46:52.478+0000] {dag.py:3239} INFO - Sync 1 DAGs
[2026-04-24T02:46:52.485+0000] {logging_mixin.py:190} INFO - [2026-04-24T02:46:52.485+0000] {dag.py:4180} INFO - Setting next_dagrun for example_params_trigger_ui to None, run_after=None
[2026-04-24T02:46:52.497+0000] {processor.py:208} INFO - Processing /home/airflow/.local/lib/python3.12/site-packages/airflow/example_dags/example_params_trigger_ui.py took 0.048 seconds
[2026-04-24T02:48:45.977+0000] {processor.py:186} INFO - Started process (PID=47838) to work on /home/airflow/.local/lib/python3.12/site-packages/airflow/example_dags/example_params_trigger_ui.py
[2026-04-24T02:48:45.978+0000] {processor.py:914} INFO - Processing file /home/airflow/.local/lib/python3.12/site-packages/airflow/example_dags/example_params_trigger_ui.py for tasks to queue
[2026-04-24T02:48:45.979+0000] {logging_mixin.py:190} INFO - [2026-04-24T02:48:45.979+0000] {dagbag.py:588} INFO - Filling up the DagBag from /home/airflow/.local/lib/python3.12/site-packages/airflow/example_dags/example_params_trigger_ui.py
[2026-04-24T02:48:45.984+0000] {processor.py:925} INFO - DAG(s) 'example_params_trigger_ui' retrieved from /home/airflow/.local/lib/python3.12/site-packages/airflow/example_dags/example_params_trigger_ui.py
[2026-04-24T02:48:46.000+0000] {logging_mixin.py:190} INFO - [2026-04-24T02:48:46.000+0000] {dag.py:3239} INFO - Sync 1 DAGs
[2026-04-24T02:48:46.005+0000] {logging_mixin.py:190} INFO - [2026-04-24T02:48:46.005+0000] {dag.py:4180} INFO - Setting next_dagrun for example_params_trigger_ui to None, run_after=None
[2026-04-24T02:48:46.014+0000] {processor.py:208} INFO - Processing /home/airflow/.local/lib/python3.12/site-packages/airflow/example_dags/example_params_trigger_ui.py took 0.038 seconds
[2026-04-24T02:49:16.377+0000] {processor.py:186} INFO - Started process (PID=47902) to work on /home/airflow/.local/lib/python3.12/site-packages/airflow/example_dags/example_params_trigger_ui.py
[2026-04-24T02:49:16.377+0000] {processor.py:914} INFO - Processing file /home/airflow/.local/lib/python3.12/site-packages/airflow/example_dags/example_params_trigger_ui.py for tasks to queue
[2026-04-24T02:49:16.378+0000] {logging_mixin.py:190} INFO - [2026-04-24T02:49:16.378+0000] {dagbag.py:588} INFO - Filling up the DagBag from /home/airflow/.local/lib/python3.12/site-packages/airflow/example_dags/example_params_trigger_ui.py
[2026-04-24T02:49:16.384+0000] {processor.py:925} INFO - DAG(s) 'example_params_trigger_ui' retrieved from /home/airflow/.local/lib/python3.12/site-packages/airflow/example_dags/example_params_trigger_ui.py
[2026-04-24T02:49:16.404+0000] {logging_mixin.py:190} INFO - [2026-04-24T02:49:16.404+0000] {dag.py:3239} INFO - Sync 1 DAGs
[2026-04-24T02:49:16.409+0000] {logging_mixin.py:190} INFO - [2026-04-24T02:49:16.409+0000] {dag.py:4180} INFO - Setting next_dagrun for example_params_trigger_ui to None, run_after=None
[2026-04-24T02:49:16.416+0000] {processor.py:208} INFO - Processing /home/airflow/.local/lib/python3.12/site-packages/airflow/example_dags/example_params_trigger_ui.py took 0.041 seconds
[2026-04-24T02:51:16.886+0000] {processor.py:186} INFO - Started process (PID=47966) to work on /home/airflow/.local/lib/python3.12/site-packages/airflow/example_dags/example_params_trigger_ui.py
[2026-04-24T02:51:16.886+0000] {processor.py:914} INFO - Processing file /home/airflow/.local/lib/python3.12/site-packages/airflow/example_dags/example_params_trigger_ui.py for tasks to queue
[2026-04-24T02:51:16.887+0000] {logging_mixin.py:190} INFO - [2026-04-24T02:51:16.887+0000] {dagbag.py:588} INFO - Filling up the DagBag from /home/airflow/.local/lib/python3.12/site-packages/airflow/example_dags/example_params_trigger_ui.py
[2026-04-24T02:51:16.891+0000] {processor.py:925} INFO - DAG(s) 'example_params_trigger_ui' retrieved from /home/airflow/.local/lib/python3.12/site-packages/airflow/example_dags/example_params_trigger_ui.py
[2026-04-24T02:51:16.909+0000] {logging_mixin.py:190} INFO - [2026-04-24T02:51:16.909+0000] {dag.py:3239} INFO - Sync 1 DAGs
[2026-04-24T02:51:16.917+0000] {logging_mixin.py:190} INFO - [2026-04-24T02:51:16.917+0000] {dag.py:4180} INFO - Setting next_dagrun for example_params_trigger_ui to None, run_after=None
[2026-04-24T02:51:16.923+0000] {processor.py:208} INFO - Processing /home/airflow/.local/lib/python3.12/site-packages/airflow/example_dags/example_params_trigger_ui.py took 0.040 seconds
[2026-04-24T02:51:48.010+0000] {processor.py:186} INFO - Started process (PID=48030) to work on /home/airflow/.local/lib/python3.12/site-packages/airflow/example_dags/example_params_trigger_ui.py
[2026-04-24T02:51:48.010+0000] {processor.py:914} INFO - Processing file /home/airflow/.local/lib/python3.12/site-packages/airflow/example_dags/example_params_trigger_ui.py for tasks to queue
[2026-04-24T02:51:48.011+0000] {logging_mixin.py:190} INFO - [2026-04-24T02:51:48.011+0000] {dagbag.py:588} INFO - Filling up the DagBag from /home/airflow/.local/lib/python3.12/site-packages/airflow/example_dags/example_params_trigger_ui.py
[2026-04-24T02:51:48.015+0000] {processor.py:925} INFO - DAG(s) 'example_params_trigger_ui' retrieved from /home/airflow/.local/lib/python3.12/site-packages/airflow/example_dags/example_params_trigger_ui.py
[2026-04-24T02:51:48.027+0000] {logging_mixin.py:190} INFO - [2026-04-24T02:51:48.027+0000] {dag.py:3239} INFO - Sync 1 DAGs
[2026-04-24T02:51:48.032+0000] {logging_mixin.py:190} INFO - [2026-04-24T02:51:48.032+0000] {dag.py:4180} INFO - Setting next_dagrun for example_params_trigger_ui to None, run_after=None
[2026-04-24T02:51:48.038+0000] {processor.py:208} INFO - Processing /home/airflow/.local/lib/python3.12/site-packages/airflow/example_dags/example_params_trigger_ui.py took 0.030 seconds
[2026-04-24T02:53:41.648+0000] {processor.py:186} INFO - Started process (PID=48094) to work on /home/airflow/.local/lib/python3.12/site-packages/airflow/example_dags/example_params_trigger_ui.py
[2026-04-24T02:53:41.650+0000] {processor.py:914} INFO - Processing file /home/airflow/.local/lib/python3.12/site-packages/airflow/example_dags/example_params_trigger_ui.py for tasks to queue
[2026-04-24T02:53:41.651+0000] {logging_mixin.py:190} INFO - [2026-04-24T02:53:41.651+0000] {dagbag.py:588} INFO - Filling up the DagBag from /home/airflow/.local/lib/python3.12/site-packages/airflow/example_dags/example_params_trigger_ui.py
[2026-04-24T02:53:41.658+0000] {processor.py:925} INFO - DAG(s) 'example_params_trigger_ui' retrieved from /home/airflow/.local/lib/python3.12/site-packages/airflow/example_dags/example_params_trigger_ui.py
[2026-04-24T02:53:41.672+0000] {logging_mixin.py:190} INFO - [2026-04-24T02:53:41.672+0000] {dag.py:3239} INFO - Sync 1 DAGs
[2026-04-24T02:53:41.677+0000] {logging_mixin.py:190} INFO - [2026-04-24T02:53:41.677+0000] {dag.py:4180} INFO - Setting next_dagrun for example_params_trigger_ui to None, run_after=None
[2026-04-24T02:53:41.683+0000] {processor.py:208} INFO - Processing /home/airflow/.local/lib/python3.12/site-packages/airflow/example_dags/example_params_trigger_ui.py took 0.037 seconds
[2026-04-24T02:55:39.180+0000] {processor.py:186} INFO - Started process (PID=48158) to work on /home/airflow/.local/lib/python3.12/site-packages/airflow/example_dags/example_params_trigger_ui.py
[2026-04-24T02:55:39.181+0000] {processor.py:914} INFO - Processing file /home/airflow/.local/lib/python3.12/site-packages/airflow/example_dags/example_params_trigger_ui.py for tasks to queue
[2026-04-24T02:55:39.182+0000] {logging_mixin.py:190} INFO - [2026-04-24T02:55:39.182+0000] {dagbag.py:588} INFO - Filling up the DagBag from /home/airflow/.local/lib/python3.12/site-packages/airflow/example_dags/example_params_trigger_ui.py
[2026-04-24T02:55:39.188+0000] {processor.py:925} INFO - DAG(s) 'example_params_trigger_ui' retrieved from /home/airflow/.local/lib/python3.12/site-packages/airflow/example_dags/example_params_trigger_ui.py
[2026-04-24T02:55:39.207+0000] {logging_mixin.py:190} INFO - [2026-04-24T02:55:39.207+0000] {dag.py:3239} INFO - Sync 1 DAGs
[2026-04-24T02:55:39.213+0000] {logging_mixin.py:190} INFO - [2026-04-24T02:55:39.212+0000] {dag.py:4180} INFO - Setting next_dagrun for example_params_trigger_ui to None, run_after=None
[2026-04-24T02:55:39.219+0000] {processor.py:208} INFO - Processing /home/airflow/.local/lib/python3.12/site-packages/airflow/example_dags/example_params_trigger_ui.py took 0.042 seconds
[2026-04-24T02:56:09.254+0000] {processor.py:186} INFO - Started process (PID=48221) to work on /home/airflow/.local/lib/python3.12/site-packages/airflow/example_dags/example_params_trigger_ui.py
[2026-04-24T02:56:09.255+0000] {processor.py:914} INFO - Processing file /home/airflow/.local/lib/python3.12/site-packages/airflow/example_dags/example_params_trigger_ui.py for tasks to queue
[2026-04-24T02:56:09.256+0000] {logging_mixin.py:190} INFO - [2026-04-24T02:56:09.255+0000] {dagbag.py:588} INFO - Filling up the DagBag from /home/airflow/.local/lib/python3.12/site-packages/airflow/example_dags/example_params_trigger_ui.py
[2026-04-24T02:56:09.259+0000] {processor.py:925} INFO - DAG(s) 'example_params_trigger_ui' retrieved from /home/airflow/.local/lib/python3.12/site-packages/airflow/example_dags/example_params_trigger_ui.py
[2026-04-24T02:56:09.271+0000] {logging_mixin.py:190} INFO - [2026-04-24T02:56:09.271+0000] {dag.py:3239} INFO - Sync 1 DAGs
[2026-04-24T02:56:09.275+0000] {logging_mixin.py:190} INFO - [2026-04-24T02:56:09.275+0000] {dag.py:4180} INFO - Setting next_dagrun for example_params_trigger_ui to None, run_after=None
[2026-04-24T02:56:09.280+0000] {processor.py:208} INFO - Processing /home/airflow/.local/lib/python3.12/site-packages/airflow/example_dags/example_params_trigger_ui.py took 0.027 seconds
[2026-04-24T02:58:06.554+0000] {processor.py:186} INFO - Started process (PID=48286) to work on /home/airflow/.local/lib/python3.12/site-packages/airflow/example_dags/example_params_trigger_ui.py
[2026-04-24T02:58:06.554+0000] {processor.py:914} INFO - Processing file /home/airflow/.local/lib/python3.12/site-packages/airflow/example_dags/example_params_trigger_ui.py for tasks to queue
[2026-04-24T02:58:06.555+0000] {logging_mixin.py:190} INFO - [2026-04-24T02:58:06.555+0000] {dagbag.py:588} INFO - Filling up the DagBag from /home/airflow/.local/lib/python3.12/site-packages/airflow/example_dags/example_params_trigger_ui.py
[2026-04-24T02:58:06.559+0000] {processor.py:925} INFO - DAG(s) 'example_params_trigger_ui' retrieved from /home/airflow/.local/lib/python3.12/site-packages/airflow/example_dags/example_params_trigger_ui.py
[2026-04-24T02:58:06.573+0000] {logging_mixin.py:190} INFO - [2026-04-24T02:58:06.573+0000] {dag.py:3239} INFO - Sync 1 DAGs
[2026-04-24T02:58:06.578+0000] {logging_mixin.py:190} INFO - [2026-04-24T02:58:06.578+0000] {dag.py:4180} INFO - Setting next_dagrun for example_params_trigger_ui to None, run_after=None
[2026-04-24T02:58:06.584+0000] {processor.py:208} INFO - Processing /home/airflow/.local/lib/python3.12/site-packages/airflow/example_dags/example_params_trigger_ui.py took 0.032 seconds
[2026-04-24T03:00:06.926+0000] {processor.py:186} INFO - Started process (PID=48350) to work on /home/airflow/.local/lib/python3.12/site-packages/airflow/example_dags/example_params_trigger_ui.py
[2026-04-24T03:00:06.927+0000] {processor.py:914} INFO - Processing file /home/airflow/.local/lib/python3.12/site-packages/airflow/example_dags/example_params_trigger_ui.py for tasks to queue
[2026-04-24T03:00:06.928+0000] {logging_mixin.py:190} INFO - [2026-04-24T03:00:06.927+0000] {dagbag.py:588} INFO - Filling up the DagBag from /home/airflow/.local/lib/python3.12/site-packages/airflow/example_dags/example_params_trigger_ui.py
[2026-04-24T03:00:06.933+0000] {processor.py:925} INFO - DAG(s) 'example_params_trigger_ui' retrieved from /home/airflow/.local/lib/python3.12/site-packages/airflow/example_dags/example_params_trigger_ui.py
[2026-04-24T03:00:06.949+0000] {logging_mixin.py:190} INFO - [2026-04-24T03:00:06.949+0000] {dag.py:3239} INFO - Sync 1 DAGs
[2026-04-24T03:00:06.955+0000] {logging_mixin.py:190} INFO - [2026-04-24T03:00:06.954+0000] {dag.py:4180} INFO - Setting next_dagrun for example_params_trigger_ui to None, run_after=None
[2026-04-24T03:00:06.961+0000] {processor.py:208} INFO - Processing /home/airflow/.local/lib/python3.12/site-packages/airflow/example_dags/example_params_trigger_ui.py took 0.038 seconds
[2026-04-24T03:00:37.131+0000] {processor.py:186} INFO - Started process (PID=48413) to work on /home/airflow/.local/lib/python3.12/site-packages/airflow/example_dags/example_params_trigger_ui.py
[2026-04-24T03:00:37.131+0000] {processor.py:914} INFO - Processing file /home/airflow/.local/lib/python3.12/site-packages/airflow/example_dags/example_params_trigger_ui.py for tasks to queue
[2026-04-24T03:00:37.133+0000] {logging_mixin.py:190} INFO - [2026-04-24T03:00:37.133+0000] {dagbag.py:588} INFO - Filling up the DagBag from /home/airflow/.local/lib/python3.12/site-packages/airflow/example_dags/example_params_trigger_ui.py
[2026-04-24T03:00:37.138+0000] {processor.py:925} INFO - DAG(s) 'example_params_trigger_ui' retrieved from /home/airflow/.local/lib/python3.12/site-packages/airflow/example_dags/example_params_trigger_ui.py
[2026-04-24T03:00:37.161+0000] {logging_mixin.py:190} INFO - [2026-04-24T03:00:37.161+0000] {dag.py:3239} INFO - Sync 1 DAGs
[2026-04-24T03:00:37.165+0000] {logging_mixin.py:190} INFO - [2026-04-24T03:00:37.165+0000] {dag.py:4180} INFO - Setting next_dagrun for example_params_trigger_ui to None, run_after=None
[2026-04-24T03:00:37.171+0000] {processor.py:208} INFO - Processing /home/airflow/.local/lib/python3.12/site-packages/airflow/example_dags/example_params_trigger_ui.py took 0.042 seconds
[2026-04-24T03:02:30.682+0000] {processor.py:186} INFO - Started process (PID=48478) to work on /home/airflow/.local/lib/python3.12/site-packages/airflow/example_dags/example_params_trigger_ui.py
[2026-04-24T03:02:30.682+0000] {processor.py:914} INFO - Processing file /home/airflow/.local/lib/python3.12/site-packages/airflow/example_dags/example_params_trigger_ui.py for tasks to queue
[2026-04-24T03:02:30.683+0000] {logging_mixin.py:190} INFO - [2026-04-24T03:02:30.683+0000] {dagbag.py:588} INFO - Filling up the DagBag from /home/airflow/.local/lib/python3.12/site-packages/airflow/example_dags/example_params_trigger_ui.py
[2026-04-24T03:02:30.687+0000] {processor.py:925} INFO - DAG(s) 'example_params_trigger_ui' retrieved from /home/airflow/.local/lib/python3.12/site-packages/airflow/example_dags/example_params_trigger_ui.py
[2026-04-24T03:02:30.700+0000] {logging_mixin.py:190} INFO - [2026-04-24T03:02:30.700+0000] {dag.py:3239} INFO - Sync 1 DAGs
[2026-04-24T03:02:30.705+0000] {logging_mixin.py:190} INFO - [2026-04-24T03:02:30.705+0000] {dag.py:4180} INFO - Setting next_dagrun for example_params_trigger_ui to None, run_after=None
[2026-04-24T03:02:30.711+0000] {processor.py:208} INFO - Processing /home/airflow/.local/lib/python3.12/site-packages/airflow/example_dags/example_params_trigger_ui.py took 0.032 seconds
[2026-04-24T03:04:26.232+0000] {processor.py:186} INFO - Started process (PID=48542) to work on /home/airflow/.local/lib/python3.12/site-packages/airflow/example_dags/example_params_trigger_ui.py
[2026-04-24T03:04:26.233+0000] {processor.py:914} INFO - Processing file /home/airflow/.local/lib/python3.12/site-packages/airflow/example_dags/example_params_trigger_ui.py for tasks to queue
[2026-04-24T03:04:26.234+0000] {logging_mixin.py:190} INFO - [2026-04-24T03:04:26.234+0000] {dagbag.py:588} INFO - Filling up the DagBag from /home/airflow/.local/lib/python3.12/site-packages/airflow/example_dags/example_params_trigger_ui.py
[2026-04-24T03:04:26.238+0000] {processor.py:925} INFO - DAG(s) 'example_params_trigger_ui' retrieved from /home/airflow/.local/lib/python3.12/site-packages/airflow/example_dags/example_params_trigger_ui.py
[2026-04-24T03:04:26.252+0000] {logging_mixin.py:190} INFO - [2026-04-24T03:04:26.252+0000] {dag.py:3239} INFO - Sync 1 DAGs
[2026-04-24T03:04:26.257+0000] {logging_mixin.py:190} INFO - [2026-04-24T03:04:26.257+0000] {dag.py:4180} INFO - Setting next_dagrun for example_params_trigger_ui to None, run_after=None
[2026-04-24T03:04:26.262+0000] {processor.py:208} INFO - Processing /home/airflow/.local/lib/python3.12/site-packages/airflow/example_dags/example_params_trigger_ui.py took 0.032 seconds
[2026-04-24T03:04:57.355+0000] {processor.py:186} INFO - Started process (PID=48606) to work on /home/airflow/.local/lib/python3.12/site-packages/airflow/example_dags/example_params_trigger_ui.py
[2026-04-24T03:04:57.355+0000] {processor.py:914} INFO - Processing file /home/airflow/.local/lib/python3.12/site-packages/airflow/example_dags/example_params_trigger_ui.py for tasks to queue
[2026-04-24T03:04:57.356+0000] {logging_mixin.py:190} INFO - [2026-04-24T03:04:57.356+0000] {dagbag.py:588} INFO - Filling up the DagBag from /home/airflow/.local/lib/python3.12/site-packages/airflow/example_dags/example_params_trigger_ui.py
[2026-04-24T03:04:57.360+0000] {processor.py:925} INFO - DAG(s) 'example_params_trigger_ui' retrieved from /home/airflow/.local/lib/python3.12/site-packages/airflow/example_dags/example_params_trigger_ui.py
[2026-04-24T03:04:57.372+0000] {logging_mixin.py:190} INFO - [2026-04-24T03:04:57.372+0000] {dag.py:3239} INFO - Sync 1 DAGs
[2026-04-24T03:04:57.377+0000] {logging_mixin.py:190} INFO - [2026-04-24T03:04:57.377+0000] {dag.py:4180} INFO - Setting next_dagrun for example_params_trigger_ui to None, run_after=None
[2026-04-24T03:04:57.383+0000] {processor.py:208} INFO - Processing /home/airflow/.local/lib/python3.12/site-packages/airflow/example_dags/example_params_trigger_ui.py took 0.030 seconds
[2026-04-24T03:06:49.899+0000] {processor.py:186} INFO - Started process (PID=48670) to work on /home/airflow/.local/lib/python3.12/site-packages/airflow/example_dags/example_params_trigger_ui.py
[2026-04-24T03:06:49.900+0000] {processor.py:914} INFO - Processing file /home/airflow/.local/lib/python3.12/site-packages/airflow/example_dags/example_params_trigger_ui.py for tasks to queue
[2026-04-24T03:06:49.902+0000] {logging_mixin.py:190} INFO - [2026-04-24T03:06:49.901+0000] {dagbag.py:588} INFO - Filling up the DagBag from /home/airflow/.local/lib/python3.12/site-packages/airflow/example_dags/example_params_trigger_ui.py
[2026-04-24T03:06:49.908+0000] {processor.py:925} INFO - DAG(s) 'example_params_trigger_ui' retrieved from /home/airflow/.local/lib/python3.12/site-packages/airflow/example_dags/example_params_trigger_ui.py
[2026-04-24T03:06:49.926+0000] {logging_mixin.py:190} INFO - [2026-04-24T03:06:49.926+0000] {dag.py:3239} INFO - Sync 1 DAGs
[2026-04-24T03:06:49.932+0000] {logging_mixin.py:190} INFO - [2026-04-24T03:06:49.932+0000] {dag.py:4180} INFO - Setting next_dagrun for example_params_trigger_ui to None, run_after=None
[2026-04-24T03:06:49.941+0000] {processor.py:208} INFO - Processing /home/airflow/.local/lib/python3.12/site-packages/airflow/example_dags/example_params_trigger_ui.py took 0.044 seconds
[2026-04-24T03:08:42.644+0000] {processor.py:186} INFO - Started process (PID=48734) to work on /home/airflow/.local/lib/python3.12/site-packages/airflow/example_dags/example_params_trigger_ui.py
[2026-04-24T03:08:42.644+0000] {processor.py:914} INFO - Processing file /home/airflow/.local/lib/python3.12/site-packages/airflow/example_dags/example_params_trigger_ui.py for tasks to queue
[2026-04-24T03:08:42.645+0000] {logging_mixin.py:190} INFO - [2026-04-24T03:08:42.645+0000] {dagbag.py:588} INFO - Filling up the DagBag from /home/airflow/.local/lib/python3.12/site-packages/airflow/example_dags/example_params_trigger_ui.py
[2026-04-24T03:08:42.650+0000] {processor.py:925} INFO - DAG(s) 'example_params_trigger_ui' retrieved from /home/airflow/.local/lib/python3.12/site-packages/airflow/example_dags/example_params_trigger_ui.py
[2026-04-24T03:08:42.664+0000] {logging_mixin.py:190} INFO - [2026-04-24T03:08:42.664+0000] {dag.py:3239} INFO - Sync 1 DAGs
[2026-04-24T03:08:42.669+0000] {logging_mixin.py:190} INFO - [2026-04-24T03:08:42.669+0000] {dag.py:4180} INFO - Setting next_dagrun for example_params_trigger_ui to None, run_after=None
[2026-04-24T03:08:42.675+0000] {processor.py:208} INFO - Processing /home/airflow/.local/lib/python3.12/site-packages/airflow/example_dags/example_params_trigger_ui.py took 0.034 seconds
[2026-04-24T03:09:13.808+0000] {processor.py:186} INFO - Started process (PID=48798) to work on /home/airflow/.local/lib/python3.12/site-packages/airflow/example_dags/example_params_trigger_ui.py
[2026-04-24T03:09:13.808+0000] {processor.py:914} INFO - Processing file /home/airflow/.local/lib/python3.12/site-packages/airflow/example_dags/example_params_trigger_ui.py for tasks to queue
[2026-04-24T03:09:13.809+0000] {logging_mixin.py:190} INFO - [2026-04-24T03:09:13.809+0000] {dagbag.py:588} INFO - Filling up the DagBag from /home/airflow/.local/lib/python3.12/site-packages/airflow/example_dags/example_params_trigger_ui.py
[2026-04-24T03:09:13.814+0000] {processor.py:925} INFO - DAG(s) 'example_params_trigger_ui' retrieved from /home/airflow/.local/lib/python3.12/site-packages/airflow/example_dags/example_params_trigger_ui.py
[2026-04-24T03:09:13.827+0000] {logging_mixin.py:190} INFO - [2026-04-24T03:09:13.827+0000] {dag.py:3239} INFO - Sync 1 DAGs
[2026-04-24T03:09:13.832+0000] {logging_mixin.py:190} INFO - [2026-04-24T03:09:13.832+0000] {dag.py:4180} INFO - Setting next_dagrun for example_params_trigger_ui to None, run_after=None
[2026-04-24T03:09:13.837+0000] {processor.py:208} INFO - Processing /home/airflow/.local/lib/python3.12/site-packages/airflow/example_dags/example_params_trigger_ui.py took 0.032 seconds
[2026-04-24T03:11:08.190+0000] {processor.py:186} INFO - Started process (PID=48862) to work on /home/airflow/.local/lib/python3.12/site-packages/airflow/example_dags/example_params_trigger_ui.py
[2026-04-24T03:11:08.190+0000] {processor.py:914} INFO - Processing file /home/airflow/.local/lib/python3.12/site-packages/airflow/example_dags/example_params_trigger_ui.py for tasks to queue
[2026-04-24T03:11:08.191+0000] {logging_mixin.py:190} INFO - [2026-04-24T03:11:08.191+0000] {dagbag.py:588} INFO - Filling up the DagBag from /home/airflow/.local/lib/python3.12/site-packages/airflow/example_dags/example_params_trigger_ui.py
[2026-04-24T03:11:08.195+0000] {processor.py:925} INFO - DAG(s) 'example_params_trigger_ui' retrieved from /home/airflow/.local/lib/python3.12/site-packages/airflow/example_dags/example_params_trigger_ui.py
[2026-04-24T03:11:08.210+0000] {logging_mixin.py:190} INFO - [2026-04-24T03:11:08.210+0000] {dag.py:3239} INFO - Sync 1 DAGs
[2026-04-24T03:11:08.215+0000] {logging_mixin.py:190} INFO - [2026-04-24T03:11:08.215+0000] {dag.py:4180} INFO - Setting next_dagrun for example_params_trigger_ui to None, run_after=None
[2026-04-24T03:11:08.221+0000] {processor.py:208} INFO - Processing /home/airflow/.local/lib/python3.12/site-packages/airflow/example_dags/example_params_trigger_ui.py took 0.034 seconds
[2026-04-24T03:11:39.279+0000] {processor.py:186} INFO - Started process (PID=48926) to work on /home/airflow/.local/lib/python3.12/site-packages/airflow/example_dags/example_params_trigger_ui.py
[2026-04-24T03:11:39.279+0000] {processor.py:914} INFO - Processing file /home/airflow/.local/lib/python3.12/site-packages/airflow/example_dags/example_params_trigger_ui.py for tasks to queue
[2026-04-24T03:11:39.280+0000] {logging_mixin.py:190} INFO - [2026-04-24T03:11:39.280+0000] {dagbag.py:588} INFO - Filling up the DagBag from /home/airflow/.local/lib/python3.12/site-packages/airflow/example_dags/example_params_trigger_ui.py
[2026-04-24T03:11:39.285+0000] {processor.py:925} INFO - DAG(s) 'example_params_trigger_ui' retrieved from /home/airflow/.local/lib/python3.12/site-packages/airflow/example_dags/example_params_trigger_ui.py
[2026-04-24T03:11:39.298+0000] {logging_mixin.py:190} INFO - [2026-04-24T03:11:39.298+0000] {dag.py:3239} INFO - Sync 1 DAGs
[2026-04-24T03:11:39.303+0000] {logging_mixin.py:190} INFO - [2026-04-24T03:11:39.303+0000] {dag.py:4180} INFO - Setting next_dagrun for example_params_trigger_ui to None, run_after=None
[2026-04-24T03:11:39.309+0000] {processor.py:208} INFO - Processing /home/airflow/.local/lib/python3.12/site-packages/airflow/example_dags/example_params_trigger_ui.py took 0.032 seconds
[2026-04-24T03:13:35.865+0000] {processor.py:186} INFO - Started process (PID=48990) to work on /home/airflow/.local/lib/python3.12/site-packages/airflow/example_dags/example_params_trigger_ui.py
[2026-04-24T03:13:35.865+0000] {processor.py:914} INFO - Processing file /home/airflow/.local/lib/python3.12/site-packages/airflow/example_dags/example_params_trigger_ui.py for tasks to queue
[2026-04-24T03:13:35.866+0000] {logging_mixin.py:190} INFO - [2026-04-24T03:13:35.866+0000] {dagbag.py:588} INFO - Filling up the DagBag from /home/airflow/.local/lib/python3.12/site-packages/airflow/example_dags/example_params_trigger_ui.py
[2026-04-24T03:13:35.871+0000] {processor.py:925} INFO - DAG(s) 'example_params_trigger_ui' retrieved from /home/airflow/.local/lib/python3.12/site-packages/airflow/example_dags/example_params_trigger_ui.py
[2026-04-24T03:13:35.885+0000] {logging_mixin.py:190} INFO - [2026-04-24T03:13:35.885+0000] {dag.py:3239} INFO - Sync 1 DAGs
[2026-04-24T03:13:35.890+0000] {logging_mixin.py:190} INFO - [2026-04-24T03:13:35.890+0000] {dag.py:4180} INFO - Setting next_dagrun for example_params_trigger_ui to None, run_after=None
[2026-04-24T03:13:35.896+0000] {processor.py:208} INFO - Processing /home/airflow/.local/lib/python3.12/site-packages/airflow/example_dags/example_params_trigger_ui.py took 0.034 seconds
[2026-04-24T03:15:26.450+0000] {processor.py:186} INFO - Started process (PID=49054) to work on /home/airflow/.local/lib/python3.12/site-packages/airflow/example_dags/example_params_trigger_ui.py
[2026-04-24T03:15:26.450+0000] {processor.py:914} INFO - Processing file /home/airflow/.local/lib/python3.12/site-packages/airflow/example_dags/example_params_trigger_ui.py for tasks to queue
[2026-04-24T03:15:26.451+0000] {logging_mixin.py:190} INFO - [2026-04-24T03:15:26.451+0000] {dagbag.py:588} INFO - Filling up the DagBag from /home/airflow/.local/lib/python3.12/site-packages/airflow/example_dags/example_params_trigger_ui.py
[2026-04-24T03:15:26.456+0000] {processor.py:925} INFO - DAG(s) 'example_params_trigger_ui' retrieved from /home/airflow/.local/lib/python3.12/site-packages/airflow/example_dags/example_params_trigger_ui.py
[2026-04-24T03:15:26.471+0000] {logging_mixin.py:190} INFO - [2026-04-24T03:15:26.470+0000] {dag.py:3239} INFO - Sync 1 DAGs
[2026-04-24T03:15:26.476+0000] {logging_mixin.py:190} INFO - [2026-04-24T03:15:26.476+0000] {dag.py:4180} INFO - Setting next_dagrun for example_params_trigger_ui to None, run_after=None
[2026-04-24T03:15:26.482+0000] {processor.py:208} INFO - Processing /home/airflow/.local/lib/python3.12/site-packages/airflow/example_dags/example_params_trigger_ui.py took 0.035 seconds
[2026-04-24T03:15:56.896+0000] {processor.py:186} INFO - Started process (PID=49118) to work on /home/airflow/.local/lib/python3.12/site-packages/airflow/example_dags/example_params_trigger_ui.py
[2026-04-24T03:15:56.896+0000] {processor.py:914} INFO - Processing file /home/airflow/.local/lib/python3.12/site-packages/airflow/example_dags/example_params_trigger_ui.py for tasks to queue
[2026-04-24T03:15:56.897+0000] {logging_mixin.py:190} INFO - [2026-04-24T03:15:56.897+0000] {dagbag.py:588} INFO - Filling up the DagBag from /home/airflow/.local/lib/python3.12/site-packages/airflow/example_dags/example_params_trigger_ui.py
[2026-04-24T03:15:56.902+0000] {processor.py:925} INFO - DAG(s) 'example_params_trigger_ui' retrieved from /home/airflow/.local/lib/python3.12/site-packages/airflow/example_dags/example_params_trigger_ui.py
[2026-04-24T03:15:56.915+0000] {logging_mixin.py:190} INFO - [2026-04-24T03:15:56.915+0000] {dag.py:3239} INFO - Sync 1 DAGs
[2026-04-24T03:15:56.919+0000] {logging_mixin.py:190} INFO - [2026-04-24T03:15:56.919+0000] {dag.py:4180} INFO - Setting next_dagrun for example_params_trigger_ui to None, run_after=None
[2026-04-24T03:15:56.925+0000] {processor.py:208} INFO - Processing /home/airflow/.local/lib/python3.12/site-packages/airflow/example_dags/example_params_trigger_ui.py took 0.032 seconds
[2026-04-24T03:17:50.510+0000] {processor.py:186} INFO - Started process (PID=49182) to work on /home/airflow/.local/lib/python3.12/site-packages/airflow/example_dags/example_params_trigger_ui.py
[2026-04-24T03:17:50.510+0000] {processor.py:914} INFO - Processing file /home/airflow/.local/lib/python3.12/site-packages/airflow/example_dags/example_params_trigger_ui.py for tasks to queue
[2026-04-24T03:17:50.511+0000] {logging_mixin.py:190} INFO - [2026-04-24T03:17:50.511+0000] {dagbag.py:588} INFO - Filling up the DagBag from /home/airflow/.local/lib/python3.12/site-packages/airflow/example_dags/example_params_trigger_ui.py
[2026-04-24T03:17:50.517+0000] {processor.py:925} INFO - DAG(s) 'example_params_trigger_ui' retrieved from /home/airflow/.local/lib/python3.12/site-packages/airflow/example_dags/example_params_trigger_ui.py
[2026-04-24T03:17:50.537+0000] {logging_mixin.py:190} INFO - [2026-04-24T03:17:50.536+0000] {dag.py:3239} INFO - Sync 1 DAGs
[2026-04-24T03:17:50.544+0000] {logging_mixin.py:190} INFO - [2026-04-24T03:17:50.544+0000] {dag.py:4180} INFO - Setting next_dagrun for example_params_trigger_ui to None, run_after=None
[2026-04-24T03:17:50.552+0000] {processor.py:208} INFO - Processing /home/airflow/.local/lib/python3.12/site-packages/airflow/example_dags/example_params_trigger_ui.py took 0.046 seconds
[2026-04-24T03:18:22.149+0000] {processor.py:186} INFO - Started process (PID=49246) to work on /home/airflow/.local/lib/python3.12/site-packages/airflow/example_dags/example_params_trigger_ui.py
[2026-04-24T03:18:22.149+0000] {processor.py:914} INFO - Processing file /home/airflow/.local/lib/python3.12/site-packages/airflow/example_dags/example_params_trigger_ui.py for tasks to queue
[2026-04-24T03:18:22.151+0000] {logging_mixin.py:190} INFO - [2026-04-24T03:18:22.150+0000] {dagbag.py:588} INFO - Filling up the DagBag from /home/airflow/.local/lib/python3.12/site-packages/airflow/example_dags/example_params_trigger_ui.py
[2026-04-24T03:18:22.155+0000] {processor.py:925} INFO - DAG(s) 'example_params_trigger_ui' retrieved from /home/airflow/.local/lib/python3.12/site-packages/airflow/example_dags/example_params_trigger_ui.py
[2026-04-24T03:18:22.169+0000] {logging_mixin.py:190} INFO - [2026-04-24T03:18:22.169+0000] {dag.py:3239} INFO - Sync 1 DAGs
[2026-04-24T03:18:22.175+0000] {logging_mixin.py:190} INFO - [2026-04-24T03:18:22.175+0000] {dag.py:4180} INFO - Setting next_dagrun for example_params_trigger_ui to None, run_after=None
[2026-04-24T03:18:22.181+0000] {processor.py:208} INFO - Processing /home/airflow/.local/lib/python3.12/site-packages/airflow/example_dags/example_params_trigger_ui.py took 0.035 seconds
[2026-04-24T03:18:53.099+0000] {processor.py:186} INFO - Started process (PID=49310) to work on /home/airflow/.local/lib/python3.12/site-packages/airflow/example_dags/example_params_trigger_ui.py
[2026-04-24T03:18:53.100+0000] {processor.py:914} INFO - Processing file /home/airflow/.local/lib/python3.12/site-packages/airflow/example_dags/example_params_trigger_ui.py for tasks to queue
[2026-04-24T03:18:53.101+0000] {logging_mixin.py:190} INFO - [2026-04-24T03:18:53.101+0000] {dagbag.py:588} INFO - Filling up the DagBag from /home/airflow/.local/lib/python3.12/site-packages/airflow/example_dags/example_params_trigger_ui.py
[2026-04-24T03:18:53.106+0000] {processor.py:925} INFO - DAG(s) 'example_params_trigger_ui' retrieved from /home/airflow/.local/lib/python3.12/site-packages/airflow/example_dags/example_params_trigger_ui.py
[2026-04-24T03:18:53.120+0000] {logging_mixin.py:190} INFO - [2026-04-24T03:18:53.120+0000] {dag.py:3239} INFO - Sync 1 DAGs
[2026-04-24T03:18:53.126+0000] {logging_mixin.py:190} INFO - [2026-04-24T03:18:53.126+0000] {dag.py:4180} INFO - Setting next_dagrun for example_params_trigger_ui to None, run_after=None
[2026-04-24T03:18:53.133+0000] {processor.py:208} INFO - Processing /home/airflow/.local/lib/python3.12/site-packages/airflow/example_dags/example_params_trigger_ui.py took 0.037 seconds
[2026-04-24T03:19:23.506+0000] {processor.py:186} INFO - Started process (PID=49374) to work on /home/airflow/.local/lib/python3.12/site-packages/airflow/example_dags/example_params_trigger_ui.py
[2026-04-24T03:19:23.507+0000] {processor.py:914} INFO - Processing file /home/airflow/.local/lib/python3.12/site-packages/airflow/example_dags/example_params_trigger_ui.py for tasks to queue
[2026-04-24T03:19:23.507+0000] {logging_mixin.py:190} INFO - [2026-04-24T03:19:23.507+0000] {dagbag.py:588} INFO - Filling up the DagBag from /home/airflow/.local/lib/python3.12/site-packages/airflow/example_dags/example_params_trigger_ui.py
[2026-04-24T03:19:23.512+0000] {processor.py:925} INFO - DAG(s) 'example_params_trigger_ui' retrieved from /home/airflow/.local/lib/python3.12/site-packages/airflow/example_dags/example_params_trigger_ui.py
[2026-04-24T03:19:23.526+0000] {logging_mixin.py:190} INFO - [2026-04-24T03:19:23.526+0000] {dag.py:3239} INFO - Sync 1 DAGs
[2026-04-24T03:19:23.531+0000] {logging_mixin.py:190} INFO - [2026-04-24T03:19:23.531+0000] {dag.py:4180} INFO - Setting next_dagrun for example_params_trigger_ui to None, run_after=None
[2026-04-24T03:19:23.538+0000] {processor.py:208} INFO - Processing /home/airflow/.local/lib/python3.12/site-packages/airflow/example_dags/example_params_trigger_ui.py took 0.034 seconds
[2026-04-24T03:19:53.849+0000] {processor.py:186} INFO - Started process (PID=49438) to work on /home/airflow/.local/lib/python3.12/site-packages/airflow/example_dags/example_params_trigger_ui.py
[2026-04-24T03:19:53.850+0000] {processor.py:914} INFO - Processing file /home/airflow/.local/lib/python3.12/site-packages/airflow/example_dags/example_params_trigger_ui.py for tasks to queue
[2026-04-24T03:19:53.851+0000] {logging_mixin.py:190} INFO - [2026-04-24T03:19:53.851+0000] {dagbag.py:588} INFO - Filling up the DagBag from /home/airflow/.local/lib/python3.12/site-packages/airflow/example_dags/example_params_trigger_ui.py
[2026-04-24T03:19:53.856+0000] {processor.py:925} INFO - DAG(s) 'example_params_trigger_ui' retrieved from /home/airflow/.local/lib/python3.12/site-packages/airflow/example_dags/example_params_trigger_ui.py
[2026-04-24T03:19:53.870+0000] {logging_mixin.py:190} INFO - [2026-04-24T03:19:53.870+0000] {dag.py:3239} INFO - Sync 1 DAGs
[2026-04-24T03:19:53.875+0000] {logging_mixin.py:190} INFO - [2026-04-24T03:19:53.875+0000] {dag.py:4180} INFO - Setting next_dagrun for example_params_trigger_ui to None, run_after=None
[2026-04-24T03:19:53.881+0000] {processor.py:208} INFO - Processing /home/airflow/.local/lib/python3.12/site-packages/airflow/example_dags/example_params_trigger_ui.py took 0.035 seconds
[2026-04-24T03:20:25.443+0000] {processor.py:186} INFO - Started process (PID=49502) to work on /home/airflow/.local/lib/python3.12/site-packages/airflow/example_dags/example_params_trigger_ui.py
[2026-04-24T03:20:25.444+0000] {processor.py:914} INFO - Processing file /home/airflow/.local/lib/python3.12/site-packages/airflow/example_dags/example_params_trigger_ui.py for tasks to queue
[2026-04-24T03:20:25.446+0000] {logging_mixin.py:190} INFO - [2026-04-24T03:20:25.446+0000] {dagbag.py:588} INFO - Filling up the DagBag from /home/airflow/.local/lib/python3.12/site-packages/airflow/example_dags/example_params_trigger_ui.py
[2026-04-24T03:20:25.451+0000] {processor.py:925} INFO - DAG(s) 'example_params_trigger_ui' retrieved from /home/airflow/.local/lib/python3.12/site-packages/airflow/example_dags/example_params_trigger_ui.py
[2026-04-24T03:20:25.468+0000] {logging_mixin.py:190} INFO - [2026-04-24T03:20:25.468+0000] {dag.py:3239} INFO - Sync 1 DAGs
[2026-04-24T03:20:25.476+0000] {logging_mixin.py:190} INFO - [2026-04-24T03:20:25.476+0000] {dag.py:4180} INFO - Setting next_dagrun for example_params_trigger_ui to None, run_after=None
[2026-04-24T03:20:25.487+0000] {processor.py:208} INFO - Processing /home/airflow/.local/lib/python3.12/site-packages/airflow/example_dags/example_params_trigger_ui.py took 0.046 seconds
[2026-04-24T03:20:55.919+0000] {processor.py:186} INFO - Started process (PID=49566) to work on /home/airflow/.local/lib/python3.12/site-packages/airflow/example_dags/example_params_trigger_ui.py
[2026-04-24T03:20:55.919+0000] {processor.py:914} INFO - Processing file /home/airflow/.local/lib/python3.12/site-packages/airflow/example_dags/example_params_trigger_ui.py for tasks to queue
[2026-04-24T03:20:55.920+0000] {logging_mixin.py:190} INFO - [2026-04-24T03:20:55.920+0000] {dagbag.py:588} INFO - Filling up the DagBag from /home/airflow/.local/lib/python3.12/site-packages/airflow/example_dags/example_params_trigger_ui.py
[2026-04-24T03:20:55.924+0000] {processor.py:925} INFO - DAG(s) 'example_params_trigger_ui' retrieved from /home/airflow/.local/lib/python3.12/site-packages/airflow/example_dags/example_params_trigger_ui.py
[2026-04-24T03:20:55.938+0000] {logging_mixin.py:190} INFO - [2026-04-24T03:20:55.938+0000] {dag.py:3239} INFO - Sync 1 DAGs
[2026-04-24T03:20:55.942+0000] {logging_mixin.py:190} INFO - [2026-04-24T03:20:55.942+0000] {dag.py:4180} INFO - Setting next_dagrun for example_params_trigger_ui to None, run_after=None
[2026-04-24T03:20:55.948+0000] {processor.py:208} INFO - Processing /home/airflow/.local/lib/python3.12/site-packages/airflow/example_dags/example_params_trigger_ui.py took 0.032 seconds
[2026-04-24T03:21:26.141+0000] {processor.py:186} INFO - Started process (PID=49629) to work on /home/airflow/.local/lib/python3.12/site-packages/airflow/example_dags/example_params_trigger_ui.py
[2026-04-24T03:21:26.142+0000] {processor.py:914} INFO - Processing file /home/airflow/.local/lib/python3.12/site-packages/airflow/example_dags/example_params_trigger_ui.py for tasks to queue
[2026-04-24T03:21:26.144+0000] {logging_mixin.py:190} INFO - [2026-04-24T03:21:26.144+0000] {dagbag.py:588} INFO - Filling up the DagBag from /home/airflow/.local/lib/python3.12/site-packages/airflow/example_dags/example_params_trigger_ui.py
[2026-04-24T03:21:26.147+0000] {processor.py:925} INFO - DAG(s) 'example_params_trigger_ui' retrieved from /home/airflow/.local/lib/python3.12/site-packages/airflow/example_dags/example_params_trigger_ui.py
[2026-04-24T03:21:26.166+0000] {logging_mixin.py:190} INFO - [2026-04-24T03:21:26.166+0000] {dag.py:3239} INFO - Sync 1 DAGs
[2026-04-24T03:21:26.171+0000] {logging_mixin.py:190} INFO - [2026-04-24T03:21:26.171+0000] {dag.py:4180} INFO - Setting next_dagrun for example_params_trigger_ui to None, run_after=None
[2026-04-24T03:21:26.179+0000] {processor.py:208} INFO - Processing /home/airflow/.local/lib/python3.12/site-packages/airflow/example_dags/example_params_trigger_ui.py took 0.041 seconds
[2026-04-24T03:21:56.811+0000] {processor.py:186} INFO - Started process (PID=49694) to work on /home/airflow/.local/lib/python3.12/site-packages/airflow/example_dags/example_params_trigger_ui.py
[2026-04-24T03:21:56.811+0000] {processor.py:914} INFO - Processing file /home/airflow/.local/lib/python3.12/site-packages/airflow/example_dags/example_params_trigger_ui.py for tasks to queue
[2026-04-24T03:21:56.812+0000] {logging_mixin.py:190} INFO - [2026-04-24T03:21:56.812+0000] {dagbag.py:588} INFO - Filling up the DagBag from /home/airflow/.local/lib/python3.12/site-packages/airflow/example_dags/example_params_trigger_ui.py
[2026-04-24T03:21:56.816+0000] {processor.py:925} INFO - DAG(s) 'example_params_trigger_ui' retrieved from /home/airflow/.local/lib/python3.12/site-packages/airflow/example_dags/example_params_trigger_ui.py
[2026-04-24T03:21:56.830+0000] {logging_mixin.py:190} INFO - [2026-04-24T03:21:56.830+0000] {dag.py:3239} INFO - Sync 1 DAGs
[2026-04-24T03:21:56.835+0000] {logging_mixin.py:190} INFO - [2026-04-24T03:21:56.835+0000] {dag.py:4180} INFO - Setting next_dagrun for example_params_trigger_ui to None, run_after=None
[2026-04-24T03:21:56.841+0000] {processor.py:208} INFO - Processing /home/airflow/.local/lib/python3.12/site-packages/airflow/example_dags/example_params_trigger_ui.py took 0.033 seconds
[2026-04-24T03:22:26.986+0000] {processor.py:186} INFO - Started process (PID=49757) to work on /home/airflow/.local/lib/python3.12/site-packages/airflow/example_dags/example_params_trigger_ui.py
[2026-04-24T03:22:26.988+0000] {processor.py:914} INFO - Processing file /home/airflow/.local/lib/python3.12/site-packages/airflow/example_dags/example_params_trigger_ui.py for tasks to queue
[2026-04-24T03:22:26.989+0000] {logging_mixin.py:190} INFO - [2026-04-24T03:22:26.989+0000] {dagbag.py:588} INFO - Filling up the DagBag from /home/airflow/.local/lib/python3.12/site-packages/airflow/example_dags/example_params_trigger_ui.py
[2026-04-24T03:22:26.993+0000] {processor.py:925} INFO - DAG(s) 'example_params_trigger_ui' retrieved from /home/airflow/.local/lib/python3.12/site-packages/airflow/example_dags/example_params_trigger_ui.py
[2026-04-24T03:22:27.012+0000] {logging_mixin.py:190} INFO - [2026-04-24T03:22:27.012+0000] {dag.py:3239} INFO - Sync 1 DAGs
[2026-04-24T03:22:27.016+0000] {logging_mixin.py:190} INFO - [2026-04-24T03:22:27.016+0000] {dag.py:4180} INFO - Setting next_dagrun for example_params_trigger_ui to None, run_after=None
[2026-04-24T03:22:27.022+0000] {processor.py:208} INFO - Processing /home/airflow/.local/lib/python3.12/site-packages/airflow/example_dags/example_params_trigger_ui.py took 0.039 seconds
[2026-04-24T03:22:58.197+0000] {processor.py:186} INFO - Started process (PID=49822) to work on /home/airflow/.local/lib/python3.12/site-packages/airflow/example_dags/example_params_trigger_ui.py
[2026-04-24T03:22:58.197+0000] {processor.py:914} INFO - Processing file /home/airflow/.local/lib/python3.12/site-packages/airflow/example_dags/example_params_trigger_ui.py for tasks to queue
[2026-04-24T03:22:58.198+0000] {logging_mixin.py:190} INFO - [2026-04-24T03:22:58.198+0000] {dagbag.py:588} INFO - Filling up the DagBag from /home/airflow/.local/lib/python3.12/site-packages/airflow/example_dags/example_params_trigger_ui.py
[2026-04-24T03:22:58.203+0000] {processor.py:925} INFO - DAG(s) 'example_params_trigger_ui' retrieved from /home/airflow/.local/lib/python3.12/site-packages/airflow/example_dags/example_params_trigger_ui.py
[2026-04-24T03:22:58.216+0000] {logging_mixin.py:190} INFO - [2026-04-24T03:22:58.216+0000] {dag.py:3239} INFO - Sync 1 DAGs
[2026-04-24T03:22:58.221+0000] {logging_mixin.py:190} INFO - [2026-04-24T03:22:58.221+0000] {dag.py:4180} INFO - Setting next_dagrun for example_params_trigger_ui to None, run_after=None
[2026-04-24T03:22:58.226+0000] {processor.py:208} INFO - Processing /home/airflow/.local/lib/python3.12/site-packages/airflow/example_dags/example_params_trigger_ui.py took 0.032 seconds
[2026-04-24T03:23:29.496+0000] {processor.py:186} INFO - Started process (PID=49886) to work on /home/airflow/.local/lib/python3.12/site-packages/airflow/example_dags/example_params_trigger_ui.py
[2026-04-24T03:23:29.497+0000] {processor.py:914} INFO - Processing file /home/airflow/.local/lib/python3.12/site-packages/airflow/example_dags/example_params_trigger_ui.py for tasks to queue
[2026-04-24T03:23:29.498+0000] {logging_mixin.py:190} INFO - [2026-04-24T03:23:29.498+0000] {dagbag.py:588} INFO - Filling up the DagBag from /home/airflow/.local/lib/python3.12/site-packages/airflow/example_dags/example_params_trigger_ui.py
[2026-04-24T03:23:29.505+0000] {processor.py:925} INFO - DAG(s) 'example_params_trigger_ui' retrieved from /home/airflow/.local/lib/python3.12/site-packages/airflow/example_dags/example_params_trigger_ui.py
[2026-04-24T03:23:29.521+0000] {logging_mixin.py:190} INFO - [2026-04-24T03:23:29.521+0000] {dag.py:3239} INFO - Sync 1 DAGs
[2026-04-24T03:23:29.526+0000] {logging_mixin.py:190} INFO - [2026-04-24T03:23:29.526+0000] {dag.py:4180} INFO - Setting next_dagrun for example_params_trigger_ui to None, run_after=None
[2026-04-24T03:23:29.531+0000] {processor.py:208} INFO - Processing /home/airflow/.local/lib/python3.12/site-packages/airflow/example_dags/example_params_trigger_ui.py took 0.037 seconds
[2026-04-24T03:24:00.175+0000] {processor.py:186} INFO - Started process (PID=49950) to work on /home/airflow/.local/lib/python3.12/site-packages/airflow/example_dags/example_params_trigger_ui.py
[2026-04-24T03:24:00.175+0000] {processor.py:914} INFO - Processing file /home/airflow/.local/lib/python3.12/site-packages/airflow/example_dags/example_params_trigger_ui.py for tasks to queue
[2026-04-24T03:24:00.176+0000] {logging_mixin.py:190} INFO - [2026-04-24T03:24:00.176+0000] {dagbag.py:588} INFO - Filling up the DagBag from /home/airflow/.local/lib/python3.12/site-packages/airflow/example_dags/example_params_trigger_ui.py
[2026-04-24T03:24:00.181+0000] {processor.py:925} INFO - DAG(s) 'example_params_trigger_ui' retrieved from /home/airflow/.local/lib/python3.12/site-packages/airflow/example_dags/example_params_trigger_ui.py
[2026-04-24T03:24:00.198+0000] {logging_mixin.py:190} INFO - [2026-04-24T03:24:00.197+0000] {dag.py:3239} INFO - Sync 1 DAGs
[2026-04-24T03:24:00.203+0000] {logging_mixin.py:190} INFO - [2026-04-24T03:24:00.203+0000] {dag.py:4180} INFO - Setting next_dagrun for example_params_trigger_ui to None, run_after=None
[2026-04-24T03:24:00.209+0000] {processor.py:208} INFO - Processing /home/airflow/.local/lib/python3.12/site-packages/airflow/example_dags/example_params_trigger_ui.py took 0.036 seconds
[2026-04-24T03:24:30.468+0000] {processor.py:186} INFO - Started process (PID=50014) to work on /home/airflow/.local/lib/python3.12/site-packages/airflow/example_dags/example_params_trigger_ui.py
[2026-04-24T03:24:30.468+0000] {processor.py:914} INFO - Processing file /home/airflow/.local/lib/python3.12/site-packages/airflow/example_dags/example_params_trigger_ui.py for tasks to queue
[2026-04-24T03:24:30.469+0000] {logging_mixin.py:190} INFO - [2026-04-24T03:24:30.469+0000] {dagbag.py:588} INFO - Filling up the DagBag from /home/airflow/.local/lib/python3.12/site-packages/airflow/example_dags/example_params_trigger_ui.py
[2026-04-24T03:24:30.474+0000] {processor.py:925} INFO - DAG(s) 'example_params_trigger_ui' retrieved from /home/airflow/.local/lib/python3.12/site-packages/airflow/example_dags/example_params_trigger_ui.py
[2026-04-24T03:24:30.488+0000] {logging_mixin.py:190} INFO - [2026-04-24T03:24:30.488+0000] {dag.py:3239} INFO - Sync 1 DAGs
[2026-04-24T03:24:30.493+0000] {logging_mixin.py:190} INFO - [2026-04-24T03:24:30.493+0000] {dag.py:4180} INFO - Setting next_dagrun for example_params_trigger_ui to None, run_after=None
[2026-04-24T03:24:30.499+0000] {processor.py:208} INFO - Processing /home/airflow/.local/lib/python3.12/site-packages/airflow/example_dags/example_params_trigger_ui.py took 0.034 seconds
[2026-04-24T03:25:01.861+0000] {processor.py:186} INFO - Started process (PID=50078) to work on /home/airflow/.local/lib/python3.12/site-packages/airflow/example_dags/example_params_trigger_ui.py
[2026-04-24T03:25:01.862+0000] {processor.py:914} INFO - Processing file /home/airflow/.local/lib/python3.12/site-packages/airflow/example_dags/example_params_trigger_ui.py for tasks to queue
[2026-04-24T03:25:01.863+0000] {logging_mixin.py:190} INFO - [2026-04-24T03:25:01.863+0000] {dagbag.py:588} INFO - Filling up the DagBag from /home/airflow/.local/lib/python3.12/site-packages/airflow/example_dags/example_params_trigger_ui.py
[2026-04-24T03:25:01.867+0000] {processor.py:925} INFO - DAG(s) 'example_params_trigger_ui' retrieved from /home/airflow/.local/lib/python3.12/site-packages/airflow/example_dags/example_params_trigger_ui.py
[2026-04-24T03:25:01.886+0000] {logging_mixin.py:190} INFO - [2026-04-24T03:25:01.886+0000] {dag.py:3239} INFO - Sync 1 DAGs
[2026-04-24T03:25:01.891+0000] {logging_mixin.py:190} INFO - [2026-04-24T03:25:01.891+0000] {dag.py:4180} INFO - Setting next_dagrun for example_params_trigger_ui to None, run_after=None
[2026-04-24T03:25:01.899+0000] {processor.py:208} INFO - Processing /home/airflow/.local/lib/python3.12/site-packages/airflow/example_dags/example_params_trigger_ui.py took 0.040 seconds
[2026-04-24T03:25:32.333+0000] {processor.py:186} INFO - Started process (PID=50142) to work on /home/airflow/.local/lib/python3.12/site-packages/airflow/example_dags/example_params_trigger_ui.py
[2026-04-24T03:25:32.333+0000] {processor.py:914} INFO - Processing file /home/airflow/.local/lib/python3.12/site-packages/airflow/example_dags/example_params_trigger_ui.py for tasks to queue
[2026-04-24T03:25:32.334+0000] {logging_mixin.py:190} INFO - [2026-04-24T03:25:32.334+0000] {dagbag.py:588} INFO - Filling up the DagBag from /home/airflow/.local/lib/python3.12/site-packages/airflow/example_dags/example_params_trigger_ui.py
[2026-04-24T03:25:32.339+0000] {processor.py:925} INFO - DAG(s) 'example_params_trigger_ui' retrieved from /home/airflow/.local/lib/python3.12/site-packages/airflow/example_dags/example_params_trigger_ui.py
[2026-04-24T03:25:32.353+0000] {logging_mixin.py:190} INFO - [2026-04-24T03:25:32.353+0000] {dag.py:3239} INFO - Sync 1 DAGs
[2026-04-24T03:25:32.358+0000] {logging_mixin.py:190} INFO - [2026-04-24T03:25:32.358+0000] {dag.py:4180} INFO - Setting next_dagrun for example_params_trigger_ui to None, run_after=None
[2026-04-24T03:25:32.364+0000] {processor.py:208} INFO - Processing /home/airflow/.local/lib/python3.12/site-packages/airflow/example_dags/example_params_trigger_ui.py took 0.033 seconds
[2026-04-24T03:26:02.787+0000] {processor.py:186} INFO - Started process (PID=50205) to work on /home/airflow/.local/lib/python3.12/site-packages/airflow/example_dags/example_params_trigger_ui.py
[2026-04-24T03:26:02.788+0000] {processor.py:914} INFO - Processing file /home/airflow/.local/lib/python3.12/site-packages/airflow/example_dags/example_params_trigger_ui.py for tasks to queue
[2026-04-24T03:26:02.789+0000] {logging_mixin.py:190} INFO - [2026-04-24T03:26:02.789+0000] {dagbag.py:588} INFO - Filling up the DagBag from /home/airflow/.local/lib/python3.12/site-packages/airflow/example_dags/example_params_trigger_ui.py
[2026-04-24T03:26:02.799+0000] {processor.py:925} INFO - DAG(s) 'example_params_trigger_ui' retrieved from /home/airflow/.local/lib/python3.12/site-packages/airflow/example_dags/example_params_trigger_ui.py
[2026-04-24T03:26:02.818+0000] {logging_mixin.py:190} INFO - [2026-04-24T03:26:02.818+0000] {dag.py:3239} INFO - Sync 1 DAGs
[2026-04-24T03:26:02.825+0000] {logging_mixin.py:190} INFO - [2026-04-24T03:26:02.825+0000] {dag.py:4180} INFO - Setting next_dagrun for example_params_trigger_ui to None, run_after=None
[2026-04-24T03:26:02.836+0000] {processor.py:208} INFO - Processing /home/airflow/.local/lib/python3.12/site-packages/airflow/example_dags/example_params_trigger_ui.py took 0.052 seconds
[2026-04-24T03:26:33.036+0000] {processor.py:186} INFO - Started process (PID=50269) to work on /home/airflow/.local/lib/python3.12/site-packages/airflow/example_dags/example_params_trigger_ui.py
[2026-04-24T03:26:33.037+0000] {processor.py:914} INFO - Processing file /home/airflow/.local/lib/python3.12/site-packages/airflow/example_dags/example_params_trigger_ui.py for tasks to queue
[2026-04-24T03:26:33.038+0000] {logging_mixin.py:190} INFO - [2026-04-24T03:26:33.038+0000] {dagbag.py:588} INFO - Filling up the DagBag from /home/airflow/.local/lib/python3.12/site-packages/airflow/example_dags/example_params_trigger_ui.py
[2026-04-24T03:26:33.042+0000] {processor.py:925} INFO - DAG(s) 'example_params_trigger_ui' retrieved from /home/airflow/.local/lib/python3.12/site-packages/airflow/example_dags/example_params_trigger_ui.py
[2026-04-24T03:26:33.056+0000] {logging_mixin.py:190} INFO - [2026-04-24T03:26:33.055+0000] {dag.py:3239} INFO - Sync 1 DAGs
[2026-04-24T03:26:33.060+0000] {logging_mixin.py:190} INFO - [2026-04-24T03:26:33.060+0000] {dag.py:4180} INFO - Setting next_dagrun for example_params_trigger_ui to None, run_after=None
[2026-04-24T03:26:33.066+0000] {processor.py:208} INFO - Processing /home/airflow/.local/lib/python3.12/site-packages/airflow/example_dags/example_params_trigger_ui.py took 0.032 seconds
[2026-04-24T03:27:04.187+0000] {processor.py:186} INFO - Started process (PID=50334) to work on /home/airflow/.local/lib/python3.12/site-packages/airflow/example_dags/example_params_trigger_ui.py
[2026-04-24T03:27:04.188+0000] {processor.py:914} INFO - Processing file /home/airflow/.local/lib/python3.12/site-packages/airflow/example_dags/example_params_trigger_ui.py for tasks to queue
[2026-04-24T03:27:04.189+0000] {logging_mixin.py:190} INFO - [2026-04-24T03:27:04.188+0000] {dagbag.py:588} INFO - Filling up the DagBag from /home/airflow/.local/lib/python3.12/site-packages/airflow/example_dags/example_params_trigger_ui.py
[2026-04-24T03:27:04.193+0000] {processor.py:925} INFO - DAG(s) 'example_params_trigger_ui' retrieved from /home/airflow/.local/lib/python3.12/site-packages/airflow/example_dags/example_params_trigger_ui.py
[2026-04-24T03:27:04.206+0000] {logging_mixin.py:190} INFO - [2026-04-24T03:27:04.206+0000] {dag.py:3239} INFO - Sync 1 DAGs
[2026-04-24T03:27:04.211+0000] {logging_mixin.py:190} INFO - [2026-04-24T03:27:04.211+0000] {dag.py:4180} INFO - Setting next_dagrun for example_params_trigger_ui to None, run_after=None
[2026-04-24T03:27:04.216+0000] {processor.py:208} INFO - Processing /home/airflow/.local/lib/python3.12/site-packages/airflow/example_dags/example_params_trigger_ui.py took 0.031 seconds
[2026-04-24T03:27:35.282+0000] {processor.py:186} INFO - Started process (PID=50398) to work on /home/airflow/.local/lib/python3.12/site-packages/airflow/example_dags/example_params_trigger_ui.py
[2026-04-24T03:27:35.282+0000] {processor.py:914} INFO - Processing file /home/airflow/.local/lib/python3.12/site-packages/airflow/example_dags/example_params_trigger_ui.py for tasks to queue
[2026-04-24T03:27:35.283+0000] {logging_mixin.py:190} INFO - [2026-04-24T03:27:35.283+0000] {dagbag.py:588} INFO - Filling up the DagBag from /home/airflow/.local/lib/python3.12/site-packages/airflow/example_dags/example_params_trigger_ui.py
[2026-04-24T03:27:35.288+0000] {processor.py:925} INFO - DAG(s) 'example_params_trigger_ui' retrieved from /home/airflow/.local/lib/python3.12/site-packages/airflow/example_dags/example_params_trigger_ui.py
[2026-04-24T03:27:35.302+0000] {logging_mixin.py:190} INFO - [2026-04-24T03:27:35.302+0000] {dag.py:3239} INFO - Sync 1 DAGs
[2026-04-24T03:27:35.307+0000] {logging_mixin.py:190} INFO - [2026-04-24T03:27:35.307+0000] {dag.py:4180} INFO - Setting next_dagrun for example_params_trigger_ui to None, run_after=None
[2026-04-24T03:27:35.314+0000] {processor.py:208} INFO - Processing /home/airflow/.local/lib/python3.12/site-packages/airflow/example_dags/example_params_trigger_ui.py took 0.034 seconds
[2026-04-24T03:28:06.490+0000] {processor.py:186} INFO - Started process (PID=50462) to work on /home/airflow/.local/lib/python3.12/site-packages/airflow/example_dags/example_params_trigger_ui.py
[2026-04-24T03:28:06.491+0000] {processor.py:914} INFO - Processing file /home/airflow/.local/lib/python3.12/site-packages/airflow/example_dags/example_params_trigger_ui.py for tasks to queue
[2026-04-24T03:28:06.492+0000] {logging_mixin.py:190} INFO - [2026-04-24T03:28:06.492+0000] {dagbag.py:588} INFO - Filling up the DagBag from /home/airflow/.local/lib/python3.12/site-packages/airflow/example_dags/example_params_trigger_ui.py
[2026-04-24T03:28:06.496+0000] {processor.py:925} INFO - DAG(s) 'example_params_trigger_ui' retrieved from /home/airflow/.local/lib/python3.12/site-packages/airflow/example_dags/example_params_trigger_ui.py
[2026-04-24T03:28:06.510+0000] {logging_mixin.py:190} INFO - [2026-04-24T03:28:06.510+0000] {dag.py:3239} INFO - Sync 1 DAGs
[2026-04-24T03:28:06.515+0000] {logging_mixin.py:190} INFO - [2026-04-24T03:28:06.515+0000] {dag.py:4180} INFO - Setting next_dagrun for example_params_trigger_ui to None, run_after=None
[2026-04-24T03:28:06.521+0000] {processor.py:208} INFO - Processing /home/airflow/.local/lib/python3.12/site-packages/airflow/example_dags/example_params_trigger_ui.py took 0.033 seconds
[2026-04-24T03:28:38.192+0000] {processor.py:186} INFO - Started process (PID=50526) to work on /home/airflow/.local/lib/python3.12/site-packages/airflow/example_dags/example_params_trigger_ui.py
[2026-04-24T03:28:38.192+0000] {processor.py:914} INFO - Processing file /home/airflow/.local/lib/python3.12/site-packages/airflow/example_dags/example_params_trigger_ui.py for tasks to queue
[2026-04-24T03:28:38.193+0000] {logging_mixin.py:190} INFO - [2026-04-24T03:28:38.193+0000] {dagbag.py:588} INFO - Filling up the DagBag from /home/airflow/.local/lib/python3.12/site-packages/airflow/example_dags/example_params_trigger_ui.py
[2026-04-24T03:28:38.198+0000] {processor.py:925} INFO - DAG(s) 'example_params_trigger_ui' retrieved from /home/airflow/.local/lib/python3.12/site-packages/airflow/example_dags/example_params_trigger_ui.py
[2026-04-24T03:28:38.216+0000] {logging_mixin.py:190} INFO - [2026-04-24T03:28:38.216+0000] {dag.py:3239} INFO - Sync 1 DAGs
[2026-04-24T03:28:38.222+0000] {logging_mixin.py:190} INFO - [2026-04-24T03:28:38.222+0000] {dag.py:4180} INFO - Setting next_dagrun for example_params_trigger_ui to None, run_after=None
[2026-04-24T03:28:38.229+0000] {processor.py:208} INFO - Processing /home/airflow/.local/lib/python3.12/site-packages/airflow/example_dags/example_params_trigger_ui.py took 0.040 seconds
[2026-04-24T03:29:08.648+0000] {processor.py:186} INFO - Started process (PID=50589) to work on /home/airflow/.local/lib/python3.12/site-packages/airflow/example_dags/example_params_trigger_ui.py
[2026-04-24T03:29:08.649+0000] {processor.py:914} INFO - Processing file /home/airflow/.local/lib/python3.12/site-packages/airflow/example_dags/example_params_trigger_ui.py for tasks to queue
[2026-04-24T03:29:08.650+0000] {logging_mixin.py:190} INFO - [2026-04-24T03:29:08.649+0000] {dagbag.py:588} INFO - Filling up the DagBag from /home/airflow/.local/lib/python3.12/site-packages/airflow/example_dags/example_params_trigger_ui.py
[2026-04-24T03:29:08.655+0000] {processor.py:925} INFO - DAG(s) 'example_params_trigger_ui' retrieved from /home/airflow/.local/lib/python3.12/site-packages/airflow/example_dags/example_params_trigger_ui.py
[2026-04-24T03:29:08.670+0000] {logging_mixin.py:190} INFO - [2026-04-24T03:29:08.670+0000] {dag.py:3239} INFO - Sync 1 DAGs
[2026-04-24T03:29:08.675+0000] {logging_mixin.py:190} INFO - [2026-04-24T03:29:08.675+0000] {dag.py:4180} INFO - Setting next_dagrun for example_params_trigger_ui to None, run_after=None
[2026-04-24T03:29:08.687+0000] {processor.py:208} INFO - Processing /home/airflow/.local/lib/python3.12/site-packages/airflow/example_dags/example_params_trigger_ui.py took 0.042 seconds
[2026-04-24T03:29:39.338+0000] {processor.py:186} INFO - Started process (PID=50653) to work on /home/airflow/.local/lib/python3.12/site-packages/airflow/example_dags/example_params_trigger_ui.py
[2026-04-24T03:29:39.338+0000] {processor.py:914} INFO - Processing file /home/airflow/.local/lib/python3.12/site-packages/airflow/example_dags/example_params_trigger_ui.py for tasks to queue
[2026-04-24T03:29:39.339+0000] {logging_mixin.py:190} INFO - [2026-04-24T03:29:39.339+0000] {dagbag.py:588} INFO - Filling up the DagBag from /home/airflow/.local/lib/python3.12/site-packages/airflow/example_dags/example_params_trigger_ui.py
[2026-04-24T03:29:39.344+0000] {processor.py:925} INFO - DAG(s) 'example_params_trigger_ui' retrieved from /home/airflow/.local/lib/python3.12/site-packages/airflow/example_dags/example_params_trigger_ui.py
[2026-04-24T03:29:39.364+0000] {logging_mixin.py:190} INFO - [2026-04-24T03:29:39.364+0000] {dag.py:3239} INFO - Sync 1 DAGs
[2026-04-24T03:29:39.371+0000] {logging_mixin.py:190} INFO - [2026-04-24T03:29:39.371+0000] {dag.py:4180} INFO - Setting next_dagrun for example_params_trigger_ui to None, run_after=None
[2026-04-24T03:29:39.377+0000] {processor.py:208} INFO - Processing /home/airflow/.local/lib/python3.12/site-packages/airflow/example_dags/example_params_trigger_ui.py took 0.042 seconds
[2026-04-24T03:30:09.513+0000] {processor.py:186} INFO - Started process (PID=50717) to work on /home/airflow/.local/lib/python3.12/site-packages/airflow/example_dags/example_params_trigger_ui.py
[2026-04-24T03:30:09.513+0000] {processor.py:914} INFO - Processing file /home/airflow/.local/lib/python3.12/site-packages/airflow/example_dags/example_params_trigger_ui.py for tasks to queue
[2026-04-24T03:30:09.514+0000] {logging_mixin.py:190} INFO - [2026-04-24T03:30:09.514+0000] {dagbag.py:588} INFO - Filling up the DagBag from /home/airflow/.local/lib/python3.12/site-packages/airflow/example_dags/example_params_trigger_ui.py
[2026-04-24T03:30:09.519+0000] {processor.py:925} INFO - DAG(s) 'example_params_trigger_ui' retrieved from /home/airflow/.local/lib/python3.12/site-packages/airflow/example_dags/example_params_trigger_ui.py
[2026-04-24T03:30:09.533+0000] {logging_mixin.py:190} INFO - [2026-04-24T03:30:09.532+0000] {dag.py:3239} INFO - Sync 1 DAGs
[2026-04-24T03:30:09.537+0000] {logging_mixin.py:190} INFO - [2026-04-24T03:30:09.537+0000] {dag.py:4180} INFO - Setting next_dagrun for example_params_trigger_ui to None, run_after=None
[2026-04-24T03:30:09.543+0000] {processor.py:208} INFO - Processing /home/airflow/.local/lib/python3.12/site-packages/airflow/example_dags/example_params_trigger_ui.py took 0.033 seconds
[2026-04-24T03:30:40.619+0000] {processor.py:186} INFO - Started process (PID=50781) to work on /home/airflow/.local/lib/python3.12/site-packages/airflow/example_dags/example_params_trigger_ui.py
[2026-04-24T03:30:40.620+0000] {processor.py:914} INFO - Processing file /home/airflow/.local/lib/python3.12/site-packages/airflow/example_dags/example_params_trigger_ui.py for tasks to queue
[2026-04-24T03:30:40.621+0000] {logging_mixin.py:190} INFO - [2026-04-24T03:30:40.620+0000] {dagbag.py:588} INFO - Filling up the DagBag from /home/airflow/.local/lib/python3.12/site-packages/airflow/example_dags/example_params_trigger_ui.py
[2026-04-24T03:30:40.625+0000] {processor.py:925} INFO - DAG(s) 'example_params_trigger_ui' retrieved from /home/airflow/.local/lib/python3.12/site-packages/airflow/example_dags/example_params_trigger_ui.py
[2026-04-24T03:30:40.639+0000] {logging_mixin.py:190} INFO - [2026-04-24T03:30:40.639+0000] {dag.py:3239} INFO - Sync 1 DAGs
[2026-04-24T03:30:40.645+0000] {logging_mixin.py:190} INFO - [2026-04-24T03:30:40.645+0000] {dag.py:4180} INFO - Setting next_dagrun for example_params_trigger_ui to None, run_after=None
[2026-04-24T03:30:40.651+0000] {processor.py:208} INFO - Processing /home/airflow/.local/lib/python3.12/site-packages/airflow/example_dags/example_params_trigger_ui.py took 0.034 seconds
[2026-04-24T03:31:11.807+0000] {processor.py:186} INFO - Started process (PID=50845) to work on /home/airflow/.local/lib/python3.12/site-packages/airflow/example_dags/example_params_trigger_ui.py
[2026-04-24T03:31:11.807+0000] {processor.py:914} INFO - Processing file /home/airflow/.local/lib/python3.12/site-packages/airflow/example_dags/example_params_trigger_ui.py for tasks to queue
[2026-04-24T03:31:11.808+0000] {logging_mixin.py:190} INFO - [2026-04-24T03:31:11.808+0000] {dagbag.py:588} INFO - Filling up the DagBag from /home/airflow/.local/lib/python3.12/site-packages/airflow/example_dags/example_params_trigger_ui.py
[2026-04-24T03:31:11.813+0000] {processor.py:925} INFO - DAG(s) 'example_params_trigger_ui' retrieved from /home/airflow/.local/lib/python3.12/site-packages/airflow/example_dags/example_params_trigger_ui.py
[2026-04-24T03:31:11.826+0000] {logging_mixin.py:190} INFO - [2026-04-24T03:31:11.826+0000] {dag.py:3239} INFO - Sync 1 DAGs
[2026-04-24T03:31:11.831+0000] {logging_mixin.py:190} INFO - [2026-04-24T03:31:11.831+0000] {dag.py:4180} INFO - Setting next_dagrun for example_params_trigger_ui to None, run_after=None
[2026-04-24T03:31:11.837+0000] {processor.py:208} INFO - Processing /home/airflow/.local/lib/python3.12/site-packages/airflow/example_dags/example_params_trigger_ui.py took 0.033 seconds
[2026-04-24T03:31:42.951+0000] {processor.py:186} INFO - Started process (PID=50909) to work on /home/airflow/.local/lib/python3.12/site-packages/airflow/example_dags/example_params_trigger_ui.py
[2026-04-24T03:31:42.952+0000] {processor.py:914} INFO - Processing file /home/airflow/.local/lib/python3.12/site-packages/airflow/example_dags/example_params_trigger_ui.py for tasks to queue
[2026-04-24T03:31:42.953+0000] {logging_mixin.py:190} INFO - [2026-04-24T03:31:42.952+0000] {dagbag.py:588} INFO - Filling up the DagBag from /home/airflow/.local/lib/python3.12/site-packages/airflow/example_dags/example_params_trigger_ui.py
[2026-04-24T03:31:42.957+0000] {processor.py:925} INFO - DAG(s) 'example_params_trigger_ui' retrieved from /home/airflow/.local/lib/python3.12/site-packages/airflow/example_dags/example_params_trigger_ui.py
[2026-04-24T03:31:42.970+0000] {logging_mixin.py:190} INFO - [2026-04-24T03:31:42.970+0000] {dag.py:3239} INFO - Sync 1 DAGs
[2026-04-24T03:31:42.975+0000] {logging_mixin.py:190} INFO - [2026-04-24T03:31:42.975+0000] {dag.py:4180} INFO - Setting next_dagrun for example_params_trigger_ui to None, run_after=None
[2026-04-24T03:31:42.981+0000] {processor.py:208} INFO - Processing /home/airflow/.local/lib/python3.12/site-packages/airflow/example_dags/example_params_trigger_ui.py took 0.032 seconds
[2026-04-24T03:32:14.239+0000] {processor.py:186} INFO - Started process (PID=50973) to work on /home/airflow/.local/lib/python3.12/site-packages/airflow/example_dags/example_params_trigger_ui.py
[2026-04-24T03:32:14.239+0000] {processor.py:914} INFO - Processing file /home/airflow/.local/lib/python3.12/site-packages/airflow/example_dags/example_params_trigger_ui.py for tasks to queue
[2026-04-24T03:32:14.242+0000] {logging_mixin.py:190} INFO - [2026-04-24T03:32:14.242+0000] {dagbag.py:588} INFO - Filling up the DagBag from /home/airflow/.local/lib/python3.12/site-packages/airflow/example_dags/example_params_trigger_ui.py
[2026-04-24T03:32:14.246+0000] {processor.py:925} INFO - DAG(s) 'example_params_trigger_ui' retrieved from /home/airflow/.local/lib/python3.12/site-packages/airflow/example_dags/example_params_trigger_ui.py
[2026-04-24T03:32:14.263+0000] {logging_mixin.py:190} INFO - [2026-04-24T03:32:14.262+0000] {dag.py:3239} INFO - Sync 1 DAGs
[2026-04-24T03:32:14.267+0000] {logging_mixin.py:190} INFO - [2026-04-24T03:32:14.267+0000] {dag.py:4180} INFO - Setting next_dagrun for example_params_trigger_ui to None, run_after=None
[2026-04-24T03:32:14.277+0000] {processor.py:208} INFO - Processing /home/airflow/.local/lib/python3.12/site-packages/airflow/example_dags/example_params_trigger_ui.py took 0.040 seconds
[2026-04-24T03:32:45.165+0000] {processor.py:186} INFO - Started process (PID=51037) to work on /home/airflow/.local/lib/python3.12/site-packages/airflow/example_dags/example_params_trigger_ui.py
[2026-04-24T03:32:45.166+0000] {processor.py:914} INFO - Processing file /home/airflow/.local/lib/python3.12/site-packages/airflow/example_dags/example_params_trigger_ui.py for tasks to queue
[2026-04-24T03:32:45.167+0000] {logging_mixin.py:190} INFO - [2026-04-24T03:32:45.167+0000] {dagbag.py:588} INFO - Filling up the DagBag from /home/airflow/.local/lib/python3.12/site-packages/airflow/example_dags/example_params_trigger_ui.py
[2026-04-24T03:32:45.171+0000] {processor.py:925} INFO - DAG(s) 'example_params_trigger_ui' retrieved from /home/airflow/.local/lib/python3.12/site-packages/airflow/example_dags/example_params_trigger_ui.py
[2026-04-24T03:32:45.186+0000] {logging_mixin.py:190} INFO - [2026-04-24T03:32:45.185+0000] {dag.py:3239} INFO - Sync 1 DAGs
[2026-04-24T03:32:45.191+0000] {logging_mixin.py:190} INFO - [2026-04-24T03:32:45.191+0000] {dag.py:4180} INFO - Setting next_dagrun for example_params_trigger_ui to None, run_after=None
[2026-04-24T03:32:45.197+0000] {processor.py:208} INFO - Processing /home/airflow/.local/lib/python3.12/site-packages/airflow/example_dags/example_params_trigger_ui.py took 0.034 seconds
[2026-04-24T03:33:15.224+0000] {processor.py:186} INFO - Started process (PID=51100) to work on /home/airflow/.local/lib/python3.12/site-packages/airflow/example_dags/example_params_trigger_ui.py
[2026-04-24T03:33:15.224+0000] {processor.py:914} INFO - Processing file /home/airflow/.local/lib/python3.12/site-packages/airflow/example_dags/example_params_trigger_ui.py for tasks to queue
[2026-04-24T03:33:15.225+0000] {logging_mixin.py:190} INFO - [2026-04-24T03:33:15.225+0000] {dagbag.py:588} INFO - Filling up the DagBag from /home/airflow/.local/lib/python3.12/site-packages/airflow/example_dags/example_params_trigger_ui.py
[2026-04-24T03:33:15.231+0000] {processor.py:925} INFO - DAG(s) 'example_params_trigger_ui' retrieved from /home/airflow/.local/lib/python3.12/site-packages/airflow/example_dags/example_params_trigger_ui.py
[2026-04-24T03:33:15.246+0000] {logging_mixin.py:190} INFO - [2026-04-24T03:33:15.246+0000] {dag.py:3239} INFO - Sync 1 DAGs
[2026-04-24T03:33:15.251+0000] {logging_mixin.py:190} INFO - [2026-04-24T03:33:15.251+0000] {dag.py:4180} INFO - Setting next_dagrun for example_params_trigger_ui to None, run_after=None
[2026-04-24T03:33:15.256+0000] {processor.py:208} INFO - Processing /home/airflow/.local/lib/python3.12/site-packages/airflow/example_dags/example_params_trigger_ui.py took 0.034 seconds
[2026-04-24T03:33:46.551+0000] {processor.py:186} INFO - Started process (PID=51164) to work on /home/airflow/.local/lib/python3.12/site-packages/airflow/example_dags/example_params_trigger_ui.py
[2026-04-24T03:33:46.552+0000] {processor.py:914} INFO - Processing file /home/airflow/.local/lib/python3.12/site-packages/airflow/example_dags/example_params_trigger_ui.py for tasks to queue
[2026-04-24T03:33:46.553+0000] {logging_mixin.py:190} INFO - [2026-04-24T03:33:46.553+0000] {dagbag.py:588} INFO - Filling up the DagBag from /home/airflow/.local/lib/python3.12/site-packages/airflow/example_dags/example_params_trigger_ui.py
[2026-04-24T03:33:46.559+0000] {processor.py:925} INFO - DAG(s) 'example_params_trigger_ui' retrieved from /home/airflow/.local/lib/python3.12/site-packages/airflow/example_dags/example_params_trigger_ui.py
[2026-04-24T03:33:46.574+0000] {logging_mixin.py:190} INFO - [2026-04-24T03:33:46.574+0000] {dag.py:3239} INFO - Sync 1 DAGs
[2026-04-24T03:33:46.579+0000] {logging_mixin.py:190} INFO - [2026-04-24T03:33:46.579+0000] {dag.py:4180} INFO - Setting next_dagrun for example_params_trigger_ui to None, run_after=None
[2026-04-24T03:33:46.589+0000] {processor.py:208} INFO - Processing /home/airflow/.local/lib/python3.12/site-packages/airflow/example_dags/example_params_trigger_ui.py took 0.040 seconds
[2026-04-24T03:34:17.221+0000] {processor.py:186} INFO - Started process (PID=51229) to work on /home/airflow/.local/lib/python3.12/site-packages/airflow/example_dags/example_params_trigger_ui.py
[2026-04-24T03:34:17.222+0000] {processor.py:914} INFO - Processing file /home/airflow/.local/lib/python3.12/site-packages/airflow/example_dags/example_params_trigger_ui.py for tasks to queue
[2026-04-24T03:34:17.223+0000] {logging_mixin.py:190} INFO - [2026-04-24T03:34:17.223+0000] {dagbag.py:588} INFO - Filling up the DagBag from /home/airflow/.local/lib/python3.12/site-packages/airflow/example_dags/example_params_trigger_ui.py
[2026-04-24T03:34:17.227+0000] {processor.py:925} INFO - DAG(s) 'example_params_trigger_ui' retrieved from /home/airflow/.local/lib/python3.12/site-packages/airflow/example_dags/example_params_trigger_ui.py
[2026-04-24T03:34:17.243+0000] {logging_mixin.py:190} INFO - [2026-04-24T03:34:17.243+0000] {dag.py:3239} INFO - Sync 1 DAGs
[2026-04-24T03:34:17.248+0000] {logging_mixin.py:190} INFO - [2026-04-24T03:34:17.248+0000] {dag.py:4180} INFO - Setting next_dagrun for example_params_trigger_ui to None, run_after=None
[2026-04-24T03:34:17.255+0000] {processor.py:208} INFO - Processing /home/airflow/.local/lib/python3.12/site-packages/airflow/example_dags/example_params_trigger_ui.py took 0.036 seconds
[2026-04-24T03:34:47.724+0000] {processor.py:186} INFO - Started process (PID=51293) to work on /home/airflow/.local/lib/python3.12/site-packages/airflow/example_dags/example_params_trigger_ui.py
[2026-04-24T03:34:47.725+0000] {processor.py:914} INFO - Processing file /home/airflow/.local/lib/python3.12/site-packages/airflow/example_dags/example_params_trigger_ui.py for tasks to queue
[2026-04-24T03:34:47.726+0000] {logging_mixin.py:190} INFO - [2026-04-24T03:34:47.725+0000] {dagbag.py:588} INFO - Filling up the DagBag from /home/airflow/.local/lib/python3.12/site-packages/airflow/example_dags/example_params_trigger_ui.py
[2026-04-24T03:34:47.734+0000] {processor.py:925} INFO - DAG(s) 'example_params_trigger_ui' retrieved from /home/airflow/.local/lib/python3.12/site-packages/airflow/example_dags/example_params_trigger_ui.py
[2026-04-24T03:34:47.748+0000] {logging_mixin.py:190} INFO - [2026-04-24T03:34:47.748+0000] {dag.py:3239} INFO - Sync 1 DAGs
[2026-04-24T03:34:47.753+0000] {logging_mixin.py:190} INFO - [2026-04-24T03:34:47.753+0000] {dag.py:4180} INFO - Setting next_dagrun for example_params_trigger_ui to None, run_after=None
[2026-04-24T03:34:47.758+0000] {processor.py:208} INFO - Processing /home/airflow/.local/lib/python3.12/site-packages/airflow/example_dags/example_params_trigger_ui.py took 0.037 seconds
[2026-04-24T03:35:18.245+0000] {processor.py:186} INFO - Started process (PID=51357) to work on /home/airflow/.local/lib/python3.12/site-packages/airflow/example_dags/example_params_trigger_ui.py
[2026-04-24T03:35:18.245+0000] {processor.py:914} INFO - Processing file /home/airflow/.local/lib/python3.12/site-packages/airflow/example_dags/example_params_trigger_ui.py for tasks to queue
[2026-04-24T03:35:18.246+0000] {logging_mixin.py:190} INFO - [2026-04-24T03:35:18.246+0000] {dagbag.py:588} INFO - Filling up the DagBag from /home/airflow/.local/lib/python3.12/site-packages/airflow/example_dags/example_params_trigger_ui.py
[2026-04-24T03:35:18.251+0000] {processor.py:925} INFO - DAG(s) 'example_params_trigger_ui' retrieved from /home/airflow/.local/lib/python3.12/site-packages/airflow/example_dags/example_params_trigger_ui.py
[2026-04-24T03:35:18.265+0000] {logging_mixin.py:190} INFO - [2026-04-24T03:35:18.265+0000] {dag.py:3239} INFO - Sync 1 DAGs
[2026-04-24T03:35:18.270+0000] {logging_mixin.py:190} INFO - [2026-04-24T03:35:18.270+0000] {dag.py:4180} INFO - Setting next_dagrun for example_params_trigger_ui to None, run_after=None
[2026-04-24T03:35:18.277+0000] {processor.py:208} INFO - Processing /home/airflow/.local/lib/python3.12/site-packages/airflow/example_dags/example_params_trigger_ui.py took 0.035 seconds
[2026-04-24T03:35:48.992+0000] {processor.py:186} INFO - Started process (PID=51421) to work on /home/airflow/.local/lib/python3.12/site-packages/airflow/example_dags/example_params_trigger_ui.py
[2026-04-24T03:35:48.993+0000] {processor.py:914} INFO - Processing file /home/airflow/.local/lib/python3.12/site-packages/airflow/example_dags/example_params_trigger_ui.py for tasks to queue
[2026-04-24T03:35:48.994+0000] {logging_mixin.py:190} INFO - [2026-04-24T03:35:48.994+0000] {dagbag.py:588} INFO - Filling up the DagBag from /home/airflow/.local/lib/python3.12/site-packages/airflow/example_dags/example_params_trigger_ui.py
[2026-04-24T03:35:49.000+0000] {processor.py:925} INFO - DAG(s) 'example_params_trigger_ui' retrieved from /home/airflow/.local/lib/python3.12/site-packages/airflow/example_dags/example_params_trigger_ui.py
[2026-04-24T03:35:49.019+0000] {logging_mixin.py:190} INFO - [2026-04-24T03:35:49.019+0000] {dag.py:3239} INFO - Sync 1 DAGs
[2026-04-24T03:35:49.025+0000] {logging_mixin.py:190} INFO - [2026-04-24T03:35:49.025+0000] {dag.py:4180} INFO - Setting next_dagrun for example_params_trigger_ui to None, run_after=None
[2026-04-24T03:35:49.037+0000] {processor.py:208} INFO - Processing /home/airflow/.local/lib/python3.12/site-packages/airflow/example_dags/example_params_trigger_ui.py took 0.048 seconds
[2026-04-24T03:36:19.824+0000] {processor.py:186} INFO - Started process (PID=51485) to work on /home/airflow/.local/lib/python3.12/site-packages/airflow/example_dags/example_params_trigger_ui.py
[2026-04-24T03:36:19.827+0000] {processor.py:914} INFO - Processing file /home/airflow/.local/lib/python3.12/site-packages/airflow/example_dags/example_params_trigger_ui.py for tasks to queue
[2026-04-24T03:36:19.828+0000] {logging_mixin.py:190} INFO - [2026-04-24T03:36:19.828+0000] {dagbag.py:588} INFO - Filling up the DagBag from /home/airflow/.local/lib/python3.12/site-packages/airflow/example_dags/example_params_trigger_ui.py
[2026-04-24T03:36:19.831+0000] {processor.py:925} INFO - DAG(s) 'example_params_trigger_ui' retrieved from /home/airflow/.local/lib/python3.12/site-packages/airflow/example_dags/example_params_trigger_ui.py
[2026-04-24T03:36:19.849+0000] {logging_mixin.py:190} INFO - [2026-04-24T03:36:19.849+0000] {dag.py:3239} INFO - Sync 1 DAGs
[2026-04-24T03:36:19.855+0000] {logging_mixin.py:190} INFO - [2026-04-24T03:36:19.855+0000] {dag.py:4180} INFO - Setting next_dagrun for example_params_trigger_ui to None, run_after=None
[2026-04-24T03:36:19.866+0000] {processor.py:208} INFO - Processing /home/airflow/.local/lib/python3.12/site-packages/airflow/example_dags/example_params_trigger_ui.py took 0.043 seconds
[2026-04-24T03:36:49.981+0000] {processor.py:186} INFO - Started process (PID=51549) to work on /home/airflow/.local/lib/python3.12/site-packages/airflow/example_dags/example_params_trigger_ui.py
[2026-04-24T03:36:49.981+0000] {processor.py:914} INFO - Processing file /home/airflow/.local/lib/python3.12/site-packages/airflow/example_dags/example_params_trigger_ui.py for tasks to queue
[2026-04-24T03:36:49.982+0000] {logging_mixin.py:190} INFO - [2026-04-24T03:36:49.982+0000] {dagbag.py:588} INFO - Filling up the DagBag from /home/airflow/.local/lib/python3.12/site-packages/airflow/example_dags/example_params_trigger_ui.py
[2026-04-24T03:36:49.986+0000] {processor.py:925} INFO - DAG(s) 'example_params_trigger_ui' retrieved from /home/airflow/.local/lib/python3.12/site-packages/airflow/example_dags/example_params_trigger_ui.py
[2026-04-24T03:36:50.000+0000] {logging_mixin.py:190} INFO - [2026-04-24T03:36:50.000+0000] {dag.py:3239} INFO - Sync 1 DAGs
[2026-04-24T03:36:50.005+0000] {logging_mixin.py:190} INFO - [2026-04-24T03:36:50.005+0000] {dag.py:4180} INFO - Setting next_dagrun for example_params_trigger_ui to None, run_after=None
[2026-04-24T03:36:50.011+0000] {processor.py:208} INFO - Processing /home/airflow/.local/lib/python3.12/site-packages/airflow/example_dags/example_params_trigger_ui.py took 0.032 seconds
[2026-04-24T03:37:21.455+0000] {processor.py:186} INFO - Started process (PID=51613) to work on /home/airflow/.local/lib/python3.12/site-packages/airflow/example_dags/example_params_trigger_ui.py
[2026-04-24T03:37:21.455+0000] {processor.py:914} INFO - Processing file /home/airflow/.local/lib/python3.12/site-packages/airflow/example_dags/example_params_trigger_ui.py for tasks to queue
[2026-04-24T03:37:21.456+0000] {logging_mixin.py:190} INFO - [2026-04-24T03:37:21.456+0000] {dagbag.py:588} INFO - Filling up the DagBag from /home/airflow/.local/lib/python3.12/site-packages/airflow/example_dags/example_params_trigger_ui.py
[2026-04-24T03:37:21.462+0000] {processor.py:925} INFO - DAG(s) 'example_params_trigger_ui' retrieved from /home/airflow/.local/lib/python3.12/site-packages/airflow/example_dags/example_params_trigger_ui.py
[2026-04-24T03:37:21.480+0000] {logging_mixin.py:190} INFO - [2026-04-24T03:37:21.480+0000] {dag.py:3239} INFO - Sync 1 DAGs
[2026-04-24T03:37:21.487+0000] {logging_mixin.py:190} INFO - [2026-04-24T03:37:21.486+0000] {dag.py:4180} INFO - Setting next_dagrun for example_params_trigger_ui to None, run_after=None
[2026-04-24T03:37:21.500+0000] {processor.py:208} INFO - Processing /home/airflow/.local/lib/python3.12/site-packages/airflow/example_dags/example_params_trigger_ui.py took 0.048 seconds
[2026-04-24T03:37:52.360+0000] {processor.py:186} INFO - Started process (PID=51677) to work on /home/airflow/.local/lib/python3.12/site-packages/airflow/example_dags/example_params_trigger_ui.py
[2026-04-24T03:37:52.360+0000] {processor.py:914} INFO - Processing file /home/airflow/.local/lib/python3.12/site-packages/airflow/example_dags/example_params_trigger_ui.py for tasks to queue
[2026-04-24T03:37:52.361+0000] {logging_mixin.py:190} INFO - [2026-04-24T03:37:52.361+0000] {dagbag.py:588} INFO - Filling up the DagBag from /home/airflow/.local/lib/python3.12/site-packages/airflow/example_dags/example_params_trigger_ui.py
[2026-04-24T03:37:52.366+0000] {processor.py:925} INFO - DAG(s) 'example_params_trigger_ui' retrieved from /home/airflow/.local/lib/python3.12/site-packages/airflow/example_dags/example_params_trigger_ui.py
[2026-04-24T03:37:52.382+0000] {logging_mixin.py:190} INFO - [2026-04-24T03:37:52.382+0000] {dag.py:3239} INFO - Sync 1 DAGs
[2026-04-24T03:37:52.387+0000] {logging_mixin.py:190} INFO - [2026-04-24T03:37:52.387+0000] {dag.py:4180} INFO - Setting next_dagrun for example_params_trigger_ui to None, run_after=None
[2026-04-24T03:37:52.398+0000] {processor.py:208} INFO - Processing /home/airflow/.local/lib/python3.12/site-packages/airflow/example_dags/example_params_trigger_ui.py took 0.041 seconds
[2026-04-24T03:38:22.874+0000] {processor.py:186} INFO - Started process (PID=51747) to work on /home/airflow/.local/lib/python3.12/site-packages/airflow/example_dags/example_params_trigger_ui.py
[2026-04-24T03:38:22.875+0000] {processor.py:914} INFO - Processing file /home/airflow/.local/lib/python3.12/site-packages/airflow/example_dags/example_params_trigger_ui.py for tasks to queue
[2026-04-24T03:38:22.875+0000] {logging_mixin.py:190} INFO - [2026-04-24T03:38:22.875+0000] {dagbag.py:588} INFO - Filling up the DagBag from /home/airflow/.local/lib/python3.12/site-packages/airflow/example_dags/example_params_trigger_ui.py
[2026-04-24T03:38:22.880+0000] {processor.py:925} INFO - DAG(s) 'example_params_trigger_ui' retrieved from /home/airflow/.local/lib/python3.12/site-packages/airflow/example_dags/example_params_trigger_ui.py
[2026-04-24T03:38:22.893+0000] {logging_mixin.py:190} INFO - [2026-04-24T03:38:22.893+0000] {dag.py:3239} INFO - Sync 1 DAGs
[2026-04-24T03:38:22.898+0000] {logging_mixin.py:190} INFO - [2026-04-24T03:38:22.898+0000] {dag.py:4180} INFO - Setting next_dagrun for example_params_trigger_ui to None, run_after=None
[2026-04-24T03:38:22.904+0000] {processor.py:208} INFO - Processing /home/airflow/.local/lib/python3.12/site-packages/airflow/example_dags/example_params_trigger_ui.py took 0.032 seconds
[2026-04-24T03:38:53.185+0000] {processor.py:186} INFO - Started process (PID=51810) to work on /home/airflow/.local/lib/python3.12/site-packages/airflow/example_dags/example_params_trigger_ui.py
[2026-04-24T03:38:53.186+0000] {processor.py:914} INFO - Processing file /home/airflow/.local/lib/python3.12/site-packages/airflow/example_dags/example_params_trigger_ui.py for tasks to queue
[2026-04-24T03:38:53.189+0000] {logging_mixin.py:190} INFO - [2026-04-24T03:38:53.189+0000] {dagbag.py:588} INFO - Filling up the DagBag from /home/airflow/.local/lib/python3.12/site-packages/airflow/example_dags/example_params_trigger_ui.py
[2026-04-24T03:38:53.195+0000] {processor.py:925} INFO - DAG(s) 'example_params_trigger_ui' retrieved from /home/airflow/.local/lib/python3.12/site-packages/airflow/example_dags/example_params_trigger_ui.py
[2026-04-24T03:38:53.212+0000] {logging_mixin.py:190} INFO - [2026-04-24T03:38:53.212+0000] {dag.py:3239} INFO - Sync 1 DAGs
[2026-04-24T03:38:53.218+0000] {logging_mixin.py:190} INFO - [2026-04-24T03:38:53.218+0000] {dag.py:4180} INFO - Setting next_dagrun for example_params_trigger_ui to None, run_after=None
[2026-04-24T03:38:53.224+0000] {processor.py:208} INFO - Processing /home/airflow/.local/lib/python3.12/site-packages/airflow/example_dags/example_params_trigger_ui.py took 0.041 seconds
[2026-04-24T03:39:24.427+0000] {processor.py:186} INFO - Started process (PID=51875) to work on /home/airflow/.local/lib/python3.12/site-packages/airflow/example_dags/example_params_trigger_ui.py
[2026-04-24T03:39:24.428+0000] {processor.py:914} INFO - Processing file /home/airflow/.local/lib/python3.12/site-packages/airflow/example_dags/example_params_trigger_ui.py for tasks to queue
[2026-04-24T03:39:24.428+0000] {logging_mixin.py:190} INFO - [2026-04-24T03:39:24.428+0000] {dagbag.py:588} INFO - Filling up the DagBag from /home/airflow/.local/lib/python3.12/site-packages/airflow/example_dags/example_params_trigger_ui.py
[2026-04-24T03:39:24.433+0000] {processor.py:925} INFO - DAG(s) 'example_params_trigger_ui' retrieved from /home/airflow/.local/lib/python3.12/site-packages/airflow/example_dags/example_params_trigger_ui.py
[2026-04-24T03:39:24.446+0000] {logging_mixin.py:190} INFO - [2026-04-24T03:39:24.446+0000] {dag.py:3239} INFO - Sync 1 DAGs
[2026-04-24T03:39:24.451+0000] {logging_mixin.py:190} INFO - [2026-04-24T03:39:24.451+0000] {dag.py:4180} INFO - Setting next_dagrun for example_params_trigger_ui to None, run_after=None
[2026-04-24T03:39:24.456+0000] {processor.py:208} INFO - Processing /home/airflow/.local/lib/python3.12/site-packages/airflow/example_dags/example_params_trigger_ui.py took 0.031 seconds
[2026-04-24T03:39:55.717+0000] {processor.py:186} INFO - Started process (PID=51938) to work on /home/airflow/.local/lib/python3.12/site-packages/airflow/example_dags/example_params_trigger_ui.py
[2026-04-24T03:39:55.718+0000] {processor.py:914} INFO - Processing file /home/airflow/.local/lib/python3.12/site-packages/airflow/example_dags/example_params_trigger_ui.py for tasks to queue
[2026-04-24T03:39:55.719+0000] {logging_mixin.py:190} INFO - [2026-04-24T03:39:55.718+0000] {dagbag.py:588} INFO - Filling up the DagBag from /home/airflow/.local/lib/python3.12/site-packages/airflow/example_dags/example_params_trigger_ui.py
[2026-04-24T03:39:55.724+0000] {processor.py:925} INFO - DAG(s) 'example_params_trigger_ui' retrieved from /home/airflow/.local/lib/python3.12/site-packages/airflow/example_dags/example_params_trigger_ui.py
[2026-04-24T03:39:55.743+0000] {logging_mixin.py:190} INFO - [2026-04-24T03:39:55.743+0000] {dag.py:3239} INFO - Sync 1 DAGs
[2026-04-24T03:39:55.748+0000] {logging_mixin.py:190} INFO - [2026-04-24T03:39:55.747+0000] {dag.py:4180} INFO - Setting next_dagrun for example_params_trigger_ui to None, run_after=None
[2026-04-24T03:39:55.754+0000] {processor.py:208} INFO - Processing /home/airflow/.local/lib/python3.12/site-packages/airflow/example_dags/example_params_trigger_ui.py took 0.040 seconds
[2026-04-24T03:40:27.007+0000] {processor.py:186} INFO - Started process (PID=52002) to work on /home/airflow/.local/lib/python3.12/site-packages/airflow/example_dags/example_params_trigger_ui.py
[2026-04-24T03:40:27.007+0000] {processor.py:914} INFO - Processing file /home/airflow/.local/lib/python3.12/site-packages/airflow/example_dags/example_params_trigger_ui.py for tasks to queue
[2026-04-24T03:40:27.008+0000] {logging_mixin.py:190} INFO - [2026-04-24T03:40:27.008+0000] {dagbag.py:588} INFO - Filling up the DagBag from /home/airflow/.local/lib/python3.12/site-packages/airflow/example_dags/example_params_trigger_ui.py
[2026-04-24T03:40:27.013+0000] {processor.py:925} INFO - DAG(s) 'example_params_trigger_ui' retrieved from /home/airflow/.local/lib/python3.12/site-packages/airflow/example_dags/example_params_trigger_ui.py
[2026-04-24T03:40:27.029+0000] {logging_mixin.py:190} INFO - [2026-04-24T03:40:27.029+0000] {dag.py:3239} INFO - Sync 1 DAGs
[2026-04-24T03:40:27.034+0000] {logging_mixin.py:190} INFO - [2026-04-24T03:40:27.034+0000] {dag.py:4180} INFO - Setting next_dagrun for example_params_trigger_ui to None, run_after=None
[2026-04-24T03:40:27.042+0000] {processor.py:208} INFO - Processing /home/airflow/.local/lib/python3.12/site-packages/airflow/example_dags/example_params_trigger_ui.py took 0.038 seconds
[2026-04-24T03:40:58.361+0000] {processor.py:186} INFO - Started process (PID=52066) to work on /home/airflow/.local/lib/python3.12/site-packages/airflow/example_dags/example_params_trigger_ui.py
[2026-04-24T03:40:58.362+0000] {processor.py:914} INFO - Processing file /home/airflow/.local/lib/python3.12/site-packages/airflow/example_dags/example_params_trigger_ui.py for tasks to queue
[2026-04-24T03:40:58.363+0000] {logging_mixin.py:190} INFO - [2026-04-24T03:40:58.362+0000] {dagbag.py:588} INFO - Filling up the DagBag from /home/airflow/.local/lib/python3.12/site-packages/airflow/example_dags/example_params_trigger_ui.py
[2026-04-24T03:40:58.367+0000] {processor.py:925} INFO - DAG(s) 'example_params_trigger_ui' retrieved from /home/airflow/.local/lib/python3.12/site-packages/airflow/example_dags/example_params_trigger_ui.py
[2026-04-24T03:40:58.379+0000] {logging_mixin.py:190} INFO - [2026-04-24T03:40:58.379+0000] {dag.py:3239} INFO - Sync 1 DAGs
[2026-04-24T03:40:58.384+0000] {logging_mixin.py:190} INFO - [2026-04-24T03:40:58.384+0000] {dag.py:4180} INFO - Setting next_dagrun for example_params_trigger_ui to None, run_after=None
[2026-04-24T03:40:58.390+0000] {processor.py:208} INFO - Processing /home/airflow/.local/lib/python3.12/site-packages/airflow/example_dags/example_params_trigger_ui.py took 0.031 seconds
[2026-04-24T03:41:28.714+0000] {processor.py:186} INFO - Started process (PID=52130) to work on /home/airflow/.local/lib/python3.12/site-packages/airflow/example_dags/example_params_trigger_ui.py
[2026-04-24T03:41:28.714+0000] {processor.py:914} INFO - Processing file /home/airflow/.local/lib/python3.12/site-packages/airflow/example_dags/example_params_trigger_ui.py for tasks to queue
[2026-04-24T03:41:28.715+0000] {logging_mixin.py:190} INFO - [2026-04-24T03:41:28.715+0000] {dagbag.py:588} INFO - Filling up the DagBag from /home/airflow/.local/lib/python3.12/site-packages/airflow/example_dags/example_params_trigger_ui.py
[2026-04-24T03:41:28.719+0000] {processor.py:925} INFO - DAG(s) 'example_params_trigger_ui' retrieved from /home/airflow/.local/lib/python3.12/site-packages/airflow/example_dags/example_params_trigger_ui.py
[2026-04-24T03:41:28.738+0000] {logging_mixin.py:190} INFO - [2026-04-24T03:41:28.738+0000] {dag.py:3239} INFO - Sync 1 DAGs
[2026-04-24T03:41:28.743+0000] {logging_mixin.py:190} INFO - [2026-04-24T03:41:28.743+0000] {dag.py:4180} INFO - Setting next_dagrun for example_params_trigger_ui to None, run_after=None
[2026-04-24T03:41:28.753+0000] {processor.py:208} INFO - Processing /home/airflow/.local/lib/python3.12/site-packages/airflow/example_dags/example_params_trigger_ui.py took 0.042 seconds
[2026-04-24T03:41:59.104+0000] {processor.py:186} INFO - Started process (PID=52194) to work on /home/airflow/.local/lib/python3.12/site-packages/airflow/example_dags/example_params_trigger_ui.py
[2026-04-24T03:41:59.105+0000] {processor.py:914} INFO - Processing file /home/airflow/.local/lib/python3.12/site-packages/airflow/example_dags/example_params_trigger_ui.py for tasks to queue
[2026-04-24T03:41:59.106+0000] {logging_mixin.py:190} INFO - [2026-04-24T03:41:59.106+0000] {dagbag.py:588} INFO - Filling up the DagBag from /home/airflow/.local/lib/python3.12/site-packages/airflow/example_dags/example_params_trigger_ui.py
[2026-04-24T03:41:59.111+0000] {processor.py:925} INFO - DAG(s) 'example_params_trigger_ui' retrieved from /home/airflow/.local/lib/python3.12/site-packages/airflow/example_dags/example_params_trigger_ui.py
[2026-04-24T03:41:59.135+0000] {logging_mixin.py:190} INFO - [2026-04-24T03:41:59.135+0000] {dag.py:3239} INFO - Sync 1 DAGs
[2026-04-24T03:41:59.141+0000] {logging_mixin.py:190} INFO - [2026-04-24T03:41:59.141+0000] {dag.py:4180} INFO - Setting next_dagrun for example_params_trigger_ui to None, run_after=None
[2026-04-24T03:41:59.148+0000] {processor.py:208} INFO - Processing /home/airflow/.local/lib/python3.12/site-packages/airflow/example_dags/example_params_trigger_ui.py took 0.046 seconds
[2026-04-24T03:42:30.535+0000] {processor.py:186} INFO - Started process (PID=52259) to work on /home/airflow/.local/lib/python3.12/site-packages/airflow/example_dags/example_params_trigger_ui.py
[2026-04-24T03:42:30.535+0000] {processor.py:914} INFO - Processing file /home/airflow/.local/lib/python3.12/site-packages/airflow/example_dags/example_params_trigger_ui.py for tasks to queue
[2026-04-24T03:42:30.536+0000] {logging_mixin.py:190} INFO - [2026-04-24T03:42:30.536+0000] {dagbag.py:588} INFO - Filling up the DagBag from /home/airflow/.local/lib/python3.12/site-packages/airflow/example_dags/example_params_trigger_ui.py
[2026-04-24T03:42:30.542+0000] {processor.py:925} INFO - DAG(s) 'example_params_trigger_ui' retrieved from /home/airflow/.local/lib/python3.12/site-packages/airflow/example_dags/example_params_trigger_ui.py
[2026-04-24T03:42:30.560+0000] {logging_mixin.py:190} INFO - [2026-04-24T03:42:30.560+0000] {dag.py:3239} INFO - Sync 1 DAGs
[2026-04-24T03:42:30.567+0000] {logging_mixin.py:190} INFO - [2026-04-24T03:42:30.566+0000] {dag.py:4180} INFO - Setting next_dagrun for example_params_trigger_ui to None, run_after=None
[2026-04-24T03:42:30.574+0000] {processor.py:208} INFO - Processing /home/airflow/.local/lib/python3.12/site-packages/airflow/example_dags/example_params_trigger_ui.py took 0.042 seconds
[2026-04-24T03:43:01.690+0000] {processor.py:186} INFO - Started process (PID=52323) to work on /home/airflow/.local/lib/python3.12/site-packages/airflow/example_dags/example_params_trigger_ui.py
[2026-04-24T03:43:01.690+0000] {processor.py:914} INFO - Processing file /home/airflow/.local/lib/python3.12/site-packages/airflow/example_dags/example_params_trigger_ui.py for tasks to queue
[2026-04-24T03:43:01.691+0000] {logging_mixin.py:190} INFO - [2026-04-24T03:43:01.691+0000] {dagbag.py:588} INFO - Filling up the DagBag from /home/airflow/.local/lib/python3.12/site-packages/airflow/example_dags/example_params_trigger_ui.py
[2026-04-24T03:43:01.696+0000] {processor.py:925} INFO - DAG(s) 'example_params_trigger_ui' retrieved from /home/airflow/.local/lib/python3.12/site-packages/airflow/example_dags/example_params_trigger_ui.py
[2026-04-24T03:43:01.712+0000] {logging_mixin.py:190} INFO - [2026-04-24T03:43:01.711+0000] {dag.py:3239} INFO - Sync 1 DAGs
[2026-04-24T03:43:01.718+0000] {logging_mixin.py:190} INFO - [2026-04-24T03:43:01.717+0000] {dag.py:4180} INFO - Setting next_dagrun for example_params_trigger_ui to None, run_after=None
[2026-04-24T03:43:01.729+0000] {processor.py:208} INFO - Processing /home/airflow/.local/lib/python3.12/site-packages/airflow/example_dags/example_params_trigger_ui.py took 0.043 seconds
[2026-04-24T03:43:32.060+0000] {processor.py:186} INFO - Started process (PID=52387) to work on /home/airflow/.local/lib/python3.12/site-packages/airflow/example_dags/example_params_trigger_ui.py
[2026-04-24T03:43:32.060+0000] {processor.py:914} INFO - Processing file /home/airflow/.local/lib/python3.12/site-packages/airflow/example_dags/example_params_trigger_ui.py for tasks to queue
[2026-04-24T03:43:32.061+0000] {logging_mixin.py:190} INFO - [2026-04-24T03:43:32.061+0000] {dagbag.py:588} INFO - Filling up the DagBag from /home/airflow/.local/lib/python3.12/site-packages/airflow/example_dags/example_params_trigger_ui.py
[2026-04-24T03:43:32.066+0000] {processor.py:925} INFO - DAG(s) 'example_params_trigger_ui' retrieved from /home/airflow/.local/lib/python3.12/site-packages/airflow/example_dags/example_params_trigger_ui.py
[2026-04-24T03:43:32.079+0000] {logging_mixin.py:190} INFO - [2026-04-24T03:43:32.079+0000] {dag.py:3239} INFO - Sync 1 DAGs
[2026-04-24T03:43:32.084+0000] {logging_mixin.py:190} INFO - [2026-04-24T03:43:32.084+0000] {dag.py:4180} INFO - Setting next_dagrun for example_params_trigger_ui to None, run_after=None
[2026-04-24T03:43:32.089+0000] {processor.py:208} INFO - Processing /home/airflow/.local/lib/python3.12/site-packages/airflow/example_dags/example_params_trigger_ui.py took 0.032 seconds
[2026-04-24T03:44:02.832+0000] {processor.py:186} INFO - Started process (PID=52450) to work on /home/airflow/.local/lib/python3.12/site-packages/airflow/example_dags/example_params_trigger_ui.py
[2026-04-24T03:44:02.832+0000] {processor.py:914} INFO - Processing file /home/airflow/.local/lib/python3.12/site-packages/airflow/example_dags/example_params_trigger_ui.py for tasks to queue
[2026-04-24T03:44:02.833+0000] {logging_mixin.py:190} INFO - [2026-04-24T03:44:02.833+0000] {dagbag.py:588} INFO - Filling up the DagBag from /home/airflow/.local/lib/python3.12/site-packages/airflow/example_dags/example_params_trigger_ui.py
[2026-04-24T03:44:02.838+0000] {processor.py:925} INFO - DAG(s) 'example_params_trigger_ui' retrieved from /home/airflow/.local/lib/python3.12/site-packages/airflow/example_dags/example_params_trigger_ui.py
[2026-04-24T03:44:02.853+0000] {logging_mixin.py:190} INFO - [2026-04-24T03:44:02.853+0000] {dag.py:3239} INFO - Sync 1 DAGs
[2026-04-24T03:44:02.859+0000] {logging_mixin.py:190} INFO - [2026-04-24T03:44:02.859+0000] {dag.py:4180} INFO - Setting next_dagrun for example_params_trigger_ui to None, run_after=None
[2026-04-24T03:44:02.866+0000] {processor.py:208} INFO - Processing /home/airflow/.local/lib/python3.12/site-packages/airflow/example_dags/example_params_trigger_ui.py took 0.037 seconds
[2026-04-24T03:44:34.051+0000] {processor.py:186} INFO - Started process (PID=52515) to work on /home/airflow/.local/lib/python3.12/site-packages/airflow/example_dags/example_params_trigger_ui.py
[2026-04-24T03:44:34.052+0000] {processor.py:914} INFO - Processing file /home/airflow/.local/lib/python3.12/site-packages/airflow/example_dags/example_params_trigger_ui.py for tasks to queue
[2026-04-24T03:44:34.053+0000] {logging_mixin.py:190} INFO - [2026-04-24T03:44:34.053+0000] {dagbag.py:588} INFO - Filling up the DagBag from /home/airflow/.local/lib/python3.12/site-packages/airflow/example_dags/example_params_trigger_ui.py
[2026-04-24T03:44:34.058+0000] {processor.py:925} INFO - DAG(s) 'example_params_trigger_ui' retrieved from /home/airflow/.local/lib/python3.12/site-packages/airflow/example_dags/example_params_trigger_ui.py
[2026-04-24T03:44:34.077+0000] {logging_mixin.py:190} INFO - [2026-04-24T03:44:34.077+0000] {dag.py:3239} INFO - Sync 1 DAGs
[2026-04-24T03:44:34.086+0000] {logging_mixin.py:190} INFO - [2026-04-24T03:44:34.086+0000] {dag.py:4180} INFO - Setting next_dagrun for example_params_trigger_ui to None, run_after=None
[2026-04-24T03:44:34.094+0000] {processor.py:208} INFO - Processing /home/airflow/.local/lib/python3.12/site-packages/airflow/example_dags/example_params_trigger_ui.py took 0.046 seconds
[2026-04-24T03:45:06.391+0000] {processor.py:186} INFO - Started process (PID=52579) to work on /home/airflow/.local/lib/python3.12/site-packages/airflow/example_dags/example_params_trigger_ui.py
[2026-04-24T03:45:06.391+0000] {processor.py:914} INFO - Processing file /home/airflow/.local/lib/python3.12/site-packages/airflow/example_dags/example_params_trigger_ui.py for tasks to queue
[2026-04-24T03:45:06.392+0000] {logging_mixin.py:190} INFO - [2026-04-24T03:45:06.392+0000] {dagbag.py:588} INFO - Filling up the DagBag from /home/airflow/.local/lib/python3.12/site-packages/airflow/example_dags/example_params_trigger_ui.py
[2026-04-24T03:45:06.398+0000] {processor.py:925} INFO - DAG(s) 'example_params_trigger_ui' retrieved from /home/airflow/.local/lib/python3.12/site-packages/airflow/example_dags/example_params_trigger_ui.py
[2026-04-24T03:45:06.415+0000] {logging_mixin.py:190} INFO - [2026-04-24T03:45:06.415+0000] {dag.py:3239} INFO - Sync 1 DAGs
[2026-04-24T03:45:06.422+0000] {logging_mixin.py:190} INFO - [2026-04-24T03:45:06.422+0000] {dag.py:4180} INFO - Setting next_dagrun for example_params_trigger_ui to None, run_after=None
[2026-04-24T03:45:06.430+0000] {processor.py:208} INFO - Processing /home/airflow/.local/lib/python3.12/site-packages/airflow/example_dags/example_params_trigger_ui.py took 0.042 seconds
[2026-04-24T03:45:37.340+0000] {processor.py:186} INFO - Started process (PID=52643) to work on /home/airflow/.local/lib/python3.12/site-packages/airflow/example_dags/example_params_trigger_ui.py
[2026-04-24T03:45:37.340+0000] {processor.py:914} INFO - Processing file /home/airflow/.local/lib/python3.12/site-packages/airflow/example_dags/example_params_trigger_ui.py for tasks to queue
[2026-04-24T03:45:37.341+0000] {logging_mixin.py:190} INFO - [2026-04-24T03:45:37.341+0000] {dagbag.py:588} INFO - Filling up the DagBag from /home/airflow/.local/lib/python3.12/site-packages/airflow/example_dags/example_params_trigger_ui.py
[2026-04-24T03:45:37.347+0000] {processor.py:925} INFO - DAG(s) 'example_params_trigger_ui' retrieved from /home/airflow/.local/lib/python3.12/site-packages/airflow/example_dags/example_params_trigger_ui.py
[2026-04-24T03:45:37.433+0000] {logging_mixin.py:190} INFO - [2026-04-24T03:45:37.433+0000] {dag.py:3239} INFO - Sync 1 DAGs
[2026-04-24T03:45:37.437+0000] {logging_mixin.py:190} INFO - [2026-04-24T03:45:37.437+0000] {dag.py:4180} INFO - Setting next_dagrun for example_params_trigger_ui to None, run_after=None
[2026-04-24T03:45:37.447+0000] {processor.py:208} INFO - Processing /home/airflow/.local/lib/python3.12/site-packages/airflow/example_dags/example_params_trigger_ui.py took 0.109 seconds
[2026-04-24T03:46:08.422+0000] {processor.py:186} INFO - Started process (PID=52707) to work on /home/airflow/.local/lib/python3.12/site-packages/airflow/example_dags/example_params_trigger_ui.py
[2026-04-24T03:46:08.423+0000] {processor.py:914} INFO - Processing file /home/airflow/.local/lib/python3.12/site-packages/airflow/example_dags/example_params_trigger_ui.py for tasks to queue
[2026-04-24T03:46:08.424+0000] {logging_mixin.py:190} INFO - [2026-04-24T03:46:08.424+0000] {dagbag.py:588} INFO - Filling up the DagBag from /home/airflow/.local/lib/python3.12/site-packages/airflow/example_dags/example_params_trigger_ui.py
[2026-04-24T03:46:08.429+0000] {processor.py:925} INFO - DAG(s) 'example_params_trigger_ui' retrieved from /home/airflow/.local/lib/python3.12/site-packages/airflow/example_dags/example_params_trigger_ui.py
[2026-04-24T03:46:08.446+0000] {logging_mixin.py:190} INFO - [2026-04-24T03:46:08.446+0000] {dag.py:3239} INFO - Sync 1 DAGs
[2026-04-24T03:46:08.453+0000] {logging_mixin.py:190} INFO - [2026-04-24T03:46:08.453+0000] {dag.py:4180} INFO - Setting next_dagrun for example_params_trigger_ui to None, run_after=None
[2026-04-24T03:46:08.464+0000] {processor.py:208} INFO - Processing /home/airflow/.local/lib/python3.12/site-packages/airflow/example_dags/example_params_trigger_ui.py took 0.044 seconds
[2026-04-24T03:46:38.512+0000] {processor.py:186} INFO - Started process (PID=52770) to work on /home/airflow/.local/lib/python3.12/site-packages/airflow/example_dags/example_params_trigger_ui.py
[2026-04-24T03:46:38.513+0000] {processor.py:914} INFO - Processing file /home/airflow/.local/lib/python3.12/site-packages/airflow/example_dags/example_params_trigger_ui.py for tasks to queue
[2026-04-24T03:46:38.515+0000] {logging_mixin.py:190} INFO - [2026-04-24T03:46:38.515+0000] {dagbag.py:588} INFO - Filling up the DagBag from /home/airflow/.local/lib/python3.12/site-packages/airflow/example_dags/example_params_trigger_ui.py
[2026-04-24T03:46:38.520+0000] {processor.py:925} INFO - DAG(s) 'example_params_trigger_ui' retrieved from /home/airflow/.local/lib/python3.12/site-packages/airflow/example_dags/example_params_trigger_ui.py
[2026-04-24T03:46:38.539+0000] {logging_mixin.py:190} INFO - [2026-04-24T03:46:38.539+0000] {dag.py:3239} INFO - Sync 1 DAGs
[2026-04-24T03:46:38.545+0000] {logging_mixin.py:190} INFO - [2026-04-24T03:46:38.545+0000] {dag.py:4180} INFO - Setting next_dagrun for example_params_trigger_ui to None, run_after=None
[2026-04-24T03:46:38.553+0000] {processor.py:208} INFO - Processing /home/airflow/.local/lib/python3.12/site-packages/airflow/example_dags/example_params_trigger_ui.py took 0.043 seconds
[2026-04-24T03:47:09.704+0000] {processor.py:186} INFO - Started process (PID=52835) to work on /home/airflow/.local/lib/python3.12/site-packages/airflow/example_dags/example_params_trigger_ui.py
[2026-04-24T03:47:09.705+0000] {processor.py:914} INFO - Processing file /home/airflow/.local/lib/python3.12/site-packages/airflow/example_dags/example_params_trigger_ui.py for tasks to queue
[2026-04-24T03:47:09.706+0000] {logging_mixin.py:190} INFO - [2026-04-24T03:47:09.705+0000] {dagbag.py:588} INFO - Filling up the DagBag from /home/airflow/.local/lib/python3.12/site-packages/airflow/example_dags/example_params_trigger_ui.py
[2026-04-24T03:47:09.710+0000] {processor.py:925} INFO - DAG(s) 'example_params_trigger_ui' retrieved from /home/airflow/.local/lib/python3.12/site-packages/airflow/example_dags/example_params_trigger_ui.py
[2026-04-24T03:47:09.729+0000] {logging_mixin.py:190} INFO - [2026-04-24T03:47:09.728+0000] {dag.py:3239} INFO - Sync 1 DAGs
[2026-04-24T03:47:09.733+0000] {logging_mixin.py:190} INFO - [2026-04-24T03:47:09.733+0000] {dag.py:4180} INFO - Setting next_dagrun for example_params_trigger_ui to None, run_after=None
[2026-04-24T03:47:09.741+0000] {processor.py:208} INFO - Processing /home/airflow/.local/lib/python3.12/site-packages/airflow/example_dags/example_params_trigger_ui.py took 0.039 seconds
[2026-04-24T03:47:40.740+0000] {processor.py:186} INFO - Started process (PID=52899) to work on /home/airflow/.local/lib/python3.12/site-packages/airflow/example_dags/example_params_trigger_ui.py
[2026-04-24T03:47:40.741+0000] {processor.py:914} INFO - Processing file /home/airflow/.local/lib/python3.12/site-packages/airflow/example_dags/example_params_trigger_ui.py for tasks to queue
[2026-04-24T03:47:40.742+0000] {logging_mixin.py:190} INFO - [2026-04-24T03:47:40.742+0000] {dagbag.py:588} INFO - Filling up the DagBag from /home/airflow/.local/lib/python3.12/site-packages/airflow/example_dags/example_params_trigger_ui.py
[2026-04-24T03:47:40.746+0000] {processor.py:925} INFO - DAG(s) 'example_params_trigger_ui' retrieved from /home/airflow/.local/lib/python3.12/site-packages/airflow/example_dags/example_params_trigger_ui.py
[2026-04-24T03:47:40.761+0000] {logging_mixin.py:190} INFO - [2026-04-24T03:47:40.761+0000] {dag.py:3239} INFO - Sync 1 DAGs
[2026-04-24T03:47:40.767+0000] {logging_mixin.py:190} INFO - [2026-04-24T03:47:40.767+0000] {dag.py:4180} INFO - Setting next_dagrun for example_params_trigger_ui to None, run_after=None
[2026-04-24T03:47:40.774+0000] {processor.py:208} INFO - Processing /home/airflow/.local/lib/python3.12/site-packages/airflow/example_dags/example_params_trigger_ui.py took 0.036 seconds
[2026-04-24T03:48:11.814+0000] {processor.py:186} INFO - Started process (PID=52964) to work on /home/airflow/.local/lib/python3.12/site-packages/airflow/example_dags/example_params_trigger_ui.py
[2026-04-24T03:48:11.814+0000] {processor.py:914} INFO - Processing file /home/airflow/.local/lib/python3.12/site-packages/airflow/example_dags/example_params_trigger_ui.py for tasks to queue
[2026-04-24T03:48:11.815+0000] {logging_mixin.py:190} INFO - [2026-04-24T03:48:11.815+0000] {dagbag.py:588} INFO - Filling up the DagBag from /home/airflow/.local/lib/python3.12/site-packages/airflow/example_dags/example_params_trigger_ui.py
[2026-04-24T03:48:11.820+0000] {processor.py:925} INFO - DAG(s) 'example_params_trigger_ui' retrieved from /home/airflow/.local/lib/python3.12/site-packages/airflow/example_dags/example_params_trigger_ui.py
[2026-04-24T03:48:11.835+0000] {logging_mixin.py:190} INFO - [2026-04-24T03:48:11.834+0000] {dag.py:3239} INFO - Sync 1 DAGs
[2026-04-24T03:48:11.839+0000] {logging_mixin.py:190} INFO - [2026-04-24T03:48:11.839+0000] {dag.py:4180} INFO - Setting next_dagrun for example_params_trigger_ui to None, run_after=None
[2026-04-24T03:48:11.846+0000] {processor.py:208} INFO - Processing /home/airflow/.local/lib/python3.12/site-packages/airflow/example_dags/example_params_trigger_ui.py took 0.035 seconds
[2026-04-24T03:48:43.242+0000] {processor.py:186} INFO - Started process (PID=53028) to work on /home/airflow/.local/lib/python3.12/site-packages/airflow/example_dags/example_params_trigger_ui.py
[2026-04-24T03:48:43.242+0000] {processor.py:914} INFO - Processing file /home/airflow/.local/lib/python3.12/site-packages/airflow/example_dags/example_params_trigger_ui.py for tasks to queue
[2026-04-24T03:48:43.243+0000] {logging_mixin.py:190} INFO - [2026-04-24T03:48:43.243+0000] {dagbag.py:588} INFO - Filling up the DagBag from /home/airflow/.local/lib/python3.12/site-packages/airflow/example_dags/example_params_trigger_ui.py
[2026-04-24T03:48:43.248+0000] {processor.py:925} INFO - DAG(s) 'example_params_trigger_ui' retrieved from /home/airflow/.local/lib/python3.12/site-packages/airflow/example_dags/example_params_trigger_ui.py
[2026-04-24T03:48:43.265+0000] {logging_mixin.py:190} INFO - [2026-04-24T03:48:43.265+0000] {dag.py:3239} INFO - Sync 1 DAGs
[2026-04-24T03:48:43.273+0000] {logging_mixin.py:190} INFO - [2026-04-24T03:48:43.273+0000] {dag.py:4180} INFO - Setting next_dagrun for example_params_trigger_ui to None, run_after=None
[2026-04-24T03:48:43.283+0000] {processor.py:208} INFO - Processing /home/airflow/.local/lib/python3.12/site-packages/airflow/example_dags/example_params_trigger_ui.py took 0.043 seconds
[2026-04-24T03:49:13.791+0000] {processor.py:186} INFO - Started process (PID=53092) to work on /home/airflow/.local/lib/python3.12/site-packages/airflow/example_dags/example_params_trigger_ui.py
[2026-04-24T03:49:13.791+0000] {processor.py:914} INFO - Processing file /home/airflow/.local/lib/python3.12/site-packages/airflow/example_dags/example_params_trigger_ui.py for tasks to queue
[2026-04-24T03:49:13.793+0000] {logging_mixin.py:190} INFO - [2026-04-24T03:49:13.793+0000] {dagbag.py:588} INFO - Filling up the DagBag from /home/airflow/.local/lib/python3.12/site-packages/airflow/example_dags/example_params_trigger_ui.py
[2026-04-24T03:49:13.798+0000] {processor.py:925} INFO - DAG(s) 'example_params_trigger_ui' retrieved from /home/airflow/.local/lib/python3.12/site-packages/airflow/example_dags/example_params_trigger_ui.py
[2026-04-24T03:49:13.813+0000] {logging_mixin.py:190} INFO - [2026-04-24T03:49:13.813+0000] {dag.py:3239} INFO - Sync 1 DAGs
[2026-04-24T03:49:13.821+0000] {logging_mixin.py:190} INFO - [2026-04-24T03:49:13.821+0000] {dag.py:4180} INFO - Setting next_dagrun for example_params_trigger_ui to None, run_after=None
[2026-04-24T03:49:13.829+0000] {processor.py:208} INFO - Processing /home/airflow/.local/lib/python3.12/site-packages/airflow/example_dags/example_params_trigger_ui.py took 0.040 seconds
[2026-04-24T03:49:44.088+0000] {processor.py:186} INFO - Started process (PID=53156) to work on /home/airflow/.local/lib/python3.12/site-packages/airflow/example_dags/example_params_trigger_ui.py
[2026-04-24T03:49:44.088+0000] {processor.py:914} INFO - Processing file /home/airflow/.local/lib/python3.12/site-packages/airflow/example_dags/example_params_trigger_ui.py for tasks to queue
[2026-04-24T03:49:44.089+0000] {logging_mixin.py:190} INFO - [2026-04-24T03:49:44.089+0000] {dagbag.py:588} INFO - Filling up the DagBag from /home/airflow/.local/lib/python3.12/site-packages/airflow/example_dags/example_params_trigger_ui.py
[2026-04-24T03:49:44.093+0000] {processor.py:925} INFO - DAG(s) 'example_params_trigger_ui' retrieved from /home/airflow/.local/lib/python3.12/site-packages/airflow/example_dags/example_params_trigger_ui.py
[2026-04-24T03:49:44.108+0000] {logging_mixin.py:190} INFO - [2026-04-24T03:49:44.108+0000] {dag.py:3239} INFO - Sync 1 DAGs
[2026-04-24T03:49:44.113+0000] {logging_mixin.py:190} INFO - [2026-04-24T03:49:44.113+0000] {dag.py:4180} INFO - Setting next_dagrun for example_params_trigger_ui to None, run_after=None
[2026-04-24T03:49:44.119+0000] {processor.py:208} INFO - Processing /home/airflow/.local/lib/python3.12/site-packages/airflow/example_dags/example_params_trigger_ui.py took 0.034 seconds
[2026-04-24T03:50:14.375+0000] {processor.py:186} INFO - Started process (PID=53220) to work on /home/airflow/.local/lib/python3.12/site-packages/airflow/example_dags/example_params_trigger_ui.py
[2026-04-24T03:50:14.376+0000] {processor.py:914} INFO - Processing file /home/airflow/.local/lib/python3.12/site-packages/airflow/example_dags/example_params_trigger_ui.py for tasks to queue
[2026-04-24T03:50:14.377+0000] {logging_mixin.py:190} INFO - [2026-04-24T03:50:14.377+0000] {dagbag.py:588} INFO - Filling up the DagBag from /home/airflow/.local/lib/python3.12/site-packages/airflow/example_dags/example_params_trigger_ui.py
[2026-04-24T03:50:14.382+0000] {processor.py:925} INFO - DAG(s) 'example_params_trigger_ui' retrieved from /home/airflow/.local/lib/python3.12/site-packages/airflow/example_dags/example_params_trigger_ui.py
[2026-04-24T03:50:14.398+0000] {logging_mixin.py:190} INFO - [2026-04-24T03:50:14.398+0000] {dag.py:3239} INFO - Sync 1 DAGs
[2026-04-24T03:50:14.403+0000] {logging_mixin.py:190} INFO - [2026-04-24T03:50:14.403+0000] {dag.py:4180} INFO - Setting next_dagrun for example_params_trigger_ui to None, run_after=None
[2026-04-24T03:50:14.409+0000] {processor.py:208} INFO - Processing /home/airflow/.local/lib/python3.12/site-packages/airflow/example_dags/example_params_trigger_ui.py took 0.036 seconds
[2026-04-24T03:50:45.518+0000] {processor.py:186} INFO - Started process (PID=53284) to work on /home/airflow/.local/lib/python3.12/site-packages/airflow/example_dags/example_params_trigger_ui.py
[2026-04-24T03:50:45.519+0000] {processor.py:914} INFO - Processing file /home/airflow/.local/lib/python3.12/site-packages/airflow/example_dags/example_params_trigger_ui.py for tasks to queue
[2026-04-24T03:50:45.520+0000] {logging_mixin.py:190} INFO - [2026-04-24T03:50:45.520+0000] {dagbag.py:588} INFO - Filling up the DagBag from /home/airflow/.local/lib/python3.12/site-packages/airflow/example_dags/example_params_trigger_ui.py
[2026-04-24T03:50:45.525+0000] {processor.py:925} INFO - DAG(s) 'example_params_trigger_ui' retrieved from /home/airflow/.local/lib/python3.12/site-packages/airflow/example_dags/example_params_trigger_ui.py
[2026-04-24T03:50:45.543+0000] {logging_mixin.py:190} INFO - [2026-04-24T03:50:45.543+0000] {dag.py:3239} INFO - Sync 1 DAGs
[2026-04-24T03:50:45.549+0000] {logging_mixin.py:190} INFO - [2026-04-24T03:50:45.549+0000] {dag.py:4180} INFO - Setting next_dagrun for example_params_trigger_ui to None, run_after=None
[2026-04-24T03:50:45.559+0000] {processor.py:208} INFO - Processing /home/airflow/.local/lib/python3.12/site-packages/airflow/example_dags/example_params_trigger_ui.py took 0.044 seconds
[2026-04-24T03:51:16.806+0000] {processor.py:186} INFO - Started process (PID=53348) to work on /home/airflow/.local/lib/python3.12/site-packages/airflow/example_dags/example_params_trigger_ui.py
[2026-04-24T03:51:16.806+0000] {processor.py:914} INFO - Processing file /home/airflow/.local/lib/python3.12/site-packages/airflow/example_dags/example_params_trigger_ui.py for tasks to queue
[2026-04-24T03:51:16.808+0000] {logging_mixin.py:190} INFO - [2026-04-24T03:51:16.808+0000] {dagbag.py:588} INFO - Filling up the DagBag from /home/airflow/.local/lib/python3.12/site-packages/airflow/example_dags/example_params_trigger_ui.py
[2026-04-24T03:51:16.814+0000] {processor.py:925} INFO - DAG(s) 'example_params_trigger_ui' retrieved from /home/airflow/.local/lib/python3.12/site-packages/airflow/example_dags/example_params_trigger_ui.py
[2026-04-24T03:51:16.831+0000] {logging_mixin.py:190} INFO - [2026-04-24T03:51:16.831+0000] {dag.py:3239} INFO - Sync 1 DAGs
[2026-04-24T03:51:16.838+0000] {logging_mixin.py:190} INFO - [2026-04-24T03:51:16.838+0000] {dag.py:4180} INFO - Setting next_dagrun for example_params_trigger_ui to None, run_after=None
[2026-04-24T03:51:16.846+0000] {processor.py:208} INFO - Processing /home/airflow/.local/lib/python3.12/site-packages/airflow/example_dags/example_params_trigger_ui.py took 0.043 seconds
[2026-04-24T03:51:47.286+0000] {processor.py:186} INFO - Started process (PID=53412) to work on /home/airflow/.local/lib/python3.12/site-packages/airflow/example_dags/example_params_trigger_ui.py
[2026-04-24T03:51:47.287+0000] {processor.py:914} INFO - Processing file /home/airflow/.local/lib/python3.12/site-packages/airflow/example_dags/example_params_trigger_ui.py for tasks to queue
[2026-04-24T03:51:47.289+0000] {logging_mixin.py:190} INFO - [2026-04-24T03:51:47.289+0000] {dagbag.py:588} INFO - Filling up the DagBag from /home/airflow/.local/lib/python3.12/site-packages/airflow/example_dags/example_params_trigger_ui.py
[2026-04-24T03:51:47.299+0000] {processor.py:925} INFO - DAG(s) 'example_params_trigger_ui' retrieved from /home/airflow/.local/lib/python3.12/site-packages/airflow/example_dags/example_params_trigger_ui.py
[2026-04-24T03:51:47.329+0000] {logging_mixin.py:190} INFO - [2026-04-24T03:51:47.329+0000] {dag.py:3239} INFO - Sync 1 DAGs
[2026-04-24T03:51:47.338+0000] {logging_mixin.py:190} INFO - [2026-04-24T03:51:47.337+0000] {dag.py:4180} INFO - Setting next_dagrun for example_params_trigger_ui to None, run_after=None
[2026-04-24T03:51:47.352+0000] {processor.py:208} INFO - Processing /home/airflow/.local/lib/python3.12/site-packages/airflow/example_dags/example_params_trigger_ui.py took 0.070 seconds
[2026-04-24T03:52:17.483+0000] {processor.py:186} INFO - Started process (PID=53476) to work on /home/airflow/.local/lib/python3.12/site-packages/airflow/example_dags/example_params_trigger_ui.py
[2026-04-24T03:52:17.483+0000] {processor.py:914} INFO - Processing file /home/airflow/.local/lib/python3.12/site-packages/airflow/example_dags/example_params_trigger_ui.py for tasks to queue
[2026-04-24T03:52:17.484+0000] {logging_mixin.py:190} INFO - [2026-04-24T03:52:17.484+0000] {dagbag.py:588} INFO - Filling up the DagBag from /home/airflow/.local/lib/python3.12/site-packages/airflow/example_dags/example_params_trigger_ui.py
[2026-04-24T03:52:17.488+0000] {processor.py:925} INFO - DAG(s) 'example_params_trigger_ui' retrieved from /home/airflow/.local/lib/python3.12/site-packages/airflow/example_dags/example_params_trigger_ui.py
[2026-04-24T03:52:17.507+0000] {logging_mixin.py:190} INFO - [2026-04-24T03:52:17.507+0000] {dag.py:3239} INFO - Sync 1 DAGs
[2026-04-24T03:52:17.512+0000] {logging_mixin.py:190} INFO - [2026-04-24T03:52:17.512+0000] {dag.py:4180} INFO - Setting next_dagrun for example_params_trigger_ui to None, run_after=None
[2026-04-24T03:52:17.520+0000] {processor.py:208} INFO - Processing /home/airflow/.local/lib/python3.12/site-packages/airflow/example_dags/example_params_trigger_ui.py took 0.040 seconds
[2026-04-24T03:52:47.657+0000] {processor.py:186} INFO - Started process (PID=53540) to work on /home/airflow/.local/lib/python3.12/site-packages/airflow/example_dags/example_params_trigger_ui.py
[2026-04-24T03:52:47.657+0000] {processor.py:914} INFO - Processing file /home/airflow/.local/lib/python3.12/site-packages/airflow/example_dags/example_params_trigger_ui.py for tasks to queue
[2026-04-24T03:52:47.658+0000] {logging_mixin.py:190} INFO - [2026-04-24T03:52:47.658+0000] {dagbag.py:588} INFO - Filling up the DagBag from /home/airflow/.local/lib/python3.12/site-packages/airflow/example_dags/example_params_trigger_ui.py
[2026-04-24T03:52:47.663+0000] {processor.py:925} INFO - DAG(s) 'example_params_trigger_ui' retrieved from /home/airflow/.local/lib/python3.12/site-packages/airflow/example_dags/example_params_trigger_ui.py
[2026-04-24T03:52:47.678+0000] {logging_mixin.py:190} INFO - [2026-04-24T03:52:47.678+0000] {dag.py:3239} INFO - Sync 1 DAGs
[2026-04-24T03:52:47.683+0000] {logging_mixin.py:190} INFO - [2026-04-24T03:52:47.683+0000] {dag.py:4180} INFO - Setting next_dagrun for example_params_trigger_ui to None, run_after=None
[2026-04-24T03:52:47.689+0000] {processor.py:208} INFO - Processing /home/airflow/.local/lib/python3.12/site-packages/airflow/example_dags/example_params_trigger_ui.py took 0.035 seconds
[2026-04-24T03:53:18.832+0000] {processor.py:186} INFO - Started process (PID=53604) to work on /home/airflow/.local/lib/python3.12/site-packages/airflow/example_dags/example_params_trigger_ui.py
[2026-04-24T03:53:18.835+0000] {processor.py:914} INFO - Processing file /home/airflow/.local/lib/python3.12/site-packages/airflow/example_dags/example_params_trigger_ui.py for tasks to queue
[2026-04-24T03:53:18.836+0000] {logging_mixin.py:190} INFO - [2026-04-24T03:53:18.835+0000] {dagbag.py:588} INFO - Filling up the DagBag from /home/airflow/.local/lib/python3.12/site-packages/airflow/example_dags/example_params_trigger_ui.py
[2026-04-24T03:53:18.840+0000] {processor.py:925} INFO - DAG(s) 'example_params_trigger_ui' retrieved from /home/airflow/.local/lib/python3.12/site-packages/airflow/example_dags/example_params_trigger_ui.py
[2026-04-24T03:53:18.859+0000] {logging_mixin.py:190} INFO - [2026-04-24T03:53:18.859+0000] {dag.py:3239} INFO - Sync 1 DAGs
[2026-04-24T03:53:18.864+0000] {logging_mixin.py:190} INFO - [2026-04-24T03:53:18.864+0000] {dag.py:4180} INFO - Setting next_dagrun for example_params_trigger_ui to None, run_after=None
[2026-04-24T03:53:18.870+0000] {processor.py:208} INFO - Processing /home/airflow/.local/lib/python3.12/site-packages/airflow/example_dags/example_params_trigger_ui.py took 0.040 seconds
[2026-04-24T03:53:50.126+0000] {processor.py:186} INFO - Started process (PID=53668) to work on /home/airflow/.local/lib/python3.12/site-packages/airflow/example_dags/example_params_trigger_ui.py
[2026-04-24T03:53:50.127+0000] {processor.py:914} INFO - Processing file /home/airflow/.local/lib/python3.12/site-packages/airflow/example_dags/example_params_trigger_ui.py for tasks to queue
[2026-04-24T03:53:50.131+0000] {logging_mixin.py:190} INFO - [2026-04-24T03:53:50.131+0000] {dagbag.py:588} INFO - Filling up the DagBag from /home/airflow/.local/lib/python3.12/site-packages/airflow/example_dags/example_params_trigger_ui.py
[2026-04-24T03:53:50.138+0000] {processor.py:925} INFO - DAG(s) 'example_params_trigger_ui' retrieved from /home/airflow/.local/lib/python3.12/site-packages/airflow/example_dags/example_params_trigger_ui.py
[2026-04-24T03:53:50.160+0000] {logging_mixin.py:190} INFO - [2026-04-24T03:53:50.160+0000] {dag.py:3239} INFO - Sync 1 DAGs
[2026-04-24T03:53:50.165+0000] {logging_mixin.py:190} INFO - [2026-04-24T03:53:50.165+0000] {dag.py:4180} INFO - Setting next_dagrun for example_params_trigger_ui to None, run_after=None
[2026-04-24T03:53:50.173+0000] {processor.py:208} INFO - Processing /home/airflow/.local/lib/python3.12/site-packages/airflow/example_dags/example_params_trigger_ui.py took 0.050 seconds
[2026-04-24T03:54:21.221+0000] {processor.py:186} INFO - Started process (PID=53732) to work on /home/airflow/.local/lib/python3.12/site-packages/airflow/example_dags/example_params_trigger_ui.py
[2026-04-24T03:54:21.222+0000] {processor.py:914} INFO - Processing file /home/airflow/.local/lib/python3.12/site-packages/airflow/example_dags/example_params_trigger_ui.py for tasks to queue
[2026-04-24T03:54:21.223+0000] {logging_mixin.py:190} INFO - [2026-04-24T03:54:21.223+0000] {dagbag.py:588} INFO - Filling up the DagBag from /home/airflow/.local/lib/python3.12/site-packages/airflow/example_dags/example_params_trigger_ui.py
[2026-04-24T03:54:21.228+0000] {processor.py:925} INFO - DAG(s) 'example_params_trigger_ui' retrieved from /home/airflow/.local/lib/python3.12/site-packages/airflow/example_dags/example_params_trigger_ui.py
[2026-04-24T03:54:21.243+0000] {logging_mixin.py:190} INFO - [2026-04-24T03:54:21.243+0000] {dag.py:3239} INFO - Sync 1 DAGs
[2026-04-24T03:54:21.249+0000] {logging_mixin.py:190} INFO - [2026-04-24T03:54:21.249+0000] {dag.py:4180} INFO - Setting next_dagrun for example_params_trigger_ui to None, run_after=None
[2026-04-24T03:54:21.255+0000] {processor.py:208} INFO - Processing /home/airflow/.local/lib/python3.12/site-packages/airflow/example_dags/example_params_trigger_ui.py took 0.037 seconds
[2026-04-24T03:54:52.461+0000] {processor.py:186} INFO - Started process (PID=53804) to work on /home/airflow/.local/lib/python3.12/site-packages/airflow/example_dags/example_params_trigger_ui.py
[2026-04-24T03:54:52.461+0000] {processor.py:914} INFO - Processing file /home/airflow/.local/lib/python3.12/site-packages/airflow/example_dags/example_params_trigger_ui.py for tasks to queue
[2026-04-24T03:54:52.462+0000] {logging_mixin.py:190} INFO - [2026-04-24T03:54:52.462+0000] {dagbag.py:588} INFO - Filling up the DagBag from /home/airflow/.local/lib/python3.12/site-packages/airflow/example_dags/example_params_trigger_ui.py
[2026-04-24T03:54:52.466+0000] {processor.py:925} INFO - DAG(s) 'example_params_trigger_ui' retrieved from /home/airflow/.local/lib/python3.12/site-packages/airflow/example_dags/example_params_trigger_ui.py
[2026-04-24T03:54:52.479+0000] {logging_mixin.py:190} INFO - [2026-04-24T03:54:52.479+0000] {dag.py:3239} INFO - Sync 1 DAGs
[2026-04-24T03:54:52.484+0000] {logging_mixin.py:190} INFO - [2026-04-24T03:54:52.484+0000] {dag.py:4180} INFO - Setting next_dagrun for example_params_trigger_ui to None, run_after=None
[2026-04-24T03:54:52.490+0000] {processor.py:208} INFO - Processing /home/airflow/.local/lib/python3.12/site-packages/airflow/example_dags/example_params_trigger_ui.py took 0.031 seconds
[2026-04-24T03:55:23.589+0000] {processor.py:186} INFO - Started process (PID=53868) to work on /home/airflow/.local/lib/python3.12/site-packages/airflow/example_dags/example_params_trigger_ui.py
[2026-04-24T03:55:23.589+0000] {processor.py:914} INFO - Processing file /home/airflow/.local/lib/python3.12/site-packages/airflow/example_dags/example_params_trigger_ui.py for tasks to queue
[2026-04-24T03:55:23.590+0000] {logging_mixin.py:190} INFO - [2026-04-24T03:55:23.590+0000] {dagbag.py:588} INFO - Filling up the DagBag from /home/airflow/.local/lib/python3.12/site-packages/airflow/example_dags/example_params_trigger_ui.py
[2026-04-24T03:55:23.594+0000] {processor.py:925} INFO - DAG(s) 'example_params_trigger_ui' retrieved from /home/airflow/.local/lib/python3.12/site-packages/airflow/example_dags/example_params_trigger_ui.py
[2026-04-24T03:55:23.608+0000] {logging_mixin.py:190} INFO - [2026-04-24T03:55:23.608+0000] {dag.py:3239} INFO - Sync 1 DAGs
[2026-04-24T03:55:23.612+0000] {logging_mixin.py:190} INFO - [2026-04-24T03:55:23.612+0000] {dag.py:4180} INFO - Setting next_dagrun for example_params_trigger_ui to None, run_after=None
[2026-04-24T03:55:23.619+0000] {processor.py:208} INFO - Processing /home/airflow/.local/lib/python3.12/site-packages/airflow/example_dags/example_params_trigger_ui.py took 0.033 seconds
[2026-04-24T03:55:54.851+0000] {processor.py:186} INFO - Started process (PID=53932) to work on /home/airflow/.local/lib/python3.12/site-packages/airflow/example_dags/example_params_trigger_ui.py
[2026-04-24T03:55:54.852+0000] {processor.py:914} INFO - Processing file /home/airflow/.local/lib/python3.12/site-packages/airflow/example_dags/example_params_trigger_ui.py for tasks to queue
[2026-04-24T03:55:54.852+0000] {logging_mixin.py:190} INFO - [2026-04-24T03:55:54.852+0000] {dagbag.py:588} INFO - Filling up the DagBag from /home/airflow/.local/lib/python3.12/site-packages/airflow/example_dags/example_params_trigger_ui.py
[2026-04-24T03:55:54.857+0000] {processor.py:925} INFO - DAG(s) 'example_params_trigger_ui' retrieved from /home/airflow/.local/lib/python3.12/site-packages/airflow/example_dags/example_params_trigger_ui.py
[2026-04-24T03:55:54.870+0000] {logging_mixin.py:190} INFO - [2026-04-24T03:55:54.870+0000] {dag.py:3239} INFO - Sync 1 DAGs
[2026-04-24T03:55:54.875+0000] {logging_mixin.py:190} INFO - [2026-04-24T03:55:54.875+0000] {dag.py:4180} INFO - Setting next_dagrun for example_params_trigger_ui to None, run_after=None
[2026-04-24T03:55:54.881+0000] {processor.py:208} INFO - Processing /home/airflow/.local/lib/python3.12/site-packages/airflow/example_dags/example_params_trigger_ui.py took 0.032 seconds
[2026-04-24T03:56:26.737+0000] {processor.py:186} INFO - Started process (PID=54002) to work on /home/airflow/.local/lib/python3.12/site-packages/airflow/example_dags/example_params_trigger_ui.py
[2026-04-24T03:56:26.740+0000] {processor.py:914} INFO - Processing file /home/airflow/.local/lib/python3.12/site-packages/airflow/example_dags/example_params_trigger_ui.py for tasks to queue
[2026-04-24T03:56:26.743+0000] {logging_mixin.py:190} INFO - [2026-04-24T03:56:26.743+0000] {dagbag.py:588} INFO - Filling up the DagBag from /home/airflow/.local/lib/python3.12/site-packages/airflow/example_dags/example_params_trigger_ui.py
[2026-04-24T03:56:26.749+0000] {processor.py:925} INFO - DAG(s) 'example_params_trigger_ui' retrieved from /home/airflow/.local/lib/python3.12/site-packages/airflow/example_dags/example_params_trigger_ui.py
[2026-04-24T03:56:26.765+0000] {logging_mixin.py:190} INFO - [2026-04-24T03:56:26.765+0000] {dag.py:3239} INFO - Sync 1 DAGs
[2026-04-24T03:56:26.771+0000] {logging_mixin.py:190} INFO - [2026-04-24T03:56:26.771+0000] {dag.py:4180} INFO - Setting next_dagrun for example_params_trigger_ui to None, run_after=None
[2026-04-24T03:56:26.780+0000] {processor.py:208} INFO - Processing /home/airflow/.local/lib/python3.12/site-packages/airflow/example_dags/example_params_trigger_ui.py took 0.046 seconds
[2026-04-24T03:56:57.265+0000] {processor.py:186} INFO - Started process (PID=54066) to work on /home/airflow/.local/lib/python3.12/site-packages/airflow/example_dags/example_params_trigger_ui.py
[2026-04-24T03:56:57.267+0000] {processor.py:914} INFO - Processing file /home/airflow/.local/lib/python3.12/site-packages/airflow/example_dags/example_params_trigger_ui.py for tasks to queue
[2026-04-24T03:56:57.268+0000] {logging_mixin.py:190} INFO - [2026-04-24T03:56:57.268+0000] {dagbag.py:588} INFO - Filling up the DagBag from /home/airflow/.local/lib/python3.12/site-packages/airflow/example_dags/example_params_trigger_ui.py
[2026-04-24T03:56:57.275+0000] {processor.py:925} INFO - DAG(s) 'example_params_trigger_ui' retrieved from /home/airflow/.local/lib/python3.12/site-packages/airflow/example_dags/example_params_trigger_ui.py
[2026-04-24T03:56:57.292+0000] {logging_mixin.py:190} INFO - [2026-04-24T03:56:57.292+0000] {dag.py:3239} INFO - Sync 1 DAGs
[2026-04-24T03:56:57.297+0000] {logging_mixin.py:190} INFO - [2026-04-24T03:56:57.297+0000] {dag.py:4180} INFO - Setting next_dagrun for example_params_trigger_ui to None, run_after=None
[2026-04-24T03:56:57.304+0000] {processor.py:208} INFO - Processing /home/airflow/.local/lib/python3.12/site-packages/airflow/example_dags/example_params_trigger_ui.py took 0.041 seconds
[2026-04-24T03:57:27.817+0000] {processor.py:186} INFO - Started process (PID=54131) to work on /home/airflow/.local/lib/python3.12/site-packages/airflow/example_dags/example_params_trigger_ui.py
[2026-04-24T03:57:27.818+0000] {processor.py:914} INFO - Processing file /home/airflow/.local/lib/python3.12/site-packages/airflow/example_dags/example_params_trigger_ui.py for tasks to queue
[2026-04-24T03:57:27.819+0000] {logging_mixin.py:190} INFO - [2026-04-24T03:57:27.819+0000] {dagbag.py:588} INFO - Filling up the DagBag from /home/airflow/.local/lib/python3.12/site-packages/airflow/example_dags/example_params_trigger_ui.py
[2026-04-24T03:57:27.823+0000] {processor.py:925} INFO - DAG(s) 'example_params_trigger_ui' retrieved from /home/airflow/.local/lib/python3.12/site-packages/airflow/example_dags/example_params_trigger_ui.py
[2026-04-24T03:57:27.840+0000] {logging_mixin.py:190} INFO - [2026-04-24T03:57:27.840+0000] {dag.py:3239} INFO - Sync 1 DAGs
[2026-04-24T03:57:27.844+0000] {logging_mixin.py:190} INFO - [2026-04-24T03:57:27.844+0000] {dag.py:4180} INFO - Setting next_dagrun for example_params_trigger_ui to None, run_after=None
[2026-04-24T03:57:27.850+0000] {processor.py:208} INFO - Processing /home/airflow/.local/lib/python3.12/site-packages/airflow/example_dags/example_params_trigger_ui.py took 0.035 seconds
[2026-04-24T03:57:58.138+0000] {processor.py:186} INFO - Started process (PID=54194) to work on /home/airflow/.local/lib/python3.12/site-packages/airflow/example_dags/example_params_trigger_ui.py
[2026-04-24T03:57:58.141+0000] {processor.py:914} INFO - Processing file /home/airflow/.local/lib/python3.12/site-packages/airflow/example_dags/example_params_trigger_ui.py for tasks to queue
[2026-04-24T03:57:58.142+0000] {logging_mixin.py:190} INFO - [2026-04-24T03:57:58.142+0000] {dagbag.py:588} INFO - Filling up the DagBag from /home/airflow/.local/lib/python3.12/site-packages/airflow/example_dags/example_params_trigger_ui.py
[2026-04-24T03:57:58.148+0000] {processor.py:925} INFO - DAG(s) 'example_params_trigger_ui' retrieved from /home/airflow/.local/lib/python3.12/site-packages/airflow/example_dags/example_params_trigger_ui.py
[2026-04-24T03:57:58.168+0000] {logging_mixin.py:190} INFO - [2026-04-24T03:57:58.168+0000] {dag.py:3239} INFO - Sync 1 DAGs
[2026-04-24T03:57:58.174+0000] {logging_mixin.py:190} INFO - [2026-04-24T03:57:58.174+0000] {dag.py:4180} INFO - Setting next_dagrun for example_params_trigger_ui to None, run_after=None
[2026-04-24T03:57:58.185+0000] {processor.py:208} INFO - Processing /home/airflow/.local/lib/python3.12/site-packages/airflow/example_dags/example_params_trigger_ui.py took 0.049 seconds
[2026-04-24T03:58:28.375+0000] {processor.py:186} INFO - Started process (PID=54258) to work on /home/airflow/.local/lib/python3.12/site-packages/airflow/example_dags/example_params_trigger_ui.py
[2026-04-24T03:58:28.376+0000] {processor.py:914} INFO - Processing file /home/airflow/.local/lib/python3.12/site-packages/airflow/example_dags/example_params_trigger_ui.py for tasks to queue
[2026-04-24T03:58:28.377+0000] {logging_mixin.py:190} INFO - [2026-04-24T03:58:28.376+0000] {dagbag.py:588} INFO - Filling up the DagBag from /home/airflow/.local/lib/python3.12/site-packages/airflow/example_dags/example_params_trigger_ui.py
[2026-04-24T03:58:28.381+0000] {processor.py:925} INFO - DAG(s) 'example_params_trigger_ui' retrieved from /home/airflow/.local/lib/python3.12/site-packages/airflow/example_dags/example_params_trigger_ui.py
[2026-04-24T03:58:28.395+0000] {logging_mixin.py:190} INFO - [2026-04-24T03:58:28.395+0000] {dag.py:3239} INFO - Sync 1 DAGs
[2026-04-24T03:58:28.400+0000] {logging_mixin.py:190} INFO - [2026-04-24T03:58:28.400+0000] {dag.py:4180} INFO - Setting next_dagrun for example_params_trigger_ui to None, run_after=None
[2026-04-24T03:58:28.407+0000] {processor.py:208} INFO - Processing /home/airflow/.local/lib/python3.12/site-packages/airflow/example_dags/example_params_trigger_ui.py took 0.034 seconds
[2026-04-24T03:58:59.567+0000] {processor.py:186} INFO - Started process (PID=54323) to work on /home/airflow/.local/lib/python3.12/site-packages/airflow/example_dags/example_params_trigger_ui.py
[2026-04-24T03:58:59.567+0000] {processor.py:914} INFO - Processing file /home/airflow/.local/lib/python3.12/site-packages/airflow/example_dags/example_params_trigger_ui.py for tasks to queue
[2026-04-24T03:58:59.568+0000] {logging_mixin.py:190} INFO - [2026-04-24T03:58:59.568+0000] {dagbag.py:588} INFO - Filling up the DagBag from /home/airflow/.local/lib/python3.12/site-packages/airflow/example_dags/example_params_trigger_ui.py
[2026-04-24T03:58:59.574+0000] {processor.py:925} INFO - DAG(s) 'example_params_trigger_ui' retrieved from /home/airflow/.local/lib/python3.12/site-packages/airflow/example_dags/example_params_trigger_ui.py
[2026-04-24T03:58:59.590+0000] {logging_mixin.py:190} INFO - [2026-04-24T03:58:59.590+0000] {dag.py:3239} INFO - Sync 1 DAGs
[2026-04-24T03:58:59.595+0000] {logging_mixin.py:190} INFO - [2026-04-24T03:58:59.595+0000] {dag.py:4180} INFO - Setting next_dagrun for example_params_trigger_ui to None, run_after=None
[2026-04-24T03:58:59.602+0000] {processor.py:208} INFO - Processing /home/airflow/.local/lib/python3.12/site-packages/airflow/example_dags/example_params_trigger_ui.py took 0.037 seconds
[2026-04-24T03:59:30.808+0000] {processor.py:186} INFO - Started process (PID=54387) to work on /home/airflow/.local/lib/python3.12/site-packages/airflow/example_dags/example_params_trigger_ui.py
[2026-04-24T03:59:30.808+0000] {processor.py:914} INFO - Processing file /home/airflow/.local/lib/python3.12/site-packages/airflow/example_dags/example_params_trigger_ui.py for tasks to queue
[2026-04-24T03:59:30.809+0000] {logging_mixin.py:190} INFO - [2026-04-24T03:59:30.809+0000] {dagbag.py:588} INFO - Filling up the DagBag from /home/airflow/.local/lib/python3.12/site-packages/airflow/example_dags/example_params_trigger_ui.py
[2026-04-24T03:59:30.813+0000] {processor.py:925} INFO - DAG(s) 'example_params_trigger_ui' retrieved from /home/airflow/.local/lib/python3.12/site-packages/airflow/example_dags/example_params_trigger_ui.py
[2026-04-24T03:59:30.828+0000] {logging_mixin.py:190} INFO - [2026-04-24T03:59:30.827+0000] {dag.py:3239} INFO - Sync 1 DAGs
[2026-04-24T03:59:30.833+0000] {logging_mixin.py:190} INFO - [2026-04-24T03:59:30.833+0000] {dag.py:4180} INFO - Setting next_dagrun for example_params_trigger_ui to None, run_after=None
[2026-04-24T03:59:30.839+0000] {processor.py:208} INFO - Processing /home/airflow/.local/lib/python3.12/site-packages/airflow/example_dags/example_params_trigger_ui.py took 0.034 seconds
[2026-04-24T04:00:02.069+0000] {processor.py:186} INFO - Started process (PID=54451) to work on /home/airflow/.local/lib/python3.12/site-packages/airflow/example_dags/example_params_trigger_ui.py
[2026-04-24T04:00:02.069+0000] {processor.py:914} INFO - Processing file /home/airflow/.local/lib/python3.12/site-packages/airflow/example_dags/example_params_trigger_ui.py for tasks to queue
[2026-04-24T04:00:02.070+0000] {logging_mixin.py:190} INFO - [2026-04-24T04:00:02.070+0000] {dagbag.py:588} INFO - Filling up the DagBag from /home/airflow/.local/lib/python3.12/site-packages/airflow/example_dags/example_params_trigger_ui.py
[2026-04-24T04:00:02.074+0000] {processor.py:925} INFO - DAG(s) 'example_params_trigger_ui' retrieved from /home/airflow/.local/lib/python3.12/site-packages/airflow/example_dags/example_params_trigger_ui.py
[2026-04-24T04:00:02.088+0000] {logging_mixin.py:190} INFO - [2026-04-24T04:00:02.088+0000] {dag.py:3239} INFO - Sync 1 DAGs
[2026-04-24T04:00:02.093+0000] {logging_mixin.py:190} INFO - [2026-04-24T04:00:02.093+0000] {dag.py:4180} INFO - Setting next_dagrun for example_params_trigger_ui to None, run_after=None
[2026-04-24T04:00:02.098+0000] {processor.py:208} INFO - Processing /home/airflow/.local/lib/python3.12/site-packages/airflow/example_dags/example_params_trigger_ui.py took 0.031 seconds
[2026-04-24T04:00:33.299+0000] {processor.py:186} INFO - Started process (PID=54515) to work on /home/airflow/.local/lib/python3.12/site-packages/airflow/example_dags/example_params_trigger_ui.py
[2026-04-24T04:00:33.299+0000] {processor.py:914} INFO - Processing file /home/airflow/.local/lib/python3.12/site-packages/airflow/example_dags/example_params_trigger_ui.py for tasks to queue
[2026-04-24T04:00:33.300+0000] {logging_mixin.py:190} INFO - [2026-04-24T04:00:33.300+0000] {dagbag.py:588} INFO - Filling up the DagBag from /home/airflow/.local/lib/python3.12/site-packages/airflow/example_dags/example_params_trigger_ui.py
[2026-04-24T04:00:33.305+0000] {processor.py:925} INFO - DAG(s) 'example_params_trigger_ui' retrieved from /home/airflow/.local/lib/python3.12/site-packages/airflow/example_dags/example_params_trigger_ui.py
[2026-04-24T04:00:33.317+0000] {logging_mixin.py:190} INFO - [2026-04-24T04:00:33.317+0000] {dag.py:3239} INFO - Sync 1 DAGs
[2026-04-24T04:00:33.322+0000] {logging_mixin.py:190} INFO - [2026-04-24T04:00:33.322+0000] {dag.py:4180} INFO - Setting next_dagrun for example_params_trigger_ui to None, run_after=None
[2026-04-24T04:00:33.329+0000] {processor.py:208} INFO - Processing /home/airflow/.local/lib/python3.12/site-packages/airflow/example_dags/example_params_trigger_ui.py took 0.032 seconds
[2026-04-24T04:01:41.991+0000] {processor.py:186} INFO - Started process (PID=54573) to work on /home/airflow/.local/lib/python3.12/site-packages/airflow/example_dags/example_params_trigger_ui.py
[2026-04-24T04:01:41.991+0000] {processor.py:914} INFO - Processing file /home/airflow/.local/lib/python3.12/site-packages/airflow/example_dags/example_params_trigger_ui.py for tasks to queue
[2026-04-24T04:01:41.992+0000] {logging_mixin.py:190} INFO - [2026-04-24T04:01:41.992+0000] {dagbag.py:588} INFO - Filling up the DagBag from /home/airflow/.local/lib/python3.12/site-packages/airflow/example_dags/example_params_trigger_ui.py
[2026-04-24T04:01:41.996+0000] {processor.py:925} INFO - DAG(s) 'example_params_trigger_ui' retrieved from /home/airflow/.local/lib/python3.12/site-packages/airflow/example_dags/example_params_trigger_ui.py
[2026-04-24T04:01:42.015+0000] {logging_mixin.py:190} INFO - [2026-04-24T04:01:42.015+0000] {dag.py:3239} INFO - Sync 1 DAGs
[2026-04-24T04:01:42.020+0000] {logging_mixin.py:190} INFO - [2026-04-24T04:01:42.020+0000] {dag.py:4180} INFO - Setting next_dagrun for example_params_trigger_ui to None, run_after=None
[2026-04-24T04:01:42.026+0000] {processor.py:208} INFO - Processing /home/airflow/.local/lib/python3.12/site-packages/airflow/example_dags/example_params_trigger_ui.py took 0.037 seconds
[2026-04-24T04:02:13.201+0000] {processor.py:186} INFO - Started process (PID=54637) to work on /home/airflow/.local/lib/python3.12/site-packages/airflow/example_dags/example_params_trigger_ui.py
[2026-04-24T04:02:13.202+0000] {processor.py:914} INFO - Processing file /home/airflow/.local/lib/python3.12/site-packages/airflow/example_dags/example_params_trigger_ui.py for tasks to queue
[2026-04-24T04:02:13.203+0000] {logging_mixin.py:190} INFO - [2026-04-24T04:02:13.202+0000] {dagbag.py:588} INFO - Filling up the DagBag from /home/airflow/.local/lib/python3.12/site-packages/airflow/example_dags/example_params_trigger_ui.py
[2026-04-24T04:02:13.207+0000] {processor.py:925} INFO - DAG(s) 'example_params_trigger_ui' retrieved from /home/airflow/.local/lib/python3.12/site-packages/airflow/example_dags/example_params_trigger_ui.py
[2026-04-24T04:02:13.220+0000] {logging_mixin.py:190} INFO - [2026-04-24T04:02:13.220+0000] {dag.py:3239} INFO - Sync 1 DAGs
[2026-04-24T04:02:13.225+0000] {logging_mixin.py:190} INFO - [2026-04-24T04:02:13.224+0000] {dag.py:4180} INFO - Setting next_dagrun for example_params_trigger_ui to None, run_after=None
[2026-04-24T04:02:13.231+0000] {processor.py:208} INFO - Processing /home/airflow/.local/lib/python3.12/site-packages/airflow/example_dags/example_params_trigger_ui.py took 0.031 seconds
[2026-04-24T04:04:10.999+0000] {processor.py:186} INFO - Started process (PID=54701) to work on /home/airflow/.local/lib/python3.12/site-packages/airflow/example_dags/example_params_trigger_ui.py
[2026-04-24T04:04:11.000+0000] {processor.py:914} INFO - Processing file /home/airflow/.local/lib/python3.12/site-packages/airflow/example_dags/example_params_trigger_ui.py for tasks to queue
[2026-04-24T04:04:11.001+0000] {logging_mixin.py:190} INFO - [2026-04-24T04:04:11.000+0000] {dagbag.py:588} INFO - Filling up the DagBag from /home/airflow/.local/lib/python3.12/site-packages/airflow/example_dags/example_params_trigger_ui.py
[2026-04-24T04:04:11.005+0000] {processor.py:925} INFO - DAG(s) 'example_params_trigger_ui' retrieved from /home/airflow/.local/lib/python3.12/site-packages/airflow/example_dags/example_params_trigger_ui.py
[2026-04-24T04:04:11.019+0000] {logging_mixin.py:190} INFO - [2026-04-24T04:04:11.019+0000] {dag.py:3239} INFO - Sync 1 DAGs
[2026-04-24T04:04:11.024+0000] {logging_mixin.py:190} INFO - [2026-04-24T04:04:11.024+0000] {dag.py:4180} INFO - Setting next_dagrun for example_params_trigger_ui to None, run_after=None
[2026-04-24T04:04:11.030+0000] {processor.py:208} INFO - Processing /home/airflow/.local/lib/python3.12/site-packages/airflow/example_dags/example_params_trigger_ui.py took 0.033 seconds
[2026-04-24T04:06:08.298+0000] {processor.py:186} INFO - Started process (PID=54765) to work on /home/airflow/.local/lib/python3.12/site-packages/airflow/example_dags/example_params_trigger_ui.py
[2026-04-24T04:06:08.299+0000] {processor.py:914} INFO - Processing file /home/airflow/.local/lib/python3.12/site-packages/airflow/example_dags/example_params_trigger_ui.py for tasks to queue
[2026-04-24T04:06:08.300+0000] {logging_mixin.py:190} INFO - [2026-04-24T04:06:08.300+0000] {dagbag.py:588} INFO - Filling up the DagBag from /home/airflow/.local/lib/python3.12/site-packages/airflow/example_dags/example_params_trigger_ui.py
[2026-04-24T04:06:08.304+0000] {processor.py:925} INFO - DAG(s) 'example_params_trigger_ui' retrieved from /home/airflow/.local/lib/python3.12/site-packages/airflow/example_dags/example_params_trigger_ui.py
[2026-04-24T04:06:08.318+0000] {logging_mixin.py:190} INFO - [2026-04-24T04:06:08.318+0000] {dag.py:3239} INFO - Sync 1 DAGs
[2026-04-24T04:06:08.323+0000] {logging_mixin.py:190} INFO - [2026-04-24T04:06:08.323+0000] {dag.py:4180} INFO - Setting next_dagrun for example_params_trigger_ui to None, run_after=None
[2026-04-24T04:06:08.329+0000] {processor.py:208} INFO - Processing /home/airflow/.local/lib/python3.12/site-packages/airflow/example_dags/example_params_trigger_ui.py took 0.033 seconds
[2026-04-24T04:06:39.371+0000] {processor.py:186} INFO - Started process (PID=54829) to work on /home/airflow/.local/lib/python3.12/site-packages/airflow/example_dags/example_params_trigger_ui.py
[2026-04-24T04:06:39.372+0000] {processor.py:914} INFO - Processing file /home/airflow/.local/lib/python3.12/site-packages/airflow/example_dags/example_params_trigger_ui.py for tasks to queue
[2026-04-24T04:06:39.373+0000] {logging_mixin.py:190} INFO - [2026-04-24T04:06:39.373+0000] {dagbag.py:588} INFO - Filling up the DagBag from /home/airflow/.local/lib/python3.12/site-packages/airflow/example_dags/example_params_trigger_ui.py
[2026-04-24T04:06:39.377+0000] {processor.py:925} INFO - DAG(s) 'example_params_trigger_ui' retrieved from /home/airflow/.local/lib/python3.12/site-packages/airflow/example_dags/example_params_trigger_ui.py
[2026-04-24T04:06:39.390+0000] {logging_mixin.py:190} INFO - [2026-04-24T04:06:39.390+0000] {dag.py:3239} INFO - Sync 1 DAGs
[2026-04-24T04:06:39.395+0000] {logging_mixin.py:190} INFO - [2026-04-24T04:06:39.395+0000] {dag.py:4180} INFO - Setting next_dagrun for example_params_trigger_ui to None, run_after=None
[2026-04-24T04:06:39.400+0000] {processor.py:208} INFO - Processing /home/airflow/.local/lib/python3.12/site-packages/airflow/example_dags/example_params_trigger_ui.py took 0.031 seconds
[2026-04-24T04:08:32.013+0000] {processor.py:186} INFO - Started process (PID=54893) to work on /home/airflow/.local/lib/python3.12/site-packages/airflow/example_dags/example_params_trigger_ui.py
[2026-04-24T04:08:32.013+0000] {processor.py:914} INFO - Processing file /home/airflow/.local/lib/python3.12/site-packages/airflow/example_dags/example_params_trigger_ui.py for tasks to queue
[2026-04-24T04:08:32.014+0000] {logging_mixin.py:190} INFO - [2026-04-24T04:08:32.014+0000] {dagbag.py:588} INFO - Filling up the DagBag from /home/airflow/.local/lib/python3.12/site-packages/airflow/example_dags/example_params_trigger_ui.py
[2026-04-24T04:08:32.019+0000] {processor.py:925} INFO - DAG(s) 'example_params_trigger_ui' retrieved from /home/airflow/.local/lib/python3.12/site-packages/airflow/example_dags/example_params_trigger_ui.py
[2026-04-24T04:08:32.036+0000] {logging_mixin.py:190} INFO - [2026-04-24T04:08:32.036+0000] {dag.py:3239} INFO - Sync 1 DAGs
[2026-04-24T04:08:32.041+0000] {logging_mixin.py:190} INFO - [2026-04-24T04:08:32.041+0000] {dag.py:4180} INFO - Setting next_dagrun for example_params_trigger_ui to None, run_after=None
[2026-04-24T04:08:32.047+0000] {processor.py:208} INFO - Processing /home/airflow/.local/lib/python3.12/site-packages/airflow/example_dags/example_params_trigger_ui.py took 0.036 seconds
[2026-04-24T04:10:27.473+0000] {processor.py:186} INFO - Started process (PID=54957) to work on /home/airflow/.local/lib/python3.12/site-packages/airflow/example_dags/example_params_trigger_ui.py
[2026-04-24T04:10:27.474+0000] {processor.py:914} INFO - Processing file /home/airflow/.local/lib/python3.12/site-packages/airflow/example_dags/example_params_trigger_ui.py for tasks to queue
[2026-04-24T04:10:27.475+0000] {logging_mixin.py:190} INFO - [2026-04-24T04:10:27.475+0000] {dagbag.py:588} INFO - Filling up the DagBag from /home/airflow/.local/lib/python3.12/site-packages/airflow/example_dags/example_params_trigger_ui.py
[2026-04-24T04:10:27.479+0000] {processor.py:925} INFO - DAG(s) 'example_params_trigger_ui' retrieved from /home/airflow/.local/lib/python3.12/site-packages/airflow/example_dags/example_params_trigger_ui.py
[2026-04-24T04:10:27.494+0000] {logging_mixin.py:190} INFO - [2026-04-24T04:10:27.494+0000] {dag.py:3239} INFO - Sync 1 DAGs
[2026-04-24T04:10:27.499+0000] {logging_mixin.py:190} INFO - [2026-04-24T04:10:27.499+0000] {dag.py:4180} INFO - Setting next_dagrun for example_params_trigger_ui to None, run_after=None
[2026-04-24T04:10:27.505+0000] {processor.py:208} INFO - Processing /home/airflow/.local/lib/python3.12/site-packages/airflow/example_dags/example_params_trigger_ui.py took 0.034 seconds
[2026-04-24T04:10:58.630+0000] {processor.py:186} INFO - Started process (PID=55021) to work on /home/airflow/.local/lib/python3.12/site-packages/airflow/example_dags/example_params_trigger_ui.py
[2026-04-24T04:10:58.630+0000] {processor.py:914} INFO - Processing file /home/airflow/.local/lib/python3.12/site-packages/airflow/example_dags/example_params_trigger_ui.py for tasks to queue
[2026-04-24T04:10:58.631+0000] {logging_mixin.py:190} INFO - [2026-04-24T04:10:58.631+0000] {dagbag.py:588} INFO - Filling up the DagBag from /home/airflow/.local/lib/python3.12/site-packages/airflow/example_dags/example_params_trigger_ui.py
[2026-04-24T04:10:58.635+0000] {processor.py:925} INFO - DAG(s) 'example_params_trigger_ui' retrieved from /home/airflow/.local/lib/python3.12/site-packages/airflow/example_dags/example_params_trigger_ui.py
[2026-04-24T04:10:58.648+0000] {logging_mixin.py:190} INFO - [2026-04-24T04:10:58.647+0000] {dag.py:3239} INFO - Sync 1 DAGs
[2026-04-24T04:10:58.652+0000] {logging_mixin.py:190} INFO - [2026-04-24T04:10:58.652+0000] {dag.py:4180} INFO - Setting next_dagrun for example_params_trigger_ui to None, run_after=None
[2026-04-24T04:10:58.659+0000] {processor.py:208} INFO - Processing /home/airflow/.local/lib/python3.12/site-packages/airflow/example_dags/example_params_trigger_ui.py took 0.031 seconds
[2026-04-24T04:12:48.156+0000] {processor.py:186} INFO - Started process (PID=55085) to work on /home/airflow/.local/lib/python3.12/site-packages/airflow/example_dags/example_params_trigger_ui.py
[2026-04-24T04:12:48.157+0000] {processor.py:914} INFO - Processing file /home/airflow/.local/lib/python3.12/site-packages/airflow/example_dags/example_params_trigger_ui.py for tasks to queue
[2026-04-24T04:12:48.157+0000] {logging_mixin.py:190} INFO - [2026-04-24T04:12:48.157+0000] {dagbag.py:588} INFO - Filling up the DagBag from /home/airflow/.local/lib/python3.12/site-packages/airflow/example_dags/example_params_trigger_ui.py
[2026-04-24T04:12:48.162+0000] {processor.py:925} INFO - DAG(s) 'example_params_trigger_ui' retrieved from /home/airflow/.local/lib/python3.12/site-packages/airflow/example_dags/example_params_trigger_ui.py
[2026-04-24T04:12:48.175+0000] {logging_mixin.py:190} INFO - [2026-04-24T04:12:48.175+0000] {dag.py:3239} INFO - Sync 1 DAGs
[2026-04-24T04:12:48.180+0000] {logging_mixin.py:190} INFO - [2026-04-24T04:12:48.180+0000] {dag.py:4180} INFO - Setting next_dagrun for example_params_trigger_ui to None, run_after=None
[2026-04-24T04:12:48.186+0000] {processor.py:208} INFO - Processing /home/airflow/.local/lib/python3.12/site-packages/airflow/example_dags/example_params_trigger_ui.py took 0.032 seconds
[2026-04-24T04:13:19.295+0000] {processor.py:186} INFO - Started process (PID=55149) to work on /home/airflow/.local/lib/python3.12/site-packages/airflow/example_dags/example_params_trigger_ui.py
[2026-04-24T04:13:19.296+0000] {processor.py:914} INFO - Processing file /home/airflow/.local/lib/python3.12/site-packages/airflow/example_dags/example_params_trigger_ui.py for tasks to queue
[2026-04-24T04:13:19.297+0000] {logging_mixin.py:190} INFO - [2026-04-24T04:13:19.296+0000] {dagbag.py:588} INFO - Filling up the DagBag from /home/airflow/.local/lib/python3.12/site-packages/airflow/example_dags/example_params_trigger_ui.py
[2026-04-24T04:13:19.301+0000] {processor.py:925} INFO - DAG(s) 'example_params_trigger_ui' retrieved from /home/airflow/.local/lib/python3.12/site-packages/airflow/example_dags/example_params_trigger_ui.py
[2026-04-24T04:13:19.314+0000] {logging_mixin.py:190} INFO - [2026-04-24T04:13:19.314+0000] {dag.py:3239} INFO - Sync 1 DAGs
[2026-04-24T04:13:19.319+0000] {logging_mixin.py:190} INFO - [2026-04-24T04:13:19.319+0000] {dag.py:4180} INFO - Setting next_dagrun for example_params_trigger_ui to None, run_after=None
[2026-04-24T04:13:19.324+0000] {processor.py:208} INFO - Processing /home/airflow/.local/lib/python3.12/site-packages/airflow/example_dags/example_params_trigger_ui.py took 0.031 seconds
[2026-04-24T04:15:09.056+0000] {processor.py:186} INFO - Started process (PID=55212) to work on /home/airflow/.local/lib/python3.12/site-packages/airflow/example_dags/example_params_trigger_ui.py
[2026-04-24T04:15:09.056+0000] {processor.py:914} INFO - Processing file /home/airflow/.local/lib/python3.12/site-packages/airflow/example_dags/example_params_trigger_ui.py for tasks to queue
[2026-04-24T04:15:09.057+0000] {logging_mixin.py:190} INFO - [2026-04-24T04:15:09.057+0000] {dagbag.py:588} INFO - Filling up the DagBag from /home/airflow/.local/lib/python3.12/site-packages/airflow/example_dags/example_params_trigger_ui.py
[2026-04-24T04:15:09.062+0000] {processor.py:925} INFO - DAG(s) 'example_params_trigger_ui' retrieved from /home/airflow/.local/lib/python3.12/site-packages/airflow/example_dags/example_params_trigger_ui.py
[2026-04-24T04:15:09.075+0000] {logging_mixin.py:190} INFO - [2026-04-24T04:15:09.075+0000] {dag.py:3239} INFO - Sync 1 DAGs
[2026-04-24T04:15:09.080+0000] {logging_mixin.py:190} INFO - [2026-04-24T04:15:09.080+0000] {dag.py:4180} INFO - Setting next_dagrun for example_params_trigger_ui to None, run_after=None
[2026-04-24T04:15:09.086+0000] {processor.py:208} INFO - Processing /home/airflow/.local/lib/python3.12/site-packages/airflow/example_dags/example_params_trigger_ui.py took 0.033 seconds
[2026-04-24T04:17:08.393+0000] {processor.py:186} INFO - Started process (PID=55276) to work on /home/airflow/.local/lib/python3.12/site-packages/airflow/example_dags/example_params_trigger_ui.py
[2026-04-24T04:17:08.394+0000] {processor.py:914} INFO - Processing file /home/airflow/.local/lib/python3.12/site-packages/airflow/example_dags/example_params_trigger_ui.py for tasks to queue
[2026-04-24T04:17:08.395+0000] {logging_mixin.py:190} INFO - [2026-04-24T04:17:08.395+0000] {dagbag.py:588} INFO - Filling up the DagBag from /home/airflow/.local/lib/python3.12/site-packages/airflow/example_dags/example_params_trigger_ui.py
[2026-04-24T04:17:08.399+0000] {processor.py:925} INFO - DAG(s) 'example_params_trigger_ui' retrieved from /home/airflow/.local/lib/python3.12/site-packages/airflow/example_dags/example_params_trigger_ui.py
[2026-04-24T04:17:08.413+0000] {logging_mixin.py:190} INFO - [2026-04-24T04:17:08.413+0000] {dag.py:3239} INFO - Sync 1 DAGs
[2026-04-24T04:17:08.419+0000] {logging_mixin.py:190} INFO - [2026-04-24T04:17:08.418+0000] {dag.py:4180} INFO - Setting next_dagrun for example_params_trigger_ui to None, run_after=None
[2026-04-24T04:17:08.424+0000] {processor.py:208} INFO - Processing /home/airflow/.local/lib/python3.12/site-packages/airflow/example_dags/example_params_trigger_ui.py took 0.033 seconds
[2026-04-24T04:17:39.554+0000] {processor.py:186} INFO - Started process (PID=55340) to work on /home/airflow/.local/lib/python3.12/site-packages/airflow/example_dags/example_params_trigger_ui.py
[2026-04-24T04:17:39.555+0000] {processor.py:914} INFO - Processing file /home/airflow/.local/lib/python3.12/site-packages/airflow/example_dags/example_params_trigger_ui.py for tasks to queue
[2026-04-24T04:17:39.556+0000] {logging_mixin.py:190} INFO - [2026-04-24T04:17:39.556+0000] {dagbag.py:588} INFO - Filling up the DagBag from /home/airflow/.local/lib/python3.12/site-packages/airflow/example_dags/example_params_trigger_ui.py
[2026-04-24T04:17:39.560+0000] {processor.py:925} INFO - DAG(s) 'example_params_trigger_ui' retrieved from /home/airflow/.local/lib/python3.12/site-packages/airflow/example_dags/example_params_trigger_ui.py
[2026-04-24T04:17:39.573+0000] {logging_mixin.py:190} INFO - [2026-04-24T04:17:39.573+0000] {dag.py:3239} INFO - Sync 1 DAGs
[2026-04-24T04:17:39.578+0000] {logging_mixin.py:190} INFO - [2026-04-24T04:17:39.578+0000] {dag.py:4180} INFO - Setting next_dagrun for example_params_trigger_ui to None, run_after=None
[2026-04-24T04:17:39.583+0000] {processor.py:208} INFO - Processing /home/airflow/.local/lib/python3.12/site-packages/airflow/example_dags/example_params_trigger_ui.py took 0.032 seconds
[2026-04-24T04:19:32.475+0000] {processor.py:186} INFO - Started process (PID=55404) to work on /home/airflow/.local/lib/python3.12/site-packages/airflow/example_dags/example_params_trigger_ui.py
[2026-04-24T04:19:32.475+0000] {processor.py:914} INFO - Processing file /home/airflow/.local/lib/python3.12/site-packages/airflow/example_dags/example_params_trigger_ui.py for tasks to queue
[2026-04-24T04:19:32.476+0000] {logging_mixin.py:190} INFO - [2026-04-24T04:19:32.476+0000] {dagbag.py:588} INFO - Filling up the DagBag from /home/airflow/.local/lib/python3.12/site-packages/airflow/example_dags/example_params_trigger_ui.py
[2026-04-24T04:19:32.481+0000] {processor.py:925} INFO - DAG(s) 'example_params_trigger_ui' retrieved from /home/airflow/.local/lib/python3.12/site-packages/airflow/example_dags/example_params_trigger_ui.py
[2026-04-24T04:19:32.494+0000] {logging_mixin.py:190} INFO - [2026-04-24T04:19:32.494+0000] {dag.py:3239} INFO - Sync 1 DAGs
[2026-04-24T04:19:32.499+0000] {logging_mixin.py:190} INFO - [2026-04-24T04:19:32.499+0000] {dag.py:4180} INFO - Setting next_dagrun for example_params_trigger_ui to None, run_after=None
[2026-04-24T04:19:32.505+0000] {processor.py:208} INFO - Processing /home/airflow/.local/lib/python3.12/site-packages/airflow/example_dags/example_params_trigger_ui.py took 0.033 seconds
[2026-04-24T04:21:25.863+0000] {processor.py:186} INFO - Started process (PID=55468) to work on /home/airflow/.local/lib/python3.12/site-packages/airflow/example_dags/example_params_trigger_ui.py
[2026-04-24T04:21:25.863+0000] {processor.py:914} INFO - Processing file /home/airflow/.local/lib/python3.12/site-packages/airflow/example_dags/example_params_trigger_ui.py for tasks to queue
[2026-04-24T04:21:25.864+0000] {logging_mixin.py:190} INFO - [2026-04-24T04:21:25.864+0000] {dagbag.py:588} INFO - Filling up the DagBag from /home/airflow/.local/lib/python3.12/site-packages/airflow/example_dags/example_params_trigger_ui.py
[2026-04-24T04:21:25.869+0000] {processor.py:925} INFO - DAG(s) 'example_params_trigger_ui' retrieved from /home/airflow/.local/lib/python3.12/site-packages/airflow/example_dags/example_params_trigger_ui.py
[2026-04-24T04:21:25.883+0000] {logging_mixin.py:190} INFO - [2026-04-24T04:21:25.883+0000] {dag.py:3239} INFO - Sync 1 DAGs
[2026-04-24T04:21:25.888+0000] {logging_mixin.py:190} INFO - [2026-04-24T04:21:25.888+0000] {dag.py:4180} INFO - Setting next_dagrun for example_params_trigger_ui to None, run_after=None
[2026-04-24T04:21:25.894+0000] {processor.py:208} INFO - Processing /home/airflow/.local/lib/python3.12/site-packages/airflow/example_dags/example_params_trigger_ui.py took 0.034 seconds
[2026-04-24T04:21:57.023+0000] {processor.py:186} INFO - Started process (PID=55532) to work on /home/airflow/.local/lib/python3.12/site-packages/airflow/example_dags/example_params_trigger_ui.py
[2026-04-24T04:21:57.024+0000] {processor.py:914} INFO - Processing file /home/airflow/.local/lib/python3.12/site-packages/airflow/example_dags/example_params_trigger_ui.py for tasks to queue
[2026-04-24T04:21:57.025+0000] {logging_mixin.py:190} INFO - [2026-04-24T04:21:57.025+0000] {dagbag.py:588} INFO - Filling up the DagBag from /home/airflow/.local/lib/python3.12/site-packages/airflow/example_dags/example_params_trigger_ui.py
[2026-04-24T04:21:57.028+0000] {processor.py:925} INFO - DAG(s) 'example_params_trigger_ui' retrieved from /home/airflow/.local/lib/python3.12/site-packages/airflow/example_dags/example_params_trigger_ui.py
[2026-04-24T04:21:57.041+0000] {logging_mixin.py:190} INFO - [2026-04-24T04:21:57.041+0000] {dag.py:3239} INFO - Sync 1 DAGs
[2026-04-24T04:21:57.046+0000] {logging_mixin.py:190} INFO - [2026-04-24T04:21:57.046+0000] {dag.py:4180} INFO - Setting next_dagrun for example_params_trigger_ui to None, run_after=None
[2026-04-24T04:21:57.052+0000] {processor.py:208} INFO - Processing /home/airflow/.local/lib/python3.12/site-packages/airflow/example_dags/example_params_trigger_ui.py took 0.031 seconds
[2026-04-24T04:23:52.310+0000] {processor.py:186} INFO - Started process (PID=55596) to work on /home/airflow/.local/lib/python3.12/site-packages/airflow/example_dags/example_params_trigger_ui.py
[2026-04-24T04:23:52.310+0000] {processor.py:914} INFO - Processing file /home/airflow/.local/lib/python3.12/site-packages/airflow/example_dags/example_params_trigger_ui.py for tasks to queue
[2026-04-24T04:23:52.311+0000] {logging_mixin.py:190} INFO - [2026-04-24T04:23:52.311+0000] {dagbag.py:588} INFO - Filling up the DagBag from /home/airflow/.local/lib/python3.12/site-packages/airflow/example_dags/example_params_trigger_ui.py
[2026-04-24T04:23:52.316+0000] {processor.py:925} INFO - DAG(s) 'example_params_trigger_ui' retrieved from /home/airflow/.local/lib/python3.12/site-packages/airflow/example_dags/example_params_trigger_ui.py
[2026-04-24T04:23:52.331+0000] {logging_mixin.py:190} INFO - [2026-04-24T04:23:52.331+0000] {dag.py:3239} INFO - Sync 1 DAGs
[2026-04-24T04:23:52.336+0000] {logging_mixin.py:190} INFO - [2026-04-24T04:23:52.336+0000] {dag.py:4180} INFO - Setting next_dagrun for example_params_trigger_ui to None, run_after=None
[2026-04-24T04:23:52.342+0000] {processor.py:208} INFO - Processing /home/airflow/.local/lib/python3.12/site-packages/airflow/example_dags/example_params_trigger_ui.py took 0.035 seconds
[2026-04-24T04:25:48.101+0000] {processor.py:186} INFO - Started process (PID=55660) to work on /home/airflow/.local/lib/python3.12/site-packages/airflow/example_dags/example_params_trigger_ui.py
[2026-04-24T04:25:48.102+0000] {processor.py:914} INFO - Processing file /home/airflow/.local/lib/python3.12/site-packages/airflow/example_dags/example_params_trigger_ui.py for tasks to queue
[2026-04-24T04:25:48.103+0000] {logging_mixin.py:190} INFO - [2026-04-24T04:25:48.102+0000] {dagbag.py:588} INFO - Filling up the DagBag from /home/airflow/.local/lib/python3.12/site-packages/airflow/example_dags/example_params_trigger_ui.py
[2026-04-24T04:25:48.107+0000] {processor.py:925} INFO - DAG(s) 'example_params_trigger_ui' retrieved from /home/airflow/.local/lib/python3.12/site-packages/airflow/example_dags/example_params_trigger_ui.py
[2026-04-24T04:25:48.120+0000] {logging_mixin.py:190} INFO - [2026-04-24T04:25:48.120+0000] {dag.py:3239} INFO - Sync 1 DAGs
[2026-04-24T04:25:48.125+0000] {logging_mixin.py:190} INFO - [2026-04-24T04:25:48.125+0000] {dag.py:4180} INFO - Setting next_dagrun for example_params_trigger_ui to None, run_after=None
[2026-04-24T04:25:48.131+0000] {processor.py:208} INFO - Processing /home/airflow/.local/lib/python3.12/site-packages/airflow/example_dags/example_params_trigger_ui.py took 0.033 seconds
[2026-04-24T04:27:39.793+0000] {processor.py:186} INFO - Started process (PID=55724) to work on /home/airflow/.local/lib/python3.12/site-packages/airflow/example_dags/example_params_trigger_ui.py
[2026-04-24T04:27:39.793+0000] {processor.py:914} INFO - Processing file /home/airflow/.local/lib/python3.12/site-packages/airflow/example_dags/example_params_trigger_ui.py for tasks to queue
[2026-04-24T04:27:39.794+0000] {logging_mixin.py:190} INFO - [2026-04-24T04:27:39.794+0000] {dagbag.py:588} INFO - Filling up the DagBag from /home/airflow/.local/lib/python3.12/site-packages/airflow/example_dags/example_params_trigger_ui.py
[2026-04-24T04:27:39.799+0000] {processor.py:925} INFO - DAG(s) 'example_params_trigger_ui' retrieved from /home/airflow/.local/lib/python3.12/site-packages/airflow/example_dags/example_params_trigger_ui.py
[2026-04-24T04:27:39.813+0000] {logging_mixin.py:190} INFO - [2026-04-24T04:27:39.813+0000] {dag.py:3239} INFO - Sync 1 DAGs
[2026-04-24T04:27:39.818+0000] {logging_mixin.py:190} INFO - [2026-04-24T04:27:39.818+0000] {dag.py:4180} INFO - Setting next_dagrun for example_params_trigger_ui to None, run_after=None
[2026-04-24T04:27:39.824+0000] {processor.py:208} INFO - Processing /home/airflow/.local/lib/python3.12/site-packages/airflow/example_dags/example_params_trigger_ui.py took 0.034 seconds
[2026-04-24T04:28:10.935+0000] {processor.py:186} INFO - Started process (PID=55788) to work on /home/airflow/.local/lib/python3.12/site-packages/airflow/example_dags/example_params_trigger_ui.py
[2026-04-24T04:28:10.935+0000] {processor.py:914} INFO - Processing file /home/airflow/.local/lib/python3.12/site-packages/airflow/example_dags/example_params_trigger_ui.py for tasks to queue
[2026-04-24T04:28:10.936+0000] {logging_mixin.py:190} INFO - [2026-04-24T04:28:10.936+0000] {dagbag.py:588} INFO - Filling up the DagBag from /home/airflow/.local/lib/python3.12/site-packages/airflow/example_dags/example_params_trigger_ui.py
[2026-04-24T04:28:10.939+0000] {processor.py:925} INFO - DAG(s) 'example_params_trigger_ui' retrieved from /home/airflow/.local/lib/python3.12/site-packages/airflow/example_dags/example_params_trigger_ui.py
[2026-04-24T04:28:10.952+0000] {logging_mixin.py:190} INFO - [2026-04-24T04:28:10.952+0000] {dag.py:3239} INFO - Sync 1 DAGs
[2026-04-24T04:28:10.956+0000] {logging_mixin.py:190} INFO - [2026-04-24T04:28:10.956+0000] {dag.py:4180} INFO - Setting next_dagrun for example_params_trigger_ui to None, run_after=None
[2026-04-24T04:28:10.962+0000] {processor.py:208} INFO - Processing /home/airflow/.local/lib/python3.12/site-packages/airflow/example_dags/example_params_trigger_ui.py took 0.029 seconds
[2026-04-24T04:30:07.571+0000] {processor.py:186} INFO - Started process (PID=55852) to work on /home/airflow/.local/lib/python3.12/site-packages/airflow/example_dags/example_params_trigger_ui.py
[2026-04-24T04:30:07.572+0000] {processor.py:914} INFO - Processing file /home/airflow/.local/lib/python3.12/site-packages/airflow/example_dags/example_params_trigger_ui.py for tasks to queue
[2026-04-24T04:30:07.574+0000] {logging_mixin.py:190} INFO - [2026-04-24T04:30:07.574+0000] {dagbag.py:588} INFO - Filling up the DagBag from /home/airflow/.local/lib/python3.12/site-packages/airflow/example_dags/example_params_trigger_ui.py
[2026-04-24T04:30:07.578+0000] {processor.py:925} INFO - DAG(s) 'example_params_trigger_ui' retrieved from /home/airflow/.local/lib/python3.12/site-packages/airflow/example_dags/example_params_trigger_ui.py
[2026-04-24T04:30:07.591+0000] {logging_mixin.py:190} INFO - [2026-04-24T04:30:07.591+0000] {dag.py:3239} INFO - Sync 1 DAGs
[2026-04-24T04:30:07.598+0000] {logging_mixin.py:190} INFO - [2026-04-24T04:30:07.598+0000] {dag.py:4180} INFO - Setting next_dagrun for example_params_trigger_ui to None, run_after=None
[2026-04-24T04:30:07.606+0000] {processor.py:208} INFO - Processing /home/airflow/.local/lib/python3.12/site-packages/airflow/example_dags/example_params_trigger_ui.py took 0.037 seconds
[2026-04-24T04:30:38.099+0000] {processor.py:186} INFO - Started process (PID=55916) to work on /home/airflow/.local/lib/python3.12/site-packages/airflow/example_dags/example_params_trigger_ui.py
[2026-04-24T04:30:38.099+0000] {processor.py:914} INFO - Processing file /home/airflow/.local/lib/python3.12/site-packages/airflow/example_dags/example_params_trigger_ui.py for tasks to queue
[2026-04-24T04:30:38.100+0000] {logging_mixin.py:190} INFO - [2026-04-24T04:30:38.100+0000] {dagbag.py:588} INFO - Filling up the DagBag from /home/airflow/.local/lib/python3.12/site-packages/airflow/example_dags/example_params_trigger_ui.py
[2026-04-24T04:30:38.105+0000] {processor.py:925} INFO - DAG(s) 'example_params_trigger_ui' retrieved from /home/airflow/.local/lib/python3.12/site-packages/airflow/example_dags/example_params_trigger_ui.py
[2026-04-24T04:30:38.119+0000] {logging_mixin.py:190} INFO - [2026-04-24T04:30:38.118+0000] {dag.py:3239} INFO - Sync 1 DAGs
[2026-04-24T04:30:38.123+0000] {logging_mixin.py:190} INFO - [2026-04-24T04:30:38.123+0000] {dag.py:4180} INFO - Setting next_dagrun for example_params_trigger_ui to None, run_after=None
[2026-04-24T04:30:38.129+0000] {processor.py:208} INFO - Processing /home/airflow/.local/lib/python3.12/site-packages/airflow/example_dags/example_params_trigger_ui.py took 0.033 seconds
[2026-04-24T04:32:36.575+0000] {processor.py:186} INFO - Started process (PID=55980) to work on /home/airflow/.local/lib/python3.12/site-packages/airflow/example_dags/example_params_trigger_ui.py
[2026-04-24T04:32:36.575+0000] {processor.py:914} INFO - Processing file /home/airflow/.local/lib/python3.12/site-packages/airflow/example_dags/example_params_trigger_ui.py for tasks to queue
[2026-04-24T04:32:36.576+0000] {logging_mixin.py:190} INFO - [2026-04-24T04:32:36.576+0000] {dagbag.py:588} INFO - Filling up the DagBag from /home/airflow/.local/lib/python3.12/site-packages/airflow/example_dags/example_params_trigger_ui.py
[2026-04-24T04:32:36.581+0000] {processor.py:925} INFO - DAG(s) 'example_params_trigger_ui' retrieved from /home/airflow/.local/lib/python3.12/site-packages/airflow/example_dags/example_params_trigger_ui.py
[2026-04-24T04:32:36.595+0000] {logging_mixin.py:190} INFO - [2026-04-24T04:32:36.594+0000] {dag.py:3239} INFO - Sync 1 DAGs
[2026-04-24T04:32:36.599+0000] {logging_mixin.py:190} INFO - [2026-04-24T04:32:36.599+0000] {dag.py:4180} INFO - Setting next_dagrun for example_params_trigger_ui to None, run_after=None
[2026-04-24T04:32:36.605+0000] {processor.py:208} INFO - Processing /home/airflow/.local/lib/python3.12/site-packages/airflow/example_dags/example_params_trigger_ui.py took 0.032 seconds
[2026-04-24T04:34:27.384+0000] {processor.py:186} INFO - Started process (PID=56044) to work on /home/airflow/.local/lib/python3.12/site-packages/airflow/example_dags/example_params_trigger_ui.py
[2026-04-24T04:34:27.384+0000] {processor.py:914} INFO - Processing file /home/airflow/.local/lib/python3.12/site-packages/airflow/example_dags/example_params_trigger_ui.py for tasks to queue
[2026-04-24T04:34:27.385+0000] {logging_mixin.py:190} INFO - [2026-04-24T04:34:27.385+0000] {dagbag.py:588} INFO - Filling up the DagBag from /home/airflow/.local/lib/python3.12/site-packages/airflow/example_dags/example_params_trigger_ui.py
[2026-04-24T04:34:27.389+0000] {processor.py:925} INFO - DAG(s) 'example_params_trigger_ui' retrieved from /home/airflow/.local/lib/python3.12/site-packages/airflow/example_dags/example_params_trigger_ui.py
[2026-04-24T04:34:27.402+0000] {logging_mixin.py:190} INFO - [2026-04-24T04:34:27.402+0000] {dag.py:3239} INFO - Sync 1 DAGs
[2026-04-24T04:34:27.407+0000] {logging_mixin.py:190} INFO - [2026-04-24T04:34:27.407+0000] {dag.py:4180} INFO - Setting next_dagrun for example_params_trigger_ui to None, run_after=None
[2026-04-24T04:34:27.412+0000] {processor.py:208} INFO - Processing /home/airflow/.local/lib/python3.12/site-packages/airflow/example_dags/example_params_trigger_ui.py took 0.031 seconds
[2026-04-24T04:34:58.484+0000] {processor.py:186} INFO - Started process (PID=56108) to work on /home/airflow/.local/lib/python3.12/site-packages/airflow/example_dags/example_params_trigger_ui.py
[2026-04-24T04:34:58.484+0000] {processor.py:914} INFO - Processing file /home/airflow/.local/lib/python3.12/site-packages/airflow/example_dags/example_params_trigger_ui.py for tasks to queue
[2026-04-24T04:34:58.485+0000] {logging_mixin.py:190} INFO - [2026-04-24T04:34:58.485+0000] {dagbag.py:588} INFO - Filling up the DagBag from /home/airflow/.local/lib/python3.12/site-packages/airflow/example_dags/example_params_trigger_ui.py
[2026-04-24T04:34:58.489+0000] {processor.py:925} INFO - DAG(s) 'example_params_trigger_ui' retrieved from /home/airflow/.local/lib/python3.12/site-packages/airflow/example_dags/example_params_trigger_ui.py
[2026-04-24T04:34:58.501+0000] {logging_mixin.py:190} INFO - [2026-04-24T04:34:58.501+0000] {dag.py:3239} INFO - Sync 1 DAGs
[2026-04-24T04:34:58.506+0000] {logging_mixin.py:190} INFO - [2026-04-24T04:34:58.506+0000] {dag.py:4180} INFO - Setting next_dagrun for example_params_trigger_ui to None, run_after=None
[2026-04-24T04:34:58.512+0000] {processor.py:208} INFO - Processing /home/airflow/.local/lib/python3.12/site-packages/airflow/example_dags/example_params_trigger_ui.py took 0.030 seconds
[2026-04-24T04:36:59.158+0000] {processor.py:186} INFO - Started process (PID=56172) to work on /home/airflow/.local/lib/python3.12/site-packages/airflow/example_dags/example_params_trigger_ui.py
[2026-04-24T04:36:59.158+0000] {processor.py:914} INFO - Processing file /home/airflow/.local/lib/python3.12/site-packages/airflow/example_dags/example_params_trigger_ui.py for tasks to queue
[2026-04-24T04:36:59.159+0000] {logging_mixin.py:190} INFO - [2026-04-24T04:36:59.159+0000] {dagbag.py:588} INFO - Filling up the DagBag from /home/airflow/.local/lib/python3.12/site-packages/airflow/example_dags/example_params_trigger_ui.py
[2026-04-24T04:36:59.164+0000] {processor.py:925} INFO - DAG(s) 'example_params_trigger_ui' retrieved from /home/airflow/.local/lib/python3.12/site-packages/airflow/example_dags/example_params_trigger_ui.py
[2026-04-24T04:36:59.178+0000] {logging_mixin.py:190} INFO - [2026-04-24T04:36:59.177+0000] {dag.py:3239} INFO - Sync 1 DAGs
[2026-04-24T04:36:59.182+0000] {logging_mixin.py:190} INFO - [2026-04-24T04:36:59.182+0000] {dag.py:4180} INFO - Setting next_dagrun for example_params_trigger_ui to None, run_after=None
[2026-04-24T04:36:59.189+0000] {processor.py:208} INFO - Processing /home/airflow/.local/lib/python3.12/site-packages/airflow/example_dags/example_params_trigger_ui.py took 0.033 seconds
[2026-04-24T04:38:52.632+0000] {processor.py:186} INFO - Started process (PID=56236) to work on /home/airflow/.local/lib/python3.12/site-packages/airflow/example_dags/example_params_trigger_ui.py
[2026-04-24T04:38:52.632+0000] {processor.py:914} INFO - Processing file /home/airflow/.local/lib/python3.12/site-packages/airflow/example_dags/example_params_trigger_ui.py for tasks to queue
[2026-04-24T04:38:52.633+0000] {logging_mixin.py:190} INFO - [2026-04-24T04:38:52.633+0000] {dagbag.py:588} INFO - Filling up the DagBag from /home/airflow/.local/lib/python3.12/site-packages/airflow/example_dags/example_params_trigger_ui.py
[2026-04-24T04:38:52.638+0000] {processor.py:925} INFO - DAG(s) 'example_params_trigger_ui' retrieved from /home/airflow/.local/lib/python3.12/site-packages/airflow/example_dags/example_params_trigger_ui.py
[2026-04-24T04:38:52.651+0000] {logging_mixin.py:190} INFO - [2026-04-24T04:38:52.651+0000] {dag.py:3239} INFO - Sync 1 DAGs
[2026-04-24T04:38:52.656+0000] {logging_mixin.py:190} INFO - [2026-04-24T04:38:52.655+0000] {dag.py:4180} INFO - Setting next_dagrun for example_params_trigger_ui to None, run_after=None
[2026-04-24T04:38:52.661+0000] {processor.py:208} INFO - Processing /home/airflow/.local/lib/python3.12/site-packages/airflow/example_dags/example_params_trigger_ui.py took 0.031 seconds
[2026-04-24T04:39:23.991+0000] {processor.py:186} INFO - Started process (PID=56300) to work on /home/airflow/.local/lib/python3.12/site-packages/airflow/example_dags/example_params_trigger_ui.py
[2026-04-24T04:39:23.993+0000] {processor.py:914} INFO - Processing file /home/airflow/.local/lib/python3.12/site-packages/airflow/example_dags/example_params_trigger_ui.py for tasks to queue
[2026-04-24T04:39:23.995+0000] {logging_mixin.py:190} INFO - [2026-04-24T04:39:23.995+0000] {dagbag.py:588} INFO - Filling up the DagBag from /home/airflow/.local/lib/python3.12/site-packages/airflow/example_dags/example_params_trigger_ui.py
[2026-04-24T04:39:23.999+0000] {processor.py:925} INFO - DAG(s) 'example_params_trigger_ui' retrieved from /home/airflow/.local/lib/python3.12/site-packages/airflow/example_dags/example_params_trigger_ui.py
[2026-04-24T04:39:24.012+0000] {logging_mixin.py:190} INFO - [2026-04-24T04:39:24.011+0000] {dag.py:3239} INFO - Sync 1 DAGs
[2026-04-24T04:39:24.019+0000] {logging_mixin.py:190} INFO - [2026-04-24T04:39:24.019+0000] {dag.py:4180} INFO - Setting next_dagrun for example_params_trigger_ui to None, run_after=None
[2026-04-24T04:39:24.027+0000] {processor.py:208} INFO - Processing /home/airflow/.local/lib/python3.12/site-packages/airflow/example_dags/example_params_trigger_ui.py took 0.039 seconds
[2026-04-24T04:41:15.556+0000] {processor.py:186} INFO - Started process (PID=56364) to work on /home/airflow/.local/lib/python3.12/site-packages/airflow/example_dags/example_params_trigger_ui.py
[2026-04-24T04:41:15.556+0000] {processor.py:914} INFO - Processing file /home/airflow/.local/lib/python3.12/site-packages/airflow/example_dags/example_params_trigger_ui.py for tasks to queue
[2026-04-24T04:41:15.557+0000] {logging_mixin.py:190} INFO - [2026-04-24T04:41:15.557+0000] {dagbag.py:588} INFO - Filling up the DagBag from /home/airflow/.local/lib/python3.12/site-packages/airflow/example_dags/example_params_trigger_ui.py
[2026-04-24T04:41:15.562+0000] {processor.py:925} INFO - DAG(s) 'example_params_trigger_ui' retrieved from /home/airflow/.local/lib/python3.12/site-packages/airflow/example_dags/example_params_trigger_ui.py
[2026-04-24T04:41:15.575+0000] {logging_mixin.py:190} INFO - [2026-04-24T04:41:15.575+0000] {dag.py:3239} INFO - Sync 1 DAGs
[2026-04-24T04:41:15.580+0000] {logging_mixin.py:190} INFO - [2026-04-24T04:41:15.580+0000] {dag.py:4180} INFO - Setting next_dagrun for example_params_trigger_ui to None, run_after=None
[2026-04-24T04:41:15.586+0000] {processor.py:208} INFO - Processing /home/airflow/.local/lib/python3.12/site-packages/airflow/example_dags/example_params_trigger_ui.py took 0.032 seconds
[2026-04-24T04:43:09.118+0000] {processor.py:186} INFO - Started process (PID=56428) to work on /home/airflow/.local/lib/python3.12/site-packages/airflow/example_dags/example_params_trigger_ui.py
[2026-04-24T04:43:09.119+0000] {processor.py:914} INFO - Processing file /home/airflow/.local/lib/python3.12/site-packages/airflow/example_dags/example_params_trigger_ui.py for tasks to queue
[2026-04-24T04:43:09.119+0000] {logging_mixin.py:190} INFO - [2026-04-24T04:43:09.119+0000] {dagbag.py:588} INFO - Filling up the DagBag from /home/airflow/.local/lib/python3.12/site-packages/airflow/example_dags/example_params_trigger_ui.py
[2026-04-24T04:43:09.124+0000] {processor.py:925} INFO - DAG(s) 'example_params_trigger_ui' retrieved from /home/airflow/.local/lib/python3.12/site-packages/airflow/example_dags/example_params_trigger_ui.py
[2026-04-24T04:43:09.137+0000] {logging_mixin.py:190} INFO - [2026-04-24T04:43:09.137+0000] {dag.py:3239} INFO - Sync 1 DAGs
[2026-04-24T04:43:09.142+0000] {logging_mixin.py:190} INFO - [2026-04-24T04:43:09.142+0000] {dag.py:4180} INFO - Setting next_dagrun for example_params_trigger_ui to None, run_after=None
[2026-04-24T04:43:09.148+0000] {processor.py:208} INFO - Processing /home/airflow/.local/lib/python3.12/site-packages/airflow/example_dags/example_params_trigger_ui.py took 0.032 seconds
[2026-04-24T04:43:40.267+0000] {processor.py:186} INFO - Started process (PID=56492) to work on /home/airflow/.local/lib/python3.12/site-packages/airflow/example_dags/example_params_trigger_ui.py
[2026-04-24T04:43:40.270+0000] {processor.py:914} INFO - Processing file /home/airflow/.local/lib/python3.12/site-packages/airflow/example_dags/example_params_trigger_ui.py for tasks to queue
[2026-04-24T04:43:40.270+0000] {logging_mixin.py:190} INFO - [2026-04-24T04:43:40.270+0000] {dagbag.py:588} INFO - Filling up the DagBag from /home/airflow/.local/lib/python3.12/site-packages/airflow/example_dags/example_params_trigger_ui.py
[2026-04-24T04:43:40.274+0000] {processor.py:925} INFO - DAG(s) 'example_params_trigger_ui' retrieved from /home/airflow/.local/lib/python3.12/site-packages/airflow/example_dags/example_params_trigger_ui.py
[2026-04-24T04:43:40.287+0000] {logging_mixin.py:190} INFO - [2026-04-24T04:43:40.287+0000] {dag.py:3239} INFO - Sync 1 DAGs
[2026-04-24T04:43:40.291+0000] {logging_mixin.py:190} INFO - [2026-04-24T04:43:40.291+0000] {dag.py:4180} INFO - Setting next_dagrun for example_params_trigger_ui to None, run_after=None
[2026-04-24T04:43:40.297+0000] {processor.py:208} INFO - Processing /home/airflow/.local/lib/python3.12/site-packages/airflow/example_dags/example_params_trigger_ui.py took 0.033 seconds
[2026-04-24T04:45:30.766+0000] {processor.py:186} INFO - Started process (PID=56556) to work on /home/airflow/.local/lib/python3.12/site-packages/airflow/example_dags/example_params_trigger_ui.py
[2026-04-24T04:45:30.766+0000] {processor.py:914} INFO - Processing file /home/airflow/.local/lib/python3.12/site-packages/airflow/example_dags/example_params_trigger_ui.py for tasks to queue
[2026-04-24T04:45:30.767+0000] {logging_mixin.py:190} INFO - [2026-04-24T04:45:30.767+0000] {dagbag.py:588} INFO - Filling up the DagBag from /home/airflow/.local/lib/python3.12/site-packages/airflow/example_dags/example_params_trigger_ui.py
[2026-04-24T04:45:30.771+0000] {processor.py:925} INFO - DAG(s) 'example_params_trigger_ui' retrieved from /home/airflow/.local/lib/python3.12/site-packages/airflow/example_dags/example_params_trigger_ui.py
[2026-04-24T04:45:30.784+0000] {logging_mixin.py:190} INFO - [2026-04-24T04:45:30.784+0000] {dag.py:3239} INFO - Sync 1 DAGs
[2026-04-24T04:45:30.789+0000] {logging_mixin.py:190} INFO - [2026-04-24T04:45:30.789+0000] {dag.py:4180} INFO - Setting next_dagrun for example_params_trigger_ui to None, run_after=None
[2026-04-24T04:45:30.795+0000] {processor.py:208} INFO - Processing /home/airflow/.local/lib/python3.12/site-packages/airflow/example_dags/example_params_trigger_ui.py took 0.032 seconds
[2026-04-24T04:46:01.986+0000] {processor.py:186} INFO - Started process (PID=56620) to work on /home/airflow/.local/lib/python3.12/site-packages/airflow/example_dags/example_params_trigger_ui.py
[2026-04-24T04:46:01.987+0000] {processor.py:914} INFO - Processing file /home/airflow/.local/lib/python3.12/site-packages/airflow/example_dags/example_params_trigger_ui.py for tasks to queue
[2026-04-24T04:46:01.988+0000] {logging_mixin.py:190} INFO - [2026-04-24T04:46:01.987+0000] {dagbag.py:588} INFO - Filling up the DagBag from /home/airflow/.local/lib/python3.12/site-packages/airflow/example_dags/example_params_trigger_ui.py
[2026-04-24T04:46:01.992+0000] {processor.py:925} INFO - DAG(s) 'example_params_trigger_ui' retrieved from /home/airflow/.local/lib/python3.12/site-packages/airflow/example_dags/example_params_trigger_ui.py
[2026-04-24T04:46:02.005+0000] {logging_mixin.py:190} INFO - [2026-04-24T04:46:02.005+0000] {dag.py:3239} INFO - Sync 1 DAGs
[2026-04-24T04:46:02.009+0000] {logging_mixin.py:190} INFO - [2026-04-24T04:46:02.009+0000] {dag.py:4180} INFO - Setting next_dagrun for example_params_trigger_ui to None, run_after=None
[2026-04-24T04:46:02.015+0000] {processor.py:208} INFO - Processing /home/airflow/.local/lib/python3.12/site-packages/airflow/example_dags/example_params_trigger_ui.py took 0.031 seconds
[2026-04-24T04:47:59.345+0000] {processor.py:186} INFO - Started process (PID=56684) to work on /home/airflow/.local/lib/python3.12/site-packages/airflow/example_dags/example_params_trigger_ui.py
[2026-04-24T04:47:59.345+0000] {processor.py:914} INFO - Processing file /home/airflow/.local/lib/python3.12/site-packages/airflow/example_dags/example_params_trigger_ui.py for tasks to queue
[2026-04-24T04:47:59.346+0000] {logging_mixin.py:190} INFO - [2026-04-24T04:47:59.346+0000] {dagbag.py:588} INFO - Filling up the DagBag from /home/airflow/.local/lib/python3.12/site-packages/airflow/example_dags/example_params_trigger_ui.py
[2026-04-24T04:47:59.350+0000] {processor.py:925} INFO - DAG(s) 'example_params_trigger_ui' retrieved from /home/airflow/.local/lib/python3.12/site-packages/airflow/example_dags/example_params_trigger_ui.py
[2026-04-24T04:47:59.364+0000] {logging_mixin.py:190} INFO - [2026-04-24T04:47:59.364+0000] {dag.py:3239} INFO - Sync 1 DAGs
[2026-04-24T04:47:59.368+0000] {logging_mixin.py:190} INFO - [2026-04-24T04:47:59.368+0000] {dag.py:4180} INFO - Setting next_dagrun for example_params_trigger_ui to None, run_after=None
[2026-04-24T04:47:59.374+0000] {processor.py:208} INFO - Processing /home/airflow/.local/lib/python3.12/site-packages/airflow/example_dags/example_params_trigger_ui.py took 0.032 seconds
[2026-04-24T04:50:01.502+0000] {processor.py:186} INFO - Started process (PID=56748) to work on /home/airflow/.local/lib/python3.12/site-packages/airflow/example_dags/example_params_trigger_ui.py
[2026-04-24T04:50:01.503+0000] {processor.py:914} INFO - Processing file /home/airflow/.local/lib/python3.12/site-packages/airflow/example_dags/example_params_trigger_ui.py for tasks to queue
[2026-04-24T04:50:01.504+0000] {logging_mixin.py:190} INFO - [2026-04-24T04:50:01.504+0000] {dagbag.py:588} INFO - Filling up the DagBag from /home/airflow/.local/lib/python3.12/site-packages/airflow/example_dags/example_params_trigger_ui.py
[2026-04-24T04:50:01.508+0000] {processor.py:925} INFO - DAG(s) 'example_params_trigger_ui' retrieved from /home/airflow/.local/lib/python3.12/site-packages/airflow/example_dags/example_params_trigger_ui.py
[2026-04-24T04:50:01.521+0000] {logging_mixin.py:190} INFO - [2026-04-24T04:50:01.521+0000] {dag.py:3239} INFO - Sync 1 DAGs
[2026-04-24T04:50:01.526+0000] {logging_mixin.py:190} INFO - [2026-04-24T04:50:01.526+0000] {dag.py:4180} INFO - Setting next_dagrun for example_params_trigger_ui to None, run_after=None
[2026-04-24T04:50:01.531+0000] {processor.py:208} INFO - Processing /home/airflow/.local/lib/python3.12/site-packages/airflow/example_dags/example_params_trigger_ui.py took 0.031 seconds
[2026-04-24T04:50:31.718+0000] {processor.py:186} INFO - Started process (PID=56811) to work on /home/airflow/.local/lib/python3.12/site-packages/airflow/example_dags/example_params_trigger_ui.py
[2026-04-24T04:50:31.719+0000] {processor.py:914} INFO - Processing file /home/airflow/.local/lib/python3.12/site-packages/airflow/example_dags/example_params_trigger_ui.py for tasks to queue
[2026-04-24T04:50:31.720+0000] {logging_mixin.py:190} INFO - [2026-04-24T04:50:31.720+0000] {dagbag.py:588} INFO - Filling up the DagBag from /home/airflow/.local/lib/python3.12/site-packages/airflow/example_dags/example_params_trigger_ui.py
[2026-04-24T04:50:31.727+0000] {processor.py:925} INFO - DAG(s) 'example_params_trigger_ui' retrieved from /home/airflow/.local/lib/python3.12/site-packages/airflow/example_dags/example_params_trigger_ui.py
[2026-04-24T04:50:31.740+0000] {logging_mixin.py:190} INFO - [2026-04-24T04:50:31.740+0000] {dag.py:3239} INFO - Sync 1 DAGs
[2026-04-24T04:50:31.745+0000] {logging_mixin.py:190} INFO - [2026-04-24T04:50:31.744+0000] {dag.py:4180} INFO - Setting next_dagrun for example_params_trigger_ui to None, run_after=None
[2026-04-24T04:50:31.750+0000] {processor.py:208} INFO - Processing /home/airflow/.local/lib/python3.12/site-packages/airflow/example_dags/example_params_trigger_ui.py took 0.034 seconds
[2026-04-24T04:52:26.215+0000] {processor.py:186} INFO - Started process (PID=56876) to work on /home/airflow/.local/lib/python3.12/site-packages/airflow/example_dags/example_params_trigger_ui.py
[2026-04-24T04:52:26.216+0000] {processor.py:914} INFO - Processing file /home/airflow/.local/lib/python3.12/site-packages/airflow/example_dags/example_params_trigger_ui.py for tasks to queue
[2026-04-24T04:52:26.217+0000] {logging_mixin.py:190} INFO - [2026-04-24T04:52:26.217+0000] {dagbag.py:588} INFO - Filling up the DagBag from /home/airflow/.local/lib/python3.12/site-packages/airflow/example_dags/example_params_trigger_ui.py
[2026-04-24T04:52:26.221+0000] {processor.py:925} INFO - DAG(s) 'example_params_trigger_ui' retrieved from /home/airflow/.local/lib/python3.12/site-packages/airflow/example_dags/example_params_trigger_ui.py
[2026-04-24T04:52:26.234+0000] {logging_mixin.py:190} INFO - [2026-04-24T04:52:26.234+0000] {dag.py:3239} INFO - Sync 1 DAGs
[2026-04-24T04:52:26.239+0000] {logging_mixin.py:190} INFO - [2026-04-24T04:52:26.239+0000] {dag.py:4180} INFO - Setting next_dagrun for example_params_trigger_ui to None, run_after=None
[2026-04-24T04:52:26.244+0000] {processor.py:208} INFO - Processing /home/airflow/.local/lib/python3.12/site-packages/airflow/example_dags/example_params_trigger_ui.py took 0.031 seconds
[2026-04-24T04:54:23.688+0000] {processor.py:186} INFO - Started process (PID=56940) to work on /home/airflow/.local/lib/python3.12/site-packages/airflow/example_dags/example_params_trigger_ui.py
[2026-04-24T04:54:23.689+0000] {processor.py:914} INFO - Processing file /home/airflow/.local/lib/python3.12/site-packages/airflow/example_dags/example_params_trigger_ui.py for tasks to queue
[2026-04-24T04:54:23.690+0000] {logging_mixin.py:190} INFO - [2026-04-24T04:54:23.690+0000] {dagbag.py:588} INFO - Filling up the DagBag from /home/airflow/.local/lib/python3.12/site-packages/airflow/example_dags/example_params_trigger_ui.py
[2026-04-24T04:54:23.694+0000] {processor.py:925} INFO - DAG(s) 'example_params_trigger_ui' retrieved from /home/airflow/.local/lib/python3.12/site-packages/airflow/example_dags/example_params_trigger_ui.py
[2026-04-24T04:54:23.707+0000] {logging_mixin.py:190} INFO - [2026-04-24T04:54:23.707+0000] {dag.py:3239} INFO - Sync 1 DAGs
[2026-04-24T04:54:23.712+0000] {logging_mixin.py:190} INFO - [2026-04-24T04:54:23.712+0000] {dag.py:4180} INFO - Setting next_dagrun for example_params_trigger_ui to None, run_after=None
[2026-04-24T04:54:23.718+0000] {processor.py:208} INFO - Processing /home/airflow/.local/lib/python3.12/site-packages/airflow/example_dags/example_params_trigger_ui.py took 0.032 seconds
[2026-04-24T04:54:54.805+0000] {processor.py:186} INFO - Started process (PID=57004) to work on /home/airflow/.local/lib/python3.12/site-packages/airflow/example_dags/example_params_trigger_ui.py
[2026-04-24T04:54:54.805+0000] {processor.py:914} INFO - Processing file /home/airflow/.local/lib/python3.12/site-packages/airflow/example_dags/example_params_trigger_ui.py for tasks to queue
[2026-04-24T04:54:54.806+0000] {logging_mixin.py:190} INFO - [2026-04-24T04:54:54.806+0000] {dagbag.py:588} INFO - Filling up the DagBag from /home/airflow/.local/lib/python3.12/site-packages/airflow/example_dags/example_params_trigger_ui.py
[2026-04-24T04:54:54.810+0000] {processor.py:925} INFO - DAG(s) 'example_params_trigger_ui' retrieved from /home/airflow/.local/lib/python3.12/site-packages/airflow/example_dags/example_params_trigger_ui.py
[2026-04-24T04:54:54.824+0000] {logging_mixin.py:190} INFO - [2026-04-24T04:54:54.824+0000] {dag.py:3239} INFO - Sync 1 DAGs
[2026-04-24T04:54:54.828+0000] {logging_mixin.py:190} INFO - [2026-04-24T04:54:54.828+0000] {dag.py:4180} INFO - Setting next_dagrun for example_params_trigger_ui to None, run_after=None
[2026-04-24T04:54:54.834+0000] {processor.py:208} INFO - Processing /home/airflow/.local/lib/python3.12/site-packages/airflow/example_dags/example_params_trigger_ui.py took 0.031 seconds
[2026-04-24T04:56:47.839+0000] {processor.py:186} INFO - Started process (PID=57068) to work on /home/airflow/.local/lib/python3.12/site-packages/airflow/example_dags/example_params_trigger_ui.py
[2026-04-24T04:56:47.839+0000] {processor.py:914} INFO - Processing file /home/airflow/.local/lib/python3.12/site-packages/airflow/example_dags/example_params_trigger_ui.py for tasks to queue
[2026-04-24T04:56:47.840+0000] {logging_mixin.py:190} INFO - [2026-04-24T04:56:47.840+0000] {dagbag.py:588} INFO - Filling up the DagBag from /home/airflow/.local/lib/python3.12/site-packages/airflow/example_dags/example_params_trigger_ui.py
[2026-04-24T04:56:47.844+0000] {processor.py:925} INFO - DAG(s) 'example_params_trigger_ui' retrieved from /home/airflow/.local/lib/python3.12/site-packages/airflow/example_dags/example_params_trigger_ui.py
[2026-04-24T04:56:47.856+0000] {logging_mixin.py:190} INFO - [2026-04-24T04:56:47.856+0000] {dag.py:3239} INFO - Sync 1 DAGs
[2026-04-24T04:56:47.861+0000] {logging_mixin.py:190} INFO - [2026-04-24T04:56:47.861+0000] {dag.py:4180} INFO - Setting next_dagrun for example_params_trigger_ui to None, run_after=None
[2026-04-24T04:56:47.867+0000] {processor.py:208} INFO - Processing /home/airflow/.local/lib/python3.12/site-packages/airflow/example_dags/example_params_trigger_ui.py took 0.031 seconds
[2026-04-24T04:58:41.235+0000] {processor.py:186} INFO - Started process (PID=57132) to work on /home/airflow/.local/lib/python3.12/site-packages/airflow/example_dags/example_params_trigger_ui.py
[2026-04-24T04:58:41.235+0000] {processor.py:914} INFO - Processing file /home/airflow/.local/lib/python3.12/site-packages/airflow/example_dags/example_params_trigger_ui.py for tasks to queue
[2026-04-24T04:58:41.236+0000] {logging_mixin.py:190} INFO - [2026-04-24T04:58:41.236+0000] {dagbag.py:588} INFO - Filling up the DagBag from /home/airflow/.local/lib/python3.12/site-packages/airflow/example_dags/example_params_trigger_ui.py
[2026-04-24T04:58:41.240+0000] {processor.py:925} INFO - DAG(s) 'example_params_trigger_ui' retrieved from /home/airflow/.local/lib/python3.12/site-packages/airflow/example_dags/example_params_trigger_ui.py
[2026-04-24T04:58:41.253+0000] {logging_mixin.py:190} INFO - [2026-04-24T04:58:41.253+0000] {dag.py:3239} INFO - Sync 1 DAGs
[2026-04-24T04:58:41.258+0000] {logging_mixin.py:190} INFO - [2026-04-24T04:58:41.258+0000] {dag.py:4180} INFO - Setting next_dagrun for example_params_trigger_ui to None, run_after=None
[2026-04-24T04:58:41.264+0000] {processor.py:208} INFO - Processing /home/airflow/.local/lib/python3.12/site-packages/airflow/example_dags/example_params_trigger_ui.py took 0.032 seconds
[2026-04-24T04:59:12.511+0000] {processor.py:186} INFO - Started process (PID=57196) to work on /home/airflow/.local/lib/python3.12/site-packages/airflow/example_dags/example_params_trigger_ui.py
[2026-04-24T04:59:12.513+0000] {processor.py:914} INFO - Processing file /home/airflow/.local/lib/python3.12/site-packages/airflow/example_dags/example_params_trigger_ui.py for tasks to queue
[2026-04-24T04:59:12.513+0000] {logging_mixin.py:190} INFO - [2026-04-24T04:59:12.513+0000] {dagbag.py:588} INFO - Filling up the DagBag from /home/airflow/.local/lib/python3.12/site-packages/airflow/example_dags/example_params_trigger_ui.py
[2026-04-24T04:59:12.518+0000] {processor.py:925} INFO - DAG(s) 'example_params_trigger_ui' retrieved from /home/airflow/.local/lib/python3.12/site-packages/airflow/example_dags/example_params_trigger_ui.py
[2026-04-24T04:59:12.537+0000] {logging_mixin.py:190} INFO - [2026-04-24T04:59:12.537+0000] {dag.py:3239} INFO - Sync 1 DAGs
[2026-04-24T04:59:12.544+0000] {logging_mixin.py:190} INFO - [2026-04-24T04:59:12.543+0000] {dag.py:4180} INFO - Setting next_dagrun for example_params_trigger_ui to None, run_after=None
[2026-04-24T04:59:12.553+0000] {processor.py:208} INFO - Processing /home/airflow/.local/lib/python3.12/site-packages/airflow/example_dags/example_params_trigger_ui.py took 0.044 seconds
[2026-04-24T05:01:05.897+0000] {processor.py:186} INFO - Started process (PID=57260) to work on /home/airflow/.local/lib/python3.12/site-packages/airflow/example_dags/example_params_trigger_ui.py
[2026-04-24T05:01:05.898+0000] {processor.py:914} INFO - Processing file /home/airflow/.local/lib/python3.12/site-packages/airflow/example_dags/example_params_trigger_ui.py for tasks to queue
[2026-04-24T05:01:05.899+0000] {logging_mixin.py:190} INFO - [2026-04-24T05:01:05.898+0000] {dagbag.py:588} INFO - Filling up the DagBag from /home/airflow/.local/lib/python3.12/site-packages/airflow/example_dags/example_params_trigger_ui.py
[2026-04-24T05:01:05.902+0000] {processor.py:925} INFO - DAG(s) 'example_params_trigger_ui' retrieved from /home/airflow/.local/lib/python3.12/site-packages/airflow/example_dags/example_params_trigger_ui.py
[2026-04-24T05:01:05.920+0000] {logging_mixin.py:190} INFO - [2026-04-24T05:01:05.920+0000] {dag.py:3239} INFO - Sync 1 DAGs
[2026-04-24T05:01:05.924+0000] {logging_mixin.py:190} INFO - [2026-04-24T05:01:05.924+0000] {dag.py:4180} INFO - Setting next_dagrun for example_params_trigger_ui to None, run_after=None
[2026-04-24T05:01:05.930+0000] {processor.py:208} INFO - Processing /home/airflow/.local/lib/python3.12/site-packages/airflow/example_dags/example_params_trigger_ui.py took 0.035 seconds
[2026-04-24T05:01:36.504+0000] {processor.py:186} INFO - Started process (PID=57323) to work on /home/airflow/.local/lib/python3.12/site-packages/airflow/example_dags/example_params_trigger_ui.py
[2026-04-24T05:01:36.504+0000] {processor.py:914} INFO - Processing file /home/airflow/.local/lib/python3.12/site-packages/airflow/example_dags/example_params_trigger_ui.py for tasks to queue
[2026-04-24T05:01:36.506+0000] {logging_mixin.py:190} INFO - [2026-04-24T05:01:36.505+0000] {dagbag.py:588} INFO - Filling up the DagBag from /home/airflow/.local/lib/python3.12/site-packages/airflow/example_dags/example_params_trigger_ui.py
[2026-04-24T05:01:36.512+0000] {processor.py:925} INFO - DAG(s) 'example_params_trigger_ui' retrieved from /home/airflow/.local/lib/python3.12/site-packages/airflow/example_dags/example_params_trigger_ui.py
[2026-04-24T05:01:36.529+0000] {logging_mixin.py:190} INFO - [2026-04-24T05:01:36.529+0000] {dag.py:3239} INFO - Sync 1 DAGs
[2026-04-24T05:01:36.534+0000] {logging_mixin.py:190} INFO - [2026-04-24T05:01:36.534+0000] {dag.py:4180} INFO - Setting next_dagrun for example_params_trigger_ui to None, run_after=None
[2026-04-24T05:01:36.539+0000] {processor.py:208} INFO - Processing /home/airflow/.local/lib/python3.12/site-packages/airflow/example_dags/example_params_trigger_ui.py took 0.038 seconds
[2026-04-24T05:03:27.307+0000] {processor.py:186} INFO - Started process (PID=57388) to work on /home/airflow/.local/lib/python3.12/site-packages/airflow/example_dags/example_params_trigger_ui.py
[2026-04-24T05:03:27.307+0000] {processor.py:914} INFO - Processing file /home/airflow/.local/lib/python3.12/site-packages/airflow/example_dags/example_params_trigger_ui.py for tasks to queue
[2026-04-24T05:03:27.308+0000] {logging_mixin.py:190} INFO - [2026-04-24T05:03:27.308+0000] {dagbag.py:588} INFO - Filling up the DagBag from /home/airflow/.local/lib/python3.12/site-packages/airflow/example_dags/example_params_trigger_ui.py
[2026-04-24T05:03:27.312+0000] {processor.py:925} INFO - DAG(s) 'example_params_trigger_ui' retrieved from /home/airflow/.local/lib/python3.12/site-packages/airflow/example_dags/example_params_trigger_ui.py
[2026-04-24T05:03:27.326+0000] {logging_mixin.py:190} INFO - [2026-04-24T05:03:27.326+0000] {dag.py:3239} INFO - Sync 1 DAGs
[2026-04-24T05:03:27.331+0000] {logging_mixin.py:190} INFO - [2026-04-24T05:03:27.331+0000] {dag.py:4180} INFO - Setting next_dagrun for example_params_trigger_ui to None, run_after=None
[2026-04-24T05:03:27.337+0000] {processor.py:208} INFO - Processing /home/airflow/.local/lib/python3.12/site-packages/airflow/example_dags/example_params_trigger_ui.py took 0.033 seconds
[2026-04-24T05:05:24.962+0000] {processor.py:186} INFO - Started process (PID=57452) to work on /home/airflow/.local/lib/python3.12/site-packages/airflow/example_dags/example_params_trigger_ui.py
[2026-04-24T05:05:24.962+0000] {processor.py:914} INFO - Processing file /home/airflow/.local/lib/python3.12/site-packages/airflow/example_dags/example_params_trigger_ui.py for tasks to queue
[2026-04-24T05:05:24.963+0000] {logging_mixin.py:190} INFO - [2026-04-24T05:05:24.963+0000] {dagbag.py:588} INFO - Filling up the DagBag from /home/airflow/.local/lib/python3.12/site-packages/airflow/example_dags/example_params_trigger_ui.py
[2026-04-24T05:05:24.967+0000] {processor.py:925} INFO - DAG(s) 'example_params_trigger_ui' retrieved from /home/airflow/.local/lib/python3.12/site-packages/airflow/example_dags/example_params_trigger_ui.py
[2026-04-24T05:05:24.980+0000] {logging_mixin.py:190} INFO - [2026-04-24T05:05:24.980+0000] {dag.py:3239} INFO - Sync 1 DAGs
[2026-04-24T05:05:24.984+0000] {logging_mixin.py:190} INFO - [2026-04-24T05:05:24.984+0000] {dag.py:4180} INFO - Setting next_dagrun for example_params_trigger_ui to None, run_after=None
[2026-04-24T05:05:24.990+0000] {processor.py:208} INFO - Processing /home/airflow/.local/lib/python3.12/site-packages/airflow/example_dags/example_params_trigger_ui.py took 0.030 seconds
[2026-04-24T05:05:56.200+0000] {processor.py:186} INFO - Started process (PID=57516) to work on /home/airflow/.local/lib/python3.12/site-packages/airflow/example_dags/example_params_trigger_ui.py
[2026-04-24T05:05:56.201+0000] {processor.py:914} INFO - Processing file /home/airflow/.local/lib/python3.12/site-packages/airflow/example_dags/example_params_trigger_ui.py for tasks to queue
[2026-04-24T05:05:56.202+0000] {logging_mixin.py:190} INFO - [2026-04-24T05:05:56.202+0000] {dagbag.py:588} INFO - Filling up the DagBag from /home/airflow/.local/lib/python3.12/site-packages/airflow/example_dags/example_params_trigger_ui.py
[2026-04-24T05:05:56.206+0000] {processor.py:925} INFO - DAG(s) 'example_params_trigger_ui' retrieved from /home/airflow/.local/lib/python3.12/site-packages/airflow/example_dags/example_params_trigger_ui.py
[2026-04-24T05:05:56.220+0000] {logging_mixin.py:190} INFO - [2026-04-24T05:05:56.220+0000] {dag.py:3239} INFO - Sync 1 DAGs
[2026-04-24T05:05:56.224+0000] {logging_mixin.py:190} INFO - [2026-04-24T05:05:56.224+0000] {dag.py:4180} INFO - Setting next_dagrun for example_params_trigger_ui to None, run_after=None
[2026-04-24T05:05:56.230+0000] {processor.py:208} INFO - Processing /home/airflow/.local/lib/python3.12/site-packages/airflow/example_dags/example_params_trigger_ui.py took 0.032 seconds
[2026-04-24T05:07:51.697+0000] {processor.py:186} INFO - Started process (PID=57580) to work on /home/airflow/.local/lib/python3.12/site-packages/airflow/example_dags/example_params_trigger_ui.py
[2026-04-24T05:07:51.697+0000] {processor.py:914} INFO - Processing file /home/airflow/.local/lib/python3.12/site-packages/airflow/example_dags/example_params_trigger_ui.py for tasks to queue
[2026-04-24T05:07:51.698+0000] {logging_mixin.py:190} INFO - [2026-04-24T05:07:51.698+0000] {dagbag.py:588} INFO - Filling up the DagBag from /home/airflow/.local/lib/python3.12/site-packages/airflow/example_dags/example_params_trigger_ui.py
[2026-04-24T05:07:51.702+0000] {processor.py:925} INFO - DAG(s) 'example_params_trigger_ui' retrieved from /home/airflow/.local/lib/python3.12/site-packages/airflow/example_dags/example_params_trigger_ui.py
[2026-04-24T05:07:51.714+0000] {logging_mixin.py:190} INFO - [2026-04-24T05:07:51.714+0000] {dag.py:3239} INFO - Sync 1 DAGs
[2026-04-24T05:07:51.720+0000] {logging_mixin.py:190} INFO - [2026-04-24T05:07:51.720+0000] {dag.py:4180} INFO - Setting next_dagrun for example_params_trigger_ui to None, run_after=None
[2026-04-24T05:07:51.725+0000] {processor.py:208} INFO - Processing /home/airflow/.local/lib/python3.12/site-packages/airflow/example_dags/example_params_trigger_ui.py took 0.031 seconds
[2026-04-24T05:09:47.772+0000] {processor.py:186} INFO - Started process (PID=57644) to work on /home/airflow/.local/lib/python3.12/site-packages/airflow/example_dags/example_params_trigger_ui.py
[2026-04-24T05:09:47.773+0000] {processor.py:914} INFO - Processing file /home/airflow/.local/lib/python3.12/site-packages/airflow/example_dags/example_params_trigger_ui.py for tasks to queue
[2026-04-24T05:09:47.774+0000] {logging_mixin.py:190} INFO - [2026-04-24T05:09:47.773+0000] {dagbag.py:588} INFO - Filling up the DagBag from /home/airflow/.local/lib/python3.12/site-packages/airflow/example_dags/example_params_trigger_ui.py
[2026-04-24T05:09:47.778+0000] {processor.py:925} INFO - DAG(s) 'example_params_trigger_ui' retrieved from /home/airflow/.local/lib/python3.12/site-packages/airflow/example_dags/example_params_trigger_ui.py
[2026-04-24T05:09:47.791+0000] {logging_mixin.py:190} INFO - [2026-04-24T05:09:47.791+0000] {dag.py:3239} INFO - Sync 1 DAGs
[2026-04-24T05:09:47.796+0000] {logging_mixin.py:190} INFO - [2026-04-24T05:09:47.796+0000] {dag.py:4180} INFO - Setting next_dagrun for example_params_trigger_ui to None, run_after=None
[2026-04-24T05:09:47.801+0000] {processor.py:208} INFO - Processing /home/airflow/.local/lib/python3.12/site-packages/airflow/example_dags/example_params_trigger_ui.py took 0.032 seconds
[2026-04-24T05:10:17.906+0000] {processor.py:186} INFO - Started process (PID=57707) to work on /home/airflow/.local/lib/python3.12/site-packages/airflow/example_dags/example_params_trigger_ui.py
[2026-04-24T05:10:17.907+0000] {processor.py:914} INFO - Processing file /home/airflow/.local/lib/python3.12/site-packages/airflow/example_dags/example_params_trigger_ui.py for tasks to queue
[2026-04-24T05:10:17.909+0000] {logging_mixin.py:190} INFO - [2026-04-24T05:10:17.909+0000] {dagbag.py:588} INFO - Filling up the DagBag from /home/airflow/.local/lib/python3.12/site-packages/airflow/example_dags/example_params_trigger_ui.py
[2026-04-24T05:10:17.914+0000] {processor.py:925} INFO - DAG(s) 'example_params_trigger_ui' retrieved from /home/airflow/.local/lib/python3.12/site-packages/airflow/example_dags/example_params_trigger_ui.py
[2026-04-24T05:10:17.929+0000] {logging_mixin.py:190} INFO - [2026-04-24T05:10:17.929+0000] {dag.py:3239} INFO - Sync 1 DAGs
[2026-04-24T05:10:17.934+0000] {logging_mixin.py:190} INFO - [2026-04-24T05:10:17.934+0000] {dag.py:4180} INFO - Setting next_dagrun for example_params_trigger_ui to None, run_after=None
[2026-04-24T05:10:17.942+0000] {processor.py:208} INFO - Processing /home/airflow/.local/lib/python3.12/site-packages/airflow/example_dags/example_params_trigger_ui.py took 0.039 seconds
[2026-04-24T05:12:12.612+0000] {processor.py:186} INFO - Started process (PID=57773) to work on /home/airflow/.local/lib/python3.12/site-packages/airflow/example_dags/example_params_trigger_ui.py
[2026-04-24T05:12:12.612+0000] {processor.py:914} INFO - Processing file /home/airflow/.local/lib/python3.12/site-packages/airflow/example_dags/example_params_trigger_ui.py for tasks to queue
[2026-04-24T05:12:12.613+0000] {logging_mixin.py:190} INFO - [2026-04-24T05:12:12.613+0000] {dagbag.py:588} INFO - Filling up the DagBag from /home/airflow/.local/lib/python3.12/site-packages/airflow/example_dags/example_params_trigger_ui.py
[2026-04-24T05:12:12.619+0000] {processor.py:925} INFO - DAG(s) 'example_params_trigger_ui' retrieved from /home/airflow/.local/lib/python3.12/site-packages/airflow/example_dags/example_params_trigger_ui.py
[2026-04-24T05:12:12.634+0000] {logging_mixin.py:190} INFO - [2026-04-24T05:12:12.634+0000] {dag.py:3239} INFO - Sync 1 DAGs
[2026-04-24T05:12:12.639+0000] {logging_mixin.py:190} INFO - [2026-04-24T05:12:12.639+0000] {dag.py:4180} INFO - Setting next_dagrun for example_params_trigger_ui to None, run_after=None
[2026-04-24T05:12:12.646+0000] {processor.py:208} INFO - Processing /home/airflow/.local/lib/python3.12/site-packages/airflow/example_dags/example_params_trigger_ui.py took 0.036 seconds
[2026-04-24T05:12:44.661+0000] {processor.py:186} INFO - Started process (PID=57837) to work on /home/airflow/.local/lib/python3.12/site-packages/airflow/example_dags/example_params_trigger_ui.py
[2026-04-24T05:12:44.661+0000] {processor.py:914} INFO - Processing file /home/airflow/.local/lib/python3.12/site-packages/airflow/example_dags/example_params_trigger_ui.py for tasks to queue
[2026-04-24T05:12:44.662+0000] {logging_mixin.py:190} INFO - [2026-04-24T05:12:44.662+0000] {dagbag.py:588} INFO - Filling up the DagBag from /home/airflow/.local/lib/python3.12/site-packages/airflow/example_dags/example_params_trigger_ui.py
[2026-04-24T05:12:44.666+0000] {processor.py:925} INFO - DAG(s) 'example_params_trigger_ui' retrieved from /home/airflow/.local/lib/python3.12/site-packages/airflow/example_dags/example_params_trigger_ui.py
[2026-04-24T05:12:44.678+0000] {logging_mixin.py:190} INFO - [2026-04-24T05:12:44.678+0000] {dag.py:3239} INFO - Sync 1 DAGs
[2026-04-24T05:12:44.683+0000] {logging_mixin.py:190} INFO - [2026-04-24T05:12:44.683+0000] {dag.py:4180} INFO - Setting next_dagrun for example_params_trigger_ui to None, run_after=None
[2026-04-24T05:12:44.688+0000] {processor.py:208} INFO - Processing /home/airflow/.local/lib/python3.12/site-packages/airflow/example_dags/example_params_trigger_ui.py took 0.030 seconds
[2026-04-24T05:13:15.850+0000] {processor.py:186} INFO - Started process (PID=57901) to work on /home/airflow/.local/lib/python3.12/site-packages/airflow/example_dags/example_params_trigger_ui.py
[2026-04-24T05:13:15.851+0000] {processor.py:914} INFO - Processing file /home/airflow/.local/lib/python3.12/site-packages/airflow/example_dags/example_params_trigger_ui.py for tasks to queue
[2026-04-24T05:13:15.852+0000] {logging_mixin.py:190} INFO - [2026-04-24T05:13:15.852+0000] {dagbag.py:588} INFO - Filling up the DagBag from /home/airflow/.local/lib/python3.12/site-packages/airflow/example_dags/example_params_trigger_ui.py
[2026-04-24T05:13:15.856+0000] {processor.py:925} INFO - DAG(s) 'example_params_trigger_ui' retrieved from /home/airflow/.local/lib/python3.12/site-packages/airflow/example_dags/example_params_trigger_ui.py
[2026-04-24T05:13:15.869+0000] {logging_mixin.py:190} INFO - [2026-04-24T05:13:15.869+0000] {dag.py:3239} INFO - Sync 1 DAGs
[2026-04-24T05:13:15.874+0000] {logging_mixin.py:190} INFO - [2026-04-24T05:13:15.874+0000] {dag.py:4180} INFO - Setting next_dagrun for example_params_trigger_ui to None, run_after=None
[2026-04-24T05:13:15.880+0000] {processor.py:208} INFO - Processing /home/airflow/.local/lib/python3.12/site-packages/airflow/example_dags/example_params_trigger_ui.py took 0.032 seconds
[2026-04-24T05:15:04.409+0000] {processor.py:186} INFO - Started process (PID=57965) to work on /home/airflow/.local/lib/python3.12/site-packages/airflow/example_dags/example_params_trigger_ui.py
[2026-04-24T05:15:04.409+0000] {processor.py:914} INFO - Processing file /home/airflow/.local/lib/python3.12/site-packages/airflow/example_dags/example_params_trigger_ui.py for tasks to queue
[2026-04-24T05:15:04.410+0000] {logging_mixin.py:190} INFO - [2026-04-24T05:15:04.410+0000] {dagbag.py:588} INFO - Filling up the DagBag from /home/airflow/.local/lib/python3.12/site-packages/airflow/example_dags/example_params_trigger_ui.py
[2026-04-24T05:15:04.414+0000] {processor.py:925} INFO - DAG(s) 'example_params_trigger_ui' retrieved from /home/airflow/.local/lib/python3.12/site-packages/airflow/example_dags/example_params_trigger_ui.py
[2026-04-24T05:15:04.426+0000] {logging_mixin.py:190} INFO - [2026-04-24T05:15:04.426+0000] {dag.py:3239} INFO - Sync 1 DAGs
[2026-04-24T05:15:04.431+0000] {logging_mixin.py:190} INFO - [2026-04-24T05:15:04.431+0000] {dag.py:4180} INFO - Setting next_dagrun for example_params_trigger_ui to None, run_after=None
[2026-04-24T05:15:04.436+0000] {processor.py:208} INFO - Processing /home/airflow/.local/lib/python3.12/site-packages/airflow/example_dags/example_params_trigger_ui.py took 0.029 seconds
[2026-04-24T05:15:35.777+0000] {processor.py:186} INFO - Started process (PID=58028) to work on /home/airflow/.local/lib/python3.12/site-packages/airflow/example_dags/example_params_trigger_ui.py
[2026-04-24T05:15:35.778+0000] {processor.py:914} INFO - Processing file /home/airflow/.local/lib/python3.12/site-packages/airflow/example_dags/example_params_trigger_ui.py for tasks to queue
[2026-04-24T05:15:35.780+0000] {logging_mixin.py:190} INFO - [2026-04-24T05:15:35.780+0000] {dagbag.py:588} INFO - Filling up the DagBag from /home/airflow/.local/lib/python3.12/site-packages/airflow/example_dags/example_params_trigger_ui.py
[2026-04-24T05:15:35.784+0000] {processor.py:925} INFO - DAG(s) 'example_params_trigger_ui' retrieved from /home/airflow/.local/lib/python3.12/site-packages/airflow/example_dags/example_params_trigger_ui.py
[2026-04-24T05:15:35.801+0000] {logging_mixin.py:190} INFO - [2026-04-24T05:15:35.801+0000] {dag.py:3239} INFO - Sync 1 DAGs
[2026-04-24T05:15:35.807+0000] {logging_mixin.py:190} INFO - [2026-04-24T05:15:35.807+0000] {dag.py:4180} INFO - Setting next_dagrun for example_params_trigger_ui to None, run_after=None
[2026-04-24T05:15:35.815+0000] {processor.py:208} INFO - Processing /home/airflow/.local/lib/python3.12/site-packages/airflow/example_dags/example_params_trigger_ui.py took 0.040 seconds
[2026-04-24T05:17:25.588+0000] {processor.py:186} INFO - Started process (PID=58093) to work on /home/airflow/.local/lib/python3.12/site-packages/airflow/example_dags/example_params_trigger_ui.py
[2026-04-24T05:17:25.588+0000] {processor.py:914} INFO - Processing file /home/airflow/.local/lib/python3.12/site-packages/airflow/example_dags/example_params_trigger_ui.py for tasks to queue
[2026-04-24T05:17:25.589+0000] {logging_mixin.py:190} INFO - [2026-04-24T05:17:25.589+0000] {dagbag.py:588} INFO - Filling up the DagBag from /home/airflow/.local/lib/python3.12/site-packages/airflow/example_dags/example_params_trigger_ui.py
[2026-04-24T05:17:25.593+0000] {processor.py:925} INFO - DAG(s) 'example_params_trigger_ui' retrieved from /home/airflow/.local/lib/python3.12/site-packages/airflow/example_dags/example_params_trigger_ui.py
[2026-04-24T05:17:25.606+0000] {logging_mixin.py:190} INFO - [2026-04-24T05:17:25.606+0000] {dag.py:3239} INFO - Sync 1 DAGs
[2026-04-24T05:17:25.611+0000] {logging_mixin.py:190} INFO - [2026-04-24T05:17:25.611+0000] {dag.py:4180} INFO - Setting next_dagrun for example_params_trigger_ui to None, run_after=None
[2026-04-24T05:17:25.616+0000] {processor.py:208} INFO - Processing /home/airflow/.local/lib/python3.12/site-packages/airflow/example_dags/example_params_trigger_ui.py took 0.031 seconds
[2026-04-24T05:19:20.034+0000] {processor.py:186} INFO - Started process (PID=58157) to work on /home/airflow/.local/lib/python3.12/site-packages/airflow/example_dags/example_params_trigger_ui.py
[2026-04-24T05:19:20.035+0000] {processor.py:914} INFO - Processing file /home/airflow/.local/lib/python3.12/site-packages/airflow/example_dags/example_params_trigger_ui.py for tasks to queue
[2026-04-24T05:19:20.036+0000] {logging_mixin.py:190} INFO - [2026-04-24T05:19:20.036+0000] {dagbag.py:588} INFO - Filling up the DagBag from /home/airflow/.local/lib/python3.12/site-packages/airflow/example_dags/example_params_trigger_ui.py
[2026-04-24T05:19:20.040+0000] {processor.py:925} INFO - DAG(s) 'example_params_trigger_ui' retrieved from /home/airflow/.local/lib/python3.12/site-packages/airflow/example_dags/example_params_trigger_ui.py
[2026-04-24T05:19:20.053+0000] {logging_mixin.py:190} INFO - [2026-04-24T05:19:20.053+0000] {dag.py:3239} INFO - Sync 1 DAGs
[2026-04-24T05:19:20.058+0000] {logging_mixin.py:190} INFO - [2026-04-24T05:19:20.057+0000] {dag.py:4180} INFO - Setting next_dagrun for example_params_trigger_ui to None, run_after=None
[2026-04-24T05:19:20.063+0000] {processor.py:208} INFO - Processing /home/airflow/.local/lib/python3.12/site-packages/airflow/example_dags/example_params_trigger_ui.py took 0.031 seconds
[2026-04-24T05:19:50.406+0000] {processor.py:186} INFO - Started process (PID=58221) to work on /home/airflow/.local/lib/python3.12/site-packages/airflow/example_dags/example_params_trigger_ui.py
[2026-04-24T05:19:50.406+0000] {processor.py:914} INFO - Processing file /home/airflow/.local/lib/python3.12/site-packages/airflow/example_dags/example_params_trigger_ui.py for tasks to queue
[2026-04-24T05:19:50.407+0000] {logging_mixin.py:190} INFO - [2026-04-24T05:19:50.407+0000] {dagbag.py:588} INFO - Filling up the DagBag from /home/airflow/.local/lib/python3.12/site-packages/airflow/example_dags/example_params_trigger_ui.py
[2026-04-24T05:19:50.410+0000] {processor.py:925} INFO - DAG(s) 'example_params_trigger_ui' retrieved from /home/airflow/.local/lib/python3.12/site-packages/airflow/example_dags/example_params_trigger_ui.py
[2026-04-24T05:19:50.423+0000] {logging_mixin.py:190} INFO - [2026-04-24T05:19:50.423+0000] {dag.py:3239} INFO - Sync 1 DAGs
[2026-04-24T05:19:50.428+0000] {logging_mixin.py:190} INFO - [2026-04-24T05:19:50.427+0000] {dag.py:4180} INFO - Setting next_dagrun for example_params_trigger_ui to None, run_after=None
[2026-04-24T05:19:50.432+0000] {processor.py:208} INFO - Processing /home/airflow/.local/lib/python3.12/site-packages/airflow/example_dags/example_params_trigger_ui.py took 0.029 seconds
[2026-04-24T05:21:42.942+0000] {processor.py:186} INFO - Started process (PID=58285) to work on /home/airflow/.local/lib/python3.12/site-packages/airflow/example_dags/example_params_trigger_ui.py
[2026-04-24T05:21:42.942+0000] {processor.py:914} INFO - Processing file /home/airflow/.local/lib/python3.12/site-packages/airflow/example_dags/example_params_trigger_ui.py for tasks to queue
[2026-04-24T05:21:42.943+0000] {logging_mixin.py:190} INFO - [2026-04-24T05:21:42.943+0000] {dagbag.py:588} INFO - Filling up the DagBag from /home/airflow/.local/lib/python3.12/site-packages/airflow/example_dags/example_params_trigger_ui.py
[2026-04-24T05:21:42.947+0000] {processor.py:925} INFO - DAG(s) 'example_params_trigger_ui' retrieved from /home/airflow/.local/lib/python3.12/site-packages/airflow/example_dags/example_params_trigger_ui.py
[2026-04-24T05:21:42.960+0000] {logging_mixin.py:190} INFO - [2026-04-24T05:21:42.960+0000] {dag.py:3239} INFO - Sync 1 DAGs
[2026-04-24T05:21:42.964+0000] {logging_mixin.py:190} INFO - [2026-04-24T05:21:42.964+0000] {dag.py:4180} INFO - Setting next_dagrun for example_params_trigger_ui to None, run_after=None
[2026-04-24T05:21:42.970+0000] {processor.py:208} INFO - Processing /home/airflow/.local/lib/python3.12/site-packages/airflow/example_dags/example_params_trigger_ui.py took 0.031 seconds
[2026-04-24T05:23:34.690+0000] {processor.py:186} INFO - Started process (PID=58349) to work on /home/airflow/.local/lib/python3.12/site-packages/airflow/example_dags/example_params_trigger_ui.py
[2026-04-24T05:23:34.690+0000] {processor.py:914} INFO - Processing file /home/airflow/.local/lib/python3.12/site-packages/airflow/example_dags/example_params_trigger_ui.py for tasks to queue
[2026-04-24T05:23:34.691+0000] {logging_mixin.py:190} INFO - [2026-04-24T05:23:34.691+0000] {dagbag.py:588} INFO - Filling up the DagBag from /home/airflow/.local/lib/python3.12/site-packages/airflow/example_dags/example_params_trigger_ui.py
[2026-04-24T05:23:34.695+0000] {processor.py:925} INFO - DAG(s) 'example_params_trigger_ui' retrieved from /home/airflow/.local/lib/python3.12/site-packages/airflow/example_dags/example_params_trigger_ui.py
[2026-04-24T05:23:34.709+0000] {logging_mixin.py:190} INFO - [2026-04-24T05:23:34.709+0000] {dag.py:3239} INFO - Sync 1 DAGs
[2026-04-24T05:23:34.713+0000] {logging_mixin.py:190} INFO - [2026-04-24T05:23:34.713+0000] {dag.py:4180} INFO - Setting next_dagrun for example_params_trigger_ui to None, run_after=None
[2026-04-24T05:23:34.719+0000] {processor.py:208} INFO - Processing /home/airflow/.local/lib/python3.12/site-packages/airflow/example_dags/example_params_trigger_ui.py took 0.032 seconds
[2026-04-24T05:24:05.276+0000] {processor.py:186} INFO - Started process (PID=58412) to work on /home/airflow/.local/lib/python3.12/site-packages/airflow/example_dags/example_params_trigger_ui.py
[2026-04-24T05:24:05.277+0000] {processor.py:914} INFO - Processing file /home/airflow/.local/lib/python3.12/site-packages/airflow/example_dags/example_params_trigger_ui.py for tasks to queue
[2026-04-24T05:24:05.277+0000] {logging_mixin.py:190} INFO - [2026-04-24T05:24:05.277+0000] {dagbag.py:588} INFO - Filling up the DagBag from /home/airflow/.local/lib/python3.12/site-packages/airflow/example_dags/example_params_trigger_ui.py
[2026-04-24T05:24:05.281+0000] {processor.py:925} INFO - DAG(s) 'example_params_trigger_ui' retrieved from /home/airflow/.local/lib/python3.12/site-packages/airflow/example_dags/example_params_trigger_ui.py
[2026-04-24T05:24:05.293+0000] {logging_mixin.py:190} INFO - [2026-04-24T05:24:05.293+0000] {dag.py:3239} INFO - Sync 1 DAGs
[2026-04-24T05:24:05.297+0000] {logging_mixin.py:190} INFO - [2026-04-24T05:24:05.297+0000] {dag.py:4180} INFO - Setting next_dagrun for example_params_trigger_ui to None, run_after=None
[2026-04-24T05:24:05.302+0000] {processor.py:208} INFO - Processing /home/airflow/.local/lib/python3.12/site-packages/airflow/example_dags/example_params_trigger_ui.py took 0.027 seconds
[2026-04-24T05:26:00.028+0000] {processor.py:186} INFO - Started process (PID=58477) to work on /home/airflow/.local/lib/python3.12/site-packages/airflow/example_dags/example_params_trigger_ui.py
[2026-04-24T05:26:00.028+0000] {processor.py:914} INFO - Processing file /home/airflow/.local/lib/python3.12/site-packages/airflow/example_dags/example_params_trigger_ui.py for tasks to queue
[2026-04-24T05:26:00.029+0000] {logging_mixin.py:190} INFO - [2026-04-24T05:26:00.029+0000] {dagbag.py:588} INFO - Filling up the DagBag from /home/airflow/.local/lib/python3.12/site-packages/airflow/example_dags/example_params_trigger_ui.py
[2026-04-24T05:26:00.034+0000] {processor.py:925} INFO - DAG(s) 'example_params_trigger_ui' retrieved from /home/airflow/.local/lib/python3.12/site-packages/airflow/example_dags/example_params_trigger_ui.py
[2026-04-24T05:26:00.051+0000] {logging_mixin.py:190} INFO - [2026-04-24T05:26:00.051+0000] {dag.py:3239} INFO - Sync 1 DAGs
[2026-04-24T05:26:00.057+0000] {logging_mixin.py:190} INFO - [2026-04-24T05:26:00.057+0000] {dag.py:4180} INFO - Setting next_dagrun for example_params_trigger_ui to None, run_after=None
[2026-04-24T05:26:00.152+0000] {processor.py:208} INFO - Processing /home/airflow/.local/lib/python3.12/site-packages/airflow/example_dags/example_params_trigger_ui.py took 0.128 seconds
[2026-04-24T05:27:52.663+0000] {processor.py:186} INFO - Started process (PID=58541) to work on /home/airflow/.local/lib/python3.12/site-packages/airflow/example_dags/example_params_trigger_ui.py
[2026-04-24T05:27:52.664+0000] {processor.py:914} INFO - Processing file /home/airflow/.local/lib/python3.12/site-packages/airflow/example_dags/example_params_trigger_ui.py for tasks to queue
[2026-04-24T05:27:52.665+0000] {logging_mixin.py:190} INFO - [2026-04-24T05:27:52.665+0000] {dagbag.py:588} INFO - Filling up the DagBag from /home/airflow/.local/lib/python3.12/site-packages/airflow/example_dags/example_params_trigger_ui.py
[2026-04-24T05:27:52.670+0000] {processor.py:925} INFO - DAG(s) 'example_params_trigger_ui' retrieved from /home/airflow/.local/lib/python3.12/site-packages/airflow/example_dags/example_params_trigger_ui.py
[2026-04-24T05:27:52.687+0000] {logging_mixin.py:190} INFO - [2026-04-24T05:27:52.687+0000] {dag.py:3239} INFO - Sync 1 DAGs
[2026-04-24T05:27:52.692+0000] {logging_mixin.py:190} INFO - [2026-04-24T05:27:52.692+0000] {dag.py:4180} INFO - Setting next_dagrun for example_params_trigger_ui to None, run_after=None
[2026-04-24T05:27:52.702+0000] {processor.py:208} INFO - Processing /home/airflow/.local/lib/python3.12/site-packages/airflow/example_dags/example_params_trigger_ui.py took 0.041 seconds
[2026-04-24T05:29:46.690+0000] {processor.py:186} INFO - Started process (PID=58605) to work on /home/airflow/.local/lib/python3.12/site-packages/airflow/example_dags/example_params_trigger_ui.py
[2026-04-24T05:29:46.691+0000] {processor.py:914} INFO - Processing file /home/airflow/.local/lib/python3.12/site-packages/airflow/example_dags/example_params_trigger_ui.py for tasks to queue
[2026-04-24T05:29:46.692+0000] {logging_mixin.py:190} INFO - [2026-04-24T05:29:46.691+0000] {dagbag.py:588} INFO - Filling up the DagBag from /home/airflow/.local/lib/python3.12/site-packages/airflow/example_dags/example_params_trigger_ui.py
[2026-04-24T05:29:46.696+0000] {processor.py:925} INFO - DAG(s) 'example_params_trigger_ui' retrieved from /home/airflow/.local/lib/python3.12/site-packages/airflow/example_dags/example_params_trigger_ui.py
[2026-04-24T05:29:46.716+0000] {logging_mixin.py:190} INFO - [2026-04-24T05:29:46.716+0000] {dag.py:3239} INFO - Sync 1 DAGs
[2026-04-24T05:29:46.721+0000] {logging_mixin.py:190} INFO - [2026-04-24T05:29:46.721+0000] {dag.py:4180} INFO - Setting next_dagrun for example_params_trigger_ui to None, run_after=None
[2026-04-24T05:29:46.728+0000] {processor.py:208} INFO - Processing /home/airflow/.local/lib/python3.12/site-packages/airflow/example_dags/example_params_trigger_ui.py took 0.041 seconds
[2026-04-24T05:31:45.629+0000] {processor.py:186} INFO - Started process (PID=58669) to work on /home/airflow/.local/lib/python3.12/site-packages/airflow/example_dags/example_params_trigger_ui.py
[2026-04-24T05:31:45.629+0000] {processor.py:914} INFO - Processing file /home/airflow/.local/lib/python3.12/site-packages/airflow/example_dags/example_params_trigger_ui.py for tasks to queue
[2026-04-24T05:31:45.630+0000] {logging_mixin.py:190} INFO - [2026-04-24T05:31:45.630+0000] {dagbag.py:588} INFO - Filling up the DagBag from /home/airflow/.local/lib/python3.12/site-packages/airflow/example_dags/example_params_trigger_ui.py
[2026-04-24T05:31:45.634+0000] {processor.py:925} INFO - DAG(s) 'example_params_trigger_ui' retrieved from /home/airflow/.local/lib/python3.12/site-packages/airflow/example_dags/example_params_trigger_ui.py
[2026-04-24T05:31:45.646+0000] {logging_mixin.py:190} INFO - [2026-04-24T05:31:45.646+0000] {dag.py:3239} INFO - Sync 1 DAGs
[2026-04-24T05:31:45.651+0000] {logging_mixin.py:190} INFO - [2026-04-24T05:31:45.651+0000] {dag.py:4180} INFO - Setting next_dagrun for example_params_trigger_ui to None, run_after=None
[2026-04-24T05:31:45.656+0000] {processor.py:208} INFO - Processing /home/airflow/.local/lib/python3.12/site-packages/airflow/example_dags/example_params_trigger_ui.py took 0.030 seconds
[2026-04-24T05:33:42.790+0000] {processor.py:186} INFO - Started process (PID=58733) to work on /home/airflow/.local/lib/python3.12/site-packages/airflow/example_dags/example_params_trigger_ui.py
[2026-04-24T05:33:42.790+0000] {processor.py:914} INFO - Processing file /home/airflow/.local/lib/python3.12/site-packages/airflow/example_dags/example_params_trigger_ui.py for tasks to queue
[2026-04-24T05:33:42.791+0000] {logging_mixin.py:190} INFO - [2026-04-24T05:33:42.791+0000] {dagbag.py:588} INFO - Filling up the DagBag from /home/airflow/.local/lib/python3.12/site-packages/airflow/example_dags/example_params_trigger_ui.py
[2026-04-24T05:33:42.795+0000] {processor.py:925} INFO - DAG(s) 'example_params_trigger_ui' retrieved from /home/airflow/.local/lib/python3.12/site-packages/airflow/example_dags/example_params_trigger_ui.py
[2026-04-24T05:33:42.809+0000] {logging_mixin.py:190} INFO - [2026-04-24T05:33:42.808+0000] {dag.py:3239} INFO - Sync 1 DAGs
[2026-04-24T05:33:42.814+0000] {logging_mixin.py:190} INFO - [2026-04-24T05:33:42.814+0000] {dag.py:4180} INFO - Setting next_dagrun for example_params_trigger_ui to None, run_after=None
[2026-04-24T05:33:42.820+0000] {processor.py:208} INFO - Processing /home/airflow/.local/lib/python3.12/site-packages/airflow/example_dags/example_params_trigger_ui.py took 0.032 seconds
[2026-04-24T05:34:13.641+0000] {processor.py:186} INFO - Started process (PID=58798) to work on /home/airflow/.local/lib/python3.12/site-packages/airflow/example_dags/example_params_trigger_ui.py
[2026-04-24T05:34:13.641+0000] {processor.py:914} INFO - Processing file /home/airflow/.local/lib/python3.12/site-packages/airflow/example_dags/example_params_trigger_ui.py for tasks to queue
[2026-04-24T05:34:13.642+0000] {logging_mixin.py:190} INFO - [2026-04-24T05:34:13.642+0000] {dagbag.py:588} INFO - Filling up the DagBag from /home/airflow/.local/lib/python3.12/site-packages/airflow/example_dags/example_params_trigger_ui.py
[2026-04-24T05:34:13.646+0000] {processor.py:925} INFO - DAG(s) 'example_params_trigger_ui' retrieved from /home/airflow/.local/lib/python3.12/site-packages/airflow/example_dags/example_params_trigger_ui.py
[2026-04-24T05:34:13.660+0000] {logging_mixin.py:190} INFO - [2026-04-24T05:34:13.659+0000] {dag.py:3239} INFO - Sync 1 DAGs
[2026-04-24T05:34:13.664+0000] {logging_mixin.py:190} INFO - [2026-04-24T05:34:13.664+0000] {dag.py:4180} INFO - Setting next_dagrun for example_params_trigger_ui to None, run_after=None
[2026-04-24T05:34:13.670+0000] {processor.py:208} INFO - Processing /home/airflow/.local/lib/python3.12/site-packages/airflow/example_dags/example_params_trigger_ui.py took 0.032 seconds
[2026-04-24T05:36:05.270+0000] {processor.py:186} INFO - Started process (PID=58862) to work on /home/airflow/.local/lib/python3.12/site-packages/airflow/example_dags/example_params_trigger_ui.py
[2026-04-24T05:36:05.271+0000] {processor.py:914} INFO - Processing file /home/airflow/.local/lib/python3.12/site-packages/airflow/example_dags/example_params_trigger_ui.py for tasks to queue
[2026-04-24T05:36:05.272+0000] {logging_mixin.py:190} INFO - [2026-04-24T05:36:05.272+0000] {dagbag.py:588} INFO - Filling up the DagBag from /home/airflow/.local/lib/python3.12/site-packages/airflow/example_dags/example_params_trigger_ui.py
[2026-04-24T05:36:05.277+0000] {processor.py:925} INFO - DAG(s) 'example_params_trigger_ui' retrieved from /home/airflow/.local/lib/python3.12/site-packages/airflow/example_dags/example_params_trigger_ui.py
[2026-04-24T05:36:05.290+0000] {logging_mixin.py:190} INFO - [2026-04-24T05:36:05.290+0000] {dag.py:3239} INFO - Sync 1 DAGs
[2026-04-24T05:36:05.294+0000] {logging_mixin.py:190} INFO - [2026-04-24T05:36:05.294+0000] {dag.py:4180} INFO - Setting next_dagrun for example_params_trigger_ui to None, run_after=None
[2026-04-24T05:36:05.302+0000] {processor.py:208} INFO - Processing /home/airflow/.local/lib/python3.12/site-packages/airflow/example_dags/example_params_trigger_ui.py took 0.035 seconds
[2026-04-24T05:36:35.668+0000] {processor.py:186} INFO - Started process (PID=58926) to work on /home/airflow/.local/lib/python3.12/site-packages/airflow/example_dags/example_params_trigger_ui.py
[2026-04-24T05:36:35.669+0000] {processor.py:914} INFO - Processing file /home/airflow/.local/lib/python3.12/site-packages/airflow/example_dags/example_params_trigger_ui.py for tasks to queue
[2026-04-24T05:36:35.671+0000] {logging_mixin.py:190} INFO - [2026-04-24T05:36:35.670+0000] {dagbag.py:588} INFO - Filling up the DagBag from /home/airflow/.local/lib/python3.12/site-packages/airflow/example_dags/example_params_trigger_ui.py
[2026-04-24T05:36:35.679+0000] {processor.py:925} INFO - DAG(s) 'example_params_trigger_ui' retrieved from /home/airflow/.local/lib/python3.12/site-packages/airflow/example_dags/example_params_trigger_ui.py
[2026-04-24T05:36:35.705+0000] {logging_mixin.py:190} INFO - [2026-04-24T05:36:35.705+0000] {dag.py:3239} INFO - Sync 1 DAGs
[2026-04-24T05:36:35.714+0000] {logging_mixin.py:190} INFO - [2026-04-24T05:36:35.714+0000] {dag.py:4180} INFO - Setting next_dagrun for example_params_trigger_ui to None, run_after=None
[2026-04-24T05:36:35.761+0000] {processor.py:208} INFO - Processing /home/airflow/.local/lib/python3.12/site-packages/airflow/example_dags/example_params_trigger_ui.py took 0.095 seconds
[2026-04-24T05:38:25.303+0000] {processor.py:186} INFO - Started process (PID=58990) to work on /home/airflow/.local/lib/python3.12/site-packages/airflow/example_dags/example_params_trigger_ui.py
[2026-04-24T05:38:25.304+0000] {processor.py:914} INFO - Processing file /home/airflow/.local/lib/python3.12/site-packages/airflow/example_dags/example_params_trigger_ui.py for tasks to queue
[2026-04-24T05:38:25.305+0000] {logging_mixin.py:190} INFO - [2026-04-24T05:38:25.304+0000] {dagbag.py:588} INFO - Filling up the DagBag from /home/airflow/.local/lib/python3.12/site-packages/airflow/example_dags/example_params_trigger_ui.py
[2026-04-24T05:38:25.309+0000] {processor.py:925} INFO - DAG(s) 'example_params_trigger_ui' retrieved from /home/airflow/.local/lib/python3.12/site-packages/airflow/example_dags/example_params_trigger_ui.py
[2026-04-24T05:38:25.322+0000] {logging_mixin.py:190} INFO - [2026-04-24T05:38:25.322+0000] {dag.py:3239} INFO - Sync 1 DAGs
[2026-04-24T05:38:25.330+0000] {logging_mixin.py:190} INFO - [2026-04-24T05:38:25.330+0000] {dag.py:4180} INFO - Setting next_dagrun for example_params_trigger_ui to None, run_after=None
[2026-04-24T05:38:25.339+0000] {processor.py:208} INFO - Processing /home/airflow/.local/lib/python3.12/site-packages/airflow/example_dags/example_params_trigger_ui.py took 0.038 seconds
[2026-04-24T05:40:20.712+0000] {processor.py:186} INFO - Started process (PID=59054) to work on /home/airflow/.local/lib/python3.12/site-packages/airflow/example_dags/example_params_trigger_ui.py
[2026-04-24T05:40:20.713+0000] {processor.py:914} INFO - Processing file /home/airflow/.local/lib/python3.12/site-packages/airflow/example_dags/example_params_trigger_ui.py for tasks to queue
[2026-04-24T05:40:20.714+0000] {logging_mixin.py:190} INFO - [2026-04-24T05:40:20.713+0000] {dagbag.py:588} INFO - Filling up the DagBag from /home/airflow/.local/lib/python3.12/site-packages/airflow/example_dags/example_params_trigger_ui.py
[2026-04-24T05:40:20.717+0000] {processor.py:925} INFO - DAG(s) 'example_params_trigger_ui' retrieved from /home/airflow/.local/lib/python3.12/site-packages/airflow/example_dags/example_params_trigger_ui.py
[2026-04-24T05:40:20.734+0000] {logging_mixin.py:190} INFO - [2026-04-24T05:40:20.734+0000] {dag.py:3239} INFO - Sync 1 DAGs
[2026-04-24T05:40:20.738+0000] {logging_mixin.py:190} INFO - [2026-04-24T05:40:20.738+0000] {dag.py:4180} INFO - Setting next_dagrun for example_params_trigger_ui to None, run_after=None
[2026-04-24T05:40:20.748+0000] {processor.py:208} INFO - Processing /home/airflow/.local/lib/python3.12/site-packages/airflow/example_dags/example_params_trigger_ui.py took 0.037 seconds
[2026-04-24T05:40:51.731+0000] {processor.py:186} INFO - Started process (PID=59117) to work on /home/airflow/.local/lib/python3.12/site-packages/airflow/example_dags/example_params_trigger_ui.py
[2026-04-24T05:40:51.731+0000] {processor.py:914} INFO - Processing file /home/airflow/.local/lib/python3.12/site-packages/airflow/example_dags/example_params_trigger_ui.py for tasks to queue
[2026-04-24T05:40:51.732+0000] {logging_mixin.py:190} INFO - [2026-04-24T05:40:51.732+0000] {dagbag.py:588} INFO - Filling up the DagBag from /home/airflow/.local/lib/python3.12/site-packages/airflow/example_dags/example_params_trigger_ui.py
[2026-04-24T05:40:51.736+0000] {processor.py:925} INFO - DAG(s) 'example_params_trigger_ui' retrieved from /home/airflow/.local/lib/python3.12/site-packages/airflow/example_dags/example_params_trigger_ui.py
[2026-04-24T05:40:51.749+0000] {logging_mixin.py:190} INFO - [2026-04-24T05:40:51.748+0000] {dag.py:3239} INFO - Sync 1 DAGs
[2026-04-24T05:40:51.753+0000] {logging_mixin.py:190} INFO - [2026-04-24T05:40:51.753+0000] {dag.py:4180} INFO - Setting next_dagrun for example_params_trigger_ui to None, run_after=None
[2026-04-24T05:40:51.758+0000] {processor.py:208} INFO - Processing /home/airflow/.local/lib/python3.12/site-packages/airflow/example_dags/example_params_trigger_ui.py took 0.030 seconds
[2026-04-24T05:42:48.175+0000] {processor.py:186} INFO - Started process (PID=59181) to work on /home/airflow/.local/lib/python3.12/site-packages/airflow/example_dags/example_params_trigger_ui.py
[2026-04-24T05:42:48.175+0000] {processor.py:914} INFO - Processing file /home/airflow/.local/lib/python3.12/site-packages/airflow/example_dags/example_params_trigger_ui.py for tasks to queue
[2026-04-24T05:42:48.176+0000] {logging_mixin.py:190} INFO - [2026-04-24T05:42:48.176+0000] {dagbag.py:588} INFO - Filling up the DagBag from /home/airflow/.local/lib/python3.12/site-packages/airflow/example_dags/example_params_trigger_ui.py
[2026-04-24T05:42:48.182+0000] {processor.py:925} INFO - DAG(s) 'example_params_trigger_ui' retrieved from /home/airflow/.local/lib/python3.12/site-packages/airflow/example_dags/example_params_trigger_ui.py
[2026-04-24T05:42:48.201+0000] {logging_mixin.py:190} INFO - [2026-04-24T05:42:48.201+0000] {dag.py:3239} INFO - Sync 1 DAGs
[2026-04-24T05:42:48.206+0000] {logging_mixin.py:190} INFO - [2026-04-24T05:42:48.206+0000] {dag.py:4180} INFO - Setting next_dagrun for example_params_trigger_ui to None, run_after=None
[2026-04-24T05:42:48.213+0000] {processor.py:208} INFO - Processing /home/airflow/.local/lib/python3.12/site-packages/airflow/example_dags/example_params_trigger_ui.py took 0.040 seconds
[2026-04-24T05:44:41.579+0000] {processor.py:186} INFO - Started process (PID=59244) to work on /home/airflow/.local/lib/python3.12/site-packages/airflow/example_dags/example_params_trigger_ui.py
[2026-04-24T05:44:41.579+0000] {processor.py:914} INFO - Processing file /home/airflow/.local/lib/python3.12/site-packages/airflow/example_dags/example_params_trigger_ui.py for tasks to queue
[2026-04-24T05:44:41.580+0000] {logging_mixin.py:190} INFO - [2026-04-24T05:44:41.580+0000] {dagbag.py:588} INFO - Filling up the DagBag from /home/airflow/.local/lib/python3.12/site-packages/airflow/example_dags/example_params_trigger_ui.py
[2026-04-24T05:44:41.584+0000] {processor.py:925} INFO - DAG(s) 'example_params_trigger_ui' retrieved from /home/airflow/.local/lib/python3.12/site-packages/airflow/example_dags/example_params_trigger_ui.py
[2026-04-24T05:44:41.599+0000] {logging_mixin.py:190} INFO - [2026-04-24T05:44:41.599+0000] {dag.py:3239} INFO - Sync 1 DAGs
[2026-04-24T05:44:41.604+0000] {logging_mixin.py:190} INFO - [2026-04-24T05:44:41.604+0000] {dag.py:4180} INFO - Setting next_dagrun for example_params_trigger_ui to None, run_after=None
[2026-04-24T05:44:41.616+0000] {processor.py:208} INFO - Processing /home/airflow/.local/lib/python3.12/site-packages/airflow/example_dags/example_params_trigger_ui.py took 0.040 seconds
[2026-04-24T05:45:12.620+0000] {processor.py:186} INFO - Started process (PID=59308) to work on /home/airflow/.local/lib/python3.12/site-packages/airflow/example_dags/example_params_trigger_ui.py
[2026-04-24T05:45:12.620+0000] {processor.py:914} INFO - Processing file /home/airflow/.local/lib/python3.12/site-packages/airflow/example_dags/example_params_trigger_ui.py for tasks to queue
[2026-04-24T05:45:12.622+0000] {logging_mixin.py:190} INFO - [2026-04-24T05:45:12.622+0000] {dagbag.py:588} INFO - Filling up the DagBag from /home/airflow/.local/lib/python3.12/site-packages/airflow/example_dags/example_params_trigger_ui.py
[2026-04-24T05:45:12.628+0000] {processor.py:925} INFO - DAG(s) 'example_params_trigger_ui' retrieved from /home/airflow/.local/lib/python3.12/site-packages/airflow/example_dags/example_params_trigger_ui.py
[2026-04-24T05:45:12.647+0000] {logging_mixin.py:190} INFO - [2026-04-24T05:45:12.644+0000] {dag.py:3239} INFO - Sync 1 DAGs
[2026-04-24T05:45:12.652+0000] {logging_mixin.py:190} INFO - [2026-04-24T05:45:12.652+0000] {dag.py:4180} INFO - Setting next_dagrun for example_params_trigger_ui to None, run_after=None
[2026-04-24T05:45:12.663+0000] {processor.py:208} INFO - Processing /home/airflow/.local/lib/python3.12/site-packages/airflow/example_dags/example_params_trigger_ui.py took 0.046 seconds
[2026-04-24T05:47:04.805+0000] {processor.py:186} INFO - Started process (PID=59371) to work on /home/airflow/.local/lib/python3.12/site-packages/airflow/example_dags/example_params_trigger_ui.py
[2026-04-24T05:47:04.806+0000] {processor.py:914} INFO - Processing file /home/airflow/.local/lib/python3.12/site-packages/airflow/example_dags/example_params_trigger_ui.py for tasks to queue
[2026-04-24T05:47:04.807+0000] {logging_mixin.py:190} INFO - [2026-04-24T05:47:04.807+0000] {dagbag.py:588} INFO - Filling up the DagBag from /home/airflow/.local/lib/python3.12/site-packages/airflow/example_dags/example_params_trigger_ui.py
[2026-04-24T05:47:04.811+0000] {processor.py:925} INFO - DAG(s) 'example_params_trigger_ui' retrieved from /home/airflow/.local/lib/python3.12/site-packages/airflow/example_dags/example_params_trigger_ui.py
[2026-04-24T05:47:04.828+0000] {logging_mixin.py:190} INFO - [2026-04-24T05:47:04.828+0000] {dag.py:3239} INFO - Sync 1 DAGs
[2026-04-24T05:47:04.835+0000] {logging_mixin.py:190} INFO - [2026-04-24T05:47:04.835+0000] {dag.py:4180} INFO - Setting next_dagrun for example_params_trigger_ui to None, run_after=None
[2026-04-24T05:47:04.844+0000] {processor.py:208} INFO - Processing /home/airflow/.local/lib/python3.12/site-packages/airflow/example_dags/example_params_trigger_ui.py took 0.041 seconds
[2026-04-24T05:48:55.254+0000] {processor.py:186} INFO - Started process (PID=59435) to work on /home/airflow/.local/lib/python3.12/site-packages/airflow/example_dags/example_params_trigger_ui.py
[2026-04-24T05:48:55.254+0000] {processor.py:914} INFO - Processing file /home/airflow/.local/lib/python3.12/site-packages/airflow/example_dags/example_params_trigger_ui.py for tasks to queue
[2026-04-24T05:48:55.255+0000] {logging_mixin.py:190} INFO - [2026-04-24T05:48:55.255+0000] {dagbag.py:588} INFO - Filling up the DagBag from /home/airflow/.local/lib/python3.12/site-packages/airflow/example_dags/example_params_trigger_ui.py
[2026-04-24T05:48:55.259+0000] {processor.py:925} INFO - DAG(s) 'example_params_trigger_ui' retrieved from /home/airflow/.local/lib/python3.12/site-packages/airflow/example_dags/example_params_trigger_ui.py
[2026-04-24T05:48:55.274+0000] {logging_mixin.py:190} INFO - [2026-04-24T05:48:55.274+0000] {dag.py:3239} INFO - Sync 1 DAGs
[2026-04-24T05:48:55.281+0000] {logging_mixin.py:190} INFO - [2026-04-24T05:48:55.281+0000] {dag.py:4180} INFO - Setting next_dagrun for example_params_trigger_ui to None, run_after=None
[2026-04-24T05:48:55.289+0000] {processor.py:208} INFO - Processing /home/airflow/.local/lib/python3.12/site-packages/airflow/example_dags/example_params_trigger_ui.py took 0.038 seconds
[2026-04-24T05:49:26.406+0000] {processor.py:186} INFO - Started process (PID=59499) to work on /home/airflow/.local/lib/python3.12/site-packages/airflow/example_dags/example_params_trigger_ui.py
[2026-04-24T05:49:26.406+0000] {processor.py:914} INFO - Processing file /home/airflow/.local/lib/python3.12/site-packages/airflow/example_dags/example_params_trigger_ui.py for tasks to queue
[2026-04-24T05:49:26.408+0000] {logging_mixin.py:190} INFO - [2026-04-24T05:49:26.408+0000] {dagbag.py:588} INFO - Filling up the DagBag from /home/airflow/.local/lib/python3.12/site-packages/airflow/example_dags/example_params_trigger_ui.py
[2026-04-24T05:49:26.413+0000] {processor.py:925} INFO - DAG(s) 'example_params_trigger_ui' retrieved from /home/airflow/.local/lib/python3.12/site-packages/airflow/example_dags/example_params_trigger_ui.py
[2026-04-24T05:49:26.428+0000] {logging_mixin.py:190} INFO - [2026-04-24T05:49:26.428+0000] {dag.py:3239} INFO - Sync 1 DAGs
[2026-04-24T05:49:26.433+0000] {logging_mixin.py:190} INFO - [2026-04-24T05:49:26.433+0000] {dag.py:4180} INFO - Setting next_dagrun for example_params_trigger_ui to None, run_after=None
[2026-04-24T05:49:26.441+0000] {processor.py:208} INFO - Processing /home/airflow/.local/lib/python3.12/site-packages/airflow/example_dags/example_params_trigger_ui.py took 0.038 seconds
[2026-04-24T05:51:20.724+0000] {processor.py:186} INFO - Started process (PID=59563) to work on /home/airflow/.local/lib/python3.12/site-packages/airflow/example_dags/example_params_trigger_ui.py
[2026-04-24T05:51:20.725+0000] {processor.py:914} INFO - Processing file /home/airflow/.local/lib/python3.12/site-packages/airflow/example_dags/example_params_trigger_ui.py for tasks to queue
[2026-04-24T05:51:20.726+0000] {logging_mixin.py:190} INFO - [2026-04-24T05:51:20.726+0000] {dagbag.py:588} INFO - Filling up the DagBag from /home/airflow/.local/lib/python3.12/site-packages/airflow/example_dags/example_params_trigger_ui.py
[2026-04-24T05:51:20.731+0000] {processor.py:925} INFO - DAG(s) 'example_params_trigger_ui' retrieved from /home/airflow/.local/lib/python3.12/site-packages/airflow/example_dags/example_params_trigger_ui.py
[2026-04-24T05:51:20.749+0000] {logging_mixin.py:190} INFO - [2026-04-24T05:51:20.749+0000] {dag.py:3239} INFO - Sync 1 DAGs
[2026-04-24T05:51:20.758+0000] {logging_mixin.py:190} INFO - [2026-04-24T05:51:20.757+0000] {dag.py:4180} INFO - Setting next_dagrun for example_params_trigger_ui to None, run_after=None
[2026-04-24T05:51:20.773+0000] {processor.py:208} INFO - Processing /home/airflow/.local/lib/python3.12/site-packages/airflow/example_dags/example_params_trigger_ui.py took 0.051 seconds
[2026-04-24T05:51:51.121+0000] {processor.py:186} INFO - Started process (PID=59627) to work on /home/airflow/.local/lib/python3.12/site-packages/airflow/example_dags/example_params_trigger_ui.py
[2026-04-24T05:51:51.124+0000] {processor.py:914} INFO - Processing file /home/airflow/.local/lib/python3.12/site-packages/airflow/example_dags/example_params_trigger_ui.py for tasks to queue
[2026-04-24T05:51:51.125+0000] {logging_mixin.py:190} INFO - [2026-04-24T05:51:51.125+0000] {dagbag.py:588} INFO - Filling up the DagBag from /home/airflow/.local/lib/python3.12/site-packages/airflow/example_dags/example_params_trigger_ui.py
[2026-04-24T05:51:51.129+0000] {processor.py:925} INFO - DAG(s) 'example_params_trigger_ui' retrieved from /home/airflow/.local/lib/python3.12/site-packages/airflow/example_dags/example_params_trigger_ui.py
[2026-04-24T05:51:51.144+0000] {logging_mixin.py:190} INFO - [2026-04-24T05:51:51.144+0000] {dag.py:3239} INFO - Sync 1 DAGs
[2026-04-24T05:51:51.150+0000] {logging_mixin.py:190} INFO - [2026-04-24T05:51:51.149+0000] {dag.py:4180} INFO - Setting next_dagrun for example_params_trigger_ui to None, run_after=None
[2026-04-24T05:51:51.156+0000] {processor.py:208} INFO - Processing /home/airflow/.local/lib/python3.12/site-packages/airflow/example_dags/example_params_trigger_ui.py took 0.038 seconds
[2026-04-24T05:53:44.643+0000] {processor.py:186} INFO - Started process (PID=59691) to work on /home/airflow/.local/lib/python3.12/site-packages/airflow/example_dags/example_params_trigger_ui.py
[2026-04-24T05:53:44.644+0000] {processor.py:914} INFO - Processing file /home/airflow/.local/lib/python3.12/site-packages/airflow/example_dags/example_params_trigger_ui.py for tasks to queue
[2026-04-24T05:53:44.644+0000] {logging_mixin.py:190} INFO - [2026-04-24T05:53:44.644+0000] {dagbag.py:588} INFO - Filling up the DagBag from /home/airflow/.local/lib/python3.12/site-packages/airflow/example_dags/example_params_trigger_ui.py
[2026-04-24T05:53:44.648+0000] {processor.py:925} INFO - DAG(s) 'example_params_trigger_ui' retrieved from /home/airflow/.local/lib/python3.12/site-packages/airflow/example_dags/example_params_trigger_ui.py
[2026-04-24T05:53:44.664+0000] {logging_mixin.py:190} INFO - [2026-04-24T05:53:44.664+0000] {dag.py:3239} INFO - Sync 1 DAGs
[2026-04-24T05:53:44.669+0000] {logging_mixin.py:190} INFO - [2026-04-24T05:53:44.669+0000] {dag.py:4180} INFO - Setting next_dagrun for example_params_trigger_ui to None, run_after=None
[2026-04-24T05:53:44.678+0000] {processor.py:208} INFO - Processing /home/airflow/.local/lib/python3.12/site-packages/airflow/example_dags/example_params_trigger_ui.py took 0.037 seconds
[2026-04-24T05:55:36.122+0000] {processor.py:186} INFO - Started process (PID=59755) to work on /home/airflow/.local/lib/python3.12/site-packages/airflow/example_dags/example_params_trigger_ui.py
[2026-04-24T05:55:36.123+0000] {processor.py:914} INFO - Processing file /home/airflow/.local/lib/python3.12/site-packages/airflow/example_dags/example_params_trigger_ui.py for tasks to queue
[2026-04-24T05:55:36.124+0000] {logging_mixin.py:190} INFO - [2026-04-24T05:55:36.124+0000] {dagbag.py:588} INFO - Filling up the DagBag from /home/airflow/.local/lib/python3.12/site-packages/airflow/example_dags/example_params_trigger_ui.py
[2026-04-24T05:55:36.128+0000] {processor.py:925} INFO - DAG(s) 'example_params_trigger_ui' retrieved from /home/airflow/.local/lib/python3.12/site-packages/airflow/example_dags/example_params_trigger_ui.py
[2026-04-24T05:55:36.147+0000] {logging_mixin.py:190} INFO - [2026-04-24T05:55:36.147+0000] {dag.py:3239} INFO - Sync 1 DAGs
[2026-04-24T05:55:36.153+0000] {logging_mixin.py:190} INFO - [2026-04-24T05:55:36.153+0000] {dag.py:4180} INFO - Setting next_dagrun for example_params_trigger_ui to None, run_after=None
[2026-04-24T05:55:36.161+0000] {processor.py:208} INFO - Processing /home/airflow/.local/lib/python3.12/site-packages/airflow/example_dags/example_params_trigger_ui.py took 0.042 seconds
[2026-04-24T05:56:07.095+0000] {processor.py:186} INFO - Started process (PID=59819) to work on /home/airflow/.local/lib/python3.12/site-packages/airflow/example_dags/example_params_trigger_ui.py
[2026-04-24T05:56:07.096+0000] {processor.py:914} INFO - Processing file /home/airflow/.local/lib/python3.12/site-packages/airflow/example_dags/example_params_trigger_ui.py for tasks to queue
[2026-04-24T05:56:07.097+0000] {logging_mixin.py:190} INFO - [2026-04-24T05:56:07.097+0000] {dagbag.py:588} INFO - Filling up the DagBag from /home/airflow/.local/lib/python3.12/site-packages/airflow/example_dags/example_params_trigger_ui.py
[2026-04-24T05:56:07.101+0000] {processor.py:925} INFO - DAG(s) 'example_params_trigger_ui' retrieved from /home/airflow/.local/lib/python3.12/site-packages/airflow/example_dags/example_params_trigger_ui.py
[2026-04-24T05:56:07.117+0000] {logging_mixin.py:190} INFO - [2026-04-24T05:56:07.117+0000] {dag.py:3239} INFO - Sync 1 DAGs
[2026-04-24T05:56:07.125+0000] {logging_mixin.py:190} INFO - [2026-04-24T05:56:07.124+0000] {dag.py:4180} INFO - Setting next_dagrun for example_params_trigger_ui to None, run_after=None
[2026-04-24T05:56:07.134+0000] {processor.py:208} INFO - Processing /home/airflow/.local/lib/python3.12/site-packages/airflow/example_dags/example_params_trigger_ui.py took 0.042 seconds
[2026-04-24T05:57:59.533+0000] {processor.py:186} INFO - Started process (PID=59883) to work on /home/airflow/.local/lib/python3.12/site-packages/airflow/example_dags/example_params_trigger_ui.py
[2026-04-24T05:57:59.534+0000] {processor.py:914} INFO - Processing file /home/airflow/.local/lib/python3.12/site-packages/airflow/example_dags/example_params_trigger_ui.py for tasks to queue
[2026-04-24T05:57:59.535+0000] {logging_mixin.py:190} INFO - [2026-04-24T05:57:59.535+0000] {dagbag.py:588} INFO - Filling up the DagBag from /home/airflow/.local/lib/python3.12/site-packages/airflow/example_dags/example_params_trigger_ui.py
[2026-04-24T05:57:59.540+0000] {processor.py:925} INFO - DAG(s) 'example_params_trigger_ui' retrieved from /home/airflow/.local/lib/python3.12/site-packages/airflow/example_dags/example_params_trigger_ui.py
[2026-04-24T05:57:59.553+0000] {logging_mixin.py:190} INFO - [2026-04-24T05:57:59.552+0000] {dag.py:3239} INFO - Sync 1 DAGs
[2026-04-24T05:57:59.557+0000] {logging_mixin.py:190} INFO - [2026-04-24T05:57:59.557+0000] {dag.py:4180} INFO - Setting next_dagrun for example_params_trigger_ui to None, run_after=None
[2026-04-24T05:57:59.569+0000] {processor.py:208} INFO - Processing /home/airflow/.local/lib/python3.12/site-packages/airflow/example_dags/example_params_trigger_ui.py took 0.038 seconds
[2026-04-24T05:59:59.988+0000] {processor.py:186} INFO - Started process (PID=59947) to work on /home/airflow/.local/lib/python3.12/site-packages/airflow/example_dags/example_params_trigger_ui.py
[2026-04-24T05:59:59.989+0000] {processor.py:914} INFO - Processing file /home/airflow/.local/lib/python3.12/site-packages/airflow/example_dags/example_params_trigger_ui.py for tasks to queue
[2026-04-24T05:59:59.990+0000] {logging_mixin.py:190} INFO - [2026-04-24T05:59:59.990+0000] {dagbag.py:588} INFO - Filling up the DagBag from /home/airflow/.local/lib/python3.12/site-packages/airflow/example_dags/example_params_trigger_ui.py
[2026-04-24T05:59:59.995+0000] {processor.py:925} INFO - DAG(s) 'example_params_trigger_ui' retrieved from /home/airflow/.local/lib/python3.12/site-packages/airflow/example_dags/example_params_trigger_ui.py
[2026-04-24T06:00:00.009+0000] {logging_mixin.py:190} INFO - [2026-04-24T06:00:00.009+0000] {dag.py:3239} INFO - Sync 1 DAGs
[2026-04-24T06:00:00.014+0000] {logging_mixin.py:190} INFO - [2026-04-24T06:00:00.014+0000] {dag.py:4180} INFO - Setting next_dagrun for example_params_trigger_ui to None, run_after=None
[2026-04-24T06:00:00.023+0000] {processor.py:208} INFO - Processing /home/airflow/.local/lib/python3.12/site-packages/airflow/example_dags/example_params_trigger_ui.py took 0.038 seconds
[2026-04-24T06:00:31.142+0000] {processor.py:186} INFO - Started process (PID=60011) to work on /home/airflow/.local/lib/python3.12/site-packages/airflow/example_dags/example_params_trigger_ui.py
[2026-04-24T06:00:31.142+0000] {processor.py:914} INFO - Processing file /home/airflow/.local/lib/python3.12/site-packages/airflow/example_dags/example_params_trigger_ui.py for tasks to queue
[2026-04-24T06:00:31.143+0000] {logging_mixin.py:190} INFO - [2026-04-24T06:00:31.143+0000] {dagbag.py:588} INFO - Filling up the DagBag from /home/airflow/.local/lib/python3.12/site-packages/airflow/example_dags/example_params_trigger_ui.py
[2026-04-24T06:00:31.147+0000] {processor.py:925} INFO - DAG(s) 'example_params_trigger_ui' retrieved from /home/airflow/.local/lib/python3.12/site-packages/airflow/example_dags/example_params_trigger_ui.py
[2026-04-24T06:00:31.165+0000] {logging_mixin.py:190} INFO - [2026-04-24T06:00:31.165+0000] {dag.py:3239} INFO - Sync 1 DAGs
[2026-04-24T06:00:31.170+0000] {logging_mixin.py:190} INFO - [2026-04-24T06:00:31.170+0000] {dag.py:4180} INFO - Setting next_dagrun for example_params_trigger_ui to None, run_after=None
[2026-04-24T06:00:31.180+0000] {processor.py:208} INFO - Processing /home/airflow/.local/lib/python3.12/site-packages/airflow/example_dags/example_params_trigger_ui.py took 0.040 seconds
[2026-04-24T06:02:23.494+0000] {processor.py:186} INFO - Started process (PID=60075) to work on /home/airflow/.local/lib/python3.12/site-packages/airflow/example_dags/example_params_trigger_ui.py
[2026-04-24T06:02:23.495+0000] {processor.py:914} INFO - Processing file /home/airflow/.local/lib/python3.12/site-packages/airflow/example_dags/example_params_trigger_ui.py for tasks to queue
[2026-04-24T06:02:23.496+0000] {logging_mixin.py:190} INFO - [2026-04-24T06:02:23.495+0000] {dagbag.py:588} INFO - Filling up the DagBag from /home/airflow/.local/lib/python3.12/site-packages/airflow/example_dags/example_params_trigger_ui.py
[2026-04-24T06:02:23.501+0000] {processor.py:925} INFO - DAG(s) 'example_params_trigger_ui' retrieved from /home/airflow/.local/lib/python3.12/site-packages/airflow/example_dags/example_params_trigger_ui.py
[2026-04-24T06:02:23.517+0000] {logging_mixin.py:190} INFO - [2026-04-24T06:02:23.517+0000] {dag.py:3239} INFO - Sync 1 DAGs
[2026-04-24T06:02:23.521+0000] {logging_mixin.py:190} INFO - [2026-04-24T06:02:23.521+0000] {dag.py:4180} INFO - Setting next_dagrun for example_params_trigger_ui to None, run_after=None
[2026-04-24T06:02:23.529+0000] {processor.py:208} INFO - Processing /home/airflow/.local/lib/python3.12/site-packages/airflow/example_dags/example_params_trigger_ui.py took 0.037 seconds
[2026-04-24T06:04:18.870+0000] {processor.py:186} INFO - Started process (PID=60140) to work on /home/airflow/.local/lib/python3.12/site-packages/airflow/example_dags/example_params_trigger_ui.py
[2026-04-24T06:04:18.871+0000] {processor.py:914} INFO - Processing file /home/airflow/.local/lib/python3.12/site-packages/airflow/example_dags/example_params_trigger_ui.py for tasks to queue
[2026-04-24T06:04:18.872+0000] {logging_mixin.py:190} INFO - [2026-04-24T06:04:18.872+0000] {dagbag.py:588} INFO - Filling up the DagBag from /home/airflow/.local/lib/python3.12/site-packages/airflow/example_dags/example_params_trigger_ui.py
[2026-04-24T06:04:18.876+0000] {processor.py:925} INFO - DAG(s) 'example_params_trigger_ui' retrieved from /home/airflow/.local/lib/python3.12/site-packages/airflow/example_dags/example_params_trigger_ui.py
[2026-04-24T06:04:18.892+0000] {logging_mixin.py:190} INFO - [2026-04-24T06:04:18.892+0000] {dag.py:3239} INFO - Sync 1 DAGs
[2026-04-24T06:04:18.898+0000] {logging_mixin.py:190} INFO - [2026-04-24T06:04:18.898+0000] {dag.py:4180} INFO - Setting next_dagrun for example_params_trigger_ui to None, run_after=None
[2026-04-24T06:04:18.907+0000] {processor.py:208} INFO - Processing /home/airflow/.local/lib/python3.12/site-packages/airflow/example_dags/example_params_trigger_ui.py took 0.039 seconds
[2026-04-24T06:06:14.320+0000] {processor.py:186} INFO - Started process (PID=60204) to work on /home/airflow/.local/lib/python3.12/site-packages/airflow/example_dags/example_params_trigger_ui.py
[2026-04-24T06:06:14.321+0000] {processor.py:914} INFO - Processing file /home/airflow/.local/lib/python3.12/site-packages/airflow/example_dags/example_params_trigger_ui.py for tasks to queue
[2026-04-24T06:06:14.325+0000] {logging_mixin.py:190} INFO - [2026-04-24T06:06:14.324+0000] {dagbag.py:588} INFO - Filling up the DagBag from /home/airflow/.local/lib/python3.12/site-packages/airflow/example_dags/example_params_trigger_ui.py
[2026-04-24T06:06:14.332+0000] {processor.py:925} INFO - DAG(s) 'example_params_trigger_ui' retrieved from /home/airflow/.local/lib/python3.12/site-packages/airflow/example_dags/example_params_trigger_ui.py
[2026-04-24T06:06:14.350+0000] {logging_mixin.py:190} INFO - [2026-04-24T06:06:14.350+0000] {dag.py:3239} INFO - Sync 1 DAGs
[2026-04-24T06:06:14.355+0000] {logging_mixin.py:190} INFO - [2026-04-24T06:06:14.355+0000] {dag.py:4180} INFO - Setting next_dagrun for example_params_trigger_ui to None, run_after=None
[2026-04-24T06:06:14.363+0000] {processor.py:208} INFO - Processing /home/airflow/.local/lib/python3.12/site-packages/airflow/example_dags/example_params_trigger_ui.py took 0.045 seconds
[2026-04-24T06:06:45.545+0000] {processor.py:186} INFO - Started process (PID=60268) to work on /home/airflow/.local/lib/python3.12/site-packages/airflow/example_dags/example_params_trigger_ui.py
[2026-04-24T06:06:45.546+0000] {processor.py:914} INFO - Processing file /home/airflow/.local/lib/python3.12/site-packages/airflow/example_dags/example_params_trigger_ui.py for tasks to queue
[2026-04-24T06:06:45.547+0000] {logging_mixin.py:190} INFO - [2026-04-24T06:06:45.547+0000] {dagbag.py:588} INFO - Filling up the DagBag from /home/airflow/.local/lib/python3.12/site-packages/airflow/example_dags/example_params_trigger_ui.py
[2026-04-24T06:06:45.550+0000] {processor.py:925} INFO - DAG(s) 'example_params_trigger_ui' retrieved from /home/airflow/.local/lib/python3.12/site-packages/airflow/example_dags/example_params_trigger_ui.py
[2026-04-24T06:06:45.567+0000] {logging_mixin.py:190} INFO - [2026-04-24T06:06:45.566+0000] {dag.py:3239} INFO - Sync 1 DAGs
[2026-04-24T06:06:45.572+0000] {logging_mixin.py:190} INFO - [2026-04-24T06:06:45.571+0000] {dag.py:4180} INFO - Setting next_dagrun for example_params_trigger_ui to None, run_after=None
[2026-04-24T06:06:45.581+0000] {processor.py:208} INFO - Processing /home/airflow/.local/lib/python3.12/site-packages/airflow/example_dags/example_params_trigger_ui.py took 0.038 seconds
[2026-04-24T06:08:37.056+0000] {processor.py:186} INFO - Started process (PID=60332) to work on /home/airflow/.local/lib/python3.12/site-packages/airflow/example_dags/example_params_trigger_ui.py
[2026-04-24T06:08:37.057+0000] {processor.py:914} INFO - Processing file /home/airflow/.local/lib/python3.12/site-packages/airflow/example_dags/example_params_trigger_ui.py for tasks to queue
[2026-04-24T06:08:37.058+0000] {logging_mixin.py:190} INFO - [2026-04-24T06:08:37.058+0000] {dagbag.py:588} INFO - Filling up the DagBag from /home/airflow/.local/lib/python3.12/site-packages/airflow/example_dags/example_params_trigger_ui.py
[2026-04-24T06:08:37.062+0000] {processor.py:925} INFO - DAG(s) 'example_params_trigger_ui' retrieved from /home/airflow/.local/lib/python3.12/site-packages/airflow/example_dags/example_params_trigger_ui.py
[2026-04-24T06:08:37.085+0000] {logging_mixin.py:190} INFO - [2026-04-24T06:08:37.084+0000] {dag.py:3239} INFO - Sync 1 DAGs
[2026-04-24T06:08:37.090+0000] {logging_mixin.py:190} INFO - [2026-04-24T06:08:37.090+0000] {dag.py:4180} INFO - Setting next_dagrun for example_params_trigger_ui to None, run_after=None
[2026-04-24T06:08:37.096+0000] {processor.py:208} INFO - Processing /home/airflow/.local/lib/python3.12/site-packages/airflow/example_dags/example_params_trigger_ui.py took 0.043 seconds
[2026-04-24T06:10:34.436+0000] {processor.py:186} INFO - Started process (PID=60396) to work on /home/airflow/.local/lib/python3.12/site-packages/airflow/example_dags/example_params_trigger_ui.py
[2026-04-24T06:10:34.436+0000] {processor.py:914} INFO - Processing file /home/airflow/.local/lib/python3.12/site-packages/airflow/example_dags/example_params_trigger_ui.py for tasks to queue
[2026-04-24T06:10:34.437+0000] {logging_mixin.py:190} INFO - [2026-04-24T06:10:34.437+0000] {dagbag.py:588} INFO - Filling up the DagBag from /home/airflow/.local/lib/python3.12/site-packages/airflow/example_dags/example_params_trigger_ui.py
[2026-04-24T06:10:34.441+0000] {processor.py:925} INFO - DAG(s) 'example_params_trigger_ui' retrieved from /home/airflow/.local/lib/python3.12/site-packages/airflow/example_dags/example_params_trigger_ui.py
[2026-04-24T06:10:34.457+0000] {logging_mixin.py:190} INFO - [2026-04-24T06:10:34.457+0000] {dag.py:3239} INFO - Sync 1 DAGs
[2026-04-24T06:10:34.464+0000] {logging_mixin.py:190} INFO - [2026-04-24T06:10:34.464+0000] {dag.py:4180} INFO - Setting next_dagrun for example_params_trigger_ui to None, run_after=None
[2026-04-24T06:10:34.476+0000] {processor.py:208} INFO - Processing /home/airflow/.local/lib/python3.12/site-packages/airflow/example_dags/example_params_trigger_ui.py took 0.042 seconds
[2026-04-24T06:11:05.581+0000] {processor.py:186} INFO - Started process (PID=60460) to work on /home/airflow/.local/lib/python3.12/site-packages/airflow/example_dags/example_params_trigger_ui.py
[2026-04-24T06:11:05.581+0000] {processor.py:914} INFO - Processing file /home/airflow/.local/lib/python3.12/site-packages/airflow/example_dags/example_params_trigger_ui.py for tasks to queue
[2026-04-24T06:11:05.582+0000] {logging_mixin.py:190} INFO - [2026-04-24T06:11:05.582+0000] {dagbag.py:588} INFO - Filling up the DagBag from /home/airflow/.local/lib/python3.12/site-packages/airflow/example_dags/example_params_trigger_ui.py
[2026-04-24T06:11:05.586+0000] {processor.py:925} INFO - DAG(s) 'example_params_trigger_ui' retrieved from /home/airflow/.local/lib/python3.12/site-packages/airflow/example_dags/example_params_trigger_ui.py
[2026-04-24T06:11:05.599+0000] {logging_mixin.py:190} INFO - [2026-04-24T06:11:05.599+0000] {dag.py:3239} INFO - Sync 1 DAGs
[2026-04-24T06:11:05.604+0000] {logging_mixin.py:190} INFO - [2026-04-24T06:11:05.604+0000] {dag.py:4180} INFO - Setting next_dagrun for example_params_trigger_ui to None, run_after=None
[2026-04-24T06:11:05.610+0000] {processor.py:208} INFO - Processing /home/airflow/.local/lib/python3.12/site-packages/airflow/example_dags/example_params_trigger_ui.py took 0.031 seconds
[2026-04-24T06:13:00.258+0000] {processor.py:186} INFO - Started process (PID=60524) to work on /home/airflow/.local/lib/python3.12/site-packages/airflow/example_dags/example_params_trigger_ui.py
[2026-04-24T06:13:00.258+0000] {processor.py:914} INFO - Processing file /home/airflow/.local/lib/python3.12/site-packages/airflow/example_dags/example_params_trigger_ui.py for tasks to queue
[2026-04-24T06:13:00.259+0000] {logging_mixin.py:190} INFO - [2026-04-24T06:13:00.259+0000] {dagbag.py:588} INFO - Filling up the DagBag from /home/airflow/.local/lib/python3.12/site-packages/airflow/example_dags/example_params_trigger_ui.py
[2026-04-24T06:13:00.264+0000] {processor.py:925} INFO - DAG(s) 'example_params_trigger_ui' retrieved from /home/airflow/.local/lib/python3.12/site-packages/airflow/example_dags/example_params_trigger_ui.py
[2026-04-24T06:13:00.279+0000] {logging_mixin.py:190} INFO - [2026-04-24T06:13:00.279+0000] {dag.py:3239} INFO - Sync 1 DAGs
[2026-04-24T06:13:00.285+0000] {logging_mixin.py:190} INFO - [2026-04-24T06:13:00.284+0000] {dag.py:4180} INFO - Setting next_dagrun for example_params_trigger_ui to None, run_after=None
[2026-04-24T06:13:00.291+0000] {processor.py:208} INFO - Processing /home/airflow/.local/lib/python3.12/site-packages/airflow/example_dags/example_params_trigger_ui.py took 0.036 seconds
[2026-04-24T06:14:53.799+0000] {processor.py:186} INFO - Started process (PID=60588) to work on /home/airflow/.local/lib/python3.12/site-packages/airflow/example_dags/example_params_trigger_ui.py
[2026-04-24T06:14:53.799+0000] {processor.py:914} INFO - Processing file /home/airflow/.local/lib/python3.12/site-packages/airflow/example_dags/example_params_trigger_ui.py for tasks to queue
[2026-04-24T06:14:53.800+0000] {logging_mixin.py:190} INFO - [2026-04-24T06:14:53.800+0000] {dagbag.py:588} INFO - Filling up the DagBag from /home/airflow/.local/lib/python3.12/site-packages/airflow/example_dags/example_params_trigger_ui.py
[2026-04-24T06:14:53.806+0000] {processor.py:925} INFO - DAG(s) 'example_params_trigger_ui' retrieved from /home/airflow/.local/lib/python3.12/site-packages/airflow/example_dags/example_params_trigger_ui.py
[2026-04-24T06:14:53.826+0000] {logging_mixin.py:190} INFO - [2026-04-24T06:14:53.826+0000] {dag.py:3239} INFO - Sync 1 DAGs
[2026-04-24T06:14:53.836+0000] {logging_mixin.py:190} INFO - [2026-04-24T06:14:53.836+0000] {dag.py:4180} INFO - Setting next_dagrun for example_params_trigger_ui to None, run_after=None
[2026-04-24T06:14:53.856+0000] {processor.py:208} INFO - Processing /home/airflow/.local/lib/python3.12/site-packages/airflow/example_dags/example_params_trigger_ui.py took 0.059 seconds
[2026-04-24T06:15:25.028+0000] {processor.py:186} INFO - Started process (PID=60651) to work on /home/airflow/.local/lib/python3.12/site-packages/airflow/example_dags/example_params_trigger_ui.py
[2026-04-24T06:15:25.029+0000] {processor.py:914} INFO - Processing file /home/airflow/.local/lib/python3.12/site-packages/airflow/example_dags/example_params_trigger_ui.py for tasks to queue
[2026-04-24T06:15:25.030+0000] {logging_mixin.py:190} INFO - [2026-04-24T06:15:25.030+0000] {dagbag.py:588} INFO - Filling up the DagBag from /home/airflow/.local/lib/python3.12/site-packages/airflow/example_dags/example_params_trigger_ui.py
[2026-04-24T06:15:25.035+0000] {processor.py:925} INFO - DAG(s) 'example_params_trigger_ui' retrieved from /home/airflow/.local/lib/python3.12/site-packages/airflow/example_dags/example_params_trigger_ui.py
[2026-04-24T06:15:25.049+0000] {logging_mixin.py:190} INFO - [2026-04-24T06:15:25.049+0000] {dag.py:3239} INFO - Sync 1 DAGs
[2026-04-24T06:15:25.056+0000] {logging_mixin.py:190} INFO - [2026-04-24T06:15:25.056+0000] {dag.py:4180} INFO - Setting next_dagrun for example_params_trigger_ui to None, run_after=None
[2026-04-24T06:15:25.067+0000] {processor.py:208} INFO - Processing /home/airflow/.local/lib/python3.12/site-packages/airflow/example_dags/example_params_trigger_ui.py took 0.042 seconds
[2026-04-24T06:17:22.411+0000] {processor.py:186} INFO - Started process (PID=60716) to work on /home/airflow/.local/lib/python3.12/site-packages/airflow/example_dags/example_params_trigger_ui.py
[2026-04-24T06:17:22.412+0000] {processor.py:914} INFO - Processing file /home/airflow/.local/lib/python3.12/site-packages/airflow/example_dags/example_params_trigger_ui.py for tasks to queue
[2026-04-24T06:17:22.413+0000] {logging_mixin.py:190} INFO - [2026-04-24T06:17:22.413+0000] {dagbag.py:588} INFO - Filling up the DagBag from /home/airflow/.local/lib/python3.12/site-packages/airflow/example_dags/example_params_trigger_ui.py
[2026-04-24T06:17:22.417+0000] {processor.py:925} INFO - DAG(s) 'example_params_trigger_ui' retrieved from /home/airflow/.local/lib/python3.12/site-packages/airflow/example_dags/example_params_trigger_ui.py
[2026-04-24T06:17:22.431+0000] {logging_mixin.py:190} INFO - [2026-04-24T06:17:22.430+0000] {dag.py:3239} INFO - Sync 1 DAGs
[2026-04-24T06:17:22.436+0000] {logging_mixin.py:190} INFO - [2026-04-24T06:17:22.435+0000] {dag.py:4180} INFO - Setting next_dagrun for example_params_trigger_ui to None, run_after=None
[2026-04-24T06:17:22.441+0000] {processor.py:208} INFO - Processing /home/airflow/.local/lib/python3.12/site-packages/airflow/example_dags/example_params_trigger_ui.py took 0.032 seconds
[2026-04-24T06:17:53.705+0000] {processor.py:186} INFO - Started process (PID=60780) to work on /home/airflow/.local/lib/python3.12/site-packages/airflow/example_dags/example_params_trigger_ui.py
[2026-04-24T06:17:53.705+0000] {processor.py:914} INFO - Processing file /home/airflow/.local/lib/python3.12/site-packages/airflow/example_dags/example_params_trigger_ui.py for tasks to queue
[2026-04-24T06:17:53.706+0000] {logging_mixin.py:190} INFO - [2026-04-24T06:17:53.706+0000] {dagbag.py:588} INFO - Filling up the DagBag from /home/airflow/.local/lib/python3.12/site-packages/airflow/example_dags/example_params_trigger_ui.py
[2026-04-24T06:17:53.711+0000] {processor.py:925} INFO - DAG(s) 'example_params_trigger_ui' retrieved from /home/airflow/.local/lib/python3.12/site-packages/airflow/example_dags/example_params_trigger_ui.py
[2026-04-24T06:17:53.725+0000] {logging_mixin.py:190} INFO - [2026-04-24T06:17:53.725+0000] {dag.py:3239} INFO - Sync 1 DAGs
[2026-04-24T06:17:53.730+0000] {logging_mixin.py:190} INFO - [2026-04-24T06:17:53.730+0000] {dag.py:4180} INFO - Setting next_dagrun for example_params_trigger_ui to None, run_after=None
[2026-04-24T06:17:53.736+0000] {processor.py:208} INFO - Processing /home/airflow/.local/lib/python3.12/site-packages/airflow/example_dags/example_params_trigger_ui.py took 0.034 seconds
[2026-04-24T06:19:44.826+0000] {processor.py:186} INFO - Started process (PID=60845) to work on /home/airflow/.local/lib/python3.12/site-packages/airflow/example_dags/example_params_trigger_ui.py
[2026-04-24T06:19:44.827+0000] {processor.py:914} INFO - Processing file /home/airflow/.local/lib/python3.12/site-packages/airflow/example_dags/example_params_trigger_ui.py for tasks to queue
[2026-04-24T06:19:44.828+0000] {logging_mixin.py:190} INFO - [2026-04-24T06:19:44.827+0000] {dagbag.py:588} INFO - Filling up the DagBag from /home/airflow/.local/lib/python3.12/site-packages/airflow/example_dags/example_params_trigger_ui.py
[2026-04-24T06:19:44.832+0000] {processor.py:925} INFO - DAG(s) 'example_params_trigger_ui' retrieved from /home/airflow/.local/lib/python3.12/site-packages/airflow/example_dags/example_params_trigger_ui.py
[2026-04-24T06:19:44.848+0000] {logging_mixin.py:190} INFO - [2026-04-24T06:19:44.848+0000] {dag.py:3239} INFO - Sync 1 DAGs
[2026-04-24T06:19:44.854+0000] {logging_mixin.py:190} INFO - [2026-04-24T06:19:44.853+0000] {dag.py:4180} INFO - Setting next_dagrun for example_params_trigger_ui to None, run_after=None
[2026-04-24T06:19:44.859+0000] {processor.py:208} INFO - Processing /home/airflow/.local/lib/python3.12/site-packages/airflow/example_dags/example_params_trigger_ui.py took 0.036 seconds
[2026-04-24T06:20:15.091+0000] {processor.py:186} INFO - Started process (PID=60909) to work on /home/airflow/.local/lib/python3.12/site-packages/airflow/example_dags/example_params_trigger_ui.py
[2026-04-24T06:20:15.091+0000] {processor.py:914} INFO - Processing file /home/airflow/.local/lib/python3.12/site-packages/airflow/example_dags/example_params_trigger_ui.py for tasks to queue
[2026-04-24T06:20:15.092+0000] {logging_mixin.py:190} INFO - [2026-04-24T06:20:15.092+0000] {dagbag.py:588} INFO - Filling up the DagBag from /home/airflow/.local/lib/python3.12/site-packages/airflow/example_dags/example_params_trigger_ui.py
[2026-04-24T06:20:15.097+0000] {processor.py:925} INFO - DAG(s) 'example_params_trigger_ui' retrieved from /home/airflow/.local/lib/python3.12/site-packages/airflow/example_dags/example_params_trigger_ui.py
[2026-04-24T06:20:15.115+0000] {logging_mixin.py:190} INFO - [2026-04-24T06:20:15.115+0000] {dag.py:3239} INFO - Sync 1 DAGs
[2026-04-24T06:20:15.120+0000] {logging_mixin.py:190} INFO - [2026-04-24T06:20:15.120+0000] {dag.py:4180} INFO - Setting next_dagrun for example_params_trigger_ui to None, run_after=None
[2026-04-24T06:20:15.128+0000] {processor.py:208} INFO - Processing /home/airflow/.local/lib/python3.12/site-packages/airflow/example_dags/example_params_trigger_ui.py took 0.039 seconds
[2026-04-24T06:22:05.784+0000] {processor.py:186} INFO - Started process (PID=60973) to work on /home/airflow/.local/lib/python3.12/site-packages/airflow/example_dags/example_params_trigger_ui.py
[2026-04-24T06:22:05.785+0000] {processor.py:914} INFO - Processing file /home/airflow/.local/lib/python3.12/site-packages/airflow/example_dags/example_params_trigger_ui.py for tasks to queue
[2026-04-24T06:22:05.786+0000] {logging_mixin.py:190} INFO - [2026-04-24T06:22:05.786+0000] {dagbag.py:588} INFO - Filling up the DagBag from /home/airflow/.local/lib/python3.12/site-packages/airflow/example_dags/example_params_trigger_ui.py
[2026-04-24T06:22:05.791+0000] {processor.py:925} INFO - DAG(s) 'example_params_trigger_ui' retrieved from /home/airflow/.local/lib/python3.12/site-packages/airflow/example_dags/example_params_trigger_ui.py
[2026-04-24T06:22:05.811+0000] {logging_mixin.py:190} INFO - [2026-04-24T06:22:05.811+0000] {dag.py:3239} INFO - Sync 1 DAGs
[2026-04-24T06:22:05.816+0000] {logging_mixin.py:190} INFO - [2026-04-24T06:22:05.816+0000] {dag.py:4180} INFO - Setting next_dagrun for example_params_trigger_ui to None, run_after=None
[2026-04-24T06:22:05.823+0000] {processor.py:208} INFO - Processing /home/airflow/.local/lib/python3.12/site-packages/airflow/example_dags/example_params_trigger_ui.py took 0.041 seconds
[2026-04-24T06:23:58.310+0000] {processor.py:186} INFO - Started process (PID=61037) to work on /home/airflow/.local/lib/python3.12/site-packages/airflow/example_dags/example_params_trigger_ui.py
[2026-04-24T06:23:58.311+0000] {processor.py:914} INFO - Processing file /home/airflow/.local/lib/python3.12/site-packages/airflow/example_dags/example_params_trigger_ui.py for tasks to queue
[2026-04-24T06:23:58.312+0000] {logging_mixin.py:190} INFO - [2026-04-24T06:23:58.311+0000] {dagbag.py:588} INFO - Filling up the DagBag from /home/airflow/.local/lib/python3.12/site-packages/airflow/example_dags/example_params_trigger_ui.py
[2026-04-24T06:23:58.316+0000] {processor.py:925} INFO - DAG(s) 'example_params_trigger_ui' retrieved from /home/airflow/.local/lib/python3.12/site-packages/airflow/example_dags/example_params_trigger_ui.py
[2026-04-24T06:23:58.329+0000] {logging_mixin.py:190} INFO - [2026-04-24T06:23:58.329+0000] {dag.py:3239} INFO - Sync 1 DAGs
[2026-04-24T06:23:58.334+0000] {logging_mixin.py:190} INFO - [2026-04-24T06:23:58.334+0000] {dag.py:4180} INFO - Setting next_dagrun for example_params_trigger_ui to None, run_after=None
[2026-04-24T06:23:58.340+0000] {processor.py:208} INFO - Processing /home/airflow/.local/lib/python3.12/site-packages/airflow/example_dags/example_params_trigger_ui.py took 0.032 seconds
[2026-04-24T06:24:29.429+0000] {processor.py:186} INFO - Started process (PID=61101) to work on /home/airflow/.local/lib/python3.12/site-packages/airflow/example_dags/example_params_trigger_ui.py
[2026-04-24T06:24:29.429+0000] {processor.py:914} INFO - Processing file /home/airflow/.local/lib/python3.12/site-packages/airflow/example_dags/example_params_trigger_ui.py for tasks to queue
[2026-04-24T06:24:29.430+0000] {logging_mixin.py:190} INFO - [2026-04-24T06:24:29.430+0000] {dagbag.py:588} INFO - Filling up the DagBag from /home/airflow/.local/lib/python3.12/site-packages/airflow/example_dags/example_params_trigger_ui.py
[2026-04-24T06:24:29.434+0000] {processor.py:925} INFO - DAG(s) 'example_params_trigger_ui' retrieved from /home/airflow/.local/lib/python3.12/site-packages/airflow/example_dags/example_params_trigger_ui.py
[2026-04-24T06:24:29.447+0000] {logging_mixin.py:190} INFO - [2026-04-24T06:24:29.447+0000] {dag.py:3239} INFO - Sync 1 DAGs
[2026-04-24T06:24:29.451+0000] {logging_mixin.py:190} INFO - [2026-04-24T06:24:29.451+0000] {dag.py:4180} INFO - Setting next_dagrun for example_params_trigger_ui to None, run_after=None
[2026-04-24T06:24:29.457+0000] {processor.py:208} INFO - Processing /home/airflow/.local/lib/python3.12/site-packages/airflow/example_dags/example_params_trigger_ui.py took 0.030 seconds
[2026-04-24T06:26:24.069+0000] {processor.py:186} INFO - Started process (PID=61165) to work on /home/airflow/.local/lib/python3.12/site-packages/airflow/example_dags/example_params_trigger_ui.py
[2026-04-24T06:26:24.069+0000] {processor.py:914} INFO - Processing file /home/airflow/.local/lib/python3.12/site-packages/airflow/example_dags/example_params_trigger_ui.py for tasks to queue
[2026-04-24T06:26:24.070+0000] {logging_mixin.py:190} INFO - [2026-04-24T06:26:24.070+0000] {dagbag.py:588} INFO - Filling up the DagBag from /home/airflow/.local/lib/python3.12/site-packages/airflow/example_dags/example_params_trigger_ui.py
[2026-04-24T06:26:24.074+0000] {processor.py:925} INFO - DAG(s) 'example_params_trigger_ui' retrieved from /home/airflow/.local/lib/python3.12/site-packages/airflow/example_dags/example_params_trigger_ui.py
[2026-04-24T06:26:24.088+0000] {logging_mixin.py:190} INFO - [2026-04-24T06:26:24.087+0000] {dag.py:3239} INFO - Sync 1 DAGs
[2026-04-24T06:26:24.093+0000] {logging_mixin.py:190} INFO - [2026-04-24T06:26:24.092+0000] {dag.py:4180} INFO - Setting next_dagrun for example_params_trigger_ui to None, run_after=None
[2026-04-24T06:26:24.098+0000] {processor.py:208} INFO - Processing /home/airflow/.local/lib/python3.12/site-packages/airflow/example_dags/example_params_trigger_ui.py took 0.031 seconds
[2026-04-24T06:28:17.479+0000] {processor.py:186} INFO - Started process (PID=61229) to work on /home/airflow/.local/lib/python3.12/site-packages/airflow/example_dags/example_params_trigger_ui.py
[2026-04-24T06:28:17.480+0000] {processor.py:914} INFO - Processing file /home/airflow/.local/lib/python3.12/site-packages/airflow/example_dags/example_params_trigger_ui.py for tasks to queue
[2026-04-24T06:28:17.480+0000] {logging_mixin.py:190} INFO - [2026-04-24T06:28:17.480+0000] {dagbag.py:588} INFO - Filling up the DagBag from /home/airflow/.local/lib/python3.12/site-packages/airflow/example_dags/example_params_trigger_ui.py
[2026-04-24T06:28:17.484+0000] {processor.py:925} INFO - DAG(s) 'example_params_trigger_ui' retrieved from /home/airflow/.local/lib/python3.12/site-packages/airflow/example_dags/example_params_trigger_ui.py
[2026-04-24T06:28:17.498+0000] {logging_mixin.py:190} INFO - [2026-04-24T06:28:17.498+0000] {dag.py:3239} INFO - Sync 1 DAGs
[2026-04-24T06:28:17.502+0000] {logging_mixin.py:190} INFO - [2026-04-24T06:28:17.502+0000] {dag.py:4180} INFO - Setting next_dagrun for example_params_trigger_ui to None, run_after=None
[2026-04-24T06:28:17.508+0000] {processor.py:208} INFO - Processing /home/airflow/.local/lib/python3.12/site-packages/airflow/example_dags/example_params_trigger_ui.py took 0.031 seconds
[2026-04-24T06:28:48.660+0000] {processor.py:186} INFO - Started process (PID=61293) to work on /home/airflow/.local/lib/python3.12/site-packages/airflow/example_dags/example_params_trigger_ui.py
[2026-04-24T06:28:48.660+0000] {processor.py:914} INFO - Processing file /home/airflow/.local/lib/python3.12/site-packages/airflow/example_dags/example_params_trigger_ui.py for tasks to queue
[2026-04-24T06:28:48.661+0000] {logging_mixin.py:190} INFO - [2026-04-24T06:28:48.661+0000] {dagbag.py:588} INFO - Filling up the DagBag from /home/airflow/.local/lib/python3.12/site-packages/airflow/example_dags/example_params_trigger_ui.py
[2026-04-24T06:28:48.665+0000] {processor.py:925} INFO - DAG(s) 'example_params_trigger_ui' retrieved from /home/airflow/.local/lib/python3.12/site-packages/airflow/example_dags/example_params_trigger_ui.py
[2026-04-24T06:28:48.679+0000] {logging_mixin.py:190} INFO - [2026-04-24T06:28:48.678+0000] {dag.py:3239} INFO - Sync 1 DAGs
[2026-04-24T06:28:48.683+0000] {logging_mixin.py:190} INFO - [2026-04-24T06:28:48.683+0000] {dag.py:4180} INFO - Setting next_dagrun for example_params_trigger_ui to None, run_after=None
[2026-04-24T06:28:48.689+0000] {processor.py:208} INFO - Processing /home/airflow/.local/lib/python3.12/site-packages/airflow/example_dags/example_params_trigger_ui.py took 0.032 seconds
[2026-04-24T06:31:20.544+0000] {processor.py:186} INFO - Started process (PID=61357) to work on /home/airflow/.local/lib/python3.12/site-packages/airflow/example_dags/example_params_trigger_ui.py
[2026-04-24T06:31:20.545+0000] {processor.py:914} INFO - Processing file /home/airflow/.local/lib/python3.12/site-packages/airflow/example_dags/example_params_trigger_ui.py for tasks to queue
[2026-04-24T06:31:20.546+0000] {logging_mixin.py:190} INFO - [2026-04-24T06:31:20.546+0000] {dagbag.py:588} INFO - Filling up the DagBag from /home/airflow/.local/lib/python3.12/site-packages/airflow/example_dags/example_params_trigger_ui.py
[2026-04-24T06:31:20.551+0000] {processor.py:925} INFO - DAG(s) 'example_params_trigger_ui' retrieved from /home/airflow/.local/lib/python3.12/site-packages/airflow/example_dags/example_params_trigger_ui.py
[2026-04-24T06:31:20.568+0000] {logging_mixin.py:190} INFO - [2026-04-24T06:31:20.568+0000] {dag.py:3239} INFO - Sync 1 DAGs
[2026-04-24T06:31:20.574+0000] {logging_mixin.py:190} INFO - [2026-04-24T06:31:20.574+0000] {dag.py:4180} INFO - Setting next_dagrun for example_params_trigger_ui to None, run_after=None
[2026-04-24T06:31:20.581+0000] {processor.py:208} INFO - Processing /home/airflow/.local/lib/python3.12/site-packages/airflow/example_dags/example_params_trigger_ui.py took 0.040 seconds
[2026-04-24T06:33:14.320+0000] {processor.py:186} INFO - Started process (PID=61421) to work on /home/airflow/.local/lib/python3.12/site-packages/airflow/example_dags/example_params_trigger_ui.py
[2026-04-24T06:33:14.320+0000] {processor.py:914} INFO - Processing file /home/airflow/.local/lib/python3.12/site-packages/airflow/example_dags/example_params_trigger_ui.py for tasks to queue
[2026-04-24T06:33:14.321+0000] {logging_mixin.py:190} INFO - [2026-04-24T06:33:14.321+0000] {dagbag.py:588} INFO - Filling up the DagBag from /home/airflow/.local/lib/python3.12/site-packages/airflow/example_dags/example_params_trigger_ui.py
[2026-04-24T06:33:14.326+0000] {processor.py:925} INFO - DAG(s) 'example_params_trigger_ui' retrieved from /home/airflow/.local/lib/python3.12/site-packages/airflow/example_dags/example_params_trigger_ui.py
[2026-04-24T06:33:14.341+0000] {logging_mixin.py:190} INFO - [2026-04-24T06:33:14.341+0000] {dag.py:3239} INFO - Sync 1 DAGs
[2026-04-24T06:33:14.346+0000] {logging_mixin.py:190} INFO - [2026-04-24T06:33:14.346+0000] {dag.py:4180} INFO - Setting next_dagrun for example_params_trigger_ui to None, run_after=None
[2026-04-24T06:33:14.352+0000] {processor.py:208} INFO - Processing /home/airflow/.local/lib/python3.12/site-packages/airflow/example_dags/example_params_trigger_ui.py took 0.035 seconds
[2026-04-24T06:33:45.447+0000] {processor.py:186} INFO - Started process (PID=61485) to work on /home/airflow/.local/lib/python3.12/site-packages/airflow/example_dags/example_params_trigger_ui.py
[2026-04-24T06:33:45.450+0000] {processor.py:914} INFO - Processing file /home/airflow/.local/lib/python3.12/site-packages/airflow/example_dags/example_params_trigger_ui.py for tasks to queue
[2026-04-24T06:33:45.451+0000] {logging_mixin.py:190} INFO - [2026-04-24T06:33:45.450+0000] {dagbag.py:588} INFO - Filling up the DagBag from /home/airflow/.local/lib/python3.12/site-packages/airflow/example_dags/example_params_trigger_ui.py
[2026-04-24T06:33:45.455+0000] {processor.py:925} INFO - DAG(s) 'example_params_trigger_ui' retrieved from /home/airflow/.local/lib/python3.12/site-packages/airflow/example_dags/example_params_trigger_ui.py
[2026-04-24T06:33:45.470+0000] {logging_mixin.py:190} INFO - [2026-04-24T06:33:45.470+0000] {dag.py:3239} INFO - Sync 1 DAGs
[2026-04-24T06:33:45.476+0000] {logging_mixin.py:190} INFO - [2026-04-24T06:33:45.476+0000] {dag.py:4180} INFO - Setting next_dagrun for example_params_trigger_ui to None, run_after=None
[2026-04-24T06:33:45.483+0000] {processor.py:208} INFO - Processing /home/airflow/.local/lib/python3.12/site-packages/airflow/example_dags/example_params_trigger_ui.py took 0.039 seconds
[2026-04-24T06:34:23.389+0000] {processor.py:186} INFO - Started process (PID=61549) to work on /home/airflow/.local/lib/python3.12/site-packages/airflow/example_dags/example_params_trigger_ui.py
[2026-04-24T06:34:23.390+0000] {processor.py:914} INFO - Processing file /home/airflow/.local/lib/python3.12/site-packages/airflow/example_dags/example_params_trigger_ui.py for tasks to queue
[2026-04-24T06:34:23.391+0000] {logging_mixin.py:190} INFO - [2026-04-24T06:34:23.391+0000] {dagbag.py:588} INFO - Filling up the DagBag from /home/airflow/.local/lib/python3.12/site-packages/airflow/example_dags/example_params_trigger_ui.py
[2026-04-24T06:34:23.396+0000] {processor.py:925} INFO - DAG(s) 'example_params_trigger_ui' retrieved from /home/airflow/.local/lib/python3.12/site-packages/airflow/example_dags/example_params_trigger_ui.py
[2026-04-24T06:34:23.410+0000] {logging_mixin.py:190} INFO - [2026-04-24T06:34:23.410+0000] {dag.py:3239} INFO - Sync 1 DAGs
[2026-04-24T06:34:23.416+0000] {logging_mixin.py:190} INFO - [2026-04-24T06:34:23.416+0000] {dag.py:4180} INFO - Setting next_dagrun for example_params_trigger_ui to None, run_after=None
[2026-04-24T06:34:23.423+0000] {processor.py:208} INFO - Processing /home/airflow/.local/lib/python3.12/site-packages/airflow/example_dags/example_params_trigger_ui.py took 0.036 seconds
[2026-04-24T06:36:23.809+0000] {processor.py:186} INFO - Started process (PID=61613) to work on /home/airflow/.local/lib/python3.12/site-packages/airflow/example_dags/example_params_trigger_ui.py
[2026-04-24T06:36:23.810+0000] {processor.py:914} INFO - Processing file /home/airflow/.local/lib/python3.12/site-packages/airflow/example_dags/example_params_trigger_ui.py for tasks to queue
[2026-04-24T06:36:23.811+0000] {logging_mixin.py:190} INFO - [2026-04-24T06:36:23.810+0000] {dagbag.py:588} INFO - Filling up the DagBag from /home/airflow/.local/lib/python3.12/site-packages/airflow/example_dags/example_params_trigger_ui.py
[2026-04-24T06:36:23.816+0000] {processor.py:925} INFO - DAG(s) 'example_params_trigger_ui' retrieved from /home/airflow/.local/lib/python3.12/site-packages/airflow/example_dags/example_params_trigger_ui.py
[2026-04-24T06:36:23.831+0000] {logging_mixin.py:190} INFO - [2026-04-24T06:36:23.831+0000] {dag.py:3239} INFO - Sync 1 DAGs
[2026-04-24T06:36:23.837+0000] {logging_mixin.py:190} INFO - [2026-04-24T06:36:23.837+0000] {dag.py:4180} INFO - Setting next_dagrun for example_params_trigger_ui to None, run_after=None
[2026-04-24T06:36:23.844+0000] {processor.py:208} INFO - Processing /home/airflow/.local/lib/python3.12/site-packages/airflow/example_dags/example_params_trigger_ui.py took 0.037 seconds
[2026-04-24T06:38:16.618+0000] {processor.py:186} INFO - Started process (PID=61677) to work on /home/airflow/.local/lib/python3.12/site-packages/airflow/example_dags/example_params_trigger_ui.py
[2026-04-24T06:38:16.618+0000] {processor.py:914} INFO - Processing file /home/airflow/.local/lib/python3.12/site-packages/airflow/example_dags/example_params_trigger_ui.py for tasks to queue
[2026-04-24T06:38:16.619+0000] {logging_mixin.py:190} INFO - [2026-04-24T06:38:16.619+0000] {dagbag.py:588} INFO - Filling up the DagBag from /home/airflow/.local/lib/python3.12/site-packages/airflow/example_dags/example_params_trigger_ui.py
[2026-04-24T06:38:16.624+0000] {processor.py:925} INFO - DAG(s) 'example_params_trigger_ui' retrieved from /home/airflow/.local/lib/python3.12/site-packages/airflow/example_dags/example_params_trigger_ui.py
[2026-04-24T06:38:16.639+0000] {logging_mixin.py:190} INFO - [2026-04-24T06:38:16.639+0000] {dag.py:3239} INFO - Sync 1 DAGs
[2026-04-24T06:38:16.645+0000] {logging_mixin.py:190} INFO - [2026-04-24T06:38:16.645+0000] {dag.py:4180} INFO - Setting next_dagrun for example_params_trigger_ui to None, run_after=None
[2026-04-24T06:38:16.652+0000] {processor.py:208} INFO - Processing /home/airflow/.local/lib/python3.12/site-packages/airflow/example_dags/example_params_trigger_ui.py took 0.036 seconds
[2026-04-24T06:38:46.939+0000] {processor.py:186} INFO - Started process (PID=61740) to work on /home/airflow/.local/lib/python3.12/site-packages/airflow/example_dags/example_params_trigger_ui.py
[2026-04-24T06:38:46.940+0000] {processor.py:914} INFO - Processing file /home/airflow/.local/lib/python3.12/site-packages/airflow/example_dags/example_params_trigger_ui.py for tasks to queue
[2026-04-24T06:38:46.941+0000] {logging_mixin.py:190} INFO - [2026-04-24T06:38:46.941+0000] {dagbag.py:588} INFO - Filling up the DagBag from /home/airflow/.local/lib/python3.12/site-packages/airflow/example_dags/example_params_trigger_ui.py
[2026-04-24T06:38:46.946+0000] {processor.py:925} INFO - DAG(s) 'example_params_trigger_ui' retrieved from /home/airflow/.local/lib/python3.12/site-packages/airflow/example_dags/example_params_trigger_ui.py
[2026-04-24T06:38:46.960+0000] {logging_mixin.py:190} INFO - [2026-04-24T06:38:46.960+0000] {dag.py:3239} INFO - Sync 1 DAGs
[2026-04-24T06:38:46.966+0000] {logging_mixin.py:190} INFO - [2026-04-24T06:38:46.966+0000] {dag.py:4180} INFO - Setting next_dagrun for example_params_trigger_ui to None, run_after=None
[2026-04-24T06:38:46.975+0000] {processor.py:208} INFO - Processing /home/airflow/.local/lib/python3.12/site-packages/airflow/example_dags/example_params_trigger_ui.py took 0.039 seconds
[2026-04-24T06:40:39.856+0000] {processor.py:186} INFO - Started process (PID=61805) to work on /home/airflow/.local/lib/python3.12/site-packages/airflow/example_dags/example_params_trigger_ui.py
[2026-04-24T06:40:39.857+0000] {processor.py:914} INFO - Processing file /home/airflow/.local/lib/python3.12/site-packages/airflow/example_dags/example_params_trigger_ui.py for tasks to queue
[2026-04-24T06:40:39.858+0000] {logging_mixin.py:190} INFO - [2026-04-24T06:40:39.858+0000] {dagbag.py:588} INFO - Filling up the DagBag from /home/airflow/.local/lib/python3.12/site-packages/airflow/example_dags/example_params_trigger_ui.py
[2026-04-24T06:40:39.862+0000] {processor.py:925} INFO - DAG(s) 'example_params_trigger_ui' retrieved from /home/airflow/.local/lib/python3.12/site-packages/airflow/example_dags/example_params_trigger_ui.py
[2026-04-24T06:40:39.878+0000] {logging_mixin.py:190} INFO - [2026-04-24T06:40:39.878+0000] {dag.py:3239} INFO - Sync 1 DAGs
[2026-04-24T06:40:39.882+0000] {logging_mixin.py:190} INFO - [2026-04-24T06:40:39.882+0000] {dag.py:4180} INFO - Setting next_dagrun for example_params_trigger_ui to None, run_after=None
[2026-04-24T06:40:39.891+0000] {processor.py:208} INFO - Processing /home/airflow/.local/lib/python3.12/site-packages/airflow/example_dags/example_params_trigger_ui.py took 0.037 seconds
[2026-04-24T06:41:10.363+0000] {processor.py:186} INFO - Started process (PID=61870) to work on /home/airflow/.local/lib/python3.12/site-packages/airflow/example_dags/example_params_trigger_ui.py
[2026-04-24T06:41:10.363+0000] {processor.py:914} INFO - Processing file /home/airflow/.local/lib/python3.12/site-packages/airflow/example_dags/example_params_trigger_ui.py for tasks to queue
[2026-04-24T06:41:10.364+0000] {logging_mixin.py:190} INFO - [2026-04-24T06:41:10.364+0000] {dagbag.py:588} INFO - Filling up the DagBag from /home/airflow/.local/lib/python3.12/site-packages/airflow/example_dags/example_params_trigger_ui.py
[2026-04-24T06:41:10.369+0000] {processor.py:925} INFO - DAG(s) 'example_params_trigger_ui' retrieved from /home/airflow/.local/lib/python3.12/site-packages/airflow/example_dags/example_params_trigger_ui.py
[2026-04-24T06:41:10.384+0000] {logging_mixin.py:190} INFO - [2026-04-24T06:41:10.384+0000] {dag.py:3239} INFO - Sync 1 DAGs
[2026-04-24T06:41:10.390+0000] {logging_mixin.py:190} INFO - [2026-04-24T06:41:10.389+0000] {dag.py:4180} INFO - Setting next_dagrun for example_params_trigger_ui to None, run_after=None
[2026-04-24T06:41:10.398+0000] {processor.py:208} INFO - Processing /home/airflow/.local/lib/python3.12/site-packages/airflow/example_dags/example_params_trigger_ui.py took 0.038 seconds
[2026-04-24T06:43:04.749+0000] {processor.py:186} INFO - Started process (PID=61934) to work on /home/airflow/.local/lib/python3.12/site-packages/airflow/example_dags/example_params_trigger_ui.py
[2026-04-24T06:43:04.749+0000] {processor.py:914} INFO - Processing file /home/airflow/.local/lib/python3.12/site-packages/airflow/example_dags/example_params_trigger_ui.py for tasks to queue
[2026-04-24T06:43:04.750+0000] {logging_mixin.py:190} INFO - [2026-04-24T06:43:04.750+0000] {dagbag.py:588} INFO - Filling up the DagBag from /home/airflow/.local/lib/python3.12/site-packages/airflow/example_dags/example_params_trigger_ui.py
[2026-04-24T06:43:04.756+0000] {processor.py:925} INFO - DAG(s) 'example_params_trigger_ui' retrieved from /home/airflow/.local/lib/python3.12/site-packages/airflow/example_dags/example_params_trigger_ui.py
[2026-04-24T06:43:04.783+0000] {logging_mixin.py:190} INFO - [2026-04-24T06:43:04.783+0000] {dag.py:3239} INFO - Sync 1 DAGs
[2026-04-24T06:43:04.792+0000] {logging_mixin.py:190} INFO - [2026-04-24T06:43:04.792+0000] {dag.py:4180} INFO - Setting next_dagrun for example_params_trigger_ui to None, run_after=None
[2026-04-24T06:43:04.800+0000] {processor.py:208} INFO - Processing /home/airflow/.local/lib/python3.12/site-packages/airflow/example_dags/example_params_trigger_ui.py took 0.053 seconds
[2026-04-24T06:45:00.158+0000] {processor.py:186} INFO - Started process (PID=61998) to work on /home/airflow/.local/lib/python3.12/site-packages/airflow/example_dags/example_params_trigger_ui.py
[2026-04-24T06:45:00.159+0000] {processor.py:914} INFO - Processing file /home/airflow/.local/lib/python3.12/site-packages/airflow/example_dags/example_params_trigger_ui.py for tasks to queue
[2026-04-24T06:45:00.160+0000] {logging_mixin.py:190} INFO - [2026-04-24T06:45:00.160+0000] {dagbag.py:588} INFO - Filling up the DagBag from /home/airflow/.local/lib/python3.12/site-packages/airflow/example_dags/example_params_trigger_ui.py
[2026-04-24T06:45:00.165+0000] {processor.py:925} INFO - DAG(s) 'example_params_trigger_ui' retrieved from /home/airflow/.local/lib/python3.12/site-packages/airflow/example_dags/example_params_trigger_ui.py
[2026-04-24T06:45:00.184+0000] {logging_mixin.py:190} INFO - [2026-04-24T06:45:00.184+0000] {dag.py:3239} INFO - Sync 1 DAGs
[2026-04-24T06:45:00.192+0000] {logging_mixin.py:190} INFO - [2026-04-24T06:45:00.192+0000] {dag.py:4180} INFO - Setting next_dagrun for example_params_trigger_ui to None, run_after=None
[2026-04-24T06:45:00.201+0000] {processor.py:208} INFO - Processing /home/airflow/.local/lib/python3.12/site-packages/airflow/example_dags/example_params_trigger_ui.py took 0.047 seconds
[2026-04-24T06:45:30.347+0000] {processor.py:186} INFO - Started process (PID=62061) to work on /home/airflow/.local/lib/python3.12/site-packages/airflow/example_dags/example_params_trigger_ui.py
[2026-04-24T06:45:30.347+0000] {processor.py:914} INFO - Processing file /home/airflow/.local/lib/python3.12/site-packages/airflow/example_dags/example_params_trigger_ui.py for tasks to queue
[2026-04-24T06:45:30.348+0000] {logging_mixin.py:190} INFO - [2026-04-24T06:45:30.348+0000] {dagbag.py:588} INFO - Filling up the DagBag from /home/airflow/.local/lib/python3.12/site-packages/airflow/example_dags/example_params_trigger_ui.py
[2026-04-24T06:45:30.352+0000] {processor.py:925} INFO - DAG(s) 'example_params_trigger_ui' retrieved from /home/airflow/.local/lib/python3.12/site-packages/airflow/example_dags/example_params_trigger_ui.py
[2026-04-24T06:45:30.365+0000] {logging_mixin.py:190} INFO - [2026-04-24T06:45:30.365+0000] {dag.py:3239} INFO - Sync 1 DAGs
[2026-04-24T06:45:30.369+0000] {logging_mixin.py:190} INFO - [2026-04-24T06:45:30.369+0000] {dag.py:4180} INFO - Setting next_dagrun for example_params_trigger_ui to None, run_after=None
[2026-04-24T06:45:30.374+0000] {processor.py:208} INFO - Processing /home/airflow/.local/lib/python3.12/site-packages/airflow/example_dags/example_params_trigger_ui.py took 0.029 seconds
[2026-04-24T06:47:30.711+0000] {processor.py:186} INFO - Started process (PID=62126) to work on /home/airflow/.local/lib/python3.12/site-packages/airflow/example_dags/example_params_trigger_ui.py
[2026-04-24T06:47:30.711+0000] {processor.py:914} INFO - Processing file /home/airflow/.local/lib/python3.12/site-packages/airflow/example_dags/example_params_trigger_ui.py for tasks to queue
[2026-04-24T06:47:30.712+0000] {logging_mixin.py:190} INFO - [2026-04-24T06:47:30.712+0000] {dagbag.py:588} INFO - Filling up the DagBag from /home/airflow/.local/lib/python3.12/site-packages/airflow/example_dags/example_params_trigger_ui.py
[2026-04-24T06:47:30.716+0000] {processor.py:925} INFO - DAG(s) 'example_params_trigger_ui' retrieved from /home/airflow/.local/lib/python3.12/site-packages/airflow/example_dags/example_params_trigger_ui.py
[2026-04-24T06:47:30.730+0000] {logging_mixin.py:190} INFO - [2026-04-24T06:47:30.730+0000] {dag.py:3239} INFO - Sync 1 DAGs
[2026-04-24T06:47:30.735+0000] {logging_mixin.py:190} INFO - [2026-04-24T06:47:30.735+0000] {dag.py:4180} INFO - Setting next_dagrun for example_params_trigger_ui to None, run_after=None
[2026-04-24T06:47:30.741+0000] {processor.py:208} INFO - Processing /home/airflow/.local/lib/python3.12/site-packages/airflow/example_dags/example_params_trigger_ui.py took 0.033 seconds
[2026-04-24T06:49:24.146+0000] {processor.py:186} INFO - Started process (PID=62190) to work on /home/airflow/.local/lib/python3.12/site-packages/airflow/example_dags/example_params_trigger_ui.py
[2026-04-24T06:49:24.147+0000] {processor.py:914} INFO - Processing file /home/airflow/.local/lib/python3.12/site-packages/airflow/example_dags/example_params_trigger_ui.py for tasks to queue
[2026-04-24T06:49:24.148+0000] {logging_mixin.py:190} INFO - [2026-04-24T06:49:24.148+0000] {dagbag.py:588} INFO - Filling up the DagBag from /home/airflow/.local/lib/python3.12/site-packages/airflow/example_dags/example_params_trigger_ui.py
[2026-04-24T06:49:24.153+0000] {processor.py:925} INFO - DAG(s) 'example_params_trigger_ui' retrieved from /home/airflow/.local/lib/python3.12/site-packages/airflow/example_dags/example_params_trigger_ui.py
[2026-04-24T06:49:24.168+0000] {logging_mixin.py:190} INFO - [2026-04-24T06:49:24.168+0000] {dag.py:3239} INFO - Sync 1 DAGs
[2026-04-24T06:49:24.174+0000] {logging_mixin.py:190} INFO - [2026-04-24T06:49:24.174+0000] {dag.py:4180} INFO - Setting next_dagrun for example_params_trigger_ui to None, run_after=None
[2026-04-24T06:49:24.180+0000] {processor.py:208} INFO - Processing /home/airflow/.local/lib/python3.12/site-packages/airflow/example_dags/example_params_trigger_ui.py took 0.036 seconds
[2026-04-24T06:49:54.319+0000] {processor.py:186} INFO - Started process (PID=62253) to work on /home/airflow/.local/lib/python3.12/site-packages/airflow/example_dags/example_params_trigger_ui.py
[2026-04-24T06:49:54.320+0000] {processor.py:914} INFO - Processing file /home/airflow/.local/lib/python3.12/site-packages/airflow/example_dags/example_params_trigger_ui.py for tasks to queue
[2026-04-24T06:49:54.321+0000] {logging_mixin.py:190} INFO - [2026-04-24T06:49:54.321+0000] {dagbag.py:588} INFO - Filling up the DagBag from /home/airflow/.local/lib/python3.12/site-packages/airflow/example_dags/example_params_trigger_ui.py
[2026-04-24T06:49:54.327+0000] {processor.py:925} INFO - DAG(s) 'example_params_trigger_ui' retrieved from /home/airflow/.local/lib/python3.12/site-packages/airflow/example_dags/example_params_trigger_ui.py
[2026-04-24T06:49:54.351+0000] {logging_mixin.py:190} INFO - [2026-04-24T06:49:54.351+0000] {dag.py:3239} INFO - Sync 1 DAGs
[2026-04-24T06:49:54.356+0000] {logging_mixin.py:190} INFO - [2026-04-24T06:49:54.356+0000] {dag.py:4180} INFO - Setting next_dagrun for example_params_trigger_ui to None, run_after=None
[2026-04-24T06:49:54.362+0000] {processor.py:208} INFO - Processing /home/airflow/.local/lib/python3.12/site-packages/airflow/example_dags/example_params_trigger_ui.py took 0.045 seconds
[2026-04-24T06:51:48.138+0000] {processor.py:186} INFO - Started process (PID=62318) to work on /home/airflow/.local/lib/python3.12/site-packages/airflow/example_dags/example_params_trigger_ui.py
[2026-04-24T06:51:48.139+0000] {processor.py:914} INFO - Processing file /home/airflow/.local/lib/python3.12/site-packages/airflow/example_dags/example_params_trigger_ui.py for tasks to queue
[2026-04-24T06:51:48.140+0000] {logging_mixin.py:190} INFO - [2026-04-24T06:51:48.140+0000] {dagbag.py:588} INFO - Filling up the DagBag from /home/airflow/.local/lib/python3.12/site-packages/airflow/example_dags/example_params_trigger_ui.py
[2026-04-24T06:51:48.145+0000] {processor.py:925} INFO - DAG(s) 'example_params_trigger_ui' retrieved from /home/airflow/.local/lib/python3.12/site-packages/airflow/example_dags/example_params_trigger_ui.py
[2026-04-24T06:51:48.160+0000] {logging_mixin.py:190} INFO - [2026-04-24T06:51:48.160+0000] {dag.py:3239} INFO - Sync 1 DAGs
[2026-04-24T06:51:48.164+0000] {logging_mixin.py:190} INFO - [2026-04-24T06:51:48.164+0000] {dag.py:4180} INFO - Setting next_dagrun for example_params_trigger_ui to None, run_after=None
[2026-04-24T06:51:48.173+0000] {processor.py:208} INFO - Processing /home/airflow/.local/lib/python3.12/site-packages/airflow/example_dags/example_params_trigger_ui.py took 0.037 seconds
[2026-04-24T06:53:47.686+0000] {processor.py:186} INFO - Started process (PID=62382) to work on /home/airflow/.local/lib/python3.12/site-packages/airflow/example_dags/example_params_trigger_ui.py
[2026-04-24T06:53:47.686+0000] {processor.py:914} INFO - Processing file /home/airflow/.local/lib/python3.12/site-packages/airflow/example_dags/example_params_trigger_ui.py for tasks to queue
[2026-04-24T06:53:47.687+0000] {logging_mixin.py:190} INFO - [2026-04-24T06:53:47.687+0000] {dagbag.py:588} INFO - Filling up the DagBag from /home/airflow/.local/lib/python3.12/site-packages/airflow/example_dags/example_params_trigger_ui.py
[2026-04-24T06:53:47.692+0000] {processor.py:925} INFO - DAG(s) 'example_params_trigger_ui' retrieved from /home/airflow/.local/lib/python3.12/site-packages/airflow/example_dags/example_params_trigger_ui.py
[2026-04-24T06:53:47.710+0000] {logging_mixin.py:190} INFO - [2026-04-24T06:53:47.710+0000] {dag.py:3239} INFO - Sync 1 DAGs
[2026-04-24T06:53:47.716+0000] {logging_mixin.py:190} INFO - [2026-04-24T06:53:47.716+0000] {dag.py:4180} INFO - Setting next_dagrun for example_params_trigger_ui to None, run_after=None
[2026-04-24T06:53:47.723+0000] {processor.py:208} INFO - Processing /home/airflow/.local/lib/python3.12/site-packages/airflow/example_dags/example_params_trigger_ui.py took 0.040 seconds
[2026-04-24T06:54:17.949+0000] {processor.py:186} INFO - Started process (PID=62445) to work on /home/airflow/.local/lib/python3.12/site-packages/airflow/example_dags/example_params_trigger_ui.py
[2026-04-24T06:54:17.949+0000] {processor.py:914} INFO - Processing file /home/airflow/.local/lib/python3.12/site-packages/airflow/example_dags/example_params_trigger_ui.py for tasks to queue
[2026-04-24T06:54:17.950+0000] {logging_mixin.py:190} INFO - [2026-04-24T06:54:17.950+0000] {dagbag.py:588} INFO - Filling up the DagBag from /home/airflow/.local/lib/python3.12/site-packages/airflow/example_dags/example_params_trigger_ui.py
[2026-04-24T06:54:17.955+0000] {processor.py:925} INFO - DAG(s) 'example_params_trigger_ui' retrieved from /home/airflow/.local/lib/python3.12/site-packages/airflow/example_dags/example_params_trigger_ui.py
[2026-04-24T06:54:17.970+0000] {logging_mixin.py:190} INFO - [2026-04-24T06:54:17.970+0000] {dag.py:3239} INFO - Sync 1 DAGs
[2026-04-24T06:54:17.975+0000] {logging_mixin.py:190} INFO - [2026-04-24T06:54:17.975+0000] {dag.py:4180} INFO - Setting next_dagrun for example_params_trigger_ui to None, run_after=None
[2026-04-24T06:54:17.981+0000] {processor.py:208} INFO - Processing /home/airflow/.local/lib/python3.12/site-packages/airflow/example_dags/example_params_trigger_ui.py took 0.034 seconds
[2026-04-24T06:56:18.371+0000] {processor.py:186} INFO - Started process (PID=62510) to work on /home/airflow/.local/lib/python3.12/site-packages/airflow/example_dags/example_params_trigger_ui.py
[2026-04-24T06:56:18.371+0000] {processor.py:914} INFO - Processing file /home/airflow/.local/lib/python3.12/site-packages/airflow/example_dags/example_params_trigger_ui.py for tasks to queue
[2026-04-24T06:56:18.372+0000] {logging_mixin.py:190} INFO - [2026-04-24T06:56:18.372+0000] {dagbag.py:588} INFO - Filling up the DagBag from /home/airflow/.local/lib/python3.12/site-packages/airflow/example_dags/example_params_trigger_ui.py
[2026-04-24T06:56:18.377+0000] {processor.py:925} INFO - DAG(s) 'example_params_trigger_ui' retrieved from /home/airflow/.local/lib/python3.12/site-packages/airflow/example_dags/example_params_trigger_ui.py
[2026-04-24T06:56:18.390+0000] {logging_mixin.py:190} INFO - [2026-04-24T06:56:18.390+0000] {dag.py:3239} INFO - Sync 1 DAGs
[2026-04-24T06:56:18.395+0000] {logging_mixin.py:190} INFO - [2026-04-24T06:56:18.395+0000] {dag.py:4180} INFO - Setting next_dagrun for example_params_trigger_ui to None, run_after=None
[2026-04-24T06:56:18.401+0000] {processor.py:208} INFO - Processing /home/airflow/.local/lib/python3.12/site-packages/airflow/example_dags/example_params_trigger_ui.py took 0.032 seconds
[2026-04-24T06:56:48.725+0000] {processor.py:186} INFO - Started process (PID=62574) to work on /home/airflow/.local/lib/python3.12/site-packages/airflow/example_dags/example_params_trigger_ui.py
[2026-04-24T06:56:48.726+0000] {processor.py:914} INFO - Processing file /home/airflow/.local/lib/python3.12/site-packages/airflow/example_dags/example_params_trigger_ui.py for tasks to queue
[2026-04-24T06:56:48.727+0000] {logging_mixin.py:190} INFO - [2026-04-24T06:56:48.727+0000] {dagbag.py:588} INFO - Filling up the DagBag from /home/airflow/.local/lib/python3.12/site-packages/airflow/example_dags/example_params_trigger_ui.py
[2026-04-24T06:56:48.731+0000] {processor.py:925} INFO - DAG(s) 'example_params_trigger_ui' retrieved from /home/airflow/.local/lib/python3.12/site-packages/airflow/example_dags/example_params_trigger_ui.py
[2026-04-24T06:56:48.745+0000] {logging_mixin.py:190} INFO - [2026-04-24T06:56:48.745+0000] {dag.py:3239} INFO - Sync 1 DAGs
[2026-04-24T06:56:48.750+0000] {logging_mixin.py:190} INFO - [2026-04-24T06:56:48.750+0000] {dag.py:4180} INFO - Setting next_dagrun for example_params_trigger_ui to None, run_after=None
[2026-04-24T06:56:48.756+0000] {processor.py:208} INFO - Processing /home/airflow/.local/lib/python3.12/site-packages/airflow/example_dags/example_params_trigger_ui.py took 0.033 seconds
[2026-04-24T06:58:42.785+0000] {processor.py:186} INFO - Started process (PID=62638) to work on /home/airflow/.local/lib/python3.12/site-packages/airflow/example_dags/example_params_trigger_ui.py
[2026-04-24T06:58:42.785+0000] {processor.py:914} INFO - Processing file /home/airflow/.local/lib/python3.12/site-packages/airflow/example_dags/example_params_trigger_ui.py for tasks to queue
[2026-04-24T06:58:42.786+0000] {logging_mixin.py:190} INFO - [2026-04-24T06:58:42.786+0000] {dagbag.py:588} INFO - Filling up the DagBag from /home/airflow/.local/lib/python3.12/site-packages/airflow/example_dags/example_params_trigger_ui.py
[2026-04-24T06:58:42.790+0000] {processor.py:925} INFO - DAG(s) 'example_params_trigger_ui' retrieved from /home/airflow/.local/lib/python3.12/site-packages/airflow/example_dags/example_params_trigger_ui.py
[2026-04-24T06:58:42.803+0000] {logging_mixin.py:190} INFO - [2026-04-24T06:58:42.803+0000] {dag.py:3239} INFO - Sync 1 DAGs
[2026-04-24T06:58:42.809+0000] {logging_mixin.py:190} INFO - [2026-04-24T06:58:42.808+0000] {dag.py:4180} INFO - Setting next_dagrun for example_params_trigger_ui to None, run_after=None
[2026-04-24T06:58:42.815+0000] {processor.py:208} INFO - Processing /home/airflow/.local/lib/python3.12/site-packages/airflow/example_dags/example_params_trigger_ui.py took 0.032 seconds
[2026-04-24T07:00:33.034+0000] {processor.py:186} INFO - Started process (PID=62702) to work on /home/airflow/.local/lib/python3.12/site-packages/airflow/example_dags/example_params_trigger_ui.py
[2026-04-24T07:00:33.035+0000] {processor.py:914} INFO - Processing file /home/airflow/.local/lib/python3.12/site-packages/airflow/example_dags/example_params_trigger_ui.py for tasks to queue
[2026-04-24T07:00:33.037+0000] {logging_mixin.py:190} INFO - [2026-04-24T07:00:33.037+0000] {dagbag.py:588} INFO - Filling up the DagBag from /home/airflow/.local/lib/python3.12/site-packages/airflow/example_dags/example_params_trigger_ui.py
[2026-04-24T07:00:33.043+0000] {processor.py:925} INFO - DAG(s) 'example_params_trigger_ui' retrieved from /home/airflow/.local/lib/python3.12/site-packages/airflow/example_dags/example_params_trigger_ui.py
[2026-04-24T07:00:33.064+0000] {logging_mixin.py:190} INFO - [2026-04-24T07:00:33.064+0000] {dag.py:3239} INFO - Sync 1 DAGs
[2026-04-24T07:00:33.070+0000] {logging_mixin.py:190} INFO - [2026-04-24T07:00:33.070+0000] {dag.py:4180} INFO - Setting next_dagrun for example_params_trigger_ui to None, run_after=None
[2026-04-24T07:00:33.076+0000] {processor.py:208} INFO - Processing /home/airflow/.local/lib/python3.12/site-packages/airflow/example_dags/example_params_trigger_ui.py took 0.046 seconds
[2026-04-24T07:01:03.290+0000] {processor.py:186} INFO - Started process (PID=62766) to work on /home/airflow/.local/lib/python3.12/site-packages/airflow/example_dags/example_params_trigger_ui.py
[2026-04-24T07:01:03.291+0000] {processor.py:914} INFO - Processing file /home/airflow/.local/lib/python3.12/site-packages/airflow/example_dags/example_params_trigger_ui.py for tasks to queue
[2026-04-24T07:01:03.292+0000] {logging_mixin.py:190} INFO - [2026-04-24T07:01:03.292+0000] {dagbag.py:588} INFO - Filling up the DagBag from /home/airflow/.local/lib/python3.12/site-packages/airflow/example_dags/example_params_trigger_ui.py
[2026-04-24T07:01:03.296+0000] {processor.py:925} INFO - DAG(s) 'example_params_trigger_ui' retrieved from /home/airflow/.local/lib/python3.12/site-packages/airflow/example_dags/example_params_trigger_ui.py
[2026-04-24T07:01:03.311+0000] {logging_mixin.py:190} INFO - [2026-04-24T07:01:03.311+0000] {dag.py:3239} INFO - Sync 1 DAGs
[2026-04-24T07:01:03.317+0000] {logging_mixin.py:190} INFO - [2026-04-24T07:01:03.317+0000] {dag.py:4180} INFO - Setting next_dagrun for example_params_trigger_ui to None, run_after=None
[2026-04-24T07:01:03.322+0000] {processor.py:208} INFO - Processing /home/airflow/.local/lib/python3.12/site-packages/airflow/example_dags/example_params_trigger_ui.py took 0.034 seconds
[2026-04-24T07:02:56.072+0000] {processor.py:186} INFO - Started process (PID=62830) to work on /home/airflow/.local/lib/python3.12/site-packages/airflow/example_dags/example_params_trigger_ui.py
[2026-04-24T07:02:56.073+0000] {processor.py:914} INFO - Processing file /home/airflow/.local/lib/python3.12/site-packages/airflow/example_dags/example_params_trigger_ui.py for tasks to queue
[2026-04-24T07:02:56.074+0000] {logging_mixin.py:190} INFO - [2026-04-24T07:02:56.073+0000] {dagbag.py:588} INFO - Filling up the DagBag from /home/airflow/.local/lib/python3.12/site-packages/airflow/example_dags/example_params_trigger_ui.py
[2026-04-24T07:02:56.078+0000] {processor.py:925} INFO - DAG(s) 'example_params_trigger_ui' retrieved from /home/airflow/.local/lib/python3.12/site-packages/airflow/example_dags/example_params_trigger_ui.py
[2026-04-24T07:02:56.091+0000] {logging_mixin.py:190} INFO - [2026-04-24T07:02:56.091+0000] {dag.py:3239} INFO - Sync 1 DAGs
[2026-04-24T07:02:56.096+0000] {logging_mixin.py:190} INFO - [2026-04-24T07:02:56.096+0000] {dag.py:4180} INFO - Setting next_dagrun for example_params_trigger_ui to None, run_after=None
[2026-04-24T07:02:56.103+0000] {processor.py:208} INFO - Processing /home/airflow/.local/lib/python3.12/site-packages/airflow/example_dags/example_params_trigger_ui.py took 0.033 seconds
[2026-04-24T07:04:51.564+0000] {processor.py:186} INFO - Started process (PID=62894) to work on /home/airflow/.local/lib/python3.12/site-packages/airflow/example_dags/example_params_trigger_ui.py
[2026-04-24T07:04:51.564+0000] {processor.py:914} INFO - Processing file /home/airflow/.local/lib/python3.12/site-packages/airflow/example_dags/example_params_trigger_ui.py for tasks to queue
[2026-04-24T07:04:51.565+0000] {logging_mixin.py:190} INFO - [2026-04-24T07:04:51.565+0000] {dagbag.py:588} INFO - Filling up the DagBag from /home/airflow/.local/lib/python3.12/site-packages/airflow/example_dags/example_params_trigger_ui.py
[2026-04-24T07:04:51.571+0000] {processor.py:925} INFO - DAG(s) 'example_params_trigger_ui' retrieved from /home/airflow/.local/lib/python3.12/site-packages/airflow/example_dags/example_params_trigger_ui.py
[2026-04-24T07:04:51.586+0000] {logging_mixin.py:190} INFO - [2026-04-24T07:04:51.586+0000] {dag.py:3239} INFO - Sync 1 DAGs
[2026-04-24T07:04:51.592+0000] {logging_mixin.py:190} INFO - [2026-04-24T07:04:51.592+0000] {dag.py:4180} INFO - Setting next_dagrun for example_params_trigger_ui to None, run_after=None
[2026-04-24T07:04:51.599+0000] {processor.py:208} INFO - Processing /home/airflow/.local/lib/python3.12/site-packages/airflow/example_dags/example_params_trigger_ui.py took 0.038 seconds
[2026-04-24T07:05:21.943+0000] {processor.py:186} INFO - Started process (PID=62958) to work on /home/airflow/.local/lib/python3.12/site-packages/airflow/example_dags/example_params_trigger_ui.py
[2026-04-24T07:05:21.944+0000] {processor.py:914} INFO - Processing file /home/airflow/.local/lib/python3.12/site-packages/airflow/example_dags/example_params_trigger_ui.py for tasks to queue
[2026-04-24T07:05:21.945+0000] {logging_mixin.py:190} INFO - [2026-04-24T07:05:21.945+0000] {dagbag.py:588} INFO - Filling up the DagBag from /home/airflow/.local/lib/python3.12/site-packages/airflow/example_dags/example_params_trigger_ui.py
[2026-04-24T07:05:21.950+0000] {processor.py:925} INFO - DAG(s) 'example_params_trigger_ui' retrieved from /home/airflow/.local/lib/python3.12/site-packages/airflow/example_dags/example_params_trigger_ui.py
[2026-04-24T07:05:21.967+0000] {logging_mixin.py:190} INFO - [2026-04-24T07:05:21.967+0000] {dag.py:3239} INFO - Sync 1 DAGs
[2026-04-24T07:05:21.974+0000] {logging_mixin.py:190} INFO - [2026-04-24T07:05:21.974+0000] {dag.py:4180} INFO - Setting next_dagrun for example_params_trigger_ui to None, run_after=None
[2026-04-24T07:05:21.986+0000] {processor.py:208} INFO - Processing /home/airflow/.local/lib/python3.12/site-packages/airflow/example_dags/example_params_trigger_ui.py took 0.045 seconds
[2026-04-24T07:07:12.526+0000] {processor.py:186} INFO - Started process (PID=63023) to work on /home/airflow/.local/lib/python3.12/site-packages/airflow/example_dags/example_params_trigger_ui.py
[2026-04-24T07:07:12.526+0000] {processor.py:914} INFO - Processing file /home/airflow/.local/lib/python3.12/site-packages/airflow/example_dags/example_params_trigger_ui.py for tasks to queue
[2026-04-24T07:07:12.527+0000] {logging_mixin.py:190} INFO - [2026-04-24T07:07:12.527+0000] {dagbag.py:588} INFO - Filling up the DagBag from /home/airflow/.local/lib/python3.12/site-packages/airflow/example_dags/example_params_trigger_ui.py
[2026-04-24T07:07:12.532+0000] {processor.py:925} INFO - DAG(s) 'example_params_trigger_ui' retrieved from /home/airflow/.local/lib/python3.12/site-packages/airflow/example_dags/example_params_trigger_ui.py
[2026-04-24T07:07:12.546+0000] {logging_mixin.py:190} INFO - [2026-04-24T07:07:12.546+0000] {dag.py:3239} INFO - Sync 1 DAGs
[2026-04-24T07:07:12.551+0000] {logging_mixin.py:190} INFO - [2026-04-24T07:07:12.551+0000] {dag.py:4180} INFO - Setting next_dagrun for example_params_trigger_ui to None, run_after=None
[2026-04-24T07:07:12.557+0000] {processor.py:208} INFO - Processing /home/airflow/.local/lib/python3.12/site-packages/airflow/example_dags/example_params_trigger_ui.py took 0.034 seconds
[2026-04-24T07:09:08.313+0000] {processor.py:186} INFO - Started process (PID=63087) to work on /home/airflow/.local/lib/python3.12/site-packages/airflow/example_dags/example_params_trigger_ui.py
[2026-04-24T07:09:08.313+0000] {processor.py:914} INFO - Processing file /home/airflow/.local/lib/python3.12/site-packages/airflow/example_dags/example_params_trigger_ui.py for tasks to queue
[2026-04-24T07:09:08.314+0000] {logging_mixin.py:190} INFO - [2026-04-24T07:09:08.314+0000] {dagbag.py:588} INFO - Filling up the DagBag from /home/airflow/.local/lib/python3.12/site-packages/airflow/example_dags/example_params_trigger_ui.py
[2026-04-24T07:09:08.318+0000] {processor.py:925} INFO - DAG(s) 'example_params_trigger_ui' retrieved from /home/airflow/.local/lib/python3.12/site-packages/airflow/example_dags/example_params_trigger_ui.py
[2026-04-24T07:09:08.333+0000] {logging_mixin.py:190} INFO - [2026-04-24T07:09:08.333+0000] {dag.py:3239} INFO - Sync 1 DAGs
[2026-04-24T07:09:08.339+0000] {logging_mixin.py:190} INFO - [2026-04-24T07:09:08.339+0000] {dag.py:4180} INFO - Setting next_dagrun for example_params_trigger_ui to None, run_after=None
[2026-04-24T07:09:08.345+0000] {processor.py:208} INFO - Processing /home/airflow/.local/lib/python3.12/site-packages/airflow/example_dags/example_params_trigger_ui.py took 0.034 seconds
[2026-04-24T07:09:39.484+0000] {processor.py:186} INFO - Started process (PID=63151) to work on /home/airflow/.local/lib/python3.12/site-packages/airflow/example_dags/example_params_trigger_ui.py
[2026-04-24T07:09:39.484+0000] {processor.py:914} INFO - Processing file /home/airflow/.local/lib/python3.12/site-packages/airflow/example_dags/example_params_trigger_ui.py for tasks to queue
[2026-04-24T07:09:39.485+0000] {logging_mixin.py:190} INFO - [2026-04-24T07:09:39.485+0000] {dagbag.py:588} INFO - Filling up the DagBag from /home/airflow/.local/lib/python3.12/site-packages/airflow/example_dags/example_params_trigger_ui.py
[2026-04-24T07:09:39.489+0000] {processor.py:925} INFO - DAG(s) 'example_params_trigger_ui' retrieved from /home/airflow/.local/lib/python3.12/site-packages/airflow/example_dags/example_params_trigger_ui.py
[2026-04-24T07:09:39.502+0000] {logging_mixin.py:190} INFO - [2026-04-24T07:09:39.502+0000] {dag.py:3239} INFO - Sync 1 DAGs
[2026-04-24T07:09:39.506+0000] {logging_mixin.py:190} INFO - [2026-04-24T07:09:39.506+0000] {dag.py:4180} INFO - Setting next_dagrun for example_params_trigger_ui to None, run_after=None
[2026-04-24T07:09:39.512+0000] {processor.py:208} INFO - Processing /home/airflow/.local/lib/python3.12/site-packages/airflow/example_dags/example_params_trigger_ui.py took 0.030 seconds
[2026-04-24T07:11:37.706+0000] {processor.py:186} INFO - Started process (PID=63214) to work on /home/airflow/.local/lib/python3.12/site-packages/airflow/example_dags/example_params_trigger_ui.py
[2026-04-24T07:11:37.706+0000] {processor.py:914} INFO - Processing file /home/airflow/.local/lib/python3.12/site-packages/airflow/example_dags/example_params_trigger_ui.py for tasks to queue
[2026-04-24T07:11:37.707+0000] {logging_mixin.py:190} INFO - [2026-04-24T07:11:37.707+0000] {dagbag.py:588} INFO - Filling up the DagBag from /home/airflow/.local/lib/python3.12/site-packages/airflow/example_dags/example_params_trigger_ui.py
[2026-04-24T07:11:37.712+0000] {processor.py:925} INFO - DAG(s) 'example_params_trigger_ui' retrieved from /home/airflow/.local/lib/python3.12/site-packages/airflow/example_dags/example_params_trigger_ui.py
[2026-04-24T07:11:37.729+0000] {logging_mixin.py:190} INFO - [2026-04-24T07:11:37.729+0000] {dag.py:3239} INFO - Sync 1 DAGs
[2026-04-24T07:11:37.737+0000] {logging_mixin.py:190} INFO - [2026-04-24T07:11:37.737+0000] {dag.py:4180} INFO - Setting next_dagrun for example_params_trigger_ui to None, run_after=None
[2026-04-24T07:11:37.746+0000] {processor.py:208} INFO - Processing /home/airflow/.local/lib/python3.12/site-packages/airflow/example_dags/example_params_trigger_ui.py took 0.042 seconds
[2026-04-24T07:12:08.063+0000] {processor.py:186} INFO - Started process (PID=63277) to work on /home/airflow/.local/lib/python3.12/site-packages/airflow/example_dags/example_params_trigger_ui.py
[2026-04-24T07:12:08.064+0000] {processor.py:914} INFO - Processing file /home/airflow/.local/lib/python3.12/site-packages/airflow/example_dags/example_params_trigger_ui.py for tasks to queue
[2026-04-24T07:12:08.065+0000] {logging_mixin.py:190} INFO - [2026-04-24T07:12:08.065+0000] {dagbag.py:588} INFO - Filling up the DagBag from /home/airflow/.local/lib/python3.12/site-packages/airflow/example_dags/example_params_trigger_ui.py
[2026-04-24T07:12:08.071+0000] {processor.py:925} INFO - DAG(s) 'example_params_trigger_ui' retrieved from /home/airflow/.local/lib/python3.12/site-packages/airflow/example_dags/example_params_trigger_ui.py
[2026-04-24T07:12:08.089+0000] {logging_mixin.py:190} INFO - [2026-04-24T07:12:08.089+0000] {dag.py:3239} INFO - Sync 1 DAGs
[2026-04-24T07:12:08.096+0000] {logging_mixin.py:190} INFO - [2026-04-24T07:12:08.096+0000] {dag.py:4180} INFO - Setting next_dagrun for example_params_trigger_ui to None, run_after=None
[2026-04-24T07:12:08.103+0000] {processor.py:208} INFO - Processing /home/airflow/.local/lib/python3.12/site-packages/airflow/example_dags/example_params_trigger_ui.py took 0.042 seconds
[2026-04-24T07:14:04.577+0000] {processor.py:186} INFO - Started process (PID=63341) to work on /home/airflow/.local/lib/python3.12/site-packages/airflow/example_dags/example_params_trigger_ui.py
[2026-04-24T07:14:04.577+0000] {processor.py:914} INFO - Processing file /home/airflow/.local/lib/python3.12/site-packages/airflow/example_dags/example_params_trigger_ui.py for tasks to queue
[2026-04-24T07:14:04.578+0000] {logging_mixin.py:190} INFO - [2026-04-24T07:14:04.578+0000] {dagbag.py:588} INFO - Filling up the DagBag from /home/airflow/.local/lib/python3.12/site-packages/airflow/example_dags/example_params_trigger_ui.py
[2026-04-24T07:14:04.583+0000] {processor.py:925} INFO - DAG(s) 'example_params_trigger_ui' retrieved from /home/airflow/.local/lib/python3.12/site-packages/airflow/example_dags/example_params_trigger_ui.py
[2026-04-24T07:14:04.598+0000] {logging_mixin.py:190} INFO - [2026-04-24T07:14:04.597+0000] {dag.py:3239} INFO - Sync 1 DAGs
[2026-04-24T07:14:04.602+0000] {logging_mixin.py:190} INFO - [2026-04-24T07:14:04.602+0000] {dag.py:4180} INFO - Setting next_dagrun for example_params_trigger_ui to None, run_after=None
[2026-04-24T07:14:04.608+0000] {processor.py:208} INFO - Processing /home/airflow/.local/lib/python3.12/site-packages/airflow/example_dags/example_params_trigger_ui.py took 0.034 seconds
[2026-04-24T07:15:59.055+0000] {processor.py:186} INFO - Started process (PID=63405) to work on /home/airflow/.local/lib/python3.12/site-packages/airflow/example_dags/example_params_trigger_ui.py
[2026-04-24T07:15:59.056+0000] {processor.py:914} INFO - Processing file /home/airflow/.local/lib/python3.12/site-packages/airflow/example_dags/example_params_trigger_ui.py for tasks to queue
[2026-04-24T07:15:59.059+0000] {logging_mixin.py:190} INFO - [2026-04-24T07:15:59.059+0000] {dagbag.py:588} INFO - Filling up the DagBag from /home/airflow/.local/lib/python3.12/site-packages/airflow/example_dags/example_params_trigger_ui.py
[2026-04-24T07:15:59.073+0000] {processor.py:925} INFO - DAG(s) 'example_params_trigger_ui' retrieved from /home/airflow/.local/lib/python3.12/site-packages/airflow/example_dags/example_params_trigger_ui.py
[2026-04-24T07:15:59.122+0000] {logging_mixin.py:190} INFO - [2026-04-24T07:15:59.122+0000] {dag.py:3239} INFO - Sync 1 DAGs
[2026-04-24T07:15:59.140+0000] {logging_mixin.py:190} INFO - [2026-04-24T07:15:59.139+0000] {dag.py:4180} INFO - Setting next_dagrun for example_params_trigger_ui to None, run_after=None
[2026-04-24T07:15:59.168+0000] {processor.py:208} INFO - Processing /home/airflow/.local/lib/python3.12/site-packages/airflow/example_dags/example_params_trigger_ui.py took 0.121 seconds
[2026-04-24T07:16:30.085+0000] {processor.py:186} INFO - Started process (PID=63469) to work on /home/airflow/.local/lib/python3.12/site-packages/airflow/example_dags/example_params_trigger_ui.py
[2026-04-24T07:16:30.087+0000] {processor.py:914} INFO - Processing file /home/airflow/.local/lib/python3.12/site-packages/airflow/example_dags/example_params_trigger_ui.py for tasks to queue
[2026-04-24T07:16:30.091+0000] {logging_mixin.py:190} INFO - [2026-04-24T07:16:30.091+0000] {dagbag.py:588} INFO - Filling up the DagBag from /home/airflow/.local/lib/python3.12/site-packages/airflow/example_dags/example_params_trigger_ui.py
[2026-04-24T07:16:30.098+0000] {processor.py:925} INFO - DAG(s) 'example_params_trigger_ui' retrieved from /home/airflow/.local/lib/python3.12/site-packages/airflow/example_dags/example_params_trigger_ui.py
[2026-04-24T07:16:30.121+0000] {logging_mixin.py:190} INFO - [2026-04-24T07:16:30.121+0000] {dag.py:3239} INFO - Sync 1 DAGs
[2026-04-24T07:16:30.127+0000] {logging_mixin.py:190} INFO - [2026-04-24T07:16:30.127+0000] {dag.py:4180} INFO - Setting next_dagrun for example_params_trigger_ui to None, run_after=None
[2026-04-24T07:16:30.133+0000] {processor.py:208} INFO - Processing /home/airflow/.local/lib/python3.12/site-packages/airflow/example_dags/example_params_trigger_ui.py took 0.050 seconds
[2026-04-24T07:18:24.857+0000] {processor.py:186} INFO - Started process (PID=63533) to work on /home/airflow/.local/lib/python3.12/site-packages/airflow/example_dags/example_params_trigger_ui.py
[2026-04-24T07:18:24.857+0000] {processor.py:914} INFO - Processing file /home/airflow/.local/lib/python3.12/site-packages/airflow/example_dags/example_params_trigger_ui.py for tasks to queue
[2026-04-24T07:18:24.858+0000] {logging_mixin.py:190} INFO - [2026-04-24T07:18:24.858+0000] {dagbag.py:588} INFO - Filling up the DagBag from /home/airflow/.local/lib/python3.12/site-packages/airflow/example_dags/example_params_trigger_ui.py
[2026-04-24T07:18:24.863+0000] {processor.py:925} INFO - DAG(s) 'example_params_trigger_ui' retrieved from /home/airflow/.local/lib/python3.12/site-packages/airflow/example_dags/example_params_trigger_ui.py
[2026-04-24T07:18:24.876+0000] {logging_mixin.py:190} INFO - [2026-04-24T07:18:24.876+0000] {dag.py:3239} INFO - Sync 1 DAGs
[2026-04-24T07:18:24.880+0000] {logging_mixin.py:190} INFO - [2026-04-24T07:18:24.880+0000] {dag.py:4180} INFO - Setting next_dagrun for example_params_trigger_ui to None, run_after=None
[2026-04-24T07:18:24.886+0000] {processor.py:208} INFO - Processing /home/airflow/.local/lib/python3.12/site-packages/airflow/example_dags/example_params_trigger_ui.py took 0.031 seconds
[2026-04-24T07:20:18.391+0000] {processor.py:186} INFO - Started process (PID=63597) to work on /home/airflow/.local/lib/python3.12/site-packages/airflow/example_dags/example_params_trigger_ui.py
[2026-04-24T07:20:18.391+0000] {processor.py:914} INFO - Processing file /home/airflow/.local/lib/python3.12/site-packages/airflow/example_dags/example_params_trigger_ui.py for tasks to queue
[2026-04-24T07:20:18.392+0000] {logging_mixin.py:190} INFO - [2026-04-24T07:20:18.392+0000] {dagbag.py:588} INFO - Filling up the DagBag from /home/airflow/.local/lib/python3.12/site-packages/airflow/example_dags/example_params_trigger_ui.py
[2026-04-24T07:20:18.397+0000] {processor.py:925} INFO - DAG(s) 'example_params_trigger_ui' retrieved from /home/airflow/.local/lib/python3.12/site-packages/airflow/example_dags/example_params_trigger_ui.py
[2026-04-24T07:20:18.412+0000] {logging_mixin.py:190} INFO - [2026-04-24T07:20:18.412+0000] {dag.py:3239} INFO - Sync 1 DAGs
[2026-04-24T07:20:18.417+0000] {logging_mixin.py:190} INFO - [2026-04-24T07:20:18.417+0000] {dag.py:4180} INFO - Setting next_dagrun for example_params_trigger_ui to None, run_after=None
[2026-04-24T07:20:18.423+0000] {processor.py:208} INFO - Processing /home/airflow/.local/lib/python3.12/site-packages/airflow/example_dags/example_params_trigger_ui.py took 0.034 seconds
[2026-04-24T07:20:48.657+0000] {processor.py:186} INFO - Started process (PID=63661) to work on /home/airflow/.local/lib/python3.12/site-packages/airflow/example_dags/example_params_trigger_ui.py
[2026-04-24T07:20:48.659+0000] {processor.py:914} INFO - Processing file /home/airflow/.local/lib/python3.12/site-packages/airflow/example_dags/example_params_trigger_ui.py for tasks to queue
[2026-04-24T07:20:48.660+0000] {logging_mixin.py:190} INFO - [2026-04-24T07:20:48.660+0000] {dagbag.py:588} INFO - Filling up the DagBag from /home/airflow/.local/lib/python3.12/site-packages/airflow/example_dags/example_params_trigger_ui.py
[2026-04-24T07:20:48.664+0000] {processor.py:925} INFO - DAG(s) 'example_params_trigger_ui' retrieved from /home/airflow/.local/lib/python3.12/site-packages/airflow/example_dags/example_params_trigger_ui.py
[2026-04-24T07:20:48.677+0000] {logging_mixin.py:190} INFO - [2026-04-24T07:20:48.677+0000] {dag.py:3239} INFO - Sync 1 DAGs
[2026-04-24T07:20:48.681+0000] {logging_mixin.py:190} INFO - [2026-04-24T07:20:48.681+0000] {dag.py:4180} INFO - Setting next_dagrun for example_params_trigger_ui to None, run_after=None
[2026-04-24T07:20:48.687+0000] {processor.py:208} INFO - Processing /home/airflow/.local/lib/python3.12/site-packages/airflow/example_dags/example_params_trigger_ui.py took 0.032 seconds
[2026-04-24T07:22:40.318+0000] {processor.py:186} INFO - Started process (PID=63725) to work on /home/airflow/.local/lib/python3.12/site-packages/airflow/example_dags/example_params_trigger_ui.py
[2026-04-24T07:22:40.319+0000] {processor.py:914} INFO - Processing file /home/airflow/.local/lib/python3.12/site-packages/airflow/example_dags/example_params_trigger_ui.py for tasks to queue
[2026-04-24T07:22:40.319+0000] {logging_mixin.py:190} INFO - [2026-04-24T07:22:40.319+0000] {dagbag.py:588} INFO - Filling up the DagBag from /home/airflow/.local/lib/python3.12/site-packages/airflow/example_dags/example_params_trigger_ui.py
[2026-04-24T07:22:40.324+0000] {processor.py:925} INFO - DAG(s) 'example_params_trigger_ui' retrieved from /home/airflow/.local/lib/python3.12/site-packages/airflow/example_dags/example_params_trigger_ui.py
[2026-04-24T07:22:40.336+0000] {logging_mixin.py:190} INFO - [2026-04-24T07:22:40.336+0000] {dag.py:3239} INFO - Sync 1 DAGs
[2026-04-24T07:22:40.341+0000] {logging_mixin.py:190} INFO - [2026-04-24T07:22:40.341+0000] {dag.py:4180} INFO - Setting next_dagrun for example_params_trigger_ui to None, run_after=None
[2026-04-24T07:22:40.347+0000] {processor.py:208} INFO - Processing /home/airflow/.local/lib/python3.12/site-packages/airflow/example_dags/example_params_trigger_ui.py took 0.031 seconds
[2026-04-24T07:24:41.184+0000] {processor.py:186} INFO - Started process (PID=63789) to work on /home/airflow/.local/lib/python3.12/site-packages/airflow/example_dags/example_params_trigger_ui.py
[2026-04-24T07:24:41.184+0000] {processor.py:914} INFO - Processing file /home/airflow/.local/lib/python3.12/site-packages/airflow/example_dags/example_params_trigger_ui.py for tasks to queue
[2026-04-24T07:24:41.185+0000] {logging_mixin.py:190} INFO - [2026-04-24T07:24:41.185+0000] {dagbag.py:588} INFO - Filling up the DagBag from /home/airflow/.local/lib/python3.12/site-packages/airflow/example_dags/example_params_trigger_ui.py
[2026-04-24T07:24:41.190+0000] {processor.py:925} INFO - DAG(s) 'example_params_trigger_ui' retrieved from /home/airflow/.local/lib/python3.12/site-packages/airflow/example_dags/example_params_trigger_ui.py
[2026-04-24T07:24:41.204+0000] {logging_mixin.py:190} INFO - [2026-04-24T07:24:41.204+0000] {dag.py:3239} INFO - Sync 1 DAGs
[2026-04-24T07:24:41.209+0000] {logging_mixin.py:190} INFO - [2026-04-24T07:24:41.209+0000] {dag.py:4180} INFO - Setting next_dagrun for example_params_trigger_ui to None, run_after=None
[2026-04-24T07:24:41.215+0000] {processor.py:208} INFO - Processing /home/airflow/.local/lib/python3.12/site-packages/airflow/example_dags/example_params_trigger_ui.py took 0.033 seconds
[2026-04-24T07:25:11.589+0000] {processor.py:186} INFO - Started process (PID=63853) to work on /home/airflow/.local/lib/python3.12/site-packages/airflow/example_dags/example_params_trigger_ui.py
[2026-04-24T07:25:11.589+0000] {processor.py:914} INFO - Processing file /home/airflow/.local/lib/python3.12/site-packages/airflow/example_dags/example_params_trigger_ui.py for tasks to queue
[2026-04-24T07:25:11.590+0000] {logging_mixin.py:190} INFO - [2026-04-24T07:25:11.590+0000] {dagbag.py:588} INFO - Filling up the DagBag from /home/airflow/.local/lib/python3.12/site-packages/airflow/example_dags/example_params_trigger_ui.py
[2026-04-24T07:25:11.594+0000] {processor.py:925} INFO - DAG(s) 'example_params_trigger_ui' retrieved from /home/airflow/.local/lib/python3.12/site-packages/airflow/example_dags/example_params_trigger_ui.py
[2026-04-24T07:25:11.607+0000] {logging_mixin.py:190} INFO - [2026-04-24T07:25:11.607+0000] {dag.py:3239} INFO - Sync 1 DAGs
[2026-04-24T07:25:11.612+0000] {logging_mixin.py:190} INFO - [2026-04-24T07:25:11.612+0000] {dag.py:4180} INFO - Setting next_dagrun for example_params_trigger_ui to None, run_after=None
[2026-04-24T07:25:11.617+0000] {processor.py:208} INFO - Processing /home/airflow/.local/lib/python3.12/site-packages/airflow/example_dags/example_params_trigger_ui.py took 0.030 seconds
[2026-04-24T07:27:05.851+0000] {processor.py:186} INFO - Started process (PID=63918) to work on /home/airflow/.local/lib/python3.12/site-packages/airflow/example_dags/example_params_trigger_ui.py
[2026-04-24T07:27:05.851+0000] {processor.py:914} INFO - Processing file /home/airflow/.local/lib/python3.12/site-packages/airflow/example_dags/example_params_trigger_ui.py for tasks to queue
[2026-04-24T07:27:05.852+0000] {logging_mixin.py:190} INFO - [2026-04-24T07:27:05.852+0000] {dagbag.py:588} INFO - Filling up the DagBag from /home/airflow/.local/lib/python3.12/site-packages/airflow/example_dags/example_params_trigger_ui.py
[2026-04-24T07:27:05.856+0000] {processor.py:925} INFO - DAG(s) 'example_params_trigger_ui' retrieved from /home/airflow/.local/lib/python3.12/site-packages/airflow/example_dags/example_params_trigger_ui.py
[2026-04-24T07:27:05.870+0000] {logging_mixin.py:190} INFO - [2026-04-24T07:27:05.869+0000] {dag.py:3239} INFO - Sync 1 DAGs
[2026-04-24T07:27:05.874+0000] {logging_mixin.py:190} INFO - [2026-04-24T07:27:05.874+0000] {dag.py:4180} INFO - Setting next_dagrun for example_params_trigger_ui to None, run_after=None
[2026-04-24T07:27:05.879+0000] {processor.py:208} INFO - Processing /home/airflow/.local/lib/python3.12/site-packages/airflow/example_dags/example_params_trigger_ui.py took 0.031 seconds
[2026-04-24T07:29:04.398+0000] {processor.py:186} INFO - Started process (PID=63982) to work on /home/airflow/.local/lib/python3.12/site-packages/airflow/example_dags/example_params_trigger_ui.py
[2026-04-24T07:29:04.398+0000] {processor.py:914} INFO - Processing file /home/airflow/.local/lib/python3.12/site-packages/airflow/example_dags/example_params_trigger_ui.py for tasks to queue
[2026-04-24T07:29:04.399+0000] {logging_mixin.py:190} INFO - [2026-04-24T07:29:04.399+0000] {dagbag.py:588} INFO - Filling up the DagBag from /home/airflow/.local/lib/python3.12/site-packages/airflow/example_dags/example_params_trigger_ui.py
[2026-04-24T07:29:04.403+0000] {processor.py:925} INFO - DAG(s) 'example_params_trigger_ui' retrieved from /home/airflow/.local/lib/python3.12/site-packages/airflow/example_dags/example_params_trigger_ui.py
[2026-04-24T07:29:04.416+0000] {logging_mixin.py:190} INFO - [2026-04-24T07:29:04.416+0000] {dag.py:3239} INFO - Sync 1 DAGs
[2026-04-24T07:29:04.421+0000] {logging_mixin.py:190} INFO - [2026-04-24T07:29:04.421+0000] {dag.py:4180} INFO - Setting next_dagrun for example_params_trigger_ui to None, run_after=None
[2026-04-24T07:29:04.426+0000] {processor.py:208} INFO - Processing /home/airflow/.local/lib/python3.12/site-packages/airflow/example_dags/example_params_trigger_ui.py took 0.031 seconds
[2026-04-24T07:29:34.906+0000] {processor.py:186} INFO - Started process (PID=64045) to work on /home/airflow/.local/lib/python3.12/site-packages/airflow/example_dags/example_params_trigger_ui.py
[2026-04-24T07:29:34.908+0000] {processor.py:914} INFO - Processing file /home/airflow/.local/lib/python3.12/site-packages/airflow/example_dags/example_params_trigger_ui.py for tasks to queue
[2026-04-24T07:29:34.908+0000] {logging_mixin.py:190} INFO - [2026-04-24T07:29:34.908+0000] {dagbag.py:588} INFO - Filling up the DagBag from /home/airflow/.local/lib/python3.12/site-packages/airflow/example_dags/example_params_trigger_ui.py
[2026-04-24T07:29:34.914+0000] {processor.py:925} INFO - DAG(s) 'example_params_trigger_ui' retrieved from /home/airflow/.local/lib/python3.12/site-packages/airflow/example_dags/example_params_trigger_ui.py
[2026-04-24T07:29:34.930+0000] {logging_mixin.py:190} INFO - [2026-04-24T07:29:34.930+0000] {dag.py:3239} INFO - Sync 1 DAGs
[2026-04-24T07:29:34.934+0000] {logging_mixin.py:190} INFO - [2026-04-24T07:29:34.934+0000] {dag.py:4180} INFO - Setting next_dagrun for example_params_trigger_ui to None, run_after=None
[2026-04-24T07:29:34.941+0000] {processor.py:208} INFO - Processing /home/airflow/.local/lib/python3.12/site-packages/airflow/example_dags/example_params_trigger_ui.py took 0.037 seconds
[2026-04-24T07:31:30.369+0000] {processor.py:186} INFO - Started process (PID=64109) to work on /home/airflow/.local/lib/python3.12/site-packages/airflow/example_dags/example_params_trigger_ui.py
[2026-04-24T07:31:30.369+0000] {processor.py:914} INFO - Processing file /home/airflow/.local/lib/python3.12/site-packages/airflow/example_dags/example_params_trigger_ui.py for tasks to queue
[2026-04-24T07:31:30.370+0000] {logging_mixin.py:190} INFO - [2026-04-24T07:31:30.370+0000] {dagbag.py:588} INFO - Filling up the DagBag from /home/airflow/.local/lib/python3.12/site-packages/airflow/example_dags/example_params_trigger_ui.py
[2026-04-24T07:31:30.374+0000] {processor.py:925} INFO - DAG(s) 'example_params_trigger_ui' retrieved from /home/airflow/.local/lib/python3.12/site-packages/airflow/example_dags/example_params_trigger_ui.py
[2026-04-24T07:31:30.388+0000] {logging_mixin.py:190} INFO - [2026-04-24T07:31:30.388+0000] {dag.py:3239} INFO - Sync 1 DAGs
[2026-04-24T07:31:30.393+0000] {logging_mixin.py:190} INFO - [2026-04-24T07:31:30.393+0000] {dag.py:4180} INFO - Setting next_dagrun for example_params_trigger_ui to None, run_after=None
[2026-04-24T07:31:30.398+0000] {processor.py:208} INFO - Processing /home/airflow/.local/lib/python3.12/site-packages/airflow/example_dags/example_params_trigger_ui.py took 0.031 seconds
[2026-04-24T07:32:00.621+0000] {processor.py:186} INFO - Started process (PID=64173) to work on /home/airflow/.local/lib/python3.12/site-packages/airflow/example_dags/example_params_trigger_ui.py
[2026-04-24T07:32:00.621+0000] {processor.py:914} INFO - Processing file /home/airflow/.local/lib/python3.12/site-packages/airflow/example_dags/example_params_trigger_ui.py for tasks to queue
[2026-04-24T07:32:00.622+0000] {logging_mixin.py:190} INFO - [2026-04-24T07:32:00.622+0000] {dagbag.py:588} INFO - Filling up the DagBag from /home/airflow/.local/lib/python3.12/site-packages/airflow/example_dags/example_params_trigger_ui.py
[2026-04-24T07:32:00.627+0000] {processor.py:925} INFO - DAG(s) 'example_params_trigger_ui' retrieved from /home/airflow/.local/lib/python3.12/site-packages/airflow/example_dags/example_params_trigger_ui.py
[2026-04-24T07:32:00.639+0000] {logging_mixin.py:190} INFO - [2026-04-24T07:32:00.639+0000] {dag.py:3239} INFO - Sync 1 DAGs
[2026-04-24T07:32:00.643+0000] {logging_mixin.py:190} INFO - [2026-04-24T07:32:00.643+0000] {dag.py:4180} INFO - Setting next_dagrun for example_params_trigger_ui to None, run_after=None
[2026-04-24T07:32:00.649+0000] {processor.py:208} INFO - Processing /home/airflow/.local/lib/python3.12/site-packages/airflow/example_dags/example_params_trigger_ui.py took 0.030 seconds
[2026-04-24T07:33:53.312+0000] {processor.py:186} INFO - Started process (PID=64237) to work on /home/airflow/.local/lib/python3.12/site-packages/airflow/example_dags/example_params_trigger_ui.py
[2026-04-24T07:33:53.312+0000] {processor.py:914} INFO - Processing file /home/airflow/.local/lib/python3.12/site-packages/airflow/example_dags/example_params_trigger_ui.py for tasks to queue
[2026-04-24T07:33:53.313+0000] {logging_mixin.py:190} INFO - [2026-04-24T07:33:53.313+0000] {dagbag.py:588} INFO - Filling up the DagBag from /home/airflow/.local/lib/python3.12/site-packages/airflow/example_dags/example_params_trigger_ui.py
[2026-04-24T07:33:53.317+0000] {processor.py:925} INFO - DAG(s) 'example_params_trigger_ui' retrieved from /home/airflow/.local/lib/python3.12/site-packages/airflow/example_dags/example_params_trigger_ui.py
[2026-04-24T07:33:53.330+0000] {logging_mixin.py:190} INFO - [2026-04-24T07:33:53.330+0000] {dag.py:3239} INFO - Sync 1 DAGs
[2026-04-24T07:33:53.334+0000] {logging_mixin.py:190} INFO - [2026-04-24T07:33:53.334+0000] {dag.py:4180} INFO - Setting next_dagrun for example_params_trigger_ui to None, run_after=None
[2026-04-24T07:33:53.340+0000] {processor.py:208} INFO - Processing /home/airflow/.local/lib/python3.12/site-packages/airflow/example_dags/example_params_trigger_ui.py took 0.030 seconds
[2026-04-24T07:35:47.278+0000] {processor.py:186} INFO - Started process (PID=64301) to work on /home/airflow/.local/lib/python3.12/site-packages/airflow/example_dags/example_params_trigger_ui.py
[2026-04-24T07:35:47.279+0000] {processor.py:914} INFO - Processing file /home/airflow/.local/lib/python3.12/site-packages/airflow/example_dags/example_params_trigger_ui.py for tasks to queue
[2026-04-24T07:35:47.280+0000] {logging_mixin.py:190} INFO - [2026-04-24T07:35:47.280+0000] {dagbag.py:588} INFO - Filling up the DagBag from /home/airflow/.local/lib/python3.12/site-packages/airflow/example_dags/example_params_trigger_ui.py
[2026-04-24T07:35:47.286+0000] {processor.py:925} INFO - DAG(s) 'example_params_trigger_ui' retrieved from /home/airflow/.local/lib/python3.12/site-packages/airflow/example_dags/example_params_trigger_ui.py
[2026-04-24T07:35:47.315+0000] {logging_mixin.py:190} INFO - [2026-04-24T07:35:47.315+0000] {dag.py:3239} INFO - Sync 1 DAGs
[2026-04-24T07:35:47.321+0000] {logging_mixin.py:190} INFO - [2026-04-24T07:35:47.321+0000] {dag.py:4180} INFO - Setting next_dagrun for example_params_trigger_ui to None, run_after=None
[2026-04-24T07:35:47.329+0000] {processor.py:208} INFO - Processing /home/airflow/.local/lib/python3.12/site-packages/airflow/example_dags/example_params_trigger_ui.py took 0.054 seconds
[2026-04-24T07:36:17.668+0000] {processor.py:186} INFO - Started process (PID=64365) to work on /home/airflow/.local/lib/python3.12/site-packages/airflow/example_dags/example_params_trigger_ui.py
[2026-04-24T07:36:17.669+0000] {processor.py:914} INFO - Processing file /home/airflow/.local/lib/python3.12/site-packages/airflow/example_dags/example_params_trigger_ui.py for tasks to queue
[2026-04-24T07:36:17.670+0000] {logging_mixin.py:190} INFO - [2026-04-24T07:36:17.670+0000] {dagbag.py:588} INFO - Filling up the DagBag from /home/airflow/.local/lib/python3.12/site-packages/airflow/example_dags/example_params_trigger_ui.py
[2026-04-24T07:36:17.674+0000] {processor.py:925} INFO - DAG(s) 'example_params_trigger_ui' retrieved from /home/airflow/.local/lib/python3.12/site-packages/airflow/example_dags/example_params_trigger_ui.py
[2026-04-24T07:36:17.686+0000] {logging_mixin.py:190} INFO - [2026-04-24T07:36:17.686+0000] {dag.py:3239} INFO - Sync 1 DAGs
[2026-04-24T07:36:17.691+0000] {logging_mixin.py:190} INFO - [2026-04-24T07:36:17.691+0000] {dag.py:4180} INFO - Setting next_dagrun for example_params_trigger_ui to None, run_after=None
[2026-04-24T07:36:17.696+0000] {processor.py:208} INFO - Processing /home/airflow/.local/lib/python3.12/site-packages/airflow/example_dags/example_params_trigger_ui.py took 0.030 seconds
[2026-04-24T07:38:18.180+0000] {processor.py:186} INFO - Started process (PID=64429) to work on /home/airflow/.local/lib/python3.12/site-packages/airflow/example_dags/example_params_trigger_ui.py
[2026-04-24T07:38:18.180+0000] {processor.py:914} INFO - Processing file /home/airflow/.local/lib/python3.12/site-packages/airflow/example_dags/example_params_trigger_ui.py for tasks to queue
[2026-04-24T07:38:18.181+0000] {logging_mixin.py:190} INFO - [2026-04-24T07:38:18.181+0000] {dagbag.py:588} INFO - Filling up the DagBag from /home/airflow/.local/lib/python3.12/site-packages/airflow/example_dags/example_params_trigger_ui.py
[2026-04-24T07:38:18.186+0000] {processor.py:925} INFO - DAG(s) 'example_params_trigger_ui' retrieved from /home/airflow/.local/lib/python3.12/site-packages/airflow/example_dags/example_params_trigger_ui.py
[2026-04-24T07:38:18.198+0000] {logging_mixin.py:190} INFO - [2026-04-24T07:38:18.198+0000] {dag.py:3239} INFO - Sync 1 DAGs
[2026-04-24T07:38:18.203+0000] {logging_mixin.py:190} INFO - [2026-04-24T07:38:18.203+0000] {dag.py:4180} INFO - Setting next_dagrun for example_params_trigger_ui to None, run_after=None
[2026-04-24T07:38:18.208+0000] {processor.py:208} INFO - Processing /home/airflow/.local/lib/python3.12/site-packages/airflow/example_dags/example_params_trigger_ui.py took 0.031 seconds
[2026-04-24T07:40:18.940+0000] {processor.py:186} INFO - Started process (PID=64493) to work on /home/airflow/.local/lib/python3.12/site-packages/airflow/example_dags/example_params_trigger_ui.py
[2026-04-24T07:40:18.941+0000] {processor.py:914} INFO - Processing file /home/airflow/.local/lib/python3.12/site-packages/airflow/example_dags/example_params_trigger_ui.py for tasks to queue
[2026-04-24T07:40:18.943+0000] {logging_mixin.py:190} INFO - [2026-04-24T07:40:18.942+0000] {dagbag.py:588} INFO - Filling up the DagBag from /home/airflow/.local/lib/python3.12/site-packages/airflow/example_dags/example_params_trigger_ui.py
[2026-04-24T07:40:18.948+0000] {processor.py:925} INFO - DAG(s) 'example_params_trigger_ui' retrieved from /home/airflow/.local/lib/python3.12/site-packages/airflow/example_dags/example_params_trigger_ui.py
[2026-04-24T07:40:18.972+0000] {logging_mixin.py:190} INFO - [2026-04-24T07:40:18.971+0000] {dag.py:3239} INFO - Sync 1 DAGs
[2026-04-24T07:40:18.980+0000] {logging_mixin.py:190} INFO - [2026-04-24T07:40:18.980+0000] {dag.py:4180} INFO - Setting next_dagrun for example_params_trigger_ui to None, run_after=None
[2026-04-24T07:40:18.989+0000] {processor.py:208} INFO - Processing /home/airflow/.local/lib/python3.12/site-packages/airflow/example_dags/example_params_trigger_ui.py took 0.052 seconds
[2026-04-24T07:40:49.630+0000] {processor.py:186} INFO - Started process (PID=64557) to work on /home/airflow/.local/lib/python3.12/site-packages/airflow/example_dags/example_params_trigger_ui.py
[2026-04-24T07:40:49.631+0000] {processor.py:914} INFO - Processing file /home/airflow/.local/lib/python3.12/site-packages/airflow/example_dags/example_params_trigger_ui.py for tasks to queue
[2026-04-24T07:40:49.632+0000] {logging_mixin.py:190} INFO - [2026-04-24T07:40:49.632+0000] {dagbag.py:588} INFO - Filling up the DagBag from /home/airflow/.local/lib/python3.12/site-packages/airflow/example_dags/example_params_trigger_ui.py
[2026-04-24T07:40:49.636+0000] {processor.py:925} INFO - DAG(s) 'example_params_trigger_ui' retrieved from /home/airflow/.local/lib/python3.12/site-packages/airflow/example_dags/example_params_trigger_ui.py
[2026-04-24T07:40:49.649+0000] {logging_mixin.py:190} INFO - [2026-04-24T07:40:49.649+0000] {dag.py:3239} INFO - Sync 1 DAGs
[2026-04-24T07:40:49.657+0000] {logging_mixin.py:190} INFO - [2026-04-24T07:40:49.657+0000] {dag.py:4180} INFO - Setting next_dagrun for example_params_trigger_ui to None, run_after=None
[2026-04-24T07:40:49.742+0000] {processor.py:208} INFO - Processing /home/airflow/.local/lib/python3.12/site-packages/airflow/example_dags/example_params_trigger_ui.py took 0.114 seconds
[2026-04-24T07:42:46.220+0000] {processor.py:186} INFO - Started process (PID=64621) to work on /home/airflow/.local/lib/python3.12/site-packages/airflow/example_dags/example_params_trigger_ui.py
[2026-04-24T07:42:46.220+0000] {processor.py:914} INFO - Processing file /home/airflow/.local/lib/python3.12/site-packages/airflow/example_dags/example_params_trigger_ui.py for tasks to queue
[2026-04-24T07:42:46.223+0000] {logging_mixin.py:190} INFO - [2026-04-24T07:42:46.223+0000] {dagbag.py:588} INFO - Filling up the DagBag from /home/airflow/.local/lib/python3.12/site-packages/airflow/example_dags/example_params_trigger_ui.py
[2026-04-24T07:42:46.228+0000] {processor.py:925} INFO - DAG(s) 'example_params_trigger_ui' retrieved from /home/airflow/.local/lib/python3.12/site-packages/airflow/example_dags/example_params_trigger_ui.py
[2026-04-24T07:42:46.248+0000] {logging_mixin.py:190} INFO - [2026-04-24T07:42:46.248+0000] {dag.py:3239} INFO - Sync 1 DAGs
[2026-04-24T07:42:46.253+0000] {logging_mixin.py:190} INFO - [2026-04-24T07:42:46.253+0000] {dag.py:4180} INFO - Setting next_dagrun for example_params_trigger_ui to None, run_after=None
[2026-04-24T07:42:46.259+0000] {processor.py:208} INFO - Processing /home/airflow/.local/lib/python3.12/site-packages/airflow/example_dags/example_params_trigger_ui.py took 0.041 seconds
[2026-04-24T07:44:39.021+0000] {processor.py:186} INFO - Started process (PID=64685) to work on /home/airflow/.local/lib/python3.12/site-packages/airflow/example_dags/example_params_trigger_ui.py
[2026-04-24T07:44:39.022+0000] {processor.py:914} INFO - Processing file /home/airflow/.local/lib/python3.12/site-packages/airflow/example_dags/example_params_trigger_ui.py for tasks to queue
[2026-04-24T07:44:39.023+0000] {logging_mixin.py:190} INFO - [2026-04-24T07:44:39.023+0000] {dagbag.py:588} INFO - Filling up the DagBag from /home/airflow/.local/lib/python3.12/site-packages/airflow/example_dags/example_params_trigger_ui.py
[2026-04-24T07:44:39.028+0000] {processor.py:925} INFO - DAG(s) 'example_params_trigger_ui' retrieved from /home/airflow/.local/lib/python3.12/site-packages/airflow/example_dags/example_params_trigger_ui.py
[2026-04-24T07:44:39.047+0000] {logging_mixin.py:190} INFO - [2026-04-24T07:44:39.047+0000] {dag.py:3239} INFO - Sync 1 DAGs
[2026-04-24T07:44:39.053+0000] {logging_mixin.py:190} INFO - [2026-04-24T07:44:39.053+0000] {dag.py:4180} INFO - Setting next_dagrun for example_params_trigger_ui to None, run_after=None
[2026-04-24T07:44:39.064+0000] {processor.py:208} INFO - Processing /home/airflow/.local/lib/python3.12/site-packages/airflow/example_dags/example_params_trigger_ui.py took 0.047 seconds
[2026-04-24T07:45:09.774+0000] {processor.py:186} INFO - Started process (PID=64749) to work on /home/airflow/.local/lib/python3.12/site-packages/airflow/example_dags/example_params_trigger_ui.py
[2026-04-24T07:45:09.774+0000] {processor.py:914} INFO - Processing file /home/airflow/.local/lib/python3.12/site-packages/airflow/example_dags/example_params_trigger_ui.py for tasks to queue
[2026-04-24T07:45:09.775+0000] {logging_mixin.py:190} INFO - [2026-04-24T07:45:09.775+0000] {dagbag.py:588} INFO - Filling up the DagBag from /home/airflow/.local/lib/python3.12/site-packages/airflow/example_dags/example_params_trigger_ui.py
[2026-04-24T07:45:09.779+0000] {processor.py:925} INFO - DAG(s) 'example_params_trigger_ui' retrieved from /home/airflow/.local/lib/python3.12/site-packages/airflow/example_dags/example_params_trigger_ui.py
[2026-04-24T07:45:09.792+0000] {logging_mixin.py:190} INFO - [2026-04-24T07:45:09.792+0000] {dag.py:3239} INFO - Sync 1 DAGs
[2026-04-24T07:45:09.796+0000] {logging_mixin.py:190} INFO - [2026-04-24T07:45:09.796+0000] {dag.py:4180} INFO - Setting next_dagrun for example_params_trigger_ui to None, run_after=None
[2026-04-24T07:45:09.802+0000] {processor.py:208} INFO - Processing /home/airflow/.local/lib/python3.12/site-packages/airflow/example_dags/example_params_trigger_ui.py took 0.030 seconds
[2026-04-24T07:47:08.500+0000] {processor.py:186} INFO - Started process (PID=64813) to work on /home/airflow/.local/lib/python3.12/site-packages/airflow/example_dags/example_params_trigger_ui.py
[2026-04-24T07:47:08.500+0000] {processor.py:914} INFO - Processing file /home/airflow/.local/lib/python3.12/site-packages/airflow/example_dags/example_params_trigger_ui.py for tasks to queue
[2026-04-24T07:47:08.501+0000] {logging_mixin.py:190} INFO - [2026-04-24T07:47:08.501+0000] {dagbag.py:588} INFO - Filling up the DagBag from /home/airflow/.local/lib/python3.12/site-packages/airflow/example_dags/example_params_trigger_ui.py
[2026-04-24T07:47:08.506+0000] {processor.py:925} INFO - DAG(s) 'example_params_trigger_ui' retrieved from /home/airflow/.local/lib/python3.12/site-packages/airflow/example_dags/example_params_trigger_ui.py
[2026-04-24T07:47:08.522+0000] {logging_mixin.py:190} INFO - [2026-04-24T07:47:08.522+0000] {dag.py:3239} INFO - Sync 1 DAGs
[2026-04-24T07:47:08.527+0000] {logging_mixin.py:190} INFO - [2026-04-24T07:47:08.527+0000] {dag.py:4180} INFO - Setting next_dagrun for example_params_trigger_ui to None, run_after=None
[2026-04-24T07:47:08.533+0000] {processor.py:208} INFO - Processing /home/airflow/.local/lib/python3.12/site-packages/airflow/example_dags/example_params_trigger_ui.py took 0.036 seconds
[2026-04-24T07:47:39.574+0000] {processor.py:186} INFO - Started process (PID=64877) to work on /home/airflow/.local/lib/python3.12/site-packages/airflow/example_dags/example_params_trigger_ui.py
[2026-04-24T07:47:39.574+0000] {processor.py:914} INFO - Processing file /home/airflow/.local/lib/python3.12/site-packages/airflow/example_dags/example_params_trigger_ui.py for tasks to queue
[2026-04-24T07:47:39.575+0000] {logging_mixin.py:190} INFO - [2026-04-24T07:47:39.575+0000] {dagbag.py:588} INFO - Filling up the DagBag from /home/airflow/.local/lib/python3.12/site-packages/airflow/example_dags/example_params_trigger_ui.py
[2026-04-24T07:47:39.579+0000] {processor.py:925} INFO - DAG(s) 'example_params_trigger_ui' retrieved from /home/airflow/.local/lib/python3.12/site-packages/airflow/example_dags/example_params_trigger_ui.py
[2026-04-24T07:47:39.592+0000] {logging_mixin.py:190} INFO - [2026-04-24T07:47:39.592+0000] {dag.py:3239} INFO - Sync 1 DAGs
[2026-04-24T07:47:39.596+0000] {logging_mixin.py:190} INFO - [2026-04-24T07:47:39.596+0000] {dag.py:4180} INFO - Setting next_dagrun for example_params_trigger_ui to None, run_after=None
[2026-04-24T07:47:39.601+0000] {processor.py:208} INFO - Processing /home/airflow/.local/lib/python3.12/site-packages/airflow/example_dags/example_params_trigger_ui.py took 0.030 seconds
[2026-04-24T07:49:39.663+0000] {processor.py:186} INFO - Started process (PID=64941) to work on /home/airflow/.local/lib/python3.12/site-packages/airflow/example_dags/example_params_trigger_ui.py
[2026-04-24T07:49:39.664+0000] {processor.py:914} INFO - Processing file /home/airflow/.local/lib/python3.12/site-packages/airflow/example_dags/example_params_trigger_ui.py for tasks to queue
[2026-04-24T07:49:39.664+0000] {logging_mixin.py:190} INFO - [2026-04-24T07:49:39.664+0000] {dagbag.py:588} INFO - Filling up the DagBag from /home/airflow/.local/lib/python3.12/site-packages/airflow/example_dags/example_params_trigger_ui.py
[2026-04-24T07:49:39.671+0000] {processor.py:925} INFO - DAG(s) 'example_params_trigger_ui' retrieved from /home/airflow/.local/lib/python3.12/site-packages/airflow/example_dags/example_params_trigger_ui.py
[2026-04-24T07:49:39.686+0000] {logging_mixin.py:190} INFO - [2026-04-24T07:49:39.686+0000] {dag.py:3239} INFO - Sync 1 DAGs
[2026-04-24T07:49:39.691+0000] {logging_mixin.py:190} INFO - [2026-04-24T07:49:39.691+0000] {dag.py:4180} INFO - Setting next_dagrun for example_params_trigger_ui to None, run_after=None
[2026-04-24T07:49:39.697+0000] {processor.py:208} INFO - Processing /home/airflow/.local/lib/python3.12/site-packages/airflow/example_dags/example_params_trigger_ui.py took 0.036 seconds
[2026-04-24T07:51:36.302+0000] {processor.py:186} INFO - Started process (PID=65005) to work on /home/airflow/.local/lib/python3.12/site-packages/airflow/example_dags/example_params_trigger_ui.py
[2026-04-24T07:51:36.303+0000] {processor.py:914} INFO - Processing file /home/airflow/.local/lib/python3.12/site-packages/airflow/example_dags/example_params_trigger_ui.py for tasks to queue
[2026-04-24T07:51:36.305+0000] {logging_mixin.py:190} INFO - [2026-04-24T07:51:36.304+0000] {dagbag.py:588} INFO - Filling up the DagBag from /home/airflow/.local/lib/python3.12/site-packages/airflow/example_dags/example_params_trigger_ui.py
[2026-04-24T07:51:36.314+0000] {processor.py:925} INFO - DAG(s) 'example_params_trigger_ui' retrieved from /home/airflow/.local/lib/python3.12/site-packages/airflow/example_dags/example_params_trigger_ui.py
[2026-04-24T07:51:36.538+0000] {logging_mixin.py:190} INFO - [2026-04-24T07:51:36.538+0000] {dag.py:3239} INFO - Sync 1 DAGs
[2026-04-24T07:51:36.551+0000] {logging_mixin.py:190} INFO - [2026-04-24T07:51:36.551+0000] {dag.py:4180} INFO - Setting next_dagrun for example_params_trigger_ui to None, run_after=None
[2026-04-24T07:51:36.565+0000] {processor.py:208} INFO - Processing /home/airflow/.local/lib/python3.12/site-packages/airflow/example_dags/example_params_trigger_ui.py took 0.268 seconds
[2026-04-24T07:52:06.873+0000] {processor.py:186} INFO - Started process (PID=65069) to work on /home/airflow/.local/lib/python3.12/site-packages/airflow/example_dags/example_params_trigger_ui.py
[2026-04-24T07:52:06.874+0000] {processor.py:914} INFO - Processing file /home/airflow/.local/lib/python3.12/site-packages/airflow/example_dags/example_params_trigger_ui.py for tasks to queue
[2026-04-24T07:52:06.874+0000] {logging_mixin.py:190} INFO - [2026-04-24T07:52:06.874+0000] {dagbag.py:588} INFO - Filling up the DagBag from /home/airflow/.local/lib/python3.12/site-packages/airflow/example_dags/example_params_trigger_ui.py
[2026-04-24T07:52:06.879+0000] {processor.py:925} INFO - DAG(s) 'example_params_trigger_ui' retrieved from /home/airflow/.local/lib/python3.12/site-packages/airflow/example_dags/example_params_trigger_ui.py
[2026-04-24T07:52:06.897+0000] {logging_mixin.py:190} INFO - [2026-04-24T07:52:06.896+0000] {dag.py:3239} INFO - Sync 1 DAGs
[2026-04-24T07:52:06.902+0000] {logging_mixin.py:190} INFO - [2026-04-24T07:52:06.902+0000] {dag.py:4180} INFO - Setting next_dagrun for example_params_trigger_ui to None, run_after=None
[2026-04-24T07:52:06.913+0000] {processor.py:208} INFO - Processing /home/airflow/.local/lib/python3.12/site-packages/airflow/example_dags/example_params_trigger_ui.py took 0.042 seconds
[2026-04-24T07:54:02.848+0000] {processor.py:186} INFO - Started process (PID=65133) to work on /home/airflow/.local/lib/python3.12/site-packages/airflow/example_dags/example_params_trigger_ui.py
[2026-04-24T07:54:02.849+0000] {processor.py:914} INFO - Processing file /home/airflow/.local/lib/python3.12/site-packages/airflow/example_dags/example_params_trigger_ui.py for tasks to queue
[2026-04-24T07:54:02.849+0000] {logging_mixin.py:190} INFO - [2026-04-24T07:54:02.849+0000] {dagbag.py:588} INFO - Filling up the DagBag from /home/airflow/.local/lib/python3.12/site-packages/airflow/example_dags/example_params_trigger_ui.py
[2026-04-24T07:54:02.854+0000] {processor.py:925} INFO - DAG(s) 'example_params_trigger_ui' retrieved from /home/airflow/.local/lib/python3.12/site-packages/airflow/example_dags/example_params_trigger_ui.py
[2026-04-24T07:54:02.871+0000] {logging_mixin.py:190} INFO - [2026-04-24T07:54:02.870+0000] {dag.py:3239} INFO - Sync 1 DAGs
[2026-04-24T07:54:02.878+0000] {logging_mixin.py:190} INFO - [2026-04-24T07:54:02.877+0000] {dag.py:4180} INFO - Setting next_dagrun for example_params_trigger_ui to None, run_after=None
[2026-04-24T07:54:02.887+0000] {processor.py:208} INFO - Processing /home/airflow/.local/lib/python3.12/site-packages/airflow/example_dags/example_params_trigger_ui.py took 0.041 seconds
[2026-04-24T07:56:00.267+0000] {processor.py:186} INFO - Started process (PID=65197) to work on /home/airflow/.local/lib/python3.12/site-packages/airflow/example_dags/example_params_trigger_ui.py
[2026-04-24T07:56:00.268+0000] {processor.py:914} INFO - Processing file /home/airflow/.local/lib/python3.12/site-packages/airflow/example_dags/example_params_trigger_ui.py for tasks to queue
[2026-04-24T07:56:00.268+0000] {logging_mixin.py:190} INFO - [2026-04-24T07:56:00.268+0000] {dagbag.py:588} INFO - Filling up the DagBag from /home/airflow/.local/lib/python3.12/site-packages/airflow/example_dags/example_params_trigger_ui.py
[2026-04-24T07:56:00.273+0000] {processor.py:925} INFO - DAG(s) 'example_params_trigger_ui' retrieved from /home/airflow/.local/lib/python3.12/site-packages/airflow/example_dags/example_params_trigger_ui.py
[2026-04-24T07:56:00.290+0000] {logging_mixin.py:190} INFO - [2026-04-24T07:56:00.290+0000] {dag.py:3239} INFO - Sync 1 DAGs
[2026-04-24T07:56:00.295+0000] {logging_mixin.py:190} INFO - [2026-04-24T07:56:00.295+0000] {dag.py:4180} INFO - Setting next_dagrun for example_params_trigger_ui to None, run_after=None
[2026-04-24T07:56:00.306+0000] {processor.py:208} INFO - Processing /home/airflow/.local/lib/python3.12/site-packages/airflow/example_dags/example_params_trigger_ui.py took 0.042 seconds
[2026-04-24T07:56:30.473+0000] {processor.py:186} INFO - Started process (PID=65261) to work on /home/airflow/.local/lib/python3.12/site-packages/airflow/example_dags/example_params_trigger_ui.py
[2026-04-24T07:56:30.473+0000] {processor.py:914} INFO - Processing file /home/airflow/.local/lib/python3.12/site-packages/airflow/example_dags/example_params_trigger_ui.py for tasks to queue
[2026-04-24T07:56:30.474+0000] {logging_mixin.py:190} INFO - [2026-04-24T07:56:30.474+0000] {dagbag.py:588} INFO - Filling up the DagBag from /home/airflow/.local/lib/python3.12/site-packages/airflow/example_dags/example_params_trigger_ui.py
[2026-04-24T07:56:30.478+0000] {processor.py:925} INFO - DAG(s) 'example_params_trigger_ui' retrieved from /home/airflow/.local/lib/python3.12/site-packages/airflow/example_dags/example_params_trigger_ui.py
[2026-04-24T07:56:30.492+0000] {logging_mixin.py:190} INFO - [2026-04-24T07:56:30.492+0000] {dag.py:3239} INFO - Sync 1 DAGs
[2026-04-24T07:56:30.496+0000] {logging_mixin.py:190} INFO - [2026-04-24T07:56:30.496+0000] {dag.py:4180} INFO - Setting next_dagrun for example_params_trigger_ui to None, run_after=None
[2026-04-24T07:56:30.502+0000] {processor.py:208} INFO - Processing /home/airflow/.local/lib/python3.12/site-packages/airflow/example_dags/example_params_trigger_ui.py took 0.032 seconds
[2026-04-24T07:58:24.796+0000] {processor.py:186} INFO - Started process (PID=65325) to work on /home/airflow/.local/lib/python3.12/site-packages/airflow/example_dags/example_params_trigger_ui.py
[2026-04-24T07:58:24.797+0000] {processor.py:914} INFO - Processing file /home/airflow/.local/lib/python3.12/site-packages/airflow/example_dags/example_params_trigger_ui.py for tasks to queue
[2026-04-24T07:58:24.798+0000] {logging_mixin.py:190} INFO - [2026-04-24T07:58:24.798+0000] {dagbag.py:588} INFO - Filling up the DagBag from /home/airflow/.local/lib/python3.12/site-packages/airflow/example_dags/example_params_trigger_ui.py
[2026-04-24T07:58:24.803+0000] {processor.py:925} INFO - DAG(s) 'example_params_trigger_ui' retrieved from /home/airflow/.local/lib/python3.12/site-packages/airflow/example_dags/example_params_trigger_ui.py
[2026-04-24T07:58:24.825+0000] {logging_mixin.py:190} INFO - [2026-04-24T07:58:24.825+0000] {dag.py:3239} INFO - Sync 1 DAGs
[2026-04-24T07:58:24.830+0000] {logging_mixin.py:190} INFO - [2026-04-24T07:58:24.830+0000] {dag.py:4180} INFO - Setting next_dagrun for example_params_trigger_ui to None, run_after=None
[2026-04-24T07:58:24.839+0000] {processor.py:208} INFO - Processing /home/airflow/.local/lib/python3.12/site-packages/airflow/example_dags/example_params_trigger_ui.py took 0.045 seconds
[2026-04-24T08:00:22.124+0000] {processor.py:186} INFO - Started process (PID=65389) to work on /home/airflow/.local/lib/python3.12/site-packages/airflow/example_dags/example_params_trigger_ui.py
[2026-04-24T08:00:22.124+0000] {processor.py:914} INFO - Processing file /home/airflow/.local/lib/python3.12/site-packages/airflow/example_dags/example_params_trigger_ui.py for tasks to queue
[2026-04-24T08:00:22.125+0000] {logging_mixin.py:190} INFO - [2026-04-24T08:00:22.125+0000] {dagbag.py:588} INFO - Filling up the DagBag from /home/airflow/.local/lib/python3.12/site-packages/airflow/example_dags/example_params_trigger_ui.py
[2026-04-24T08:00:22.129+0000] {processor.py:925} INFO - DAG(s) 'example_params_trigger_ui' retrieved from /home/airflow/.local/lib/python3.12/site-packages/airflow/example_dags/example_params_trigger_ui.py
[2026-04-24T08:00:22.144+0000] {logging_mixin.py:190} INFO - [2026-04-24T08:00:22.144+0000] {dag.py:3239} INFO - Sync 1 DAGs
[2026-04-24T08:00:22.149+0000] {logging_mixin.py:190} INFO - [2026-04-24T08:00:22.149+0000] {dag.py:4180} INFO - Setting next_dagrun for example_params_trigger_ui to None, run_after=None
[2026-04-24T08:00:22.159+0000] {processor.py:208} INFO - Processing /home/airflow/.local/lib/python3.12/site-packages/airflow/example_dags/example_params_trigger_ui.py took 0.038 seconds
[2026-04-24T08:00:52.374+0000] {processor.py:186} INFO - Started process (PID=65453) to work on /home/airflow/.local/lib/python3.12/site-packages/airflow/example_dags/example_params_trigger_ui.py
[2026-04-24T08:00:52.374+0000] {processor.py:914} INFO - Processing file /home/airflow/.local/lib/python3.12/site-packages/airflow/example_dags/example_params_trigger_ui.py for tasks to queue
[2026-04-24T08:00:52.376+0000] {logging_mixin.py:190} INFO - [2026-04-24T08:00:52.376+0000] {dagbag.py:588} INFO - Filling up the DagBag from /home/airflow/.local/lib/python3.12/site-packages/airflow/example_dags/example_params_trigger_ui.py
[2026-04-24T08:00:52.380+0000] {processor.py:925} INFO - DAG(s) 'example_params_trigger_ui' retrieved from /home/airflow/.local/lib/python3.12/site-packages/airflow/example_dags/example_params_trigger_ui.py
[2026-04-24T08:00:52.394+0000] {logging_mixin.py:190} INFO - [2026-04-24T08:00:52.394+0000] {dag.py:3239} INFO - Sync 1 DAGs
[2026-04-24T08:00:52.400+0000] {logging_mixin.py:190} INFO - [2026-04-24T08:00:52.400+0000] {dag.py:4180} INFO - Setting next_dagrun for example_params_trigger_ui to None, run_after=None
[2026-04-24T08:00:52.410+0000] {processor.py:208} INFO - Processing /home/airflow/.local/lib/python3.12/site-packages/airflow/example_dags/example_params_trigger_ui.py took 0.038 seconds
[2026-04-24T08:02:45.588+0000] {processor.py:186} INFO - Started process (PID=65517) to work on /home/airflow/.local/lib/python3.12/site-packages/airflow/example_dags/example_params_trigger_ui.py
[2026-04-24T08:02:45.590+0000] {processor.py:914} INFO - Processing file /home/airflow/.local/lib/python3.12/site-packages/airflow/example_dags/example_params_trigger_ui.py for tasks to queue
[2026-04-24T08:02:45.591+0000] {logging_mixin.py:190} INFO - [2026-04-24T08:02:45.591+0000] {dagbag.py:588} INFO - Filling up the DagBag from /home/airflow/.local/lib/python3.12/site-packages/airflow/example_dags/example_params_trigger_ui.py
[2026-04-24T08:02:45.596+0000] {processor.py:925} INFO - DAG(s) 'example_params_trigger_ui' retrieved from /home/airflow/.local/lib/python3.12/site-packages/airflow/example_dags/example_params_trigger_ui.py
[2026-04-24T08:02:45.610+0000] {logging_mixin.py:190} INFO - [2026-04-24T08:02:45.609+0000] {dag.py:3239} INFO - Sync 1 DAGs
[2026-04-24T08:02:45.615+0000] {logging_mixin.py:190} INFO - [2026-04-24T08:02:45.615+0000] {dag.py:4180} INFO - Setting next_dagrun for example_params_trigger_ui to None, run_after=None
[2026-04-24T08:02:45.623+0000] {processor.py:208} INFO - Processing /home/airflow/.local/lib/python3.12/site-packages/airflow/example_dags/example_params_trigger_ui.py took 0.037 seconds
[2026-04-24T08:03:16.964+0000] {processor.py:186} INFO - Started process (PID=65581) to work on /home/airflow/.local/lib/python3.12/site-packages/airflow/example_dags/example_params_trigger_ui.py
[2026-04-24T08:03:16.964+0000] {processor.py:914} INFO - Processing file /home/airflow/.local/lib/python3.12/site-packages/airflow/example_dags/example_params_trigger_ui.py for tasks to queue
[2026-04-24T08:03:16.965+0000] {logging_mixin.py:190} INFO - [2026-04-24T08:03:16.965+0000] {dagbag.py:588} INFO - Filling up the DagBag from /home/airflow/.local/lib/python3.12/site-packages/airflow/example_dags/example_params_trigger_ui.py
[2026-04-24T08:03:16.969+0000] {processor.py:925} INFO - DAG(s) 'example_params_trigger_ui' retrieved from /home/airflow/.local/lib/python3.12/site-packages/airflow/example_dags/example_params_trigger_ui.py
[2026-04-24T08:03:16.987+0000] {logging_mixin.py:190} INFO - [2026-04-24T08:03:16.987+0000] {dag.py:3239} INFO - Sync 1 DAGs
[2026-04-24T08:03:16.994+0000] {logging_mixin.py:190} INFO - [2026-04-24T08:03:16.994+0000] {dag.py:4180} INFO - Setting next_dagrun for example_params_trigger_ui to None, run_after=None
[2026-04-24T08:03:17.004+0000] {processor.py:208} INFO - Processing /home/airflow/.local/lib/python3.12/site-packages/airflow/example_dags/example_params_trigger_ui.py took 0.042 seconds
[2026-04-24T08:05:14.382+0000] {processor.py:186} INFO - Started process (PID=65645) to work on /home/airflow/.local/lib/python3.12/site-packages/airflow/example_dags/example_params_trigger_ui.py
[2026-04-24T08:05:14.383+0000] {processor.py:914} INFO - Processing file /home/airflow/.local/lib/python3.12/site-packages/airflow/example_dags/example_params_trigger_ui.py for tasks to queue
[2026-04-24T08:05:14.384+0000] {logging_mixin.py:190} INFO - [2026-04-24T08:05:14.384+0000] {dagbag.py:588} INFO - Filling up the DagBag from /home/airflow/.local/lib/python3.12/site-packages/airflow/example_dags/example_params_trigger_ui.py
[2026-04-24T08:05:14.389+0000] {processor.py:925} INFO - DAG(s) 'example_params_trigger_ui' retrieved from /home/airflow/.local/lib/python3.12/site-packages/airflow/example_dags/example_params_trigger_ui.py
[2026-04-24T08:05:14.402+0000] {logging_mixin.py:190} INFO - [2026-04-24T08:05:14.402+0000] {dag.py:3239} INFO - Sync 1 DAGs
[2026-04-24T08:05:14.407+0000] {logging_mixin.py:190} INFO - [2026-04-24T08:05:14.407+0000] {dag.py:4180} INFO - Setting next_dagrun for example_params_trigger_ui to None, run_after=None
[2026-04-24T08:05:14.416+0000] {processor.py:208} INFO - Processing /home/airflow/.local/lib/python3.12/site-packages/airflow/example_dags/example_params_trigger_ui.py took 0.037 seconds
[2026-04-24T08:07:07.727+0000] {processor.py:186} INFO - Started process (PID=65709) to work on /home/airflow/.local/lib/python3.12/site-packages/airflow/example_dags/example_params_trigger_ui.py
[2026-04-24T08:07:07.729+0000] {processor.py:914} INFO - Processing file /home/airflow/.local/lib/python3.12/site-packages/airflow/example_dags/example_params_trigger_ui.py for tasks to queue
[2026-04-24T08:07:07.730+0000] {logging_mixin.py:190} INFO - [2026-04-24T08:07:07.730+0000] {dagbag.py:588} INFO - Filling up the DagBag from /home/airflow/.local/lib/python3.12/site-packages/airflow/example_dags/example_params_trigger_ui.py
[2026-04-24T08:07:07.739+0000] {processor.py:925} INFO - DAG(s) 'example_params_trigger_ui' retrieved from /home/airflow/.local/lib/python3.12/site-packages/airflow/example_dags/example_params_trigger_ui.py
[2026-04-24T08:07:07.755+0000] {logging_mixin.py:190} INFO - [2026-04-24T08:07:07.755+0000] {dag.py:3239} INFO - Sync 1 DAGs
[2026-04-24T08:07:07.760+0000] {logging_mixin.py:190} INFO - [2026-04-24T08:07:07.760+0000] {dag.py:4180} INFO - Setting next_dagrun for example_params_trigger_ui to None, run_after=None
[2026-04-24T08:07:07.765+0000] {processor.py:208} INFO - Processing /home/airflow/.local/lib/python3.12/site-packages/airflow/example_dags/example_params_trigger_ui.py took 0.040 seconds
[2026-04-24T08:07:38.724+0000] {processor.py:186} INFO - Started process (PID=65773) to work on /home/airflow/.local/lib/python3.12/site-packages/airflow/example_dags/example_params_trigger_ui.py
[2026-04-24T08:07:38.726+0000] {processor.py:914} INFO - Processing file /home/airflow/.local/lib/python3.12/site-packages/airflow/example_dags/example_params_trigger_ui.py for tasks to queue
[2026-04-24T08:07:38.727+0000] {logging_mixin.py:190} INFO - [2026-04-24T08:07:38.727+0000] {dagbag.py:588} INFO - Filling up the DagBag from /home/airflow/.local/lib/python3.12/site-packages/airflow/example_dags/example_params_trigger_ui.py
[2026-04-24T08:07:38.732+0000] {processor.py:925} INFO - DAG(s) 'example_params_trigger_ui' retrieved from /home/airflow/.local/lib/python3.12/site-packages/airflow/example_dags/example_params_trigger_ui.py
[2026-04-24T08:07:38.752+0000] {logging_mixin.py:190} INFO - [2026-04-24T08:07:38.751+0000] {dag.py:3239} INFO - Sync 1 DAGs
[2026-04-24T08:07:38.758+0000] {logging_mixin.py:190} INFO - [2026-04-24T08:07:38.757+0000] {dag.py:4180} INFO - Setting next_dagrun for example_params_trigger_ui to None, run_after=None
[2026-04-24T08:07:38.764+0000] {processor.py:208} INFO - Processing /home/airflow/.local/lib/python3.12/site-packages/airflow/example_dags/example_params_trigger_ui.py took 0.043 seconds
[2026-04-24T08:09:31.265+0000] {processor.py:186} INFO - Started process (PID=65837) to work on /home/airflow/.local/lib/python3.12/site-packages/airflow/example_dags/example_params_trigger_ui.py
[2026-04-24T08:09:31.265+0000] {processor.py:914} INFO - Processing file /home/airflow/.local/lib/python3.12/site-packages/airflow/example_dags/example_params_trigger_ui.py for tasks to queue
[2026-04-24T08:09:31.266+0000] {logging_mixin.py:190} INFO - [2026-04-24T08:09:31.266+0000] {dagbag.py:588} INFO - Filling up the DagBag from /home/airflow/.local/lib/python3.12/site-packages/airflow/example_dags/example_params_trigger_ui.py
[2026-04-24T08:09:31.270+0000] {processor.py:925} INFO - DAG(s) 'example_params_trigger_ui' retrieved from /home/airflow/.local/lib/python3.12/site-packages/airflow/example_dags/example_params_trigger_ui.py
[2026-04-24T08:09:31.287+0000] {logging_mixin.py:190} INFO - [2026-04-24T08:09:31.287+0000] {dag.py:3239} INFO - Sync 1 DAGs
[2026-04-24T08:09:31.293+0000] {logging_mixin.py:190} INFO - [2026-04-24T08:09:31.293+0000] {dag.py:4180} INFO - Setting next_dagrun for example_params_trigger_ui to None, run_after=None
[2026-04-24T08:09:31.302+0000] {processor.py:208} INFO - Processing /home/airflow/.local/lib/python3.12/site-packages/airflow/example_dags/example_params_trigger_ui.py took 0.040 seconds
[2026-04-24T08:11:30.800+0000] {processor.py:186} INFO - Started process (PID=65901) to work on /home/airflow/.local/lib/python3.12/site-packages/airflow/example_dags/example_params_trigger_ui.py
[2026-04-24T08:11:30.801+0000] {processor.py:914} INFO - Processing file /home/airflow/.local/lib/python3.12/site-packages/airflow/example_dags/example_params_trigger_ui.py for tasks to queue
[2026-04-24T08:11:30.803+0000] {logging_mixin.py:190} INFO - [2026-04-24T08:11:30.803+0000] {dagbag.py:588} INFO - Filling up the DagBag from /home/airflow/.local/lib/python3.12/site-packages/airflow/example_dags/example_params_trigger_ui.py
[2026-04-24T08:11:30.809+0000] {processor.py:925} INFO - DAG(s) 'example_params_trigger_ui' retrieved from /home/airflow/.local/lib/python3.12/site-packages/airflow/example_dags/example_params_trigger_ui.py
[2026-04-24T08:11:30.830+0000] {logging_mixin.py:190} INFO - [2026-04-24T08:11:30.830+0000] {dag.py:3239} INFO - Sync 1 DAGs
[2026-04-24T08:11:30.837+0000] {logging_mixin.py:190} INFO - [2026-04-24T08:11:30.837+0000] {dag.py:4180} INFO - Setting next_dagrun for example_params_trigger_ui to None, run_after=None
[2026-04-24T08:11:30.846+0000] {processor.py:208} INFO - Processing /home/airflow/.local/lib/python3.12/site-packages/airflow/example_dags/example_params_trigger_ui.py took 0.049 seconds
[2026-04-24T08:12:00.980+0000] {processor.py:186} INFO - Started process (PID=65965) to work on /home/airflow/.local/lib/python3.12/site-packages/airflow/example_dags/example_params_trigger_ui.py
[2026-04-24T08:12:00.981+0000] {processor.py:914} INFO - Processing file /home/airflow/.local/lib/python3.12/site-packages/airflow/example_dags/example_params_trigger_ui.py for tasks to queue
[2026-04-24T08:12:00.982+0000] {logging_mixin.py:190} INFO - [2026-04-24T08:12:00.982+0000] {dagbag.py:588} INFO - Filling up the DagBag from /home/airflow/.local/lib/python3.12/site-packages/airflow/example_dags/example_params_trigger_ui.py
[2026-04-24T08:12:00.989+0000] {processor.py:925} INFO - DAG(s) 'example_params_trigger_ui' retrieved from /home/airflow/.local/lib/python3.12/site-packages/airflow/example_dags/example_params_trigger_ui.py
[2026-04-24T08:12:01.006+0000] {logging_mixin.py:190} INFO - [2026-04-24T08:12:01.006+0000] {dag.py:3239} INFO - Sync 1 DAGs
[2026-04-24T08:12:01.013+0000] {logging_mixin.py:190} INFO - [2026-04-24T08:12:01.012+0000] {dag.py:4180} INFO - Setting next_dagrun for example_params_trigger_ui to None, run_after=None
[2026-04-24T08:12:01.021+0000] {processor.py:208} INFO - Processing /home/airflow/.local/lib/python3.12/site-packages/airflow/example_dags/example_params_trigger_ui.py took 0.043 seconds
[2026-04-24T08:13:56.518+0000] {processor.py:186} INFO - Started process (PID=66029) to work on /home/airflow/.local/lib/python3.12/site-packages/airflow/example_dags/example_params_trigger_ui.py
[2026-04-24T08:13:56.519+0000] {processor.py:914} INFO - Processing file /home/airflow/.local/lib/python3.12/site-packages/airflow/example_dags/example_params_trigger_ui.py for tasks to queue
[2026-04-24T08:13:56.520+0000] {logging_mixin.py:190} INFO - [2026-04-24T08:13:56.520+0000] {dagbag.py:588} INFO - Filling up the DagBag from /home/airflow/.local/lib/python3.12/site-packages/airflow/example_dags/example_params_trigger_ui.py
[2026-04-24T08:13:56.525+0000] {processor.py:925} INFO - DAG(s) 'example_params_trigger_ui' retrieved from /home/airflow/.local/lib/python3.12/site-packages/airflow/example_dags/example_params_trigger_ui.py
[2026-04-24T08:13:56.543+0000] {logging_mixin.py:190} INFO - [2026-04-24T08:13:56.543+0000] {dag.py:3239} INFO - Sync 1 DAGs
[2026-04-24T08:13:56.548+0000] {logging_mixin.py:190} INFO - [2026-04-24T08:13:56.548+0000] {dag.py:4180} INFO - Setting next_dagrun for example_params_trigger_ui to None, run_after=None
[2026-04-24T08:13:56.556+0000] {processor.py:208} INFO - Processing /home/airflow/.local/lib/python3.12/site-packages/airflow/example_dags/example_params_trigger_ui.py took 0.040 seconds
[2026-04-24T08:15:49.950+0000] {processor.py:186} INFO - Started process (PID=66093) to work on /home/airflow/.local/lib/python3.12/site-packages/airflow/example_dags/example_params_trigger_ui.py
[2026-04-24T08:15:49.950+0000] {processor.py:914} INFO - Processing file /home/airflow/.local/lib/python3.12/site-packages/airflow/example_dags/example_params_trigger_ui.py for tasks to queue
[2026-04-24T08:15:49.952+0000] {logging_mixin.py:190} INFO - [2026-04-24T08:15:49.952+0000] {dagbag.py:588} INFO - Filling up the DagBag from /home/airflow/.local/lib/python3.12/site-packages/airflow/example_dags/example_params_trigger_ui.py
[2026-04-24T08:15:49.957+0000] {processor.py:925} INFO - DAG(s) 'example_params_trigger_ui' retrieved from /home/airflow/.local/lib/python3.12/site-packages/airflow/example_dags/example_params_trigger_ui.py
[2026-04-24T08:15:49.978+0000] {logging_mixin.py:190} INFO - [2026-04-24T08:15:49.978+0000] {dag.py:3239} INFO - Sync 1 DAGs
[2026-04-24T08:15:49.983+0000] {logging_mixin.py:190} INFO - [2026-04-24T08:15:49.983+0000] {dag.py:4180} INFO - Setting next_dagrun for example_params_trigger_ui to None, run_after=None
[2026-04-24T08:15:49.994+0000] {processor.py:208} INFO - Processing /home/airflow/.local/lib/python3.12/site-packages/airflow/example_dags/example_params_trigger_ui.py took 0.047 seconds
[2026-04-24T08:16:20.061+0000] {processor.py:186} INFO - Started process (PID=66157) to work on /home/airflow/.local/lib/python3.12/site-packages/airflow/example_dags/example_params_trigger_ui.py
[2026-04-24T08:16:20.062+0000] {processor.py:914} INFO - Processing file /home/airflow/.local/lib/python3.12/site-packages/airflow/example_dags/example_params_trigger_ui.py for tasks to queue
[2026-04-24T08:16:20.062+0000] {logging_mixin.py:190} INFO - [2026-04-24T08:16:20.062+0000] {dagbag.py:588} INFO - Filling up the DagBag from /home/airflow/.local/lib/python3.12/site-packages/airflow/example_dags/example_params_trigger_ui.py
[2026-04-24T08:16:20.067+0000] {processor.py:925} INFO - DAG(s) 'example_params_trigger_ui' retrieved from /home/airflow/.local/lib/python3.12/site-packages/airflow/example_dags/example_params_trigger_ui.py
[2026-04-24T08:16:20.080+0000] {logging_mixin.py:190} INFO - [2026-04-24T08:16:20.080+0000] {dag.py:3239} INFO - Sync 1 DAGs
[2026-04-24T08:16:20.085+0000] {logging_mixin.py:190} INFO - [2026-04-24T08:16:20.085+0000] {dag.py:4180} INFO - Setting next_dagrun for example_params_trigger_ui to None, run_after=None
[2026-04-24T08:16:20.091+0000] {processor.py:208} INFO - Processing /home/airflow/.local/lib/python3.12/site-packages/airflow/example_dags/example_params_trigger_ui.py took 0.032 seconds
[2026-04-24T08:18:16.489+0000] {processor.py:186} INFO - Started process (PID=66221) to work on /home/airflow/.local/lib/python3.12/site-packages/airflow/example_dags/example_params_trigger_ui.py
[2026-04-24T08:18:16.490+0000] {processor.py:914} INFO - Processing file /home/airflow/.local/lib/python3.12/site-packages/airflow/example_dags/example_params_trigger_ui.py for tasks to queue
[2026-04-24T08:18:16.491+0000] {logging_mixin.py:190} INFO - [2026-04-24T08:18:16.491+0000] {dagbag.py:588} INFO - Filling up the DagBag from /home/airflow/.local/lib/python3.12/site-packages/airflow/example_dags/example_params_trigger_ui.py
[2026-04-24T08:18:16.497+0000] {processor.py:925} INFO - DAG(s) 'example_params_trigger_ui' retrieved from /home/airflow/.local/lib/python3.12/site-packages/airflow/example_dags/example_params_trigger_ui.py
[2026-04-24T08:18:16.513+0000] {logging_mixin.py:190} INFO - [2026-04-24T08:18:16.513+0000] {dag.py:3239} INFO - Sync 1 DAGs
[2026-04-24T08:18:16.519+0000] {logging_mixin.py:190} INFO - [2026-04-24T08:18:16.519+0000] {dag.py:4180} INFO - Setting next_dagrun for example_params_trigger_ui to None, run_after=None
[2026-04-24T08:18:16.529+0000] {processor.py:208} INFO - Processing /home/airflow/.local/lib/python3.12/site-packages/airflow/example_dags/example_params_trigger_ui.py took 0.043 seconds
[2026-04-24T08:18:46.813+0000] {processor.py:186} INFO - Started process (PID=66285) to work on /home/airflow/.local/lib/python3.12/site-packages/airflow/example_dags/example_params_trigger_ui.py
[2026-04-24T08:18:46.813+0000] {processor.py:914} INFO - Processing file /home/airflow/.local/lib/python3.12/site-packages/airflow/example_dags/example_params_trigger_ui.py for tasks to queue
[2026-04-24T08:18:46.814+0000] {logging_mixin.py:190} INFO - [2026-04-24T08:18:46.814+0000] {dagbag.py:588} INFO - Filling up the DagBag from /home/airflow/.local/lib/python3.12/site-packages/airflow/example_dags/example_params_trigger_ui.py
[2026-04-24T08:18:46.818+0000] {processor.py:925} INFO - DAG(s) 'example_params_trigger_ui' retrieved from /home/airflow/.local/lib/python3.12/site-packages/airflow/example_dags/example_params_trigger_ui.py
[2026-04-24T08:18:46.836+0000] {logging_mixin.py:190} INFO - [2026-04-24T08:18:46.836+0000] {dag.py:3239} INFO - Sync 1 DAGs
[2026-04-24T08:18:46.841+0000] {logging_mixin.py:190} INFO - [2026-04-24T08:18:46.841+0000] {dag.py:4180} INFO - Setting next_dagrun for example_params_trigger_ui to None, run_after=None
[2026-04-24T08:18:46.854+0000] {processor.py:208} INFO - Processing /home/airflow/.local/lib/python3.12/site-packages/airflow/example_dags/example_params_trigger_ui.py took 0.044 seconds
[2026-04-24T08:20:42.340+0000] {processor.py:186} INFO - Started process (PID=66349) to work on /home/airflow/.local/lib/python3.12/site-packages/airflow/example_dags/example_params_trigger_ui.py
[2026-04-24T08:20:42.340+0000] {processor.py:914} INFO - Processing file /home/airflow/.local/lib/python3.12/site-packages/airflow/example_dags/example_params_trigger_ui.py for tasks to queue
[2026-04-24T08:20:42.343+0000] {logging_mixin.py:190} INFO - [2026-04-24T08:20:42.343+0000] {dagbag.py:588} INFO - Filling up the DagBag from /home/airflow/.local/lib/python3.12/site-packages/airflow/example_dags/example_params_trigger_ui.py
[2026-04-24T08:20:42.350+0000] {processor.py:925} INFO - DAG(s) 'example_params_trigger_ui' retrieved from /home/airflow/.local/lib/python3.12/site-packages/airflow/example_dags/example_params_trigger_ui.py
[2026-04-24T08:20:42.367+0000] {logging_mixin.py:190} INFO - [2026-04-24T08:20:42.367+0000] {dag.py:3239} INFO - Sync 1 DAGs
[2026-04-24T08:20:42.376+0000] {logging_mixin.py:190} INFO - [2026-04-24T08:20:42.375+0000] {dag.py:4180} INFO - Setting next_dagrun for example_params_trigger_ui to None, run_after=None
[2026-04-24T08:20:42.387+0000] {processor.py:208} INFO - Processing /home/airflow/.local/lib/python3.12/site-packages/airflow/example_dags/example_params_trigger_ui.py took 0.049 seconds
[2026-04-24T08:22:34.178+0000] {processor.py:186} INFO - Started process (PID=66413) to work on /home/airflow/.local/lib/python3.12/site-packages/airflow/example_dags/example_params_trigger_ui.py
[2026-04-24T08:22:34.179+0000] {processor.py:914} INFO - Processing file /home/airflow/.local/lib/python3.12/site-packages/airflow/example_dags/example_params_trigger_ui.py for tasks to queue
[2026-04-24T08:22:34.180+0000] {logging_mixin.py:190} INFO - [2026-04-24T08:22:34.180+0000] {dagbag.py:588} INFO - Filling up the DagBag from /home/airflow/.local/lib/python3.12/site-packages/airflow/example_dags/example_params_trigger_ui.py
[2026-04-24T08:22:34.184+0000] {processor.py:925} INFO - DAG(s) 'example_params_trigger_ui' retrieved from /home/airflow/.local/lib/python3.12/site-packages/airflow/example_dags/example_params_trigger_ui.py
[2026-04-24T08:22:34.199+0000] {logging_mixin.py:190} INFO - [2026-04-24T08:22:34.199+0000] {dag.py:3239} INFO - Sync 1 DAGs
[2026-04-24T08:22:34.204+0000] {logging_mixin.py:190} INFO - [2026-04-24T08:22:34.204+0000] {dag.py:4180} INFO - Setting next_dagrun for example_params_trigger_ui to None, run_after=None
[2026-04-24T08:22:34.210+0000] {processor.py:208} INFO - Processing /home/airflow/.local/lib/python3.12/site-packages/airflow/example_dags/example_params_trigger_ui.py took 0.034 seconds
[2026-04-24T08:23:04.298+0000] {processor.py:186} INFO - Started process (PID=66476) to work on /home/airflow/.local/lib/python3.12/site-packages/airflow/example_dags/example_params_trigger_ui.py
[2026-04-24T08:23:04.300+0000] {processor.py:914} INFO - Processing file /home/airflow/.local/lib/python3.12/site-packages/airflow/example_dags/example_params_trigger_ui.py for tasks to queue
[2026-04-24T08:23:04.301+0000] {logging_mixin.py:190} INFO - [2026-04-24T08:23:04.301+0000] {dagbag.py:588} INFO - Filling up the DagBag from /home/airflow/.local/lib/python3.12/site-packages/airflow/example_dags/example_params_trigger_ui.py
[2026-04-24T08:23:04.305+0000] {processor.py:925} INFO - DAG(s) 'example_params_trigger_ui' retrieved from /home/airflow/.local/lib/python3.12/site-packages/airflow/example_dags/example_params_trigger_ui.py
[2026-04-24T08:23:04.319+0000] {logging_mixin.py:190} INFO - [2026-04-24T08:23:04.319+0000] {dag.py:3239} INFO - Sync 1 DAGs
[2026-04-24T08:23:04.324+0000] {logging_mixin.py:190} INFO - [2026-04-24T08:23:04.324+0000] {dag.py:4180} INFO - Setting next_dagrun for example_params_trigger_ui to None, run_after=None
[2026-04-24T08:23:04.330+0000] {processor.py:208} INFO - Processing /home/airflow/.local/lib/python3.12/site-packages/airflow/example_dags/example_params_trigger_ui.py took 0.034 seconds
[2026-04-24T08:24:59.814+0000] {processor.py:186} INFO - Started process (PID=66540) to work on /home/airflow/.local/lib/python3.12/site-packages/airflow/example_dags/example_params_trigger_ui.py
[2026-04-24T08:24:59.814+0000] {processor.py:914} INFO - Processing file /home/airflow/.local/lib/python3.12/site-packages/airflow/example_dags/example_params_trigger_ui.py for tasks to queue
[2026-04-24T08:24:59.816+0000] {logging_mixin.py:190} INFO - [2026-04-24T08:24:59.816+0000] {dagbag.py:588} INFO - Filling up the DagBag from /home/airflow/.local/lib/python3.12/site-packages/airflow/example_dags/example_params_trigger_ui.py
[2026-04-24T08:24:59.820+0000] {processor.py:925} INFO - DAG(s) 'example_params_trigger_ui' retrieved from /home/airflow/.local/lib/python3.12/site-packages/airflow/example_dags/example_params_trigger_ui.py
[2026-04-24T08:24:59.833+0000] {logging_mixin.py:190} INFO - [2026-04-24T08:24:59.833+0000] {dag.py:3239} INFO - Sync 1 DAGs
[2026-04-24T08:24:59.839+0000] {logging_mixin.py:190} INFO - [2026-04-24T08:24:59.838+0000] {dag.py:4180} INFO - Setting next_dagrun for example_params_trigger_ui to None, run_after=None
[2026-04-24T08:24:59.846+0000] {processor.py:208} INFO - Processing /home/airflow/.local/lib/python3.12/site-packages/airflow/example_dags/example_params_trigger_ui.py took 0.034 seconds
[2026-04-24T08:26:53.282+0000] {processor.py:186} INFO - Started process (PID=66604) to work on /home/airflow/.local/lib/python3.12/site-packages/airflow/example_dags/example_params_trigger_ui.py
[2026-04-24T08:26:53.283+0000] {processor.py:914} INFO - Processing file /home/airflow/.local/lib/python3.12/site-packages/airflow/example_dags/example_params_trigger_ui.py for tasks to queue
[2026-04-24T08:26:53.284+0000] {logging_mixin.py:190} INFO - [2026-04-24T08:26:53.284+0000] {dagbag.py:588} INFO - Filling up the DagBag from /home/airflow/.local/lib/python3.12/site-packages/airflow/example_dags/example_params_trigger_ui.py
[2026-04-24T08:26:53.292+0000] {processor.py:925} INFO - DAG(s) 'example_params_trigger_ui' retrieved from /home/airflow/.local/lib/python3.12/site-packages/airflow/example_dags/example_params_trigger_ui.py
[2026-04-24T08:26:53.310+0000] {logging_mixin.py:190} INFO - [2026-04-24T08:26:53.310+0000] {dag.py:3239} INFO - Sync 1 DAGs
[2026-04-24T08:26:53.315+0000] {logging_mixin.py:190} INFO - [2026-04-24T08:26:53.315+0000] {dag.py:4180} INFO - Setting next_dagrun for example_params_trigger_ui to None, run_after=None
[2026-04-24T08:26:53.321+0000] {processor.py:208} INFO - Processing /home/airflow/.local/lib/python3.12/site-packages/airflow/example_dags/example_params_trigger_ui.py took 0.041 seconds
[2026-04-24T08:27:23.486+0000] {processor.py:186} INFO - Started process (PID=66668) to work on /home/airflow/.local/lib/python3.12/site-packages/airflow/example_dags/example_params_trigger_ui.py
[2026-04-24T08:27:23.486+0000] {processor.py:914} INFO - Processing file /home/airflow/.local/lib/python3.12/site-packages/airflow/example_dags/example_params_trigger_ui.py for tasks to queue
[2026-04-24T08:27:23.487+0000] {logging_mixin.py:190} INFO - [2026-04-24T08:27:23.487+0000] {dagbag.py:588} INFO - Filling up the DagBag from /home/airflow/.local/lib/python3.12/site-packages/airflow/example_dags/example_params_trigger_ui.py
[2026-04-24T08:27:23.491+0000] {processor.py:925} INFO - DAG(s) 'example_params_trigger_ui' retrieved from /home/airflow/.local/lib/python3.12/site-packages/airflow/example_dags/example_params_trigger_ui.py
[2026-04-24T08:27:23.507+0000] {logging_mixin.py:190} INFO - [2026-04-24T08:27:23.507+0000] {dag.py:3239} INFO - Sync 1 DAGs
[2026-04-24T08:27:23.512+0000] {logging_mixin.py:190} INFO - [2026-04-24T08:27:23.512+0000] {dag.py:4180} INFO - Setting next_dagrun for example_params_trigger_ui to None, run_after=None
[2026-04-24T08:27:23.524+0000] {processor.py:208} INFO - Processing /home/airflow/.local/lib/python3.12/site-packages/airflow/example_dags/example_params_trigger_ui.py took 0.040 seconds
[2026-04-24T08:29:20.478+0000] {processor.py:186} INFO - Started process (PID=66732) to work on /home/airflow/.local/lib/python3.12/site-packages/airflow/example_dags/example_params_trigger_ui.py
[2026-04-24T08:29:20.479+0000] {processor.py:914} INFO - Processing file /home/airflow/.local/lib/python3.12/site-packages/airflow/example_dags/example_params_trigger_ui.py for tasks to queue
[2026-04-24T08:29:20.480+0000] {logging_mixin.py:190} INFO - [2026-04-24T08:29:20.480+0000] {dagbag.py:588} INFO - Filling up the DagBag from /home/airflow/.local/lib/python3.12/site-packages/airflow/example_dags/example_params_trigger_ui.py
[2026-04-24T08:29:20.484+0000] {processor.py:925} INFO - DAG(s) 'example_params_trigger_ui' retrieved from /home/airflow/.local/lib/python3.12/site-packages/airflow/example_dags/example_params_trigger_ui.py
[2026-04-24T08:29:20.502+0000] {logging_mixin.py:190} INFO - [2026-04-24T08:29:20.502+0000] {dag.py:3239} INFO - Sync 1 DAGs
[2026-04-24T08:29:20.510+0000] {logging_mixin.py:190} INFO - [2026-04-24T08:29:20.510+0000] {dag.py:4180} INFO - Setting next_dagrun for example_params_trigger_ui to None, run_after=None
[2026-04-24T08:29:20.517+0000] {processor.py:208} INFO - Processing /home/airflow/.local/lib/python3.12/site-packages/airflow/example_dags/example_params_trigger_ui.py took 0.041 seconds
[2026-04-24T08:31:12.520+0000] {processor.py:186} INFO - Started process (PID=66796) to work on /home/airflow/.local/lib/python3.12/site-packages/airflow/example_dags/example_params_trigger_ui.py
[2026-04-24T08:31:12.521+0000] {processor.py:914} INFO - Processing file /home/airflow/.local/lib/python3.12/site-packages/airflow/example_dags/example_params_trigger_ui.py for tasks to queue
[2026-04-24T08:31:12.522+0000] {logging_mixin.py:190} INFO - [2026-04-24T08:31:12.522+0000] {dagbag.py:588} INFO - Filling up the DagBag from /home/airflow/.local/lib/python3.12/site-packages/airflow/example_dags/example_params_trigger_ui.py
[2026-04-24T08:31:12.529+0000] {processor.py:925} INFO - DAG(s) 'example_params_trigger_ui' retrieved from /home/airflow/.local/lib/python3.12/site-packages/airflow/example_dags/example_params_trigger_ui.py
[2026-04-24T08:31:12.558+0000] {logging_mixin.py:190} INFO - [2026-04-24T08:31:12.558+0000] {dag.py:3239} INFO - Sync 1 DAGs
[2026-04-24T08:31:12.567+0000] {logging_mixin.py:190} INFO - [2026-04-24T08:31:12.567+0000] {dag.py:4180} INFO - Setting next_dagrun for example_params_trigger_ui to None, run_after=None
[2026-04-24T08:31:12.579+0000] {processor.py:208} INFO - Processing /home/airflow/.local/lib/python3.12/site-packages/airflow/example_dags/example_params_trigger_ui.py took 0.063 seconds
[2026-04-24T08:31:43.323+0000] {processor.py:186} INFO - Started process (PID=66860) to work on /home/airflow/.local/lib/python3.12/site-packages/airflow/example_dags/example_params_trigger_ui.py
[2026-04-24T08:31:43.324+0000] {processor.py:914} INFO - Processing file /home/airflow/.local/lib/python3.12/site-packages/airflow/example_dags/example_params_trigger_ui.py for tasks to queue
[2026-04-24T08:31:43.325+0000] {logging_mixin.py:190} INFO - [2026-04-24T08:31:43.325+0000] {dagbag.py:588} INFO - Filling up the DagBag from /home/airflow/.local/lib/python3.12/site-packages/airflow/example_dags/example_params_trigger_ui.py
[2026-04-24T08:31:43.329+0000] {processor.py:925} INFO - DAG(s) 'example_params_trigger_ui' retrieved from /home/airflow/.local/lib/python3.12/site-packages/airflow/example_dags/example_params_trigger_ui.py
[2026-04-24T08:31:43.349+0000] {logging_mixin.py:190} INFO - [2026-04-24T08:31:43.349+0000] {dag.py:3239} INFO - Sync 1 DAGs
[2026-04-24T08:31:43.357+0000] {logging_mixin.py:190} INFO - [2026-04-24T08:31:43.357+0000] {dag.py:4180} INFO - Setting next_dagrun for example_params_trigger_ui to None, run_after=None
[2026-04-24T08:31:43.364+0000] {processor.py:208} INFO - Processing /home/airflow/.local/lib/python3.12/site-packages/airflow/example_dags/example_params_trigger_ui.py took 0.043 seconds
[2026-04-24T08:33:35.413+0000] {processor.py:186} INFO - Started process (PID=66924) to work on /home/airflow/.local/lib/python3.12/site-packages/airflow/example_dags/example_params_trigger_ui.py
[2026-04-24T08:33:35.413+0000] {processor.py:914} INFO - Processing file /home/airflow/.local/lib/python3.12/site-packages/airflow/example_dags/example_params_trigger_ui.py for tasks to queue
[2026-04-24T08:33:35.415+0000] {logging_mixin.py:190} INFO - [2026-04-24T08:33:35.415+0000] {dagbag.py:588} INFO - Filling up the DagBag from /home/airflow/.local/lib/python3.12/site-packages/airflow/example_dags/example_params_trigger_ui.py
[2026-04-24T08:33:35.421+0000] {processor.py:925} INFO - DAG(s) 'example_params_trigger_ui' retrieved from /home/airflow/.local/lib/python3.12/site-packages/airflow/example_dags/example_params_trigger_ui.py
[2026-04-24T08:33:35.442+0000] {logging_mixin.py:190} INFO - [2026-04-24T08:33:35.442+0000] {dag.py:3239} INFO - Sync 1 DAGs
[2026-04-24T08:33:35.451+0000] {logging_mixin.py:190} INFO - [2026-04-24T08:33:35.450+0000] {dag.py:4180} INFO - Setting next_dagrun for example_params_trigger_ui to None, run_after=None
[2026-04-24T08:33:35.466+0000] {processor.py:208} INFO - Processing /home/airflow/.local/lib/python3.12/site-packages/airflow/example_dags/example_params_trigger_ui.py took 0.057 seconds
[2026-04-24T08:34:06.653+0000] {processor.py:186} INFO - Started process (PID=66988) to work on /home/airflow/.local/lib/python3.12/site-packages/airflow/example_dags/example_params_trigger_ui.py
[2026-04-24T08:34:06.653+0000] {processor.py:914} INFO - Processing file /home/airflow/.local/lib/python3.12/site-packages/airflow/example_dags/example_params_trigger_ui.py for tasks to queue
[2026-04-24T08:34:06.654+0000] {logging_mixin.py:190} INFO - [2026-04-24T08:34:06.654+0000] {dagbag.py:588} INFO - Filling up the DagBag from /home/airflow/.local/lib/python3.12/site-packages/airflow/example_dags/example_params_trigger_ui.py
[2026-04-24T08:34:06.659+0000] {processor.py:925} INFO - DAG(s) 'example_params_trigger_ui' retrieved from /home/airflow/.local/lib/python3.12/site-packages/airflow/example_dags/example_params_trigger_ui.py
[2026-04-24T08:34:06.674+0000] {logging_mixin.py:190} INFO - [2026-04-24T08:34:06.674+0000] {dag.py:3239} INFO - Sync 1 DAGs
[2026-04-24T08:34:06.679+0000] {logging_mixin.py:190} INFO - [2026-04-24T08:34:06.679+0000] {dag.py:4180} INFO - Setting next_dagrun for example_params_trigger_ui to None, run_after=None
[2026-04-24T08:34:06.686+0000] {processor.py:208} INFO - Processing /home/airflow/.local/lib/python3.12/site-packages/airflow/example_dags/example_params_trigger_ui.py took 0.036 seconds
[2026-04-24T08:36:02.212+0000] {processor.py:186} INFO - Started process (PID=67052) to work on /home/airflow/.local/lib/python3.12/site-packages/airflow/example_dags/example_params_trigger_ui.py
[2026-04-24T08:36:02.212+0000] {processor.py:914} INFO - Processing file /home/airflow/.local/lib/python3.12/site-packages/airflow/example_dags/example_params_trigger_ui.py for tasks to queue
[2026-04-24T08:36:02.213+0000] {logging_mixin.py:190} INFO - [2026-04-24T08:36:02.213+0000] {dagbag.py:588} INFO - Filling up the DagBag from /home/airflow/.local/lib/python3.12/site-packages/airflow/example_dags/example_params_trigger_ui.py
[2026-04-24T08:36:02.217+0000] {processor.py:925} INFO - DAG(s) 'example_params_trigger_ui' retrieved from /home/airflow/.local/lib/python3.12/site-packages/airflow/example_dags/example_params_trigger_ui.py
[2026-04-24T08:36:02.230+0000] {logging_mixin.py:190} INFO - [2026-04-24T08:36:02.230+0000] {dag.py:3239} INFO - Sync 1 DAGs
[2026-04-24T08:36:02.235+0000] {logging_mixin.py:190} INFO - [2026-04-24T08:36:02.235+0000] {dag.py:4180} INFO - Setting next_dagrun for example_params_trigger_ui to None, run_after=None
[2026-04-24T08:36:02.241+0000] {processor.py:208} INFO - Processing /home/airflow/.local/lib/python3.12/site-packages/airflow/example_dags/example_params_trigger_ui.py took 0.032 seconds
[2026-04-24T08:37:56.036+0000] {processor.py:186} INFO - Started process (PID=67116) to work on /home/airflow/.local/lib/python3.12/site-packages/airflow/example_dags/example_params_trigger_ui.py
[2026-04-24T08:37:56.037+0000] {processor.py:914} INFO - Processing file /home/airflow/.local/lib/python3.12/site-packages/airflow/example_dags/example_params_trigger_ui.py for tasks to queue
[2026-04-24T08:37:56.038+0000] {logging_mixin.py:190} INFO - [2026-04-24T08:37:56.038+0000] {dagbag.py:588} INFO - Filling up the DagBag from /home/airflow/.local/lib/python3.12/site-packages/airflow/example_dags/example_params_trigger_ui.py
[2026-04-24T08:37:56.045+0000] {processor.py:925} INFO - DAG(s) 'example_params_trigger_ui' retrieved from /home/airflow/.local/lib/python3.12/site-packages/airflow/example_dags/example_params_trigger_ui.py
[2026-04-24T08:37:56.063+0000] {logging_mixin.py:190} INFO - [2026-04-24T08:37:56.063+0000] {dag.py:3239} INFO - Sync 1 DAGs
[2026-04-24T08:37:56.070+0000] {logging_mixin.py:190} INFO - [2026-04-24T08:37:56.070+0000] {dag.py:4180} INFO - Setting next_dagrun for example_params_trigger_ui to None, run_after=None
[2026-04-24T08:37:56.077+0000] {processor.py:208} INFO - Processing /home/airflow/.local/lib/python3.12/site-packages/airflow/example_dags/example_params_trigger_ui.py took 0.044 seconds
[2026-04-24T08:38:26.538+0000] {processor.py:186} INFO - Started process (PID=67180) to work on /home/airflow/.local/lib/python3.12/site-packages/airflow/example_dags/example_params_trigger_ui.py
[2026-04-24T08:38:26.538+0000] {processor.py:914} INFO - Processing file /home/airflow/.local/lib/python3.12/site-packages/airflow/example_dags/example_params_trigger_ui.py for tasks to queue
[2026-04-24T08:38:26.539+0000] {logging_mixin.py:190} INFO - [2026-04-24T08:38:26.539+0000] {dagbag.py:588} INFO - Filling up the DagBag from /home/airflow/.local/lib/python3.12/site-packages/airflow/example_dags/example_params_trigger_ui.py
[2026-04-24T08:38:26.544+0000] {processor.py:925} INFO - DAG(s) 'example_params_trigger_ui' retrieved from /home/airflow/.local/lib/python3.12/site-packages/airflow/example_dags/example_params_trigger_ui.py
[2026-04-24T08:38:26.557+0000] {logging_mixin.py:190} INFO - [2026-04-24T08:38:26.557+0000] {dag.py:3239} INFO - Sync 1 DAGs
[2026-04-24T08:38:26.562+0000] {logging_mixin.py:190} INFO - [2026-04-24T08:38:26.562+0000] {dag.py:4180} INFO - Setting next_dagrun for example_params_trigger_ui to None, run_after=None
[2026-04-24T08:38:26.568+0000] {processor.py:208} INFO - Processing /home/airflow/.local/lib/python3.12/site-packages/airflow/example_dags/example_params_trigger_ui.py took 0.032 seconds
[2026-04-24T08:40:28.887+0000] {processor.py:186} INFO - Started process (PID=67244) to work on /home/airflow/.local/lib/python3.12/site-packages/airflow/example_dags/example_params_trigger_ui.py
[2026-04-24T08:40:28.888+0000] {processor.py:914} INFO - Processing file /home/airflow/.local/lib/python3.12/site-packages/airflow/example_dags/example_params_trigger_ui.py for tasks to queue
[2026-04-24T08:40:28.889+0000] {logging_mixin.py:190} INFO - [2026-04-24T08:40:28.889+0000] {dagbag.py:588} INFO - Filling up the DagBag from /home/airflow/.local/lib/python3.12/site-packages/airflow/example_dags/example_params_trigger_ui.py
[2026-04-24T08:40:28.893+0000] {processor.py:925} INFO - DAG(s) 'example_params_trigger_ui' retrieved from /home/airflow/.local/lib/python3.12/site-packages/airflow/example_dags/example_params_trigger_ui.py
[2026-04-24T08:40:28.907+0000] {logging_mixin.py:190} INFO - [2026-04-24T08:40:28.907+0000] {dag.py:3239} INFO - Sync 1 DAGs
[2026-04-24T08:40:28.913+0000] {logging_mixin.py:190} INFO - [2026-04-24T08:40:28.912+0000] {dag.py:4180} INFO - Setting next_dagrun for example_params_trigger_ui to None, run_after=None
[2026-04-24T08:40:28.919+0000] {processor.py:208} INFO - Processing /home/airflow/.local/lib/python3.12/site-packages/airflow/example_dags/example_params_trigger_ui.py took 0.034 seconds
[2026-04-24T08:42:21.581+0000] {processor.py:186} INFO - Started process (PID=67308) to work on /home/airflow/.local/lib/python3.12/site-packages/airflow/example_dags/example_params_trigger_ui.py
[2026-04-24T08:42:21.581+0000] {processor.py:914} INFO - Processing file /home/airflow/.local/lib/python3.12/site-packages/airflow/example_dags/example_params_trigger_ui.py for tasks to queue
[2026-04-24T08:42:21.582+0000] {logging_mixin.py:190} INFO - [2026-04-24T08:42:21.582+0000] {dagbag.py:588} INFO - Filling up the DagBag from /home/airflow/.local/lib/python3.12/site-packages/airflow/example_dags/example_params_trigger_ui.py
[2026-04-24T08:42:21.586+0000] {processor.py:925} INFO - DAG(s) 'example_params_trigger_ui' retrieved from /home/airflow/.local/lib/python3.12/site-packages/airflow/example_dags/example_params_trigger_ui.py
[2026-04-24T08:42:21.601+0000] {logging_mixin.py:190} INFO - [2026-04-24T08:42:21.601+0000] {dag.py:3239} INFO - Sync 1 DAGs
[2026-04-24T08:42:21.606+0000] {logging_mixin.py:190} INFO - [2026-04-24T08:42:21.606+0000] {dag.py:4180} INFO - Setting next_dagrun for example_params_trigger_ui to None, run_after=None
[2026-04-24T08:42:21.613+0000] {processor.py:208} INFO - Processing /home/airflow/.local/lib/python3.12/site-packages/airflow/example_dags/example_params_trigger_ui.py took 0.034 seconds
[2026-04-24T08:42:51.723+0000] {processor.py:186} INFO - Started process (PID=67371) to work on /home/airflow/.local/lib/python3.12/site-packages/airflow/example_dags/example_params_trigger_ui.py
[2026-04-24T08:42:51.725+0000] {processor.py:914} INFO - Processing file /home/airflow/.local/lib/python3.12/site-packages/airflow/example_dags/example_params_trigger_ui.py for tasks to queue
[2026-04-24T08:42:51.726+0000] {logging_mixin.py:190} INFO - [2026-04-24T08:42:51.726+0000] {dagbag.py:588} INFO - Filling up the DagBag from /home/airflow/.local/lib/python3.12/site-packages/airflow/example_dags/example_params_trigger_ui.py
[2026-04-24T08:42:51.730+0000] {processor.py:925} INFO - DAG(s) 'example_params_trigger_ui' retrieved from /home/airflow/.local/lib/python3.12/site-packages/airflow/example_dags/example_params_trigger_ui.py
[2026-04-24T08:42:51.748+0000] {logging_mixin.py:190} INFO - [2026-04-24T08:42:51.748+0000] {dag.py:3239} INFO - Sync 1 DAGs
[2026-04-24T08:42:51.753+0000] {logging_mixin.py:190} INFO - [2026-04-24T08:42:51.753+0000] {dag.py:4180} INFO - Setting next_dagrun for example_params_trigger_ui to None, run_after=None
[2026-04-24T08:42:51.759+0000] {processor.py:208} INFO - Processing /home/airflow/.local/lib/python3.12/site-packages/airflow/example_dags/example_params_trigger_ui.py took 0.038 seconds
[2026-04-24T08:44:47.338+0000] {processor.py:186} INFO - Started process (PID=67436) to work on /home/airflow/.local/lib/python3.12/site-packages/airflow/example_dags/example_params_trigger_ui.py
[2026-04-24T08:44:47.338+0000] {processor.py:914} INFO - Processing file /home/airflow/.local/lib/python3.12/site-packages/airflow/example_dags/example_params_trigger_ui.py for tasks to queue
[2026-04-24T08:44:47.339+0000] {logging_mixin.py:190} INFO - [2026-04-24T08:44:47.339+0000] {dagbag.py:588} INFO - Filling up the DagBag from /home/airflow/.local/lib/python3.12/site-packages/airflow/example_dags/example_params_trigger_ui.py
[2026-04-24T08:44:47.344+0000] {processor.py:925} INFO - DAG(s) 'example_params_trigger_ui' retrieved from /home/airflow/.local/lib/python3.12/site-packages/airflow/example_dags/example_params_trigger_ui.py
[2026-04-24T08:44:47.362+0000] {logging_mixin.py:190} INFO - [2026-04-24T08:44:47.361+0000] {dag.py:3239} INFO - Sync 1 DAGs
[2026-04-24T08:44:47.368+0000] {logging_mixin.py:190} INFO - [2026-04-24T08:44:47.368+0000] {dag.py:4180} INFO - Setting next_dagrun for example_params_trigger_ui to None, run_after=None
[2026-04-24T08:44:47.374+0000] {processor.py:208} INFO - Processing /home/airflow/.local/lib/python3.12/site-packages/airflow/example_dags/example_params_trigger_ui.py took 0.039 seconds
[2026-04-24T08:46:44.132+0000] {processor.py:186} INFO - Started process (PID=67500) to work on /home/airflow/.local/lib/python3.12/site-packages/airflow/example_dags/example_params_trigger_ui.py
[2026-04-24T08:46:44.132+0000] {processor.py:914} INFO - Processing file /home/airflow/.local/lib/python3.12/site-packages/airflow/example_dags/example_params_trigger_ui.py for tasks to queue
[2026-04-24T08:46:44.133+0000] {logging_mixin.py:190} INFO - [2026-04-24T08:46:44.133+0000] {dagbag.py:588} INFO - Filling up the DagBag from /home/airflow/.local/lib/python3.12/site-packages/airflow/example_dags/example_params_trigger_ui.py
[2026-04-24T08:46:44.138+0000] {processor.py:925} INFO - DAG(s) 'example_params_trigger_ui' retrieved from /home/airflow/.local/lib/python3.12/site-packages/airflow/example_dags/example_params_trigger_ui.py
[2026-04-24T08:46:44.154+0000] {logging_mixin.py:190} INFO - [2026-04-24T08:46:44.154+0000] {dag.py:3239} INFO - Sync 1 DAGs
[2026-04-24T08:46:44.161+0000] {logging_mixin.py:190} INFO - [2026-04-24T08:46:44.161+0000] {dag.py:4180} INFO - Setting next_dagrun for example_params_trigger_ui to None, run_after=None
[2026-04-24T08:46:44.167+0000] {processor.py:208} INFO - Processing /home/airflow/.local/lib/python3.12/site-packages/airflow/example_dags/example_params_trigger_ui.py took 0.038 seconds
[2026-04-24T08:47:14.409+0000] {processor.py:186} INFO - Started process (PID=67564) to work on /home/airflow/.local/lib/python3.12/site-packages/airflow/example_dags/example_params_trigger_ui.py
[2026-04-24T08:47:14.410+0000] {processor.py:914} INFO - Processing file /home/airflow/.local/lib/python3.12/site-packages/airflow/example_dags/example_params_trigger_ui.py for tasks to queue
[2026-04-24T08:47:14.411+0000] {logging_mixin.py:190} INFO - [2026-04-24T08:47:14.410+0000] {dagbag.py:588} INFO - Filling up the DagBag from /home/airflow/.local/lib/python3.12/site-packages/airflow/example_dags/example_params_trigger_ui.py
[2026-04-24T08:47:14.415+0000] {processor.py:925} INFO - DAG(s) 'example_params_trigger_ui' retrieved from /home/airflow/.local/lib/python3.12/site-packages/airflow/example_dags/example_params_trigger_ui.py
[2026-04-24T08:47:14.428+0000] {logging_mixin.py:190} INFO - [2026-04-24T08:47:14.428+0000] {dag.py:3239} INFO - Sync 1 DAGs
[2026-04-24T08:47:14.435+0000] {logging_mixin.py:190} INFO - [2026-04-24T08:47:14.435+0000] {dag.py:4180} INFO - Setting next_dagrun for example_params_trigger_ui to None, run_after=None
[2026-04-24T08:47:14.443+0000] {processor.py:208} INFO - Processing /home/airflow/.local/lib/python3.12/site-packages/airflow/example_dags/example_params_trigger_ui.py took 0.036 seconds
[2026-04-24T08:49:06.031+0000] {processor.py:186} INFO - Started process (PID=67628) to work on /home/airflow/.local/lib/python3.12/site-packages/airflow/example_dags/example_params_trigger_ui.py
[2026-04-24T08:49:06.031+0000] {processor.py:914} INFO - Processing file /home/airflow/.local/lib/python3.12/site-packages/airflow/example_dags/example_params_trigger_ui.py for tasks to queue
[2026-04-24T08:49:06.032+0000] {logging_mixin.py:190} INFO - [2026-04-24T08:49:06.032+0000] {dagbag.py:588} INFO - Filling up the DagBag from /home/airflow/.local/lib/python3.12/site-packages/airflow/example_dags/example_params_trigger_ui.py
[2026-04-24T08:49:06.037+0000] {processor.py:925} INFO - DAG(s) 'example_params_trigger_ui' retrieved from /home/airflow/.local/lib/python3.12/site-packages/airflow/example_dags/example_params_trigger_ui.py
[2026-04-24T08:49:06.053+0000] {logging_mixin.py:190} INFO - [2026-04-24T08:49:06.053+0000] {dag.py:3239} INFO - Sync 1 DAGs
[2026-04-24T08:49:06.059+0000] {logging_mixin.py:190} INFO - [2026-04-24T08:49:06.058+0000] {dag.py:4180} INFO - Setting next_dagrun for example_params_trigger_ui to None, run_after=None
[2026-04-24T08:49:06.065+0000] {processor.py:208} INFO - Processing /home/airflow/.local/lib/python3.12/site-packages/airflow/example_dags/example_params_trigger_ui.py took 0.037 seconds
[2026-04-24T08:49:36.633+0000] {processor.py:186} INFO - Started process (PID=67692) to work on /home/airflow/.local/lib/python3.12/site-packages/airflow/example_dags/example_params_trigger_ui.py
[2026-04-24T08:49:36.633+0000] {processor.py:914} INFO - Processing file /home/airflow/.local/lib/python3.12/site-packages/airflow/example_dags/example_params_trigger_ui.py for tasks to queue
[2026-04-24T08:49:36.635+0000] {logging_mixin.py:190} INFO - [2026-04-24T08:49:36.634+0000] {dagbag.py:588} INFO - Filling up the DagBag from /home/airflow/.local/lib/python3.12/site-packages/airflow/example_dags/example_params_trigger_ui.py
[2026-04-24T08:49:36.639+0000] {processor.py:925} INFO - DAG(s) 'example_params_trigger_ui' retrieved from /home/airflow/.local/lib/python3.12/site-packages/airflow/example_dags/example_params_trigger_ui.py
[2026-04-24T08:49:36.654+0000] {logging_mixin.py:190} INFO - [2026-04-24T08:49:36.654+0000] {dag.py:3239} INFO - Sync 1 DAGs
[2026-04-24T08:49:36.660+0000] {logging_mixin.py:190} INFO - [2026-04-24T08:49:36.660+0000] {dag.py:4180} INFO - Setting next_dagrun for example_params_trigger_ui to None, run_after=None
[2026-04-24T08:49:36.666+0000] {processor.py:208} INFO - Processing /home/airflow/.local/lib/python3.12/site-packages/airflow/example_dags/example_params_trigger_ui.py took 0.035 seconds
[2026-04-24T08:51:27.750+0000] {processor.py:186} INFO - Started process (PID=67756) to work on /home/airflow/.local/lib/python3.12/site-packages/airflow/example_dags/example_params_trigger_ui.py
[2026-04-24T08:51:27.751+0000] {processor.py:914} INFO - Processing file /home/airflow/.local/lib/python3.12/site-packages/airflow/example_dags/example_params_trigger_ui.py for tasks to queue
[2026-04-24T08:51:27.752+0000] {logging_mixin.py:190} INFO - [2026-04-24T08:51:27.752+0000] {dagbag.py:588} INFO - Filling up the DagBag from /home/airflow/.local/lib/python3.12/site-packages/airflow/example_dags/example_params_trigger_ui.py
[2026-04-24T08:51:27.758+0000] {processor.py:925} INFO - DAG(s) 'example_params_trigger_ui' retrieved from /home/airflow/.local/lib/python3.12/site-packages/airflow/example_dags/example_params_trigger_ui.py
[2026-04-24T08:51:27.782+0000] {logging_mixin.py:190} INFO - [2026-04-24T08:51:27.781+0000] {dag.py:3239} INFO - Sync 1 DAGs
[2026-04-24T08:51:27.795+0000] {logging_mixin.py:190} INFO - [2026-04-24T08:51:27.795+0000] {dag.py:4180} INFO - Setting next_dagrun for example_params_trigger_ui to None, run_after=None
[2026-04-24T08:51:27.802+0000] {processor.py:208} INFO - Processing /home/airflow/.local/lib/python3.12/site-packages/airflow/example_dags/example_params_trigger_ui.py took 0.055 seconds
[2026-04-24T08:53:24.983+0000] {processor.py:186} INFO - Started process (PID=67820) to work on /home/airflow/.local/lib/python3.12/site-packages/airflow/example_dags/example_params_trigger_ui.py
[2026-04-24T08:53:24.984+0000] {processor.py:914} INFO - Processing file /home/airflow/.local/lib/python3.12/site-packages/airflow/example_dags/example_params_trigger_ui.py for tasks to queue
[2026-04-24T08:53:24.985+0000] {logging_mixin.py:190} INFO - [2026-04-24T08:53:24.985+0000] {dagbag.py:588} INFO - Filling up the DagBag from /home/airflow/.local/lib/python3.12/site-packages/airflow/example_dags/example_params_trigger_ui.py
[2026-04-24T08:53:24.990+0000] {processor.py:925} INFO - DAG(s) 'example_params_trigger_ui' retrieved from /home/airflow/.local/lib/python3.12/site-packages/airflow/example_dags/example_params_trigger_ui.py
[2026-04-24T08:53:25.006+0000] {logging_mixin.py:190} INFO - [2026-04-24T08:53:25.006+0000] {dag.py:3239} INFO - Sync 1 DAGs
[2026-04-24T08:53:25.012+0000] {logging_mixin.py:190} INFO - [2026-04-24T08:53:25.012+0000] {dag.py:4180} INFO - Setting next_dagrun for example_params_trigger_ui to None, run_after=None
[2026-04-24T08:53:25.019+0000] {processor.py:208} INFO - Processing /home/airflow/.local/lib/python3.12/site-packages/airflow/example_dags/example_params_trigger_ui.py took 0.038 seconds
[2026-04-24T08:53:55.317+0000] {processor.py:186} INFO - Started process (PID=67883) to work on /home/airflow/.local/lib/python3.12/site-packages/airflow/example_dags/example_params_trigger_ui.py
[2026-04-24T08:53:55.318+0000] {processor.py:914} INFO - Processing file /home/airflow/.local/lib/python3.12/site-packages/airflow/example_dags/example_params_trigger_ui.py for tasks to queue
[2026-04-24T08:53:55.319+0000] {logging_mixin.py:190} INFO - [2026-04-24T08:53:55.319+0000] {dagbag.py:588} INFO - Filling up the DagBag from /home/airflow/.local/lib/python3.12/site-packages/airflow/example_dags/example_params_trigger_ui.py
[2026-04-24T08:53:55.323+0000] {processor.py:925} INFO - DAG(s) 'example_params_trigger_ui' retrieved from /home/airflow/.local/lib/python3.12/site-packages/airflow/example_dags/example_params_trigger_ui.py
[2026-04-24T08:53:55.341+0000] {logging_mixin.py:190} INFO - [2026-04-24T08:53:55.341+0000] {dag.py:3239} INFO - Sync 1 DAGs
[2026-04-24T08:53:55.346+0000] {logging_mixin.py:190} INFO - [2026-04-24T08:53:55.346+0000] {dag.py:4180} INFO - Setting next_dagrun for example_params_trigger_ui to None, run_after=None
[2026-04-24T08:53:55.353+0000] {processor.py:208} INFO - Processing /home/airflow/.local/lib/python3.12/site-packages/airflow/example_dags/example_params_trigger_ui.py took 0.039 seconds
[2026-04-24T08:55:49.031+0000] {processor.py:186} INFO - Started process (PID=67948) to work on /home/airflow/.local/lib/python3.12/site-packages/airflow/example_dags/example_params_trigger_ui.py
[2026-04-24T08:55:49.031+0000] {processor.py:914} INFO - Processing file /home/airflow/.local/lib/python3.12/site-packages/airflow/example_dags/example_params_trigger_ui.py for tasks to queue
[2026-04-24T08:55:49.032+0000] {logging_mixin.py:190} INFO - [2026-04-24T08:55:49.032+0000] {dagbag.py:588} INFO - Filling up the DagBag from /home/airflow/.local/lib/python3.12/site-packages/airflow/example_dags/example_params_trigger_ui.py
[2026-04-24T08:55:49.037+0000] {processor.py:925} INFO - DAG(s) 'example_params_trigger_ui' retrieved from /home/airflow/.local/lib/python3.12/site-packages/airflow/example_dags/example_params_trigger_ui.py
[2026-04-24T08:55:49.057+0000] {logging_mixin.py:190} INFO - [2026-04-24T08:55:49.057+0000] {dag.py:3239} INFO - Sync 1 DAGs
[2026-04-24T08:55:49.064+0000] {logging_mixin.py:190} INFO - [2026-04-24T08:55:49.063+0000] {dag.py:4180} INFO - Setting next_dagrun for example_params_trigger_ui to None, run_after=None
[2026-04-24T08:55:49.073+0000] {processor.py:208} INFO - Processing /home/airflow/.local/lib/python3.12/site-packages/airflow/example_dags/example_params_trigger_ui.py took 0.044 seconds
[2026-04-24T08:57:44.404+0000] {processor.py:186} INFO - Started process (PID=68012) to work on /home/airflow/.local/lib/python3.12/site-packages/airflow/example_dags/example_params_trigger_ui.py
[2026-04-24T08:57:44.404+0000] {processor.py:914} INFO - Processing file /home/airflow/.local/lib/python3.12/site-packages/airflow/example_dags/example_params_trigger_ui.py for tasks to queue
[2026-04-24T08:57:44.405+0000] {logging_mixin.py:190} INFO - [2026-04-24T08:57:44.405+0000] {dagbag.py:588} INFO - Filling up the DagBag from /home/airflow/.local/lib/python3.12/site-packages/airflow/example_dags/example_params_trigger_ui.py
[2026-04-24T08:57:44.410+0000] {processor.py:925} INFO - DAG(s) 'example_params_trigger_ui' retrieved from /home/airflow/.local/lib/python3.12/site-packages/airflow/example_dags/example_params_trigger_ui.py
[2026-04-24T08:57:44.426+0000] {logging_mixin.py:190} INFO - [2026-04-24T08:57:44.426+0000] {dag.py:3239} INFO - Sync 1 DAGs
[2026-04-24T08:57:44.431+0000] {logging_mixin.py:190} INFO - [2026-04-24T08:57:44.431+0000] {dag.py:4180} INFO - Setting next_dagrun for example_params_trigger_ui to None, run_after=None
[2026-04-24T08:57:44.437+0000] {processor.py:208} INFO - Processing /home/airflow/.local/lib/python3.12/site-packages/airflow/example_dags/example_params_trigger_ui.py took 0.036 seconds
[2026-04-24T08:58:14.730+0000] {processor.py:186} INFO - Started process (PID=68076) to work on /home/airflow/.local/lib/python3.12/site-packages/airflow/example_dags/example_params_trigger_ui.py
[2026-04-24T08:58:14.731+0000] {processor.py:914} INFO - Processing file /home/airflow/.local/lib/python3.12/site-packages/airflow/example_dags/example_params_trigger_ui.py for tasks to queue
[2026-04-24T08:58:14.732+0000] {logging_mixin.py:190} INFO - [2026-04-24T08:58:14.731+0000] {dagbag.py:588} INFO - Filling up the DagBag from /home/airflow/.local/lib/python3.12/site-packages/airflow/example_dags/example_params_trigger_ui.py
[2026-04-24T08:58:14.736+0000] {processor.py:925} INFO - DAG(s) 'example_params_trigger_ui' retrieved from /home/airflow/.local/lib/python3.12/site-packages/airflow/example_dags/example_params_trigger_ui.py
[2026-04-24T08:58:14.748+0000] {logging_mixin.py:190} INFO - [2026-04-24T08:58:14.748+0000] {dag.py:3239} INFO - Sync 1 DAGs
[2026-04-24T08:58:14.753+0000] {logging_mixin.py:190} INFO - [2026-04-24T08:58:14.753+0000] {dag.py:4180} INFO - Setting next_dagrun for example_params_trigger_ui to None, run_after=None
[2026-04-24T08:58:14.758+0000] {processor.py:208} INFO - Processing /home/airflow/.local/lib/python3.12/site-packages/airflow/example_dags/example_params_trigger_ui.py took 0.030 seconds
[2026-04-24T09:00:06.353+0000] {processor.py:186} INFO - Started process (PID=68140) to work on /home/airflow/.local/lib/python3.12/site-packages/airflow/example_dags/example_params_trigger_ui.py
[2026-04-24T09:00:06.353+0000] {processor.py:914} INFO - Processing file /home/airflow/.local/lib/python3.12/site-packages/airflow/example_dags/example_params_trigger_ui.py for tasks to queue
[2026-04-24T09:00:06.354+0000] {logging_mixin.py:190} INFO - [2026-04-24T09:00:06.354+0000] {dagbag.py:588} INFO - Filling up the DagBag from /home/airflow/.local/lib/python3.12/site-packages/airflow/example_dags/example_params_trigger_ui.py
[2026-04-24T09:00:06.358+0000] {processor.py:925} INFO - DAG(s) 'example_params_trigger_ui' retrieved from /home/airflow/.local/lib/python3.12/site-packages/airflow/example_dags/example_params_trigger_ui.py
[2026-04-24T09:00:06.373+0000] {logging_mixin.py:190} INFO - [2026-04-24T09:00:06.373+0000] {dag.py:3239} INFO - Sync 1 DAGs
[2026-04-24T09:00:06.378+0000] {logging_mixin.py:190} INFO - [2026-04-24T09:00:06.378+0000] {dag.py:4180} INFO - Setting next_dagrun for example_params_trigger_ui to None, run_after=None
[2026-04-24T09:00:06.383+0000] {processor.py:208} INFO - Processing /home/airflow/.local/lib/python3.12/site-packages/airflow/example_dags/example_params_trigger_ui.py took 0.033 seconds
[2026-04-24T09:01:55.137+0000] {processor.py:186} INFO - Started process (PID=68204) to work on /home/airflow/.local/lib/python3.12/site-packages/airflow/example_dags/example_params_trigger_ui.py
[2026-04-24T09:01:55.138+0000] {processor.py:914} INFO - Processing file /home/airflow/.local/lib/python3.12/site-packages/airflow/example_dags/example_params_trigger_ui.py for tasks to queue
[2026-04-24T09:01:55.139+0000] {logging_mixin.py:190} INFO - [2026-04-24T09:01:55.139+0000] {dagbag.py:588} INFO - Filling up the DagBag from /home/airflow/.local/lib/python3.12/site-packages/airflow/example_dags/example_params_trigger_ui.py
[2026-04-24T09:01:55.144+0000] {processor.py:925} INFO - DAG(s) 'example_params_trigger_ui' retrieved from /home/airflow/.local/lib/python3.12/site-packages/airflow/example_dags/example_params_trigger_ui.py
[2026-04-24T09:01:55.159+0000] {logging_mixin.py:190} INFO - [2026-04-24T09:01:55.159+0000] {dag.py:3239} INFO - Sync 1 DAGs
[2026-04-24T09:01:55.165+0000] {logging_mixin.py:190} INFO - [2026-04-24T09:01:55.165+0000] {dag.py:4180} INFO - Setting next_dagrun for example_params_trigger_ui to None, run_after=None
[2026-04-24T09:01:55.171+0000] {processor.py:208} INFO - Processing /home/airflow/.local/lib/python3.12/site-packages/airflow/example_dags/example_params_trigger_ui.py took 0.036 seconds
[2026-04-24T09:02:25.613+0000] {processor.py:186} INFO - Started process (PID=68268) to work on /home/airflow/.local/lib/python3.12/site-packages/airflow/example_dags/example_params_trigger_ui.py
[2026-04-24T09:02:25.614+0000] {processor.py:914} INFO - Processing file /home/airflow/.local/lib/python3.12/site-packages/airflow/example_dags/example_params_trigger_ui.py for tasks to queue
[2026-04-24T09:02:25.616+0000] {logging_mixin.py:190} INFO - [2026-04-24T09:02:25.616+0000] {dagbag.py:588} INFO - Filling up the DagBag from /home/airflow/.local/lib/python3.12/site-packages/airflow/example_dags/example_params_trigger_ui.py
[2026-04-24T09:02:25.620+0000] {processor.py:925} INFO - DAG(s) 'example_params_trigger_ui' retrieved from /home/airflow/.local/lib/python3.12/site-packages/airflow/example_dags/example_params_trigger_ui.py
[2026-04-24T09:02:25.643+0000] {logging_mixin.py:190} INFO - [2026-04-24T09:02:25.643+0000] {dag.py:3239} INFO - Sync 1 DAGs
[2026-04-24T09:02:25.649+0000] {logging_mixin.py:190} INFO - [2026-04-24T09:02:25.649+0000] {dag.py:4180} INFO - Setting next_dagrun for example_params_trigger_ui to None, run_after=None
[2026-04-24T09:02:25.656+0000] {processor.py:208} INFO - Processing /home/airflow/.local/lib/python3.12/site-packages/airflow/example_dags/example_params_trigger_ui.py took 0.045 seconds
[2026-04-24T09:04:16.232+0000] {processor.py:186} INFO - Started process (PID=68332) to work on /home/airflow/.local/lib/python3.12/site-packages/airflow/example_dags/example_params_trigger_ui.py
[2026-04-24T09:04:16.233+0000] {processor.py:914} INFO - Processing file /home/airflow/.local/lib/python3.12/site-packages/airflow/example_dags/example_params_trigger_ui.py for tasks to queue
[2026-04-24T09:04:16.234+0000] {logging_mixin.py:190} INFO - [2026-04-24T09:04:16.234+0000] {dagbag.py:588} INFO - Filling up the DagBag from /home/airflow/.local/lib/python3.12/site-packages/airflow/example_dags/example_params_trigger_ui.py
[2026-04-24T09:04:16.239+0000] {processor.py:925} INFO - DAG(s) 'example_params_trigger_ui' retrieved from /home/airflow/.local/lib/python3.12/site-packages/airflow/example_dags/example_params_trigger_ui.py
[2026-04-24T09:04:16.254+0000] {logging_mixin.py:190} INFO - [2026-04-24T09:04:16.254+0000] {dag.py:3239} INFO - Sync 1 DAGs
[2026-04-24T09:04:16.259+0000] {logging_mixin.py:190} INFO - [2026-04-24T09:04:16.259+0000] {dag.py:4180} INFO - Setting next_dagrun for example_params_trigger_ui to None, run_after=None
[2026-04-24T09:04:16.266+0000] {processor.py:208} INFO - Processing /home/airflow/.local/lib/python3.12/site-packages/airflow/example_dags/example_params_trigger_ui.py took 0.036 seconds
[2026-04-24T09:04:46.808+0000] {processor.py:186} INFO - Started process (PID=68396) to work on /home/airflow/.local/lib/python3.12/site-packages/airflow/example_dags/example_params_trigger_ui.py
[2026-04-24T09:04:46.808+0000] {processor.py:914} INFO - Processing file /home/airflow/.local/lib/python3.12/site-packages/airflow/example_dags/example_params_trigger_ui.py for tasks to queue
[2026-04-24T09:04:46.809+0000] {logging_mixin.py:190} INFO - [2026-04-24T09:04:46.809+0000] {dagbag.py:588} INFO - Filling up the DagBag from /home/airflow/.local/lib/python3.12/site-packages/airflow/example_dags/example_params_trigger_ui.py
[2026-04-24T09:04:46.814+0000] {processor.py:925} INFO - DAG(s) 'example_params_trigger_ui' retrieved from /home/airflow/.local/lib/python3.12/site-packages/airflow/example_dags/example_params_trigger_ui.py
[2026-04-24T09:04:46.827+0000] {logging_mixin.py:190} INFO - [2026-04-24T09:04:46.827+0000] {dag.py:3239} INFO - Sync 1 DAGs
[2026-04-24T09:04:46.831+0000] {logging_mixin.py:190} INFO - [2026-04-24T09:04:46.831+0000] {dag.py:4180} INFO - Setting next_dagrun for example_params_trigger_ui to None, run_after=None
[2026-04-24T09:04:46.836+0000] {processor.py:208} INFO - Processing /home/airflow/.local/lib/python3.12/site-packages/airflow/example_dags/example_params_trigger_ui.py took 0.031 seconds
[2026-04-24T09:06:39.370+0000] {processor.py:186} INFO - Started process (PID=68460) to work on /home/airflow/.local/lib/python3.12/site-packages/airflow/example_dags/example_params_trigger_ui.py
[2026-04-24T09:06:39.371+0000] {processor.py:914} INFO - Processing file /home/airflow/.local/lib/python3.12/site-packages/airflow/example_dags/example_params_trigger_ui.py for tasks to queue
[2026-04-24T09:06:39.372+0000] {logging_mixin.py:190} INFO - [2026-04-24T09:06:39.371+0000] {dagbag.py:588} INFO - Filling up the DagBag from /home/airflow/.local/lib/python3.12/site-packages/airflow/example_dags/example_params_trigger_ui.py
[2026-04-24T09:06:39.377+0000] {processor.py:925} INFO - DAG(s) 'example_params_trigger_ui' retrieved from /home/airflow/.local/lib/python3.12/site-packages/airflow/example_dags/example_params_trigger_ui.py
[2026-04-24T09:06:39.390+0000] {logging_mixin.py:190} INFO - [2026-04-24T09:06:39.390+0000] {dag.py:3239} INFO - Sync 1 DAGs
[2026-04-24T09:06:39.395+0000] {logging_mixin.py:190} INFO - [2026-04-24T09:06:39.395+0000] {dag.py:4180} INFO - Setting next_dagrun for example_params_trigger_ui to None, run_after=None
[2026-04-24T09:06:39.401+0000] {processor.py:208} INFO - Processing /home/airflow/.local/lib/python3.12/site-packages/airflow/example_dags/example_params_trigger_ui.py took 0.034 seconds
[2026-04-24T09:08:36.926+0000] {processor.py:186} INFO - Started process (PID=68524) to work on /home/airflow/.local/lib/python3.12/site-packages/airflow/example_dags/example_params_trigger_ui.py
[2026-04-24T09:08:36.927+0000] {processor.py:914} INFO - Processing file /home/airflow/.local/lib/python3.12/site-packages/airflow/example_dags/example_params_trigger_ui.py for tasks to queue
[2026-04-24T09:08:36.928+0000] {logging_mixin.py:190} INFO - [2026-04-24T09:08:36.928+0000] {dagbag.py:588} INFO - Filling up the DagBag from /home/airflow/.local/lib/python3.12/site-packages/airflow/example_dags/example_params_trigger_ui.py
[2026-04-24T09:08:36.933+0000] {processor.py:925} INFO - DAG(s) 'example_params_trigger_ui' retrieved from /home/airflow/.local/lib/python3.12/site-packages/airflow/example_dags/example_params_trigger_ui.py
[2026-04-24T09:08:36.948+0000] {logging_mixin.py:190} INFO - [2026-04-24T09:08:36.948+0000] {dag.py:3239} INFO - Sync 1 DAGs
[2026-04-24T09:08:36.954+0000] {logging_mixin.py:190} INFO - [2026-04-24T09:08:36.954+0000] {dag.py:4180} INFO - Setting next_dagrun for example_params_trigger_ui to None, run_after=None
[2026-04-24T09:08:36.960+0000] {processor.py:208} INFO - Processing /home/airflow/.local/lib/python3.12/site-packages/airflow/example_dags/example_params_trigger_ui.py took 0.037 seconds
[2026-04-24T09:09:08.280+0000] {processor.py:186} INFO - Started process (PID=68588) to work on /home/airflow/.local/lib/python3.12/site-packages/airflow/example_dags/example_params_trigger_ui.py
[2026-04-24T09:09:08.281+0000] {processor.py:914} INFO - Processing file /home/airflow/.local/lib/python3.12/site-packages/airflow/example_dags/example_params_trigger_ui.py for tasks to queue
[2026-04-24T09:09:08.283+0000] {logging_mixin.py:190} INFO - [2026-04-24T09:09:08.283+0000] {dagbag.py:588} INFO - Filling up the DagBag from /home/airflow/.local/lib/python3.12/site-packages/airflow/example_dags/example_params_trigger_ui.py
[2026-04-24T09:09:08.289+0000] {processor.py:925} INFO - DAG(s) 'example_params_trigger_ui' retrieved from /home/airflow/.local/lib/python3.12/site-packages/airflow/example_dags/example_params_trigger_ui.py
[2026-04-24T09:09:08.306+0000] {logging_mixin.py:190} INFO - [2026-04-24T09:09:08.306+0000] {dag.py:3239} INFO - Sync 1 DAGs
[2026-04-24T09:09:08.311+0000] {logging_mixin.py:190} INFO - [2026-04-24T09:09:08.311+0000] {dag.py:4180} INFO - Setting next_dagrun for example_params_trigger_ui to None, run_after=None
[2026-04-24T09:09:08.318+0000] {processor.py:208} INFO - Processing /home/airflow/.local/lib/python3.12/site-packages/airflow/example_dags/example_params_trigger_ui.py took 0.040 seconds
[2026-04-24T09:10:58.130+0000] {processor.py:186} INFO - Started process (PID=68652) to work on /home/airflow/.local/lib/python3.12/site-packages/airflow/example_dags/example_params_trigger_ui.py
[2026-04-24T09:10:58.131+0000] {processor.py:914} INFO - Processing file /home/airflow/.local/lib/python3.12/site-packages/airflow/example_dags/example_params_trigger_ui.py for tasks to queue
[2026-04-24T09:10:58.132+0000] {logging_mixin.py:190} INFO - [2026-04-24T09:10:58.132+0000] {dagbag.py:588} INFO - Filling up the DagBag from /home/airflow/.local/lib/python3.12/site-packages/airflow/example_dags/example_params_trigger_ui.py
[2026-04-24T09:10:58.137+0000] {processor.py:925} INFO - DAG(s) 'example_params_trigger_ui' retrieved from /home/airflow/.local/lib/python3.12/site-packages/airflow/example_dags/example_params_trigger_ui.py
[2026-04-24T09:10:58.150+0000] {logging_mixin.py:190} INFO - [2026-04-24T09:10:58.150+0000] {dag.py:3239} INFO - Sync 1 DAGs
[2026-04-24T09:10:58.155+0000] {logging_mixin.py:190} INFO - [2026-04-24T09:10:58.155+0000] {dag.py:4180} INFO - Setting next_dagrun for example_params_trigger_ui to None, run_after=None
[2026-04-24T09:10:58.160+0000] {processor.py:208} INFO - Processing /home/airflow/.local/lib/python3.12/site-packages/airflow/example_dags/example_params_trigger_ui.py took 0.033 seconds
[2026-04-24T09:12:50.118+0000] {processor.py:186} INFO - Started process (PID=68716) to work on /home/airflow/.local/lib/python3.12/site-packages/airflow/example_dags/example_params_trigger_ui.py
[2026-04-24T09:12:50.119+0000] {processor.py:914} INFO - Processing file /home/airflow/.local/lib/python3.12/site-packages/airflow/example_dags/example_params_trigger_ui.py for tasks to queue
[2026-04-24T09:12:50.120+0000] {logging_mixin.py:190} INFO - [2026-04-24T09:12:50.120+0000] {dagbag.py:588} INFO - Filling up the DagBag from /home/airflow/.local/lib/python3.12/site-packages/airflow/example_dags/example_params_trigger_ui.py
[2026-04-24T09:12:50.128+0000] {processor.py:925} INFO - DAG(s) 'example_params_trigger_ui' retrieved from /home/airflow/.local/lib/python3.12/site-packages/airflow/example_dags/example_params_trigger_ui.py
[2026-04-24T09:12:50.150+0000] {logging_mixin.py:190} INFO - [2026-04-24T09:12:50.150+0000] {dag.py:3239} INFO - Sync 1 DAGs
[2026-04-24T09:12:50.157+0000] {logging_mixin.py:190} INFO - [2026-04-24T09:12:50.157+0000] {dag.py:4180} INFO - Setting next_dagrun for example_params_trigger_ui to None, run_after=None
[2026-04-24T09:12:50.167+0000] {processor.py:208} INFO - Processing /home/airflow/.local/lib/python3.12/site-packages/airflow/example_dags/example_params_trigger_ui.py took 0.053 seconds
[2026-04-24T09:13:20.902+0000] {processor.py:186} INFO - Started process (PID=68780) to work on /home/airflow/.local/lib/python3.12/site-packages/airflow/example_dags/example_params_trigger_ui.py
[2026-04-24T09:13:20.902+0000] {processor.py:914} INFO - Processing file /home/airflow/.local/lib/python3.12/site-packages/airflow/example_dags/example_params_trigger_ui.py for tasks to queue
[2026-04-24T09:13:20.903+0000] {logging_mixin.py:190} INFO - [2026-04-24T09:13:20.903+0000] {dagbag.py:588} INFO - Filling up the DagBag from /home/airflow/.local/lib/python3.12/site-packages/airflow/example_dags/example_params_trigger_ui.py
[2026-04-24T09:13:20.907+0000] {processor.py:925} INFO - DAG(s) 'example_params_trigger_ui' retrieved from /home/airflow/.local/lib/python3.12/site-packages/airflow/example_dags/example_params_trigger_ui.py
[2026-04-24T09:13:20.921+0000] {logging_mixin.py:190} INFO - [2026-04-24T09:13:20.921+0000] {dag.py:3239} INFO - Sync 1 DAGs
[2026-04-24T09:13:20.926+0000] {logging_mixin.py:190} INFO - [2026-04-24T09:13:20.926+0000] {dag.py:4180} INFO - Setting next_dagrun for example_params_trigger_ui to None, run_after=None
[2026-04-24T09:13:20.931+0000] {processor.py:208} INFO - Processing /home/airflow/.local/lib/python3.12/site-packages/airflow/example_dags/example_params_trigger_ui.py took 0.032 seconds
[2026-04-24T09:15:11.836+0000] {processor.py:186} INFO - Started process (PID=68844) to work on /home/airflow/.local/lib/python3.12/site-packages/airflow/example_dags/example_params_trigger_ui.py
[2026-04-24T09:15:11.836+0000] {processor.py:914} INFO - Processing file /home/airflow/.local/lib/python3.12/site-packages/airflow/example_dags/example_params_trigger_ui.py for tasks to queue
[2026-04-24T09:15:11.838+0000] {logging_mixin.py:190} INFO - [2026-04-24T09:15:11.838+0000] {dagbag.py:588} INFO - Filling up the DagBag from /home/airflow/.local/lib/python3.12/site-packages/airflow/example_dags/example_params_trigger_ui.py
[2026-04-24T09:15:11.842+0000] {processor.py:925} INFO - DAG(s) 'example_params_trigger_ui' retrieved from /home/airflow/.local/lib/python3.12/site-packages/airflow/example_dags/example_params_trigger_ui.py
[2026-04-24T09:15:11.859+0000] {logging_mixin.py:190} INFO - [2026-04-24T09:15:11.859+0000] {dag.py:3239} INFO - Sync 1 DAGs
[2026-04-24T09:15:11.866+0000] {logging_mixin.py:190} INFO - [2026-04-24T09:15:11.866+0000] {dag.py:4180} INFO - Setting next_dagrun for example_params_trigger_ui to None, run_after=None
[2026-04-24T09:15:11.871+0000] {processor.py:208} INFO - Processing /home/airflow/.local/lib/python3.12/site-packages/airflow/example_dags/example_params_trigger_ui.py took 0.038 seconds
[2026-04-24T09:17:07.000+0000] {processor.py:186} INFO - Started process (PID=68908) to work on /home/airflow/.local/lib/python3.12/site-packages/airflow/example_dags/example_params_trigger_ui.py
[2026-04-24T09:17:07.000+0000] {processor.py:914} INFO - Processing file /home/airflow/.local/lib/python3.12/site-packages/airflow/example_dags/example_params_trigger_ui.py for tasks to queue
[2026-04-24T09:17:07.001+0000] {logging_mixin.py:190} INFO - [2026-04-24T09:17:07.001+0000] {dagbag.py:588} INFO - Filling up the DagBag from /home/airflow/.local/lib/python3.12/site-packages/airflow/example_dags/example_params_trigger_ui.py
[2026-04-24T09:17:07.006+0000] {processor.py:925} INFO - DAG(s) 'example_params_trigger_ui' retrieved from /home/airflow/.local/lib/python3.12/site-packages/airflow/example_dags/example_params_trigger_ui.py
[2026-04-24T09:17:07.022+0000] {logging_mixin.py:190} INFO - [2026-04-24T09:17:07.022+0000] {dag.py:3239} INFO - Sync 1 DAGs
[2026-04-24T09:17:07.029+0000] {logging_mixin.py:190} INFO - [2026-04-24T09:17:07.029+0000] {dag.py:4180} INFO - Setting next_dagrun for example_params_trigger_ui to None, run_after=None
[2026-04-24T09:17:07.036+0000] {processor.py:208} INFO - Processing /home/airflow/.local/lib/python3.12/site-packages/airflow/example_dags/example_params_trigger_ui.py took 0.038 seconds
[2026-04-24T09:17:37.196+0000] {processor.py:186} INFO - Started process (PID=68971) to work on /home/airflow/.local/lib/python3.12/site-packages/airflow/example_dags/example_params_trigger_ui.py
[2026-04-24T09:17:37.197+0000] {processor.py:914} INFO - Processing file /home/airflow/.local/lib/python3.12/site-packages/airflow/example_dags/example_params_trigger_ui.py for tasks to queue
[2026-04-24T09:17:37.198+0000] {logging_mixin.py:190} INFO - [2026-04-24T09:17:37.197+0000] {dagbag.py:588} INFO - Filling up the DagBag from /home/airflow/.local/lib/python3.12/site-packages/airflow/example_dags/example_params_trigger_ui.py
[2026-04-24T09:17:37.202+0000] {processor.py:925} INFO - DAG(s) 'example_params_trigger_ui' retrieved from /home/airflow/.local/lib/python3.12/site-packages/airflow/example_dags/example_params_trigger_ui.py
[2026-04-24T09:17:37.219+0000] {logging_mixin.py:190} INFO - [2026-04-24T09:17:37.219+0000] {dag.py:3239} INFO - Sync 1 DAGs
[2026-04-24T09:17:37.224+0000] {logging_mixin.py:190} INFO - [2026-04-24T09:17:37.224+0000] {dag.py:4180} INFO - Setting next_dagrun for example_params_trigger_ui to None, run_after=None
[2026-04-24T09:17:37.229+0000] {processor.py:208} INFO - Processing /home/airflow/.local/lib/python3.12/site-packages/airflow/example_dags/example_params_trigger_ui.py took 0.035 seconds
[2026-04-24T09:19:37.009+0000] {processor.py:186} INFO - Started process (PID=69036) to work on /home/airflow/.local/lib/python3.12/site-packages/airflow/example_dags/example_params_trigger_ui.py
[2026-04-24T09:19:37.010+0000] {processor.py:914} INFO - Processing file /home/airflow/.local/lib/python3.12/site-packages/airflow/example_dags/example_params_trigger_ui.py for tasks to queue
[2026-04-24T09:19:37.011+0000] {logging_mixin.py:190} INFO - [2026-04-24T09:19:37.011+0000] {dagbag.py:588} INFO - Filling up the DagBag from /home/airflow/.local/lib/python3.12/site-packages/airflow/example_dags/example_params_trigger_ui.py
[2026-04-24T09:19:37.015+0000] {processor.py:925} INFO - DAG(s) 'example_params_trigger_ui' retrieved from /home/airflow/.local/lib/python3.12/site-packages/airflow/example_dags/example_params_trigger_ui.py
[2026-04-24T09:19:37.029+0000] {logging_mixin.py:190} INFO - [2026-04-24T09:19:37.029+0000] {dag.py:3239} INFO - Sync 1 DAGs
[2026-04-24T09:19:37.033+0000] {logging_mixin.py:190} INFO - [2026-04-24T09:19:37.033+0000] {dag.py:4180} INFO - Setting next_dagrun for example_params_trigger_ui to None, run_after=None
[2026-04-24T09:19:37.039+0000] {processor.py:208} INFO - Processing /home/airflow/.local/lib/python3.12/site-packages/airflow/example_dags/example_params_trigger_ui.py took 0.032 seconds
[2026-04-24T09:20:07.567+0000] {processor.py:186} INFO - Started process (PID=69100) to work on /home/airflow/.local/lib/python3.12/site-packages/airflow/example_dags/example_params_trigger_ui.py
[2026-04-24T09:20:07.569+0000] {processor.py:914} INFO - Processing file /home/airflow/.local/lib/python3.12/site-packages/airflow/example_dags/example_params_trigger_ui.py for tasks to queue
[2026-04-24T09:20:07.570+0000] {logging_mixin.py:190} INFO - [2026-04-24T09:20:07.570+0000] {dagbag.py:588} INFO - Filling up the DagBag from /home/airflow/.local/lib/python3.12/site-packages/airflow/example_dags/example_params_trigger_ui.py
[2026-04-24T09:20:07.574+0000] {processor.py:925} INFO - DAG(s) 'example_params_trigger_ui' retrieved from /home/airflow/.local/lib/python3.12/site-packages/airflow/example_dags/example_params_trigger_ui.py
[2026-04-24T09:20:07.590+0000] {logging_mixin.py:190} INFO - [2026-04-24T09:20:07.590+0000] {dag.py:3239} INFO - Sync 1 DAGs
[2026-04-24T09:20:07.594+0000] {logging_mixin.py:190} INFO - [2026-04-24T09:20:07.594+0000] {dag.py:4180} INFO - Setting next_dagrun for example_params_trigger_ui to None, run_after=None
[2026-04-24T09:20:07.600+0000] {processor.py:208} INFO - Processing /home/airflow/.local/lib/python3.12/site-packages/airflow/example_dags/example_params_trigger_ui.py took 0.034 seconds
[2026-04-24T09:22:02.227+0000] {processor.py:186} INFO - Started process (PID=69164) to work on /home/airflow/.local/lib/python3.12/site-packages/airflow/example_dags/example_params_trigger_ui.py
[2026-04-24T09:22:02.227+0000] {processor.py:914} INFO - Processing file /home/airflow/.local/lib/python3.12/site-packages/airflow/example_dags/example_params_trigger_ui.py for tasks to queue
[2026-04-24T09:22:02.228+0000] {logging_mixin.py:190} INFO - [2026-04-24T09:22:02.228+0000] {dagbag.py:588} INFO - Filling up the DagBag from /home/airflow/.local/lib/python3.12/site-packages/airflow/example_dags/example_params_trigger_ui.py
[2026-04-24T09:22:02.232+0000] {processor.py:925} INFO - DAG(s) 'example_params_trigger_ui' retrieved from /home/airflow/.local/lib/python3.12/site-packages/airflow/example_dags/example_params_trigger_ui.py
[2026-04-24T09:22:02.246+0000] {logging_mixin.py:190} INFO - [2026-04-24T09:22:02.246+0000] {dag.py:3239} INFO - Sync 1 DAGs
[2026-04-24T09:22:02.252+0000] {logging_mixin.py:190} INFO - [2026-04-24T09:22:02.251+0000] {dag.py:4180} INFO - Setting next_dagrun for example_params_trigger_ui to None, run_after=None
[2026-04-24T09:22:02.258+0000] {processor.py:208} INFO - Processing /home/airflow/.local/lib/python3.12/site-packages/airflow/example_dags/example_params_trigger_ui.py took 0.033 seconds
[2026-04-24T09:23:55.510+0000] {processor.py:186} INFO - Started process (PID=69228) to work on /home/airflow/.local/lib/python3.12/site-packages/airflow/example_dags/example_params_trigger_ui.py
[2026-04-24T09:23:55.510+0000] {processor.py:914} INFO - Processing file /home/airflow/.local/lib/python3.12/site-packages/airflow/example_dags/example_params_trigger_ui.py for tasks to queue
[2026-04-24T09:23:55.511+0000] {logging_mixin.py:190} INFO - [2026-04-24T09:23:55.511+0000] {dagbag.py:588} INFO - Filling up the DagBag from /home/airflow/.local/lib/python3.12/site-packages/airflow/example_dags/example_params_trigger_ui.py
[2026-04-24T09:23:55.518+0000] {processor.py:925} INFO - DAG(s) 'example_params_trigger_ui' retrieved from /home/airflow/.local/lib/python3.12/site-packages/airflow/example_dags/example_params_trigger_ui.py
[2026-04-24T09:23:55.539+0000] {logging_mixin.py:190} INFO - [2026-04-24T09:23:55.539+0000] {dag.py:3239} INFO - Sync 1 DAGs
[2026-04-24T09:23:55.547+0000] {logging_mixin.py:190} INFO - [2026-04-24T09:23:55.547+0000] {dag.py:4180} INFO - Setting next_dagrun for example_params_trigger_ui to None, run_after=None
[2026-04-24T09:23:55.556+0000] {processor.py:208} INFO - Processing /home/airflow/.local/lib/python3.12/site-packages/airflow/example_dags/example_params_trigger_ui.py took 0.050 seconds
[2026-04-24T09:24:26.084+0000] {processor.py:186} INFO - Started process (PID=69292) to work on /home/airflow/.local/lib/python3.12/site-packages/airflow/example_dags/example_params_trigger_ui.py
[2026-04-24T09:24:26.084+0000] {processor.py:914} INFO - Processing file /home/airflow/.local/lib/python3.12/site-packages/airflow/example_dags/example_params_trigger_ui.py for tasks to queue
[2026-04-24T09:24:26.086+0000] {logging_mixin.py:190} INFO - [2026-04-24T09:24:26.086+0000] {dagbag.py:588} INFO - Filling up the DagBag from /home/airflow/.local/lib/python3.12/site-packages/airflow/example_dags/example_params_trigger_ui.py
[2026-04-24T09:24:26.092+0000] {processor.py:925} INFO - DAG(s) 'example_params_trigger_ui' retrieved from /home/airflow/.local/lib/python3.12/site-packages/airflow/example_dags/example_params_trigger_ui.py
[2026-04-24T09:24:26.111+0000] {logging_mixin.py:190} INFO - [2026-04-24T09:24:26.111+0000] {dag.py:3239} INFO - Sync 1 DAGs
[2026-04-24T09:24:26.116+0000] {logging_mixin.py:190} INFO - [2026-04-24T09:24:26.116+0000] {dag.py:4180} INFO - Setting next_dagrun for example_params_trigger_ui to None, run_after=None
[2026-04-24T09:24:26.121+0000] {processor.py:208} INFO - Processing /home/airflow/.local/lib/python3.12/site-packages/airflow/example_dags/example_params_trigger_ui.py took 0.040 seconds
[2026-04-24T09:26:20.821+0000] {processor.py:186} INFO - Started process (PID=69356) to work on /home/airflow/.local/lib/python3.12/site-packages/airflow/example_dags/example_params_trigger_ui.py
[2026-04-24T09:26:20.822+0000] {processor.py:914} INFO - Processing file /home/airflow/.local/lib/python3.12/site-packages/airflow/example_dags/example_params_trigger_ui.py for tasks to queue
[2026-04-24T09:26:20.822+0000] {logging_mixin.py:190} INFO - [2026-04-24T09:26:20.822+0000] {dagbag.py:588} INFO - Filling up the DagBag from /home/airflow/.local/lib/python3.12/site-packages/airflow/example_dags/example_params_trigger_ui.py
[2026-04-24T09:26:20.827+0000] {processor.py:925} INFO - DAG(s) 'example_params_trigger_ui' retrieved from /home/airflow/.local/lib/python3.12/site-packages/airflow/example_dags/example_params_trigger_ui.py
[2026-04-24T09:26:20.840+0000] {logging_mixin.py:190} INFO - [2026-04-24T09:26:20.839+0000] {dag.py:3239} INFO - Sync 1 DAGs
[2026-04-24T09:26:20.844+0000] {logging_mixin.py:190} INFO - [2026-04-24T09:26:20.844+0000] {dag.py:4180} INFO - Setting next_dagrun for example_params_trigger_ui to None, run_after=None
[2026-04-24T09:26:20.850+0000] {processor.py:208} INFO - Processing /home/airflow/.local/lib/python3.12/site-packages/airflow/example_dags/example_params_trigger_ui.py took 0.031 seconds
[2026-04-24T09:28:19.685+0000] {processor.py:186} INFO - Started process (PID=69421) to work on /home/airflow/.local/lib/python3.12/site-packages/airflow/example_dags/example_params_trigger_ui.py
[2026-04-24T09:28:19.689+0000] {processor.py:914} INFO - Processing file /home/airflow/.local/lib/python3.12/site-packages/airflow/example_dags/example_params_trigger_ui.py for tasks to queue
[2026-04-24T09:28:19.698+0000] {logging_mixin.py:190} INFO - [2026-04-24T09:28:19.697+0000] {dagbag.py:588} INFO - Filling up the DagBag from /home/airflow/.local/lib/python3.12/site-packages/airflow/example_dags/example_params_trigger_ui.py
[2026-04-24T09:28:19.746+0000] {processor.py:925} INFO - DAG(s) 'example_params_trigger_ui' retrieved from /home/airflow/.local/lib/python3.12/site-packages/airflow/example_dags/example_params_trigger_ui.py
[2026-04-24T09:28:19.833+0000] {logging_mixin.py:190} INFO - [2026-04-24T09:28:19.832+0000] {dag.py:3239} INFO - Sync 1 DAGs
[2026-04-24T09:28:19.888+0000] {logging_mixin.py:190} INFO - [2026-04-24T09:28:19.887+0000] {dag.py:4180} INFO - Setting next_dagrun for example_params_trigger_ui to None, run_after=None
[2026-04-24T09:28:19.940+0000] {processor.py:208} INFO - Processing /home/airflow/.local/lib/python3.12/site-packages/airflow/example_dags/example_params_trigger_ui.py took 0.270 seconds
[2026-04-24T09:28:50.379+0000] {processor.py:186} INFO - Started process (PID=69484) to work on /home/airflow/.local/lib/python3.12/site-packages/airflow/example_dags/example_params_trigger_ui.py
[2026-04-24T09:28:50.379+0000] {processor.py:914} INFO - Processing file /home/airflow/.local/lib/python3.12/site-packages/airflow/example_dags/example_params_trigger_ui.py for tasks to queue
[2026-04-24T09:28:50.380+0000] {logging_mixin.py:190} INFO - [2026-04-24T09:28:50.380+0000] {dagbag.py:588} INFO - Filling up the DagBag from /home/airflow/.local/lib/python3.12/site-packages/airflow/example_dags/example_params_trigger_ui.py
[2026-04-24T09:28:50.385+0000] {processor.py:925} INFO - DAG(s) 'example_params_trigger_ui' retrieved from /home/airflow/.local/lib/python3.12/site-packages/airflow/example_dags/example_params_trigger_ui.py
[2026-04-24T09:28:50.405+0000] {logging_mixin.py:190} INFO - [2026-04-24T09:28:50.404+0000] {dag.py:3239} INFO - Sync 1 DAGs
[2026-04-24T09:28:50.410+0000] {logging_mixin.py:190} INFO - [2026-04-24T09:28:50.410+0000] {dag.py:4180} INFO - Setting next_dagrun for example_params_trigger_ui to None, run_after=None
[2026-04-24T09:28:50.419+0000] {processor.py:208} INFO - Processing /home/airflow/.local/lib/python3.12/site-packages/airflow/example_dags/example_params_trigger_ui.py took 0.043 seconds
[2026-04-24T09:30:41.263+0000] {processor.py:186} INFO - Started process (PID=69549) to work on /home/airflow/.local/lib/python3.12/site-packages/airflow/example_dags/example_params_trigger_ui.py
[2026-04-24T09:30:41.263+0000] {processor.py:914} INFO - Processing file /home/airflow/.local/lib/python3.12/site-packages/airflow/example_dags/example_params_trigger_ui.py for tasks to queue
[2026-04-24T09:30:41.264+0000] {logging_mixin.py:190} INFO - [2026-04-24T09:30:41.264+0000] {dagbag.py:588} INFO - Filling up the DagBag from /home/airflow/.local/lib/python3.12/site-packages/airflow/example_dags/example_params_trigger_ui.py
[2026-04-24T09:30:41.269+0000] {processor.py:925} INFO - DAG(s) 'example_params_trigger_ui' retrieved from /home/airflow/.local/lib/python3.12/site-packages/airflow/example_dags/example_params_trigger_ui.py
[2026-04-24T09:30:41.283+0000] {logging_mixin.py:190} INFO - [2026-04-24T09:30:41.283+0000] {dag.py:3239} INFO - Sync 1 DAGs
[2026-04-24T09:30:41.288+0000] {logging_mixin.py:190} INFO - [2026-04-24T09:30:41.288+0000] {dag.py:4180} INFO - Setting next_dagrun for example_params_trigger_ui to None, run_after=None
[2026-04-24T09:30:41.293+0000] {processor.py:208} INFO - Processing /home/airflow/.local/lib/python3.12/site-packages/airflow/example_dags/example_params_trigger_ui.py took 0.033 seconds
[2026-04-24T09:32:37.047+0000] {processor.py:186} INFO - Started process (PID=69613) to work on /home/airflow/.local/lib/python3.12/site-packages/airflow/example_dags/example_params_trigger_ui.py
[2026-04-24T09:32:37.047+0000] {processor.py:914} INFO - Processing file /home/airflow/.local/lib/python3.12/site-packages/airflow/example_dags/example_params_trigger_ui.py for tasks to queue
[2026-04-24T09:32:37.048+0000] {logging_mixin.py:190} INFO - [2026-04-24T09:32:37.048+0000] {dagbag.py:588} INFO - Filling up the DagBag from /home/airflow/.local/lib/python3.12/site-packages/airflow/example_dags/example_params_trigger_ui.py
[2026-04-24T09:32:37.053+0000] {processor.py:925} INFO - DAG(s) 'example_params_trigger_ui' retrieved from /home/airflow/.local/lib/python3.12/site-packages/airflow/example_dags/example_params_trigger_ui.py
[2026-04-24T09:32:37.068+0000] {logging_mixin.py:190} INFO - [2026-04-24T09:32:37.068+0000] {dag.py:3239} INFO - Sync 1 DAGs
[2026-04-24T09:32:37.074+0000] {logging_mixin.py:190} INFO - [2026-04-24T09:32:37.074+0000] {dag.py:4180} INFO - Setting next_dagrun for example_params_trigger_ui to None, run_after=None
[2026-04-24T09:32:37.080+0000] {processor.py:208} INFO - Processing /home/airflow/.local/lib/python3.12/site-packages/airflow/example_dags/example_params_trigger_ui.py took 0.036 seconds
[2026-04-24T09:33:07.353+0000] {processor.py:186} INFO - Started process (PID=69677) to work on /home/airflow/.local/lib/python3.12/site-packages/airflow/example_dags/example_params_trigger_ui.py
[2026-04-24T09:33:07.354+0000] {processor.py:914} INFO - Processing file /home/airflow/.local/lib/python3.12/site-packages/airflow/example_dags/example_params_trigger_ui.py for tasks to queue
[2026-04-24T09:33:07.355+0000] {logging_mixin.py:190} INFO - [2026-04-24T09:33:07.355+0000] {dagbag.py:588} INFO - Filling up the DagBag from /home/airflow/.local/lib/python3.12/site-packages/airflow/example_dags/example_params_trigger_ui.py
[2026-04-24T09:33:07.359+0000] {processor.py:925} INFO - DAG(s) 'example_params_trigger_ui' retrieved from /home/airflow/.local/lib/python3.12/site-packages/airflow/example_dags/example_params_trigger_ui.py
[2026-04-24T09:33:07.376+0000] {logging_mixin.py:190} INFO - [2026-04-24T09:33:07.376+0000] {dag.py:3239} INFO - Sync 1 DAGs
[2026-04-24T09:33:07.381+0000] {logging_mixin.py:190} INFO - [2026-04-24T09:33:07.381+0000] {dag.py:4180} INFO - Setting next_dagrun for example_params_trigger_ui to None, run_after=None
[2026-04-24T09:33:07.386+0000] {processor.py:208} INFO - Processing /home/airflow/.local/lib/python3.12/site-packages/airflow/example_dags/example_params_trigger_ui.py took 0.035 seconds
[2026-04-24T09:35:06.764+0000] {processor.py:186} INFO - Started process (PID=69742) to work on /home/airflow/.local/lib/python3.12/site-packages/airflow/example_dags/example_params_trigger_ui.py
[2026-04-24T09:35:06.764+0000] {processor.py:914} INFO - Processing file /home/airflow/.local/lib/python3.12/site-packages/airflow/example_dags/example_params_trigger_ui.py for tasks to queue
[2026-04-24T09:35:06.765+0000] {logging_mixin.py:190} INFO - [2026-04-24T09:35:06.765+0000] {dagbag.py:588} INFO - Filling up the DagBag from /home/airflow/.local/lib/python3.12/site-packages/airflow/example_dags/example_params_trigger_ui.py
[2026-04-24T09:35:06.769+0000] {processor.py:925} INFO - DAG(s) 'example_params_trigger_ui' retrieved from /home/airflow/.local/lib/python3.12/site-packages/airflow/example_dags/example_params_trigger_ui.py
[2026-04-24T09:35:06.781+0000] {logging_mixin.py:190} INFO - [2026-04-24T09:35:06.781+0000] {dag.py:3239} INFO - Sync 1 DAGs
[2026-04-24T09:35:06.786+0000] {logging_mixin.py:190} INFO - [2026-04-24T09:35:06.786+0000] {dag.py:4180} INFO - Setting next_dagrun for example_params_trigger_ui to None, run_after=None
[2026-04-24T09:35:06.791+0000] {processor.py:208} INFO - Processing /home/airflow/.local/lib/python3.12/site-packages/airflow/example_dags/example_params_trigger_ui.py took 0.030 seconds
[2026-04-24T09:37:00.363+0000] {processor.py:186} INFO - Started process (PID=69806) to work on /home/airflow/.local/lib/python3.12/site-packages/airflow/example_dags/example_params_trigger_ui.py
[2026-04-24T09:37:00.364+0000] {processor.py:914} INFO - Processing file /home/airflow/.local/lib/python3.12/site-packages/airflow/example_dags/example_params_trigger_ui.py for tasks to queue
[2026-04-24T09:37:00.364+0000] {logging_mixin.py:190} INFO - [2026-04-24T09:37:00.364+0000] {dagbag.py:588} INFO - Filling up the DagBag from /home/airflow/.local/lib/python3.12/site-packages/airflow/example_dags/example_params_trigger_ui.py
[2026-04-24T09:37:00.369+0000] {processor.py:925} INFO - DAG(s) 'example_params_trigger_ui' retrieved from /home/airflow/.local/lib/python3.12/site-packages/airflow/example_dags/example_params_trigger_ui.py
[2026-04-24T09:37:00.382+0000] {logging_mixin.py:190} INFO - [2026-04-24T09:37:00.381+0000] {dag.py:3239} INFO - Sync 1 DAGs
[2026-04-24T09:37:00.386+0000] {logging_mixin.py:190} INFO - [2026-04-24T09:37:00.386+0000] {dag.py:4180} INFO - Setting next_dagrun for example_params_trigger_ui to None, run_after=None
[2026-04-24T09:37:00.391+0000] {processor.py:208} INFO - Processing /home/airflow/.local/lib/python3.12/site-packages/airflow/example_dags/example_params_trigger_ui.py took 0.030 seconds
[2026-04-24T09:37:30.723+0000] {processor.py:186} INFO - Started process (PID=69870) to work on /home/airflow/.local/lib/python3.12/site-packages/airflow/example_dags/example_params_trigger_ui.py
[2026-04-24T09:37:30.723+0000] {processor.py:914} INFO - Processing file /home/airflow/.local/lib/python3.12/site-packages/airflow/example_dags/example_params_trigger_ui.py for tasks to queue
[2026-04-24T09:37:30.724+0000] {logging_mixin.py:190} INFO - [2026-04-24T09:37:30.724+0000] {dagbag.py:588} INFO - Filling up the DagBag from /home/airflow/.local/lib/python3.12/site-packages/airflow/example_dags/example_params_trigger_ui.py
[2026-04-24T09:37:30.728+0000] {processor.py:925} INFO - DAG(s) 'example_params_trigger_ui' retrieved from /home/airflow/.local/lib/python3.12/site-packages/airflow/example_dags/example_params_trigger_ui.py
[2026-04-24T09:37:30.741+0000] {logging_mixin.py:190} INFO - [2026-04-24T09:37:30.741+0000] {dag.py:3239} INFO - Sync 1 DAGs
[2026-04-24T09:37:30.745+0000] {logging_mixin.py:190} INFO - [2026-04-24T09:37:30.745+0000] {dag.py:4180} INFO - Setting next_dagrun for example_params_trigger_ui to None, run_after=None
[2026-04-24T09:37:30.751+0000] {processor.py:208} INFO - Processing /home/airflow/.local/lib/python3.12/site-packages/airflow/example_dags/example_params_trigger_ui.py took 0.031 seconds
[2026-04-24T09:39:33.759+0000] {processor.py:186} INFO - Started process (PID=69934) to work on /home/airflow/.local/lib/python3.12/site-packages/airflow/example_dags/example_params_trigger_ui.py
[2026-04-24T09:39:33.760+0000] {processor.py:914} INFO - Processing file /home/airflow/.local/lib/python3.12/site-packages/airflow/example_dags/example_params_trigger_ui.py for tasks to queue
[2026-04-24T09:39:33.761+0000] {logging_mixin.py:190} INFO - [2026-04-24T09:39:33.761+0000] {dagbag.py:588} INFO - Filling up the DagBag from /home/airflow/.local/lib/python3.12/site-packages/airflow/example_dags/example_params_trigger_ui.py
[2026-04-24T09:39:33.765+0000] {processor.py:925} INFO - DAG(s) 'example_params_trigger_ui' retrieved from /home/airflow/.local/lib/python3.12/site-packages/airflow/example_dags/example_params_trigger_ui.py
[2026-04-24T09:39:33.777+0000] {logging_mixin.py:190} INFO - [2026-04-24T09:39:33.777+0000] {dag.py:3239} INFO - Sync 1 DAGs
[2026-04-24T09:39:33.782+0000] {logging_mixin.py:190} INFO - [2026-04-24T09:39:33.782+0000] {dag.py:4180} INFO - Setting next_dagrun for example_params_trigger_ui to None, run_after=None
[2026-04-24T09:39:33.788+0000] {processor.py:208} INFO - Processing /home/airflow/.local/lib/python3.12/site-packages/airflow/example_dags/example_params_trigger_ui.py took 0.031 seconds
[2026-04-24T09:40:04.222+0000] {processor.py:186} INFO - Started process (PID=69998) to work on /home/airflow/.local/lib/python3.12/site-packages/airflow/example_dags/example_params_trigger_ui.py
[2026-04-24T09:40:04.223+0000] {processor.py:914} INFO - Processing file /home/airflow/.local/lib/python3.12/site-packages/airflow/example_dags/example_params_trigger_ui.py for tasks to queue
[2026-04-24T09:40:04.224+0000] {logging_mixin.py:190} INFO - [2026-04-24T09:40:04.224+0000] {dagbag.py:588} INFO - Filling up the DagBag from /home/airflow/.local/lib/python3.12/site-packages/airflow/example_dags/example_params_trigger_ui.py
[2026-04-24T09:40:04.229+0000] {processor.py:925} INFO - DAG(s) 'example_params_trigger_ui' retrieved from /home/airflow/.local/lib/python3.12/site-packages/airflow/example_dags/example_params_trigger_ui.py
[2026-04-24T09:40:04.250+0000] {logging_mixin.py:190} INFO - [2026-04-24T09:40:04.250+0000] {dag.py:3239} INFO - Sync 1 DAGs
[2026-04-24T09:40:04.260+0000] {logging_mixin.py:190} INFO - [2026-04-24T09:40:04.259+0000] {dag.py:4180} INFO - Setting next_dagrun for example_params_trigger_ui to None, run_after=None
[2026-04-24T09:40:04.277+0000] {processor.py:208} INFO - Processing /home/airflow/.local/lib/python3.12/site-packages/airflow/example_dags/example_params_trigger_ui.py took 0.058 seconds
[2026-04-24T09:41:11.865+0000] {processor.py:186} INFO - Started process (PID=70062) to work on /home/airflow/.local/lib/python3.12/site-packages/airflow/example_dags/example_params_trigger_ui.py
[2026-04-24T09:41:11.866+0000] {processor.py:914} INFO - Processing file /home/airflow/.local/lib/python3.12/site-packages/airflow/example_dags/example_params_trigger_ui.py for tasks to queue
[2026-04-24T09:41:11.867+0000] {logging_mixin.py:190} INFO - [2026-04-24T09:41:11.867+0000] {dagbag.py:588} INFO - Filling up the DagBag from /home/airflow/.local/lib/python3.12/site-packages/airflow/example_dags/example_params_trigger_ui.py
[2026-04-24T09:41:11.873+0000] {processor.py:925} INFO - DAG(s) 'example_params_trigger_ui' retrieved from /home/airflow/.local/lib/python3.12/site-packages/airflow/example_dags/example_params_trigger_ui.py
[2026-04-24T09:41:11.891+0000] {logging_mixin.py:190} INFO - [2026-04-24T09:41:11.891+0000] {dag.py:3239} INFO - Sync 1 DAGs
[2026-04-24T09:41:11.897+0000] {logging_mixin.py:190} INFO - [2026-04-24T09:41:11.896+0000] {dag.py:4180} INFO - Setting next_dagrun for example_params_trigger_ui to None, run_after=None
[2026-04-24T09:41:11.903+0000] {processor.py:208} INFO - Processing /home/airflow/.local/lib/python3.12/site-packages/airflow/example_dags/example_params_trigger_ui.py took 0.042 seconds
[2026-04-24T09:41:42.472+0000] {processor.py:186} INFO - Started process (PID=70126) to work on /home/airflow/.local/lib/python3.12/site-packages/airflow/example_dags/example_params_trigger_ui.py
[2026-04-24T09:41:42.472+0000] {processor.py:914} INFO - Processing file /home/airflow/.local/lib/python3.12/site-packages/airflow/example_dags/example_params_trigger_ui.py for tasks to queue
[2026-04-24T09:41:42.473+0000] {logging_mixin.py:190} INFO - [2026-04-24T09:41:42.473+0000] {dagbag.py:588} INFO - Filling up the DagBag from /home/airflow/.local/lib/python3.12/site-packages/airflow/example_dags/example_params_trigger_ui.py
[2026-04-24T09:41:42.479+0000] {processor.py:925} INFO - DAG(s) 'example_params_trigger_ui' retrieved from /home/airflow/.local/lib/python3.12/site-packages/airflow/example_dags/example_params_trigger_ui.py
[2026-04-24T09:41:42.495+0000] {logging_mixin.py:190} INFO - [2026-04-24T09:41:42.495+0000] {dag.py:3239} INFO - Sync 1 DAGs
[2026-04-24T09:41:42.500+0000] {logging_mixin.py:190} INFO - [2026-04-24T09:41:42.500+0000] {dag.py:4180} INFO - Setting next_dagrun for example_params_trigger_ui to None, run_after=None
[2026-04-24T09:41:42.507+0000] {processor.py:208} INFO - Processing /home/airflow/.local/lib/python3.12/site-packages/airflow/example_dags/example_params_trigger_ui.py took 0.037 seconds
[2026-04-24T09:42:12.814+0000] {processor.py:186} INFO - Started process (PID=70190) to work on /home/airflow/.local/lib/python3.12/site-packages/airflow/example_dags/example_params_trigger_ui.py
[2026-04-24T09:42:12.814+0000] {processor.py:914} INFO - Processing file /home/airflow/.local/lib/python3.12/site-packages/airflow/example_dags/example_params_trigger_ui.py for tasks to queue
[2026-04-24T09:42:12.815+0000] {logging_mixin.py:190} INFO - [2026-04-24T09:42:12.815+0000] {dagbag.py:588} INFO - Filling up the DagBag from /home/airflow/.local/lib/python3.12/site-packages/airflow/example_dags/example_params_trigger_ui.py
[2026-04-24T09:42:12.820+0000] {processor.py:925} INFO - DAG(s) 'example_params_trigger_ui' retrieved from /home/airflow/.local/lib/python3.12/site-packages/airflow/example_dags/example_params_trigger_ui.py
[2026-04-24T09:42:12.833+0000] {logging_mixin.py:190} INFO - [2026-04-24T09:42:12.832+0000] {dag.py:3239} INFO - Sync 1 DAGs
[2026-04-24T09:42:12.837+0000] {logging_mixin.py:190} INFO - [2026-04-24T09:42:12.837+0000] {dag.py:4180} INFO - Setting next_dagrun for example_params_trigger_ui to None, run_after=None
[2026-04-24T09:42:12.844+0000] {processor.py:208} INFO - Processing /home/airflow/.local/lib/python3.12/site-packages/airflow/example_dags/example_params_trigger_ui.py took 0.032 seconds
[2026-04-24T09:42:43.139+0000] {processor.py:186} INFO - Started process (PID=70253) to work on /home/airflow/.local/lib/python3.12/site-packages/airflow/example_dags/example_params_trigger_ui.py
[2026-04-24T09:42:43.141+0000] {processor.py:914} INFO - Processing file /home/airflow/.local/lib/python3.12/site-packages/airflow/example_dags/example_params_trigger_ui.py for tasks to queue
[2026-04-24T09:42:43.142+0000] {logging_mixin.py:190} INFO - [2026-04-24T09:42:43.142+0000] {dagbag.py:588} INFO - Filling up the DagBag from /home/airflow/.local/lib/python3.12/site-packages/airflow/example_dags/example_params_trigger_ui.py
[2026-04-24T09:42:43.146+0000] {processor.py:925} INFO - DAG(s) 'example_params_trigger_ui' retrieved from /home/airflow/.local/lib/python3.12/site-packages/airflow/example_dags/example_params_trigger_ui.py
[2026-04-24T09:42:43.164+0000] {logging_mixin.py:190} INFO - [2026-04-24T09:42:43.164+0000] {dag.py:3239} INFO - Sync 1 DAGs
[2026-04-24T09:42:43.169+0000] {logging_mixin.py:190} INFO - [2026-04-24T09:42:43.169+0000] {dag.py:4180} INFO - Setting next_dagrun for example_params_trigger_ui to None, run_after=None
[2026-04-24T09:42:43.177+0000] {processor.py:208} INFO - Processing /home/airflow/.local/lib/python3.12/site-packages/airflow/example_dags/example_params_trigger_ui.py took 0.041 seconds
[2026-04-24T09:43:13.712+0000] {processor.py:186} INFO - Started process (PID=70319) to work on /home/airflow/.local/lib/python3.12/site-packages/airflow/example_dags/example_params_trigger_ui.py
[2026-04-24T09:43:13.713+0000] {processor.py:914} INFO - Processing file /home/airflow/.local/lib/python3.12/site-packages/airflow/example_dags/example_params_trigger_ui.py for tasks to queue
[2026-04-24T09:43:13.714+0000] {logging_mixin.py:190} INFO - [2026-04-24T09:43:13.714+0000] {dagbag.py:588} INFO - Filling up the DagBag from /home/airflow/.local/lib/python3.12/site-packages/airflow/example_dags/example_params_trigger_ui.py
[2026-04-24T09:43:13.718+0000] {processor.py:925} INFO - DAG(s) 'example_params_trigger_ui' retrieved from /home/airflow/.local/lib/python3.12/site-packages/airflow/example_dags/example_params_trigger_ui.py
[2026-04-24T09:43:13.733+0000] {logging_mixin.py:190} INFO - [2026-04-24T09:43:13.733+0000] {dag.py:3239} INFO - Sync 1 DAGs
[2026-04-24T09:43:13.738+0000] {logging_mixin.py:190} INFO - [2026-04-24T09:43:13.738+0000] {dag.py:4180} INFO - Setting next_dagrun for example_params_trigger_ui to None, run_after=None
[2026-04-24T09:43:13.743+0000] {processor.py:208} INFO - Processing /home/airflow/.local/lib/python3.12/site-packages/airflow/example_dags/example_params_trigger_ui.py took 0.033 seconds
[2026-04-24T09:43:44.908+0000] {processor.py:186} INFO - Started process (PID=70383) to work on /home/airflow/.local/lib/python3.12/site-packages/airflow/example_dags/example_params_trigger_ui.py
[2026-04-24T09:43:44.909+0000] {processor.py:914} INFO - Processing file /home/airflow/.local/lib/python3.12/site-packages/airflow/example_dags/example_params_trigger_ui.py for tasks to queue
[2026-04-24T09:43:44.910+0000] {logging_mixin.py:190} INFO - [2026-04-24T09:43:44.909+0000] {dagbag.py:588} INFO - Filling up the DagBag from /home/airflow/.local/lib/python3.12/site-packages/airflow/example_dags/example_params_trigger_ui.py
[2026-04-24T09:43:44.914+0000] {processor.py:925} INFO - DAG(s) 'example_params_trigger_ui' retrieved from /home/airflow/.local/lib/python3.12/site-packages/airflow/example_dags/example_params_trigger_ui.py
[2026-04-24T09:43:44.927+0000] {logging_mixin.py:190} INFO - [2026-04-24T09:43:44.927+0000] {dag.py:3239} INFO - Sync 1 DAGs
[2026-04-24T09:43:44.931+0000] {logging_mixin.py:190} INFO - [2026-04-24T09:43:44.931+0000] {dag.py:4180} INFO - Setting next_dagrun for example_params_trigger_ui to None, run_after=None
[2026-04-24T09:43:44.937+0000] {processor.py:208} INFO - Processing /home/airflow/.local/lib/python3.12/site-packages/airflow/example_dags/example_params_trigger_ui.py took 0.030 seconds
[2026-04-24T09:44:15.280+0000] {processor.py:186} INFO - Started process (PID=70446) to work on /home/airflow/.local/lib/python3.12/site-packages/airflow/example_dags/example_params_trigger_ui.py
[2026-04-24T09:44:15.281+0000] {processor.py:914} INFO - Processing file /home/airflow/.local/lib/python3.12/site-packages/airflow/example_dags/example_params_trigger_ui.py for tasks to queue
[2026-04-24T09:44:15.282+0000] {logging_mixin.py:190} INFO - [2026-04-24T09:44:15.282+0000] {dagbag.py:588} INFO - Filling up the DagBag from /home/airflow/.local/lib/python3.12/site-packages/airflow/example_dags/example_params_trigger_ui.py
[2026-04-24T09:44:15.286+0000] {processor.py:925} INFO - DAG(s) 'example_params_trigger_ui' retrieved from /home/airflow/.local/lib/python3.12/site-packages/airflow/example_dags/example_params_trigger_ui.py
[2026-04-24T09:44:15.299+0000] {logging_mixin.py:190} INFO - [2026-04-24T09:44:15.299+0000] {dag.py:3239} INFO - Sync 1 DAGs
[2026-04-24T09:44:15.304+0000] {logging_mixin.py:190} INFO - [2026-04-24T09:44:15.303+0000] {dag.py:4180} INFO - Setting next_dagrun for example_params_trigger_ui to None, run_after=None
[2026-04-24T09:44:15.309+0000] {processor.py:208} INFO - Processing /home/airflow/.local/lib/python3.12/site-packages/airflow/example_dags/example_params_trigger_ui.py took 0.031 seconds
[2026-04-24T09:44:45.741+0000] {processor.py:186} INFO - Started process (PID=70510) to work on /home/airflow/.local/lib/python3.12/site-packages/airflow/example_dags/example_params_trigger_ui.py
[2026-04-24T09:44:45.742+0000] {processor.py:914} INFO - Processing file /home/airflow/.local/lib/python3.12/site-packages/airflow/example_dags/example_params_trigger_ui.py for tasks to queue
[2026-04-24T09:44:45.743+0000] {logging_mixin.py:190} INFO - [2026-04-24T09:44:45.743+0000] {dagbag.py:588} INFO - Filling up the DagBag from /home/airflow/.local/lib/python3.12/site-packages/airflow/example_dags/example_params_trigger_ui.py
[2026-04-24T09:44:45.749+0000] {processor.py:925} INFO - DAG(s) 'example_params_trigger_ui' retrieved from /home/airflow/.local/lib/python3.12/site-packages/airflow/example_dags/example_params_trigger_ui.py
[2026-04-24T09:44:45.767+0000] {logging_mixin.py:190} INFO - [2026-04-24T09:44:45.767+0000] {dag.py:3239} INFO - Sync 1 DAGs
[2026-04-24T09:44:45.774+0000] {logging_mixin.py:190} INFO - [2026-04-24T09:44:45.774+0000] {dag.py:4180} INFO - Setting next_dagrun for example_params_trigger_ui to None, run_after=None
[2026-04-24T09:44:45.783+0000] {processor.py:208} INFO - Processing /home/airflow/.local/lib/python3.12/site-packages/airflow/example_dags/example_params_trigger_ui.py took 0.044 seconds
[2026-04-24T09:45:16.973+0000] {processor.py:186} INFO - Started process (PID=70575) to work on /home/airflow/.local/lib/python3.12/site-packages/airflow/example_dags/example_params_trigger_ui.py
[2026-04-24T09:45:16.973+0000] {processor.py:914} INFO - Processing file /home/airflow/.local/lib/python3.12/site-packages/airflow/example_dags/example_params_trigger_ui.py for tasks to queue
[2026-04-24T09:45:16.974+0000] {logging_mixin.py:190} INFO - [2026-04-24T09:45:16.974+0000] {dagbag.py:588} INFO - Filling up the DagBag from /home/airflow/.local/lib/python3.12/site-packages/airflow/example_dags/example_params_trigger_ui.py
[2026-04-24T09:45:16.979+0000] {processor.py:925} INFO - DAG(s) 'example_params_trigger_ui' retrieved from /home/airflow/.local/lib/python3.12/site-packages/airflow/example_dags/example_params_trigger_ui.py
[2026-04-24T09:45:16.991+0000] {logging_mixin.py:190} INFO - [2026-04-24T09:45:16.991+0000] {dag.py:3239} INFO - Sync 1 DAGs
[2026-04-24T09:45:16.996+0000] {logging_mixin.py:190} INFO - [2026-04-24T09:45:16.996+0000] {dag.py:4180} INFO - Setting next_dagrun for example_params_trigger_ui to None, run_after=None
[2026-04-24T09:45:17.001+0000] {processor.py:208} INFO - Processing /home/airflow/.local/lib/python3.12/site-packages/airflow/example_dags/example_params_trigger_ui.py took 0.031 seconds
[2026-04-24T09:45:47.598+0000] {processor.py:186} INFO - Started process (PID=70639) to work on /home/airflow/.local/lib/python3.12/site-packages/airflow/example_dags/example_params_trigger_ui.py
[2026-04-24T09:45:47.599+0000] {processor.py:914} INFO - Processing file /home/airflow/.local/lib/python3.12/site-packages/airflow/example_dags/example_params_trigger_ui.py for tasks to queue
[2026-04-24T09:45:47.600+0000] {logging_mixin.py:190} INFO - [2026-04-24T09:45:47.600+0000] {dagbag.py:588} INFO - Filling up the DagBag from /home/airflow/.local/lib/python3.12/site-packages/airflow/example_dags/example_params_trigger_ui.py
[2026-04-24T09:45:47.606+0000] {processor.py:925} INFO - DAG(s) 'example_params_trigger_ui' retrieved from /home/airflow/.local/lib/python3.12/site-packages/airflow/example_dags/example_params_trigger_ui.py
[2026-04-24T09:45:47.626+0000] {logging_mixin.py:190} INFO - [2026-04-24T09:45:47.626+0000] {dag.py:3239} INFO - Sync 1 DAGs
[2026-04-24T09:45:47.633+0000] {logging_mixin.py:190} INFO - [2026-04-24T09:45:47.633+0000] {dag.py:4180} INFO - Setting next_dagrun for example_params_trigger_ui to None, run_after=None
[2026-04-24T09:45:47.644+0000] {processor.py:208} INFO - Processing /home/airflow/.local/lib/python3.12/site-packages/airflow/example_dags/example_params_trigger_ui.py took 0.049 seconds
[2026-04-24T09:46:18.177+0000] {processor.py:186} INFO - Started process (PID=70702) to work on /home/airflow/.local/lib/python3.12/site-packages/airflow/example_dags/example_params_trigger_ui.py
[2026-04-24T09:46:18.177+0000] {processor.py:914} INFO - Processing file /home/airflow/.local/lib/python3.12/site-packages/airflow/example_dags/example_params_trigger_ui.py for tasks to queue
[2026-04-24T09:46:18.178+0000] {logging_mixin.py:190} INFO - [2026-04-24T09:46:18.178+0000] {dagbag.py:588} INFO - Filling up the DagBag from /home/airflow/.local/lib/python3.12/site-packages/airflow/example_dags/example_params_trigger_ui.py
[2026-04-24T09:46:18.182+0000] {processor.py:925} INFO - DAG(s) 'example_params_trigger_ui' retrieved from /home/airflow/.local/lib/python3.12/site-packages/airflow/example_dags/example_params_trigger_ui.py
[2026-04-24T09:46:18.199+0000] {logging_mixin.py:190} INFO - [2026-04-24T09:46:18.199+0000] {dag.py:3239} INFO - Sync 1 DAGs
[2026-04-24T09:46:18.205+0000] {logging_mixin.py:190} INFO - [2026-04-24T09:46:18.205+0000] {dag.py:4180} INFO - Setting next_dagrun for example_params_trigger_ui to None, run_after=None
[2026-04-24T09:46:18.212+0000] {processor.py:208} INFO - Processing /home/airflow/.local/lib/python3.12/site-packages/airflow/example_dags/example_params_trigger_ui.py took 0.038 seconds
[2026-04-24T09:46:48.833+0000] {processor.py:186} INFO - Started process (PID=70766) to work on /home/airflow/.local/lib/python3.12/site-packages/airflow/example_dags/example_params_trigger_ui.py
[2026-04-24T09:46:48.834+0000] {processor.py:914} INFO - Processing file /home/airflow/.local/lib/python3.12/site-packages/airflow/example_dags/example_params_trigger_ui.py for tasks to queue
[2026-04-24T09:46:48.835+0000] {logging_mixin.py:190} INFO - [2026-04-24T09:46:48.834+0000] {dagbag.py:588} INFO - Filling up the DagBag from /home/airflow/.local/lib/python3.12/site-packages/airflow/example_dags/example_params_trigger_ui.py
[2026-04-24T09:46:48.839+0000] {processor.py:925} INFO - DAG(s) 'example_params_trigger_ui' retrieved from /home/airflow/.local/lib/python3.12/site-packages/airflow/example_dags/example_params_trigger_ui.py
[2026-04-24T09:46:48.853+0000] {logging_mixin.py:190} INFO - [2026-04-24T09:46:48.853+0000] {dag.py:3239} INFO - Sync 1 DAGs
[2026-04-24T09:46:48.859+0000] {logging_mixin.py:190} INFO - [2026-04-24T09:46:48.859+0000] {dag.py:4180} INFO - Setting next_dagrun for example_params_trigger_ui to None, run_after=None
[2026-04-24T09:46:48.866+0000] {processor.py:208} INFO - Processing /home/airflow/.local/lib/python3.12/site-packages/airflow/example_dags/example_params_trigger_ui.py took 0.036 seconds
[2026-04-24T09:47:19.173+0000] {processor.py:186} INFO - Started process (PID=70829) to work on /home/airflow/.local/lib/python3.12/site-packages/airflow/example_dags/example_params_trigger_ui.py
[2026-04-24T09:47:19.173+0000] {processor.py:914} INFO - Processing file /home/airflow/.local/lib/python3.12/site-packages/airflow/example_dags/example_params_trigger_ui.py for tasks to queue
[2026-04-24T09:47:19.174+0000] {logging_mixin.py:190} INFO - [2026-04-24T09:47:19.174+0000] {dagbag.py:588} INFO - Filling up the DagBag from /home/airflow/.local/lib/python3.12/site-packages/airflow/example_dags/example_params_trigger_ui.py
[2026-04-24T09:47:19.178+0000] {processor.py:925} INFO - DAG(s) 'example_params_trigger_ui' retrieved from /home/airflow/.local/lib/python3.12/site-packages/airflow/example_dags/example_params_trigger_ui.py
[2026-04-24T09:47:19.191+0000] {logging_mixin.py:190} INFO - [2026-04-24T09:47:19.191+0000] {dag.py:3239} INFO - Sync 1 DAGs
[2026-04-24T09:47:19.195+0000] {logging_mixin.py:190} INFO - [2026-04-24T09:47:19.195+0000] {dag.py:4180} INFO - Setting next_dagrun for example_params_trigger_ui to None, run_after=None
[2026-04-24T09:47:19.200+0000] {processor.py:208} INFO - Processing /home/airflow/.local/lib/python3.12/site-packages/airflow/example_dags/example_params_trigger_ui.py took 0.029 seconds
[2026-04-24T09:47:50.651+0000] {processor.py:186} INFO - Started process (PID=70894) to work on /home/airflow/.local/lib/python3.12/site-packages/airflow/example_dags/example_params_trigger_ui.py
[2026-04-24T09:47:50.652+0000] {processor.py:914} INFO - Processing file /home/airflow/.local/lib/python3.12/site-packages/airflow/example_dags/example_params_trigger_ui.py for tasks to queue
[2026-04-24T09:47:50.653+0000] {logging_mixin.py:190} INFO - [2026-04-24T09:47:50.653+0000] {dagbag.py:588} INFO - Filling up the DagBag from /home/airflow/.local/lib/python3.12/site-packages/airflow/example_dags/example_params_trigger_ui.py
[2026-04-24T09:47:50.658+0000] {processor.py:925} INFO - DAG(s) 'example_params_trigger_ui' retrieved from /home/airflow/.local/lib/python3.12/site-packages/airflow/example_dags/example_params_trigger_ui.py
[2026-04-24T09:47:50.674+0000] {logging_mixin.py:190} INFO - [2026-04-24T09:47:50.674+0000] {dag.py:3239} INFO - Sync 1 DAGs
[2026-04-24T09:47:50.680+0000] {logging_mixin.py:190} INFO - [2026-04-24T09:47:50.680+0000] {dag.py:4180} INFO - Setting next_dagrun for example_params_trigger_ui to None, run_after=None
[2026-04-24T09:47:50.687+0000] {processor.py:208} INFO - Processing /home/airflow/.local/lib/python3.12/site-packages/airflow/example_dags/example_params_trigger_ui.py took 0.038 seconds
[2026-04-24T09:48:21.153+0000] {processor.py:186} INFO - Started process (PID=70958) to work on /home/airflow/.local/lib/python3.12/site-packages/airflow/example_dags/example_params_trigger_ui.py
[2026-04-24T09:48:21.153+0000] {processor.py:914} INFO - Processing file /home/airflow/.local/lib/python3.12/site-packages/airflow/example_dags/example_params_trigger_ui.py for tasks to queue
[2026-04-24T09:48:21.154+0000] {logging_mixin.py:190} INFO - [2026-04-24T09:48:21.154+0000] {dagbag.py:588} INFO - Filling up the DagBag from /home/airflow/.local/lib/python3.12/site-packages/airflow/example_dags/example_params_trigger_ui.py
[2026-04-24T09:48:21.158+0000] {processor.py:925} INFO - DAG(s) 'example_params_trigger_ui' retrieved from /home/airflow/.local/lib/python3.12/site-packages/airflow/example_dags/example_params_trigger_ui.py
[2026-04-24T09:48:21.172+0000] {logging_mixin.py:190} INFO - [2026-04-24T09:48:21.172+0000] {dag.py:3239} INFO - Sync 1 DAGs
[2026-04-24T09:48:21.177+0000] {logging_mixin.py:190} INFO - [2026-04-24T09:48:21.177+0000] {dag.py:4180} INFO - Setting next_dagrun for example_params_trigger_ui to None, run_after=None
[2026-04-24T09:48:21.183+0000] {processor.py:208} INFO - Processing /home/airflow/.local/lib/python3.12/site-packages/airflow/example_dags/example_params_trigger_ui.py took 0.032 seconds
[2026-04-24T09:48:52.255+0000] {processor.py:186} INFO - Started process (PID=71022) to work on /home/airflow/.local/lib/python3.12/site-packages/airflow/example_dags/example_params_trigger_ui.py
[2026-04-24T09:48:52.256+0000] {processor.py:914} INFO - Processing file /home/airflow/.local/lib/python3.12/site-packages/airflow/example_dags/example_params_trigger_ui.py for tasks to queue
[2026-04-24T09:48:52.257+0000] {logging_mixin.py:190} INFO - [2026-04-24T09:48:52.257+0000] {dagbag.py:588} INFO - Filling up the DagBag from /home/airflow/.local/lib/python3.12/site-packages/airflow/example_dags/example_params_trigger_ui.py
[2026-04-24T09:48:52.263+0000] {processor.py:925} INFO - DAG(s) 'example_params_trigger_ui' retrieved from /home/airflow/.local/lib/python3.12/site-packages/airflow/example_dags/example_params_trigger_ui.py
[2026-04-24T09:48:52.278+0000] {logging_mixin.py:190} INFO - [2026-04-24T09:48:52.278+0000] {dag.py:3239} INFO - Sync 1 DAGs
[2026-04-24T09:48:52.370+0000] {logging_mixin.py:190} INFO - [2026-04-24T09:48:52.370+0000] {dag.py:4180} INFO - Setting next_dagrun for example_params_trigger_ui to None, run_after=None
[2026-04-24T09:48:52.378+0000] {processor.py:208} INFO - Processing /home/airflow/.local/lib/python3.12/site-packages/airflow/example_dags/example_params_trigger_ui.py took 0.126 seconds
[2026-04-24T09:49:22.636+0000] {processor.py:186} INFO - Started process (PID=71086) to work on /home/airflow/.local/lib/python3.12/site-packages/airflow/example_dags/example_params_trigger_ui.py
[2026-04-24T09:49:22.637+0000] {processor.py:914} INFO - Processing file /home/airflow/.local/lib/python3.12/site-packages/airflow/example_dags/example_params_trigger_ui.py for tasks to queue
[2026-04-24T09:49:22.638+0000] {logging_mixin.py:190} INFO - [2026-04-24T09:49:22.638+0000] {dagbag.py:588} INFO - Filling up the DagBag from /home/airflow/.local/lib/python3.12/site-packages/airflow/example_dags/example_params_trigger_ui.py
[2026-04-24T09:49:22.644+0000] {processor.py:925} INFO - DAG(s) 'example_params_trigger_ui' retrieved from /home/airflow/.local/lib/python3.12/site-packages/airflow/example_dags/example_params_trigger_ui.py
[2026-04-24T09:49:22.662+0000] {logging_mixin.py:190} INFO - [2026-04-24T09:49:22.661+0000] {dag.py:3239} INFO - Sync 1 DAGs
[2026-04-24T09:49:22.668+0000] {logging_mixin.py:190} INFO - [2026-04-24T09:49:22.668+0000] {dag.py:4180} INFO - Setting next_dagrun for example_params_trigger_ui to None, run_after=None
[2026-04-24T09:49:22.797+0000] {processor.py:208} INFO - Processing /home/airflow/.local/lib/python3.12/site-packages/airflow/example_dags/example_params_trigger_ui.py took 0.163 seconds
[2026-04-24T09:49:52.915+0000] {processor.py:186} INFO - Started process (PID=71150) to work on /home/airflow/.local/lib/python3.12/site-packages/airflow/example_dags/example_params_trigger_ui.py
[2026-04-24T09:49:52.916+0000] {processor.py:914} INFO - Processing file /home/airflow/.local/lib/python3.12/site-packages/airflow/example_dags/example_params_trigger_ui.py for tasks to queue
[2026-04-24T09:49:52.917+0000] {logging_mixin.py:190} INFO - [2026-04-24T09:49:52.916+0000] {dagbag.py:588} INFO - Filling up the DagBag from /home/airflow/.local/lib/python3.12/site-packages/airflow/example_dags/example_params_trigger_ui.py
[2026-04-24T09:49:52.921+0000] {processor.py:925} INFO - DAG(s) 'example_params_trigger_ui' retrieved from /home/airflow/.local/lib/python3.12/site-packages/airflow/example_dags/example_params_trigger_ui.py
[2026-04-24T09:49:52.936+0000] {logging_mixin.py:190} INFO - [2026-04-24T09:49:52.935+0000] {dag.py:3239} INFO - Sync 1 DAGs
[2026-04-24T09:49:52.941+0000] {logging_mixin.py:190} INFO - [2026-04-24T09:49:52.941+0000] {dag.py:4180} INFO - Setting next_dagrun for example_params_trigger_ui to None, run_after=None
[2026-04-24T09:49:52.948+0000] {processor.py:208} INFO - Processing /home/airflow/.local/lib/python3.12/site-packages/airflow/example_dags/example_params_trigger_ui.py took 0.036 seconds
[2026-04-24T09:50:23.915+0000] {processor.py:186} INFO - Started process (PID=71214) to work on /home/airflow/.local/lib/python3.12/site-packages/airflow/example_dags/example_params_trigger_ui.py
[2026-04-24T09:50:23.915+0000] {processor.py:914} INFO - Processing file /home/airflow/.local/lib/python3.12/site-packages/airflow/example_dags/example_params_trigger_ui.py for tasks to queue
[2026-04-24T09:50:23.916+0000] {logging_mixin.py:190} INFO - [2026-04-24T09:50:23.916+0000] {dagbag.py:588} INFO - Filling up the DagBag from /home/airflow/.local/lib/python3.12/site-packages/airflow/example_dags/example_params_trigger_ui.py
[2026-04-24T09:50:23.920+0000] {processor.py:925} INFO - DAG(s) 'example_params_trigger_ui' retrieved from /home/airflow/.local/lib/python3.12/site-packages/airflow/example_dags/example_params_trigger_ui.py
[2026-04-24T09:50:23.933+0000] {logging_mixin.py:190} INFO - [2026-04-24T09:50:23.933+0000] {dag.py:3239} INFO - Sync 1 DAGs
[2026-04-24T09:50:23.938+0000] {logging_mixin.py:190} INFO - [2026-04-24T09:50:23.938+0000] {dag.py:4180} INFO - Setting next_dagrun for example_params_trigger_ui to None, run_after=None
[2026-04-24T09:50:23.943+0000] {processor.py:208} INFO - Processing /home/airflow/.local/lib/python3.12/site-packages/airflow/example_dags/example_params_trigger_ui.py took 0.031 seconds
[2026-04-24T09:50:54.728+0000] {processor.py:186} INFO - Started process (PID=71278) to work on /home/airflow/.local/lib/python3.12/site-packages/airflow/example_dags/example_params_trigger_ui.py
[2026-04-24T09:50:54.729+0000] {processor.py:914} INFO - Processing file /home/airflow/.local/lib/python3.12/site-packages/airflow/example_dags/example_params_trigger_ui.py for tasks to queue
[2026-04-24T09:50:54.731+0000] {logging_mixin.py:190} INFO - [2026-04-24T09:50:54.731+0000] {dagbag.py:588} INFO - Filling up the DagBag from /home/airflow/.local/lib/python3.12/site-packages/airflow/example_dags/example_params_trigger_ui.py
[2026-04-24T09:50:54.739+0000] {processor.py:925} INFO - DAG(s) 'example_params_trigger_ui' retrieved from /home/airflow/.local/lib/python3.12/site-packages/airflow/example_dags/example_params_trigger_ui.py
[2026-04-24T09:50:54.759+0000] {logging_mixin.py:190} INFO - [2026-04-24T09:50:54.759+0000] {dag.py:3239} INFO - Sync 1 DAGs
[2026-04-24T09:50:54.763+0000] {logging_mixin.py:190} INFO - [2026-04-24T09:50:54.763+0000] {dag.py:4180} INFO - Setting next_dagrun for example_params_trigger_ui to None, run_after=None
[2026-04-24T09:50:54.769+0000] {processor.py:208} INFO - Processing /home/airflow/.local/lib/python3.12/site-packages/airflow/example_dags/example_params_trigger_ui.py took 0.043 seconds
[2026-04-24T09:51:25.112+0000] {processor.py:186} INFO - Started process (PID=71342) to work on /home/airflow/.local/lib/python3.12/site-packages/airflow/example_dags/example_params_trigger_ui.py
[2026-04-24T09:51:25.113+0000] {processor.py:914} INFO - Processing file /home/airflow/.local/lib/python3.12/site-packages/airflow/example_dags/example_params_trigger_ui.py for tasks to queue
[2026-04-24T09:51:25.116+0000] {logging_mixin.py:190} INFO - [2026-04-24T09:51:25.116+0000] {dagbag.py:588} INFO - Filling up the DagBag from /home/airflow/.local/lib/python3.12/site-packages/airflow/example_dags/example_params_trigger_ui.py
[2026-04-24T09:51:25.120+0000] {processor.py:925} INFO - DAG(s) 'example_params_trigger_ui' retrieved from /home/airflow/.local/lib/python3.12/site-packages/airflow/example_dags/example_params_trigger_ui.py
[2026-04-24T09:51:25.135+0000] {logging_mixin.py:190} INFO - [2026-04-24T09:51:25.135+0000] {dag.py:3239} INFO - Sync 1 DAGs
[2026-04-24T09:51:25.140+0000] {logging_mixin.py:190} INFO - [2026-04-24T09:51:25.140+0000] {dag.py:4180} INFO - Setting next_dagrun for example_params_trigger_ui to None, run_after=None
[2026-04-24T09:51:25.149+0000] {processor.py:208} INFO - Processing /home/airflow/.local/lib/python3.12/site-packages/airflow/example_dags/example_params_trigger_ui.py took 0.040 seconds
[2026-04-24T09:51:55.237+0000] {processor.py:186} INFO - Started process (PID=71406) to work on /home/airflow/.local/lib/python3.12/site-packages/airflow/example_dags/example_params_trigger_ui.py
[2026-04-24T09:51:55.239+0000] {processor.py:914} INFO - Processing file /home/airflow/.local/lib/python3.12/site-packages/airflow/example_dags/example_params_trigger_ui.py for tasks to queue
[2026-04-24T09:51:55.240+0000] {logging_mixin.py:190} INFO - [2026-04-24T09:51:55.240+0000] {dagbag.py:588} INFO - Filling up the DagBag from /home/airflow/.local/lib/python3.12/site-packages/airflow/example_dags/example_params_trigger_ui.py
[2026-04-24T09:51:55.245+0000] {processor.py:925} INFO - DAG(s) 'example_params_trigger_ui' retrieved from /home/airflow/.local/lib/python3.12/site-packages/airflow/example_dags/example_params_trigger_ui.py
[2026-04-24T09:51:55.264+0000] {logging_mixin.py:190} INFO - [2026-04-24T09:51:55.264+0000] {dag.py:3239} INFO - Sync 1 DAGs
[2026-04-24T09:51:55.269+0000] {logging_mixin.py:190} INFO - [2026-04-24T09:51:55.269+0000] {dag.py:4180} INFO - Setting next_dagrun for example_params_trigger_ui to None, run_after=None
[2026-04-24T09:51:55.277+0000] {processor.py:208} INFO - Processing /home/airflow/.local/lib/python3.12/site-packages/airflow/example_dags/example_params_trigger_ui.py took 0.042 seconds
[2026-04-24T09:52:26.301+0000] {processor.py:186} INFO - Started process (PID=71470) to work on /home/airflow/.local/lib/python3.12/site-packages/airflow/example_dags/example_params_trigger_ui.py
[2026-04-24T09:52:26.301+0000] {processor.py:914} INFO - Processing file /home/airflow/.local/lib/python3.12/site-packages/airflow/example_dags/example_params_trigger_ui.py for tasks to queue
[2026-04-24T09:52:26.302+0000] {logging_mixin.py:190} INFO - [2026-04-24T09:52:26.302+0000] {dagbag.py:588} INFO - Filling up the DagBag from /home/airflow/.local/lib/python3.12/site-packages/airflow/example_dags/example_params_trigger_ui.py
[2026-04-24T09:52:26.309+0000] {processor.py:925} INFO - DAG(s) 'example_params_trigger_ui' retrieved from /home/airflow/.local/lib/python3.12/site-packages/airflow/example_dags/example_params_trigger_ui.py
[2026-04-24T09:52:26.328+0000] {logging_mixin.py:190} INFO - [2026-04-24T09:52:26.327+0000] {dag.py:3239} INFO - Sync 1 DAGs
[2026-04-24T09:52:26.333+0000] {logging_mixin.py:190} INFO - [2026-04-24T09:52:26.332+0000] {dag.py:4180} INFO - Setting next_dagrun for example_params_trigger_ui to None, run_after=None
[2026-04-24T09:52:26.341+0000] {processor.py:208} INFO - Processing /home/airflow/.local/lib/python3.12/site-packages/airflow/example_dags/example_params_trigger_ui.py took 0.042 seconds
[2026-04-24T09:52:57.444+0000] {processor.py:186} INFO - Started process (PID=71534) to work on /home/airflow/.local/lib/python3.12/site-packages/airflow/example_dags/example_params_trigger_ui.py
[2026-04-24T09:52:57.446+0000] {processor.py:914} INFO - Processing file /home/airflow/.local/lib/python3.12/site-packages/airflow/example_dags/example_params_trigger_ui.py for tasks to queue
[2026-04-24T09:52:57.447+0000] {logging_mixin.py:190} INFO - [2026-04-24T09:52:57.447+0000] {dagbag.py:588} INFO - Filling up the DagBag from /home/airflow/.local/lib/python3.12/site-packages/airflow/example_dags/example_params_trigger_ui.py
[2026-04-24T09:52:57.453+0000] {processor.py:925} INFO - DAG(s) 'example_params_trigger_ui' retrieved from /home/airflow/.local/lib/python3.12/site-packages/airflow/example_dags/example_params_trigger_ui.py
[2026-04-24T09:52:57.468+0000] {logging_mixin.py:190} INFO - [2026-04-24T09:52:57.468+0000] {dag.py:3239} INFO - Sync 1 DAGs
[2026-04-24T09:52:57.474+0000] {logging_mixin.py:190} INFO - [2026-04-24T09:52:57.474+0000] {dag.py:4180} INFO - Setting next_dagrun for example_params_trigger_ui to None, run_after=None
[2026-04-24T09:52:57.479+0000] {processor.py:208} INFO - Processing /home/airflow/.local/lib/python3.12/site-packages/airflow/example_dags/example_params_trigger_ui.py took 0.038 seconds
[2026-04-24T09:53:27.611+0000] {processor.py:186} INFO - Started process (PID=71598) to work on /home/airflow/.local/lib/python3.12/site-packages/airflow/example_dags/example_params_trigger_ui.py
[2026-04-24T09:53:27.612+0000] {processor.py:914} INFO - Processing file /home/airflow/.local/lib/python3.12/site-packages/airflow/example_dags/example_params_trigger_ui.py for tasks to queue
[2026-04-24T09:53:27.613+0000] {logging_mixin.py:190} INFO - [2026-04-24T09:53:27.613+0000] {dagbag.py:588} INFO - Filling up the DagBag from /home/airflow/.local/lib/python3.12/site-packages/airflow/example_dags/example_params_trigger_ui.py
[2026-04-24T09:53:27.619+0000] {processor.py:925} INFO - DAG(s) 'example_params_trigger_ui' retrieved from /home/airflow/.local/lib/python3.12/site-packages/airflow/example_dags/example_params_trigger_ui.py
[2026-04-24T09:53:27.638+0000] {logging_mixin.py:190} INFO - [2026-04-24T09:53:27.638+0000] {dag.py:3239} INFO - Sync 1 DAGs
[2026-04-24T09:53:27.647+0000] {logging_mixin.py:190} INFO - [2026-04-24T09:53:27.647+0000] {dag.py:4180} INFO - Setting next_dagrun for example_params_trigger_ui to None, run_after=None
[2026-04-24T09:53:27.658+0000] {processor.py:208} INFO - Processing /home/airflow/.local/lib/python3.12/site-packages/airflow/example_dags/example_params_trigger_ui.py took 0.049 seconds
[2026-04-24T09:54:07.969+0000] {processor.py:186} INFO - Started process (PID=71662) to work on /home/airflow/.local/lib/python3.12/site-packages/airflow/example_dags/example_params_trigger_ui.py
[2026-04-24T09:54:07.969+0000] {processor.py:914} INFO - Processing file /home/airflow/.local/lib/python3.12/site-packages/airflow/example_dags/example_params_trigger_ui.py for tasks to queue
[2026-04-24T09:54:07.970+0000] {logging_mixin.py:190} INFO - [2026-04-24T09:54:07.970+0000] {dagbag.py:588} INFO - Filling up the DagBag from /home/airflow/.local/lib/python3.12/site-packages/airflow/example_dags/example_params_trigger_ui.py
[2026-04-24T09:54:07.974+0000] {processor.py:925} INFO - DAG(s) 'example_params_trigger_ui' retrieved from /home/airflow/.local/lib/python3.12/site-packages/airflow/example_dags/example_params_trigger_ui.py
[2026-04-24T09:54:07.993+0000] {logging_mixin.py:190} INFO - [2026-04-24T09:54:07.992+0000] {dag.py:3239} INFO - Sync 1 DAGs
[2026-04-24T09:54:07.997+0000] {logging_mixin.py:190} INFO - [2026-04-24T09:54:07.997+0000] {dag.py:4180} INFO - Setting next_dagrun for example_params_trigger_ui to None, run_after=None
[2026-04-24T09:54:08.005+0000] {processor.py:208} INFO - Processing /home/airflow/.local/lib/python3.12/site-packages/airflow/example_dags/example_params_trigger_ui.py took 0.038 seconds
[2026-04-24T09:54:39.104+0000] {processor.py:186} INFO - Started process (PID=71726) to work on /home/airflow/.local/lib/python3.12/site-packages/airflow/example_dags/example_params_trigger_ui.py
[2026-04-24T09:54:39.105+0000] {processor.py:914} INFO - Processing file /home/airflow/.local/lib/python3.12/site-packages/airflow/example_dags/example_params_trigger_ui.py for tasks to queue
[2026-04-24T09:54:39.106+0000] {logging_mixin.py:190} INFO - [2026-04-24T09:54:39.106+0000] {dagbag.py:588} INFO - Filling up the DagBag from /home/airflow/.local/lib/python3.12/site-packages/airflow/example_dags/example_params_trigger_ui.py
[2026-04-24T09:54:39.112+0000] {processor.py:925} INFO - DAG(s) 'example_params_trigger_ui' retrieved from /home/airflow/.local/lib/python3.12/site-packages/airflow/example_dags/example_params_trigger_ui.py
[2026-04-24T09:54:39.128+0000] {logging_mixin.py:190} INFO - [2026-04-24T09:54:39.127+0000] {dag.py:3239} INFO - Sync 1 DAGs
[2026-04-24T09:54:39.134+0000] {logging_mixin.py:190} INFO - [2026-04-24T09:54:39.134+0000] {dag.py:4180} INFO - Setting next_dagrun for example_params_trigger_ui to None, run_after=None
[2026-04-24T09:54:39.143+0000] {processor.py:208} INFO - Processing /home/airflow/.local/lib/python3.12/site-packages/airflow/example_dags/example_params_trigger_ui.py took 0.041 seconds
[2026-04-24T09:55:12.194+0000] {processor.py:186} INFO - Started process (PID=71790) to work on /home/airflow/.local/lib/python3.12/site-packages/airflow/example_dags/example_params_trigger_ui.py
[2026-04-24T09:55:12.194+0000] {processor.py:914} INFO - Processing file /home/airflow/.local/lib/python3.12/site-packages/airflow/example_dags/example_params_trigger_ui.py for tasks to queue
[2026-04-24T09:55:12.195+0000] {logging_mixin.py:190} INFO - [2026-04-24T09:55:12.195+0000] {dagbag.py:588} INFO - Filling up the DagBag from /home/airflow/.local/lib/python3.12/site-packages/airflow/example_dags/example_params_trigger_ui.py
[2026-04-24T09:55:12.199+0000] {processor.py:925} INFO - DAG(s) 'example_params_trigger_ui' retrieved from /home/airflow/.local/lib/python3.12/site-packages/airflow/example_dags/example_params_trigger_ui.py
[2026-04-24T09:55:12.215+0000] {logging_mixin.py:190} INFO - [2026-04-24T09:55:12.215+0000] {dag.py:3239} INFO - Sync 1 DAGs
[2026-04-24T09:55:12.221+0000] {logging_mixin.py:190} INFO - [2026-04-24T09:55:12.221+0000] {dag.py:4180} INFO - Setting next_dagrun for example_params_trigger_ui to None, run_after=None
[2026-04-24T09:55:12.231+0000] {processor.py:208} INFO - Processing /home/airflow/.local/lib/python3.12/site-packages/airflow/example_dags/example_params_trigger_ui.py took 0.039 seconds
[2026-04-24T09:57:10.579+0000] {processor.py:186} INFO - Started process (PID=71854) to work on /home/airflow/.local/lib/python3.12/site-packages/airflow/example_dags/example_params_trigger_ui.py
[2026-04-24T09:57:10.579+0000] {processor.py:914} INFO - Processing file /home/airflow/.local/lib/python3.12/site-packages/airflow/example_dags/example_params_trigger_ui.py for tasks to queue
[2026-04-24T09:57:10.580+0000] {logging_mixin.py:190} INFO - [2026-04-24T09:57:10.580+0000] {dagbag.py:588} INFO - Filling up the DagBag from /home/airflow/.local/lib/python3.12/site-packages/airflow/example_dags/example_params_trigger_ui.py
[2026-04-24T09:57:10.584+0000] {processor.py:925} INFO - DAG(s) 'example_params_trigger_ui' retrieved from /home/airflow/.local/lib/python3.12/site-packages/airflow/example_dags/example_params_trigger_ui.py
[2026-04-24T09:57:10.603+0000] {logging_mixin.py:190} INFO - [2026-04-24T09:57:10.602+0000] {dag.py:3239} INFO - Sync 1 DAGs
[2026-04-24T09:57:10.608+0000] {logging_mixin.py:190} INFO - [2026-04-24T09:57:10.607+0000] {dag.py:4180} INFO - Setting next_dagrun for example_params_trigger_ui to None, run_after=None
[2026-04-24T09:57:10.617+0000] {processor.py:208} INFO - Processing /home/airflow/.local/lib/python3.12/site-packages/airflow/example_dags/example_params_trigger_ui.py took 0.041 seconds
[2026-04-24T09:57:41.641+0000] {processor.py:186} INFO - Started process (PID=71918) to work on /home/airflow/.local/lib/python3.12/site-packages/airflow/example_dags/example_params_trigger_ui.py
[2026-04-24T09:57:41.641+0000] {processor.py:914} INFO - Processing file /home/airflow/.local/lib/python3.12/site-packages/airflow/example_dags/example_params_trigger_ui.py for tasks to queue
[2026-04-24T09:57:41.642+0000] {logging_mixin.py:190} INFO - [2026-04-24T09:57:41.642+0000] {dagbag.py:588} INFO - Filling up the DagBag from /home/airflow/.local/lib/python3.12/site-packages/airflow/example_dags/example_params_trigger_ui.py
[2026-04-24T09:57:41.647+0000] {processor.py:925} INFO - DAG(s) 'example_params_trigger_ui' retrieved from /home/airflow/.local/lib/python3.12/site-packages/airflow/example_dags/example_params_trigger_ui.py
[2026-04-24T09:57:41.663+0000] {logging_mixin.py:190} INFO - [2026-04-24T09:57:41.663+0000] {dag.py:3239} INFO - Sync 1 DAGs
[2026-04-24T09:57:41.668+0000] {logging_mixin.py:190} INFO - [2026-04-24T09:57:41.668+0000] {dag.py:4180} INFO - Setting next_dagrun for example_params_trigger_ui to None, run_after=None
[2026-04-24T09:57:41.677+0000] {processor.py:208} INFO - Processing /home/airflow/.local/lib/python3.12/site-packages/airflow/example_dags/example_params_trigger_ui.py took 0.039 seconds
[2026-04-24T09:59:52.012+0000] {processor.py:186} INFO - Started process (PID=71982) to work on /home/airflow/.local/lib/python3.12/site-packages/airflow/example_dags/example_params_trigger_ui.py
[2026-04-24T09:59:52.012+0000] {processor.py:914} INFO - Processing file /home/airflow/.local/lib/python3.12/site-packages/airflow/example_dags/example_params_trigger_ui.py for tasks to queue
[2026-04-24T09:59:52.014+0000] {logging_mixin.py:190} INFO - [2026-04-24T09:59:52.014+0000] {dagbag.py:588} INFO - Filling up the DagBag from /home/airflow/.local/lib/python3.12/site-packages/airflow/example_dags/example_params_trigger_ui.py
[2026-04-24T09:59:52.019+0000] {processor.py:925} INFO - DAG(s) 'example_params_trigger_ui' retrieved from /home/airflow/.local/lib/python3.12/site-packages/airflow/example_dags/example_params_trigger_ui.py
[2026-04-24T09:59:52.034+0000] {logging_mixin.py:190} INFO - [2026-04-24T09:59:52.034+0000] {dag.py:3239} INFO - Sync 1 DAGs
[2026-04-24T09:59:52.039+0000] {logging_mixin.py:190} INFO - [2026-04-24T09:59:52.039+0000] {dag.py:4180} INFO - Setting next_dagrun for example_params_trigger_ui to None, run_after=None
[2026-04-24T09:59:52.045+0000] {processor.py:208} INFO - Processing /home/airflow/.local/lib/python3.12/site-packages/airflow/example_dags/example_params_trigger_ui.py took 0.035 seconds
[2026-04-24T10:00:23.149+0000] {processor.py:186} INFO - Started process (PID=72046) to work on /home/airflow/.local/lib/python3.12/site-packages/airflow/example_dags/example_params_trigger_ui.py
[2026-04-24T10:00:23.149+0000] {processor.py:914} INFO - Processing file /home/airflow/.local/lib/python3.12/site-packages/airflow/example_dags/example_params_trigger_ui.py for tasks to queue
[2026-04-24T10:00:23.150+0000] {logging_mixin.py:190} INFO - [2026-04-24T10:00:23.150+0000] {dagbag.py:588} INFO - Filling up the DagBag from /home/airflow/.local/lib/python3.12/site-packages/airflow/example_dags/example_params_trigger_ui.py
[2026-04-24T10:00:23.155+0000] {processor.py:925} INFO - DAG(s) 'example_params_trigger_ui' retrieved from /home/airflow/.local/lib/python3.12/site-packages/airflow/example_dags/example_params_trigger_ui.py
[2026-04-24T10:00:23.168+0000] {logging_mixin.py:190} INFO - [2026-04-24T10:00:23.168+0000] {dag.py:3239} INFO - Sync 1 DAGs
[2026-04-24T10:00:23.172+0000] {logging_mixin.py:190} INFO - [2026-04-24T10:00:23.172+0000] {dag.py:4180} INFO - Setting next_dagrun for example_params_trigger_ui to None, run_after=None
[2026-04-24T10:00:23.178+0000] {processor.py:208} INFO - Processing /home/airflow/.local/lib/python3.12/site-packages/airflow/example_dags/example_params_trigger_ui.py took 0.032 seconds
[2026-04-24T10:00:54.259+0000] {processor.py:186} INFO - Started process (PID=72109) to work on /home/airflow/.local/lib/python3.12/site-packages/airflow/example_dags/example_params_trigger_ui.py
[2026-04-24T10:00:54.260+0000] {processor.py:914} INFO - Processing file /home/airflow/.local/lib/python3.12/site-packages/airflow/example_dags/example_params_trigger_ui.py for tasks to queue
[2026-04-24T10:00:54.261+0000] {logging_mixin.py:190} INFO - [2026-04-24T10:00:54.261+0000] {dagbag.py:588} INFO - Filling up the DagBag from /home/airflow/.local/lib/python3.12/site-packages/airflow/example_dags/example_params_trigger_ui.py
[2026-04-24T10:00:54.265+0000] {processor.py:925} INFO - DAG(s) 'example_params_trigger_ui' retrieved from /home/airflow/.local/lib/python3.12/site-packages/airflow/example_dags/example_params_trigger_ui.py
[2026-04-24T10:00:54.278+0000] {logging_mixin.py:190} INFO - [2026-04-24T10:00:54.278+0000] {dag.py:3239} INFO - Sync 1 DAGs
[2026-04-24T10:00:54.282+0000] {logging_mixin.py:190} INFO - [2026-04-24T10:00:54.282+0000] {dag.py:4180} INFO - Setting next_dagrun for example_params_trigger_ui to None, run_after=None
[2026-04-24T10:00:54.287+0000] {processor.py:208} INFO - Processing /home/airflow/.local/lib/python3.12/site-packages/airflow/example_dags/example_params_trigger_ui.py took 0.030 seconds
[2026-04-24T10:01:25.569+0000] {processor.py:186} INFO - Started process (PID=72173) to work on /home/airflow/.local/lib/python3.12/site-packages/airflow/example_dags/example_params_trigger_ui.py
[2026-04-24T10:01:25.570+0000] {processor.py:914} INFO - Processing file /home/airflow/.local/lib/python3.12/site-packages/airflow/example_dags/example_params_trigger_ui.py for tasks to queue
[2026-04-24T10:01:25.571+0000] {logging_mixin.py:190} INFO - [2026-04-24T10:01:25.570+0000] {dagbag.py:588} INFO - Filling up the DagBag from /home/airflow/.local/lib/python3.12/site-packages/airflow/example_dags/example_params_trigger_ui.py
[2026-04-24T10:01:25.575+0000] {processor.py:925} INFO - DAG(s) 'example_params_trigger_ui' retrieved from /home/airflow/.local/lib/python3.12/site-packages/airflow/example_dags/example_params_trigger_ui.py
[2026-04-24T10:01:25.588+0000] {logging_mixin.py:190} INFO - [2026-04-24T10:01:25.588+0000] {dag.py:3239} INFO - Sync 1 DAGs
[2026-04-24T10:01:25.592+0000] {logging_mixin.py:190} INFO - [2026-04-24T10:01:25.592+0000] {dag.py:4180} INFO - Setting next_dagrun for example_params_trigger_ui to None, run_after=None
[2026-04-24T10:01:25.597+0000] {processor.py:208} INFO - Processing /home/airflow/.local/lib/python3.12/site-packages/airflow/example_dags/example_params_trigger_ui.py took 0.030 seconds
[2026-04-24T10:01:55.912+0000] {processor.py:186} INFO - Started process (PID=72238) to work on /home/airflow/.local/lib/python3.12/site-packages/airflow/example_dags/example_params_trigger_ui.py
[2026-04-24T10:01:55.912+0000] {processor.py:914} INFO - Processing file /home/airflow/.local/lib/python3.12/site-packages/airflow/example_dags/example_params_trigger_ui.py for tasks to queue
[2026-04-24T10:01:55.913+0000] {logging_mixin.py:190} INFO - [2026-04-24T10:01:55.913+0000] {dagbag.py:588} INFO - Filling up the DagBag from /home/airflow/.local/lib/python3.12/site-packages/airflow/example_dags/example_params_trigger_ui.py
[2026-04-24T10:01:55.918+0000] {processor.py:925} INFO - DAG(s) 'example_params_trigger_ui' retrieved from /home/airflow/.local/lib/python3.12/site-packages/airflow/example_dags/example_params_trigger_ui.py
[2026-04-24T10:01:55.931+0000] {logging_mixin.py:190} INFO - [2026-04-24T10:01:55.931+0000] {dag.py:3239} INFO - Sync 1 DAGs
[2026-04-24T10:01:55.936+0000] {logging_mixin.py:190} INFO - [2026-04-24T10:01:55.936+0000] {dag.py:4180} INFO - Setting next_dagrun for example_params_trigger_ui to None, run_after=None
[2026-04-24T10:01:55.946+0000] {processor.py:208} INFO - Processing /home/airflow/.local/lib/python3.12/site-packages/airflow/example_dags/example_params_trigger_ui.py took 0.037 seconds
[2026-04-24T10:02:27.323+0000] {processor.py:186} INFO - Started process (PID=72302) to work on /home/airflow/.local/lib/python3.12/site-packages/airflow/example_dags/example_params_trigger_ui.py
[2026-04-24T10:02:27.323+0000] {processor.py:914} INFO - Processing file /home/airflow/.local/lib/python3.12/site-packages/airflow/example_dags/example_params_trigger_ui.py for tasks to queue
[2026-04-24T10:02:27.324+0000] {logging_mixin.py:190} INFO - [2026-04-24T10:02:27.324+0000] {dagbag.py:588} INFO - Filling up the DagBag from /home/airflow/.local/lib/python3.12/site-packages/airflow/example_dags/example_params_trigger_ui.py
[2026-04-24T10:02:27.329+0000] {processor.py:925} INFO - DAG(s) 'example_params_trigger_ui' retrieved from /home/airflow/.local/lib/python3.12/site-packages/airflow/example_dags/example_params_trigger_ui.py
[2026-04-24T10:02:27.342+0000] {logging_mixin.py:190} INFO - [2026-04-24T10:02:27.342+0000] {dag.py:3239} INFO - Sync 1 DAGs
[2026-04-24T10:02:27.347+0000] {logging_mixin.py:190} INFO - [2026-04-24T10:02:27.347+0000] {dag.py:4180} INFO - Setting next_dagrun for example_params_trigger_ui to None, run_after=None
[2026-04-24T10:02:27.353+0000] {processor.py:208} INFO - Processing /home/airflow/.local/lib/python3.12/site-packages/airflow/example_dags/example_params_trigger_ui.py took 0.033 seconds
[2026-04-24T10:02:58.573+0000] {processor.py:186} INFO - Started process (PID=72365) to work on /home/airflow/.local/lib/python3.12/site-packages/airflow/example_dags/example_params_trigger_ui.py
[2026-04-24T10:02:58.574+0000] {processor.py:914} INFO - Processing file /home/airflow/.local/lib/python3.12/site-packages/airflow/example_dags/example_params_trigger_ui.py for tasks to queue
[2026-04-24T10:02:58.576+0000] {logging_mixin.py:190} INFO - [2026-04-24T10:02:58.576+0000] {dagbag.py:588} INFO - Filling up the DagBag from /home/airflow/.local/lib/python3.12/site-packages/airflow/example_dags/example_params_trigger_ui.py
[2026-04-24T10:02:58.583+0000] {processor.py:925} INFO - DAG(s) 'example_params_trigger_ui' retrieved from /home/airflow/.local/lib/python3.12/site-packages/airflow/example_dags/example_params_trigger_ui.py
[2026-04-24T10:02:58.605+0000] {logging_mixin.py:190} INFO - [2026-04-24T10:02:58.605+0000] {dag.py:3239} INFO - Sync 1 DAGs
[2026-04-24T10:02:58.611+0000] {logging_mixin.py:190} INFO - [2026-04-24T10:02:58.611+0000] {dag.py:4180} INFO - Setting next_dagrun for example_params_trigger_ui to None, run_after=None
[2026-04-24T10:02:58.623+0000] {processor.py:208} INFO - Processing /home/airflow/.local/lib/python3.12/site-packages/airflow/example_dags/example_params_trigger_ui.py took 0.053 seconds
[2026-04-24T10:03:28.831+0000] {processor.py:186} INFO - Started process (PID=72429) to work on /home/airflow/.local/lib/python3.12/site-packages/airflow/example_dags/example_params_trigger_ui.py
[2026-04-24T10:03:28.832+0000] {processor.py:914} INFO - Processing file /home/airflow/.local/lib/python3.12/site-packages/airflow/example_dags/example_params_trigger_ui.py for tasks to queue
[2026-04-24T10:03:28.834+0000] {logging_mixin.py:190} INFO - [2026-04-24T10:03:28.834+0000] {dagbag.py:588} INFO - Filling up the DagBag from /home/airflow/.local/lib/python3.12/site-packages/airflow/example_dags/example_params_trigger_ui.py
[2026-04-24T10:03:28.840+0000] {processor.py:925} INFO - DAG(s) 'example_params_trigger_ui' retrieved from /home/airflow/.local/lib/python3.12/site-packages/airflow/example_dags/example_params_trigger_ui.py
[2026-04-24T10:03:28.858+0000] {logging_mixin.py:190} INFO - [2026-04-24T10:03:28.858+0000] {dag.py:3239} INFO - Sync 1 DAGs
[2026-04-24T10:03:28.865+0000] {logging_mixin.py:190} INFO - [2026-04-24T10:03:28.865+0000] {dag.py:4180} INFO - Setting next_dagrun for example_params_trigger_ui to None, run_after=None
[2026-04-24T10:03:28.878+0000] {processor.py:208} INFO - Processing /home/airflow/.local/lib/python3.12/site-packages/airflow/example_dags/example_params_trigger_ui.py took 0.050 seconds
[2026-04-24T10:03:59.379+0000] {processor.py:186} INFO - Started process (PID=72494) to work on /home/airflow/.local/lib/python3.12/site-packages/airflow/example_dags/example_params_trigger_ui.py
[2026-04-24T10:03:59.380+0000] {processor.py:914} INFO - Processing file /home/airflow/.local/lib/python3.12/site-packages/airflow/example_dags/example_params_trigger_ui.py for tasks to queue
[2026-04-24T10:03:59.382+0000] {logging_mixin.py:190} INFO - [2026-04-24T10:03:59.381+0000] {dagbag.py:588} INFO - Filling up the DagBag from /home/airflow/.local/lib/python3.12/site-packages/airflow/example_dags/example_params_trigger_ui.py
[2026-04-24T10:03:59.387+0000] {processor.py:925} INFO - DAG(s) 'example_params_trigger_ui' retrieved from /home/airflow/.local/lib/python3.12/site-packages/airflow/example_dags/example_params_trigger_ui.py
[2026-04-24T10:03:59.403+0000] {logging_mixin.py:190} INFO - [2026-04-24T10:03:59.403+0000] {dag.py:3239} INFO - Sync 1 DAGs
[2026-04-24T10:03:59.415+0000] {logging_mixin.py:190} INFO - [2026-04-24T10:03:59.415+0000] {dag.py:4180} INFO - Setting next_dagrun for example_params_trigger_ui to None, run_after=None
[2026-04-24T10:03:59.424+0000] {processor.py:208} INFO - Processing /home/airflow/.local/lib/python3.12/site-packages/airflow/example_dags/example_params_trigger_ui.py took 0.047 seconds
[2026-04-24T10:04:29.807+0000] {processor.py:186} INFO - Started process (PID=72558) to work on /home/airflow/.local/lib/python3.12/site-packages/airflow/example_dags/example_params_trigger_ui.py
[2026-04-24T10:04:29.809+0000] {processor.py:914} INFO - Processing file /home/airflow/.local/lib/python3.12/site-packages/airflow/example_dags/example_params_trigger_ui.py for tasks to queue
[2026-04-24T10:04:29.811+0000] {logging_mixin.py:190} INFO - [2026-04-24T10:04:29.811+0000] {dagbag.py:588} INFO - Filling up the DagBag from /home/airflow/.local/lib/python3.12/site-packages/airflow/example_dags/example_params_trigger_ui.py
[2026-04-24T10:04:29.816+0000] {processor.py:925} INFO - DAG(s) 'example_params_trigger_ui' retrieved from /home/airflow/.local/lib/python3.12/site-packages/airflow/example_dags/example_params_trigger_ui.py
[2026-04-24T10:04:29.831+0000] {logging_mixin.py:190} INFO - [2026-04-24T10:04:29.831+0000] {dag.py:3239} INFO - Sync 1 DAGs
[2026-04-24T10:04:29.837+0000] {logging_mixin.py:190} INFO - [2026-04-24T10:04:29.836+0000] {dag.py:4180} INFO - Setting next_dagrun for example_params_trigger_ui to None, run_after=None
[2026-04-24T10:04:29.843+0000] {processor.py:208} INFO - Processing /home/airflow/.local/lib/python3.12/site-packages/airflow/example_dags/example_params_trigger_ui.py took 0.038 seconds
[2026-04-24T10:05:00.152+0000] {processor.py:186} INFO - Started process (PID=72621) to work on /home/airflow/.local/lib/python3.12/site-packages/airflow/example_dags/example_params_trigger_ui.py
[2026-04-24T10:05:00.152+0000] {processor.py:914} INFO - Processing file /home/airflow/.local/lib/python3.12/site-packages/airflow/example_dags/example_params_trigger_ui.py for tasks to queue
[2026-04-24T10:05:00.153+0000] {logging_mixin.py:190} INFO - [2026-04-24T10:05:00.153+0000] {dagbag.py:588} INFO - Filling up the DagBag from /home/airflow/.local/lib/python3.12/site-packages/airflow/example_dags/example_params_trigger_ui.py
[2026-04-24T10:05:00.157+0000] {processor.py:925} INFO - DAG(s) 'example_params_trigger_ui' retrieved from /home/airflow/.local/lib/python3.12/site-packages/airflow/example_dags/example_params_trigger_ui.py
[2026-04-24T10:05:00.177+0000] {logging_mixin.py:190} INFO - [2026-04-24T10:05:00.177+0000] {dag.py:3239} INFO - Sync 1 DAGs
[2026-04-24T10:05:00.182+0000] {logging_mixin.py:190} INFO - [2026-04-24T10:05:00.182+0000] {dag.py:4180} INFO - Setting next_dagrun for example_params_trigger_ui to None, run_after=None
[2026-04-24T10:05:00.192+0000] {processor.py:208} INFO - Processing /home/airflow/.local/lib/python3.12/site-packages/airflow/example_dags/example_params_trigger_ui.py took 0.043 seconds
[2026-04-24T10:05:30.459+0000] {processor.py:186} INFO - Started process (PID=72685) to work on /home/airflow/.local/lib/python3.12/site-packages/airflow/example_dags/example_params_trigger_ui.py
[2026-04-24T10:05:30.460+0000] {processor.py:914} INFO - Processing file /home/airflow/.local/lib/python3.12/site-packages/airflow/example_dags/example_params_trigger_ui.py for tasks to queue
[2026-04-24T10:05:30.461+0000] {logging_mixin.py:190} INFO - [2026-04-24T10:05:30.461+0000] {dagbag.py:588} INFO - Filling up the DagBag from /home/airflow/.local/lib/python3.12/site-packages/airflow/example_dags/example_params_trigger_ui.py
[2026-04-24T10:05:30.466+0000] {processor.py:925} INFO - DAG(s) 'example_params_trigger_ui' retrieved from /home/airflow/.local/lib/python3.12/site-packages/airflow/example_dags/example_params_trigger_ui.py
[2026-04-24T10:05:30.480+0000] {logging_mixin.py:190} INFO - [2026-04-24T10:05:30.480+0000] {dag.py:3239} INFO - Sync 1 DAGs
[2026-04-24T10:05:30.488+0000] {logging_mixin.py:190} INFO - [2026-04-24T10:05:30.488+0000] {dag.py:4180} INFO - Setting next_dagrun for example_params_trigger_ui to None, run_after=None
[2026-04-24T10:05:30.495+0000] {processor.py:208} INFO - Processing /home/airflow/.local/lib/python3.12/site-packages/airflow/example_dags/example_params_trigger_ui.py took 0.039 seconds
[2026-04-24T10:06:00.654+0000] {processor.py:186} INFO - Started process (PID=72749) to work on /home/airflow/.local/lib/python3.12/site-packages/airflow/example_dags/example_params_trigger_ui.py
[2026-04-24T10:06:00.655+0000] {processor.py:914} INFO - Processing file /home/airflow/.local/lib/python3.12/site-packages/airflow/example_dags/example_params_trigger_ui.py for tasks to queue
[2026-04-24T10:06:00.655+0000] {logging_mixin.py:190} INFO - [2026-04-24T10:06:00.655+0000] {dagbag.py:588} INFO - Filling up the DagBag from /home/airflow/.local/lib/python3.12/site-packages/airflow/example_dags/example_params_trigger_ui.py
[2026-04-24T10:06:00.660+0000] {processor.py:925} INFO - DAG(s) 'example_params_trigger_ui' retrieved from /home/airflow/.local/lib/python3.12/site-packages/airflow/example_dags/example_params_trigger_ui.py
[2026-04-24T10:06:00.681+0000] {logging_mixin.py:190} INFO - [2026-04-24T10:06:00.681+0000] {dag.py:3239} INFO - Sync 1 DAGs
[2026-04-24T10:06:00.686+0000] {logging_mixin.py:190} INFO - [2026-04-24T10:06:00.686+0000] {dag.py:4180} INFO - Setting next_dagrun for example_params_trigger_ui to None, run_after=None
[2026-04-24T10:06:00.692+0000] {processor.py:208} INFO - Processing /home/airflow/.local/lib/python3.12/site-packages/airflow/example_dags/example_params_trigger_ui.py took 0.040 seconds
[2026-04-24T10:06:30.941+0000] {processor.py:186} INFO - Started process (PID=72814) to work on /home/airflow/.local/lib/python3.12/site-packages/airflow/example_dags/example_params_trigger_ui.py
[2026-04-24T10:06:30.942+0000] {processor.py:914} INFO - Processing file /home/airflow/.local/lib/python3.12/site-packages/airflow/example_dags/example_params_trigger_ui.py for tasks to queue
[2026-04-24T10:06:30.943+0000] {logging_mixin.py:190} INFO - [2026-04-24T10:06:30.943+0000] {dagbag.py:588} INFO - Filling up the DagBag from /home/airflow/.local/lib/python3.12/site-packages/airflow/example_dags/example_params_trigger_ui.py
[2026-04-24T10:06:30.950+0000] {processor.py:925} INFO - DAG(s) 'example_params_trigger_ui' retrieved from /home/airflow/.local/lib/python3.12/site-packages/airflow/example_dags/example_params_trigger_ui.py
[2026-04-24T10:06:30.967+0000] {logging_mixin.py:190} INFO - [2026-04-24T10:06:30.967+0000] {dag.py:3239} INFO - Sync 1 DAGs
[2026-04-24T10:06:30.974+0000] {logging_mixin.py:190} INFO - [2026-04-24T10:06:30.974+0000] {dag.py:4180} INFO - Setting next_dagrun for example_params_trigger_ui to None, run_after=None
[2026-04-24T10:06:30.984+0000] {processor.py:208} INFO - Processing /home/airflow/.local/lib/python3.12/site-packages/airflow/example_dags/example_params_trigger_ui.py took 0.045 seconds
[2026-04-24T10:07:02.390+0000] {processor.py:186} INFO - Started process (PID=72878) to work on /home/airflow/.local/lib/python3.12/site-packages/airflow/example_dags/example_params_trigger_ui.py
[2026-04-24T10:07:02.391+0000] {processor.py:914} INFO - Processing file /home/airflow/.local/lib/python3.12/site-packages/airflow/example_dags/example_params_trigger_ui.py for tasks to queue
[2026-04-24T10:07:02.392+0000] {logging_mixin.py:190} INFO - [2026-04-24T10:07:02.391+0000] {dagbag.py:588} INFO - Filling up the DagBag from /home/airflow/.local/lib/python3.12/site-packages/airflow/example_dags/example_params_trigger_ui.py
[2026-04-24T10:07:02.396+0000] {processor.py:925} INFO - DAG(s) 'example_params_trigger_ui' retrieved from /home/airflow/.local/lib/python3.12/site-packages/airflow/example_dags/example_params_trigger_ui.py
[2026-04-24T10:07:02.409+0000] {logging_mixin.py:190} INFO - [2026-04-24T10:07:02.408+0000] {dag.py:3239} INFO - Sync 1 DAGs
[2026-04-24T10:07:02.413+0000] {logging_mixin.py:190} INFO - [2026-04-24T10:07:02.413+0000] {dag.py:4180} INFO - Setting next_dagrun for example_params_trigger_ui to None, run_after=None
[2026-04-24T10:07:02.418+0000] {processor.py:208} INFO - Processing /home/airflow/.local/lib/python3.12/site-packages/airflow/example_dags/example_params_trigger_ui.py took 0.030 seconds
[2026-04-24T10:07:33.144+0000] {processor.py:186} INFO - Started process (PID=72943) to work on /home/airflow/.local/lib/python3.12/site-packages/airflow/example_dags/example_params_trigger_ui.py
[2026-04-24T10:07:33.145+0000] {processor.py:914} INFO - Processing file /home/airflow/.local/lib/python3.12/site-packages/airflow/example_dags/example_params_trigger_ui.py for tasks to queue
[2026-04-24T10:07:33.146+0000] {logging_mixin.py:190} INFO - [2026-04-24T10:07:33.146+0000] {dagbag.py:588} INFO - Filling up the DagBag from /home/airflow/.local/lib/python3.12/site-packages/airflow/example_dags/example_params_trigger_ui.py
[2026-04-24T10:07:33.151+0000] {processor.py:925} INFO - DAG(s) 'example_params_trigger_ui' retrieved from /home/airflow/.local/lib/python3.12/site-packages/airflow/example_dags/example_params_trigger_ui.py
[2026-04-24T10:07:33.166+0000] {logging_mixin.py:190} INFO - [2026-04-24T10:07:33.166+0000] {dag.py:3239} INFO - Sync 1 DAGs
[2026-04-24T10:07:33.174+0000] {logging_mixin.py:190} INFO - [2026-04-24T10:07:33.174+0000] {dag.py:4180} INFO - Setting next_dagrun for example_params_trigger_ui to None, run_after=None
[2026-04-24T10:07:33.184+0000] {processor.py:208} INFO - Processing /home/airflow/.local/lib/python3.12/site-packages/airflow/example_dags/example_params_trigger_ui.py took 0.042 seconds
[2026-04-24T10:08:03.774+0000] {processor.py:186} INFO - Started process (PID=73007) to work on /home/airflow/.local/lib/python3.12/site-packages/airflow/example_dags/example_params_trigger_ui.py
[2026-04-24T10:08:03.775+0000] {processor.py:914} INFO - Processing file /home/airflow/.local/lib/python3.12/site-packages/airflow/example_dags/example_params_trigger_ui.py for tasks to queue
[2026-04-24T10:08:03.776+0000] {logging_mixin.py:190} INFO - [2026-04-24T10:08:03.776+0000] {dagbag.py:588} INFO - Filling up the DagBag from /home/airflow/.local/lib/python3.12/site-packages/airflow/example_dags/example_params_trigger_ui.py
[2026-04-24T10:08:03.782+0000] {processor.py:925} INFO - DAG(s) 'example_params_trigger_ui' retrieved from /home/airflow/.local/lib/python3.12/site-packages/airflow/example_dags/example_params_trigger_ui.py
[2026-04-24T10:08:03.799+0000] {logging_mixin.py:190} INFO - [2026-04-24T10:08:03.799+0000] {dag.py:3239} INFO - Sync 1 DAGs
[2026-04-24T10:08:03.809+0000] {logging_mixin.py:190} INFO - [2026-04-24T10:08:03.809+0000] {dag.py:4180} INFO - Setting next_dagrun for example_params_trigger_ui to None, run_after=None
[2026-04-24T10:08:03.819+0000] {processor.py:208} INFO - Processing /home/airflow/.local/lib/python3.12/site-packages/airflow/example_dags/example_params_trigger_ui.py took 0.048 seconds
[2026-04-24T10:08:34.431+0000] {processor.py:186} INFO - Started process (PID=73071) to work on /home/airflow/.local/lib/python3.12/site-packages/airflow/example_dags/example_params_trigger_ui.py
[2026-04-24T10:08:34.432+0000] {processor.py:914} INFO - Processing file /home/airflow/.local/lib/python3.12/site-packages/airflow/example_dags/example_params_trigger_ui.py for tasks to queue
[2026-04-24T10:08:34.433+0000] {logging_mixin.py:190} INFO - [2026-04-24T10:08:34.433+0000] {dagbag.py:588} INFO - Filling up the DagBag from /home/airflow/.local/lib/python3.12/site-packages/airflow/example_dags/example_params_trigger_ui.py
[2026-04-24T10:08:34.438+0000] {processor.py:925} INFO - DAG(s) 'example_params_trigger_ui' retrieved from /home/airflow/.local/lib/python3.12/site-packages/airflow/example_dags/example_params_trigger_ui.py
[2026-04-24T10:08:34.454+0000] {logging_mixin.py:190} INFO - [2026-04-24T10:08:34.454+0000] {dag.py:3239} INFO - Sync 1 DAGs
[2026-04-24T10:08:34.460+0000] {logging_mixin.py:190} INFO - [2026-04-24T10:08:34.460+0000] {dag.py:4180} INFO - Setting next_dagrun for example_params_trigger_ui to None, run_after=None
[2026-04-24T10:08:34.467+0000] {processor.py:208} INFO - Processing /home/airflow/.local/lib/python3.12/site-packages/airflow/example_dags/example_params_trigger_ui.py took 0.038 seconds
[2026-04-24T10:09:05.071+0000] {processor.py:186} INFO - Started process (PID=73135) to work on /home/airflow/.local/lib/python3.12/site-packages/airflow/example_dags/example_params_trigger_ui.py
[2026-04-24T10:09:05.071+0000] {processor.py:914} INFO - Processing file /home/airflow/.local/lib/python3.12/site-packages/airflow/example_dags/example_params_trigger_ui.py for tasks to queue
[2026-04-24T10:09:05.072+0000] {logging_mixin.py:190} INFO - [2026-04-24T10:09:05.072+0000] {dagbag.py:588} INFO - Filling up the DagBag from /home/airflow/.local/lib/python3.12/site-packages/airflow/example_dags/example_params_trigger_ui.py
[2026-04-24T10:09:05.076+0000] {processor.py:925} INFO - DAG(s) 'example_params_trigger_ui' retrieved from /home/airflow/.local/lib/python3.12/site-packages/airflow/example_dags/example_params_trigger_ui.py
[2026-04-24T10:09:05.089+0000] {logging_mixin.py:190} INFO - [2026-04-24T10:09:05.089+0000] {dag.py:3239} INFO - Sync 1 DAGs
[2026-04-24T10:09:05.096+0000] {logging_mixin.py:190} INFO - [2026-04-24T10:09:05.096+0000] {dag.py:4180} INFO - Setting next_dagrun for example_params_trigger_ui to None, run_after=None
[2026-04-24T10:09:05.109+0000] {processor.py:208} INFO - Processing /home/airflow/.local/lib/python3.12/site-packages/airflow/example_dags/example_params_trigger_ui.py took 0.040 seconds
[2026-04-24T10:09:35.471+0000] {processor.py:186} INFO - Started process (PID=73198) to work on /home/airflow/.local/lib/python3.12/site-packages/airflow/example_dags/example_params_trigger_ui.py
[2026-04-24T10:09:35.472+0000] {processor.py:914} INFO - Processing file /home/airflow/.local/lib/python3.12/site-packages/airflow/example_dags/example_params_trigger_ui.py for tasks to queue
[2026-04-24T10:09:35.473+0000] {logging_mixin.py:190} INFO - [2026-04-24T10:09:35.473+0000] {dagbag.py:588} INFO - Filling up the DagBag from /home/airflow/.local/lib/python3.12/site-packages/airflow/example_dags/example_params_trigger_ui.py
[2026-04-24T10:09:35.477+0000] {processor.py:925} INFO - DAG(s) 'example_params_trigger_ui' retrieved from /home/airflow/.local/lib/python3.12/site-packages/airflow/example_dags/example_params_trigger_ui.py
[2026-04-24T10:09:35.500+0000] {logging_mixin.py:190} INFO - [2026-04-24T10:09:35.500+0000] {dag.py:3239} INFO - Sync 1 DAGs
[2026-04-24T10:09:35.505+0000] {logging_mixin.py:190} INFO - [2026-04-24T10:09:35.505+0000] {dag.py:4180} INFO - Setting next_dagrun for example_params_trigger_ui to None, run_after=None
[2026-04-24T10:09:35.512+0000] {processor.py:208} INFO - Processing /home/airflow/.local/lib/python3.12/site-packages/airflow/example_dags/example_params_trigger_ui.py took 0.043 seconds
[2026-04-24T10:10:06.906+0000] {processor.py:186} INFO - Started process (PID=73262) to work on /home/airflow/.local/lib/python3.12/site-packages/airflow/example_dags/example_params_trigger_ui.py
[2026-04-24T10:10:06.907+0000] {processor.py:914} INFO - Processing file /home/airflow/.local/lib/python3.12/site-packages/airflow/example_dags/example_params_trigger_ui.py for tasks to queue
[2026-04-24T10:10:06.909+0000] {logging_mixin.py:190} INFO - [2026-04-24T10:10:06.909+0000] {dagbag.py:588} INFO - Filling up the DagBag from /home/airflow/.local/lib/python3.12/site-packages/airflow/example_dags/example_params_trigger_ui.py
[2026-04-24T10:10:06.914+0000] {processor.py:925} INFO - DAG(s) 'example_params_trigger_ui' retrieved from /home/airflow/.local/lib/python3.12/site-packages/airflow/example_dags/example_params_trigger_ui.py
[2026-04-24T10:10:06.939+0000] {logging_mixin.py:190} INFO - [2026-04-24T10:10:06.938+0000] {dag.py:3239} INFO - Sync 1 DAGs
[2026-04-24T10:10:06.943+0000] {logging_mixin.py:190} INFO - [2026-04-24T10:10:06.943+0000] {dag.py:4180} INFO - Setting next_dagrun for example_params_trigger_ui to None, run_after=None
[2026-04-24T10:10:06.950+0000] {processor.py:208} INFO - Processing /home/airflow/.local/lib/python3.12/site-packages/airflow/example_dags/example_params_trigger_ui.py took 0.046 seconds
[2026-04-24T10:10:37.532+0000] {processor.py:186} INFO - Started process (PID=73327) to work on /home/airflow/.local/lib/python3.12/site-packages/airflow/example_dags/example_params_trigger_ui.py
[2026-04-24T10:10:37.533+0000] {processor.py:914} INFO - Processing file /home/airflow/.local/lib/python3.12/site-packages/airflow/example_dags/example_params_trigger_ui.py for tasks to queue
[2026-04-24T10:10:37.534+0000] {logging_mixin.py:190} INFO - [2026-04-24T10:10:37.534+0000] {dagbag.py:588} INFO - Filling up the DagBag from /home/airflow/.local/lib/python3.12/site-packages/airflow/example_dags/example_params_trigger_ui.py
[2026-04-24T10:10:37.538+0000] {processor.py:925} INFO - DAG(s) 'example_params_trigger_ui' retrieved from /home/airflow/.local/lib/python3.12/site-packages/airflow/example_dags/example_params_trigger_ui.py
[2026-04-24T10:10:37.553+0000] {logging_mixin.py:190} INFO - [2026-04-24T10:10:37.552+0000] {dag.py:3239} INFO - Sync 1 DAGs
[2026-04-24T10:10:37.557+0000] {logging_mixin.py:190} INFO - [2026-04-24T10:10:37.557+0000] {dag.py:4180} INFO - Setting next_dagrun for example_params_trigger_ui to None, run_after=None
[2026-04-24T10:10:37.567+0000] {processor.py:208} INFO - Processing /home/airflow/.local/lib/python3.12/site-packages/airflow/example_dags/example_params_trigger_ui.py took 0.037 seconds
[2026-04-24T10:11:07.764+0000] {processor.py:186} INFO - Started process (PID=73390) to work on /home/airflow/.local/lib/python3.12/site-packages/airflow/example_dags/example_params_trigger_ui.py
[2026-04-24T10:11:07.765+0000] {processor.py:914} INFO - Processing file /home/airflow/.local/lib/python3.12/site-packages/airflow/example_dags/example_params_trigger_ui.py for tasks to queue
[2026-04-24T10:11:07.766+0000] {logging_mixin.py:190} INFO - [2026-04-24T10:11:07.766+0000] {dagbag.py:588} INFO - Filling up the DagBag from /home/airflow/.local/lib/python3.12/site-packages/airflow/example_dags/example_params_trigger_ui.py
[2026-04-24T10:11:07.771+0000] {processor.py:925} INFO - DAG(s) 'example_params_trigger_ui' retrieved from /home/airflow/.local/lib/python3.12/site-packages/airflow/example_dags/example_params_trigger_ui.py
[2026-04-24T10:11:07.787+0000] {logging_mixin.py:190} INFO - [2026-04-24T10:11:07.787+0000] {dag.py:3239} INFO - Sync 1 DAGs
[2026-04-24T10:11:07.794+0000] {logging_mixin.py:190} INFO - [2026-04-24T10:11:07.794+0000] {dag.py:4180} INFO - Setting next_dagrun for example_params_trigger_ui to None, run_after=None
[2026-04-24T10:11:07.805+0000] {processor.py:208} INFO - Processing /home/airflow/.local/lib/python3.12/site-packages/airflow/example_dags/example_params_trigger_ui.py took 0.043 seconds
[2026-04-24T10:11:38.360+0000] {processor.py:186} INFO - Started process (PID=73454) to work on /home/airflow/.local/lib/python3.12/site-packages/airflow/example_dags/example_params_trigger_ui.py
[2026-04-24T10:11:38.361+0000] {processor.py:914} INFO - Processing file /home/airflow/.local/lib/python3.12/site-packages/airflow/example_dags/example_params_trigger_ui.py for tasks to queue
[2026-04-24T10:11:38.362+0000] {logging_mixin.py:190} INFO - [2026-04-24T10:11:38.361+0000] {dagbag.py:588} INFO - Filling up the DagBag from /home/airflow/.local/lib/python3.12/site-packages/airflow/example_dags/example_params_trigger_ui.py
[2026-04-24T10:11:38.366+0000] {processor.py:925} INFO - DAG(s) 'example_params_trigger_ui' retrieved from /home/airflow/.local/lib/python3.12/site-packages/airflow/example_dags/example_params_trigger_ui.py
[2026-04-24T10:11:38.386+0000] {logging_mixin.py:190} INFO - [2026-04-24T10:11:38.386+0000] {dag.py:3239} INFO - Sync 1 DAGs
[2026-04-24T10:11:38.391+0000] {logging_mixin.py:190} INFO - [2026-04-24T10:11:38.391+0000] {dag.py:4180} INFO - Setting next_dagrun for example_params_trigger_ui to None, run_after=None
[2026-04-24T10:11:38.400+0000] {processor.py:208} INFO - Processing /home/airflow/.local/lib/python3.12/site-packages/airflow/example_dags/example_params_trigger_ui.py took 0.042 seconds
[2026-04-24T10:12:09.309+0000] {processor.py:186} INFO - Started process (PID=73519) to work on /home/airflow/.local/lib/python3.12/site-packages/airflow/example_dags/example_params_trigger_ui.py
[2026-04-24T10:12:09.310+0000] {processor.py:914} INFO - Processing file /home/airflow/.local/lib/python3.12/site-packages/airflow/example_dags/example_params_trigger_ui.py for tasks to queue
[2026-04-24T10:12:09.311+0000] {logging_mixin.py:190} INFO - [2026-04-24T10:12:09.310+0000] {dagbag.py:588} INFO - Filling up the DagBag from /home/airflow/.local/lib/python3.12/site-packages/airflow/example_dags/example_params_trigger_ui.py
[2026-04-24T10:12:09.315+0000] {processor.py:925} INFO - DAG(s) 'example_params_trigger_ui' retrieved from /home/airflow/.local/lib/python3.12/site-packages/airflow/example_dags/example_params_trigger_ui.py
[2026-04-24T10:12:09.332+0000] {logging_mixin.py:190} INFO - [2026-04-24T10:12:09.332+0000] {dag.py:3239} INFO - Sync 1 DAGs
[2026-04-24T10:12:09.338+0000] {logging_mixin.py:190} INFO - [2026-04-24T10:12:09.338+0000] {dag.py:4180} INFO - Setting next_dagrun for example_params_trigger_ui to None, run_after=None
[2026-04-24T10:12:09.346+0000] {processor.py:208} INFO - Processing /home/airflow/.local/lib/python3.12/site-packages/airflow/example_dags/example_params_trigger_ui.py took 0.039 seconds
[2026-04-24T10:12:39.663+0000] {processor.py:186} INFO - Started process (PID=73583) to work on /home/airflow/.local/lib/python3.12/site-packages/airflow/example_dags/example_params_trigger_ui.py
[2026-04-24T10:12:39.664+0000] {processor.py:914} INFO - Processing file /home/airflow/.local/lib/python3.12/site-packages/airflow/example_dags/example_params_trigger_ui.py for tasks to queue
[2026-04-24T10:12:39.664+0000] {logging_mixin.py:190} INFO - [2026-04-24T10:12:39.664+0000] {dagbag.py:588} INFO - Filling up the DagBag from /home/airflow/.local/lib/python3.12/site-packages/airflow/example_dags/example_params_trigger_ui.py
[2026-04-24T10:12:39.669+0000] {processor.py:925} INFO - DAG(s) 'example_params_trigger_ui' retrieved from /home/airflow/.local/lib/python3.12/site-packages/airflow/example_dags/example_params_trigger_ui.py
[2026-04-24T10:12:39.681+0000] {logging_mixin.py:190} INFO - [2026-04-24T10:12:39.681+0000] {dag.py:3239} INFO - Sync 1 DAGs
[2026-04-24T10:12:39.686+0000] {logging_mixin.py:190} INFO - [2026-04-24T10:12:39.686+0000] {dag.py:4180} INFO - Setting next_dagrun for example_params_trigger_ui to None, run_after=None
[2026-04-24T10:12:39.691+0000] {processor.py:208} INFO - Processing /home/airflow/.local/lib/python3.12/site-packages/airflow/example_dags/example_params_trigger_ui.py took 0.030 seconds
[2026-04-24T10:13:10.098+0000] {processor.py:186} INFO - Started process (PID=73647) to work on /home/airflow/.local/lib/python3.12/site-packages/airflow/example_dags/example_params_trigger_ui.py
[2026-04-24T10:13:10.098+0000] {processor.py:914} INFO - Processing file /home/airflow/.local/lib/python3.12/site-packages/airflow/example_dags/example_params_trigger_ui.py for tasks to queue
[2026-04-24T10:13:10.099+0000] {logging_mixin.py:190} INFO - [2026-04-24T10:13:10.099+0000] {dagbag.py:588} INFO - Filling up the DagBag from /home/airflow/.local/lib/python3.12/site-packages/airflow/example_dags/example_params_trigger_ui.py
[2026-04-24T10:13:10.103+0000] {processor.py:925} INFO - DAG(s) 'example_params_trigger_ui' retrieved from /home/airflow/.local/lib/python3.12/site-packages/airflow/example_dags/example_params_trigger_ui.py
[2026-04-24T10:13:10.122+0000] {logging_mixin.py:190} INFO - [2026-04-24T10:13:10.122+0000] {dag.py:3239} INFO - Sync 1 DAGs
[2026-04-24T10:13:10.128+0000] {logging_mixin.py:190} INFO - [2026-04-24T10:13:10.128+0000] {dag.py:4180} INFO - Setting next_dagrun for example_params_trigger_ui to None, run_after=None
[2026-04-24T10:13:10.134+0000] {processor.py:208} INFO - Processing /home/airflow/.local/lib/python3.12/site-packages/airflow/example_dags/example_params_trigger_ui.py took 0.039 seconds
[2026-04-24T10:13:40.301+0000] {processor.py:186} INFO - Started process (PID=73711) to work on /home/airflow/.local/lib/python3.12/site-packages/airflow/example_dags/example_params_trigger_ui.py
[2026-04-24T10:13:40.301+0000] {processor.py:914} INFO - Processing file /home/airflow/.local/lib/python3.12/site-packages/airflow/example_dags/example_params_trigger_ui.py for tasks to queue
[2026-04-24T10:13:40.302+0000] {logging_mixin.py:190} INFO - [2026-04-24T10:13:40.302+0000] {dagbag.py:588} INFO - Filling up the DagBag from /home/airflow/.local/lib/python3.12/site-packages/airflow/example_dags/example_params_trigger_ui.py
[2026-04-24T10:13:40.307+0000] {processor.py:925} INFO - DAG(s) 'example_params_trigger_ui' retrieved from /home/airflow/.local/lib/python3.12/site-packages/airflow/example_dags/example_params_trigger_ui.py
[2026-04-24T10:13:40.322+0000] {logging_mixin.py:190} INFO - [2026-04-24T10:13:40.322+0000] {dag.py:3239} INFO - Sync 1 DAGs
[2026-04-24T10:13:40.327+0000] {logging_mixin.py:190} INFO - [2026-04-24T10:13:40.327+0000] {dag.py:4180} INFO - Setting next_dagrun for example_params_trigger_ui to None, run_after=None
[2026-04-24T10:13:40.333+0000] {processor.py:208} INFO - Processing /home/airflow/.local/lib/python3.12/site-packages/airflow/example_dags/example_params_trigger_ui.py took 0.035 seconds
[2026-04-24T10:14:10.617+0000] {processor.py:186} INFO - Started process (PID=73776) to work on /home/airflow/.local/lib/python3.12/site-packages/airflow/example_dags/example_params_trigger_ui.py
[2026-04-24T10:14:10.617+0000] {processor.py:914} INFO - Processing file /home/airflow/.local/lib/python3.12/site-packages/airflow/example_dags/example_params_trigger_ui.py for tasks to queue
[2026-04-24T10:14:10.618+0000] {logging_mixin.py:190} INFO - [2026-04-24T10:14:10.618+0000] {dagbag.py:588} INFO - Filling up the DagBag from /home/airflow/.local/lib/python3.12/site-packages/airflow/example_dags/example_params_trigger_ui.py
[2026-04-24T10:14:10.623+0000] {processor.py:925} INFO - DAG(s) 'example_params_trigger_ui' retrieved from /home/airflow/.local/lib/python3.12/site-packages/airflow/example_dags/example_params_trigger_ui.py
[2026-04-24T10:14:10.637+0000] {logging_mixin.py:190} INFO - [2026-04-24T10:14:10.637+0000] {dag.py:3239} INFO - Sync 1 DAGs
[2026-04-24T10:14:10.642+0000] {logging_mixin.py:190} INFO - [2026-04-24T10:14:10.642+0000] {dag.py:4180} INFO - Setting next_dagrun for example_params_trigger_ui to None, run_after=None
[2026-04-24T10:14:10.647+0000] {processor.py:208} INFO - Processing /home/airflow/.local/lib/python3.12/site-packages/airflow/example_dags/example_params_trigger_ui.py took 0.033 seconds
[2026-04-24T10:14:40.989+0000] {processor.py:186} INFO - Started process (PID=73840) to work on /home/airflow/.local/lib/python3.12/site-packages/airflow/example_dags/example_params_trigger_ui.py
[2026-04-24T10:14:40.990+0000] {processor.py:914} INFO - Processing file /home/airflow/.local/lib/python3.12/site-packages/airflow/example_dags/example_params_trigger_ui.py for tasks to queue
[2026-04-24T10:14:40.991+0000] {logging_mixin.py:190} INFO - [2026-04-24T10:14:40.991+0000] {dagbag.py:588} INFO - Filling up the DagBag from /home/airflow/.local/lib/python3.12/site-packages/airflow/example_dags/example_params_trigger_ui.py
[2026-04-24T10:14:40.996+0000] {processor.py:925} INFO - DAG(s) 'example_params_trigger_ui' retrieved from /home/airflow/.local/lib/python3.12/site-packages/airflow/example_dags/example_params_trigger_ui.py
[2026-04-24T10:14:41.011+0000] {logging_mixin.py:190} INFO - [2026-04-24T10:14:41.011+0000] {dag.py:3239} INFO - Sync 1 DAGs
[2026-04-24T10:14:41.016+0000] {logging_mixin.py:190} INFO - [2026-04-24T10:14:41.016+0000] {dag.py:4180} INFO - Setting next_dagrun for example_params_trigger_ui to None, run_after=None
[2026-04-24T10:14:41.023+0000] {processor.py:208} INFO - Processing /home/airflow/.local/lib/python3.12/site-packages/airflow/example_dags/example_params_trigger_ui.py took 0.036 seconds
[2026-04-24T10:15:11.240+0000] {processor.py:186} INFO - Started process (PID=73903) to work on /home/airflow/.local/lib/python3.12/site-packages/airflow/example_dags/example_params_trigger_ui.py
[2026-04-24T10:15:11.240+0000] {processor.py:914} INFO - Processing file /home/airflow/.local/lib/python3.12/site-packages/airflow/example_dags/example_params_trigger_ui.py for tasks to queue
[2026-04-24T10:15:11.241+0000] {logging_mixin.py:190} INFO - [2026-04-24T10:15:11.241+0000] {dagbag.py:588} INFO - Filling up the DagBag from /home/airflow/.local/lib/python3.12/site-packages/airflow/example_dags/example_params_trigger_ui.py
[2026-04-24T10:15:11.245+0000] {processor.py:925} INFO - DAG(s) 'example_params_trigger_ui' retrieved from /home/airflow/.local/lib/python3.12/site-packages/airflow/example_dags/example_params_trigger_ui.py
[2026-04-24T10:15:11.259+0000] {logging_mixin.py:190} INFO - [2026-04-24T10:15:11.259+0000] {dag.py:3239} INFO - Sync 1 DAGs
[2026-04-24T10:15:11.267+0000] {logging_mixin.py:190} INFO - [2026-04-24T10:15:11.267+0000] {dag.py:4180} INFO - Setting next_dagrun for example_params_trigger_ui to None, run_after=None
[2026-04-24T10:15:11.275+0000] {processor.py:208} INFO - Processing /home/airflow/.local/lib/python3.12/site-packages/airflow/example_dags/example_params_trigger_ui.py took 0.038 seconds
[2026-04-24T10:15:41.637+0000] {processor.py:186} INFO - Started process (PID=73967) to work on /home/airflow/.local/lib/python3.12/site-packages/airflow/example_dags/example_params_trigger_ui.py
[2026-04-24T10:15:41.637+0000] {processor.py:914} INFO - Processing file /home/airflow/.local/lib/python3.12/site-packages/airflow/example_dags/example_params_trigger_ui.py for tasks to queue
[2026-04-24T10:15:41.638+0000] {logging_mixin.py:190} INFO - [2026-04-24T10:15:41.638+0000] {dagbag.py:588} INFO - Filling up the DagBag from /home/airflow/.local/lib/python3.12/site-packages/airflow/example_dags/example_params_trigger_ui.py
[2026-04-24T10:15:41.644+0000] {processor.py:925} INFO - DAG(s) 'example_params_trigger_ui' retrieved from /home/airflow/.local/lib/python3.12/site-packages/airflow/example_dags/example_params_trigger_ui.py
[2026-04-24T10:15:41.664+0000] {logging_mixin.py:190} INFO - [2026-04-24T10:15:41.663+0000] {dag.py:3239} INFO - Sync 1 DAGs
[2026-04-24T10:15:41.671+0000] {logging_mixin.py:190} INFO - [2026-04-24T10:15:41.671+0000] {dag.py:4180} INFO - Setting next_dagrun for example_params_trigger_ui to None, run_after=None
[2026-04-24T10:15:41.678+0000] {processor.py:208} INFO - Processing /home/airflow/.local/lib/python3.12/site-packages/airflow/example_dags/example_params_trigger_ui.py took 0.043 seconds
[2026-04-24T10:16:11.982+0000] {processor.py:186} INFO - Started process (PID=74031) to work on /home/airflow/.local/lib/python3.12/site-packages/airflow/example_dags/example_params_trigger_ui.py
[2026-04-24T10:16:11.982+0000] {processor.py:914} INFO - Processing file /home/airflow/.local/lib/python3.12/site-packages/airflow/example_dags/example_params_trigger_ui.py for tasks to queue
[2026-04-24T10:16:11.983+0000] {logging_mixin.py:190} INFO - [2026-04-24T10:16:11.983+0000] {dagbag.py:588} INFO - Filling up the DagBag from /home/airflow/.local/lib/python3.12/site-packages/airflow/example_dags/example_params_trigger_ui.py
[2026-04-24T10:16:11.988+0000] {processor.py:925} INFO - DAG(s) 'example_params_trigger_ui' retrieved from /home/airflow/.local/lib/python3.12/site-packages/airflow/example_dags/example_params_trigger_ui.py
[2026-04-24T10:16:12.005+0000] {logging_mixin.py:190} INFO - [2026-04-24T10:16:12.005+0000] {dag.py:3239} INFO - Sync 1 DAGs
[2026-04-24T10:16:12.011+0000] {logging_mixin.py:190} INFO - [2026-04-24T10:16:12.011+0000] {dag.py:4180} INFO - Setting next_dagrun for example_params_trigger_ui to None, run_after=None
[2026-04-24T10:16:12.019+0000] {processor.py:208} INFO - Processing /home/airflow/.local/lib/python3.12/site-packages/airflow/example_dags/example_params_trigger_ui.py took 0.039 seconds
[2026-04-24T10:16:42.292+0000] {processor.py:186} INFO - Started process (PID=74095) to work on /home/airflow/.local/lib/python3.12/site-packages/airflow/example_dags/example_params_trigger_ui.py
[2026-04-24T10:16:42.293+0000] {processor.py:914} INFO - Processing file /home/airflow/.local/lib/python3.12/site-packages/airflow/example_dags/example_params_trigger_ui.py for tasks to queue
[2026-04-24T10:16:42.294+0000] {logging_mixin.py:190} INFO - [2026-04-24T10:16:42.294+0000] {dagbag.py:588} INFO - Filling up the DagBag from /home/airflow/.local/lib/python3.12/site-packages/airflow/example_dags/example_params_trigger_ui.py
[2026-04-24T10:16:42.298+0000] {processor.py:925} INFO - DAG(s) 'example_params_trigger_ui' retrieved from /home/airflow/.local/lib/python3.12/site-packages/airflow/example_dags/example_params_trigger_ui.py
[2026-04-24T10:16:42.315+0000] {logging_mixin.py:190} INFO - [2026-04-24T10:16:42.315+0000] {dag.py:3239} INFO - Sync 1 DAGs
[2026-04-24T10:16:42.320+0000] {logging_mixin.py:190} INFO - [2026-04-24T10:16:42.320+0000] {dag.py:4180} INFO - Setting next_dagrun for example_params_trigger_ui to None, run_after=None
[2026-04-24T10:16:42.329+0000] {processor.py:208} INFO - Processing /home/airflow/.local/lib/python3.12/site-packages/airflow/example_dags/example_params_trigger_ui.py took 0.039 seconds
[2026-04-24T10:17:12.588+0000] {processor.py:186} INFO - Started process (PID=74159) to work on /home/airflow/.local/lib/python3.12/site-packages/airflow/example_dags/example_params_trigger_ui.py
[2026-04-24T10:17:12.588+0000] {processor.py:914} INFO - Processing file /home/airflow/.local/lib/python3.12/site-packages/airflow/example_dags/example_params_trigger_ui.py for tasks to queue
[2026-04-24T10:17:12.589+0000] {logging_mixin.py:190} INFO - [2026-04-24T10:17:12.589+0000] {dagbag.py:588} INFO - Filling up the DagBag from /home/airflow/.local/lib/python3.12/site-packages/airflow/example_dags/example_params_trigger_ui.py
[2026-04-24T10:17:12.593+0000] {processor.py:925} INFO - DAG(s) 'example_params_trigger_ui' retrieved from /home/airflow/.local/lib/python3.12/site-packages/airflow/example_dags/example_params_trigger_ui.py
[2026-04-24T10:17:12.606+0000] {logging_mixin.py:190} INFO - [2026-04-24T10:17:12.606+0000] {dag.py:3239} INFO - Sync 1 DAGs
[2026-04-24T10:17:12.610+0000] {logging_mixin.py:190} INFO - [2026-04-24T10:17:12.610+0000] {dag.py:4180} INFO - Setting next_dagrun for example_params_trigger_ui to None, run_after=None
[2026-04-24T10:17:12.615+0000] {processor.py:208} INFO - Processing /home/airflow/.local/lib/python3.12/site-packages/airflow/example_dags/example_params_trigger_ui.py took 0.029 seconds
[2026-04-24T10:17:42.858+0000] {processor.py:186} INFO - Started process (PID=74223) to work on /home/airflow/.local/lib/python3.12/site-packages/airflow/example_dags/example_params_trigger_ui.py
[2026-04-24T10:17:42.859+0000] {processor.py:914} INFO - Processing file /home/airflow/.local/lib/python3.12/site-packages/airflow/example_dags/example_params_trigger_ui.py for tasks to queue
[2026-04-24T10:17:42.860+0000] {logging_mixin.py:190} INFO - [2026-04-24T10:17:42.860+0000] {dagbag.py:588} INFO - Filling up the DagBag from /home/airflow/.local/lib/python3.12/site-packages/airflow/example_dags/example_params_trigger_ui.py
[2026-04-24T10:17:42.866+0000] {processor.py:925} INFO - DAG(s) 'example_params_trigger_ui' retrieved from /home/airflow/.local/lib/python3.12/site-packages/airflow/example_dags/example_params_trigger_ui.py
[2026-04-24T10:17:42.885+0000] {logging_mixin.py:190} INFO - [2026-04-24T10:17:42.885+0000] {dag.py:3239} INFO - Sync 1 DAGs
[2026-04-24T10:17:42.893+0000] {logging_mixin.py:190} INFO - [2026-04-24T10:17:42.893+0000] {dag.py:4180} INFO - Setting next_dagrun for example_params_trigger_ui to None, run_after=None
[2026-04-24T10:17:42.899+0000] {processor.py:208} INFO - Processing /home/airflow/.local/lib/python3.12/site-packages/airflow/example_dags/example_params_trigger_ui.py took 0.043 seconds
[2026-04-24T10:18:13.149+0000] {processor.py:186} INFO - Started process (PID=74287) to work on /home/airflow/.local/lib/python3.12/site-packages/airflow/example_dags/example_params_trigger_ui.py
[2026-04-24T10:18:13.149+0000] {processor.py:914} INFO - Processing file /home/airflow/.local/lib/python3.12/site-packages/airflow/example_dags/example_params_trigger_ui.py for tasks to queue
[2026-04-24T10:18:13.150+0000] {logging_mixin.py:190} INFO - [2026-04-24T10:18:13.150+0000] {dagbag.py:588} INFO - Filling up the DagBag from /home/airflow/.local/lib/python3.12/site-packages/airflow/example_dags/example_params_trigger_ui.py
[2026-04-24T10:18:13.155+0000] {processor.py:925} INFO - DAG(s) 'example_params_trigger_ui' retrieved from /home/airflow/.local/lib/python3.12/site-packages/airflow/example_dags/example_params_trigger_ui.py
[2026-04-24T10:18:13.169+0000] {logging_mixin.py:190} INFO - [2026-04-24T10:18:13.169+0000] {dag.py:3239} INFO - Sync 1 DAGs
[2026-04-24T10:18:13.174+0000] {logging_mixin.py:190} INFO - [2026-04-24T10:18:13.174+0000] {dag.py:4180} INFO - Setting next_dagrun for example_params_trigger_ui to None, run_after=None
[2026-04-24T10:18:13.180+0000] {processor.py:208} INFO - Processing /home/airflow/.local/lib/python3.12/site-packages/airflow/example_dags/example_params_trigger_ui.py took 0.034 seconds
[2026-04-24T10:18:43.887+0000] {processor.py:186} INFO - Started process (PID=74351) to work on /home/airflow/.local/lib/python3.12/site-packages/airflow/example_dags/example_params_trigger_ui.py
[2026-04-24T10:18:43.888+0000] {processor.py:914} INFO - Processing file /home/airflow/.local/lib/python3.12/site-packages/airflow/example_dags/example_params_trigger_ui.py for tasks to queue
[2026-04-24T10:18:43.889+0000] {logging_mixin.py:190} INFO - [2026-04-24T10:18:43.889+0000] {dagbag.py:588} INFO - Filling up the DagBag from /home/airflow/.local/lib/python3.12/site-packages/airflow/example_dags/example_params_trigger_ui.py
[2026-04-24T10:18:43.896+0000] {processor.py:925} INFO - DAG(s) 'example_params_trigger_ui' retrieved from /home/airflow/.local/lib/python3.12/site-packages/airflow/example_dags/example_params_trigger_ui.py
[2026-04-24T10:18:43.914+0000] {logging_mixin.py:190} INFO - [2026-04-24T10:18:43.914+0000] {dag.py:3239} INFO - Sync 1 DAGs
[2026-04-24T10:18:43.925+0000] {logging_mixin.py:190} INFO - [2026-04-24T10:18:43.925+0000] {dag.py:4180} INFO - Setting next_dagrun for example_params_trigger_ui to None, run_after=None
[2026-04-24T10:18:43.935+0000] {processor.py:208} INFO - Processing /home/airflow/.local/lib/python3.12/site-packages/airflow/example_dags/example_params_trigger_ui.py took 0.050 seconds
[2026-04-24T10:19:14.458+0000] {processor.py:186} INFO - Started process (PID=74415) to work on /home/airflow/.local/lib/python3.12/site-packages/airflow/example_dags/example_params_trigger_ui.py
[2026-04-24T10:19:14.458+0000] {processor.py:914} INFO - Processing file /home/airflow/.local/lib/python3.12/site-packages/airflow/example_dags/example_params_trigger_ui.py for tasks to queue
[2026-04-24T10:19:14.459+0000] {logging_mixin.py:190} INFO - [2026-04-24T10:19:14.459+0000] {dagbag.py:588} INFO - Filling up the DagBag from /home/airflow/.local/lib/python3.12/site-packages/airflow/example_dags/example_params_trigger_ui.py
[2026-04-24T10:19:14.464+0000] {processor.py:925} INFO - DAG(s) 'example_params_trigger_ui' retrieved from /home/airflow/.local/lib/python3.12/site-packages/airflow/example_dags/example_params_trigger_ui.py
[2026-04-24T10:19:14.483+0000] {logging_mixin.py:190} INFO - [2026-04-24T10:19:14.483+0000] {dag.py:3239} INFO - Sync 1 DAGs
[2026-04-24T10:19:14.488+0000] {logging_mixin.py:190} INFO - [2026-04-24T10:19:14.487+0000] {dag.py:4180} INFO - Setting next_dagrun for example_params_trigger_ui to None, run_after=None
[2026-04-24T10:19:14.496+0000] {processor.py:208} INFO - Processing /home/airflow/.local/lib/python3.12/site-packages/airflow/example_dags/example_params_trigger_ui.py took 0.041 seconds
[2026-04-24T10:19:44.860+0000] {processor.py:186} INFO - Started process (PID=74479) to work on /home/airflow/.local/lib/python3.12/site-packages/airflow/example_dags/example_params_trigger_ui.py
[2026-04-24T10:19:44.861+0000] {processor.py:914} INFO - Processing file /home/airflow/.local/lib/python3.12/site-packages/airflow/example_dags/example_params_trigger_ui.py for tasks to queue
[2026-04-24T10:19:44.861+0000] {logging_mixin.py:190} INFO - [2026-04-24T10:19:44.861+0000] {dagbag.py:588} INFO - Filling up the DagBag from /home/airflow/.local/lib/python3.12/site-packages/airflow/example_dags/example_params_trigger_ui.py
[2026-04-24T10:19:44.866+0000] {processor.py:925} INFO - DAG(s) 'example_params_trigger_ui' retrieved from /home/airflow/.local/lib/python3.12/site-packages/airflow/example_dags/example_params_trigger_ui.py
[2026-04-24T10:19:44.878+0000] {logging_mixin.py:190} INFO - [2026-04-24T10:19:44.878+0000] {dag.py:3239} INFO - Sync 1 DAGs
[2026-04-24T10:19:44.882+0000] {logging_mixin.py:190} INFO - [2026-04-24T10:19:44.882+0000] {dag.py:4180} INFO - Setting next_dagrun for example_params_trigger_ui to None, run_after=None
[2026-04-24T10:19:44.887+0000] {processor.py:208} INFO - Processing /home/airflow/.local/lib/python3.12/site-packages/airflow/example_dags/example_params_trigger_ui.py took 0.029 seconds
[2026-04-24T10:20:15.322+0000] {processor.py:186} INFO - Started process (PID=74549) to work on /home/airflow/.local/lib/python3.12/site-packages/airflow/example_dags/example_params_trigger_ui.py
[2026-04-24T10:20:15.323+0000] {processor.py:914} INFO - Processing file /home/airflow/.local/lib/python3.12/site-packages/airflow/example_dags/example_params_trigger_ui.py for tasks to queue
[2026-04-24T10:20:15.324+0000] {logging_mixin.py:190} INFO - [2026-04-24T10:20:15.324+0000] {dagbag.py:588} INFO - Filling up the DagBag from /home/airflow/.local/lib/python3.12/site-packages/airflow/example_dags/example_params_trigger_ui.py
[2026-04-24T10:20:15.328+0000] {processor.py:925} INFO - DAG(s) 'example_params_trigger_ui' retrieved from /home/airflow/.local/lib/python3.12/site-packages/airflow/example_dags/example_params_trigger_ui.py
[2026-04-24T10:20:15.342+0000] {logging_mixin.py:190} INFO - [2026-04-24T10:20:15.342+0000] {dag.py:3239} INFO - Sync 1 DAGs
[2026-04-24T10:20:15.346+0000] {logging_mixin.py:190} INFO - [2026-04-24T10:20:15.346+0000] {dag.py:4180} INFO - Setting next_dagrun for example_params_trigger_ui to None, run_after=None
[2026-04-24T10:20:15.352+0000] {processor.py:208} INFO - Processing /home/airflow/.local/lib/python3.12/site-packages/airflow/example_dags/example_params_trigger_ui.py took 0.032 seconds
[2026-04-24T10:20:45.687+0000] {processor.py:186} INFO - Started process (PID=74612) to work on /home/airflow/.local/lib/python3.12/site-packages/airflow/example_dags/example_params_trigger_ui.py
[2026-04-24T10:20:45.687+0000] {processor.py:914} INFO - Processing file /home/airflow/.local/lib/python3.12/site-packages/airflow/example_dags/example_params_trigger_ui.py for tasks to queue
[2026-04-24T10:20:45.688+0000] {logging_mixin.py:190} INFO - [2026-04-24T10:20:45.688+0000] {dagbag.py:588} INFO - Filling up the DagBag from /home/airflow/.local/lib/python3.12/site-packages/airflow/example_dags/example_params_trigger_ui.py
[2026-04-24T10:20:45.693+0000] {processor.py:925} INFO - DAG(s) 'example_params_trigger_ui' retrieved from /home/airflow/.local/lib/python3.12/site-packages/airflow/example_dags/example_params_trigger_ui.py
[2026-04-24T10:20:45.709+0000] {logging_mixin.py:190} INFO - [2026-04-24T10:20:45.709+0000] {dag.py:3239} INFO - Sync 1 DAGs
[2026-04-24T10:20:45.714+0000] {logging_mixin.py:190} INFO - [2026-04-24T10:20:45.714+0000] {dag.py:4180} INFO - Setting next_dagrun for example_params_trigger_ui to None, run_after=None
[2026-04-24T10:20:45.719+0000] {processor.py:208} INFO - Processing /home/airflow/.local/lib/python3.12/site-packages/airflow/example_dags/example_params_trigger_ui.py took 0.035 seconds
[2026-04-24T10:21:16.044+0000] {processor.py:186} INFO - Started process (PID=74676) to work on /home/airflow/.local/lib/python3.12/site-packages/airflow/example_dags/example_params_trigger_ui.py
[2026-04-24T10:21:16.045+0000] {processor.py:914} INFO - Processing file /home/airflow/.local/lib/python3.12/site-packages/airflow/example_dags/example_params_trigger_ui.py for tasks to queue
[2026-04-24T10:21:16.046+0000] {logging_mixin.py:190} INFO - [2026-04-24T10:21:16.045+0000] {dagbag.py:588} INFO - Filling up the DagBag from /home/airflow/.local/lib/python3.12/site-packages/airflow/example_dags/example_params_trigger_ui.py
[2026-04-24T10:21:16.049+0000] {processor.py:925} INFO - DAG(s) 'example_params_trigger_ui' retrieved from /home/airflow/.local/lib/python3.12/site-packages/airflow/example_dags/example_params_trigger_ui.py
[2026-04-24T10:21:16.064+0000] {logging_mixin.py:190} INFO - [2026-04-24T10:21:16.064+0000] {dag.py:3239} INFO - Sync 1 DAGs
[2026-04-24T10:21:16.069+0000] {logging_mixin.py:190} INFO - [2026-04-24T10:21:16.069+0000] {dag.py:4180} INFO - Setting next_dagrun for example_params_trigger_ui to None, run_after=None
[2026-04-24T10:21:16.078+0000] {processor.py:208} INFO - Processing /home/airflow/.local/lib/python3.12/site-packages/airflow/example_dags/example_params_trigger_ui.py took 0.036 seconds
[2026-04-24T10:21:46.942+0000] {processor.py:186} INFO - Started process (PID=74742) to work on /home/airflow/.local/lib/python3.12/site-packages/airflow/example_dags/example_params_trigger_ui.py
[2026-04-24T10:21:46.942+0000] {processor.py:914} INFO - Processing file /home/airflow/.local/lib/python3.12/site-packages/airflow/example_dags/example_params_trigger_ui.py for tasks to queue
[2026-04-24T10:21:46.944+0000] {logging_mixin.py:190} INFO - [2026-04-24T10:21:46.943+0000] {dagbag.py:588} INFO - Filling up the DagBag from /home/airflow/.local/lib/python3.12/site-packages/airflow/example_dags/example_params_trigger_ui.py
[2026-04-24T10:21:46.950+0000] {processor.py:925} INFO - DAG(s) 'example_params_trigger_ui' retrieved from /home/airflow/.local/lib/python3.12/site-packages/airflow/example_dags/example_params_trigger_ui.py
[2026-04-24T10:21:46.965+0000] {logging_mixin.py:190} INFO - [2026-04-24T10:21:46.965+0000] {dag.py:3239} INFO - Sync 1 DAGs
[2026-04-24T10:21:46.970+0000] {logging_mixin.py:190} INFO - [2026-04-24T10:21:46.970+0000] {dag.py:4180} INFO - Setting next_dagrun for example_params_trigger_ui to None, run_after=None
[2026-04-24T10:21:46.977+0000] {processor.py:208} INFO - Processing /home/airflow/.local/lib/python3.12/site-packages/airflow/example_dags/example_params_trigger_ui.py took 0.038 seconds
[2026-04-24T10:22:17.608+0000] {processor.py:186} INFO - Started process (PID=74806) to work on /home/airflow/.local/lib/python3.12/site-packages/airflow/example_dags/example_params_trigger_ui.py
[2026-04-24T10:22:17.608+0000] {processor.py:914} INFO - Processing file /home/airflow/.local/lib/python3.12/site-packages/airflow/example_dags/example_params_trigger_ui.py for tasks to queue
[2026-04-24T10:22:17.610+0000] {logging_mixin.py:190} INFO - [2026-04-24T10:22:17.609+0000] {dagbag.py:588} INFO - Filling up the DagBag from /home/airflow/.local/lib/python3.12/site-packages/airflow/example_dags/example_params_trigger_ui.py
[2026-04-24T10:22:17.615+0000] {processor.py:925} INFO - DAG(s) 'example_params_trigger_ui' retrieved from /home/airflow/.local/lib/python3.12/site-packages/airflow/example_dags/example_params_trigger_ui.py
[2026-04-24T10:22:17.631+0000] {logging_mixin.py:190} INFO - [2026-04-24T10:22:17.631+0000] {dag.py:3239} INFO - Sync 1 DAGs
[2026-04-24T10:22:17.637+0000] {logging_mixin.py:190} INFO - [2026-04-24T10:22:17.636+0000] {dag.py:4180} INFO - Setting next_dagrun for example_params_trigger_ui to None, run_after=None
[2026-04-24T10:22:17.645+0000] {processor.py:208} INFO - Processing /home/airflow/.local/lib/python3.12/site-packages/airflow/example_dags/example_params_trigger_ui.py took 0.040 seconds
[2026-04-24T10:22:47.888+0000] {processor.py:186} INFO - Started process (PID=74870) to work on /home/airflow/.local/lib/python3.12/site-packages/airflow/example_dags/example_params_trigger_ui.py
[2026-04-24T10:22:47.888+0000] {processor.py:914} INFO - Processing file /home/airflow/.local/lib/python3.12/site-packages/airflow/example_dags/example_params_trigger_ui.py for tasks to queue
[2026-04-24T10:22:47.889+0000] {logging_mixin.py:190} INFO - [2026-04-24T10:22:47.889+0000] {dagbag.py:588} INFO - Filling up the DagBag from /home/airflow/.local/lib/python3.12/site-packages/airflow/example_dags/example_params_trigger_ui.py
[2026-04-24T10:22:47.894+0000] {processor.py:925} INFO - DAG(s) 'example_params_trigger_ui' retrieved from /home/airflow/.local/lib/python3.12/site-packages/airflow/example_dags/example_params_trigger_ui.py
[2026-04-24T10:22:47.908+0000] {logging_mixin.py:190} INFO - [2026-04-24T10:22:47.908+0000] {dag.py:3239} INFO - Sync 1 DAGs
[2026-04-24T10:22:47.914+0000] {logging_mixin.py:190} INFO - [2026-04-24T10:22:47.914+0000] {dag.py:4180} INFO - Setting next_dagrun for example_params_trigger_ui to None, run_after=None
[2026-04-24T10:22:47.920+0000] {processor.py:208} INFO - Processing /home/airflow/.local/lib/python3.12/site-packages/airflow/example_dags/example_params_trigger_ui.py took 0.035 seconds
[2026-04-24T10:23:18.430+0000] {processor.py:186} INFO - Started process (PID=74934) to work on /home/airflow/.local/lib/python3.12/site-packages/airflow/example_dags/example_params_trigger_ui.py
[2026-04-24T10:23:18.431+0000] {processor.py:914} INFO - Processing file /home/airflow/.local/lib/python3.12/site-packages/airflow/example_dags/example_params_trigger_ui.py for tasks to queue
[2026-04-24T10:23:18.432+0000] {logging_mixin.py:190} INFO - [2026-04-24T10:23:18.432+0000] {dagbag.py:588} INFO - Filling up the DagBag from /home/airflow/.local/lib/python3.12/site-packages/airflow/example_dags/example_params_trigger_ui.py
[2026-04-24T10:23:18.437+0000] {processor.py:925} INFO - DAG(s) 'example_params_trigger_ui' retrieved from /home/airflow/.local/lib/python3.12/site-packages/airflow/example_dags/example_params_trigger_ui.py
[2026-04-24T10:23:18.451+0000] {logging_mixin.py:190} INFO - [2026-04-24T10:23:18.451+0000] {dag.py:3239} INFO - Sync 1 DAGs
[2026-04-24T10:23:18.459+0000] {logging_mixin.py:190} INFO - [2026-04-24T10:23:18.459+0000] {dag.py:4180} INFO - Setting next_dagrun for example_params_trigger_ui to None, run_after=None
[2026-04-24T10:23:18.470+0000] {processor.py:208} INFO - Processing /home/airflow/.local/lib/python3.12/site-packages/airflow/example_dags/example_params_trigger_ui.py took 0.042 seconds
[2026-04-24T10:23:48.897+0000] {processor.py:186} INFO - Started process (PID=74998) to work on /home/airflow/.local/lib/python3.12/site-packages/airflow/example_dags/example_params_trigger_ui.py
[2026-04-24T10:23:48.898+0000] {processor.py:914} INFO - Processing file /home/airflow/.local/lib/python3.12/site-packages/airflow/example_dags/example_params_trigger_ui.py for tasks to queue
[2026-04-24T10:23:48.899+0000] {logging_mixin.py:190} INFO - [2026-04-24T10:23:48.899+0000] {dagbag.py:588} INFO - Filling up the DagBag from /home/airflow/.local/lib/python3.12/site-packages/airflow/example_dags/example_params_trigger_ui.py
[2026-04-24T10:23:48.905+0000] {processor.py:925} INFO - DAG(s) 'example_params_trigger_ui' retrieved from /home/airflow/.local/lib/python3.12/site-packages/airflow/example_dags/example_params_trigger_ui.py
[2026-04-24T10:23:48.920+0000] {logging_mixin.py:190} INFO - [2026-04-24T10:23:48.920+0000] {dag.py:3239} INFO - Sync 1 DAGs
[2026-04-24T10:23:48.925+0000] {logging_mixin.py:190} INFO - [2026-04-24T10:23:48.925+0000] {dag.py:4180} INFO - Setting next_dagrun for example_params_trigger_ui to None, run_after=None
[2026-04-24T10:23:48.934+0000] {processor.py:208} INFO - Processing /home/airflow/.local/lib/python3.12/site-packages/airflow/example_dags/example_params_trigger_ui.py took 0.039 seconds
[2026-04-24T10:24:19.357+0000] {processor.py:186} INFO - Started process (PID=75062) to work on /home/airflow/.local/lib/python3.12/site-packages/airflow/example_dags/example_params_trigger_ui.py
[2026-04-24T10:24:19.358+0000] {processor.py:914} INFO - Processing file /home/airflow/.local/lib/python3.12/site-packages/airflow/example_dags/example_params_trigger_ui.py for tasks to queue
[2026-04-24T10:24:19.359+0000] {logging_mixin.py:190} INFO - [2026-04-24T10:24:19.359+0000] {dagbag.py:588} INFO - Filling up the DagBag from /home/airflow/.local/lib/python3.12/site-packages/airflow/example_dags/example_params_trigger_ui.py
[2026-04-24T10:24:19.363+0000] {processor.py:925} INFO - DAG(s) 'example_params_trigger_ui' retrieved from /home/airflow/.local/lib/python3.12/site-packages/airflow/example_dags/example_params_trigger_ui.py
[2026-04-24T10:24:19.381+0000] {logging_mixin.py:190} INFO - [2026-04-24T10:24:19.381+0000] {dag.py:3239} INFO - Sync 1 DAGs
[2026-04-24T10:24:19.386+0000] {logging_mixin.py:190} INFO - [2026-04-24T10:24:19.386+0000] {dag.py:4180} INFO - Setting next_dagrun for example_params_trigger_ui to None, run_after=None
[2026-04-24T10:24:19.392+0000] {processor.py:208} INFO - Processing /home/airflow/.local/lib/python3.12/site-packages/airflow/example_dags/example_params_trigger_ui.py took 0.038 seconds
[2026-04-24T10:24:49.772+0000] {processor.py:186} INFO - Started process (PID=75126) to work on /home/airflow/.local/lib/python3.12/site-packages/airflow/example_dags/example_params_trigger_ui.py
[2026-04-24T10:24:49.773+0000] {processor.py:914} INFO - Processing file /home/airflow/.local/lib/python3.12/site-packages/airflow/example_dags/example_params_trigger_ui.py for tasks to queue
[2026-04-24T10:24:49.774+0000] {logging_mixin.py:190} INFO - [2026-04-24T10:24:49.774+0000] {dagbag.py:588} INFO - Filling up the DagBag from /home/airflow/.local/lib/python3.12/site-packages/airflow/example_dags/example_params_trigger_ui.py
[2026-04-24T10:24:49.781+0000] {processor.py:925} INFO - DAG(s) 'example_params_trigger_ui' retrieved from /home/airflow/.local/lib/python3.12/site-packages/airflow/example_dags/example_params_trigger_ui.py
[2026-04-24T10:24:49.798+0000] {logging_mixin.py:190} INFO - [2026-04-24T10:24:49.798+0000] {dag.py:3239} INFO - Sync 1 DAGs
[2026-04-24T10:24:49.803+0000] {logging_mixin.py:190} INFO - [2026-04-24T10:24:49.803+0000] {dag.py:4180} INFO - Setting next_dagrun for example_params_trigger_ui to None, run_after=None
[2026-04-24T10:24:49.809+0000] {processor.py:208} INFO - Processing /home/airflow/.local/lib/python3.12/site-packages/airflow/example_dags/example_params_trigger_ui.py took 0.039 seconds
[2026-04-24T10:25:20.181+0000] {processor.py:186} INFO - Started process (PID=75190) to work on /home/airflow/.local/lib/python3.12/site-packages/airflow/example_dags/example_params_trigger_ui.py
[2026-04-24T10:25:20.182+0000] {processor.py:914} INFO - Processing file /home/airflow/.local/lib/python3.12/site-packages/airflow/example_dags/example_params_trigger_ui.py for tasks to queue
[2026-04-24T10:25:20.183+0000] {logging_mixin.py:190} INFO - [2026-04-24T10:25:20.183+0000] {dagbag.py:588} INFO - Filling up the DagBag from /home/airflow/.local/lib/python3.12/site-packages/airflow/example_dags/example_params_trigger_ui.py
[2026-04-24T10:25:20.188+0000] {processor.py:925} INFO - DAG(s) 'example_params_trigger_ui' retrieved from /home/airflow/.local/lib/python3.12/site-packages/airflow/example_dags/example_params_trigger_ui.py
[2026-04-24T10:25:20.203+0000] {logging_mixin.py:190} INFO - [2026-04-24T10:25:20.203+0000] {dag.py:3239} INFO - Sync 1 DAGs
[2026-04-24T10:25:20.208+0000] {logging_mixin.py:190} INFO - [2026-04-24T10:25:20.208+0000] {dag.py:4180} INFO - Setting next_dagrun for example_params_trigger_ui to None, run_after=None
[2026-04-24T10:25:20.216+0000] {processor.py:208} INFO - Processing /home/airflow/.local/lib/python3.12/site-packages/airflow/example_dags/example_params_trigger_ui.py took 0.037 seconds
[2026-04-24T10:25:51.290+0000] {processor.py:186} INFO - Started process (PID=75254) to work on /home/airflow/.local/lib/python3.12/site-packages/airflow/example_dags/example_params_trigger_ui.py
[2026-04-24T10:25:51.291+0000] {processor.py:914} INFO - Processing file /home/airflow/.local/lib/python3.12/site-packages/airflow/example_dags/example_params_trigger_ui.py for tasks to queue
[2026-04-24T10:25:51.292+0000] {logging_mixin.py:190} INFO - [2026-04-24T10:25:51.291+0000] {dagbag.py:588} INFO - Filling up the DagBag from /home/airflow/.local/lib/python3.12/site-packages/airflow/example_dags/example_params_trigger_ui.py
[2026-04-24T10:25:51.296+0000] {processor.py:925} INFO - DAG(s) 'example_params_trigger_ui' retrieved from /home/airflow/.local/lib/python3.12/site-packages/airflow/example_dags/example_params_trigger_ui.py
[2026-04-24T10:25:51.309+0000] {logging_mixin.py:190} INFO - [2026-04-24T10:25:51.309+0000] {dag.py:3239} INFO - Sync 1 DAGs
[2026-04-24T10:25:51.314+0000] {logging_mixin.py:190} INFO - [2026-04-24T10:25:51.314+0000] {dag.py:4180} INFO - Setting next_dagrun for example_params_trigger_ui to None, run_after=None
[2026-04-24T10:25:51.320+0000] {processor.py:208} INFO - Processing /home/airflow/.local/lib/python3.12/site-packages/airflow/example_dags/example_params_trigger_ui.py took 0.032 seconds
[2026-04-24T10:26:22.641+0000] {processor.py:186} INFO - Started process (PID=75317) to work on /home/airflow/.local/lib/python3.12/site-packages/airflow/example_dags/example_params_trigger_ui.py
[2026-04-24T10:26:22.641+0000] {processor.py:914} INFO - Processing file /home/airflow/.local/lib/python3.12/site-packages/airflow/example_dags/example_params_trigger_ui.py for tasks to queue
[2026-04-24T10:26:22.643+0000] {logging_mixin.py:190} INFO - [2026-04-24T10:26:22.642+0000] {dagbag.py:588} INFO - Filling up the DagBag from /home/airflow/.local/lib/python3.12/site-packages/airflow/example_dags/example_params_trigger_ui.py
[2026-04-24T10:26:22.649+0000] {processor.py:925} INFO - DAG(s) 'example_params_trigger_ui' retrieved from /home/airflow/.local/lib/python3.12/site-packages/airflow/example_dags/example_params_trigger_ui.py
[2026-04-24T10:26:22.666+0000] {logging_mixin.py:190} INFO - [2026-04-24T10:26:22.666+0000] {dag.py:3239} INFO - Sync 1 DAGs
[2026-04-24T10:26:22.671+0000] {logging_mixin.py:190} INFO - [2026-04-24T10:26:22.671+0000] {dag.py:4180} INFO - Setting next_dagrun for example_params_trigger_ui to None, run_after=None
[2026-04-24T10:26:22.677+0000] {processor.py:208} INFO - Processing /home/airflow/.local/lib/python3.12/site-packages/airflow/example_dags/example_params_trigger_ui.py took 0.039 seconds
[2026-04-24T10:26:53.808+0000] {processor.py:186} INFO - Started process (PID=75381) to work on /home/airflow/.local/lib/python3.12/site-packages/airflow/example_dags/example_params_trigger_ui.py
[2026-04-24T10:26:53.809+0000] {processor.py:914} INFO - Processing file /home/airflow/.local/lib/python3.12/site-packages/airflow/example_dags/example_params_trigger_ui.py for tasks to queue
[2026-04-24T10:26:53.810+0000] {logging_mixin.py:190} INFO - [2026-04-24T10:26:53.810+0000] {dagbag.py:588} INFO - Filling up the DagBag from /home/airflow/.local/lib/python3.12/site-packages/airflow/example_dags/example_params_trigger_ui.py
[2026-04-24T10:26:53.814+0000] {processor.py:925} INFO - DAG(s) 'example_params_trigger_ui' retrieved from /home/airflow/.local/lib/python3.12/site-packages/airflow/example_dags/example_params_trigger_ui.py
[2026-04-24T10:26:53.828+0000] {logging_mixin.py:190} INFO - [2026-04-24T10:26:53.828+0000] {dag.py:3239} INFO - Sync 1 DAGs
[2026-04-24T10:26:53.833+0000] {logging_mixin.py:190} INFO - [2026-04-24T10:26:53.833+0000] {dag.py:4180} INFO - Setting next_dagrun for example_params_trigger_ui to None, run_after=None
[2026-04-24T10:26:53.839+0000] {processor.py:208} INFO - Processing /home/airflow/.local/lib/python3.12/site-packages/airflow/example_dags/example_params_trigger_ui.py took 0.033 seconds
[2026-04-24T10:27:25.198+0000] {processor.py:186} INFO - Started process (PID=75445) to work on /home/airflow/.local/lib/python3.12/site-packages/airflow/example_dags/example_params_trigger_ui.py
[2026-04-24T10:27:25.198+0000] {processor.py:914} INFO - Processing file /home/airflow/.local/lib/python3.12/site-packages/airflow/example_dags/example_params_trigger_ui.py for tasks to queue
[2026-04-24T10:27:25.199+0000] {logging_mixin.py:190} INFO - [2026-04-24T10:27:25.199+0000] {dagbag.py:588} INFO - Filling up the DagBag from /home/airflow/.local/lib/python3.12/site-packages/airflow/example_dags/example_params_trigger_ui.py
[2026-04-24T10:27:25.203+0000] {processor.py:925} INFO - DAG(s) 'example_params_trigger_ui' retrieved from /home/airflow/.local/lib/python3.12/site-packages/airflow/example_dags/example_params_trigger_ui.py
[2026-04-24T10:27:25.216+0000] {logging_mixin.py:190} INFO - [2026-04-24T10:27:25.216+0000] {dag.py:3239} INFO - Sync 1 DAGs
[2026-04-24T10:27:25.222+0000] {logging_mixin.py:190} INFO - [2026-04-24T10:27:25.221+0000] {dag.py:4180} INFO - Setting next_dagrun for example_params_trigger_ui to None, run_after=None
[2026-04-24T10:27:25.227+0000] {processor.py:208} INFO - Processing /home/airflow/.local/lib/python3.12/site-packages/airflow/example_dags/example_params_trigger_ui.py took 0.032 seconds
[2026-04-24T10:27:56.447+0000] {processor.py:186} INFO - Started process (PID=75509) to work on /home/airflow/.local/lib/python3.12/site-packages/airflow/example_dags/example_params_trigger_ui.py
[2026-04-24T10:27:56.447+0000] {processor.py:914} INFO - Processing file /home/airflow/.local/lib/python3.12/site-packages/airflow/example_dags/example_params_trigger_ui.py for tasks to queue
[2026-04-24T10:27:56.448+0000] {logging_mixin.py:190} INFO - [2026-04-24T10:27:56.448+0000] {dagbag.py:588} INFO - Filling up the DagBag from /home/airflow/.local/lib/python3.12/site-packages/airflow/example_dags/example_params_trigger_ui.py
[2026-04-24T10:27:56.453+0000] {processor.py:925} INFO - DAG(s) 'example_params_trigger_ui' retrieved from /home/airflow/.local/lib/python3.12/site-packages/airflow/example_dags/example_params_trigger_ui.py
[2026-04-24T10:27:56.466+0000] {logging_mixin.py:190} INFO - [2026-04-24T10:27:56.466+0000] {dag.py:3239} INFO - Sync 1 DAGs
[2026-04-24T10:27:56.471+0000] {logging_mixin.py:190} INFO - [2026-04-24T10:27:56.471+0000] {dag.py:4180} INFO - Setting next_dagrun for example_params_trigger_ui to None, run_after=None
[2026-04-24T10:27:56.477+0000] {processor.py:208} INFO - Processing /home/airflow/.local/lib/python3.12/site-packages/airflow/example_dags/example_params_trigger_ui.py took 0.032 seconds
[2026-04-24T10:28:27.822+0000] {processor.py:186} INFO - Started process (PID=75573) to work on /home/airflow/.local/lib/python3.12/site-packages/airflow/example_dags/example_params_trigger_ui.py
[2026-04-24T10:28:27.823+0000] {processor.py:914} INFO - Processing file /home/airflow/.local/lib/python3.12/site-packages/airflow/example_dags/example_params_trigger_ui.py for tasks to queue
[2026-04-24T10:28:27.823+0000] {logging_mixin.py:190} INFO - [2026-04-24T10:28:27.823+0000] {dagbag.py:588} INFO - Filling up the DagBag from /home/airflow/.local/lib/python3.12/site-packages/airflow/example_dags/example_params_trigger_ui.py
[2026-04-24T10:28:27.828+0000] {processor.py:925} INFO - DAG(s) 'example_params_trigger_ui' retrieved from /home/airflow/.local/lib/python3.12/site-packages/airflow/example_dags/example_params_trigger_ui.py
[2026-04-24T10:28:27.842+0000] {logging_mixin.py:190} INFO - [2026-04-24T10:28:27.842+0000] {dag.py:3239} INFO - Sync 1 DAGs
[2026-04-24T10:28:27.846+0000] {logging_mixin.py:190} INFO - [2026-04-24T10:28:27.846+0000] {dag.py:4180} INFO - Setting next_dagrun for example_params_trigger_ui to None, run_after=None
[2026-04-24T10:28:27.853+0000] {processor.py:208} INFO - Processing /home/airflow/.local/lib/python3.12/site-packages/airflow/example_dags/example_params_trigger_ui.py took 0.033 seconds
[2026-04-24T10:28:58.261+0000] {processor.py:186} INFO - Started process (PID=75637) to work on /home/airflow/.local/lib/python3.12/site-packages/airflow/example_dags/example_params_trigger_ui.py
[2026-04-24T10:28:58.261+0000] {processor.py:914} INFO - Processing file /home/airflow/.local/lib/python3.12/site-packages/airflow/example_dags/example_params_trigger_ui.py for tasks to queue
[2026-04-24T10:28:58.262+0000] {logging_mixin.py:190} INFO - [2026-04-24T10:28:58.262+0000] {dagbag.py:588} INFO - Filling up the DagBag from /home/airflow/.local/lib/python3.12/site-packages/airflow/example_dags/example_params_trigger_ui.py
[2026-04-24T10:28:58.267+0000] {processor.py:925} INFO - DAG(s) 'example_params_trigger_ui' retrieved from /home/airflow/.local/lib/python3.12/site-packages/airflow/example_dags/example_params_trigger_ui.py
[2026-04-24T10:28:58.281+0000] {logging_mixin.py:190} INFO - [2026-04-24T10:28:58.281+0000] {dag.py:3239} INFO - Sync 1 DAGs
[2026-04-24T10:28:58.286+0000] {logging_mixin.py:190} INFO - [2026-04-24T10:28:58.286+0000] {dag.py:4180} INFO - Setting next_dagrun for example_params_trigger_ui to None, run_after=None
[2026-04-24T10:28:58.293+0000] {processor.py:208} INFO - Processing /home/airflow/.local/lib/python3.12/site-packages/airflow/example_dags/example_params_trigger_ui.py took 0.034 seconds
[2026-04-24T10:29:28.734+0000] {processor.py:186} INFO - Started process (PID=75701) to work on /home/airflow/.local/lib/python3.12/site-packages/airflow/example_dags/example_params_trigger_ui.py
[2026-04-24T10:29:28.736+0000] {processor.py:914} INFO - Processing file /home/airflow/.local/lib/python3.12/site-packages/airflow/example_dags/example_params_trigger_ui.py for tasks to queue
[2026-04-24T10:29:28.738+0000] {logging_mixin.py:190} INFO - [2026-04-24T10:29:28.738+0000] {dagbag.py:588} INFO - Filling up the DagBag from /home/airflow/.local/lib/python3.12/site-packages/airflow/example_dags/example_params_trigger_ui.py
[2026-04-24T10:29:28.742+0000] {processor.py:925} INFO - DAG(s) 'example_params_trigger_ui' retrieved from /home/airflow/.local/lib/python3.12/site-packages/airflow/example_dags/example_params_trigger_ui.py
[2026-04-24T10:29:28.755+0000] {logging_mixin.py:190} INFO - [2026-04-24T10:29:28.755+0000] {dag.py:3239} INFO - Sync 1 DAGs
[2026-04-24T10:29:28.760+0000] {logging_mixin.py:190} INFO - [2026-04-24T10:29:28.760+0000] {dag.py:4180} INFO - Setting next_dagrun for example_params_trigger_ui to None, run_after=None
[2026-04-24T10:29:28.766+0000] {processor.py:208} INFO - Processing /home/airflow/.local/lib/python3.12/site-packages/airflow/example_dags/example_params_trigger_ui.py took 0.034 seconds
[2026-04-24T10:29:59.033+0000] {processor.py:186} INFO - Started process (PID=75764) to work on /home/airflow/.local/lib/python3.12/site-packages/airflow/example_dags/example_params_trigger_ui.py
[2026-04-24T10:29:59.034+0000] {processor.py:914} INFO - Processing file /home/airflow/.local/lib/python3.12/site-packages/airflow/example_dags/example_params_trigger_ui.py for tasks to queue
[2026-04-24T10:29:59.035+0000] {logging_mixin.py:190} INFO - [2026-04-24T10:29:59.035+0000] {dagbag.py:588} INFO - Filling up the DagBag from /home/airflow/.local/lib/python3.12/site-packages/airflow/example_dags/example_params_trigger_ui.py
[2026-04-24T10:29:59.039+0000] {processor.py:925} INFO - DAG(s) 'example_params_trigger_ui' retrieved from /home/airflow/.local/lib/python3.12/site-packages/airflow/example_dags/example_params_trigger_ui.py
[2026-04-24T10:29:59.058+0000] {logging_mixin.py:190} INFO - [2026-04-24T10:29:59.058+0000] {dag.py:3239} INFO - Sync 1 DAGs
[2026-04-24T10:29:59.062+0000] {logging_mixin.py:190} INFO - [2026-04-24T10:29:59.062+0000] {dag.py:4180} INFO - Setting next_dagrun for example_params_trigger_ui to None, run_after=None
[2026-04-24T10:29:59.069+0000] {processor.py:208} INFO - Processing /home/airflow/.local/lib/python3.12/site-packages/airflow/example_dags/example_params_trigger_ui.py took 0.038 seconds
[2026-04-24T10:30:30.468+0000] {processor.py:186} INFO - Started process (PID=75829) to work on /home/airflow/.local/lib/python3.12/site-packages/airflow/example_dags/example_params_trigger_ui.py
[2026-04-24T10:30:30.468+0000] {processor.py:914} INFO - Processing file /home/airflow/.local/lib/python3.12/site-packages/airflow/example_dags/example_params_trigger_ui.py for tasks to queue
[2026-04-24T10:30:30.469+0000] {logging_mixin.py:190} INFO - [2026-04-24T10:30:30.469+0000] {dagbag.py:588} INFO - Filling up the DagBag from /home/airflow/.local/lib/python3.12/site-packages/airflow/example_dags/example_params_trigger_ui.py
[2026-04-24T10:30:30.474+0000] {processor.py:925} INFO - DAG(s) 'example_params_trigger_ui' retrieved from /home/airflow/.local/lib/python3.12/site-packages/airflow/example_dags/example_params_trigger_ui.py
[2026-04-24T10:30:30.488+0000] {logging_mixin.py:190} INFO - [2026-04-24T10:30:30.488+0000] {dag.py:3239} INFO - Sync 1 DAGs
[2026-04-24T10:30:30.493+0000] {logging_mixin.py:190} INFO - [2026-04-24T10:30:30.493+0000] {dag.py:4180} INFO - Setting next_dagrun for example_params_trigger_ui to None, run_after=None
[2026-04-24T10:30:30.498+0000] {processor.py:208} INFO - Processing /home/airflow/.local/lib/python3.12/site-packages/airflow/example_dags/example_params_trigger_ui.py took 0.033 seconds
[2026-04-24T10:31:01.972+0000] {processor.py:186} INFO - Started process (PID=75893) to work on /home/airflow/.local/lib/python3.12/site-packages/airflow/example_dags/example_params_trigger_ui.py
[2026-04-24T10:31:01.972+0000] {processor.py:914} INFO - Processing file /home/airflow/.local/lib/python3.12/site-packages/airflow/example_dags/example_params_trigger_ui.py for tasks to queue
[2026-04-24T10:31:01.973+0000] {logging_mixin.py:190} INFO - [2026-04-24T10:31:01.973+0000] {dagbag.py:588} INFO - Filling up the DagBag from /home/airflow/.local/lib/python3.12/site-packages/airflow/example_dags/example_params_trigger_ui.py
[2026-04-24T10:31:01.978+0000] {processor.py:925} INFO - DAG(s) 'example_params_trigger_ui' retrieved from /home/airflow/.local/lib/python3.12/site-packages/airflow/example_dags/example_params_trigger_ui.py
[2026-04-24T10:31:01.992+0000] {logging_mixin.py:190} INFO - [2026-04-24T10:31:01.992+0000] {dag.py:3239} INFO - Sync 1 DAGs
[2026-04-24T10:31:01.997+0000] {logging_mixin.py:190} INFO - [2026-04-24T10:31:01.997+0000] {dag.py:4180} INFO - Setting next_dagrun for example_params_trigger_ui to None, run_after=None
[2026-04-24T10:31:02.003+0000] {processor.py:208} INFO - Processing /home/airflow/.local/lib/python3.12/site-packages/airflow/example_dags/example_params_trigger_ui.py took 0.034 seconds
[2026-04-24T10:31:32.473+0000] {processor.py:186} INFO - Started process (PID=75956) to work on /home/airflow/.local/lib/python3.12/site-packages/airflow/example_dags/example_params_trigger_ui.py
[2026-04-24T10:31:32.474+0000] {processor.py:914} INFO - Processing file /home/airflow/.local/lib/python3.12/site-packages/airflow/example_dags/example_params_trigger_ui.py for tasks to queue
[2026-04-24T10:31:32.475+0000] {logging_mixin.py:190} INFO - [2026-04-24T10:31:32.475+0000] {dagbag.py:588} INFO - Filling up the DagBag from /home/airflow/.local/lib/python3.12/site-packages/airflow/example_dags/example_params_trigger_ui.py
[2026-04-24T10:31:32.479+0000] {processor.py:925} INFO - DAG(s) 'example_params_trigger_ui' retrieved from /home/airflow/.local/lib/python3.12/site-packages/airflow/example_dags/example_params_trigger_ui.py
[2026-04-24T10:31:32.492+0000] {logging_mixin.py:190} INFO - [2026-04-24T10:31:32.492+0000] {dag.py:3239} INFO - Sync 1 DAGs
[2026-04-24T10:31:32.497+0000] {logging_mixin.py:190} INFO - [2026-04-24T10:31:32.497+0000] {dag.py:4180} INFO - Setting next_dagrun for example_params_trigger_ui to None, run_after=None
[2026-04-24T10:31:32.502+0000] {processor.py:208} INFO - Processing /home/airflow/.local/lib/python3.12/site-packages/airflow/example_dags/example_params_trigger_ui.py took 0.031 seconds
[2026-04-24T10:32:02.844+0000] {processor.py:186} INFO - Started process (PID=76021) to work on /home/airflow/.local/lib/python3.12/site-packages/airflow/example_dags/example_params_trigger_ui.py
[2026-04-24T10:32:02.844+0000] {processor.py:914} INFO - Processing file /home/airflow/.local/lib/python3.12/site-packages/airflow/example_dags/example_params_trigger_ui.py for tasks to queue
[2026-04-24T10:32:02.845+0000] {logging_mixin.py:190} INFO - [2026-04-24T10:32:02.845+0000] {dagbag.py:588} INFO - Filling up the DagBag from /home/airflow/.local/lib/python3.12/site-packages/airflow/example_dags/example_params_trigger_ui.py
[2026-04-24T10:32:02.850+0000] {processor.py:925} INFO - DAG(s) 'example_params_trigger_ui' retrieved from /home/airflow/.local/lib/python3.12/site-packages/airflow/example_dags/example_params_trigger_ui.py
[2026-04-24T10:32:02.870+0000] {logging_mixin.py:190} INFO - [2026-04-24T10:32:02.870+0000] {dag.py:3239} INFO - Sync 1 DAGs
[2026-04-24T10:32:02.877+0000] {logging_mixin.py:190} INFO - [2026-04-24T10:32:02.877+0000] {dag.py:4180} INFO - Setting next_dagrun for example_params_trigger_ui to None, run_after=None
[2026-04-24T10:32:02.885+0000] {processor.py:208} INFO - Processing /home/airflow/.local/lib/python3.12/site-packages/airflow/example_dags/example_params_trigger_ui.py took 0.044 seconds
[2026-04-24T10:32:33.405+0000] {processor.py:186} INFO - Started process (PID=76085) to work on /home/airflow/.local/lib/python3.12/site-packages/airflow/example_dags/example_params_trigger_ui.py
[2026-04-24T10:32:33.406+0000] {processor.py:914} INFO - Processing file /home/airflow/.local/lib/python3.12/site-packages/airflow/example_dags/example_params_trigger_ui.py for tasks to queue
[2026-04-24T10:32:33.406+0000] {logging_mixin.py:190} INFO - [2026-04-24T10:32:33.406+0000] {dagbag.py:588} INFO - Filling up the DagBag from /home/airflow/.local/lib/python3.12/site-packages/airflow/example_dags/example_params_trigger_ui.py
[2026-04-24T10:32:33.411+0000] {processor.py:925} INFO - DAG(s) 'example_params_trigger_ui' retrieved from /home/airflow/.local/lib/python3.12/site-packages/airflow/example_dags/example_params_trigger_ui.py
[2026-04-24T10:32:33.428+0000] {logging_mixin.py:190} INFO - [2026-04-24T10:32:33.427+0000] {dag.py:3239} INFO - Sync 1 DAGs
[2026-04-24T10:32:33.434+0000] {logging_mixin.py:190} INFO - [2026-04-24T10:32:33.433+0000] {dag.py:4180} INFO - Setting next_dagrun for example_params_trigger_ui to None, run_after=None
[2026-04-24T10:32:33.443+0000] {processor.py:208} INFO - Processing /home/airflow/.local/lib/python3.12/site-packages/airflow/example_dags/example_params_trigger_ui.py took 0.041 seconds
[2026-04-24T10:33:03.820+0000] {processor.py:186} INFO - Started process (PID=76149) to work on /home/airflow/.local/lib/python3.12/site-packages/airflow/example_dags/example_params_trigger_ui.py
[2026-04-24T10:33:03.820+0000] {processor.py:914} INFO - Processing file /home/airflow/.local/lib/python3.12/site-packages/airflow/example_dags/example_params_trigger_ui.py for tasks to queue
[2026-04-24T10:33:03.821+0000] {logging_mixin.py:190} INFO - [2026-04-24T10:33:03.821+0000] {dagbag.py:588} INFO - Filling up the DagBag from /home/airflow/.local/lib/python3.12/site-packages/airflow/example_dags/example_params_trigger_ui.py
[2026-04-24T10:33:03.825+0000] {processor.py:925} INFO - DAG(s) 'example_params_trigger_ui' retrieved from /home/airflow/.local/lib/python3.12/site-packages/airflow/example_dags/example_params_trigger_ui.py
[2026-04-24T10:33:03.839+0000] {logging_mixin.py:190} INFO - [2026-04-24T10:33:03.839+0000] {dag.py:3239} INFO - Sync 1 DAGs
[2026-04-24T10:33:03.844+0000] {logging_mixin.py:190} INFO - [2026-04-24T10:33:03.844+0000] {dag.py:4180} INFO - Setting next_dagrun for example_params_trigger_ui to None, run_after=None
[2026-04-24T10:33:03.853+0000] {processor.py:208} INFO - Processing /home/airflow/.local/lib/python3.12/site-packages/airflow/example_dags/example_params_trigger_ui.py took 0.036 seconds
[2026-04-24T10:33:35.179+0000] {processor.py:186} INFO - Started process (PID=76214) to work on /home/airflow/.local/lib/python3.12/site-packages/airflow/example_dags/example_params_trigger_ui.py
[2026-04-24T10:33:35.179+0000] {processor.py:914} INFO - Processing file /home/airflow/.local/lib/python3.12/site-packages/airflow/example_dags/example_params_trigger_ui.py for tasks to queue
[2026-04-24T10:33:35.180+0000] {logging_mixin.py:190} INFO - [2026-04-24T10:33:35.180+0000] {dagbag.py:588} INFO - Filling up the DagBag from /home/airflow/.local/lib/python3.12/site-packages/airflow/example_dags/example_params_trigger_ui.py
[2026-04-24T10:33:35.184+0000] {processor.py:925} INFO - DAG(s) 'example_params_trigger_ui' retrieved from /home/airflow/.local/lib/python3.12/site-packages/airflow/example_dags/example_params_trigger_ui.py
[2026-04-24T10:33:35.198+0000] {logging_mixin.py:190} INFO - [2026-04-24T10:33:35.198+0000] {dag.py:3239} INFO - Sync 1 DAGs
[2026-04-24T10:33:35.203+0000] {logging_mixin.py:190} INFO - [2026-04-24T10:33:35.203+0000] {dag.py:4180} INFO - Setting next_dagrun for example_params_trigger_ui to None, run_after=None
[2026-04-24T10:33:35.209+0000] {processor.py:208} INFO - Processing /home/airflow/.local/lib/python3.12/site-packages/airflow/example_dags/example_params_trigger_ui.py took 0.032 seconds
[2026-04-24T10:34:05.505+0000] {processor.py:186} INFO - Started process (PID=76278) to work on /home/airflow/.local/lib/python3.12/site-packages/airflow/example_dags/example_params_trigger_ui.py
[2026-04-24T10:34:05.505+0000] {processor.py:914} INFO - Processing file /home/airflow/.local/lib/python3.12/site-packages/airflow/example_dags/example_params_trigger_ui.py for tasks to queue
[2026-04-24T10:34:05.506+0000] {logging_mixin.py:190} INFO - [2026-04-24T10:34:05.506+0000] {dagbag.py:588} INFO - Filling up the DagBag from /home/airflow/.local/lib/python3.12/site-packages/airflow/example_dags/example_params_trigger_ui.py
[2026-04-24T10:34:05.511+0000] {processor.py:925} INFO - DAG(s) 'example_params_trigger_ui' retrieved from /home/airflow/.local/lib/python3.12/site-packages/airflow/example_dags/example_params_trigger_ui.py
[2026-04-24T10:34:05.524+0000] {logging_mixin.py:190} INFO - [2026-04-24T10:34:05.523+0000] {dag.py:3239} INFO - Sync 1 DAGs
[2026-04-24T10:34:05.528+0000] {logging_mixin.py:190} INFO - [2026-04-24T10:34:05.528+0000] {dag.py:4180} INFO - Setting next_dagrun for example_params_trigger_ui to None, run_after=None
[2026-04-24T10:34:05.534+0000] {processor.py:208} INFO - Processing /home/airflow/.local/lib/python3.12/site-packages/airflow/example_dags/example_params_trigger_ui.py took 0.032 seconds
[2026-04-24T10:34:35.929+0000] {processor.py:186} INFO - Started process (PID=76342) to work on /home/airflow/.local/lib/python3.12/site-packages/airflow/example_dags/example_params_trigger_ui.py
[2026-04-24T10:34:35.930+0000] {processor.py:914} INFO - Processing file /home/airflow/.local/lib/python3.12/site-packages/airflow/example_dags/example_params_trigger_ui.py for tasks to queue
[2026-04-24T10:34:35.931+0000] {logging_mixin.py:190} INFO - [2026-04-24T10:34:35.931+0000] {dagbag.py:588} INFO - Filling up the DagBag from /home/airflow/.local/lib/python3.12/site-packages/airflow/example_dags/example_params_trigger_ui.py
[2026-04-24T10:34:35.935+0000] {processor.py:925} INFO - DAG(s) 'example_params_trigger_ui' retrieved from /home/airflow/.local/lib/python3.12/site-packages/airflow/example_dags/example_params_trigger_ui.py
[2026-04-24T10:34:35.950+0000] {logging_mixin.py:190} INFO - [2026-04-24T10:34:35.950+0000] {dag.py:3239} INFO - Sync 1 DAGs
[2026-04-24T10:34:35.956+0000] {logging_mixin.py:190} INFO - [2026-04-24T10:34:35.956+0000] {dag.py:4180} INFO - Setting next_dagrun for example_params_trigger_ui to None, run_after=None
[2026-04-24T10:34:35.962+0000] {processor.py:208} INFO - Processing /home/airflow/.local/lib/python3.12/site-packages/airflow/example_dags/example_params_trigger_ui.py took 0.035 seconds
[2026-04-24T10:35:07.238+0000] {processor.py:186} INFO - Started process (PID=76406) to work on /home/airflow/.local/lib/python3.12/site-packages/airflow/example_dags/example_params_trigger_ui.py
[2026-04-24T10:35:07.238+0000] {processor.py:914} INFO - Processing file /home/airflow/.local/lib/python3.12/site-packages/airflow/example_dags/example_params_trigger_ui.py for tasks to queue
[2026-04-24T10:35:07.239+0000] {logging_mixin.py:190} INFO - [2026-04-24T10:35:07.239+0000] {dagbag.py:588} INFO - Filling up the DagBag from /home/airflow/.local/lib/python3.12/site-packages/airflow/example_dags/example_params_trigger_ui.py
[2026-04-24T10:35:07.244+0000] {processor.py:925} INFO - DAG(s) 'example_params_trigger_ui' retrieved from /home/airflow/.local/lib/python3.12/site-packages/airflow/example_dags/example_params_trigger_ui.py
[2026-04-24T10:35:07.257+0000] {logging_mixin.py:190} INFO - [2026-04-24T10:35:07.257+0000] {dag.py:3239} INFO - Sync 1 DAGs
[2026-04-24T10:35:07.262+0000] {logging_mixin.py:190} INFO - [2026-04-24T10:35:07.262+0000] {dag.py:4180} INFO - Setting next_dagrun for example_params_trigger_ui to None, run_after=None
[2026-04-24T10:35:07.267+0000] {processor.py:208} INFO - Processing /home/airflow/.local/lib/python3.12/site-packages/airflow/example_dags/example_params_trigger_ui.py took 0.032 seconds
[2026-04-24T10:35:37.685+0000] {processor.py:186} INFO - Started process (PID=76470) to work on /home/airflow/.local/lib/python3.12/site-packages/airflow/example_dags/example_params_trigger_ui.py
[2026-04-24T10:35:37.686+0000] {processor.py:914} INFO - Processing file /home/airflow/.local/lib/python3.12/site-packages/airflow/example_dags/example_params_trigger_ui.py for tasks to queue
[2026-04-24T10:35:37.687+0000] {logging_mixin.py:190} INFO - [2026-04-24T10:35:37.687+0000] {dagbag.py:588} INFO - Filling up the DagBag from /home/airflow/.local/lib/python3.12/site-packages/airflow/example_dags/example_params_trigger_ui.py
[2026-04-24T10:35:37.692+0000] {processor.py:925} INFO - DAG(s) 'example_params_trigger_ui' retrieved from /home/airflow/.local/lib/python3.12/site-packages/airflow/example_dags/example_params_trigger_ui.py
[2026-04-24T10:35:37.707+0000] {logging_mixin.py:190} INFO - [2026-04-24T10:35:37.707+0000] {dag.py:3239} INFO - Sync 1 DAGs
[2026-04-24T10:35:37.712+0000] {logging_mixin.py:190} INFO - [2026-04-24T10:35:37.712+0000] {dag.py:4180} INFO - Setting next_dagrun for example_params_trigger_ui to None, run_after=None
[2026-04-24T10:35:37.718+0000] {processor.py:208} INFO - Processing /home/airflow/.local/lib/python3.12/site-packages/airflow/example_dags/example_params_trigger_ui.py took 0.035 seconds
[2026-04-24T10:36:08.008+0000] {processor.py:186} INFO - Started process (PID=76534) to work on /home/airflow/.local/lib/python3.12/site-packages/airflow/example_dags/example_params_trigger_ui.py
[2026-04-24T10:36:08.008+0000] {processor.py:914} INFO - Processing file /home/airflow/.local/lib/python3.12/site-packages/airflow/example_dags/example_params_trigger_ui.py for tasks to queue
[2026-04-24T10:36:08.009+0000] {logging_mixin.py:190} INFO - [2026-04-24T10:36:08.009+0000] {dagbag.py:588} INFO - Filling up the DagBag from /home/airflow/.local/lib/python3.12/site-packages/airflow/example_dags/example_params_trigger_ui.py
[2026-04-24T10:36:08.014+0000] {processor.py:925} INFO - DAG(s) 'example_params_trigger_ui' retrieved from /home/airflow/.local/lib/python3.12/site-packages/airflow/example_dags/example_params_trigger_ui.py
[2026-04-24T10:36:08.027+0000] {logging_mixin.py:190} INFO - [2026-04-24T10:36:08.027+0000] {dag.py:3239} INFO - Sync 1 DAGs
[2026-04-24T10:36:08.032+0000] {logging_mixin.py:190} INFO - [2026-04-24T10:36:08.032+0000] {dag.py:4180} INFO - Setting next_dagrun for example_params_trigger_ui to None, run_after=None
[2026-04-24T10:36:08.038+0000] {processor.py:208} INFO - Processing /home/airflow/.local/lib/python3.12/site-packages/airflow/example_dags/example_params_trigger_ui.py took 0.032 seconds
[2026-04-24T10:36:39.433+0000] {processor.py:186} INFO - Started process (PID=76598) to work on /home/airflow/.local/lib/python3.12/site-packages/airflow/example_dags/example_params_trigger_ui.py
[2026-04-24T10:36:39.433+0000] {processor.py:914} INFO - Processing file /home/airflow/.local/lib/python3.12/site-packages/airflow/example_dags/example_params_trigger_ui.py for tasks to queue
[2026-04-24T10:36:39.434+0000] {logging_mixin.py:190} INFO - [2026-04-24T10:36:39.434+0000] {dagbag.py:588} INFO - Filling up the DagBag from /home/airflow/.local/lib/python3.12/site-packages/airflow/example_dags/example_params_trigger_ui.py
[2026-04-24T10:36:39.439+0000] {processor.py:925} INFO - DAG(s) 'example_params_trigger_ui' retrieved from /home/airflow/.local/lib/python3.12/site-packages/airflow/example_dags/example_params_trigger_ui.py
[2026-04-24T10:36:39.453+0000] {logging_mixin.py:190} INFO - [2026-04-24T10:36:39.452+0000] {dag.py:3239} INFO - Sync 1 DAGs
[2026-04-24T10:36:39.458+0000] {logging_mixin.py:190} INFO - [2026-04-24T10:36:39.458+0000] {dag.py:4180} INFO - Setting next_dagrun for example_params_trigger_ui to None, run_after=None
[2026-04-24T10:36:39.464+0000] {processor.py:208} INFO - Processing /home/airflow/.local/lib/python3.12/site-packages/airflow/example_dags/example_params_trigger_ui.py took 0.034 seconds
[2026-04-24T10:37:09.830+0000] {processor.py:186} INFO - Started process (PID=76662) to work on /home/airflow/.local/lib/python3.12/site-packages/airflow/example_dags/example_params_trigger_ui.py
[2026-04-24T10:37:09.831+0000] {processor.py:914} INFO - Processing file /home/airflow/.local/lib/python3.12/site-packages/airflow/example_dags/example_params_trigger_ui.py for tasks to queue
[2026-04-24T10:37:09.832+0000] {logging_mixin.py:190} INFO - [2026-04-24T10:37:09.832+0000] {dagbag.py:588} INFO - Filling up the DagBag from /home/airflow/.local/lib/python3.12/site-packages/airflow/example_dags/example_params_trigger_ui.py
[2026-04-24T10:37:09.836+0000] {processor.py:925} INFO - DAG(s) 'example_params_trigger_ui' retrieved from /home/airflow/.local/lib/python3.12/site-packages/airflow/example_dags/example_params_trigger_ui.py
[2026-04-24T10:37:09.851+0000] {logging_mixin.py:190} INFO - [2026-04-24T10:37:09.850+0000] {dag.py:3239} INFO - Sync 1 DAGs
[2026-04-24T10:37:09.855+0000] {logging_mixin.py:190} INFO - [2026-04-24T10:37:09.855+0000] {dag.py:4180} INFO - Setting next_dagrun for example_params_trigger_ui to None, run_after=None
[2026-04-24T10:37:09.862+0000] {processor.py:208} INFO - Processing /home/airflow/.local/lib/python3.12/site-packages/airflow/example_dags/example_params_trigger_ui.py took 0.034 seconds
[2026-04-24T10:37:40.271+0000] {processor.py:186} INFO - Started process (PID=76726) to work on /home/airflow/.local/lib/python3.12/site-packages/airflow/example_dags/example_params_trigger_ui.py
[2026-04-24T10:37:40.271+0000] {processor.py:914} INFO - Processing file /home/airflow/.local/lib/python3.12/site-packages/airflow/example_dags/example_params_trigger_ui.py for tasks to queue
[2026-04-24T10:37:40.272+0000] {logging_mixin.py:190} INFO - [2026-04-24T10:37:40.272+0000] {dagbag.py:588} INFO - Filling up the DagBag from /home/airflow/.local/lib/python3.12/site-packages/airflow/example_dags/example_params_trigger_ui.py
[2026-04-24T10:37:40.277+0000] {processor.py:925} INFO - DAG(s) 'example_params_trigger_ui' retrieved from /home/airflow/.local/lib/python3.12/site-packages/airflow/example_dags/example_params_trigger_ui.py
[2026-04-24T10:37:40.291+0000] {logging_mixin.py:190} INFO - [2026-04-24T10:37:40.291+0000] {dag.py:3239} INFO - Sync 1 DAGs
[2026-04-24T10:37:40.296+0000] {logging_mixin.py:190} INFO - [2026-04-24T10:37:40.296+0000] {dag.py:4180} INFO - Setting next_dagrun for example_params_trigger_ui to None, run_after=None
[2026-04-24T10:37:40.302+0000] {processor.py:208} INFO - Processing /home/airflow/.local/lib/python3.12/site-packages/airflow/example_dags/example_params_trigger_ui.py took 0.033 seconds
[2026-04-24T10:38:10.627+0000] {processor.py:186} INFO - Started process (PID=76790) to work on /home/airflow/.local/lib/python3.12/site-packages/airflow/example_dags/example_params_trigger_ui.py
[2026-04-24T10:38:10.627+0000] {processor.py:914} INFO - Processing file /home/airflow/.local/lib/python3.12/site-packages/airflow/example_dags/example_params_trigger_ui.py for tasks to queue
[2026-04-24T10:38:10.628+0000] {logging_mixin.py:190} INFO - [2026-04-24T10:38:10.628+0000] {dagbag.py:588} INFO - Filling up the DagBag from /home/airflow/.local/lib/python3.12/site-packages/airflow/example_dags/example_params_trigger_ui.py
[2026-04-24T10:38:10.633+0000] {processor.py:925} INFO - DAG(s) 'example_params_trigger_ui' retrieved from /home/airflow/.local/lib/python3.12/site-packages/airflow/example_dags/example_params_trigger_ui.py
[2026-04-24T10:38:10.647+0000] {logging_mixin.py:190} INFO - [2026-04-24T10:38:10.646+0000] {dag.py:3239} INFO - Sync 1 DAGs
[2026-04-24T10:38:10.651+0000] {logging_mixin.py:190} INFO - [2026-04-24T10:38:10.651+0000] {dag.py:4180} INFO - Setting next_dagrun for example_params_trigger_ui to None, run_after=None
[2026-04-24T10:38:10.657+0000] {processor.py:208} INFO - Processing /home/airflow/.local/lib/python3.12/site-packages/airflow/example_dags/example_params_trigger_ui.py took 0.032 seconds
[2026-04-24T10:38:41.124+0000] {processor.py:186} INFO - Started process (PID=76854) to work on /home/airflow/.local/lib/python3.12/site-packages/airflow/example_dags/example_params_trigger_ui.py
[2026-04-24T10:38:41.124+0000] {processor.py:914} INFO - Processing file /home/airflow/.local/lib/python3.12/site-packages/airflow/example_dags/example_params_trigger_ui.py for tasks to queue
[2026-04-24T10:38:41.125+0000] {logging_mixin.py:190} INFO - [2026-04-24T10:38:41.125+0000] {dagbag.py:588} INFO - Filling up the DagBag from /home/airflow/.local/lib/python3.12/site-packages/airflow/example_dags/example_params_trigger_ui.py
[2026-04-24T10:38:41.130+0000] {processor.py:925} INFO - DAG(s) 'example_params_trigger_ui' retrieved from /home/airflow/.local/lib/python3.12/site-packages/airflow/example_dags/example_params_trigger_ui.py
[2026-04-24T10:38:41.145+0000] {logging_mixin.py:190} INFO - [2026-04-24T10:38:41.144+0000] {dag.py:3239} INFO - Sync 1 DAGs
[2026-04-24T10:38:41.150+0000] {logging_mixin.py:190} INFO - [2026-04-24T10:38:41.150+0000] {dag.py:4180} INFO - Setting next_dagrun for example_params_trigger_ui to None, run_after=None
[2026-04-24T10:38:41.155+0000] {processor.py:208} INFO - Processing /home/airflow/.local/lib/python3.12/site-packages/airflow/example_dags/example_params_trigger_ui.py took 0.034 seconds
[2026-04-24T10:39:11.706+0000] {processor.py:186} INFO - Started process (PID=76919) to work on /home/airflow/.local/lib/python3.12/site-packages/airflow/example_dags/example_params_trigger_ui.py
[2026-04-24T10:39:11.706+0000] {processor.py:914} INFO - Processing file /home/airflow/.local/lib/python3.12/site-packages/airflow/example_dags/example_params_trigger_ui.py for tasks to queue
[2026-04-24T10:39:11.707+0000] {logging_mixin.py:190} INFO - [2026-04-24T10:39:11.707+0000] {dagbag.py:588} INFO - Filling up the DagBag from /home/airflow/.local/lib/python3.12/site-packages/airflow/example_dags/example_params_trigger_ui.py
[2026-04-24T10:39:11.712+0000] {processor.py:925} INFO - DAG(s) 'example_params_trigger_ui' retrieved from /home/airflow/.local/lib/python3.12/site-packages/airflow/example_dags/example_params_trigger_ui.py
[2026-04-24T10:39:11.726+0000] {logging_mixin.py:190} INFO - [2026-04-24T10:39:11.726+0000] {dag.py:3239} INFO - Sync 1 DAGs
[2026-04-24T10:39:11.731+0000] {logging_mixin.py:190} INFO - [2026-04-24T10:39:11.731+0000] {dag.py:4180} INFO - Setting next_dagrun for example_params_trigger_ui to None, run_after=None
[2026-04-24T10:39:11.737+0000] {processor.py:208} INFO - Processing /home/airflow/.local/lib/python3.12/site-packages/airflow/example_dags/example_params_trigger_ui.py took 0.034 seconds
[2026-04-24T10:39:42.489+0000] {processor.py:186} INFO - Started process (PID=76983) to work on /home/airflow/.local/lib/python3.12/site-packages/airflow/example_dags/example_params_trigger_ui.py
[2026-04-24T10:39:42.490+0000] {processor.py:914} INFO - Processing file /home/airflow/.local/lib/python3.12/site-packages/airflow/example_dags/example_params_trigger_ui.py for tasks to queue
[2026-04-24T10:39:42.491+0000] {logging_mixin.py:190} INFO - [2026-04-24T10:39:42.491+0000] {dagbag.py:588} INFO - Filling up the DagBag from /home/airflow/.local/lib/python3.12/site-packages/airflow/example_dags/example_params_trigger_ui.py
[2026-04-24T10:39:42.496+0000] {processor.py:925} INFO - DAG(s) 'example_params_trigger_ui' retrieved from /home/airflow/.local/lib/python3.12/site-packages/airflow/example_dags/example_params_trigger_ui.py
[2026-04-24T10:39:42.517+0000] {logging_mixin.py:190} INFO - [2026-04-24T10:39:42.517+0000] {dag.py:3239} INFO - Sync 1 DAGs
[2026-04-24T10:39:42.528+0000] {logging_mixin.py:190} INFO - [2026-04-24T10:39:42.528+0000] {dag.py:4180} INFO - Setting next_dagrun for example_params_trigger_ui to None, run_after=None
[2026-04-24T10:39:42.536+0000] {processor.py:208} INFO - Processing /home/airflow/.local/lib/python3.12/site-packages/airflow/example_dags/example_params_trigger_ui.py took 0.049 seconds
[2026-04-24T10:40:13.290+0000] {processor.py:186} INFO - Started process (PID=77047) to work on /home/airflow/.local/lib/python3.12/site-packages/airflow/example_dags/example_params_trigger_ui.py
[2026-04-24T10:40:13.291+0000] {processor.py:914} INFO - Processing file /home/airflow/.local/lib/python3.12/site-packages/airflow/example_dags/example_params_trigger_ui.py for tasks to queue
[2026-04-24T10:40:13.293+0000] {logging_mixin.py:190} INFO - [2026-04-24T10:40:13.293+0000] {dagbag.py:588} INFO - Filling up the DagBag from /home/airflow/.local/lib/python3.12/site-packages/airflow/example_dags/example_params_trigger_ui.py
[2026-04-24T10:40:13.298+0000] {processor.py:925} INFO - DAG(s) 'example_params_trigger_ui' retrieved from /home/airflow/.local/lib/python3.12/site-packages/airflow/example_dags/example_params_trigger_ui.py
[2026-04-24T10:40:13.316+0000] {logging_mixin.py:190} INFO - [2026-04-24T10:40:13.316+0000] {dag.py:3239} INFO - Sync 1 DAGs
[2026-04-24T10:40:13.321+0000] {logging_mixin.py:190} INFO - [2026-04-24T10:40:13.321+0000] {dag.py:4180} INFO - Setting next_dagrun for example_params_trigger_ui to None, run_after=None
[2026-04-24T10:40:13.327+0000] {processor.py:208} INFO - Processing /home/airflow/.local/lib/python3.12/site-packages/airflow/example_dags/example_params_trigger_ui.py took 0.040 seconds
[2026-04-24T10:40:44.243+0000] {processor.py:186} INFO - Started process (PID=77111) to work on /home/airflow/.local/lib/python3.12/site-packages/airflow/example_dags/example_params_trigger_ui.py
[2026-04-24T10:40:44.243+0000] {processor.py:914} INFO - Processing file /home/airflow/.local/lib/python3.12/site-packages/airflow/example_dags/example_params_trigger_ui.py for tasks to queue
[2026-04-24T10:40:44.244+0000] {logging_mixin.py:190} INFO - [2026-04-24T10:40:44.244+0000] {dagbag.py:588} INFO - Filling up the DagBag from /home/airflow/.local/lib/python3.12/site-packages/airflow/example_dags/example_params_trigger_ui.py
[2026-04-24T10:40:44.249+0000] {processor.py:925} INFO - DAG(s) 'example_params_trigger_ui' retrieved from /home/airflow/.local/lib/python3.12/site-packages/airflow/example_dags/example_params_trigger_ui.py
[2026-04-24T10:40:44.269+0000] {logging_mixin.py:190} INFO - [2026-04-24T10:40:44.269+0000] {dag.py:3239} INFO - Sync 1 DAGs
[2026-04-24T10:40:44.352+0000] {logging_mixin.py:190} INFO - [2026-04-24T10:40:44.352+0000] {dag.py:4180} INFO - Setting next_dagrun for example_params_trigger_ui to None, run_after=None
[2026-04-24T10:40:44.357+0000] {processor.py:208} INFO - Processing /home/airflow/.local/lib/python3.12/site-packages/airflow/example_dags/example_params_trigger_ui.py took 0.117 seconds
[2026-04-24T10:41:14.982+0000] {processor.py:186} INFO - Started process (PID=77175) to work on /home/airflow/.local/lib/python3.12/site-packages/airflow/example_dags/example_params_trigger_ui.py
[2026-04-24T10:41:14.984+0000] {processor.py:914} INFO - Processing file /home/airflow/.local/lib/python3.12/site-packages/airflow/example_dags/example_params_trigger_ui.py for tasks to queue
[2026-04-24T10:41:14.986+0000] {logging_mixin.py:190} INFO - [2026-04-24T10:41:14.986+0000] {dagbag.py:588} INFO - Filling up the DagBag from /home/airflow/.local/lib/python3.12/site-packages/airflow/example_dags/example_params_trigger_ui.py
[2026-04-24T10:41:14.991+0000] {processor.py:925} INFO - DAG(s) 'example_params_trigger_ui' retrieved from /home/airflow/.local/lib/python3.12/site-packages/airflow/example_dags/example_params_trigger_ui.py
[2026-04-24T10:41:15.009+0000] {logging_mixin.py:190} INFO - [2026-04-24T10:41:15.009+0000] {dag.py:3239} INFO - Sync 1 DAGs
[2026-04-24T10:41:15.095+0000] {logging_mixin.py:190} INFO - [2026-04-24T10:41:15.095+0000] {dag.py:4180} INFO - Setting next_dagrun for example_params_trigger_ui to None, run_after=None
[2026-04-24T10:41:15.105+0000] {processor.py:208} INFO - Processing /home/airflow/.local/lib/python3.12/site-packages/airflow/example_dags/example_params_trigger_ui.py took 0.126 seconds
[2026-04-24T10:41:45.887+0000] {processor.py:186} INFO - Started process (PID=77239) to work on /home/airflow/.local/lib/python3.12/site-packages/airflow/example_dags/example_params_trigger_ui.py
[2026-04-24T10:41:45.887+0000] {processor.py:914} INFO - Processing file /home/airflow/.local/lib/python3.12/site-packages/airflow/example_dags/example_params_trigger_ui.py for tasks to queue
[2026-04-24T10:41:45.888+0000] {logging_mixin.py:190} INFO - [2026-04-24T10:41:45.888+0000] {dagbag.py:588} INFO - Filling up the DagBag from /home/airflow/.local/lib/python3.12/site-packages/airflow/example_dags/example_params_trigger_ui.py
[2026-04-24T10:41:45.892+0000] {processor.py:925} INFO - DAG(s) 'example_params_trigger_ui' retrieved from /home/airflow/.local/lib/python3.12/site-packages/airflow/example_dags/example_params_trigger_ui.py
[2026-04-24T10:41:45.908+0000] {logging_mixin.py:190} INFO - [2026-04-24T10:41:45.908+0000] {dag.py:3239} INFO - Sync 1 DAGs
[2026-04-24T10:41:45.912+0000] {logging_mixin.py:190} INFO - [2026-04-24T10:41:45.912+0000] {dag.py:4180} INFO - Setting next_dagrun for example_params_trigger_ui to None, run_after=None
[2026-04-24T10:41:45.922+0000] {processor.py:208} INFO - Processing /home/airflow/.local/lib/python3.12/site-packages/airflow/example_dags/example_params_trigger_ui.py took 0.037 seconds
[2026-04-24T10:42:16.627+0000] {processor.py:186} INFO - Started process (PID=77303) to work on /home/airflow/.local/lib/python3.12/site-packages/airflow/example_dags/example_params_trigger_ui.py
[2026-04-24T10:42:16.627+0000] {processor.py:914} INFO - Processing file /home/airflow/.local/lib/python3.12/site-packages/airflow/example_dags/example_params_trigger_ui.py for tasks to queue
[2026-04-24T10:42:16.628+0000] {logging_mixin.py:190} INFO - [2026-04-24T10:42:16.628+0000] {dagbag.py:588} INFO - Filling up the DagBag from /home/airflow/.local/lib/python3.12/site-packages/airflow/example_dags/example_params_trigger_ui.py
[2026-04-24T10:42:16.634+0000] {processor.py:925} INFO - DAG(s) 'example_params_trigger_ui' retrieved from /home/airflow/.local/lib/python3.12/site-packages/airflow/example_dags/example_params_trigger_ui.py
[2026-04-24T10:42:16.650+0000] {logging_mixin.py:190} INFO - [2026-04-24T10:42:16.650+0000] {dag.py:3239} INFO - Sync 1 DAGs
[2026-04-24T10:42:16.655+0000] {logging_mixin.py:190} INFO - [2026-04-24T10:42:16.655+0000] {dag.py:4180} INFO - Setting next_dagrun for example_params_trigger_ui to None, run_after=None
[2026-04-24T10:42:16.664+0000] {processor.py:208} INFO - Processing /home/airflow/.local/lib/python3.12/site-packages/airflow/example_dags/example_params_trigger_ui.py took 0.039 seconds
[2026-04-24T10:42:47.022+0000] {processor.py:186} INFO - Started process (PID=77367) to work on /home/airflow/.local/lib/python3.12/site-packages/airflow/example_dags/example_params_trigger_ui.py
[2026-04-24T10:42:47.022+0000] {processor.py:914} INFO - Processing file /home/airflow/.local/lib/python3.12/site-packages/airflow/example_dags/example_params_trigger_ui.py for tasks to queue
[2026-04-24T10:42:47.023+0000] {logging_mixin.py:190} INFO - [2026-04-24T10:42:47.023+0000] {dagbag.py:588} INFO - Filling up the DagBag from /home/airflow/.local/lib/python3.12/site-packages/airflow/example_dags/example_params_trigger_ui.py
[2026-04-24T10:42:47.028+0000] {processor.py:925} INFO - DAG(s) 'example_params_trigger_ui' retrieved from /home/airflow/.local/lib/python3.12/site-packages/airflow/example_dags/example_params_trigger_ui.py
[2026-04-24T10:42:47.047+0000] {logging_mixin.py:190} INFO - [2026-04-24T10:42:47.047+0000] {dag.py:3239} INFO - Sync 1 DAGs
[2026-04-24T10:42:47.053+0000] {logging_mixin.py:190} INFO - [2026-04-24T10:42:47.053+0000] {dag.py:4180} INFO - Setting next_dagrun for example_params_trigger_ui to None, run_after=None
[2026-04-24T10:42:47.061+0000] {processor.py:208} INFO - Processing /home/airflow/.local/lib/python3.12/site-packages/airflow/example_dags/example_params_trigger_ui.py took 0.042 seconds
[2026-04-24T10:43:17.657+0000] {processor.py:186} INFO - Started process (PID=77431) to work on /home/airflow/.local/lib/python3.12/site-packages/airflow/example_dags/example_params_trigger_ui.py
[2026-04-24T10:43:17.658+0000] {processor.py:914} INFO - Processing file /home/airflow/.local/lib/python3.12/site-packages/airflow/example_dags/example_params_trigger_ui.py for tasks to queue
[2026-04-24T10:43:17.660+0000] {logging_mixin.py:190} INFO - [2026-04-24T10:43:17.660+0000] {dagbag.py:588} INFO - Filling up the DagBag from /home/airflow/.local/lib/python3.12/site-packages/airflow/example_dags/example_params_trigger_ui.py
[2026-04-24T10:43:17.665+0000] {processor.py:925} INFO - DAG(s) 'example_params_trigger_ui' retrieved from /home/airflow/.local/lib/python3.12/site-packages/airflow/example_dags/example_params_trigger_ui.py
[2026-04-24T10:43:17.686+0000] {logging_mixin.py:190} INFO - [2026-04-24T10:43:17.685+0000] {dag.py:3239} INFO - Sync 1 DAGs
[2026-04-24T10:43:17.692+0000] {logging_mixin.py:190} INFO - [2026-04-24T10:43:17.692+0000] {dag.py:4180} INFO - Setting next_dagrun for example_params_trigger_ui to None, run_after=None
[2026-04-24T10:43:17.706+0000] {processor.py:208} INFO - Processing /home/airflow/.local/lib/python3.12/site-packages/airflow/example_dags/example_params_trigger_ui.py took 0.052 seconds
[2026-04-24T10:43:48.154+0000] {processor.py:186} INFO - Started process (PID=77495) to work on /home/airflow/.local/lib/python3.12/site-packages/airflow/example_dags/example_params_trigger_ui.py
[2026-04-24T10:43:48.156+0000] {processor.py:914} INFO - Processing file /home/airflow/.local/lib/python3.12/site-packages/airflow/example_dags/example_params_trigger_ui.py for tasks to queue
[2026-04-24T10:43:48.157+0000] {logging_mixin.py:190} INFO - [2026-04-24T10:43:48.157+0000] {dagbag.py:588} INFO - Filling up the DagBag from /home/airflow/.local/lib/python3.12/site-packages/airflow/example_dags/example_params_trigger_ui.py
[2026-04-24T10:43:48.162+0000] {processor.py:925} INFO - DAG(s) 'example_params_trigger_ui' retrieved from /home/airflow/.local/lib/python3.12/site-packages/airflow/example_dags/example_params_trigger_ui.py
[2026-04-24T10:43:48.176+0000] {logging_mixin.py:190} INFO - [2026-04-24T10:43:48.176+0000] {dag.py:3239} INFO - Sync 1 DAGs
[2026-04-24T10:43:48.181+0000] {logging_mixin.py:190} INFO - [2026-04-24T10:43:48.181+0000] {dag.py:4180} INFO - Setting next_dagrun for example_params_trigger_ui to None, run_after=None
[2026-04-24T10:43:48.187+0000] {processor.py:208} INFO - Processing /home/airflow/.local/lib/python3.12/site-packages/airflow/example_dags/example_params_trigger_ui.py took 0.035 seconds
[2026-04-24T10:44:19.477+0000] {processor.py:186} INFO - Started process (PID=77565) to work on /home/airflow/.local/lib/python3.12/site-packages/airflow/example_dags/example_params_trigger_ui.py
[2026-04-24T10:44:19.478+0000] {processor.py:914} INFO - Processing file /home/airflow/.local/lib/python3.12/site-packages/airflow/example_dags/example_params_trigger_ui.py for tasks to queue
[2026-04-24T10:44:19.479+0000] {logging_mixin.py:190} INFO - [2026-04-24T10:44:19.479+0000] {dagbag.py:588} INFO - Filling up the DagBag from /home/airflow/.local/lib/python3.12/site-packages/airflow/example_dags/example_params_trigger_ui.py
[2026-04-24T10:44:19.484+0000] {processor.py:925} INFO - DAG(s) 'example_params_trigger_ui' retrieved from /home/airflow/.local/lib/python3.12/site-packages/airflow/example_dags/example_params_trigger_ui.py
[2026-04-24T10:44:19.502+0000] {logging_mixin.py:190} INFO - [2026-04-24T10:44:19.502+0000] {dag.py:3239} INFO - Sync 1 DAGs
[2026-04-24T10:44:19.510+0000] {logging_mixin.py:190} INFO - [2026-04-24T10:44:19.510+0000] {dag.py:4180} INFO - Setting next_dagrun for example_params_trigger_ui to None, run_after=None
[2026-04-24T10:44:19.520+0000] {processor.py:208} INFO - Processing /home/airflow/.local/lib/python3.12/site-packages/airflow/example_dags/example_params_trigger_ui.py took 0.045 seconds
[2026-04-24T10:44:50.684+0000] {processor.py:186} INFO - Started process (PID=77629) to work on /home/airflow/.local/lib/python3.12/site-packages/airflow/example_dags/example_params_trigger_ui.py
[2026-04-24T10:44:50.685+0000] {processor.py:914} INFO - Processing file /home/airflow/.local/lib/python3.12/site-packages/airflow/example_dags/example_params_trigger_ui.py for tasks to queue
[2026-04-24T10:44:50.686+0000] {logging_mixin.py:190} INFO - [2026-04-24T10:44:50.686+0000] {dagbag.py:588} INFO - Filling up the DagBag from /home/airflow/.local/lib/python3.12/site-packages/airflow/example_dags/example_params_trigger_ui.py
[2026-04-24T10:44:50.693+0000] {processor.py:925} INFO - DAG(s) 'example_params_trigger_ui' retrieved from /home/airflow/.local/lib/python3.12/site-packages/airflow/example_dags/example_params_trigger_ui.py
[2026-04-24T10:44:50.717+0000] {logging_mixin.py:190} INFO - [2026-04-24T10:44:50.716+0000] {dag.py:3239} INFO - Sync 1 DAGs
[2026-04-24T10:44:50.721+0000] {logging_mixin.py:190} INFO - [2026-04-24T10:44:50.721+0000] {dag.py:4180} INFO - Setting next_dagrun for example_params_trigger_ui to None, run_after=None
[2026-04-24T10:44:50.729+0000] {processor.py:208} INFO - Processing /home/airflow/.local/lib/python3.12/site-packages/airflow/example_dags/example_params_trigger_ui.py took 0.047 seconds
[2026-04-24T10:45:21.912+0000] {processor.py:186} INFO - Started process (PID=77693) to work on /home/airflow/.local/lib/python3.12/site-packages/airflow/example_dags/example_params_trigger_ui.py
[2026-04-24T10:45:21.912+0000] {processor.py:914} INFO - Processing file /home/airflow/.local/lib/python3.12/site-packages/airflow/example_dags/example_params_trigger_ui.py for tasks to queue
[2026-04-24T10:45:21.913+0000] {logging_mixin.py:190} INFO - [2026-04-24T10:45:21.913+0000] {dagbag.py:588} INFO - Filling up the DagBag from /home/airflow/.local/lib/python3.12/site-packages/airflow/example_dags/example_params_trigger_ui.py
[2026-04-24T10:45:21.918+0000] {processor.py:925} INFO - DAG(s) 'example_params_trigger_ui' retrieved from /home/airflow/.local/lib/python3.12/site-packages/airflow/example_dags/example_params_trigger_ui.py
[2026-04-24T10:45:21.933+0000] {logging_mixin.py:190} INFO - [2026-04-24T10:45:21.933+0000] {dag.py:3239} INFO - Sync 1 DAGs
[2026-04-24T10:45:21.941+0000] {logging_mixin.py:190} INFO - [2026-04-24T10:45:21.940+0000] {dag.py:4180} INFO - Setting next_dagrun for example_params_trigger_ui to None, run_after=None
[2026-04-24T10:45:21.951+0000] {processor.py:208} INFO - Processing /home/airflow/.local/lib/python3.12/site-packages/airflow/example_dags/example_params_trigger_ui.py took 0.042 seconds
[2026-04-24T10:45:53.090+0000] {processor.py:186} INFO - Started process (PID=77757) to work on /home/airflow/.local/lib/python3.12/site-packages/airflow/example_dags/example_params_trigger_ui.py
[2026-04-24T10:45:53.091+0000] {processor.py:914} INFO - Processing file /home/airflow/.local/lib/python3.12/site-packages/airflow/example_dags/example_params_trigger_ui.py for tasks to queue
[2026-04-24T10:45:53.093+0000] {logging_mixin.py:190} INFO - [2026-04-24T10:45:53.093+0000] {dagbag.py:588} INFO - Filling up the DagBag from /home/airflow/.local/lib/python3.12/site-packages/airflow/example_dags/example_params_trigger_ui.py
[2026-04-24T10:45:53.098+0000] {processor.py:925} INFO - DAG(s) 'example_params_trigger_ui' retrieved from /home/airflow/.local/lib/python3.12/site-packages/airflow/example_dags/example_params_trigger_ui.py
[2026-04-24T10:45:53.114+0000] {logging_mixin.py:190} INFO - [2026-04-24T10:45:53.114+0000] {dag.py:3239} INFO - Sync 1 DAGs
[2026-04-24T10:45:53.119+0000] {logging_mixin.py:190} INFO - [2026-04-24T10:45:53.119+0000] {dag.py:4180} INFO - Setting next_dagrun for example_params_trigger_ui to None, run_after=None
[2026-04-24T10:45:53.127+0000] {processor.py:208} INFO - Processing /home/airflow/.local/lib/python3.12/site-packages/airflow/example_dags/example_params_trigger_ui.py took 0.040 seconds
[2026-04-24T10:46:24.195+0000] {processor.py:186} INFO - Started process (PID=77821) to work on /home/airflow/.local/lib/python3.12/site-packages/airflow/example_dags/example_params_trigger_ui.py
[2026-04-24T10:46:24.195+0000] {processor.py:914} INFO - Processing file /home/airflow/.local/lib/python3.12/site-packages/airflow/example_dags/example_params_trigger_ui.py for tasks to queue
[2026-04-24T10:46:24.196+0000] {logging_mixin.py:190} INFO - [2026-04-24T10:46:24.196+0000] {dagbag.py:588} INFO - Filling up the DagBag from /home/airflow/.local/lib/python3.12/site-packages/airflow/example_dags/example_params_trigger_ui.py
[2026-04-24T10:46:24.201+0000] {processor.py:925} INFO - DAG(s) 'example_params_trigger_ui' retrieved from /home/airflow/.local/lib/python3.12/site-packages/airflow/example_dags/example_params_trigger_ui.py
[2026-04-24T10:46:24.218+0000] {logging_mixin.py:190} INFO - [2026-04-24T10:46:24.217+0000] {dag.py:3239} INFO - Sync 1 DAGs
[2026-04-24T10:46:24.222+0000] {logging_mixin.py:190} INFO - [2026-04-24T10:46:24.222+0000] {dag.py:4180} INFO - Setting next_dagrun for example_params_trigger_ui to None, run_after=None
[2026-04-24T10:46:24.231+0000] {processor.py:208} INFO - Processing /home/airflow/.local/lib/python3.12/site-packages/airflow/example_dags/example_params_trigger_ui.py took 0.039 seconds
[2026-04-24T10:46:55.277+0000] {processor.py:186} INFO - Started process (PID=77885) to work on /home/airflow/.local/lib/python3.12/site-packages/airflow/example_dags/example_params_trigger_ui.py
[2026-04-24T10:46:55.277+0000] {processor.py:914} INFO - Processing file /home/airflow/.local/lib/python3.12/site-packages/airflow/example_dags/example_params_trigger_ui.py for tasks to queue
[2026-04-24T10:46:55.279+0000] {logging_mixin.py:190} INFO - [2026-04-24T10:46:55.278+0000] {dagbag.py:588} INFO - Filling up the DagBag from /home/airflow/.local/lib/python3.12/site-packages/airflow/example_dags/example_params_trigger_ui.py
[2026-04-24T10:46:55.284+0000] {processor.py:925} INFO - DAG(s) 'example_params_trigger_ui' retrieved from /home/airflow/.local/lib/python3.12/site-packages/airflow/example_dags/example_params_trigger_ui.py
[2026-04-24T10:46:55.298+0000] {logging_mixin.py:190} INFO - [2026-04-24T10:46:55.298+0000] {dag.py:3239} INFO - Sync 1 DAGs
[2026-04-24T10:46:55.304+0000] {logging_mixin.py:190} INFO - [2026-04-24T10:46:55.304+0000] {dag.py:4180} INFO - Setting next_dagrun for example_params_trigger_ui to None, run_after=None
[2026-04-24T10:46:55.317+0000] {processor.py:208} INFO - Processing /home/airflow/.local/lib/python3.12/site-packages/airflow/example_dags/example_params_trigger_ui.py took 0.043 seconds
[2026-04-24T10:47:26.441+0000] {processor.py:186} INFO - Started process (PID=77949) to work on /home/airflow/.local/lib/python3.12/site-packages/airflow/example_dags/example_params_trigger_ui.py
[2026-04-24T10:47:26.441+0000] {processor.py:914} INFO - Processing file /home/airflow/.local/lib/python3.12/site-packages/airflow/example_dags/example_params_trigger_ui.py for tasks to queue
[2026-04-24T10:47:26.442+0000] {logging_mixin.py:190} INFO - [2026-04-24T10:47:26.442+0000] {dagbag.py:588} INFO - Filling up the DagBag from /home/airflow/.local/lib/python3.12/site-packages/airflow/example_dags/example_params_trigger_ui.py
[2026-04-24T10:47:26.447+0000] {processor.py:925} INFO - DAG(s) 'example_params_trigger_ui' retrieved from /home/airflow/.local/lib/python3.12/site-packages/airflow/example_dags/example_params_trigger_ui.py
[2026-04-24T10:47:26.465+0000] {logging_mixin.py:190} INFO - [2026-04-24T10:47:26.465+0000] {dag.py:3239} INFO - Sync 1 DAGs
[2026-04-24T10:47:26.471+0000] {logging_mixin.py:190} INFO - [2026-04-24T10:47:26.471+0000] {dag.py:4180} INFO - Setting next_dagrun for example_params_trigger_ui to None, run_after=None
[2026-04-24T10:47:26.482+0000] {processor.py:208} INFO - Processing /home/airflow/.local/lib/python3.12/site-packages/airflow/example_dags/example_params_trigger_ui.py took 0.045 seconds
[2026-04-24T10:47:57.967+0000] {processor.py:186} INFO - Started process (PID=78013) to work on /home/airflow/.local/lib/python3.12/site-packages/airflow/example_dags/example_params_trigger_ui.py
[2026-04-24T10:47:57.968+0000] {processor.py:914} INFO - Processing file /home/airflow/.local/lib/python3.12/site-packages/airflow/example_dags/example_params_trigger_ui.py for tasks to queue
[2026-04-24T10:47:57.970+0000] {logging_mixin.py:190} INFO - [2026-04-24T10:47:57.970+0000] {dagbag.py:588} INFO - Filling up the DagBag from /home/airflow/.local/lib/python3.12/site-packages/airflow/example_dags/example_params_trigger_ui.py
[2026-04-24T10:47:57.975+0000] {processor.py:925} INFO - DAG(s) 'example_params_trigger_ui' retrieved from /home/airflow/.local/lib/python3.12/site-packages/airflow/example_dags/example_params_trigger_ui.py
[2026-04-24T10:47:58.001+0000] {logging_mixin.py:190} INFO - [2026-04-24T10:47:58.001+0000] {dag.py:3239} INFO - Sync 1 DAGs
[2026-04-24T10:47:58.007+0000] {logging_mixin.py:190} INFO - [2026-04-24T10:47:58.007+0000] {dag.py:4180} INFO - Setting next_dagrun for example_params_trigger_ui to None, run_after=None
[2026-04-24T10:47:58.014+0000] {processor.py:208} INFO - Processing /home/airflow/.local/lib/python3.12/site-packages/airflow/example_dags/example_params_trigger_ui.py took 0.050 seconds
[2026-04-24T10:48:28.512+0000] {processor.py:186} INFO - Started process (PID=78077) to work on /home/airflow/.local/lib/python3.12/site-packages/airflow/example_dags/example_params_trigger_ui.py
[2026-04-24T10:48:28.514+0000] {processor.py:914} INFO - Processing file /home/airflow/.local/lib/python3.12/site-packages/airflow/example_dags/example_params_trigger_ui.py for tasks to queue
[2026-04-24T10:48:28.515+0000] {logging_mixin.py:190} INFO - [2026-04-24T10:48:28.515+0000] {dagbag.py:588} INFO - Filling up the DagBag from /home/airflow/.local/lib/python3.12/site-packages/airflow/example_dags/example_params_trigger_ui.py
[2026-04-24T10:48:28.520+0000] {processor.py:925} INFO - DAG(s) 'example_params_trigger_ui' retrieved from /home/airflow/.local/lib/python3.12/site-packages/airflow/example_dags/example_params_trigger_ui.py
[2026-04-24T10:48:28.541+0000] {logging_mixin.py:190} INFO - [2026-04-24T10:48:28.540+0000] {dag.py:3239} INFO - Sync 1 DAGs
[2026-04-24T10:48:28.547+0000] {logging_mixin.py:190} INFO - [2026-04-24T10:48:28.547+0000] {dag.py:4180} INFO - Setting next_dagrun for example_params_trigger_ui to None, run_after=None
[2026-04-24T10:48:28.553+0000] {processor.py:208} INFO - Processing /home/airflow/.local/lib/python3.12/site-packages/airflow/example_dags/example_params_trigger_ui.py took 0.044 seconds
[2026-04-24T10:48:59.751+0000] {processor.py:186} INFO - Started process (PID=78141) to work on /home/airflow/.local/lib/python3.12/site-packages/airflow/example_dags/example_params_trigger_ui.py
[2026-04-24T10:48:59.752+0000] {processor.py:914} INFO - Processing file /home/airflow/.local/lib/python3.12/site-packages/airflow/example_dags/example_params_trigger_ui.py for tasks to queue
[2026-04-24T10:48:59.753+0000] {logging_mixin.py:190} INFO - [2026-04-24T10:48:59.753+0000] {dagbag.py:588} INFO - Filling up the DagBag from /home/airflow/.local/lib/python3.12/site-packages/airflow/example_dags/example_params_trigger_ui.py
[2026-04-24T10:48:59.757+0000] {processor.py:925} INFO - DAG(s) 'example_params_trigger_ui' retrieved from /home/airflow/.local/lib/python3.12/site-packages/airflow/example_dags/example_params_trigger_ui.py
[2026-04-24T10:48:59.773+0000] {logging_mixin.py:190} INFO - [2026-04-24T10:48:59.773+0000] {dag.py:3239} INFO - Sync 1 DAGs
[2026-04-24T10:48:59.780+0000] {logging_mixin.py:190} INFO - [2026-04-24T10:48:59.780+0000] {dag.py:4180} INFO - Setting next_dagrun for example_params_trigger_ui to None, run_after=None
[2026-04-24T10:48:59.789+0000] {processor.py:208} INFO - Processing /home/airflow/.local/lib/python3.12/site-packages/airflow/example_dags/example_params_trigger_ui.py took 0.039 seconds
[2026-04-24T10:49:30.179+0000] {processor.py:186} INFO - Started process (PID=78205) to work on /home/airflow/.local/lib/python3.12/site-packages/airflow/example_dags/example_params_trigger_ui.py
[2026-04-24T10:49:30.180+0000] {processor.py:914} INFO - Processing file /home/airflow/.local/lib/python3.12/site-packages/airflow/example_dags/example_params_trigger_ui.py for tasks to queue
[2026-04-24T10:49:30.181+0000] {logging_mixin.py:190} INFO - [2026-04-24T10:49:30.180+0000] {dagbag.py:588} INFO - Filling up the DagBag from /home/airflow/.local/lib/python3.12/site-packages/airflow/example_dags/example_params_trigger_ui.py
[2026-04-24T10:49:30.186+0000] {processor.py:925} INFO - DAG(s) 'example_params_trigger_ui' retrieved from /home/airflow/.local/lib/python3.12/site-packages/airflow/example_dags/example_params_trigger_ui.py
[2026-04-24T10:49:30.203+0000] {logging_mixin.py:190} INFO - [2026-04-24T10:49:30.203+0000] {dag.py:3239} INFO - Sync 1 DAGs
[2026-04-24T10:49:30.208+0000] {logging_mixin.py:190} INFO - [2026-04-24T10:49:30.208+0000] {dag.py:4180} INFO - Setting next_dagrun for example_params_trigger_ui to None, run_after=None
[2026-04-24T10:49:30.219+0000] {processor.py:208} INFO - Processing /home/airflow/.local/lib/python3.12/site-packages/airflow/example_dags/example_params_trigger_ui.py took 0.042 seconds
[2026-04-24T10:50:00.575+0000] {processor.py:186} INFO - Started process (PID=78269) to work on /home/airflow/.local/lib/python3.12/site-packages/airflow/example_dags/example_params_trigger_ui.py
[2026-04-24T10:50:00.576+0000] {processor.py:914} INFO - Processing file /home/airflow/.local/lib/python3.12/site-packages/airflow/example_dags/example_params_trigger_ui.py for tasks to queue
[2026-04-24T10:50:00.577+0000] {logging_mixin.py:190} INFO - [2026-04-24T10:50:00.577+0000] {dagbag.py:588} INFO - Filling up the DagBag from /home/airflow/.local/lib/python3.12/site-packages/airflow/example_dags/example_params_trigger_ui.py
[2026-04-24T10:50:00.581+0000] {processor.py:925} INFO - DAG(s) 'example_params_trigger_ui' retrieved from /home/airflow/.local/lib/python3.12/site-packages/airflow/example_dags/example_params_trigger_ui.py
[2026-04-24T10:50:00.594+0000] {logging_mixin.py:190} INFO - [2026-04-24T10:50:00.594+0000] {dag.py:3239} INFO - Sync 1 DAGs
[2026-04-24T10:50:00.598+0000] {logging_mixin.py:190} INFO - [2026-04-24T10:50:00.598+0000] {dag.py:4180} INFO - Setting next_dagrun for example_params_trigger_ui to None, run_after=None
[2026-04-24T10:50:00.605+0000] {processor.py:208} INFO - Processing /home/airflow/.local/lib/python3.12/site-packages/airflow/example_dags/example_params_trigger_ui.py took 0.032 seconds
[2026-04-24T10:57:34.841+0000] {processor.py:186} INFO - Started process (PID=78360) to work on /home/airflow/.local/lib/python3.12/site-packages/airflow/example_dags/example_params_trigger_ui.py
[2026-04-24T10:57:34.842+0000] {processor.py:914} INFO - Processing file /home/airflow/.local/lib/python3.12/site-packages/airflow/example_dags/example_params_trigger_ui.py for tasks to queue
[2026-04-24T10:57:34.845+0000] {logging_mixin.py:190} INFO - [2026-04-24T10:57:34.844+0000] {dagbag.py:588} INFO - Filling up the DagBag from /home/airflow/.local/lib/python3.12/site-packages/airflow/example_dags/example_params_trigger_ui.py
[2026-04-24T10:57:34.857+0000] {processor.py:925} INFO - DAG(s) 'example_params_trigger_ui' retrieved from /home/airflow/.local/lib/python3.12/site-packages/airflow/example_dags/example_params_trigger_ui.py
[2026-04-24T10:57:34.903+0000] {logging_mixin.py:190} INFO - [2026-04-24T10:57:34.903+0000] {dag.py:3239} INFO - Sync 1 DAGs
[2026-04-24T10:57:34.922+0000] {logging_mixin.py:190} INFO - [2026-04-24T10:57:34.921+0000] {dag.py:4180} INFO - Setting next_dagrun for example_params_trigger_ui to None, run_after=None
[2026-04-24T10:57:34.952+0000] {processor.py:208} INFO - Processing /home/airflow/.local/lib/python3.12/site-packages/airflow/example_dags/example_params_trigger_ui.py took 0.119 seconds
[2026-04-24T10:58:05.508+0000] {processor.py:186} INFO - Started process (PID=78424) to work on /home/airflow/.local/lib/python3.12/site-packages/airflow/example_dags/example_params_trigger_ui.py
[2026-04-24T10:58:05.509+0000] {processor.py:914} INFO - Processing file /home/airflow/.local/lib/python3.12/site-packages/airflow/example_dags/example_params_trigger_ui.py for tasks to queue
[2026-04-24T10:58:05.510+0000] {logging_mixin.py:190} INFO - [2026-04-24T10:58:05.509+0000] {dagbag.py:588} INFO - Filling up the DagBag from /home/airflow/.local/lib/python3.12/site-packages/airflow/example_dags/example_params_trigger_ui.py
[2026-04-24T10:58:05.516+0000] {processor.py:925} INFO - DAG(s) 'example_params_trigger_ui' retrieved from /home/airflow/.local/lib/python3.12/site-packages/airflow/example_dags/example_params_trigger_ui.py
[2026-04-24T10:58:05.533+0000] {logging_mixin.py:190} INFO - [2026-04-24T10:58:05.533+0000] {dag.py:3239} INFO - Sync 1 DAGs
[2026-04-24T10:58:05.538+0000] {logging_mixin.py:190} INFO - [2026-04-24T10:58:05.538+0000] {dag.py:4180} INFO - Setting next_dagrun for example_params_trigger_ui to None, run_after=None
[2026-04-24T10:58:05.544+0000] {processor.py:208} INFO - Processing /home/airflow/.local/lib/python3.12/site-packages/airflow/example_dags/example_params_trigger_ui.py took 0.037 seconds
[2026-04-24T11:13:37.463+0000] {processor.py:186} INFO - Started process (PID=78488) to work on /home/airflow/.local/lib/python3.12/site-packages/airflow/example_dags/example_params_trigger_ui.py
[2026-04-24T11:13:37.464+0000] {processor.py:914} INFO - Processing file /home/airflow/.local/lib/python3.12/site-packages/airflow/example_dags/example_params_trigger_ui.py for tasks to queue
[2026-04-24T11:13:37.465+0000] {logging_mixin.py:190} INFO - [2026-04-24T11:13:37.465+0000] {dagbag.py:588} INFO - Filling up the DagBag from /home/airflow/.local/lib/python3.12/site-packages/airflow/example_dags/example_params_trigger_ui.py
[2026-04-24T11:13:37.474+0000] {processor.py:925} INFO - DAG(s) 'example_params_trigger_ui' retrieved from /home/airflow/.local/lib/python3.12/site-packages/airflow/example_dags/example_params_trigger_ui.py
[2026-04-24T11:13:37.488+0000] {logging_mixin.py:190} INFO - [2026-04-24T11:13:37.487+0000] {dag.py:3239} INFO - Sync 1 DAGs
[2026-04-24T11:13:37.492+0000] {logging_mixin.py:190} INFO - [2026-04-24T11:13:37.492+0000] {dag.py:4180} INFO - Setting next_dagrun for example_params_trigger_ui to None, run_after=None
[2026-04-24T11:13:37.498+0000] {processor.py:208} INFO - Processing /home/airflow/.local/lib/python3.12/site-packages/airflow/example_dags/example_params_trigger_ui.py took 0.038 seconds
[2026-04-24T11:29:11.847+0000] {processor.py:186} INFO - Started process (PID=78552) to work on /home/airflow/.local/lib/python3.12/site-packages/airflow/example_dags/example_params_trigger_ui.py
[2026-04-24T11:29:11.848+0000] {processor.py:914} INFO - Processing file /home/airflow/.local/lib/python3.12/site-packages/airflow/example_dags/example_params_trigger_ui.py for tasks to queue
[2026-04-24T11:29:11.849+0000] {logging_mixin.py:190} INFO - [2026-04-24T11:29:11.849+0000] {dagbag.py:588} INFO - Filling up the DagBag from /home/airflow/.local/lib/python3.12/site-packages/airflow/example_dags/example_params_trigger_ui.py
[2026-04-24T11:29:11.859+0000] {processor.py:925} INFO - DAG(s) 'example_params_trigger_ui' retrieved from /home/airflow/.local/lib/python3.12/site-packages/airflow/example_dags/example_params_trigger_ui.py
[2026-04-24T11:29:11.884+0000] {logging_mixin.py:190} INFO - [2026-04-24T11:29:11.884+0000] {dag.py:3239} INFO - Sync 1 DAGs
[2026-04-24T11:29:11.893+0000] {logging_mixin.py:190} INFO - [2026-04-24T11:29:11.893+0000] {dag.py:4180} INFO - Setting next_dagrun for example_params_trigger_ui to None, run_after=None
[2026-04-24T11:29:11.902+0000] {processor.py:208} INFO - Processing /home/airflow/.local/lib/python3.12/site-packages/airflow/example_dags/example_params_trigger_ui.py took 0.062 seconds
[2026-04-24T11:29:42.244+0000] {processor.py:186} INFO - Started process (PID=78615) to work on /home/airflow/.local/lib/python3.12/site-packages/airflow/example_dags/example_params_trigger_ui.py
[2026-04-24T11:29:42.244+0000] {processor.py:914} INFO - Processing file /home/airflow/.local/lib/python3.12/site-packages/airflow/example_dags/example_params_trigger_ui.py for tasks to queue
[2026-04-24T11:29:42.245+0000] {logging_mixin.py:190} INFO - [2026-04-24T11:29:42.245+0000] {dagbag.py:588} INFO - Filling up the DagBag from /home/airflow/.local/lib/python3.12/site-packages/airflow/example_dags/example_params_trigger_ui.py
[2026-04-24T11:29:42.249+0000] {processor.py:925} INFO - DAG(s) 'example_params_trigger_ui' retrieved from /home/airflow/.local/lib/python3.12/site-packages/airflow/example_dags/example_params_trigger_ui.py
[2026-04-24T11:29:42.268+0000] {logging_mixin.py:190} INFO - [2026-04-24T11:29:42.268+0000] {dag.py:3239} INFO - Sync 1 DAGs
[2026-04-24T11:29:42.273+0000] {logging_mixin.py:190} INFO - [2026-04-24T11:29:42.272+0000] {dag.py:4180} INFO - Setting next_dagrun for example_params_trigger_ui to None, run_after=None
[2026-04-24T11:29:42.279+0000] {processor.py:208} INFO - Processing /home/airflow/.local/lib/python3.12/site-packages/airflow/example_dags/example_params_trigger_ui.py took 0.038 seconds
[2026-04-24T11:31:36.855+0000] {processor.py:186} INFO - Started process (PID=78680) to work on /home/airflow/.local/lib/python3.12/site-packages/airflow/example_dags/example_params_trigger_ui.py
[2026-04-24T11:31:36.855+0000] {processor.py:914} INFO - Processing file /home/airflow/.local/lib/python3.12/site-packages/airflow/example_dags/example_params_trigger_ui.py for tasks to queue
[2026-04-24T11:31:36.856+0000] {logging_mixin.py:190} INFO - [2026-04-24T11:31:36.856+0000] {dagbag.py:588} INFO - Filling up the DagBag from /home/airflow/.local/lib/python3.12/site-packages/airflow/example_dags/example_params_trigger_ui.py
[2026-04-24T11:31:36.860+0000] {processor.py:925} INFO - DAG(s) 'example_params_trigger_ui' retrieved from /home/airflow/.local/lib/python3.12/site-packages/airflow/example_dags/example_params_trigger_ui.py
[2026-04-24T11:31:36.877+0000] {logging_mixin.py:190} INFO - [2026-04-24T11:31:36.877+0000] {dag.py:3239} INFO - Sync 1 DAGs
[2026-04-24T11:31:36.885+0000] {logging_mixin.py:190} INFO - [2026-04-24T11:31:36.885+0000] {dag.py:4180} INFO - Setting next_dagrun for example_params_trigger_ui to None, run_after=None
[2026-04-24T11:31:36.894+0000] {processor.py:208} INFO - Processing /home/airflow/.local/lib/python3.12/site-packages/airflow/example_dags/example_params_trigger_ui.py took 0.041 seconds
[2026-04-24T11:32:07.921+0000] {processor.py:186} INFO - Started process (PID=78744) to work on /home/airflow/.local/lib/python3.12/site-packages/airflow/example_dags/example_params_trigger_ui.py
[2026-04-24T11:32:07.921+0000] {processor.py:914} INFO - Processing file /home/airflow/.local/lib/python3.12/site-packages/airflow/example_dags/example_params_trigger_ui.py for tasks to queue
[2026-04-24T11:32:07.924+0000] {logging_mixin.py:190} INFO - [2026-04-24T11:32:07.924+0000] {dagbag.py:588} INFO - Filling up the DagBag from /home/airflow/.local/lib/python3.12/site-packages/airflow/example_dags/example_params_trigger_ui.py
[2026-04-24T11:32:07.928+0000] {processor.py:925} INFO - DAG(s) 'example_params_trigger_ui' retrieved from /home/airflow/.local/lib/python3.12/site-packages/airflow/example_dags/example_params_trigger_ui.py
[2026-04-24T11:32:07.941+0000] {logging_mixin.py:190} INFO - [2026-04-24T11:32:07.941+0000] {dag.py:3239} INFO - Sync 1 DAGs
[2026-04-24T11:32:07.946+0000] {logging_mixin.py:190} INFO - [2026-04-24T11:32:07.946+0000] {dag.py:4180} INFO - Setting next_dagrun for example_params_trigger_ui to None, run_after=None
[2026-04-24T11:32:07.952+0000] {processor.py:208} INFO - Processing /home/airflow/.local/lib/python3.12/site-packages/airflow/example_dags/example_params_trigger_ui.py took 0.033 seconds
[2026-04-24T11:33:56.766+0000] {processor.py:186} INFO - Started process (PID=78808) to work on /home/airflow/.local/lib/python3.12/site-packages/airflow/example_dags/example_params_trigger_ui.py
[2026-04-24T11:33:56.766+0000] {processor.py:914} INFO - Processing file /home/airflow/.local/lib/python3.12/site-packages/airflow/example_dags/example_params_trigger_ui.py for tasks to queue
[2026-04-24T11:33:56.767+0000] {logging_mixin.py:190} INFO - [2026-04-24T11:33:56.767+0000] {dagbag.py:588} INFO - Filling up the DagBag from /home/airflow/.local/lib/python3.12/site-packages/airflow/example_dags/example_params_trigger_ui.py
[2026-04-24T11:33:56.771+0000] {processor.py:925} INFO - DAG(s) 'example_params_trigger_ui' retrieved from /home/airflow/.local/lib/python3.12/site-packages/airflow/example_dags/example_params_trigger_ui.py
[2026-04-24T11:33:56.784+0000] {logging_mixin.py:190} INFO - [2026-04-24T11:33:56.784+0000] {dag.py:3239} INFO - Sync 1 DAGs
[2026-04-24T11:33:56.790+0000] {logging_mixin.py:190} INFO - [2026-04-24T11:33:56.790+0000] {dag.py:4180} INFO - Setting next_dagrun for example_params_trigger_ui to None, run_after=None
[2026-04-24T11:33:56.795+0000] {processor.py:208} INFO - Processing /home/airflow/.local/lib/python3.12/site-packages/airflow/example_dags/example_params_trigger_ui.py took 0.031 seconds
[2026-04-24T11:35:55.199+0000] {processor.py:186} INFO - Started process (PID=78872) to work on /home/airflow/.local/lib/python3.12/site-packages/airflow/example_dags/example_params_trigger_ui.py
[2026-04-24T11:35:55.201+0000] {processor.py:914} INFO - Processing file /home/airflow/.local/lib/python3.12/site-packages/airflow/example_dags/example_params_trigger_ui.py for tasks to queue
[2026-04-24T11:35:55.204+0000] {logging_mixin.py:190} INFO - [2026-04-24T11:35:55.203+0000] {dagbag.py:588} INFO - Filling up the DagBag from /home/airflow/.local/lib/python3.12/site-packages/airflow/example_dags/example_params_trigger_ui.py
[2026-04-24T11:35:55.222+0000] {processor.py:925} INFO - DAG(s) 'example_params_trigger_ui' retrieved from /home/airflow/.local/lib/python3.12/site-packages/airflow/example_dags/example_params_trigger_ui.py
[2026-04-24T11:35:55.267+0000] {logging_mixin.py:190} INFO - [2026-04-24T11:35:55.266+0000] {dag.py:3239} INFO - Sync 1 DAGs
[2026-04-24T11:35:55.284+0000] {logging_mixin.py:190} INFO - [2026-04-24T11:35:55.283+0000] {dag.py:4180} INFO - Setting next_dagrun for example_params_trigger_ui to None, run_after=None
[2026-04-24T11:35:55.303+0000] {processor.py:208} INFO - Processing /home/airflow/.local/lib/python3.12/site-packages/airflow/example_dags/example_params_trigger_ui.py took 0.114 seconds
[2026-04-24T11:36:25.477+0000] {processor.py:186} INFO - Started process (PID=78935) to work on /home/airflow/.local/lib/python3.12/site-packages/airflow/example_dags/example_params_trigger_ui.py
[2026-04-24T11:36:25.477+0000] {processor.py:914} INFO - Processing file /home/airflow/.local/lib/python3.12/site-packages/airflow/example_dags/example_params_trigger_ui.py for tasks to queue
[2026-04-24T11:36:25.478+0000] {logging_mixin.py:190} INFO - [2026-04-24T11:36:25.478+0000] {dagbag.py:588} INFO - Filling up the DagBag from /home/airflow/.local/lib/python3.12/site-packages/airflow/example_dags/example_params_trigger_ui.py
[2026-04-24T11:36:25.482+0000] {processor.py:925} INFO - DAG(s) 'example_params_trigger_ui' retrieved from /home/airflow/.local/lib/python3.12/site-packages/airflow/example_dags/example_params_trigger_ui.py
[2026-04-24T11:36:25.494+0000] {logging_mixin.py:190} INFO - [2026-04-24T11:36:25.494+0000] {dag.py:3239} INFO - Sync 1 DAGs
[2026-04-24T11:36:25.498+0000] {logging_mixin.py:190} INFO - [2026-04-24T11:36:25.498+0000] {dag.py:4180} INFO - Setting next_dagrun for example_params_trigger_ui to None, run_after=None
[2026-04-24T11:36:25.503+0000] {processor.py:208} INFO - Processing /home/airflow/.local/lib/python3.12/site-packages/airflow/example_dags/example_params_trigger_ui.py took 0.028 seconds
[2026-04-24T11:38:23.319+0000] {processor.py:186} INFO - Started process (PID=79000) to work on /home/airflow/.local/lib/python3.12/site-packages/airflow/example_dags/example_params_trigger_ui.py
[2026-04-24T11:38:23.320+0000] {processor.py:914} INFO - Processing file /home/airflow/.local/lib/python3.12/site-packages/airflow/example_dags/example_params_trigger_ui.py for tasks to queue
[2026-04-24T11:38:23.321+0000] {logging_mixin.py:190} INFO - [2026-04-24T11:38:23.321+0000] {dagbag.py:588} INFO - Filling up the DagBag from /home/airflow/.local/lib/python3.12/site-packages/airflow/example_dags/example_params_trigger_ui.py
[2026-04-24T11:38:23.325+0000] {processor.py:925} INFO - DAG(s) 'example_params_trigger_ui' retrieved from /home/airflow/.local/lib/python3.12/site-packages/airflow/example_dags/example_params_trigger_ui.py
[2026-04-24T11:38:23.346+0000] {logging_mixin.py:190} INFO - [2026-04-24T11:38:23.346+0000] {dag.py:3239} INFO - Sync 1 DAGs
[2026-04-24T11:38:23.354+0000] {logging_mixin.py:190} INFO - [2026-04-24T11:38:23.354+0000] {dag.py:4180} INFO - Setting next_dagrun for example_params_trigger_ui to None, run_after=None
[2026-04-24T11:38:23.360+0000] {processor.py:208} INFO - Processing /home/airflow/.local/lib/python3.12/site-packages/airflow/example_dags/example_params_trigger_ui.py took 0.043 seconds
[2026-04-24T11:40:20.784+0000] {processor.py:186} INFO - Started process (PID=79064) to work on /home/airflow/.local/lib/python3.12/site-packages/airflow/example_dags/example_params_trigger_ui.py
[2026-04-24T11:40:20.784+0000] {processor.py:914} INFO - Processing file /home/airflow/.local/lib/python3.12/site-packages/airflow/example_dags/example_params_trigger_ui.py for tasks to queue
[2026-04-24T11:40:20.785+0000] {logging_mixin.py:190} INFO - [2026-04-24T11:40:20.785+0000] {dagbag.py:588} INFO - Filling up the DagBag from /home/airflow/.local/lib/python3.12/site-packages/airflow/example_dags/example_params_trigger_ui.py
[2026-04-24T11:40:20.790+0000] {processor.py:925} INFO - DAG(s) 'example_params_trigger_ui' retrieved from /home/airflow/.local/lib/python3.12/site-packages/airflow/example_dags/example_params_trigger_ui.py
[2026-04-24T11:40:20.808+0000] {logging_mixin.py:190} INFO - [2026-04-24T11:40:20.808+0000] {dag.py:3239} INFO - Sync 1 DAGs
[2026-04-24T11:40:20.813+0000] {logging_mixin.py:190} INFO - [2026-04-24T11:40:20.813+0000] {dag.py:4180} INFO - Setting next_dagrun for example_params_trigger_ui to None, run_after=None
[2026-04-24T11:40:20.819+0000] {processor.py:208} INFO - Processing /home/airflow/.local/lib/python3.12/site-packages/airflow/example_dags/example_params_trigger_ui.py took 0.038 seconds
[2026-04-24T11:40:50.963+0000] {processor.py:186} INFO - Started process (PID=79127) to work on /home/airflow/.local/lib/python3.12/site-packages/airflow/example_dags/example_params_trigger_ui.py
[2026-04-24T11:40:50.965+0000] {processor.py:914} INFO - Processing file /home/airflow/.local/lib/python3.12/site-packages/airflow/example_dags/example_params_trigger_ui.py for tasks to queue
[2026-04-24T11:40:50.966+0000] {logging_mixin.py:190} INFO - [2026-04-24T11:40:50.966+0000] {dagbag.py:588} INFO - Filling up the DagBag from /home/airflow/.local/lib/python3.12/site-packages/airflow/example_dags/example_params_trigger_ui.py
[2026-04-24T11:40:50.970+0000] {processor.py:925} INFO - DAG(s) 'example_params_trigger_ui' retrieved from /home/airflow/.local/lib/python3.12/site-packages/airflow/example_dags/example_params_trigger_ui.py
[2026-04-24T11:40:50.985+0000] {logging_mixin.py:190} INFO - [2026-04-24T11:40:50.985+0000] {dag.py:3239} INFO - Sync 1 DAGs
[2026-04-24T11:40:50.989+0000] {logging_mixin.py:190} INFO - [2026-04-24T11:40:50.989+0000] {dag.py:4180} INFO - Setting next_dagrun for example_params_trigger_ui to None, run_after=None
[2026-04-24T11:40:50.996+0000] {processor.py:208} INFO - Processing /home/airflow/.local/lib/python3.12/site-packages/airflow/example_dags/example_params_trigger_ui.py took 0.035 seconds
[2026-04-24T11:42:49.806+0000] {processor.py:186} INFO - Started process (PID=79192) to work on /home/airflow/.local/lib/python3.12/site-packages/airflow/example_dags/example_params_trigger_ui.py
[2026-04-24T11:42:49.807+0000] {processor.py:914} INFO - Processing file /home/airflow/.local/lib/python3.12/site-packages/airflow/example_dags/example_params_trigger_ui.py for tasks to queue
[2026-04-24T11:42:49.808+0000] {logging_mixin.py:190} INFO - [2026-04-24T11:42:49.808+0000] {dagbag.py:588} INFO - Filling up the DagBag from /home/airflow/.local/lib/python3.12/site-packages/airflow/example_dags/example_params_trigger_ui.py
[2026-04-24T11:42:49.815+0000] {processor.py:925} INFO - DAG(s) 'example_params_trigger_ui' retrieved from /home/airflow/.local/lib/python3.12/site-packages/airflow/example_dags/example_params_trigger_ui.py
[2026-04-24T11:42:49.837+0000] {logging_mixin.py:190} INFO - [2026-04-24T11:42:49.837+0000] {dag.py:3239} INFO - Sync 1 DAGs
[2026-04-24T11:42:49.846+0000] {logging_mixin.py:190} INFO - [2026-04-24T11:42:49.845+0000] {dag.py:4180} INFO - Setting next_dagrun for example_params_trigger_ui to None, run_after=None
[2026-04-24T11:42:49.857+0000] {processor.py:208} INFO - Processing /home/airflow/.local/lib/python3.12/site-packages/airflow/example_dags/example_params_trigger_ui.py took 0.054 seconds
[2026-04-24T11:44:44.797+0000] {processor.py:186} INFO - Started process (PID=79256) to work on /home/airflow/.local/lib/python3.12/site-packages/airflow/example_dags/example_params_trigger_ui.py
[2026-04-24T11:44:44.797+0000] {processor.py:914} INFO - Processing file /home/airflow/.local/lib/python3.12/site-packages/airflow/example_dags/example_params_trigger_ui.py for tasks to queue
[2026-04-24T11:44:44.799+0000] {logging_mixin.py:190} INFO - [2026-04-24T11:44:44.799+0000] {dagbag.py:588} INFO - Filling up the DagBag from /home/airflow/.local/lib/python3.12/site-packages/airflow/example_dags/example_params_trigger_ui.py
[2026-04-24T11:44:44.806+0000] {processor.py:925} INFO - DAG(s) 'example_params_trigger_ui' retrieved from /home/airflow/.local/lib/python3.12/site-packages/airflow/example_dags/example_params_trigger_ui.py
[2026-04-24T11:44:44.829+0000] {logging_mixin.py:190} INFO - [2026-04-24T11:44:44.828+0000] {dag.py:3239} INFO - Sync 1 DAGs
[2026-04-24T11:44:44.835+0000] {logging_mixin.py:190} INFO - [2026-04-24T11:44:44.835+0000] {dag.py:4180} INFO - Setting next_dagrun for example_params_trigger_ui to None, run_after=None
[2026-04-24T11:44:44.842+0000] {processor.py:208} INFO - Processing /home/airflow/.local/lib/python3.12/site-packages/airflow/example_dags/example_params_trigger_ui.py took 0.049 seconds
[2026-04-24T11:45:15.100+0000] {processor.py:186} INFO - Started process (PID=79319) to work on /home/airflow/.local/lib/python3.12/site-packages/airflow/example_dags/example_params_trigger_ui.py
[2026-04-24T11:45:15.101+0000] {processor.py:914} INFO - Processing file /home/airflow/.local/lib/python3.12/site-packages/airflow/example_dags/example_params_trigger_ui.py for tasks to queue
[2026-04-24T11:45:15.102+0000] {logging_mixin.py:190} INFO - [2026-04-24T11:45:15.101+0000] {dagbag.py:588} INFO - Filling up the DagBag from /home/airflow/.local/lib/python3.12/site-packages/airflow/example_dags/example_params_trigger_ui.py
[2026-04-24T11:45:15.106+0000] {processor.py:925} INFO - DAG(s) 'example_params_trigger_ui' retrieved from /home/airflow/.local/lib/python3.12/site-packages/airflow/example_dags/example_params_trigger_ui.py
[2026-04-24T11:45:15.122+0000] {logging_mixin.py:190} INFO - [2026-04-24T11:45:15.122+0000] {dag.py:3239} INFO - Sync 1 DAGs
[2026-04-24T11:45:15.127+0000] {logging_mixin.py:190} INFO - [2026-04-24T11:45:15.126+0000] {dag.py:4180} INFO - Setting next_dagrun for example_params_trigger_ui to None, run_after=None
[2026-04-24T11:45:15.132+0000] {processor.py:208} INFO - Processing /home/airflow/.local/lib/python3.12/site-packages/airflow/example_dags/example_params_trigger_ui.py took 0.034 seconds
[2026-04-24T11:47:08.847+0000] {processor.py:186} INFO - Started process (PID=79384) to work on /home/airflow/.local/lib/python3.12/site-packages/airflow/example_dags/example_params_trigger_ui.py
[2026-04-24T11:47:08.847+0000] {processor.py:914} INFO - Processing file /home/airflow/.local/lib/python3.12/site-packages/airflow/example_dags/example_params_trigger_ui.py for tasks to queue
[2026-04-24T11:47:08.848+0000] {logging_mixin.py:190} INFO - [2026-04-24T11:47:08.848+0000] {dagbag.py:588} INFO - Filling up the DagBag from /home/airflow/.local/lib/python3.12/site-packages/airflow/example_dags/example_params_trigger_ui.py
[2026-04-24T11:47:08.853+0000] {processor.py:925} INFO - DAG(s) 'example_params_trigger_ui' retrieved from /home/airflow/.local/lib/python3.12/site-packages/airflow/example_dags/example_params_trigger_ui.py
[2026-04-24T11:47:08.869+0000] {logging_mixin.py:190} INFO - [2026-04-24T11:47:08.869+0000] {dag.py:3239} INFO - Sync 1 DAGs
[2026-04-24T11:47:08.875+0000] {logging_mixin.py:190} INFO - [2026-04-24T11:47:08.875+0000] {dag.py:4180} INFO - Setting next_dagrun for example_params_trigger_ui to None, run_after=None
[2026-04-24T11:47:08.882+0000] {processor.py:208} INFO - Processing /home/airflow/.local/lib/python3.12/site-packages/airflow/example_dags/example_params_trigger_ui.py took 0.038 seconds
[2026-04-24T11:47:39.148+0000] {processor.py:186} INFO - Started process (PID=79448) to work on /home/airflow/.local/lib/python3.12/site-packages/airflow/example_dags/example_params_trigger_ui.py
[2026-04-24T11:47:39.148+0000] {processor.py:914} INFO - Processing file /home/airflow/.local/lib/python3.12/site-packages/airflow/example_dags/example_params_trigger_ui.py for tasks to queue
[2026-04-24T11:47:39.149+0000] {logging_mixin.py:190} INFO - [2026-04-24T11:47:39.149+0000] {dagbag.py:588} INFO - Filling up the DagBag from /home/airflow/.local/lib/python3.12/site-packages/airflow/example_dags/example_params_trigger_ui.py
[2026-04-24T11:47:39.153+0000] {processor.py:925} INFO - DAG(s) 'example_params_trigger_ui' retrieved from /home/airflow/.local/lib/python3.12/site-packages/airflow/example_dags/example_params_trigger_ui.py
[2026-04-24T11:47:39.165+0000] {logging_mixin.py:190} INFO - [2026-04-24T11:47:39.165+0000] {dag.py:3239} INFO - Sync 1 DAGs
[2026-04-24T11:47:39.170+0000] {logging_mixin.py:190} INFO - [2026-04-24T11:47:39.170+0000] {dag.py:4180} INFO - Setting next_dagrun for example_params_trigger_ui to None, run_after=None
[2026-04-24T11:47:39.175+0000] {processor.py:208} INFO - Processing /home/airflow/.local/lib/python3.12/site-packages/airflow/example_dags/example_params_trigger_ui.py took 0.030 seconds
[2026-04-24T11:49:35.589+0000] {processor.py:186} INFO - Started process (PID=79512) to work on /home/airflow/.local/lib/python3.12/site-packages/airflow/example_dags/example_params_trigger_ui.py
[2026-04-24T11:49:35.590+0000] {processor.py:914} INFO - Processing file /home/airflow/.local/lib/python3.12/site-packages/airflow/example_dags/example_params_trigger_ui.py for tasks to queue
[2026-04-24T11:49:35.590+0000] {logging_mixin.py:190} INFO - [2026-04-24T11:49:35.590+0000] {dagbag.py:588} INFO - Filling up the DagBag from /home/airflow/.local/lib/python3.12/site-packages/airflow/example_dags/example_params_trigger_ui.py
[2026-04-24T11:49:35.595+0000] {processor.py:925} INFO - DAG(s) 'example_params_trigger_ui' retrieved from /home/airflow/.local/lib/python3.12/site-packages/airflow/example_dags/example_params_trigger_ui.py
[2026-04-24T11:49:35.610+0000] {logging_mixin.py:190} INFO - [2026-04-24T11:49:35.610+0000] {dag.py:3239} INFO - Sync 1 DAGs
[2026-04-24T11:49:35.616+0000] {logging_mixin.py:190} INFO - [2026-04-24T11:49:35.615+0000] {dag.py:4180} INFO - Setting next_dagrun for example_params_trigger_ui to None, run_after=None
[2026-04-24T11:49:35.622+0000] {processor.py:208} INFO - Processing /home/airflow/.local/lib/python3.12/site-packages/airflow/example_dags/example_params_trigger_ui.py took 0.035 seconds
[2026-04-24T11:51:35.999+0000] {processor.py:186} INFO - Started process (PID=79576) to work on /home/airflow/.local/lib/python3.12/site-packages/airflow/example_dags/example_params_trigger_ui.py
[2026-04-24T11:51:35.999+0000] {processor.py:914} INFO - Processing file /home/airflow/.local/lib/python3.12/site-packages/airflow/example_dags/example_params_trigger_ui.py for tasks to queue
[2026-04-24T11:51:36.000+0000] {logging_mixin.py:190} INFO - [2026-04-24T11:51:36.000+0000] {dagbag.py:588} INFO - Filling up the DagBag from /home/airflow/.local/lib/python3.12/site-packages/airflow/example_dags/example_params_trigger_ui.py
[2026-04-24T11:51:36.005+0000] {processor.py:925} INFO - DAG(s) 'example_params_trigger_ui' retrieved from /home/airflow/.local/lib/python3.12/site-packages/airflow/example_dags/example_params_trigger_ui.py
[2026-04-24T11:51:36.021+0000] {logging_mixin.py:190} INFO - [2026-04-24T11:51:36.021+0000] {dag.py:3239} INFO - Sync 1 DAGs
[2026-04-24T11:51:36.027+0000] {logging_mixin.py:190} INFO - [2026-04-24T11:51:36.027+0000] {dag.py:4180} INFO - Setting next_dagrun for example_params_trigger_ui to None, run_after=None
[2026-04-24T11:51:36.034+0000] {processor.py:208} INFO - Processing /home/airflow/.local/lib/python3.12/site-packages/airflow/example_dags/example_params_trigger_ui.py took 0.038 seconds
[2026-04-24T11:52:06.331+0000] {processor.py:186} INFO - Started process (PID=79640) to work on /home/airflow/.local/lib/python3.12/site-packages/airflow/example_dags/example_params_trigger_ui.py
[2026-04-24T11:52:06.331+0000] {processor.py:914} INFO - Processing file /home/airflow/.local/lib/python3.12/site-packages/airflow/example_dags/example_params_trigger_ui.py for tasks to queue
[2026-04-24T11:52:06.333+0000] {logging_mixin.py:190} INFO - [2026-04-24T11:52:06.333+0000] {dagbag.py:588} INFO - Filling up the DagBag from /home/airflow/.local/lib/python3.12/site-packages/airflow/example_dags/example_params_trigger_ui.py
[2026-04-24T11:52:06.338+0000] {processor.py:925} INFO - DAG(s) 'example_params_trigger_ui' retrieved from /home/airflow/.local/lib/python3.12/site-packages/airflow/example_dags/example_params_trigger_ui.py
[2026-04-24T11:52:06.351+0000] {logging_mixin.py:190} INFO - [2026-04-24T11:52:06.351+0000] {dag.py:3239} INFO - Sync 1 DAGs
[2026-04-24T11:52:06.356+0000] {logging_mixin.py:190} INFO - [2026-04-24T11:52:06.356+0000] {dag.py:4180} INFO - Setting next_dagrun for example_params_trigger_ui to None, run_after=None
[2026-04-24T11:52:06.362+0000] {processor.py:208} INFO - Processing /home/airflow/.local/lib/python3.12/site-packages/airflow/example_dags/example_params_trigger_ui.py took 0.033 seconds
[2026-04-24T11:52:37.604+0000] {processor.py:186} INFO - Started process (PID=79703) to work on /home/airflow/.local/lib/python3.12/site-packages/airflow/example_dags/example_params_trigger_ui.py
[2026-04-24T11:52:37.604+0000] {processor.py:914} INFO - Processing file /home/airflow/.local/lib/python3.12/site-packages/airflow/example_dags/example_params_trigger_ui.py for tasks to queue
[2026-04-24T11:52:37.605+0000] {logging_mixin.py:190} INFO - [2026-04-24T11:52:37.605+0000] {dagbag.py:588} INFO - Filling up the DagBag from /home/airflow/.local/lib/python3.12/site-packages/airflow/example_dags/example_params_trigger_ui.py
[2026-04-24T11:52:37.612+0000] {processor.py:925} INFO - DAG(s) 'example_params_trigger_ui' retrieved from /home/airflow/.local/lib/python3.12/site-packages/airflow/example_dags/example_params_trigger_ui.py
[2026-04-24T11:52:37.627+0000] {logging_mixin.py:190} INFO - [2026-04-24T11:52:37.627+0000] {dag.py:3239} INFO - Sync 1 DAGs
[2026-04-24T11:52:37.633+0000] {logging_mixin.py:190} INFO - [2026-04-24T11:52:37.633+0000] {dag.py:4180} INFO - Setting next_dagrun for example_params_trigger_ui to None, run_after=None
[2026-04-24T11:52:37.642+0000] {processor.py:208} INFO - Processing /home/airflow/.local/lib/python3.12/site-packages/airflow/example_dags/example_params_trigger_ui.py took 0.041 seconds
[2026-04-24T11:53:07.909+0000] {processor.py:186} INFO - Started process (PID=79767) to work on /home/airflow/.local/lib/python3.12/site-packages/airflow/example_dags/example_params_trigger_ui.py
[2026-04-24T11:53:07.910+0000] {processor.py:914} INFO - Processing file /home/airflow/.local/lib/python3.12/site-packages/airflow/example_dags/example_params_trigger_ui.py for tasks to queue
[2026-04-24T11:53:07.912+0000] {logging_mixin.py:190} INFO - [2026-04-24T11:53:07.912+0000] {dagbag.py:588} INFO - Filling up the DagBag from /home/airflow/.local/lib/python3.12/site-packages/airflow/example_dags/example_params_trigger_ui.py
[2026-04-24T11:53:07.916+0000] {processor.py:925} INFO - DAG(s) 'example_params_trigger_ui' retrieved from /home/airflow/.local/lib/python3.12/site-packages/airflow/example_dags/example_params_trigger_ui.py
[2026-04-24T11:53:07.932+0000] {logging_mixin.py:190} INFO - [2026-04-24T11:53:07.932+0000] {dag.py:3239} INFO - Sync 1 DAGs
[2026-04-24T11:53:07.937+0000] {logging_mixin.py:190} INFO - [2026-04-24T11:53:07.937+0000] {dag.py:4180} INFO - Setting next_dagrun for example_params_trigger_ui to None, run_after=None
[2026-04-24T11:53:07.946+0000] {processor.py:208} INFO - Processing /home/airflow/.local/lib/python3.12/site-packages/airflow/example_dags/example_params_trigger_ui.py took 0.040 seconds
[2026-04-24T11:53:39.343+0000] {processor.py:186} INFO - Started process (PID=79832) to work on /home/airflow/.local/lib/python3.12/site-packages/airflow/example_dags/example_params_trigger_ui.py
[2026-04-24T11:53:39.345+0000] {processor.py:914} INFO - Processing file /home/airflow/.local/lib/python3.12/site-packages/airflow/example_dags/example_params_trigger_ui.py for tasks to queue
[2026-04-24T11:53:39.346+0000] {logging_mixin.py:190} INFO - [2026-04-24T11:53:39.346+0000] {dagbag.py:588} INFO - Filling up the DagBag from /home/airflow/.local/lib/python3.12/site-packages/airflow/example_dags/example_params_trigger_ui.py
[2026-04-24T11:53:39.352+0000] {processor.py:925} INFO - DAG(s) 'example_params_trigger_ui' retrieved from /home/airflow/.local/lib/python3.12/site-packages/airflow/example_dags/example_params_trigger_ui.py
[2026-04-24T11:53:39.369+0000] {logging_mixin.py:190} INFO - [2026-04-24T11:53:39.369+0000] {dag.py:3239} INFO - Sync 1 DAGs
[2026-04-24T11:53:39.376+0000] {logging_mixin.py:190} INFO - [2026-04-24T11:53:39.376+0000] {dag.py:4180} INFO - Setting next_dagrun for example_params_trigger_ui to None, run_after=None
[2026-04-24T11:53:39.385+0000] {processor.py:208} INFO - Processing /home/airflow/.local/lib/python3.12/site-packages/airflow/example_dags/example_params_trigger_ui.py took 0.044 seconds
[2026-04-24T11:54:09.680+0000] {processor.py:186} INFO - Started process (PID=79896) to work on /home/airflow/.local/lib/python3.12/site-packages/airflow/example_dags/example_params_trigger_ui.py
[2026-04-24T11:54:09.681+0000] {processor.py:914} INFO - Processing file /home/airflow/.local/lib/python3.12/site-packages/airflow/example_dags/example_params_trigger_ui.py for tasks to queue
[2026-04-24T11:54:09.682+0000] {logging_mixin.py:190} INFO - [2026-04-24T11:54:09.682+0000] {dagbag.py:588} INFO - Filling up the DagBag from /home/airflow/.local/lib/python3.12/site-packages/airflow/example_dags/example_params_trigger_ui.py
[2026-04-24T11:54:09.688+0000] {processor.py:925} INFO - DAG(s) 'example_params_trigger_ui' retrieved from /home/airflow/.local/lib/python3.12/site-packages/airflow/example_dags/example_params_trigger_ui.py
[2026-04-24T11:54:09.702+0000] {logging_mixin.py:190} INFO - [2026-04-24T11:54:09.702+0000] {dag.py:3239} INFO - Sync 1 DAGs
[2026-04-24T11:54:09.707+0000] {logging_mixin.py:190} INFO - [2026-04-24T11:54:09.707+0000] {dag.py:4180} INFO - Setting next_dagrun for example_params_trigger_ui to None, run_after=None
[2026-04-24T11:54:09.713+0000] {processor.py:208} INFO - Processing /home/airflow/.local/lib/python3.12/site-packages/airflow/example_dags/example_params_trigger_ui.py took 0.036 seconds
[2026-04-24T11:56:03.177+0000] {processor.py:186} INFO - Started process (PID=79960) to work on /home/airflow/.local/lib/python3.12/site-packages/airflow/example_dags/example_params_trigger_ui.py
[2026-04-24T11:56:03.178+0000] {processor.py:914} INFO - Processing file /home/airflow/.local/lib/python3.12/site-packages/airflow/example_dags/example_params_trigger_ui.py for tasks to queue
[2026-04-24T11:56:03.178+0000] {logging_mixin.py:190} INFO - [2026-04-24T11:56:03.178+0000] {dagbag.py:588} INFO - Filling up the DagBag from /home/airflow/.local/lib/python3.12/site-packages/airflow/example_dags/example_params_trigger_ui.py
[2026-04-24T11:56:03.183+0000] {processor.py:925} INFO - DAG(s) 'example_params_trigger_ui' retrieved from /home/airflow/.local/lib/python3.12/site-packages/airflow/example_dags/example_params_trigger_ui.py
[2026-04-24T11:56:03.197+0000] {logging_mixin.py:190} INFO - [2026-04-24T11:56:03.197+0000] {dag.py:3239} INFO - Sync 1 DAGs
[2026-04-24T11:56:03.202+0000] {logging_mixin.py:190} INFO - [2026-04-24T11:56:03.202+0000] {dag.py:4180} INFO - Setting next_dagrun for example_params_trigger_ui to None, run_after=None
[2026-04-24T11:56:03.208+0000] {processor.py:208} INFO - Processing /home/airflow/.local/lib/python3.12/site-packages/airflow/example_dags/example_params_trigger_ui.py took 0.033 seconds
[2026-04-24T11:57:53.671+0000] {processor.py:186} INFO - Started process (PID=80024) to work on /home/airflow/.local/lib/python3.12/site-packages/airflow/example_dags/example_params_trigger_ui.py
[2026-04-24T11:57:53.671+0000] {processor.py:914} INFO - Processing file /home/airflow/.local/lib/python3.12/site-packages/airflow/example_dags/example_params_trigger_ui.py for tasks to queue
[2026-04-24T11:57:53.672+0000] {logging_mixin.py:190} INFO - [2026-04-24T11:57:53.672+0000] {dagbag.py:588} INFO - Filling up the DagBag from /home/airflow/.local/lib/python3.12/site-packages/airflow/example_dags/example_params_trigger_ui.py
[2026-04-24T11:57:53.677+0000] {processor.py:925} INFO - DAG(s) 'example_params_trigger_ui' retrieved from /home/airflow/.local/lib/python3.12/site-packages/airflow/example_dags/example_params_trigger_ui.py
[2026-04-24T11:57:53.692+0000] {logging_mixin.py:190} INFO - [2026-04-24T11:57:53.692+0000] {dag.py:3239} INFO - Sync 1 DAGs
[2026-04-24T11:57:53.697+0000] {logging_mixin.py:190} INFO - [2026-04-24T11:57:53.697+0000] {dag.py:4180} INFO - Setting next_dagrun for example_params_trigger_ui to None, run_after=None
[2026-04-24T11:57:53.703+0000] {processor.py:208} INFO - Processing /home/airflow/.local/lib/python3.12/site-packages/airflow/example_dags/example_params_trigger_ui.py took 0.035 seconds
[2026-04-24T11:58:23.940+0000] {processor.py:186} INFO - Started process (PID=80088) to work on /home/airflow/.local/lib/python3.12/site-packages/airflow/example_dags/example_params_trigger_ui.py
[2026-04-24T11:58:23.940+0000] {processor.py:914} INFO - Processing file /home/airflow/.local/lib/python3.12/site-packages/airflow/example_dags/example_params_trigger_ui.py for tasks to queue
[2026-04-24T11:58:23.941+0000] {logging_mixin.py:190} INFO - [2026-04-24T11:58:23.941+0000] {dagbag.py:588} INFO - Filling up the DagBag from /home/airflow/.local/lib/python3.12/site-packages/airflow/example_dags/example_params_trigger_ui.py
[2026-04-24T11:58:23.945+0000] {processor.py:925} INFO - DAG(s) 'example_params_trigger_ui' retrieved from /home/airflow/.local/lib/python3.12/site-packages/airflow/example_dags/example_params_trigger_ui.py
[2026-04-24T11:58:23.958+0000] {logging_mixin.py:190} INFO - [2026-04-24T11:58:23.957+0000] {dag.py:3239} INFO - Sync 1 DAGs
[2026-04-24T11:58:23.962+0000] {logging_mixin.py:190} INFO - [2026-04-24T11:58:23.962+0000] {dag.py:4180} INFO - Setting next_dagrun for example_params_trigger_ui to None, run_after=None
[2026-04-24T11:58:23.967+0000] {processor.py:208} INFO - Processing /home/airflow/.local/lib/python3.12/site-packages/airflow/example_dags/example_params_trigger_ui.py took 0.030 seconds
[2026-04-24T12:00:19.627+0000] {processor.py:186} INFO - Started process (PID=80152) to work on /home/airflow/.local/lib/python3.12/site-packages/airflow/example_dags/example_params_trigger_ui.py
[2026-04-24T12:00:19.628+0000] {processor.py:914} INFO - Processing file /home/airflow/.local/lib/python3.12/site-packages/airflow/example_dags/example_params_trigger_ui.py for tasks to queue
[2026-04-24T12:00:19.629+0000] {logging_mixin.py:190} INFO - [2026-04-24T12:00:19.629+0000] {dagbag.py:588} INFO - Filling up the DagBag from /home/airflow/.local/lib/python3.12/site-packages/airflow/example_dags/example_params_trigger_ui.py
[2026-04-24T12:00:19.634+0000] {processor.py:925} INFO - DAG(s) 'example_params_trigger_ui' retrieved from /home/airflow/.local/lib/python3.12/site-packages/airflow/example_dags/example_params_trigger_ui.py
[2026-04-24T12:00:19.648+0000] {logging_mixin.py:190} INFO - [2026-04-24T12:00:19.648+0000] {dag.py:3239} INFO - Sync 1 DAGs
[2026-04-24T12:00:19.653+0000] {logging_mixin.py:190} INFO - [2026-04-24T12:00:19.653+0000] {dag.py:4180} INFO - Setting next_dagrun for example_params_trigger_ui to None, run_after=None
[2026-04-24T12:00:19.659+0000] {processor.py:208} INFO - Processing /home/airflow/.local/lib/python3.12/site-packages/airflow/example_dags/example_params_trigger_ui.py took 0.034 seconds
[2026-04-24T12:02:11.245+0000] {processor.py:186} INFO - Started process (PID=80216) to work on /home/airflow/.local/lib/python3.12/site-packages/airflow/example_dags/example_params_trigger_ui.py
[2026-04-24T12:02:11.246+0000] {processor.py:914} INFO - Processing file /home/airflow/.local/lib/python3.12/site-packages/airflow/example_dags/example_params_trigger_ui.py for tasks to queue
[2026-04-24T12:02:11.247+0000] {logging_mixin.py:190} INFO - [2026-04-24T12:02:11.247+0000] {dagbag.py:588} INFO - Filling up the DagBag from /home/airflow/.local/lib/python3.12/site-packages/airflow/example_dags/example_params_trigger_ui.py
[2026-04-24T12:02:11.252+0000] {processor.py:925} INFO - DAG(s) 'example_params_trigger_ui' retrieved from /home/airflow/.local/lib/python3.12/site-packages/airflow/example_dags/example_params_trigger_ui.py
[2026-04-24T12:02:11.267+0000] {logging_mixin.py:190} INFO - [2026-04-24T12:02:11.267+0000] {dag.py:3239} INFO - Sync 1 DAGs
[2026-04-24T12:02:11.273+0000] {logging_mixin.py:190} INFO - [2026-04-24T12:02:11.273+0000] {dag.py:4180} INFO - Setting next_dagrun for example_params_trigger_ui to None, run_after=None
[2026-04-24T12:02:11.280+0000] {processor.py:208} INFO - Processing /home/airflow/.local/lib/python3.12/site-packages/airflow/example_dags/example_params_trigger_ui.py took 0.037 seconds
[2026-04-24T12:02:41.457+0000] {processor.py:186} INFO - Started process (PID=80279) to work on /home/airflow/.local/lib/python3.12/site-packages/airflow/example_dags/example_params_trigger_ui.py
[2026-04-24T12:02:41.457+0000] {processor.py:914} INFO - Processing file /home/airflow/.local/lib/python3.12/site-packages/airflow/example_dags/example_params_trigger_ui.py for tasks to queue
[2026-04-24T12:02:41.458+0000] {logging_mixin.py:190} INFO - [2026-04-24T12:02:41.458+0000] {dagbag.py:588} INFO - Filling up the DagBag from /home/airflow/.local/lib/python3.12/site-packages/airflow/example_dags/example_params_trigger_ui.py
[2026-04-24T12:02:41.462+0000] {processor.py:925} INFO - DAG(s) 'example_params_trigger_ui' retrieved from /home/airflow/.local/lib/python3.12/site-packages/airflow/example_dags/example_params_trigger_ui.py
[2026-04-24T12:02:41.483+0000] {logging_mixin.py:190} INFO - [2026-04-24T12:02:41.483+0000] {dag.py:3239} INFO - Sync 1 DAGs
[2026-04-24T12:02:41.488+0000] {logging_mixin.py:190} INFO - [2026-04-24T12:02:41.488+0000] {dag.py:4180} INFO - Setting next_dagrun for example_params_trigger_ui to None, run_after=None
[2026-04-24T12:02:41.496+0000] {processor.py:208} INFO - Processing /home/airflow/.local/lib/python3.12/site-packages/airflow/example_dags/example_params_trigger_ui.py took 0.042 seconds
[2026-04-24T12:04:36.416+0000] {processor.py:186} INFO - Started process (PID=80344) to work on /home/airflow/.local/lib/python3.12/site-packages/airflow/example_dags/example_params_trigger_ui.py
[2026-04-24T12:04:36.417+0000] {processor.py:914} INFO - Processing file /home/airflow/.local/lib/python3.12/site-packages/airflow/example_dags/example_params_trigger_ui.py for tasks to queue
[2026-04-24T12:04:36.418+0000] {logging_mixin.py:190} INFO - [2026-04-24T12:04:36.417+0000] {dagbag.py:588} INFO - Filling up the DagBag from /home/airflow/.local/lib/python3.12/site-packages/airflow/example_dags/example_params_trigger_ui.py
[2026-04-24T12:04:36.422+0000] {processor.py:925} INFO - DAG(s) 'example_params_trigger_ui' retrieved from /home/airflow/.local/lib/python3.12/site-packages/airflow/example_dags/example_params_trigger_ui.py
[2026-04-24T12:04:36.434+0000] {logging_mixin.py:190} INFO - [2026-04-24T12:04:36.434+0000] {dag.py:3239} INFO - Sync 1 DAGs
[2026-04-24T12:04:36.439+0000] {logging_mixin.py:190} INFO - [2026-04-24T12:04:36.439+0000] {dag.py:4180} INFO - Setting next_dagrun for example_params_trigger_ui to None, run_after=None
[2026-04-24T12:04:36.445+0000] {processor.py:208} INFO - Processing /home/airflow/.local/lib/python3.12/site-packages/airflow/example_dags/example_params_trigger_ui.py took 0.031 seconds
[2026-04-24T12:05:07.068+0000] {processor.py:186} INFO - Started process (PID=80408) to work on /home/airflow/.local/lib/python3.12/site-packages/airflow/example_dags/example_params_trigger_ui.py
[2026-04-24T12:05:07.069+0000] {processor.py:914} INFO - Processing file /home/airflow/.local/lib/python3.12/site-packages/airflow/example_dags/example_params_trigger_ui.py for tasks to queue
[2026-04-24T12:05:07.070+0000] {logging_mixin.py:190} INFO - [2026-04-24T12:05:07.070+0000] {dagbag.py:588} INFO - Filling up the DagBag from /home/airflow/.local/lib/python3.12/site-packages/airflow/example_dags/example_params_trigger_ui.py
[2026-04-24T12:05:07.075+0000] {processor.py:925} INFO - DAG(s) 'example_params_trigger_ui' retrieved from /home/airflow/.local/lib/python3.12/site-packages/airflow/example_dags/example_params_trigger_ui.py
[2026-04-24T12:05:07.095+0000] {logging_mixin.py:190} INFO - [2026-04-24T12:05:07.095+0000] {dag.py:3239} INFO - Sync 1 DAGs
[2026-04-24T12:05:07.100+0000] {logging_mixin.py:190} INFO - [2026-04-24T12:05:07.100+0000] {dag.py:4180} INFO - Setting next_dagrun for example_params_trigger_ui to None, run_after=None
[2026-04-24T12:05:07.106+0000] {processor.py:208} INFO - Processing /home/airflow/.local/lib/python3.12/site-packages/airflow/example_dags/example_params_trigger_ui.py took 0.040 seconds
[2026-04-24T12:06:57.547+0000] {processor.py:186} INFO - Started process (PID=80472) to work on /home/airflow/.local/lib/python3.12/site-packages/airflow/example_dags/example_params_trigger_ui.py
[2026-04-24T12:06:57.548+0000] {processor.py:914} INFO - Processing file /home/airflow/.local/lib/python3.12/site-packages/airflow/example_dags/example_params_trigger_ui.py for tasks to queue
[2026-04-24T12:06:57.549+0000] {logging_mixin.py:190} INFO - [2026-04-24T12:06:57.549+0000] {dagbag.py:588} INFO - Filling up the DagBag from /home/airflow/.local/lib/python3.12/site-packages/airflow/example_dags/example_params_trigger_ui.py
[2026-04-24T12:06:57.553+0000] {processor.py:925} INFO - DAG(s) 'example_params_trigger_ui' retrieved from /home/airflow/.local/lib/python3.12/site-packages/airflow/example_dags/example_params_trigger_ui.py
[2026-04-24T12:06:57.567+0000] {logging_mixin.py:190} INFO - [2026-04-24T12:06:57.567+0000] {dag.py:3239} INFO - Sync 1 DAGs
[2026-04-24T12:06:57.572+0000] {logging_mixin.py:190} INFO - [2026-04-24T12:06:57.572+0000] {dag.py:4180} INFO - Setting next_dagrun for example_params_trigger_ui to None, run_after=None
[2026-04-24T12:06:57.578+0000] {processor.py:208} INFO - Processing /home/airflow/.local/lib/python3.12/site-packages/airflow/example_dags/example_params_trigger_ui.py took 0.033 seconds
[2026-04-24T12:08:56.834+0000] {processor.py:186} INFO - Started process (PID=80536) to work on /home/airflow/.local/lib/python3.12/site-packages/airflow/example_dags/example_params_trigger_ui.py
[2026-04-24T12:08:56.834+0000] {processor.py:914} INFO - Processing file /home/airflow/.local/lib/python3.12/site-packages/airflow/example_dags/example_params_trigger_ui.py for tasks to queue
[2026-04-24T12:08:56.835+0000] {logging_mixin.py:190} INFO - [2026-04-24T12:08:56.835+0000] {dagbag.py:588} INFO - Filling up the DagBag from /home/airflow/.local/lib/python3.12/site-packages/airflow/example_dags/example_params_trigger_ui.py
[2026-04-24T12:08:56.839+0000] {processor.py:925} INFO - DAG(s) 'example_params_trigger_ui' retrieved from /home/airflow/.local/lib/python3.12/site-packages/airflow/example_dags/example_params_trigger_ui.py
[2026-04-24T12:08:56.853+0000] {logging_mixin.py:190} INFO - [2026-04-24T12:08:56.853+0000] {dag.py:3239} INFO - Sync 1 DAGs
[2026-04-24T12:08:56.858+0000] {logging_mixin.py:190} INFO - [2026-04-24T12:08:56.858+0000] {dag.py:4180} INFO - Setting next_dagrun for example_params_trigger_ui to None, run_after=None
[2026-04-24T12:08:56.864+0000] {processor.py:208} INFO - Processing /home/airflow/.local/lib/python3.12/site-packages/airflow/example_dags/example_params_trigger_ui.py took 0.033 seconds
[2026-04-24T12:09:28.113+0000] {processor.py:186} INFO - Started process (PID=80600) to work on /home/airflow/.local/lib/python3.12/site-packages/airflow/example_dags/example_params_trigger_ui.py
[2026-04-24T12:09:28.115+0000] {processor.py:914} INFO - Processing file /home/airflow/.local/lib/python3.12/site-packages/airflow/example_dags/example_params_trigger_ui.py for tasks to queue
[2026-04-24T12:09:28.116+0000] {logging_mixin.py:190} INFO - [2026-04-24T12:09:28.116+0000] {dagbag.py:588} INFO - Filling up the DagBag from /home/airflow/.local/lib/python3.12/site-packages/airflow/example_dags/example_params_trigger_ui.py
[2026-04-24T12:09:28.121+0000] {processor.py:925} INFO - DAG(s) 'example_params_trigger_ui' retrieved from /home/airflow/.local/lib/python3.12/site-packages/airflow/example_dags/example_params_trigger_ui.py
[2026-04-24T12:09:28.137+0000] {logging_mixin.py:190} INFO - [2026-04-24T12:09:28.137+0000] {dag.py:3239} INFO - Sync 1 DAGs
[2026-04-24T12:09:28.143+0000] {logging_mixin.py:190} INFO - [2026-04-24T12:09:28.143+0000] {dag.py:4180} INFO - Setting next_dagrun for example_params_trigger_ui to None, run_after=None
[2026-04-24T12:09:28.150+0000] {processor.py:208} INFO - Processing /home/airflow/.local/lib/python3.12/site-packages/airflow/example_dags/example_params_trigger_ui.py took 0.039 seconds
[2026-04-24T12:09:58.503+0000] {processor.py:186} INFO - Started process (PID=80663) to work on /home/airflow/.local/lib/python3.12/site-packages/airflow/example_dags/example_params_trigger_ui.py
[2026-04-24T12:09:58.504+0000] {processor.py:914} INFO - Processing file /home/airflow/.local/lib/python3.12/site-packages/airflow/example_dags/example_params_trigger_ui.py for tasks to queue
[2026-04-24T12:09:58.504+0000] {logging_mixin.py:190} INFO - [2026-04-24T12:09:58.504+0000] {dagbag.py:588} INFO - Filling up the DagBag from /home/airflow/.local/lib/python3.12/site-packages/airflow/example_dags/example_params_trigger_ui.py
[2026-04-24T12:09:58.509+0000] {processor.py:925} INFO - DAG(s) 'example_params_trigger_ui' retrieved from /home/airflow/.local/lib/python3.12/site-packages/airflow/example_dags/example_params_trigger_ui.py
[2026-04-24T12:09:58.528+0000] {logging_mixin.py:190} INFO - [2026-04-24T12:09:58.528+0000] {dag.py:3239} INFO - Sync 1 DAGs
[2026-04-24T12:09:58.533+0000] {logging_mixin.py:190} INFO - [2026-04-24T12:09:58.533+0000] {dag.py:4180} INFO - Setting next_dagrun for example_params_trigger_ui to None, run_after=None
[2026-04-24T12:09:58.538+0000] {processor.py:208} INFO - Processing /home/airflow/.local/lib/python3.12/site-packages/airflow/example_dags/example_params_trigger_ui.py took 0.038 seconds
[2026-04-24T12:10:29.732+0000] {processor.py:186} INFO - Started process (PID=80727) to work on /home/airflow/.local/lib/python3.12/site-packages/airflow/example_dags/example_params_trigger_ui.py
[2026-04-24T12:10:29.732+0000] {processor.py:914} INFO - Processing file /home/airflow/.local/lib/python3.12/site-packages/airflow/example_dags/example_params_trigger_ui.py for tasks to queue
[2026-04-24T12:10:29.733+0000] {logging_mixin.py:190} INFO - [2026-04-24T12:10:29.733+0000] {dagbag.py:588} INFO - Filling up the DagBag from /home/airflow/.local/lib/python3.12/site-packages/airflow/example_dags/example_params_trigger_ui.py
[2026-04-24T12:10:29.736+0000] {processor.py:925} INFO - DAG(s) 'example_params_trigger_ui' retrieved from /home/airflow/.local/lib/python3.12/site-packages/airflow/example_dags/example_params_trigger_ui.py
[2026-04-24T12:10:29.748+0000] {logging_mixin.py:190} INFO - [2026-04-24T12:10:29.748+0000] {dag.py:3239} INFO - Sync 1 DAGs
[2026-04-24T12:10:29.752+0000] {logging_mixin.py:190} INFO - [2026-04-24T12:10:29.752+0000] {dag.py:4180} INFO - Setting next_dagrun for example_params_trigger_ui to None, run_after=None
[2026-04-24T12:10:29.757+0000] {processor.py:208} INFO - Processing /home/airflow/.local/lib/python3.12/site-packages/airflow/example_dags/example_params_trigger_ui.py took 0.028 seconds
[2026-04-24T12:12:25.370+0000] {processor.py:186} INFO - Started process (PID=80792) to work on /home/airflow/.local/lib/python3.12/site-packages/airflow/example_dags/example_params_trigger_ui.py
[2026-04-24T12:12:25.370+0000] {processor.py:914} INFO - Processing file /home/airflow/.local/lib/python3.12/site-packages/airflow/example_dags/example_params_trigger_ui.py for tasks to queue
[2026-04-24T12:12:25.371+0000] {logging_mixin.py:190} INFO - [2026-04-24T12:12:25.371+0000] {dagbag.py:588} INFO - Filling up the DagBag from /home/airflow/.local/lib/python3.12/site-packages/airflow/example_dags/example_params_trigger_ui.py
[2026-04-24T12:12:25.376+0000] {processor.py:925} INFO - DAG(s) 'example_params_trigger_ui' retrieved from /home/airflow/.local/lib/python3.12/site-packages/airflow/example_dags/example_params_trigger_ui.py
[2026-04-24T12:12:25.391+0000] {logging_mixin.py:190} INFO - [2026-04-24T12:12:25.390+0000] {dag.py:3239} INFO - Sync 1 DAGs
[2026-04-24T12:12:25.396+0000] {logging_mixin.py:190} INFO - [2026-04-24T12:12:25.396+0000] {dag.py:4180} INFO - Setting next_dagrun for example_params_trigger_ui to None, run_after=None
[2026-04-24T12:12:25.402+0000] {processor.py:208} INFO - Processing /home/airflow/.local/lib/python3.12/site-packages/airflow/example_dags/example_params_trigger_ui.py took 0.035 seconds
[2026-04-24T12:12:55.545+0000] {processor.py:186} INFO - Started process (PID=80856) to work on /home/airflow/.local/lib/python3.12/site-packages/airflow/example_dags/example_params_trigger_ui.py
[2026-04-24T12:12:55.546+0000] {processor.py:914} INFO - Processing file /home/airflow/.local/lib/python3.12/site-packages/airflow/example_dags/example_params_trigger_ui.py for tasks to queue
[2026-04-24T12:12:55.546+0000] {logging_mixin.py:190} INFO - [2026-04-24T12:12:55.546+0000] {dagbag.py:588} INFO - Filling up the DagBag from /home/airflow/.local/lib/python3.12/site-packages/airflow/example_dags/example_params_trigger_ui.py
[2026-04-24T12:12:55.551+0000] {processor.py:925} INFO - DAG(s) 'example_params_trigger_ui' retrieved from /home/airflow/.local/lib/python3.12/site-packages/airflow/example_dags/example_params_trigger_ui.py
[2026-04-24T12:12:55.568+0000] {logging_mixin.py:190} INFO - [2026-04-24T12:12:55.568+0000] {dag.py:3239} INFO - Sync 1 DAGs
[2026-04-24T12:12:55.572+0000] {logging_mixin.py:190} INFO - [2026-04-24T12:12:55.572+0000] {dag.py:4180} INFO - Setting next_dagrun for example_params_trigger_ui to None, run_after=None
[2026-04-24T12:12:55.581+0000] {processor.py:208} INFO - Processing /home/airflow/.local/lib/python3.12/site-packages/airflow/example_dags/example_params_trigger_ui.py took 0.038 seconds
[2026-04-24T12:14:50.538+0000] {processor.py:186} INFO - Started process (PID=80921) to work on /home/airflow/.local/lib/python3.12/site-packages/airflow/example_dags/example_params_trigger_ui.py
[2026-04-24T12:14:50.539+0000] {processor.py:914} INFO - Processing file /home/airflow/.local/lib/python3.12/site-packages/airflow/example_dags/example_params_trigger_ui.py for tasks to queue
[2026-04-24T12:14:50.542+0000] {logging_mixin.py:190} INFO - [2026-04-24T12:14:50.541+0000] {dagbag.py:588} INFO - Filling up the DagBag from /home/airflow/.local/lib/python3.12/site-packages/airflow/example_dags/example_params_trigger_ui.py
[2026-04-24T12:14:50.553+0000] {processor.py:925} INFO - DAG(s) 'example_params_trigger_ui' retrieved from /home/airflow/.local/lib/python3.12/site-packages/airflow/example_dags/example_params_trigger_ui.py
[2026-04-24T12:14:50.584+0000] {logging_mixin.py:190} INFO - [2026-04-24T12:14:50.584+0000] {dag.py:3239} INFO - Sync 1 DAGs
[2026-04-24T12:14:50.596+0000] {logging_mixin.py:190} INFO - [2026-04-24T12:14:50.596+0000] {dag.py:4180} INFO - Setting next_dagrun for example_params_trigger_ui to None, run_after=None
[2026-04-24T12:14:50.609+0000] {processor.py:208} INFO - Processing /home/airflow/.local/lib/python3.12/site-packages/airflow/example_dags/example_params_trigger_ui.py took 0.077 seconds
[2026-04-24T12:16:41.956+0000] {processor.py:186} INFO - Started process (PID=80985) to work on /home/airflow/.local/lib/python3.12/site-packages/airflow/example_dags/example_params_trigger_ui.py
[2026-04-24T12:16:41.956+0000] {processor.py:914} INFO - Processing file /home/airflow/.local/lib/python3.12/site-packages/airflow/example_dags/example_params_trigger_ui.py for tasks to queue
[2026-04-24T12:16:41.957+0000] {logging_mixin.py:190} INFO - [2026-04-24T12:16:41.957+0000] {dagbag.py:588} INFO - Filling up the DagBag from /home/airflow/.local/lib/python3.12/site-packages/airflow/example_dags/example_params_trigger_ui.py
[2026-04-24T12:16:41.962+0000] {processor.py:925} INFO - DAG(s) 'example_params_trigger_ui' retrieved from /home/airflow/.local/lib/python3.12/site-packages/airflow/example_dags/example_params_trigger_ui.py
[2026-04-24T12:16:41.976+0000] {logging_mixin.py:190} INFO - [2026-04-24T12:16:41.976+0000] {dag.py:3239} INFO - Sync 1 DAGs
[2026-04-24T12:16:41.981+0000] {logging_mixin.py:190} INFO - [2026-04-24T12:16:41.981+0000] {dag.py:4180} INFO - Setting next_dagrun for example_params_trigger_ui to None, run_after=None
[2026-04-24T12:16:41.987+0000] {processor.py:208} INFO - Processing /home/airflow/.local/lib/python3.12/site-packages/airflow/example_dags/example_params_trigger_ui.py took 0.034 seconds
[2026-04-24T12:17:12.233+0000] {processor.py:186} INFO - Started process (PID=81049) to work on /home/airflow/.local/lib/python3.12/site-packages/airflow/example_dags/example_params_trigger_ui.py
[2026-04-24T12:17:12.234+0000] {processor.py:914} INFO - Processing file /home/airflow/.local/lib/python3.12/site-packages/airflow/example_dags/example_params_trigger_ui.py for tasks to queue
[2026-04-24T12:17:12.235+0000] {logging_mixin.py:190} INFO - [2026-04-24T12:17:12.235+0000] {dagbag.py:588} INFO - Filling up the DagBag from /home/airflow/.local/lib/python3.12/site-packages/airflow/example_dags/example_params_trigger_ui.py
[2026-04-24T12:17:12.239+0000] {processor.py:925} INFO - DAG(s) 'example_params_trigger_ui' retrieved from /home/airflow/.local/lib/python3.12/site-packages/airflow/example_dags/example_params_trigger_ui.py
[2026-04-24T12:17:12.251+0000] {logging_mixin.py:190} INFO - [2026-04-24T12:17:12.251+0000] {dag.py:3239} INFO - Sync 1 DAGs
[2026-04-24T12:17:12.256+0000] {logging_mixin.py:190} INFO - [2026-04-24T12:17:12.256+0000] {dag.py:4180} INFO - Setting next_dagrun for example_params_trigger_ui to None, run_after=None
[2026-04-24T12:17:12.261+0000] {processor.py:208} INFO - Processing /home/airflow/.local/lib/python3.12/site-packages/airflow/example_dags/example_params_trigger_ui.py took 0.030 seconds
[2026-04-24T12:17:43.457+0000] {processor.py:186} INFO - Started process (PID=81112) to work on /home/airflow/.local/lib/python3.12/site-packages/airflow/example_dags/example_params_trigger_ui.py
[2026-04-24T12:17:43.458+0000] {processor.py:914} INFO - Processing file /home/airflow/.local/lib/python3.12/site-packages/airflow/example_dags/example_params_trigger_ui.py for tasks to queue
[2026-04-24T12:17:43.460+0000] {logging_mixin.py:190} INFO - [2026-04-24T12:17:43.459+0000] {dagbag.py:588} INFO - Filling up the DagBag from /home/airflow/.local/lib/python3.12/site-packages/airflow/example_dags/example_params_trigger_ui.py
[2026-04-24T12:17:43.466+0000] {processor.py:925} INFO - DAG(s) 'example_params_trigger_ui' retrieved from /home/airflow/.local/lib/python3.12/site-packages/airflow/example_dags/example_params_trigger_ui.py
[2026-04-24T12:17:43.486+0000] {logging_mixin.py:190} INFO - [2026-04-24T12:17:43.486+0000] {dag.py:3239} INFO - Sync 1 DAGs
[2026-04-24T12:17:43.494+0000] {logging_mixin.py:190} INFO - [2026-04-24T12:17:43.494+0000] {dag.py:4180} INFO - Setting next_dagrun for example_params_trigger_ui to None, run_after=None
[2026-04-24T12:17:43.500+0000] {processor.py:208} INFO - Processing /home/airflow/.local/lib/python3.12/site-packages/airflow/example_dags/example_params_trigger_ui.py took 0.045 seconds
[2026-04-24T12:18:13.749+0000] {processor.py:186} INFO - Started process (PID=81175) to work on /home/airflow/.local/lib/python3.12/site-packages/airflow/example_dags/example_params_trigger_ui.py
[2026-04-24T12:18:13.750+0000] {processor.py:914} INFO - Processing file /home/airflow/.local/lib/python3.12/site-packages/airflow/example_dags/example_params_trigger_ui.py for tasks to queue
[2026-04-24T12:18:13.751+0000] {logging_mixin.py:190} INFO - [2026-04-24T12:18:13.750+0000] {dagbag.py:588} INFO - Filling up the DagBag from /home/airflow/.local/lib/python3.12/site-packages/airflow/example_dags/example_params_trigger_ui.py
[2026-04-24T12:18:13.756+0000] {processor.py:925} INFO - DAG(s) 'example_params_trigger_ui' retrieved from /home/airflow/.local/lib/python3.12/site-packages/airflow/example_dags/example_params_trigger_ui.py
[2026-04-24T12:18:13.789+0000] {logging_mixin.py:190} INFO - [2026-04-24T12:18:13.787+0000] {dag.py:3239} INFO - Sync 1 DAGs
[2026-04-24T12:18:13.816+0000] {logging_mixin.py:190} INFO - [2026-04-24T12:18:13.816+0000] {dag.py:4180} INFO - Setting next_dagrun for example_params_trigger_ui to None, run_after=None
[2026-04-24T12:18:13.831+0000] {processor.py:208} INFO - Processing /home/airflow/.local/lib/python3.12/site-packages/airflow/example_dags/example_params_trigger_ui.py took 0.084 seconds
[2026-04-24T12:18:44.167+0000] {processor.py:186} INFO - Started process (PID=81239) to work on /home/airflow/.local/lib/python3.12/site-packages/airflow/example_dags/example_params_trigger_ui.py
[2026-04-24T12:18:44.167+0000] {processor.py:914} INFO - Processing file /home/airflow/.local/lib/python3.12/site-packages/airflow/example_dags/example_params_trigger_ui.py for tasks to queue
[2026-04-24T12:18:44.168+0000] {logging_mixin.py:190} INFO - [2026-04-24T12:18:44.168+0000] {dagbag.py:588} INFO - Filling up the DagBag from /home/airflow/.local/lib/python3.12/site-packages/airflow/example_dags/example_params_trigger_ui.py
[2026-04-24T12:18:44.173+0000] {processor.py:925} INFO - DAG(s) 'example_params_trigger_ui' retrieved from /home/airflow/.local/lib/python3.12/site-packages/airflow/example_dags/example_params_trigger_ui.py
[2026-04-24T12:18:44.191+0000] {logging_mixin.py:190} INFO - [2026-04-24T12:18:44.191+0000] {dag.py:3239} INFO - Sync 1 DAGs
[2026-04-24T12:18:44.197+0000] {logging_mixin.py:190} INFO - [2026-04-24T12:18:44.197+0000] {dag.py:4180} INFO - Setting next_dagrun for example_params_trigger_ui to None, run_after=None
[2026-04-24T12:18:44.205+0000] {processor.py:208} INFO - Processing /home/airflow/.local/lib/python3.12/site-packages/airflow/example_dags/example_params_trigger_ui.py took 0.040 seconds
[2026-04-24T12:20:33.796+0000] {processor.py:186} INFO - Started process (PID=81304) to work on /home/airflow/.local/lib/python3.12/site-packages/airflow/example_dags/example_params_trigger_ui.py
[2026-04-24T12:20:33.796+0000] {processor.py:914} INFO - Processing file /home/airflow/.local/lib/python3.12/site-packages/airflow/example_dags/example_params_trigger_ui.py for tasks to queue
[2026-04-24T12:20:33.797+0000] {logging_mixin.py:190} INFO - [2026-04-24T12:20:33.797+0000] {dagbag.py:588} INFO - Filling up the DagBag from /home/airflow/.local/lib/python3.12/site-packages/airflow/example_dags/example_params_trigger_ui.py
[2026-04-24T12:20:33.801+0000] {processor.py:925} INFO - DAG(s) 'example_params_trigger_ui' retrieved from /home/airflow/.local/lib/python3.12/site-packages/airflow/example_dags/example_params_trigger_ui.py
[2026-04-24T12:20:33.814+0000] {logging_mixin.py:190} INFO - [2026-04-24T12:20:33.814+0000] {dag.py:3239} INFO - Sync 1 DAGs
[2026-04-24T12:20:33.819+0000] {logging_mixin.py:190} INFO - [2026-04-24T12:20:33.819+0000] {dag.py:4180} INFO - Setting next_dagrun for example_params_trigger_ui to None, run_after=None
[2026-04-24T12:20:33.824+0000] {processor.py:208} INFO - Processing /home/airflow/.local/lib/python3.12/site-packages/airflow/example_dags/example_params_trigger_ui.py took 0.030 seconds
[2026-04-24T12:21:04.933+0000] {processor.py:186} INFO - Started process (PID=81368) to work on /home/airflow/.local/lib/python3.12/site-packages/airflow/example_dags/example_params_trigger_ui.py
[2026-04-24T12:21:04.935+0000] {processor.py:914} INFO - Processing file /home/airflow/.local/lib/python3.12/site-packages/airflow/example_dags/example_params_trigger_ui.py for tasks to queue
[2026-04-24T12:21:04.939+0000] {logging_mixin.py:190} INFO - [2026-04-24T12:21:04.939+0000] {dagbag.py:588} INFO - Filling up the DagBag from /home/airflow/.local/lib/python3.12/site-packages/airflow/example_dags/example_params_trigger_ui.py
[2026-04-24T12:21:04.944+0000] {processor.py:925} INFO - DAG(s) 'example_params_trigger_ui' retrieved from /home/airflow/.local/lib/python3.12/site-packages/airflow/example_dags/example_params_trigger_ui.py
[2026-04-24T12:21:04.960+0000] {logging_mixin.py:190} INFO - [2026-04-24T12:21:04.960+0000] {dag.py:3239} INFO - Sync 1 DAGs
[2026-04-24T12:21:04.966+0000] {logging_mixin.py:190} INFO - [2026-04-24T12:21:04.966+0000] {dag.py:4180} INFO - Setting next_dagrun for example_params_trigger_ui to None, run_after=None
[2026-04-24T12:21:04.971+0000] {processor.py:208} INFO - Processing /home/airflow/.local/lib/python3.12/site-packages/airflow/example_dags/example_params_trigger_ui.py took 0.040 seconds
[2026-04-24T12:21:36.332+0000] {processor.py:186} INFO - Started process (PID=81431) to work on /home/airflow/.local/lib/python3.12/site-packages/airflow/example_dags/example_params_trigger_ui.py
[2026-04-24T12:21:36.333+0000] {processor.py:914} INFO - Processing file /home/airflow/.local/lib/python3.12/site-packages/airflow/example_dags/example_params_trigger_ui.py for tasks to queue
[2026-04-24T12:21:36.334+0000] {logging_mixin.py:190} INFO - [2026-04-24T12:21:36.334+0000] {dagbag.py:588} INFO - Filling up the DagBag from /home/airflow/.local/lib/python3.12/site-packages/airflow/example_dags/example_params_trigger_ui.py
[2026-04-24T12:21:36.338+0000] {processor.py:925} INFO - DAG(s) 'example_params_trigger_ui' retrieved from /home/airflow/.local/lib/python3.12/site-packages/airflow/example_dags/example_params_trigger_ui.py
[2026-04-24T12:21:36.352+0000] {logging_mixin.py:190} INFO - [2026-04-24T12:21:36.352+0000] {dag.py:3239} INFO - Sync 1 DAGs
[2026-04-24T12:21:36.357+0000] {logging_mixin.py:190} INFO - [2026-04-24T12:21:36.357+0000] {dag.py:4180} INFO - Setting next_dagrun for example_params_trigger_ui to None, run_after=None
[2026-04-24T12:21:36.367+0000] {processor.py:208} INFO - Processing /home/airflow/.local/lib/python3.12/site-packages/airflow/example_dags/example_params_trigger_ui.py took 0.037 seconds
[2026-04-24T12:22:07.585+0000] {processor.py:186} INFO - Started process (PID=81496) to work on /home/airflow/.local/lib/python3.12/site-packages/airflow/example_dags/example_params_trigger_ui.py
[2026-04-24T12:22:07.586+0000] {processor.py:914} INFO - Processing file /home/airflow/.local/lib/python3.12/site-packages/airflow/example_dags/example_params_trigger_ui.py for tasks to queue
[2026-04-24T12:22:07.588+0000] {logging_mixin.py:190} INFO - [2026-04-24T12:22:07.587+0000] {dagbag.py:588} INFO - Filling up the DagBag from /home/airflow/.local/lib/python3.12/site-packages/airflow/example_dags/example_params_trigger_ui.py
[2026-04-24T12:22:07.593+0000] {processor.py:925} INFO - DAG(s) 'example_params_trigger_ui' retrieved from /home/airflow/.local/lib/python3.12/site-packages/airflow/example_dags/example_params_trigger_ui.py
[2026-04-24T12:22:07.613+0000] {logging_mixin.py:190} INFO - [2026-04-24T12:22:07.613+0000] {dag.py:3239} INFO - Sync 1 DAGs
[2026-04-24T12:22:07.618+0000] {logging_mixin.py:190} INFO - [2026-04-24T12:22:07.618+0000] {dag.py:4180} INFO - Setting next_dagrun for example_params_trigger_ui to None, run_after=None
[2026-04-24T12:22:07.625+0000] {processor.py:208} INFO - Processing /home/airflow/.local/lib/python3.12/site-packages/airflow/example_dags/example_params_trigger_ui.py took 0.045 seconds
[2026-04-24T12:24:01.217+0000] {processor.py:186} INFO - Started process (PID=81560) to work on /home/airflow/.local/lib/python3.12/site-packages/airflow/example_dags/example_params_trigger_ui.py
[2026-04-24T12:24:01.217+0000] {processor.py:914} INFO - Processing file /home/airflow/.local/lib/python3.12/site-packages/airflow/example_dags/example_params_trigger_ui.py for tasks to queue
[2026-04-24T12:24:01.218+0000] {logging_mixin.py:190} INFO - [2026-04-24T12:24:01.218+0000] {dagbag.py:588} INFO - Filling up the DagBag from /home/airflow/.local/lib/python3.12/site-packages/airflow/example_dags/example_params_trigger_ui.py
[2026-04-24T12:24:01.222+0000] {processor.py:925} INFO - DAG(s) 'example_params_trigger_ui' retrieved from /home/airflow/.local/lib/python3.12/site-packages/airflow/example_dags/example_params_trigger_ui.py
[2026-04-24T12:24:01.236+0000] {logging_mixin.py:190} INFO - [2026-04-24T12:24:01.236+0000] {dag.py:3239} INFO - Sync 1 DAGs
[2026-04-24T12:24:01.240+0000] {logging_mixin.py:190} INFO - [2026-04-24T12:24:01.240+0000] {dag.py:4180} INFO - Setting next_dagrun for example_params_trigger_ui to None, run_after=None
[2026-04-24T12:24:01.246+0000] {processor.py:208} INFO - Processing /home/airflow/.local/lib/python3.12/site-packages/airflow/example_dags/example_params_trigger_ui.py took 0.031 seconds
[2026-04-24T12:25:57.884+0000] {processor.py:186} INFO - Started process (PID=81618) to work on /home/airflow/.local/lib/python3.12/site-packages/airflow/example_dags/example_params_trigger_ui.py
[2026-04-24T12:25:57.884+0000] {processor.py:914} INFO - Processing file /home/airflow/.local/lib/python3.12/site-packages/airflow/example_dags/example_params_trigger_ui.py for tasks to queue
[2026-04-24T12:25:57.885+0000] {logging_mixin.py:190} INFO - [2026-04-24T12:25:57.885+0000] {dagbag.py:588} INFO - Filling up the DagBag from /home/airflow/.local/lib/python3.12/site-packages/airflow/example_dags/example_params_trigger_ui.py
[2026-04-24T12:25:57.890+0000] {processor.py:925} INFO - DAG(s) 'example_params_trigger_ui' retrieved from /home/airflow/.local/lib/python3.12/site-packages/airflow/example_dags/example_params_trigger_ui.py
[2026-04-24T12:25:57.909+0000] {logging_mixin.py:190} INFO - [2026-04-24T12:25:57.909+0000] {dag.py:3239} INFO - Sync 1 DAGs
[2026-04-24T12:25:57.915+0000] {logging_mixin.py:190} INFO - [2026-04-24T12:25:57.915+0000] {dag.py:4180} INFO - Setting next_dagrun for example_params_trigger_ui to None, run_after=None
[2026-04-24T12:25:57.926+0000] {processor.py:208} INFO - Processing /home/airflow/.local/lib/python3.12/site-packages/airflow/example_dags/example_params_trigger_ui.py took 0.045 seconds
[2026-04-24T12:26:28.320+0000] {processor.py:186} INFO - Started process (PID=81689) to work on /home/airflow/.local/lib/python3.12/site-packages/airflow/example_dags/example_params_trigger_ui.py
[2026-04-24T12:26:28.321+0000] {processor.py:914} INFO - Processing file /home/airflow/.local/lib/python3.12/site-packages/airflow/example_dags/example_params_trigger_ui.py for tasks to queue
[2026-04-24T12:26:28.322+0000] {logging_mixin.py:190} INFO - [2026-04-24T12:26:28.321+0000] {dagbag.py:588} INFO - Filling up the DagBag from /home/airflow/.local/lib/python3.12/site-packages/airflow/example_dags/example_params_trigger_ui.py
[2026-04-24T12:26:28.326+0000] {processor.py:925} INFO - DAG(s) 'example_params_trigger_ui' retrieved from /home/airflow/.local/lib/python3.12/site-packages/airflow/example_dags/example_params_trigger_ui.py
[2026-04-24T12:26:28.340+0000] {logging_mixin.py:190} INFO - [2026-04-24T12:26:28.340+0000] {dag.py:3239} INFO - Sync 1 DAGs
[2026-04-24T12:26:28.346+0000] {logging_mixin.py:190} INFO - [2026-04-24T12:26:28.346+0000] {dag.py:4180} INFO - Setting next_dagrun for example_params_trigger_ui to None, run_after=None
[2026-04-24T12:26:28.351+0000] {processor.py:208} INFO - Processing /home/airflow/.local/lib/python3.12/site-packages/airflow/example_dags/example_params_trigger_ui.py took 0.033 seconds
[2026-04-24T12:28:21.744+0000] {processor.py:186} INFO - Started process (PID=81753) to work on /home/airflow/.local/lib/python3.12/site-packages/airflow/example_dags/example_params_trigger_ui.py
[2026-04-24T12:28:21.744+0000] {processor.py:914} INFO - Processing file /home/airflow/.local/lib/python3.12/site-packages/airflow/example_dags/example_params_trigger_ui.py for tasks to queue
[2026-04-24T12:28:21.745+0000] {logging_mixin.py:190} INFO - [2026-04-24T12:28:21.745+0000] {dagbag.py:588} INFO - Filling up the DagBag from /home/airflow/.local/lib/python3.12/site-packages/airflow/example_dags/example_params_trigger_ui.py
[2026-04-24T12:28:21.749+0000] {processor.py:925} INFO - DAG(s) 'example_params_trigger_ui' retrieved from /home/airflow/.local/lib/python3.12/site-packages/airflow/example_dags/example_params_trigger_ui.py
[2026-04-24T12:28:21.762+0000] {logging_mixin.py:190} INFO - [2026-04-24T12:28:21.762+0000] {dag.py:3239} INFO - Sync 1 DAGs
[2026-04-24T12:28:21.767+0000] {logging_mixin.py:190} INFO - [2026-04-24T12:28:21.766+0000] {dag.py:4180} INFO - Setting next_dagrun for example_params_trigger_ui to None, run_after=None
[2026-04-24T12:28:21.772+0000] {processor.py:208} INFO - Processing /home/airflow/.local/lib/python3.12/site-packages/airflow/example_dags/example_params_trigger_ui.py took 0.031 seconds
[2026-04-24T12:30:14.419+0000] {processor.py:186} INFO - Started process (PID=81811) to work on /home/airflow/.local/lib/python3.12/site-packages/airflow/example_dags/example_params_trigger_ui.py
[2026-04-24T12:30:14.419+0000] {processor.py:914} INFO - Processing file /home/airflow/.local/lib/python3.12/site-packages/airflow/example_dags/example_params_trigger_ui.py for tasks to queue
[2026-04-24T12:30:14.420+0000] {logging_mixin.py:190} INFO - [2026-04-24T12:30:14.420+0000] {dagbag.py:588} INFO - Filling up the DagBag from /home/airflow/.local/lib/python3.12/site-packages/airflow/example_dags/example_params_trigger_ui.py
[2026-04-24T12:30:14.425+0000] {processor.py:925} INFO - DAG(s) 'example_params_trigger_ui' retrieved from /home/airflow/.local/lib/python3.12/site-packages/airflow/example_dags/example_params_trigger_ui.py
[2026-04-24T12:30:14.440+0000] {logging_mixin.py:190} INFO - [2026-04-24T12:30:14.440+0000] {dag.py:3239} INFO - Sync 1 DAGs
[2026-04-24T12:30:14.445+0000] {logging_mixin.py:190} INFO - [2026-04-24T12:30:14.445+0000] {dag.py:4180} INFO - Setting next_dagrun for example_params_trigger_ui to None, run_after=None
[2026-04-24T12:30:14.450+0000] {processor.py:208} INFO - Processing /home/airflow/.local/lib/python3.12/site-packages/airflow/example_dags/example_params_trigger_ui.py took 0.034 seconds
[2026-04-24T12:30:44.701+0000] {processor.py:186} INFO - Started process (PID=81880) to work on /home/airflow/.local/lib/python3.12/site-packages/airflow/example_dags/example_params_trigger_ui.py
[2026-04-24T12:30:44.702+0000] {processor.py:914} INFO - Processing file /home/airflow/.local/lib/python3.12/site-packages/airflow/example_dags/example_params_trigger_ui.py for tasks to queue
[2026-04-24T12:30:44.703+0000] {logging_mixin.py:190} INFO - [2026-04-24T12:30:44.703+0000] {dagbag.py:588} INFO - Filling up the DagBag from /home/airflow/.local/lib/python3.12/site-packages/airflow/example_dags/example_params_trigger_ui.py
[2026-04-24T12:30:44.710+0000] {processor.py:925} INFO - DAG(s) 'example_params_trigger_ui' retrieved from /home/airflow/.local/lib/python3.12/site-packages/airflow/example_dags/example_params_trigger_ui.py
[2026-04-24T12:30:44.738+0000] {logging_mixin.py:190} INFO - [2026-04-24T12:30:44.738+0000] {dag.py:3239} INFO - Sync 1 DAGs
[2026-04-24T12:30:44.746+0000] {logging_mixin.py:190} INFO - [2026-04-24T12:30:44.746+0000] {dag.py:4180} INFO - Setting next_dagrun for example_params_trigger_ui to None, run_after=None
[2026-04-24T12:30:44.753+0000] {processor.py:208} INFO - Processing /home/airflow/.local/lib/python3.12/site-packages/airflow/example_dags/example_params_trigger_ui.py took 0.055 seconds
[2026-04-24T12:32:44.265+0000] {processor.py:186} INFO - Started process (PID=81945) to work on /home/airflow/.local/lib/python3.12/site-packages/airflow/example_dags/example_params_trigger_ui.py
[2026-04-24T12:32:44.266+0000] {processor.py:914} INFO - Processing file /home/airflow/.local/lib/python3.12/site-packages/airflow/example_dags/example_params_trigger_ui.py for tasks to queue
[2026-04-24T12:32:44.267+0000] {logging_mixin.py:190} INFO - [2026-04-24T12:32:44.267+0000] {dagbag.py:588} INFO - Filling up the DagBag from /home/airflow/.local/lib/python3.12/site-packages/airflow/example_dags/example_params_trigger_ui.py
[2026-04-24T12:32:44.272+0000] {processor.py:925} INFO - DAG(s) 'example_params_trigger_ui' retrieved from /home/airflow/.local/lib/python3.12/site-packages/airflow/example_dags/example_params_trigger_ui.py
[2026-04-24T12:32:44.286+0000] {logging_mixin.py:190} INFO - [2026-04-24T12:32:44.286+0000] {dag.py:3239} INFO - Sync 1 DAGs
[2026-04-24T12:32:44.292+0000] {logging_mixin.py:190} INFO - [2026-04-24T12:32:44.292+0000] {dag.py:4180} INFO - Setting next_dagrun for example_params_trigger_ui to None, run_after=None
[2026-04-24T12:32:44.298+0000] {processor.py:208} INFO - Processing /home/airflow/.local/lib/python3.12/site-packages/airflow/example_dags/example_params_trigger_ui.py took 0.035 seconds
[2026-04-24T12:33:15.427+0000] {processor.py:186} INFO - Started process (PID=82009) to work on /home/airflow/.local/lib/python3.12/site-packages/airflow/example_dags/example_params_trigger_ui.py
[2026-04-24T12:33:15.427+0000] {processor.py:914} INFO - Processing file /home/airflow/.local/lib/python3.12/site-packages/airflow/example_dags/example_params_trigger_ui.py for tasks to queue
[2026-04-24T12:33:15.428+0000] {logging_mixin.py:190} INFO - [2026-04-24T12:33:15.428+0000] {dagbag.py:588} INFO - Filling up the DagBag from /home/airflow/.local/lib/python3.12/site-packages/airflow/example_dags/example_params_trigger_ui.py
[2026-04-24T12:33:15.432+0000] {processor.py:925} INFO - DAG(s) 'example_params_trigger_ui' retrieved from /home/airflow/.local/lib/python3.12/site-packages/airflow/example_dags/example_params_trigger_ui.py
[2026-04-24T12:33:15.445+0000] {logging_mixin.py:190} INFO - [2026-04-24T12:33:15.444+0000] {dag.py:3239} INFO - Sync 1 DAGs
[2026-04-24T12:33:15.449+0000] {logging_mixin.py:190} INFO - [2026-04-24T12:33:15.449+0000] {dag.py:4180} INFO - Setting next_dagrun for example_params_trigger_ui to None, run_after=None
[2026-04-24T12:33:15.455+0000] {processor.py:208} INFO - Processing /home/airflow/.local/lib/python3.12/site-packages/airflow/example_dags/example_params_trigger_ui.py took 0.031 seconds
[2026-04-24T12:35:07.265+0000] {processor.py:186} INFO - Started process (PID=82067) to work on /home/airflow/.local/lib/python3.12/site-packages/airflow/example_dags/example_params_trigger_ui.py
[2026-04-24T12:35:07.266+0000] {processor.py:914} INFO - Processing file /home/airflow/.local/lib/python3.12/site-packages/airflow/example_dags/example_params_trigger_ui.py for tasks to queue
[2026-04-24T12:35:07.267+0000] {logging_mixin.py:190} INFO - [2026-04-24T12:35:07.267+0000] {dagbag.py:588} INFO - Filling up the DagBag from /home/airflow/.local/lib/python3.12/site-packages/airflow/example_dags/example_params_trigger_ui.py
[2026-04-24T12:35:07.271+0000] {processor.py:925} INFO - DAG(s) 'example_params_trigger_ui' retrieved from /home/airflow/.local/lib/python3.12/site-packages/airflow/example_dags/example_params_trigger_ui.py
[2026-04-24T12:35:07.285+0000] {logging_mixin.py:190} INFO - [2026-04-24T12:35:07.285+0000] {dag.py:3239} INFO - Sync 1 DAGs
[2026-04-24T12:35:07.295+0000] {logging_mixin.py:190} INFO - [2026-04-24T12:35:07.295+0000] {dag.py:4180} INFO - Setting next_dagrun for example_params_trigger_ui to None, run_after=None
[2026-04-24T12:35:07.308+0000] {processor.py:208} INFO - Processing /home/airflow/.local/lib/python3.12/site-packages/airflow/example_dags/example_params_trigger_ui.py took 0.045 seconds
[2026-04-24T12:37:09.059+0000] {processor.py:186} INFO - Started process (PID=82137) to work on /home/airflow/.local/lib/python3.12/site-packages/airflow/example_dags/example_params_trigger_ui.py
[2026-04-24T12:37:09.060+0000] {processor.py:914} INFO - Processing file /home/airflow/.local/lib/python3.12/site-packages/airflow/example_dags/example_params_trigger_ui.py for tasks to queue
[2026-04-24T12:37:09.061+0000] {logging_mixin.py:190} INFO - [2026-04-24T12:37:09.061+0000] {dagbag.py:588} INFO - Filling up the DagBag from /home/airflow/.local/lib/python3.12/site-packages/airflow/example_dags/example_params_trigger_ui.py
[2026-04-24T12:37:09.067+0000] {processor.py:925} INFO - DAG(s) 'example_params_trigger_ui' retrieved from /home/airflow/.local/lib/python3.12/site-packages/airflow/example_dags/example_params_trigger_ui.py
[2026-04-24T12:37:09.086+0000] {logging_mixin.py:190} INFO - [2026-04-24T12:37:09.085+0000] {dag.py:3239} INFO - Sync 1 DAGs
[2026-04-24T12:37:09.092+0000] {logging_mixin.py:190} INFO - [2026-04-24T12:37:09.092+0000] {dag.py:4180} INFO - Setting next_dagrun for example_params_trigger_ui to None, run_after=None
[2026-04-24T12:37:09.099+0000] {processor.py:208} INFO - Processing /home/airflow/.local/lib/python3.12/site-packages/airflow/example_dags/example_params_trigger_ui.py took 0.043 seconds
[2026-04-24T12:37:39.544+0000] {processor.py:186} INFO - Started process (PID=82201) to work on /home/airflow/.local/lib/python3.12/site-packages/airflow/example_dags/example_params_trigger_ui.py
[2026-04-24T12:37:39.544+0000] {processor.py:914} INFO - Processing file /home/airflow/.local/lib/python3.12/site-packages/airflow/example_dags/example_params_trigger_ui.py for tasks to queue
[2026-04-24T12:37:39.545+0000] {logging_mixin.py:190} INFO - [2026-04-24T12:37:39.545+0000] {dagbag.py:588} INFO - Filling up the DagBag from /home/airflow/.local/lib/python3.12/site-packages/airflow/example_dags/example_params_trigger_ui.py
[2026-04-24T12:37:39.549+0000] {processor.py:925} INFO - DAG(s) 'example_params_trigger_ui' retrieved from /home/airflow/.local/lib/python3.12/site-packages/airflow/example_dags/example_params_trigger_ui.py
[2026-04-24T12:37:39.563+0000] {logging_mixin.py:190} INFO - [2026-04-24T12:37:39.562+0000] {dag.py:3239} INFO - Sync 1 DAGs
[2026-04-24T12:37:39.567+0000] {logging_mixin.py:190} INFO - [2026-04-24T12:37:39.567+0000] {dag.py:4180} INFO - Setting next_dagrun for example_params_trigger_ui to None, run_after=None
[2026-04-24T12:37:39.572+0000] {processor.py:208} INFO - Processing /home/airflow/.local/lib/python3.12/site-packages/airflow/example_dags/example_params_trigger_ui.py took 0.031 seconds
[2026-04-24T12:39:34.044+0000] {processor.py:186} INFO - Started process (PID=82265) to work on /home/airflow/.local/lib/python3.12/site-packages/airflow/example_dags/example_params_trigger_ui.py
[2026-04-24T12:39:34.044+0000] {processor.py:914} INFO - Processing file /home/airflow/.local/lib/python3.12/site-packages/airflow/example_dags/example_params_trigger_ui.py for tasks to queue
[2026-04-24T12:39:34.045+0000] {logging_mixin.py:190} INFO - [2026-04-24T12:39:34.045+0000] {dagbag.py:588} INFO - Filling up the DagBag from /home/airflow/.local/lib/python3.12/site-packages/airflow/example_dags/example_params_trigger_ui.py
[2026-04-24T12:39:34.049+0000] {processor.py:925} INFO - DAG(s) 'example_params_trigger_ui' retrieved from /home/airflow/.local/lib/python3.12/site-packages/airflow/example_dags/example_params_trigger_ui.py
[2026-04-24T12:39:34.063+0000] {logging_mixin.py:190} INFO - [2026-04-24T12:39:34.063+0000] {dag.py:3239} INFO - Sync 1 DAGs
[2026-04-24T12:39:34.068+0000] {logging_mixin.py:190} INFO - [2026-04-24T12:39:34.068+0000] {dag.py:4180} INFO - Setting next_dagrun for example_params_trigger_ui to None, run_after=None
[2026-04-24T12:39:34.074+0000] {processor.py:208} INFO - Processing /home/airflow/.local/lib/python3.12/site-packages/airflow/example_dags/example_params_trigger_ui.py took 0.032 seconds
[2026-04-24T12:41:34.568+0000] {processor.py:186} INFO - Started process (PID=82323) to work on /home/airflow/.local/lib/python3.12/site-packages/airflow/example_dags/example_params_trigger_ui.py
[2026-04-24T12:41:34.568+0000] {processor.py:914} INFO - Processing file /home/airflow/.local/lib/python3.12/site-packages/airflow/example_dags/example_params_trigger_ui.py for tasks to queue
[2026-04-24T12:41:34.569+0000] {logging_mixin.py:190} INFO - [2026-04-24T12:41:34.569+0000] {dagbag.py:588} INFO - Filling up the DagBag from /home/airflow/.local/lib/python3.12/site-packages/airflow/example_dags/example_params_trigger_ui.py
[2026-04-24T12:41:34.574+0000] {processor.py:925} INFO - DAG(s) 'example_params_trigger_ui' retrieved from /home/airflow/.local/lib/python3.12/site-packages/airflow/example_dags/example_params_trigger_ui.py
[2026-04-24T12:41:34.589+0000] {logging_mixin.py:190} INFO - [2026-04-24T12:41:34.589+0000] {dag.py:3239} INFO - Sync 1 DAGs
[2026-04-24T12:41:34.595+0000] {logging_mixin.py:190} INFO - [2026-04-24T12:41:34.595+0000] {dag.py:4180} INFO - Setting next_dagrun for example_params_trigger_ui to None, run_after=None
[2026-04-24T12:41:34.602+0000] {processor.py:208} INFO - Processing /home/airflow/.local/lib/python3.12/site-packages/airflow/example_dags/example_params_trigger_ui.py took 0.036 seconds
[2026-04-24T12:42:05.008+0000] {processor.py:186} INFO - Started process (PID=82393) to work on /home/airflow/.local/lib/python3.12/site-packages/airflow/example_dags/example_params_trigger_ui.py
[2026-04-24T12:42:05.008+0000] {processor.py:914} INFO - Processing file /home/airflow/.local/lib/python3.12/site-packages/airflow/example_dags/example_params_trigger_ui.py for tasks to queue
[2026-04-24T12:42:05.009+0000] {logging_mixin.py:190} INFO - [2026-04-24T12:42:05.009+0000] {dagbag.py:588} INFO - Filling up the DagBag from /home/airflow/.local/lib/python3.12/site-packages/airflow/example_dags/example_params_trigger_ui.py
[2026-04-24T12:42:05.013+0000] {processor.py:925} INFO - DAG(s) 'example_params_trigger_ui' retrieved from /home/airflow/.local/lib/python3.12/site-packages/airflow/example_dags/example_params_trigger_ui.py
[2026-04-24T12:42:05.026+0000] {logging_mixin.py:190} INFO - [2026-04-24T12:42:05.026+0000] {dag.py:3239} INFO - Sync 1 DAGs
[2026-04-24T12:42:05.031+0000] {logging_mixin.py:190} INFO - [2026-04-24T12:42:05.030+0000] {dag.py:4180} INFO - Setting next_dagrun for example_params_trigger_ui to None, run_after=None
[2026-04-24T12:42:05.036+0000] {processor.py:208} INFO - Processing /home/airflow/.local/lib/python3.12/site-packages/airflow/example_dags/example_params_trigger_ui.py took 0.031 seconds
[2026-04-24T12:44:01.576+0000] {processor.py:186} INFO - Started process (PID=82457) to work on /home/airflow/.local/lib/python3.12/site-packages/airflow/example_dags/example_params_trigger_ui.py
[2026-04-24T12:44:01.577+0000] {processor.py:914} INFO - Processing file /home/airflow/.local/lib/python3.12/site-packages/airflow/example_dags/example_params_trigger_ui.py for tasks to queue
[2026-04-24T12:44:01.578+0000] {logging_mixin.py:190} INFO - [2026-04-24T12:44:01.578+0000] {dagbag.py:588} INFO - Filling up the DagBag from /home/airflow/.local/lib/python3.12/site-packages/airflow/example_dags/example_params_trigger_ui.py
[2026-04-24T12:44:01.582+0000] {processor.py:925} INFO - DAG(s) 'example_params_trigger_ui' retrieved from /home/airflow/.local/lib/python3.12/site-packages/airflow/example_dags/example_params_trigger_ui.py
[2026-04-24T12:44:01.595+0000] {logging_mixin.py:190} INFO - [2026-04-24T12:44:01.595+0000] {dag.py:3239} INFO - Sync 1 DAGs
[2026-04-24T12:44:01.601+0000] {logging_mixin.py:190} INFO - [2026-04-24T12:44:01.600+0000] {dag.py:4180} INFO - Setting next_dagrun for example_params_trigger_ui to None, run_after=None
[2026-04-24T12:44:01.607+0000] {processor.py:208} INFO - Processing /home/airflow/.local/lib/python3.12/site-packages/airflow/example_dags/example_params_trigger_ui.py took 0.033 seconds
[2026-04-24T12:45:54.168+0000] {processor.py:186} INFO - Started process (PID=82515) to work on /home/airflow/.local/lib/python3.12/site-packages/airflow/example_dags/example_params_trigger_ui.py
[2026-04-24T12:45:54.168+0000] {processor.py:914} INFO - Processing file /home/airflow/.local/lib/python3.12/site-packages/airflow/example_dags/example_params_trigger_ui.py for tasks to queue
[2026-04-24T12:45:54.169+0000] {logging_mixin.py:190} INFO - [2026-04-24T12:45:54.169+0000] {dagbag.py:588} INFO - Filling up the DagBag from /home/airflow/.local/lib/python3.12/site-packages/airflow/example_dags/example_params_trigger_ui.py
[2026-04-24T12:45:54.173+0000] {processor.py:925} INFO - DAG(s) 'example_params_trigger_ui' retrieved from /home/airflow/.local/lib/python3.12/site-packages/airflow/example_dags/example_params_trigger_ui.py
[2026-04-24T12:45:54.187+0000] {logging_mixin.py:190} INFO - [2026-04-24T12:45:54.186+0000] {dag.py:3239} INFO - Sync 1 DAGs
[2026-04-24T12:45:54.192+0000] {logging_mixin.py:190} INFO - [2026-04-24T12:45:54.192+0000] {dag.py:4180} INFO - Setting next_dagrun for example_params_trigger_ui to None, run_after=None
[2026-04-24T12:45:54.198+0000] {processor.py:208} INFO - Processing /home/airflow/.local/lib/python3.12/site-packages/airflow/example_dags/example_params_trigger_ui.py took 0.033 seconds
[2026-04-24T12:46:24.363+0000] {processor.py:186} INFO - Started process (PID=82585) to work on /home/airflow/.local/lib/python3.12/site-packages/airflow/example_dags/example_params_trigger_ui.py
[2026-04-24T12:46:24.364+0000] {processor.py:914} INFO - Processing file /home/airflow/.local/lib/python3.12/site-packages/airflow/example_dags/example_params_trigger_ui.py for tasks to queue
[2026-04-24T12:46:24.365+0000] {logging_mixin.py:190} INFO - [2026-04-24T12:46:24.365+0000] {dagbag.py:588} INFO - Filling up the DagBag from /home/airflow/.local/lib/python3.12/site-packages/airflow/example_dags/example_params_trigger_ui.py
[2026-04-24T12:46:24.370+0000] {processor.py:925} INFO - DAG(s) 'example_params_trigger_ui' retrieved from /home/airflow/.local/lib/python3.12/site-packages/airflow/example_dags/example_params_trigger_ui.py
[2026-04-24T12:46:24.395+0000] {logging_mixin.py:190} INFO - [2026-04-24T12:46:24.395+0000] {dag.py:3239} INFO - Sync 1 DAGs
[2026-04-24T12:46:24.403+0000] {logging_mixin.py:190} INFO - [2026-04-24T12:46:24.403+0000] {dag.py:4180} INFO - Setting next_dagrun for example_params_trigger_ui to None, run_after=None
[2026-04-24T12:46:24.411+0000] {processor.py:208} INFO - Processing /home/airflow/.local/lib/python3.12/site-packages/airflow/example_dags/example_params_trigger_ui.py took 0.051 seconds
[2026-04-24T12:48:23.901+0000] {processor.py:186} INFO - Started process (PID=82644) to work on /home/airflow/.local/lib/python3.12/site-packages/airflow/example_dags/example_params_trigger_ui.py
[2026-04-24T12:48:23.902+0000] {processor.py:914} INFO - Processing file /home/airflow/.local/lib/python3.12/site-packages/airflow/example_dags/example_params_trigger_ui.py for tasks to queue
[2026-04-24T12:48:23.904+0000] {logging_mixin.py:190} INFO - [2026-04-24T12:48:23.903+0000] {dagbag.py:588} INFO - Filling up the DagBag from /home/airflow/.local/lib/python3.12/site-packages/airflow/example_dags/example_params_trigger_ui.py
[2026-04-24T12:48:23.911+0000] {processor.py:925} INFO - DAG(s) 'example_params_trigger_ui' retrieved from /home/airflow/.local/lib/python3.12/site-packages/airflow/example_dags/example_params_trigger_ui.py
[2026-04-24T12:48:23.936+0000] {logging_mixin.py:190} INFO - [2026-04-24T12:48:23.936+0000] {dag.py:3239} INFO - Sync 1 DAGs
[2026-04-24T12:48:23.945+0000] {logging_mixin.py:190} INFO - [2026-04-24T12:48:23.944+0000] {dag.py:4180} INFO - Setting next_dagrun for example_params_trigger_ui to None, run_after=None
[2026-04-24T12:48:23.955+0000] {processor.py:208} INFO - Processing /home/airflow/.local/lib/python3.12/site-packages/airflow/example_dags/example_params_trigger_ui.py took 0.058 seconds
[2026-04-24T12:48:53.996+0000] {processor.py:186} INFO - Started process (PID=82707) to work on /home/airflow/.local/lib/python3.12/site-packages/airflow/example_dags/example_params_trigger_ui.py
[2026-04-24T12:48:53.996+0000] {processor.py:914} INFO - Processing file /home/airflow/.local/lib/python3.12/site-packages/airflow/example_dags/example_params_trigger_ui.py for tasks to queue
[2026-04-24T12:48:53.997+0000] {logging_mixin.py:190} INFO - [2026-04-24T12:48:53.997+0000] {dagbag.py:588} INFO - Filling up the DagBag from /home/airflow/.local/lib/python3.12/site-packages/airflow/example_dags/example_params_trigger_ui.py
[2026-04-24T12:48:54.001+0000] {processor.py:925} INFO - DAG(s) 'example_params_trigger_ui' retrieved from /home/airflow/.local/lib/python3.12/site-packages/airflow/example_dags/example_params_trigger_ui.py
[2026-04-24T12:48:54.012+0000] {logging_mixin.py:190} INFO - [2026-04-24T12:48:54.012+0000] {dag.py:3239} INFO - Sync 1 DAGs
[2026-04-24T12:48:54.017+0000] {logging_mixin.py:190} INFO - [2026-04-24T12:48:54.017+0000] {dag.py:4180} INFO - Setting next_dagrun for example_params_trigger_ui to None, run_after=None
[2026-04-24T12:48:54.021+0000] {processor.py:208} INFO - Processing /home/airflow/.local/lib/python3.12/site-packages/airflow/example_dags/example_params_trigger_ui.py took 0.028 seconds
[2026-04-24T12:50:47.208+0000] {processor.py:186} INFO - Started process (PID=82772) to work on /home/airflow/.local/lib/python3.12/site-packages/airflow/example_dags/example_params_trigger_ui.py
[2026-04-24T12:50:47.209+0000] {processor.py:914} INFO - Processing file /home/airflow/.local/lib/python3.12/site-packages/airflow/example_dags/example_params_trigger_ui.py for tasks to queue
[2026-04-24T12:50:47.210+0000] {logging_mixin.py:190} INFO - [2026-04-24T12:50:47.210+0000] {dagbag.py:588} INFO - Filling up the DagBag from /home/airflow/.local/lib/python3.12/site-packages/airflow/example_dags/example_params_trigger_ui.py
[2026-04-24T12:50:47.215+0000] {processor.py:925} INFO - DAG(s) 'example_params_trigger_ui' retrieved from /home/airflow/.local/lib/python3.12/site-packages/airflow/example_dags/example_params_trigger_ui.py
[2026-04-24T12:50:47.228+0000] {logging_mixin.py:190} INFO - [2026-04-24T12:50:47.228+0000] {dag.py:3239} INFO - Sync 1 DAGs
[2026-04-24T12:50:47.233+0000] {logging_mixin.py:190} INFO - [2026-04-24T12:50:47.233+0000] {dag.py:4180} INFO - Setting next_dagrun for example_params_trigger_ui to None, run_after=None
[2026-04-24T12:50:47.239+0000] {processor.py:208} INFO - Processing /home/airflow/.local/lib/python3.12/site-packages/airflow/example_dags/example_params_trigger_ui.py took 0.033 seconds
[2026-04-24T12:52:48.785+0000] {processor.py:186} INFO - Started process (PID=82836) to work on /home/airflow/.local/lib/python3.12/site-packages/airflow/example_dags/example_params_trigger_ui.py
[2026-04-24T12:52:48.785+0000] {processor.py:914} INFO - Processing file /home/airflow/.local/lib/python3.12/site-packages/airflow/example_dags/example_params_trigger_ui.py for tasks to queue
[2026-04-24T12:52:48.786+0000] {logging_mixin.py:190} INFO - [2026-04-24T12:52:48.786+0000] {dagbag.py:588} INFO - Filling up the DagBag from /home/airflow/.local/lib/python3.12/site-packages/airflow/example_dags/example_params_trigger_ui.py
[2026-04-24T12:52:48.791+0000] {processor.py:925} INFO - DAG(s) 'example_params_trigger_ui' retrieved from /home/airflow/.local/lib/python3.12/site-packages/airflow/example_dags/example_params_trigger_ui.py
[2026-04-24T12:52:48.806+0000] {logging_mixin.py:190} INFO - [2026-04-24T12:52:48.806+0000] {dag.py:3239} INFO - Sync 1 DAGs
[2026-04-24T12:52:48.811+0000] {logging_mixin.py:190} INFO - [2026-04-24T12:52:48.811+0000] {dag.py:4180} INFO - Setting next_dagrun for example_params_trigger_ui to None, run_after=None
[2026-04-24T12:52:48.818+0000] {processor.py:208} INFO - Processing /home/airflow/.local/lib/python3.12/site-packages/airflow/example_dags/example_params_trigger_ui.py took 0.035 seconds
[2026-04-24T12:53:19.278+0000] {processor.py:186} INFO - Started process (PID=82906) to work on /home/airflow/.local/lib/python3.12/site-packages/airflow/example_dags/example_params_trigger_ui.py
[2026-04-24T12:53:19.278+0000] {processor.py:914} INFO - Processing file /home/airflow/.local/lib/python3.12/site-packages/airflow/example_dags/example_params_trigger_ui.py for tasks to queue
[2026-04-24T12:53:19.279+0000] {logging_mixin.py:190} INFO - [2026-04-24T12:53:19.279+0000] {dagbag.py:588} INFO - Filling up the DagBag from /home/airflow/.local/lib/python3.12/site-packages/airflow/example_dags/example_params_trigger_ui.py
[2026-04-24T12:53:19.283+0000] {processor.py:925} INFO - DAG(s) 'example_params_trigger_ui' retrieved from /home/airflow/.local/lib/python3.12/site-packages/airflow/example_dags/example_params_trigger_ui.py
[2026-04-24T12:53:19.296+0000] {logging_mixin.py:190} INFO - [2026-04-24T12:53:19.296+0000] {dag.py:3239} INFO - Sync 1 DAGs
[2026-04-24T12:53:19.301+0000] {logging_mixin.py:190} INFO - [2026-04-24T12:53:19.300+0000] {dag.py:4180} INFO - Setting next_dagrun for example_params_trigger_ui to None, run_after=None
[2026-04-24T12:53:19.307+0000] {processor.py:208} INFO - Processing /home/airflow/.local/lib/python3.12/site-packages/airflow/example_dags/example_params_trigger_ui.py took 0.031 seconds
[2026-04-24T12:55:13.968+0000] {processor.py:186} INFO - Started process (PID=82964) to work on /home/airflow/.local/lib/python3.12/site-packages/airflow/example_dags/example_params_trigger_ui.py
[2026-04-24T12:55:13.968+0000] {processor.py:914} INFO - Processing file /home/airflow/.local/lib/python3.12/site-packages/airflow/example_dags/example_params_trigger_ui.py for tasks to queue
[2026-04-24T12:55:13.969+0000] {logging_mixin.py:190} INFO - [2026-04-24T12:55:13.969+0000] {dagbag.py:588} INFO - Filling up the DagBag from /home/airflow/.local/lib/python3.12/site-packages/airflow/example_dags/example_params_trigger_ui.py
[2026-04-24T12:55:13.973+0000] {processor.py:925} INFO - DAG(s) 'example_params_trigger_ui' retrieved from /home/airflow/.local/lib/python3.12/site-packages/airflow/example_dags/example_params_trigger_ui.py
[2026-04-24T12:55:13.986+0000] {logging_mixin.py:190} INFO - [2026-04-24T12:55:13.986+0000] {dag.py:3239} INFO - Sync 1 DAGs
[2026-04-24T12:55:13.990+0000] {logging_mixin.py:190} INFO - [2026-04-24T12:55:13.990+0000] {dag.py:4180} INFO - Setting next_dagrun for example_params_trigger_ui to None, run_after=None
[2026-04-24T12:55:13.996+0000] {processor.py:208} INFO - Processing /home/airflow/.local/lib/python3.12/site-packages/airflow/example_dags/example_params_trigger_ui.py took 0.030 seconds
[2026-04-24T12:57:12.803+0000] {processor.py:186} INFO - Started process (PID=83034) to work on /home/airflow/.local/lib/python3.12/site-packages/airflow/example_dags/example_params_trigger_ui.py
[2026-04-24T12:57:12.803+0000] {processor.py:914} INFO - Processing file /home/airflow/.local/lib/python3.12/site-packages/airflow/example_dags/example_params_trigger_ui.py for tasks to queue
[2026-04-24T12:57:12.804+0000] {logging_mixin.py:190} INFO - [2026-04-24T12:57:12.804+0000] {dagbag.py:588} INFO - Filling up the DagBag from /home/airflow/.local/lib/python3.12/site-packages/airflow/example_dags/example_params_trigger_ui.py
[2026-04-24T12:57:12.810+0000] {processor.py:925} INFO - DAG(s) 'example_params_trigger_ui' retrieved from /home/airflow/.local/lib/python3.12/site-packages/airflow/example_dags/example_params_trigger_ui.py
[2026-04-24T12:57:12.828+0000] {logging_mixin.py:190} INFO - [2026-04-24T12:57:12.828+0000] {dag.py:3239} INFO - Sync 1 DAGs
[2026-04-24T12:57:12.834+0000] {logging_mixin.py:190} INFO - [2026-04-24T12:57:12.834+0000] {dag.py:4180} INFO - Setting next_dagrun for example_params_trigger_ui to None, run_after=None
[2026-04-24T12:57:12.846+0000] {processor.py:208} INFO - Processing /home/airflow/.local/lib/python3.12/site-packages/airflow/example_dags/example_params_trigger_ui.py took 0.046 seconds
[2026-04-24T12:57:43.785+0000] {processor.py:186} INFO - Started process (PID=83098) to work on /home/airflow/.local/lib/python3.12/site-packages/airflow/example_dags/example_params_trigger_ui.py
[2026-04-24T12:57:43.786+0000] {processor.py:914} INFO - Processing file /home/airflow/.local/lib/python3.12/site-packages/airflow/example_dags/example_params_trigger_ui.py for tasks to queue
[2026-04-24T12:57:43.787+0000] {logging_mixin.py:190} INFO - [2026-04-24T12:57:43.787+0000] {dagbag.py:588} INFO - Filling up the DagBag from /home/airflow/.local/lib/python3.12/site-packages/airflow/example_dags/example_params_trigger_ui.py
[2026-04-24T12:57:43.792+0000] {processor.py:925} INFO - DAG(s) 'example_params_trigger_ui' retrieved from /home/airflow/.local/lib/python3.12/site-packages/airflow/example_dags/example_params_trigger_ui.py
[2026-04-24T12:57:43.808+0000] {logging_mixin.py:190} INFO - [2026-04-24T12:57:43.808+0000] {dag.py:3239} INFO - Sync 1 DAGs
[2026-04-24T12:57:43.897+0000] {logging_mixin.py:190} INFO - [2026-04-24T12:57:43.897+0000] {dag.py:4180} INFO - Setting next_dagrun for example_params_trigger_ui to None, run_after=None
[2026-04-24T12:57:43.906+0000] {processor.py:208} INFO - Processing /home/airflow/.local/lib/python3.12/site-packages/airflow/example_dags/example_params_trigger_ui.py took 0.123 seconds
[2026-04-24T12:59:37.958+0000] {processor.py:186} INFO - Started process (PID=83162) to work on /home/airflow/.local/lib/python3.12/site-packages/airflow/example_dags/example_params_trigger_ui.py
[2026-04-24T12:59:37.958+0000] {processor.py:914} INFO - Processing file /home/airflow/.local/lib/python3.12/site-packages/airflow/example_dags/example_params_trigger_ui.py for tasks to queue
[2026-04-24T12:59:37.959+0000] {logging_mixin.py:190} INFO - [2026-04-24T12:59:37.959+0000] {dagbag.py:588} INFO - Filling up the DagBag from /home/airflow/.local/lib/python3.12/site-packages/airflow/example_dags/example_params_trigger_ui.py
[2026-04-24T12:59:37.963+0000] {processor.py:925} INFO - DAG(s) 'example_params_trigger_ui' retrieved from /home/airflow/.local/lib/python3.12/site-packages/airflow/example_dags/example_params_trigger_ui.py
[2026-04-24T12:59:37.982+0000] {logging_mixin.py:190} INFO - [2026-04-24T12:59:37.982+0000] {dag.py:3239} INFO - Sync 1 DAGs
[2026-04-24T12:59:38.063+0000] {logging_mixin.py:190} INFO - [2026-04-24T12:59:38.063+0000] {dag.py:4180} INFO - Setting next_dagrun for example_params_trigger_ui to None, run_after=None
[2026-04-24T12:59:38.073+0000] {processor.py:208} INFO - Processing /home/airflow/.local/lib/python3.12/site-packages/airflow/example_dags/example_params_trigger_ui.py took 0.117 seconds
[2026-04-24T13:01:32.952+0000] {processor.py:186} INFO - Started process (PID=83220) to work on /home/airflow/.local/lib/python3.12/site-packages/airflow/example_dags/example_params_trigger_ui.py
[2026-04-24T13:01:32.953+0000] {processor.py:914} INFO - Processing file /home/airflow/.local/lib/python3.12/site-packages/airflow/example_dags/example_params_trigger_ui.py for tasks to queue
[2026-04-24T13:01:32.953+0000] {logging_mixin.py:190} INFO - [2026-04-24T13:01:32.953+0000] {dagbag.py:588} INFO - Filling up the DagBag from /home/airflow/.local/lib/python3.12/site-packages/airflow/example_dags/example_params_trigger_ui.py
[2026-04-24T13:01:32.958+0000] {processor.py:925} INFO - DAG(s) 'example_params_trigger_ui' retrieved from /home/airflow/.local/lib/python3.12/site-packages/airflow/example_dags/example_params_trigger_ui.py
[2026-04-24T13:01:32.971+0000] {logging_mixin.py:190} INFO - [2026-04-24T13:01:32.971+0000] {dag.py:3239} INFO - Sync 1 DAGs
[2026-04-24T13:01:32.977+0000] {logging_mixin.py:190} INFO - [2026-04-24T13:01:32.977+0000] {dag.py:4180} INFO - Setting next_dagrun for example_params_trigger_ui to None, run_after=None
[2026-04-24T13:01:33.072+0000] {processor.py:208} INFO - Processing /home/airflow/.local/lib/python3.12/site-packages/airflow/example_dags/example_params_trigger_ui.py took 0.123 seconds
[2026-04-24T13:02:03.704+0000] {processor.py:186} INFO - Started process (PID=83290) to work on /home/airflow/.local/lib/python3.12/site-packages/airflow/example_dags/example_params_trigger_ui.py
[2026-04-24T13:02:03.705+0000] {processor.py:914} INFO - Processing file /home/airflow/.local/lib/python3.12/site-packages/airflow/example_dags/example_params_trigger_ui.py for tasks to queue
[2026-04-24T13:02:03.707+0000] {logging_mixin.py:190} INFO - [2026-04-24T13:02:03.707+0000] {dagbag.py:588} INFO - Filling up the DagBag from /home/airflow/.local/lib/python3.12/site-packages/airflow/example_dags/example_params_trigger_ui.py
[2026-04-24T13:02:03.711+0000] {processor.py:925} INFO - DAG(s) 'example_params_trigger_ui' retrieved from /home/airflow/.local/lib/python3.12/site-packages/airflow/example_dags/example_params_trigger_ui.py
[2026-04-24T13:02:03.724+0000] {logging_mixin.py:190} INFO - [2026-04-24T13:02:03.724+0000] {dag.py:3239} INFO - Sync 1 DAGs
[2026-04-24T13:02:03.732+0000] {logging_mixin.py:190} INFO - [2026-04-24T13:02:03.732+0000] {dag.py:4180} INFO - Setting next_dagrun for example_params_trigger_ui to None, run_after=None
[2026-04-24T13:02:03.741+0000] {processor.py:208} INFO - Processing /home/airflow/.local/lib/python3.12/site-packages/airflow/example_dags/example_params_trigger_ui.py took 0.039 seconds
[2026-04-24T13:04:01.781+0000] {processor.py:186} INFO - Started process (PID=83348) to work on /home/airflow/.local/lib/python3.12/site-packages/airflow/example_dags/example_params_trigger_ui.py
[2026-04-24T13:04:01.781+0000] {processor.py:914} INFO - Processing file /home/airflow/.local/lib/python3.12/site-packages/airflow/example_dags/example_params_trigger_ui.py for tasks to queue
[2026-04-24T13:04:01.782+0000] {logging_mixin.py:190} INFO - [2026-04-24T13:04:01.782+0000] {dagbag.py:588} INFO - Filling up the DagBag from /home/airflow/.local/lib/python3.12/site-packages/airflow/example_dags/example_params_trigger_ui.py
[2026-04-24T13:04:01.786+0000] {processor.py:925} INFO - DAG(s) 'example_params_trigger_ui' retrieved from /home/airflow/.local/lib/python3.12/site-packages/airflow/example_dags/example_params_trigger_ui.py
[2026-04-24T13:04:01.799+0000] {logging_mixin.py:190} INFO - [2026-04-24T13:04:01.799+0000] {dag.py:3239} INFO - Sync 1 DAGs
[2026-04-24T13:04:01.803+0000] {logging_mixin.py:190} INFO - [2026-04-24T13:04:01.803+0000] {dag.py:4180} INFO - Setting next_dagrun for example_params_trigger_ui to None, run_after=None
[2026-04-24T13:04:01.809+0000] {processor.py:208} INFO - Processing /home/airflow/.local/lib/python3.12/site-packages/airflow/example_dags/example_params_trigger_ui.py took 0.030 seconds
[2026-04-24T13:04:33.253+0000] {processor.py:186} INFO - Started process (PID=83417) to work on /home/airflow/.local/lib/python3.12/site-packages/airflow/example_dags/example_params_trigger_ui.py
[2026-04-24T13:04:33.254+0000] {processor.py:914} INFO - Processing file /home/airflow/.local/lib/python3.12/site-packages/airflow/example_dags/example_params_trigger_ui.py for tasks to queue
[2026-04-24T13:04:33.256+0000] {logging_mixin.py:190} INFO - [2026-04-24T13:04:33.256+0000] {dagbag.py:588} INFO - Filling up the DagBag from /home/airflow/.local/lib/python3.12/site-packages/airflow/example_dags/example_params_trigger_ui.py
[2026-04-24T13:04:33.262+0000] {processor.py:925} INFO - DAG(s) 'example_params_trigger_ui' retrieved from /home/airflow/.local/lib/python3.12/site-packages/airflow/example_dags/example_params_trigger_ui.py
[2026-04-24T13:04:33.281+0000] {logging_mixin.py:190} INFO - [2026-04-24T13:04:33.281+0000] {dag.py:3239} INFO - Sync 1 DAGs
[2026-04-24T13:04:33.286+0000] {logging_mixin.py:190} INFO - [2026-04-24T13:04:33.286+0000] {dag.py:4180} INFO - Setting next_dagrun for example_params_trigger_ui to None, run_after=None
[2026-04-24T13:04:33.293+0000] {processor.py:208} INFO - Processing /home/airflow/.local/lib/python3.12/site-packages/airflow/example_dags/example_params_trigger_ui.py took 0.043 seconds
[2026-04-24T13:06:24.362+0000] {processor.py:186} INFO - Started process (PID=83475) to work on /home/airflow/.local/lib/python3.12/site-packages/airflow/example_dags/example_params_trigger_ui.py
[2026-04-24T13:06:24.364+0000] {processor.py:914} INFO - Processing file /home/airflow/.local/lib/python3.12/site-packages/airflow/example_dags/example_params_trigger_ui.py for tasks to queue
[2026-04-24T13:06:24.365+0000] {logging_mixin.py:190} INFO - [2026-04-24T13:06:24.365+0000] {dagbag.py:588} INFO - Filling up the DagBag from /home/airflow/.local/lib/python3.12/site-packages/airflow/example_dags/example_params_trigger_ui.py
[2026-04-24T13:06:24.369+0000] {processor.py:925} INFO - DAG(s) 'example_params_trigger_ui' retrieved from /home/airflow/.local/lib/python3.12/site-packages/airflow/example_dags/example_params_trigger_ui.py
[2026-04-24T13:06:24.386+0000] {logging_mixin.py:190} INFO - [2026-04-24T13:06:24.386+0000] {dag.py:3239} INFO - Sync 1 DAGs
[2026-04-24T13:06:24.393+0000] {logging_mixin.py:190} INFO - [2026-04-24T13:06:24.393+0000] {dag.py:4180} INFO - Setting next_dagrun for example_params_trigger_ui to None, run_after=None
[2026-04-24T13:06:24.402+0000] {processor.py:208} INFO - Processing /home/airflow/.local/lib/python3.12/site-packages/airflow/example_dags/example_params_trigger_ui.py took 0.042 seconds
[2026-04-24T13:08:23.757+0000] {processor.py:186} INFO - Started process (PID=83538) to work on /home/airflow/.local/lib/python3.12/site-packages/airflow/example_dags/example_params_trigger_ui.py
[2026-04-24T13:08:23.759+0000] {processor.py:914} INFO - Processing file /home/airflow/.local/lib/python3.12/site-packages/airflow/example_dags/example_params_trigger_ui.py for tasks to queue
[2026-04-24T13:08:23.760+0000] {logging_mixin.py:190} INFO - [2026-04-24T13:08:23.760+0000] {dagbag.py:588} INFO - Filling up the DagBag from /home/airflow/.local/lib/python3.12/site-packages/airflow/example_dags/example_params_trigger_ui.py
[2026-04-24T13:08:23.768+0000] {processor.py:925} INFO - DAG(s) 'example_params_trigger_ui' retrieved from /home/airflow/.local/lib/python3.12/site-packages/airflow/example_dags/example_params_trigger_ui.py
[2026-04-24T13:08:23.782+0000] {logging_mixin.py:190} INFO - [2026-04-24T13:08:23.782+0000] {dag.py:3239} INFO - Sync 1 DAGs
[2026-04-24T13:08:23.788+0000] {logging_mixin.py:190} INFO - [2026-04-24T13:08:23.788+0000] {dag.py:4180} INFO - Setting next_dagrun for example_params_trigger_ui to None, run_after=None
[2026-04-24T13:08:23.802+0000] {processor.py:208} INFO - Processing /home/airflow/.local/lib/python3.12/site-packages/airflow/example_dags/example_params_trigger_ui.py took 0.047 seconds
[2026-04-24T13:08:54.821+0000] {processor.py:186} INFO - Started process (PID=83602) to work on /home/airflow/.local/lib/python3.12/site-packages/airflow/example_dags/example_params_trigger_ui.py
[2026-04-24T13:08:54.821+0000] {processor.py:914} INFO - Processing file /home/airflow/.local/lib/python3.12/site-packages/airflow/example_dags/example_params_trigger_ui.py for tasks to queue
[2026-04-24T13:08:54.822+0000] {logging_mixin.py:190} INFO - [2026-04-24T13:08:54.822+0000] {dagbag.py:588} INFO - Filling up the DagBag from /home/airflow/.local/lib/python3.12/site-packages/airflow/example_dags/example_params_trigger_ui.py
[2026-04-24T13:08:54.826+0000] {processor.py:925} INFO - DAG(s) 'example_params_trigger_ui' retrieved from /home/airflow/.local/lib/python3.12/site-packages/airflow/example_dags/example_params_trigger_ui.py
[2026-04-24T13:08:54.840+0000] {logging_mixin.py:190} INFO - [2026-04-24T13:08:54.840+0000] {dag.py:3239} INFO - Sync 1 DAGs
[2026-04-24T13:08:54.844+0000] {logging_mixin.py:190} INFO - [2026-04-24T13:08:54.844+0000] {dag.py:4180} INFO - Setting next_dagrun for example_params_trigger_ui to None, run_after=None
[2026-04-24T13:08:54.850+0000] {processor.py:208} INFO - Processing /home/airflow/.local/lib/python3.12/site-packages/airflow/example_dags/example_params_trigger_ui.py took 0.031 seconds
[2026-04-24T13:10:47.176+0000] {processor.py:186} INFO - Started process (PID=83666) to work on /home/airflow/.local/lib/python3.12/site-packages/airflow/example_dags/example_params_trigger_ui.py
[2026-04-24T13:10:47.177+0000] {processor.py:914} INFO - Processing file /home/airflow/.local/lib/python3.12/site-packages/airflow/example_dags/example_params_trigger_ui.py for tasks to queue
[2026-04-24T13:10:47.178+0000] {logging_mixin.py:190} INFO - [2026-04-24T13:10:47.178+0000] {dagbag.py:588} INFO - Filling up the DagBag from /home/airflow/.local/lib/python3.12/site-packages/airflow/example_dags/example_params_trigger_ui.py
[2026-04-24T13:10:47.184+0000] {processor.py:925} INFO - DAG(s) 'example_params_trigger_ui' retrieved from /home/airflow/.local/lib/python3.12/site-packages/airflow/example_dags/example_params_trigger_ui.py
[2026-04-24T13:10:47.199+0000] {logging_mixin.py:190} INFO - [2026-04-24T13:10:47.199+0000] {dag.py:3239} INFO - Sync 1 DAGs
[2026-04-24T13:10:47.204+0000] {logging_mixin.py:190} INFO - [2026-04-24T13:10:47.204+0000] {dag.py:4180} INFO - Setting next_dagrun for example_params_trigger_ui to None, run_after=None
[2026-04-24T13:10:47.210+0000] {processor.py:208} INFO - Processing /home/airflow/.local/lib/python3.12/site-packages/airflow/example_dags/example_params_trigger_ui.py took 0.038 seconds
[2026-04-24T13:12:40.838+0000] {processor.py:186} INFO - Started process (PID=83730) to work on /home/airflow/.local/lib/python3.12/site-packages/airflow/example_dags/example_params_trigger_ui.py
[2026-04-24T13:12:40.839+0000] {processor.py:914} INFO - Processing file /home/airflow/.local/lib/python3.12/site-packages/airflow/example_dags/example_params_trigger_ui.py for tasks to queue
[2026-04-24T13:12:40.839+0000] {logging_mixin.py:190} INFO - [2026-04-24T13:12:40.839+0000] {dagbag.py:588} INFO - Filling up the DagBag from /home/airflow/.local/lib/python3.12/site-packages/airflow/example_dags/example_params_trigger_ui.py
[2026-04-24T13:12:40.844+0000] {processor.py:925} INFO - DAG(s) 'example_params_trigger_ui' retrieved from /home/airflow/.local/lib/python3.12/site-packages/airflow/example_dags/example_params_trigger_ui.py
[2026-04-24T13:12:40.859+0000] {logging_mixin.py:190} INFO - [2026-04-24T13:12:40.858+0000] {dag.py:3239} INFO - Sync 1 DAGs
[2026-04-24T13:12:40.864+0000] {logging_mixin.py:190} INFO - [2026-04-24T13:12:40.864+0000] {dag.py:4180} INFO - Setting next_dagrun for example_params_trigger_ui to None, run_after=None
[2026-04-24T13:12:40.875+0000] {processor.py:208} INFO - Processing /home/airflow/.local/lib/python3.12/site-packages/airflow/example_dags/example_params_trigger_ui.py took 0.040 seconds
[2026-04-24T13:13:10.980+0000] {processor.py:186} INFO - Started process (PID=83794) to work on /home/airflow/.local/lib/python3.12/site-packages/airflow/example_dags/example_params_trigger_ui.py
[2026-04-24T13:13:10.981+0000] {processor.py:914} INFO - Processing file /home/airflow/.local/lib/python3.12/site-packages/airflow/example_dags/example_params_trigger_ui.py for tasks to queue
[2026-04-24T13:13:10.982+0000] {logging_mixin.py:190} INFO - [2026-04-24T13:13:10.982+0000] {dagbag.py:588} INFO - Filling up the DagBag from /home/airflow/.local/lib/python3.12/site-packages/airflow/example_dags/example_params_trigger_ui.py
[2026-04-24T13:13:10.991+0000] {processor.py:925} INFO - DAG(s) 'example_params_trigger_ui' retrieved from /home/airflow/.local/lib/python3.12/site-packages/airflow/example_dags/example_params_trigger_ui.py
[2026-04-24T13:13:11.007+0000] {logging_mixin.py:190} INFO - [2026-04-24T13:13:11.007+0000] {dag.py:3239} INFO - Sync 1 DAGs
[2026-04-24T13:13:11.013+0000] {logging_mixin.py:190} INFO - [2026-04-24T13:13:11.013+0000] {dag.py:4180} INFO - Setting next_dagrun for example_params_trigger_ui to None, run_after=None
[2026-04-24T13:13:11.020+0000] {processor.py:208} INFO - Processing /home/airflow/.local/lib/python3.12/site-packages/airflow/example_dags/example_params_trigger_ui.py took 0.041 seconds
[2026-04-24T13:15:04.157+0000] {processor.py:186} INFO - Started process (PID=83858) to work on /home/airflow/.local/lib/python3.12/site-packages/airflow/example_dags/example_params_trigger_ui.py
[2026-04-24T13:15:04.157+0000] {processor.py:914} INFO - Processing file /home/airflow/.local/lib/python3.12/site-packages/airflow/example_dags/example_params_trigger_ui.py for tasks to queue
[2026-04-24T13:15:04.158+0000] {logging_mixin.py:190} INFO - [2026-04-24T13:15:04.158+0000] {dagbag.py:588} INFO - Filling up the DagBag from /home/airflow/.local/lib/python3.12/site-packages/airflow/example_dags/example_params_trigger_ui.py
[2026-04-24T13:15:04.163+0000] {processor.py:925} INFO - DAG(s) 'example_params_trigger_ui' retrieved from /home/airflow/.local/lib/python3.12/site-packages/airflow/example_dags/example_params_trigger_ui.py
[2026-04-24T13:15:04.183+0000] {logging_mixin.py:190} INFO - [2026-04-24T13:15:04.183+0000] {dag.py:3239} INFO - Sync 1 DAGs
[2026-04-24T13:15:04.190+0000] {logging_mixin.py:190} INFO - [2026-04-24T13:15:04.190+0000] {dag.py:4180} INFO - Setting next_dagrun for example_params_trigger_ui to None, run_after=None
[2026-04-24T13:15:04.198+0000] {processor.py:208} INFO - Processing /home/airflow/.local/lib/python3.12/site-packages/airflow/example_dags/example_params_trigger_ui.py took 0.044 seconds
[2026-04-24T13:17:00.599+0000] {processor.py:186} INFO - Started process (PID=83922) to work on /home/airflow/.local/lib/python3.12/site-packages/airflow/example_dags/example_params_trigger_ui.py
[2026-04-24T13:17:00.600+0000] {processor.py:914} INFO - Processing file /home/airflow/.local/lib/python3.12/site-packages/airflow/example_dags/example_params_trigger_ui.py for tasks to queue
[2026-04-24T13:17:00.601+0000] {logging_mixin.py:190} INFO - [2026-04-24T13:17:00.601+0000] {dagbag.py:588} INFO - Filling up the DagBag from /home/airflow/.local/lib/python3.12/site-packages/airflow/example_dags/example_params_trigger_ui.py
[2026-04-24T13:17:00.606+0000] {processor.py:925} INFO - DAG(s) 'example_params_trigger_ui' retrieved from /home/airflow/.local/lib/python3.12/site-packages/airflow/example_dags/example_params_trigger_ui.py
[2026-04-24T13:17:00.625+0000] {logging_mixin.py:190} INFO - [2026-04-24T13:17:00.625+0000] {dag.py:3239} INFO - Sync 1 DAGs
[2026-04-24T13:17:00.633+0000] {logging_mixin.py:190} INFO - [2026-04-24T13:17:00.633+0000] {dag.py:4180} INFO - Setting next_dagrun for example_params_trigger_ui to None, run_after=None
[2026-04-24T13:17:00.647+0000] {processor.py:208} INFO - Processing /home/airflow/.local/lib/python3.12/site-packages/airflow/example_dags/example_params_trigger_ui.py took 0.050 seconds
[2026-04-24T13:17:30.739+0000] {processor.py:186} INFO - Started process (PID=83986) to work on /home/airflow/.local/lib/python3.12/site-packages/airflow/example_dags/example_params_trigger_ui.py
[2026-04-24T13:17:30.739+0000] {processor.py:914} INFO - Processing file /home/airflow/.local/lib/python3.12/site-packages/airflow/example_dags/example_params_trigger_ui.py for tasks to queue
[2026-04-24T13:17:30.740+0000] {logging_mixin.py:190} INFO - [2026-04-24T13:17:30.740+0000] {dagbag.py:588} INFO - Filling up the DagBag from /home/airflow/.local/lib/python3.12/site-packages/airflow/example_dags/example_params_trigger_ui.py
[2026-04-24T13:17:30.745+0000] {processor.py:925} INFO - DAG(s) 'example_params_trigger_ui' retrieved from /home/airflow/.local/lib/python3.12/site-packages/airflow/example_dags/example_params_trigger_ui.py
[2026-04-24T13:17:30.760+0000] {logging_mixin.py:190} INFO - [2026-04-24T13:17:30.760+0000] {dag.py:3239} INFO - Sync 1 DAGs
[2026-04-24T13:17:30.765+0000] {logging_mixin.py:190} INFO - [2026-04-24T13:17:30.765+0000] {dag.py:4180} INFO - Setting next_dagrun for example_params_trigger_ui to None, run_after=None
[2026-04-24T13:17:30.772+0000] {processor.py:208} INFO - Processing /home/airflow/.local/lib/python3.12/site-packages/airflow/example_dags/example_params_trigger_ui.py took 0.036 seconds
[2026-04-24T13:19:34.236+0000] {processor.py:186} INFO - Started process (PID=84056) to work on /home/airflow/.local/lib/python3.12/site-packages/airflow/example_dags/example_params_trigger_ui.py
[2026-04-24T13:19:34.239+0000] {processor.py:914} INFO - Processing file /home/airflow/.local/lib/python3.12/site-packages/airflow/example_dags/example_params_trigger_ui.py for tasks to queue
[2026-04-24T13:19:34.242+0000] {logging_mixin.py:190} INFO - [2026-04-24T13:19:34.242+0000] {dagbag.py:588} INFO - Filling up the DagBag from /home/airflow/.local/lib/python3.12/site-packages/airflow/example_dags/example_params_trigger_ui.py
[2026-04-24T13:19:34.257+0000] {processor.py:925} INFO - DAG(s) 'example_params_trigger_ui' retrieved from /home/airflow/.local/lib/python3.12/site-packages/airflow/example_dags/example_params_trigger_ui.py
[2026-04-24T13:19:34.309+0000] {logging_mixin.py:190} INFO - [2026-04-24T13:19:34.309+0000] {dag.py:3239} INFO - Sync 1 DAGs
[2026-04-24T13:19:34.330+0000] {logging_mixin.py:190} INFO - [2026-04-24T13:19:34.329+0000] {dag.py:4180} INFO - Setting next_dagrun for example_params_trigger_ui to None, run_after=None
[2026-04-24T13:19:34.358+0000] {processor.py:208} INFO - Processing /home/airflow/.local/lib/python3.12/site-packages/airflow/example_dags/example_params_trigger_ui.py took 0.133 seconds
[2026-04-24T13:20:04.589+0000] {processor.py:186} INFO - Started process (PID=84120) to work on /home/airflow/.local/lib/python3.12/site-packages/airflow/example_dags/example_params_trigger_ui.py
[2026-04-24T13:20:04.590+0000] {processor.py:914} INFO - Processing file /home/airflow/.local/lib/python3.12/site-packages/airflow/example_dags/example_params_trigger_ui.py for tasks to queue
[2026-04-24T13:20:04.592+0000] {logging_mixin.py:190} INFO - [2026-04-24T13:20:04.591+0000] {dagbag.py:588} INFO - Filling up the DagBag from /home/airflow/.local/lib/python3.12/site-packages/airflow/example_dags/example_params_trigger_ui.py
[2026-04-24T13:20:04.599+0000] {processor.py:925} INFO - DAG(s) 'example_params_trigger_ui' retrieved from /home/airflow/.local/lib/python3.12/site-packages/airflow/example_dags/example_params_trigger_ui.py
[2026-04-24T13:20:04.625+0000] {logging_mixin.py:190} INFO - [2026-04-24T13:20:04.625+0000] {dag.py:3239} INFO - Sync 1 DAGs
[2026-04-24T13:20:04.637+0000] {logging_mixin.py:190} INFO - [2026-04-24T13:20:04.637+0000] {dag.py:4180} INFO - Setting next_dagrun for example_params_trigger_ui to None, run_after=None
[2026-04-24T13:20:04.652+0000] {processor.py:208} INFO - Processing /home/airflow/.local/lib/python3.12/site-packages/airflow/example_dags/example_params_trigger_ui.py took 0.068 seconds
[2026-04-24T13:22:01.875+0000] {processor.py:186} INFO - Started process (PID=84178) to work on /home/airflow/.local/lib/python3.12/site-packages/airflow/example_dags/example_params_trigger_ui.py
[2026-04-24T13:22:01.875+0000] {processor.py:914} INFO - Processing file /home/airflow/.local/lib/python3.12/site-packages/airflow/example_dags/example_params_trigger_ui.py for tasks to queue
[2026-04-24T13:22:01.876+0000] {logging_mixin.py:190} INFO - [2026-04-24T13:22:01.876+0000] {dagbag.py:588} INFO - Filling up the DagBag from /home/airflow/.local/lib/python3.12/site-packages/airflow/example_dags/example_params_trigger_ui.py
[2026-04-24T13:22:01.881+0000] {processor.py:925} INFO - DAG(s) 'example_params_trigger_ui' retrieved from /home/airflow/.local/lib/python3.12/site-packages/airflow/example_dags/example_params_trigger_ui.py
[2026-04-24T13:22:01.896+0000] {logging_mixin.py:190} INFO - [2026-04-24T13:22:01.895+0000] {dag.py:3239} INFO - Sync 1 DAGs
[2026-04-24T13:22:01.903+0000] {logging_mixin.py:190} INFO - [2026-04-24T13:22:01.903+0000] {dag.py:4180} INFO - Setting next_dagrun for example_params_trigger_ui to None, run_after=None
[2026-04-24T13:22:01.914+0000] {processor.py:208} INFO - Processing /home/airflow/.local/lib/python3.12/site-packages/airflow/example_dags/example_params_trigger_ui.py took 0.042 seconds
[2026-04-24T13:24:04.983+0000] {processor.py:186} INFO - Started process (PID=84242) to work on /home/airflow/.local/lib/python3.12/site-packages/airflow/example_dags/example_params_trigger_ui.py
[2026-04-24T13:24:04.984+0000] {processor.py:914} INFO - Processing file /home/airflow/.local/lib/python3.12/site-packages/airflow/example_dags/example_params_trigger_ui.py for tasks to queue
[2026-04-24T13:24:04.985+0000] {logging_mixin.py:190} INFO - [2026-04-24T13:24:04.985+0000] {dagbag.py:588} INFO - Filling up the DagBag from /home/airflow/.local/lib/python3.12/site-packages/airflow/example_dags/example_params_trigger_ui.py
[2026-04-24T13:24:04.989+0000] {processor.py:925} INFO - DAG(s) 'example_params_trigger_ui' retrieved from /home/airflow/.local/lib/python3.12/site-packages/airflow/example_dags/example_params_trigger_ui.py
[2026-04-24T13:24:05.008+0000] {logging_mixin.py:190} INFO - [2026-04-24T13:24:05.008+0000] {dag.py:3239} INFO - Sync 1 DAGs
[2026-04-24T13:24:05.013+0000] {logging_mixin.py:190} INFO - [2026-04-24T13:24:05.013+0000] {dag.py:4180} INFO - Setting next_dagrun for example_params_trigger_ui to None, run_after=None
[2026-04-24T13:24:05.021+0000] {processor.py:208} INFO - Processing /home/airflow/.local/lib/python3.12/site-packages/airflow/example_dags/example_params_trigger_ui.py took 0.040 seconds
[2026-04-24T13:24:36.034+0000] {processor.py:186} INFO - Started process (PID=84306) to work on /home/airflow/.local/lib/python3.12/site-packages/airflow/example_dags/example_params_trigger_ui.py
[2026-04-24T13:24:36.036+0000] {processor.py:914} INFO - Processing file /home/airflow/.local/lib/python3.12/site-packages/airflow/example_dags/example_params_trigger_ui.py for tasks to queue
[2026-04-24T13:24:36.037+0000] {logging_mixin.py:190} INFO - [2026-04-24T13:24:36.037+0000] {dagbag.py:588} INFO - Filling up the DagBag from /home/airflow/.local/lib/python3.12/site-packages/airflow/example_dags/example_params_trigger_ui.py
[2026-04-24T13:24:36.041+0000] {processor.py:925} INFO - DAG(s) 'example_params_trigger_ui' retrieved from /home/airflow/.local/lib/python3.12/site-packages/airflow/example_dags/example_params_trigger_ui.py
[2026-04-24T13:24:36.055+0000] {logging_mixin.py:190} INFO - [2026-04-24T13:24:36.055+0000] {dag.py:3239} INFO - Sync 1 DAGs
[2026-04-24T13:24:36.061+0000] {logging_mixin.py:190} INFO - [2026-04-24T13:24:36.060+0000] {dag.py:4180} INFO - Setting next_dagrun for example_params_trigger_ui to None, run_after=None
[2026-04-24T13:24:36.069+0000] {processor.py:208} INFO - Processing /home/airflow/.local/lib/python3.12/site-packages/airflow/example_dags/example_params_trigger_ui.py took 0.037 seconds
[2026-04-24T13:26:38.665+0000] {processor.py:186} INFO - Started process (PID=84370) to work on /home/airflow/.local/lib/python3.12/site-packages/airflow/example_dags/example_params_trigger_ui.py
[2026-04-24T13:26:38.666+0000] {processor.py:914} INFO - Processing file /home/airflow/.local/lib/python3.12/site-packages/airflow/example_dags/example_params_trigger_ui.py for tasks to queue
[2026-04-24T13:26:38.667+0000] {logging_mixin.py:190} INFO - [2026-04-24T13:26:38.667+0000] {dagbag.py:588} INFO - Filling up the DagBag from /home/airflow/.local/lib/python3.12/site-packages/airflow/example_dags/example_params_trigger_ui.py
[2026-04-24T13:26:38.672+0000] {processor.py:925} INFO - DAG(s) 'example_params_trigger_ui' retrieved from /home/airflow/.local/lib/python3.12/site-packages/airflow/example_dags/example_params_trigger_ui.py
[2026-04-24T13:26:38.689+0000] {logging_mixin.py:190} INFO - [2026-04-24T13:26:38.689+0000] {dag.py:3239} INFO - Sync 1 DAGs
[2026-04-24T13:26:38.697+0000] {logging_mixin.py:190} INFO - [2026-04-24T13:26:38.697+0000] {dag.py:4180} INFO - Setting next_dagrun for example_params_trigger_ui to None, run_after=None
[2026-04-24T13:26:38.705+0000] {processor.py:208} INFO - Processing /home/airflow/.local/lib/python3.12/site-packages/airflow/example_dags/example_params_trigger_ui.py took 0.043 seconds
[2026-04-24T13:42:13.694+0000] {processor.py:186} INFO - Started process (PID=84434) to work on /home/airflow/.local/lib/python3.12/site-packages/airflow/example_dags/example_params_trigger_ui.py
[2026-04-24T13:42:13.694+0000] {processor.py:914} INFO - Processing file /home/airflow/.local/lib/python3.12/site-packages/airflow/example_dags/example_params_trigger_ui.py for tasks to queue
[2026-04-24T13:42:13.696+0000] {logging_mixin.py:190} INFO - [2026-04-24T13:42:13.695+0000] {dagbag.py:588} INFO - Filling up the DagBag from /home/airflow/.local/lib/python3.12/site-packages/airflow/example_dags/example_params_trigger_ui.py
[2026-04-24T13:42:13.701+0000] {processor.py:925} INFO - DAG(s) 'example_params_trigger_ui' retrieved from /home/airflow/.local/lib/python3.12/site-packages/airflow/example_dags/example_params_trigger_ui.py
[2026-04-24T13:42:13.727+0000] {logging_mixin.py:190} INFO - [2026-04-24T13:42:13.727+0000] {dag.py:3239} INFO - Sync 1 DAGs
[2026-04-24T13:42:13.739+0000] {logging_mixin.py:190} INFO - [2026-04-24T13:42:13.738+0000] {dag.py:4180} INFO - Setting next_dagrun for example_params_trigger_ui to None, run_after=None
[2026-04-24T13:42:13.753+0000] {processor.py:208} INFO - Processing /home/airflow/.local/lib/python3.12/site-packages/airflow/example_dags/example_params_trigger_ui.py took 0.062 seconds
[2026-04-24T13:42:44.145+0000] {processor.py:186} INFO - Started process (PID=84498) to work on /home/airflow/.local/lib/python3.12/site-packages/airflow/example_dags/example_params_trigger_ui.py
[2026-04-24T13:42:44.146+0000] {processor.py:914} INFO - Processing file /home/airflow/.local/lib/python3.12/site-packages/airflow/example_dags/example_params_trigger_ui.py for tasks to queue
[2026-04-24T13:42:44.147+0000] {logging_mixin.py:190} INFO - [2026-04-24T13:42:44.146+0000] {dagbag.py:588} INFO - Filling up the DagBag from /home/airflow/.local/lib/python3.12/site-packages/airflow/example_dags/example_params_trigger_ui.py
[2026-04-24T13:42:44.151+0000] {processor.py:925} INFO - DAG(s) 'example_params_trigger_ui' retrieved from /home/airflow/.local/lib/python3.12/site-packages/airflow/example_dags/example_params_trigger_ui.py
[2026-04-24T13:42:44.166+0000] {logging_mixin.py:190} INFO - [2026-04-24T13:42:44.165+0000] {dag.py:3239} INFO - Sync 1 DAGs
[2026-04-24T13:42:44.171+0000] {logging_mixin.py:190} INFO - [2026-04-24T13:42:44.170+0000] {dag.py:4180} INFO - Setting next_dagrun for example_params_trigger_ui to None, run_after=None
[2026-04-24T13:42:44.176+0000] {processor.py:208} INFO - Processing /home/airflow/.local/lib/python3.12/site-packages/airflow/example_dags/example_params_trigger_ui.py took 0.033 seconds
[2026-04-24T13:51:40.017+0000] {processor.py:186} INFO - Started process (PID=84562) to work on /home/airflow/.local/lib/python3.12/site-packages/airflow/example_dags/example_params_trigger_ui.py
[2026-04-24T13:51:40.019+0000] {processor.py:914} INFO - Processing file /home/airflow/.local/lib/python3.12/site-packages/airflow/example_dags/example_params_trigger_ui.py for tasks to queue
[2026-04-24T13:51:40.021+0000] {logging_mixin.py:190} INFO - [2026-04-24T13:51:40.021+0000] {dagbag.py:588} INFO - Filling up the DagBag from /home/airflow/.local/lib/python3.12/site-packages/airflow/example_dags/example_params_trigger_ui.py
[2026-04-24T13:51:40.026+0000] {processor.py:925} INFO - DAG(s) 'example_params_trigger_ui' retrieved from /home/airflow/.local/lib/python3.12/site-packages/airflow/example_dags/example_params_trigger_ui.py
[2026-04-24T13:51:40.041+0000] {logging_mixin.py:190} INFO - [2026-04-24T13:51:40.041+0000] {dag.py:3239} INFO - Sync 1 DAGs
[2026-04-24T13:51:40.047+0000] {logging_mixin.py:190} INFO - [2026-04-24T13:51:40.047+0000] {dag.py:4180} INFO - Setting next_dagrun for example_params_trigger_ui to None, run_after=None
[2026-04-24T13:51:40.053+0000] {processor.py:208} INFO - Processing /home/airflow/.local/lib/python3.12/site-packages/airflow/example_dags/example_params_trigger_ui.py took 0.039 seconds
[2026-04-24T13:57:06.965+0000] {processor.py:186} INFO - Started process (PID=84626) to work on /home/airflow/.local/lib/python3.12/site-packages/airflow/example_dags/example_params_trigger_ui.py
[2026-04-24T13:57:06.966+0000] {processor.py:914} INFO - Processing file /home/airflow/.local/lib/python3.12/site-packages/airflow/example_dags/example_params_trigger_ui.py for tasks to queue
[2026-04-24T13:57:06.969+0000] {logging_mixin.py:190} INFO - [2026-04-24T13:57:06.969+0000] {dagbag.py:588} INFO - Filling up the DagBag from /home/airflow/.local/lib/python3.12/site-packages/airflow/example_dags/example_params_trigger_ui.py
[2026-04-24T13:57:06.978+0000] {processor.py:925} INFO - DAG(s) 'example_params_trigger_ui' retrieved from /home/airflow/.local/lib/python3.12/site-packages/airflow/example_dags/example_params_trigger_ui.py
[2026-04-24T13:57:07.004+0000] {logging_mixin.py:190} INFO - [2026-04-24T13:57:07.004+0000] {dag.py:3239} INFO - Sync 1 DAGs
[2026-04-24T13:57:07.009+0000] {logging_mixin.py:190} INFO - [2026-04-24T13:57:07.009+0000] {dag.py:4180} INFO - Setting next_dagrun for example_params_trigger_ui to None, run_after=None
[2026-04-24T13:57:07.016+0000] {processor.py:208} INFO - Processing /home/airflow/.local/lib/python3.12/site-packages/airflow/example_dags/example_params_trigger_ui.py took 0.056 seconds
[2026-04-24T13:57:37.297+0000] {processor.py:186} INFO - Started process (PID=84689) to work on /home/airflow/.local/lib/python3.12/site-packages/airflow/example_dags/example_params_trigger_ui.py
[2026-04-24T13:57:37.299+0000] {processor.py:914} INFO - Processing file /home/airflow/.local/lib/python3.12/site-packages/airflow/example_dags/example_params_trigger_ui.py for tasks to queue
[2026-04-24T13:57:37.300+0000] {logging_mixin.py:190} INFO - [2026-04-24T13:57:37.300+0000] {dagbag.py:588} INFO - Filling up the DagBag from /home/airflow/.local/lib/python3.12/site-packages/airflow/example_dags/example_params_trigger_ui.py
[2026-04-24T13:57:37.304+0000] {processor.py:925} INFO - DAG(s) 'example_params_trigger_ui' retrieved from /home/airflow/.local/lib/python3.12/site-packages/airflow/example_dags/example_params_trigger_ui.py
[2026-04-24T13:57:37.322+0000] {logging_mixin.py:190} INFO - [2026-04-24T13:57:37.322+0000] {dag.py:3239} INFO - Sync 1 DAGs
[2026-04-24T13:57:37.327+0000] {logging_mixin.py:190} INFO - [2026-04-24T13:57:37.327+0000] {dag.py:4180} INFO - Setting next_dagrun for example_params_trigger_ui to None, run_after=None
[2026-04-24T13:57:37.333+0000] {processor.py:208} INFO - Processing /home/airflow/.local/lib/python3.12/site-packages/airflow/example_dags/example_params_trigger_ui.py took 0.039 seconds
[2026-04-24T13:59:55.246+0000] {processor.py:186} INFO - Started process (PID=84754) to work on /home/airflow/.local/lib/python3.12/site-packages/airflow/example_dags/example_params_trigger_ui.py
[2026-04-24T13:59:55.246+0000] {processor.py:914} INFO - Processing file /home/airflow/.local/lib/python3.12/site-packages/airflow/example_dags/example_params_trigger_ui.py for tasks to queue
[2026-04-24T13:59:55.247+0000] {logging_mixin.py:190} INFO - [2026-04-24T13:59:55.247+0000] {dagbag.py:588} INFO - Filling up the DagBag from /home/airflow/.local/lib/python3.12/site-packages/airflow/example_dags/example_params_trigger_ui.py
[2026-04-24T13:59:55.251+0000] {processor.py:925} INFO - DAG(s) 'example_params_trigger_ui' retrieved from /home/airflow/.local/lib/python3.12/site-packages/airflow/example_dags/example_params_trigger_ui.py
[2026-04-24T13:59:55.267+0000] {logging_mixin.py:190} INFO - [2026-04-24T13:59:55.267+0000] {dag.py:3239} INFO - Sync 1 DAGs
[2026-04-24T13:59:55.273+0000] {logging_mixin.py:190} INFO - [2026-04-24T13:59:55.273+0000] {dag.py:4180} INFO - Setting next_dagrun for example_params_trigger_ui to None, run_after=None
[2026-04-24T13:59:55.283+0000] {processor.py:208} INFO - Processing /home/airflow/.local/lib/python3.12/site-packages/airflow/example_dags/example_params_trigger_ui.py took 0.039 seconds
[2026-04-24T14:00:26.613+0000] {processor.py:186} INFO - Started process (PID=84818) to work on /home/airflow/.local/lib/python3.12/site-packages/airflow/example_dags/example_params_trigger_ui.py
[2026-04-24T14:00:26.613+0000] {processor.py:914} INFO - Processing file /home/airflow/.local/lib/python3.12/site-packages/airflow/example_dags/example_params_trigger_ui.py for tasks to queue
[2026-04-24T14:00:26.614+0000] {logging_mixin.py:190} INFO - [2026-04-24T14:00:26.614+0000] {dagbag.py:588} INFO - Filling up the DagBag from /home/airflow/.local/lib/python3.12/site-packages/airflow/example_dags/example_params_trigger_ui.py
[2026-04-24T14:00:26.618+0000] {processor.py:925} INFO - DAG(s) 'example_params_trigger_ui' retrieved from /home/airflow/.local/lib/python3.12/site-packages/airflow/example_dags/example_params_trigger_ui.py
[2026-04-24T14:00:26.632+0000] {logging_mixin.py:190} INFO - [2026-04-24T14:00:26.632+0000] {dag.py:3239} INFO - Sync 1 DAGs
[2026-04-24T14:00:26.637+0000] {logging_mixin.py:190} INFO - [2026-04-24T14:00:26.637+0000] {dag.py:4180} INFO - Setting next_dagrun for example_params_trigger_ui to None, run_after=None
[2026-04-24T14:00:26.643+0000] {processor.py:208} INFO - Processing /home/airflow/.local/lib/python3.12/site-packages/airflow/example_dags/example_params_trigger_ui.py took 0.033 seconds
[2026-04-24T14:03:45.257+0000] {processor.py:186} INFO - Started process (PID=84882) to work on /home/airflow/.local/lib/python3.12/site-packages/airflow/example_dags/example_params_trigger_ui.py
[2026-04-24T14:03:45.259+0000] {processor.py:914} INFO - Processing file /home/airflow/.local/lib/python3.12/site-packages/airflow/example_dags/example_params_trigger_ui.py for tasks to queue
[2026-04-24T14:03:45.260+0000] {logging_mixin.py:190} INFO - [2026-04-24T14:03:45.260+0000] {dagbag.py:588} INFO - Filling up the DagBag from /home/airflow/.local/lib/python3.12/site-packages/airflow/example_dags/example_params_trigger_ui.py
[2026-04-24T14:03:45.265+0000] {processor.py:925} INFO - DAG(s) 'example_params_trigger_ui' retrieved from /home/airflow/.local/lib/python3.12/site-packages/airflow/example_dags/example_params_trigger_ui.py
[2026-04-24T14:03:45.281+0000] {logging_mixin.py:190} INFO - [2026-04-24T14:03:45.281+0000] {dag.py:3239} INFO - Sync 1 DAGs
[2026-04-24T14:03:45.289+0000] {logging_mixin.py:190} INFO - [2026-04-24T14:03:45.289+0000] {dag.py:4180} INFO - Setting next_dagrun for example_params_trigger_ui to None, run_after=None
[2026-04-24T14:03:45.302+0000] {processor.py:208} INFO - Processing /home/airflow/.local/lib/python3.12/site-packages/airflow/example_dags/example_params_trigger_ui.py took 0.048 seconds
[2026-04-24T14:19:18.993+0000] {processor.py:186} INFO - Started process (PID=84946) to work on /home/airflow/.local/lib/python3.12/site-packages/airflow/example_dags/example_params_trigger_ui.py
[2026-04-24T14:19:18.994+0000] {processor.py:914} INFO - Processing file /home/airflow/.local/lib/python3.12/site-packages/airflow/example_dags/example_params_trigger_ui.py for tasks to queue
[2026-04-24T14:19:18.995+0000] {logging_mixin.py:190} INFO - [2026-04-24T14:19:18.995+0000] {dagbag.py:588} INFO - Filling up the DagBag from /home/airflow/.local/lib/python3.12/site-packages/airflow/example_dags/example_params_trigger_ui.py
[2026-04-24T14:19:19.001+0000] {processor.py:925} INFO - DAG(s) 'example_params_trigger_ui' retrieved from /home/airflow/.local/lib/python3.12/site-packages/airflow/example_dags/example_params_trigger_ui.py
[2026-04-24T14:19:19.019+0000] {logging_mixin.py:190} INFO - [2026-04-24T14:19:19.019+0000] {dag.py:3239} INFO - Sync 1 DAGs
[2026-04-24T14:19:19.024+0000] {logging_mixin.py:190} INFO - [2026-04-24T14:19:19.024+0000] {dag.py:4180} INFO - Setting next_dagrun for example_params_trigger_ui to None, run_after=None
[2026-04-24T14:19:19.032+0000] {processor.py:208} INFO - Processing /home/airflow/.local/lib/python3.12/site-packages/airflow/example_dags/example_params_trigger_ui.py took 0.042 seconds
[2026-04-24T14:19:50.272+0000] {processor.py:186} INFO - Started process (PID=85011) to work on /home/airflow/.local/lib/python3.12/site-packages/airflow/example_dags/example_params_trigger_ui.py
[2026-04-24T14:19:50.272+0000] {processor.py:914} INFO - Processing file /home/airflow/.local/lib/python3.12/site-packages/airflow/example_dags/example_params_trigger_ui.py for tasks to queue
[2026-04-24T14:19:50.273+0000] {logging_mixin.py:190} INFO - [2026-04-24T14:19:50.273+0000] {dagbag.py:588} INFO - Filling up the DagBag from /home/airflow/.local/lib/python3.12/site-packages/airflow/example_dags/example_params_trigger_ui.py
[2026-04-24T14:19:50.278+0000] {processor.py:925} INFO - DAG(s) 'example_params_trigger_ui' retrieved from /home/airflow/.local/lib/python3.12/site-packages/airflow/example_dags/example_params_trigger_ui.py
[2026-04-24T14:19:50.292+0000] {logging_mixin.py:190} INFO - [2026-04-24T14:19:50.292+0000] {dag.py:3239} INFO - Sync 1 DAGs
[2026-04-24T14:19:50.298+0000] {logging_mixin.py:190} INFO - [2026-04-24T14:19:50.298+0000] {dag.py:4180} INFO - Setting next_dagrun for example_params_trigger_ui to None, run_after=None
[2026-04-24T14:19:50.304+0000] {processor.py:208} INFO - Processing /home/airflow/.local/lib/python3.12/site-packages/airflow/example_dags/example_params_trigger_ui.py took 0.035 seconds
[2026-04-24T14:23:50.357+0000] {processor.py:186} INFO - Started process (PID=85075) to work on /home/airflow/.local/lib/python3.12/site-packages/airflow/example_dags/example_params_trigger_ui.py
[2026-04-24T14:23:50.358+0000] {processor.py:914} INFO - Processing file /home/airflow/.local/lib/python3.12/site-packages/airflow/example_dags/example_params_trigger_ui.py for tasks to queue
[2026-04-24T14:23:50.359+0000] {logging_mixin.py:190} INFO - [2026-04-24T14:23:50.359+0000] {dagbag.py:588} INFO - Filling up the DagBag from /home/airflow/.local/lib/python3.12/site-packages/airflow/example_dags/example_params_trigger_ui.py
[2026-04-24T14:23:50.366+0000] {processor.py:925} INFO - DAG(s) 'example_params_trigger_ui' retrieved from /home/airflow/.local/lib/python3.12/site-packages/airflow/example_dags/example_params_trigger_ui.py
[2026-04-24T14:23:50.382+0000] {logging_mixin.py:190} INFO - [2026-04-24T14:23:50.382+0000] {dag.py:3239} INFO - Sync 1 DAGs
[2026-04-24T14:23:50.387+0000] {logging_mixin.py:190} INFO - [2026-04-24T14:23:50.387+0000] {dag.py:4180} INFO - Setting next_dagrun for example_params_trigger_ui to None, run_after=None
[2026-04-24T14:23:50.394+0000] {processor.py:208} INFO - Processing /home/airflow/.local/lib/python3.12/site-packages/airflow/example_dags/example_params_trigger_ui.py took 0.039 seconds
[2026-04-24T14:33:43.314+0000] {processor.py:186} INFO - Started process (PID=85139) to work on /home/airflow/.local/lib/python3.12/site-packages/airflow/example_dags/example_params_trigger_ui.py
[2026-04-24T14:33:43.315+0000] {processor.py:914} INFO - Processing file /home/airflow/.local/lib/python3.12/site-packages/airflow/example_dags/example_params_trigger_ui.py for tasks to queue
[2026-04-24T14:33:43.316+0000] {logging_mixin.py:190} INFO - [2026-04-24T14:33:43.316+0000] {dagbag.py:588} INFO - Filling up the DagBag from /home/airflow/.local/lib/python3.12/site-packages/airflow/example_dags/example_params_trigger_ui.py
[2026-04-24T14:33:43.322+0000] {processor.py:925} INFO - DAG(s) 'example_params_trigger_ui' retrieved from /home/airflow/.local/lib/python3.12/site-packages/airflow/example_dags/example_params_trigger_ui.py
[2026-04-24T14:33:43.346+0000] {logging_mixin.py:190} INFO - [2026-04-24T14:33:43.345+0000] {dag.py:3239} INFO - Sync 1 DAGs
[2026-04-24T14:33:43.351+0000] {logging_mixin.py:190} INFO - [2026-04-24T14:33:43.351+0000] {dag.py:4180} INFO - Setting next_dagrun for example_params_trigger_ui to None, run_after=None
[2026-04-24T14:33:43.358+0000] {processor.py:208} INFO - Processing /home/airflow/.local/lib/python3.12/site-packages/airflow/example_dags/example_params_trigger_ui.py took 0.046 seconds
[2026-04-24T14:34:13.762+0000] {processor.py:186} INFO - Started process (PID=85203) to work on /home/airflow/.local/lib/python3.12/site-packages/airflow/example_dags/example_params_trigger_ui.py
[2026-04-24T14:34:13.762+0000] {processor.py:914} INFO - Processing file /home/airflow/.local/lib/python3.12/site-packages/airflow/example_dags/example_params_trigger_ui.py for tasks to queue
[2026-04-24T14:34:13.763+0000] {logging_mixin.py:190} INFO - [2026-04-24T14:34:13.763+0000] {dagbag.py:588} INFO - Filling up the DagBag from /home/airflow/.local/lib/python3.12/site-packages/airflow/example_dags/example_params_trigger_ui.py
[2026-04-24T14:34:13.767+0000] {processor.py:925} INFO - DAG(s) 'example_params_trigger_ui' retrieved from /home/airflow/.local/lib/python3.12/site-packages/airflow/example_dags/example_params_trigger_ui.py
[2026-04-24T14:34:13.780+0000] {logging_mixin.py:190} INFO - [2026-04-24T14:34:13.780+0000] {dag.py:3239} INFO - Sync 1 DAGs
[2026-04-24T14:34:13.784+0000] {logging_mixin.py:190} INFO - [2026-04-24T14:34:13.784+0000] {dag.py:4180} INFO - Setting next_dagrun for example_params_trigger_ui to None, run_after=None
[2026-04-24T14:34:13.790+0000] {processor.py:208} INFO - Processing /home/airflow/.local/lib/python3.12/site-packages/airflow/example_dags/example_params_trigger_ui.py took 0.031 seconds
[2026-04-24T14:49:46.086+0000] {processor.py:186} INFO - Started process (PID=85267) to work on /home/airflow/.local/lib/python3.12/site-packages/airflow/example_dags/example_params_trigger_ui.py
[2026-04-24T14:49:46.087+0000] {processor.py:914} INFO - Processing file /home/airflow/.local/lib/python3.12/site-packages/airflow/example_dags/example_params_trigger_ui.py for tasks to queue
[2026-04-24T14:49:46.088+0000] {logging_mixin.py:190} INFO - [2026-04-24T14:49:46.088+0000] {dagbag.py:588} INFO - Filling up the DagBag from /home/airflow/.local/lib/python3.12/site-packages/airflow/example_dags/example_params_trigger_ui.py
[2026-04-24T14:49:46.094+0000] {processor.py:925} INFO - DAG(s) 'example_params_trigger_ui' retrieved from /home/airflow/.local/lib/python3.12/site-packages/airflow/example_dags/example_params_trigger_ui.py
[2026-04-24T14:49:46.109+0000] {logging_mixin.py:190} INFO - [2026-04-24T14:49:46.109+0000] {dag.py:3239} INFO - Sync 1 DAGs
[2026-04-24T14:49:46.113+0000] {logging_mixin.py:190} INFO - [2026-04-24T14:49:46.113+0000] {dag.py:4180} INFO - Setting next_dagrun for example_params_trigger_ui to None, run_after=None
[2026-04-24T14:49:46.120+0000] {processor.py:208} INFO - Processing /home/airflow/.local/lib/python3.12/site-packages/airflow/example_dags/example_params_trigger_ui.py took 0.037 seconds
[2026-04-24T14:52:23.669+0000] {processor.py:186} INFO - Started process (PID=85331) to work on /home/airflow/.local/lib/python3.12/site-packages/airflow/example_dags/example_params_trigger_ui.py
[2026-04-24T14:52:23.670+0000] {processor.py:914} INFO - Processing file /home/airflow/.local/lib/python3.12/site-packages/airflow/example_dags/example_params_trigger_ui.py for tasks to queue
[2026-04-24T14:52:23.671+0000] {logging_mixin.py:190} INFO - [2026-04-24T14:52:23.671+0000] {dagbag.py:588} INFO - Filling up the DagBag from /home/airflow/.local/lib/python3.12/site-packages/airflow/example_dags/example_params_trigger_ui.py
[2026-04-24T14:52:23.676+0000] {processor.py:925} INFO - DAG(s) 'example_params_trigger_ui' retrieved from /home/airflow/.local/lib/python3.12/site-packages/airflow/example_dags/example_params_trigger_ui.py
[2026-04-24T14:52:23.694+0000] {logging_mixin.py:190} INFO - [2026-04-24T14:52:23.694+0000] {dag.py:3239} INFO - Sync 1 DAGs
[2026-04-24T14:52:23.699+0000] {logging_mixin.py:190} INFO - [2026-04-24T14:52:23.699+0000] {dag.py:4180} INFO - Setting next_dagrun for example_params_trigger_ui to None, run_after=None
[2026-04-24T14:52:23.706+0000] {processor.py:208} INFO - Processing /home/airflow/.local/lib/python3.12/site-packages/airflow/example_dags/example_params_trigger_ui.py took 0.039 seconds
[2026-04-24T14:52:54.233+0000] {processor.py:186} INFO - Started process (PID=85395) to work on /home/airflow/.local/lib/python3.12/site-packages/airflow/example_dags/example_params_trigger_ui.py
[2026-04-24T14:52:54.233+0000] {processor.py:914} INFO - Processing file /home/airflow/.local/lib/python3.12/site-packages/airflow/example_dags/example_params_trigger_ui.py for tasks to queue
[2026-04-24T14:52:54.234+0000] {logging_mixin.py:190} INFO - [2026-04-24T14:52:54.234+0000] {dagbag.py:588} INFO - Filling up the DagBag from /home/airflow/.local/lib/python3.12/site-packages/airflow/example_dags/example_params_trigger_ui.py
[2026-04-24T14:52:54.238+0000] {processor.py:925} INFO - DAG(s) 'example_params_trigger_ui' retrieved from /home/airflow/.local/lib/python3.12/site-packages/airflow/example_dags/example_params_trigger_ui.py
[2026-04-24T14:52:54.252+0000] {logging_mixin.py:190} INFO - [2026-04-24T14:52:54.252+0000] {dag.py:3239} INFO - Sync 1 DAGs
[2026-04-24T14:52:54.257+0000] {logging_mixin.py:190} INFO - [2026-04-24T14:52:54.257+0000] {dag.py:4180} INFO - Setting next_dagrun for example_params_trigger_ui to None, run_after=None
[2026-04-24T14:52:54.263+0000] {processor.py:208} INFO - Processing /home/airflow/.local/lib/python3.12/site-packages/airflow/example_dags/example_params_trigger_ui.py took 0.032 seconds
[2026-04-24T15:08:27.493+0000] {processor.py:186} INFO - Started process (PID=85459) to work on /home/airflow/.local/lib/python3.12/site-packages/airflow/example_dags/example_params_trigger_ui.py
[2026-04-24T15:08:27.494+0000] {processor.py:914} INFO - Processing file /home/airflow/.local/lib/python3.12/site-packages/airflow/example_dags/example_params_trigger_ui.py for tasks to queue
[2026-04-24T15:08:27.495+0000] {logging_mixin.py:190} INFO - [2026-04-24T15:08:27.495+0000] {dagbag.py:588} INFO - Filling up the DagBag from /home/airflow/.local/lib/python3.12/site-packages/airflow/example_dags/example_params_trigger_ui.py
[2026-04-24T15:08:27.500+0000] {processor.py:925} INFO - DAG(s) 'example_params_trigger_ui' retrieved from /home/airflow/.local/lib/python3.12/site-packages/airflow/example_dags/example_params_trigger_ui.py
[2026-04-24T15:08:27.515+0000] {logging_mixin.py:190} INFO - [2026-04-24T15:08:27.514+0000] {dag.py:3239} INFO - Sync 1 DAGs
[2026-04-24T15:08:27.520+0000] {logging_mixin.py:190} INFO - [2026-04-24T15:08:27.520+0000] {dag.py:4180} INFO - Setting next_dagrun for example_params_trigger_ui to None, run_after=None
[2026-04-24T15:08:27.527+0000] {processor.py:208} INFO - Processing /home/airflow/.local/lib/python3.12/site-packages/airflow/example_dags/example_params_trigger_ui.py took 0.036 seconds
[2026-04-24T15:08:58.451+0000] {processor.py:186} INFO - Started process (PID=85523) to work on /home/airflow/.local/lib/python3.12/site-packages/airflow/example_dags/example_params_trigger_ui.py
[2026-04-24T15:08:58.451+0000] {processor.py:914} INFO - Processing file /home/airflow/.local/lib/python3.12/site-packages/airflow/example_dags/example_params_trigger_ui.py for tasks to queue
[2026-04-24T15:08:58.452+0000] {logging_mixin.py:190} INFO - [2026-04-24T15:08:58.452+0000] {dagbag.py:588} INFO - Filling up the DagBag from /home/airflow/.local/lib/python3.12/site-packages/airflow/example_dags/example_params_trigger_ui.py
[2026-04-24T15:08:58.457+0000] {processor.py:925} INFO - DAG(s) 'example_params_trigger_ui' retrieved from /home/airflow/.local/lib/python3.12/site-packages/airflow/example_dags/example_params_trigger_ui.py
[2026-04-24T15:08:58.473+0000] {logging_mixin.py:190} INFO - [2026-04-24T15:08:58.473+0000] {dag.py:3239} INFO - Sync 1 DAGs
[2026-04-24T15:08:58.479+0000] {logging_mixin.py:190} INFO - [2026-04-24T15:08:58.479+0000] {dag.py:4180} INFO - Setting next_dagrun for example_params_trigger_ui to None, run_after=None
[2026-04-24T15:08:58.487+0000] {processor.py:208} INFO - Processing /home/airflow/.local/lib/python3.12/site-packages/airflow/example_dags/example_params_trigger_ui.py took 0.039 seconds
[2026-04-24T15:24:32.619+0000] {processor.py:186} INFO - Started process (PID=85587) to work on /home/airflow/.local/lib/python3.12/site-packages/airflow/example_dags/example_params_trigger_ui.py
[2026-04-24T15:24:32.619+0000] {processor.py:914} INFO - Processing file /home/airflow/.local/lib/python3.12/site-packages/airflow/example_dags/example_params_trigger_ui.py for tasks to queue
[2026-04-24T15:24:32.620+0000] {logging_mixin.py:190} INFO - [2026-04-24T15:24:32.620+0000] {dagbag.py:588} INFO - Filling up the DagBag from /home/airflow/.local/lib/python3.12/site-packages/airflow/example_dags/example_params_trigger_ui.py
[2026-04-24T15:24:32.625+0000] {processor.py:925} INFO - DAG(s) 'example_params_trigger_ui' retrieved from /home/airflow/.local/lib/python3.12/site-packages/airflow/example_dags/example_params_trigger_ui.py
[2026-04-24T15:24:32.639+0000] {logging_mixin.py:190} INFO - [2026-04-24T15:24:32.639+0000] {dag.py:3239} INFO - Sync 1 DAGs
[2026-04-24T15:24:32.644+0000] {logging_mixin.py:190} INFO - [2026-04-24T15:24:32.644+0000] {dag.py:4180} INFO - Setting next_dagrun for example_params_trigger_ui to None, run_after=None
[2026-04-24T15:24:32.651+0000] {processor.py:208} INFO - Processing /home/airflow/.local/lib/python3.12/site-packages/airflow/example_dags/example_params_trigger_ui.py took 0.034 seconds
[2026-04-24T15:40:06.053+0000] {processor.py:186} INFO - Started process (PID=85651) to work on /home/airflow/.local/lib/python3.12/site-packages/airflow/example_dags/example_params_trigger_ui.py
[2026-04-24T15:40:06.053+0000] {processor.py:914} INFO - Processing file /home/airflow/.local/lib/python3.12/site-packages/airflow/example_dags/example_params_trigger_ui.py for tasks to queue
[2026-04-24T15:40:06.054+0000] {logging_mixin.py:190} INFO - [2026-04-24T15:40:06.054+0000] {dagbag.py:588} INFO - Filling up the DagBag from /home/airflow/.local/lib/python3.12/site-packages/airflow/example_dags/example_params_trigger_ui.py
[2026-04-24T15:40:06.058+0000] {processor.py:925} INFO - DAG(s) 'example_params_trigger_ui' retrieved from /home/airflow/.local/lib/python3.12/site-packages/airflow/example_dags/example_params_trigger_ui.py
[2026-04-24T15:40:06.073+0000] {logging_mixin.py:190} INFO - [2026-04-24T15:40:06.072+0000] {dag.py:3239} INFO - Sync 1 DAGs
[2026-04-24T15:40:06.078+0000] {logging_mixin.py:190} INFO - [2026-04-24T15:40:06.078+0000] {dag.py:4180} INFO - Setting next_dagrun for example_params_trigger_ui to None, run_after=None
[2026-04-24T15:40:06.084+0000] {processor.py:208} INFO - Processing /home/airflow/.local/lib/python3.12/site-packages/airflow/example_dags/example_params_trigger_ui.py took 0.033 seconds
[2026-04-24T15:40:36.114+0000] {processor.py:186} INFO - Started process (PID=85714) to work on /home/airflow/.local/lib/python3.12/site-packages/airflow/example_dags/example_params_trigger_ui.py
[2026-04-24T15:40:36.114+0000] {processor.py:914} INFO - Processing file /home/airflow/.local/lib/python3.12/site-packages/airflow/example_dags/example_params_trigger_ui.py for tasks to queue
[2026-04-24T15:40:36.115+0000] {logging_mixin.py:190} INFO - [2026-04-24T15:40:36.115+0000] {dagbag.py:588} INFO - Filling up the DagBag from /home/airflow/.local/lib/python3.12/site-packages/airflow/example_dags/example_params_trigger_ui.py
[2026-04-24T15:40:36.119+0000] {processor.py:925} INFO - DAG(s) 'example_params_trigger_ui' retrieved from /home/airflow/.local/lib/python3.12/site-packages/airflow/example_dags/example_params_trigger_ui.py
[2026-04-24T15:40:36.131+0000] {logging_mixin.py:190} INFO - [2026-04-24T15:40:36.130+0000] {dag.py:3239} INFO - Sync 1 DAGs
[2026-04-24T15:40:36.135+0000] {logging_mixin.py:190} INFO - [2026-04-24T15:40:36.135+0000] {dag.py:4180} INFO - Setting next_dagrun for example_params_trigger_ui to None, run_after=None
[2026-04-24T15:40:36.140+0000] {processor.py:208} INFO - Processing /home/airflow/.local/lib/python3.12/site-packages/airflow/example_dags/example_params_trigger_ui.py took 0.028 seconds
[2026-04-24T15:53:44.945+0000] {processor.py:186} INFO - Started process (PID=85779) to work on /home/airflow/.local/lib/python3.12/site-packages/airflow/example_dags/example_params_trigger_ui.py
[2026-04-24T15:53:44.945+0000] {processor.py:914} INFO - Processing file /home/airflow/.local/lib/python3.12/site-packages/airflow/example_dags/example_params_trigger_ui.py for tasks to queue
[2026-04-24T15:53:44.946+0000] {logging_mixin.py:190} INFO - [2026-04-24T15:53:44.946+0000] {dagbag.py:588} INFO - Filling up the DagBag from /home/airflow/.local/lib/python3.12/site-packages/airflow/example_dags/example_params_trigger_ui.py
[2026-04-24T15:53:44.951+0000] {processor.py:925} INFO - DAG(s) 'example_params_trigger_ui' retrieved from /home/airflow/.local/lib/python3.12/site-packages/airflow/example_dags/example_params_trigger_ui.py
[2026-04-24T15:53:44.966+0000] {logging_mixin.py:190} INFO - [2026-04-24T15:53:44.966+0000] {dag.py:3239} INFO - Sync 1 DAGs
[2026-04-24T15:53:44.972+0000] {logging_mixin.py:190} INFO - [2026-04-24T15:53:44.972+0000] {dag.py:4180} INFO - Setting next_dagrun for example_params_trigger_ui to None, run_after=None
[2026-04-24T15:53:44.979+0000] {processor.py:208} INFO - Processing /home/airflow/.local/lib/python3.12/site-packages/airflow/example_dags/example_params_trigger_ui.py took 0.037 seconds
[2026-04-24T16:09:20.036+0000] {processor.py:186} INFO - Started process (PID=85843) to work on /home/airflow/.local/lib/python3.12/site-packages/airflow/example_dags/example_params_trigger_ui.py
[2026-04-24T16:09:20.036+0000] {processor.py:914} INFO - Processing file /home/airflow/.local/lib/python3.12/site-packages/airflow/example_dags/example_params_trigger_ui.py for tasks to queue
[2026-04-24T16:09:20.037+0000] {logging_mixin.py:190} INFO - [2026-04-24T16:09:20.037+0000] {dagbag.py:588} INFO - Filling up the DagBag from /home/airflow/.local/lib/python3.12/site-packages/airflow/example_dags/example_params_trigger_ui.py
[2026-04-24T16:09:20.042+0000] {processor.py:925} INFO - DAG(s) 'example_params_trigger_ui' retrieved from /home/airflow/.local/lib/python3.12/site-packages/airflow/example_dags/example_params_trigger_ui.py
[2026-04-24T16:09:20.056+0000] {logging_mixin.py:190} INFO - [2026-04-24T16:09:20.056+0000] {dag.py:3239} INFO - Sync 1 DAGs
[2026-04-24T16:09:20.061+0000] {logging_mixin.py:190} INFO - [2026-04-24T16:09:20.061+0000] {dag.py:4180} INFO - Setting next_dagrun for example_params_trigger_ui to None, run_after=None
[2026-04-24T16:09:20.067+0000] {processor.py:208} INFO - Processing /home/airflow/.local/lib/python3.12/site-packages/airflow/example_dags/example_params_trigger_ui.py took 0.033 seconds
[2026-04-24T16:09:50.391+0000] {processor.py:186} INFO - Started process (PID=85906) to work on /home/airflow/.local/lib/python3.12/site-packages/airflow/example_dags/example_params_trigger_ui.py
[2026-04-24T16:09:50.392+0000] {processor.py:914} INFO - Processing file /home/airflow/.local/lib/python3.12/site-packages/airflow/example_dags/example_params_trigger_ui.py for tasks to queue
[2026-04-24T16:09:50.393+0000] {logging_mixin.py:190} INFO - [2026-04-24T16:09:50.393+0000] {dagbag.py:588} INFO - Filling up the DagBag from /home/airflow/.local/lib/python3.12/site-packages/airflow/example_dags/example_params_trigger_ui.py
[2026-04-24T16:09:50.399+0000] {processor.py:925} INFO - DAG(s) 'example_params_trigger_ui' retrieved from /home/airflow/.local/lib/python3.12/site-packages/airflow/example_dags/example_params_trigger_ui.py
[2026-04-24T16:09:50.415+0000] {logging_mixin.py:190} INFO - [2026-04-24T16:09:50.415+0000] {dag.py:3239} INFO - Sync 1 DAGs
[2026-04-24T16:09:50.422+0000] {logging_mixin.py:190} INFO - [2026-04-24T16:09:50.422+0000] {dag.py:4180} INFO - Setting next_dagrun for example_params_trigger_ui to None, run_after=None
[2026-04-24T16:09:50.435+0000] {processor.py:208} INFO - Processing /home/airflow/.local/lib/python3.12/site-packages/airflow/example_dags/example_params_trigger_ui.py took 0.047 seconds
[2026-04-24T16:25:23.415+0000] {processor.py:186} INFO - Started process (PID=85971) to work on /home/airflow/.local/lib/python3.12/site-packages/airflow/example_dags/example_params_trigger_ui.py
[2026-04-24T16:25:23.415+0000] {processor.py:914} INFO - Processing file /home/airflow/.local/lib/python3.12/site-packages/airflow/example_dags/example_params_trigger_ui.py for tasks to queue
[2026-04-24T16:25:23.416+0000] {logging_mixin.py:190} INFO - [2026-04-24T16:25:23.416+0000] {dagbag.py:588} INFO - Filling up the DagBag from /home/airflow/.local/lib/python3.12/site-packages/airflow/example_dags/example_params_trigger_ui.py
[2026-04-24T16:25:23.421+0000] {processor.py:925} INFO - DAG(s) 'example_params_trigger_ui' retrieved from /home/airflow/.local/lib/python3.12/site-packages/airflow/example_dags/example_params_trigger_ui.py
[2026-04-24T16:25:23.434+0000] {logging_mixin.py:190} INFO - [2026-04-24T16:25:23.434+0000] {dag.py:3239} INFO - Sync 1 DAGs
[2026-04-24T16:25:23.439+0000] {logging_mixin.py:190} INFO - [2026-04-24T16:25:23.439+0000] {dag.py:4180} INFO - Setting next_dagrun for example_params_trigger_ui to None, run_after=None
[2026-04-24T16:25:23.445+0000] {processor.py:208} INFO - Processing /home/airflow/.local/lib/python3.12/site-packages/airflow/example_dags/example_params_trigger_ui.py took 0.032 seconds
[2026-04-24T16:41:01.805+0000] {processor.py:186} INFO - Started process (PID=86035) to work on /home/airflow/.local/lib/python3.12/site-packages/airflow/example_dags/example_params_trigger_ui.py
[2026-04-24T16:41:01.807+0000] {processor.py:914} INFO - Processing file /home/airflow/.local/lib/python3.12/site-packages/airflow/example_dags/example_params_trigger_ui.py for tasks to queue
[2026-04-24T16:41:01.809+0000] {logging_mixin.py:190} INFO - [2026-04-24T16:41:01.809+0000] {dagbag.py:588} INFO - Filling up the DagBag from /home/airflow/.local/lib/python3.12/site-packages/airflow/example_dags/example_params_trigger_ui.py
[2026-04-24T16:41:01.821+0000] {processor.py:925} INFO - DAG(s) 'example_params_trigger_ui' retrieved from /home/airflow/.local/lib/python3.12/site-packages/airflow/example_dags/example_params_trigger_ui.py
[2026-04-24T16:41:01.859+0000] {logging_mixin.py:190} INFO - [2026-04-24T16:41:01.859+0000] {dag.py:3239} INFO - Sync 1 DAGs
[2026-04-24T16:41:01.873+0000] {logging_mixin.py:190} INFO - [2026-04-24T16:41:01.873+0000] {dag.py:4180} INFO - Setting next_dagrun for example_params_trigger_ui to None, run_after=None
[2026-04-24T16:41:01.889+0000] {processor.py:208} INFO - Processing /home/airflow/.local/lib/python3.12/site-packages/airflow/example_dags/example_params_trigger_ui.py took 0.091 seconds
[2026-04-24T16:41:31.928+0000] {processor.py:186} INFO - Started process (PID=86098) to work on /home/airflow/.local/lib/python3.12/site-packages/airflow/example_dags/example_params_trigger_ui.py
[2026-04-24T16:41:31.929+0000] {processor.py:914} INFO - Processing file /home/airflow/.local/lib/python3.12/site-packages/airflow/example_dags/example_params_trigger_ui.py for tasks to queue
[2026-04-24T16:41:31.931+0000] {logging_mixin.py:190} INFO - [2026-04-24T16:41:31.931+0000] {dagbag.py:588} INFO - Filling up the DagBag from /home/airflow/.local/lib/python3.12/site-packages/airflow/example_dags/example_params_trigger_ui.py
[2026-04-24T16:41:31.936+0000] {processor.py:925} INFO - DAG(s) 'example_params_trigger_ui' retrieved from /home/airflow/.local/lib/python3.12/site-packages/airflow/example_dags/example_params_trigger_ui.py
[2026-04-24T16:41:31.951+0000] {logging_mixin.py:190} INFO - [2026-04-24T16:41:31.951+0000] {dag.py:3239} INFO - Sync 1 DAGs
[2026-04-24T16:41:31.956+0000] {logging_mixin.py:190} INFO - [2026-04-24T16:41:31.956+0000] {dag.py:4180} INFO - Setting next_dagrun for example_params_trigger_ui to None, run_after=None
[2026-04-24T16:41:31.961+0000] {processor.py:208} INFO - Processing /home/airflow/.local/lib/python3.12/site-packages/airflow/example_dags/example_params_trigger_ui.py took 0.035 seconds
[2026-04-24T16:54:36.773+0000] {processor.py:186} INFO - Started process (PID=86163) to work on /home/airflow/.local/lib/python3.12/site-packages/airflow/example_dags/example_params_trigger_ui.py
[2026-04-24T16:54:36.773+0000] {processor.py:914} INFO - Processing file /home/airflow/.local/lib/python3.12/site-packages/airflow/example_dags/example_params_trigger_ui.py for tasks to queue
[2026-04-24T16:54:36.774+0000] {logging_mixin.py:190} INFO - [2026-04-24T16:54:36.774+0000] {dagbag.py:588} INFO - Filling up the DagBag from /home/airflow/.local/lib/python3.12/site-packages/airflow/example_dags/example_params_trigger_ui.py
[2026-04-24T16:54:36.780+0000] {processor.py:925} INFO - DAG(s) 'example_params_trigger_ui' retrieved from /home/airflow/.local/lib/python3.12/site-packages/airflow/example_dags/example_params_trigger_ui.py
[2026-04-24T16:54:36.799+0000] {logging_mixin.py:190} INFO - [2026-04-24T16:54:36.799+0000] {dag.py:3239} INFO - Sync 1 DAGs
[2026-04-24T16:54:36.806+0000] {logging_mixin.py:190} INFO - [2026-04-24T16:54:36.805+0000] {dag.py:4180} INFO - Setting next_dagrun for example_params_trigger_ui to None, run_after=None
[2026-04-24T16:54:36.814+0000] {processor.py:208} INFO - Processing /home/airflow/.local/lib/python3.12/site-packages/airflow/example_dags/example_params_trigger_ui.py took 0.047 seconds
[2026-04-24T16:55:07.767+0000] {processor.py:186} INFO - Started process (PID=86227) to work on /home/airflow/.local/lib/python3.12/site-packages/airflow/example_dags/example_params_trigger_ui.py
[2026-04-24T16:55:07.768+0000] {processor.py:914} INFO - Processing file /home/airflow/.local/lib/python3.12/site-packages/airflow/example_dags/example_params_trigger_ui.py for tasks to queue
[2026-04-24T16:55:07.769+0000] {logging_mixin.py:190} INFO - [2026-04-24T16:55:07.768+0000] {dagbag.py:588} INFO - Filling up the DagBag from /home/airflow/.local/lib/python3.12/site-packages/airflow/example_dags/example_params_trigger_ui.py
[2026-04-24T16:55:07.773+0000] {processor.py:925} INFO - DAG(s) 'example_params_trigger_ui' retrieved from /home/airflow/.local/lib/python3.12/site-packages/airflow/example_dags/example_params_trigger_ui.py
[2026-04-24T16:55:07.787+0000] {logging_mixin.py:190} INFO - [2026-04-24T16:55:07.787+0000] {dag.py:3239} INFO - Sync 1 DAGs
[2026-04-24T16:55:07.792+0000] {logging_mixin.py:190} INFO - [2026-04-24T16:55:07.792+0000] {dag.py:4180} INFO - Setting next_dagrun for example_params_trigger_ui to None, run_after=None
[2026-04-24T16:55:07.798+0000] {processor.py:208} INFO - Processing /home/airflow/.local/lib/python3.12/site-packages/airflow/example_dags/example_params_trigger_ui.py took 0.034 seconds
[2026-04-24T17:10:40.889+0000] {processor.py:186} INFO - Started process (PID=86291) to work on /home/airflow/.local/lib/python3.12/site-packages/airflow/example_dags/example_params_trigger_ui.py
[2026-04-24T17:10:40.890+0000] {processor.py:914} INFO - Processing file /home/airflow/.local/lib/python3.12/site-packages/airflow/example_dags/example_params_trigger_ui.py for tasks to queue
[2026-04-24T17:10:40.891+0000] {logging_mixin.py:190} INFO - [2026-04-24T17:10:40.891+0000] {dagbag.py:588} INFO - Filling up the DagBag from /home/airflow/.local/lib/python3.12/site-packages/airflow/example_dags/example_params_trigger_ui.py
[2026-04-24T17:10:40.896+0000] {processor.py:925} INFO - DAG(s) 'example_params_trigger_ui' retrieved from /home/airflow/.local/lib/python3.12/site-packages/airflow/example_dags/example_params_trigger_ui.py
[2026-04-24T17:10:40.910+0000] {logging_mixin.py:190} INFO - [2026-04-24T17:10:40.910+0000] {dag.py:3239} INFO - Sync 1 DAGs
[2026-04-24T17:10:40.916+0000] {logging_mixin.py:190} INFO - [2026-04-24T17:10:40.916+0000] {dag.py:4180} INFO - Setting next_dagrun for example_params_trigger_ui to None, run_after=None
[2026-04-24T17:10:40.923+0000] {processor.py:208} INFO - Processing /home/airflow/.local/lib/python3.12/site-packages/airflow/example_dags/example_params_trigger_ui.py took 0.036 seconds
[2026-04-24T17:26:14.739+0000] {processor.py:186} INFO - Started process (PID=86355) to work on /home/airflow/.local/lib/python3.12/site-packages/airflow/example_dags/example_params_trigger_ui.py
[2026-04-24T17:26:14.739+0000] {processor.py:914} INFO - Processing file /home/airflow/.local/lib/python3.12/site-packages/airflow/example_dags/example_params_trigger_ui.py for tasks to queue
[2026-04-24T17:26:14.741+0000] {logging_mixin.py:190} INFO - [2026-04-24T17:26:14.741+0000] {dagbag.py:588} INFO - Filling up the DagBag from /home/airflow/.local/lib/python3.12/site-packages/airflow/example_dags/example_params_trigger_ui.py
[2026-04-24T17:26:14.747+0000] {processor.py:925} INFO - DAG(s) 'example_params_trigger_ui' retrieved from /home/airflow/.local/lib/python3.12/site-packages/airflow/example_dags/example_params_trigger_ui.py
[2026-04-24T17:26:14.767+0000] {logging_mixin.py:190} INFO - [2026-04-24T17:26:14.767+0000] {dag.py:3239} INFO - Sync 1 DAGs
[2026-04-24T17:26:14.774+0000] {logging_mixin.py:190} INFO - [2026-04-24T17:26:14.774+0000] {dag.py:4180} INFO - Setting next_dagrun for example_params_trigger_ui to None, run_after=None
[2026-04-24T17:26:14.782+0000] {processor.py:208} INFO - Processing /home/airflow/.local/lib/python3.12/site-packages/airflow/example_dags/example_params_trigger_ui.py took 0.046 seconds
[2026-04-24T17:26:45.547+0000] {processor.py:186} INFO - Started process (PID=86419) to work on /home/airflow/.local/lib/python3.12/site-packages/airflow/example_dags/example_params_trigger_ui.py
[2026-04-24T17:26:45.547+0000] {processor.py:914} INFO - Processing file /home/airflow/.local/lib/python3.12/site-packages/airflow/example_dags/example_params_trigger_ui.py for tasks to queue
[2026-04-24T17:26:45.548+0000] {logging_mixin.py:190} INFO - [2026-04-24T17:26:45.548+0000] {dagbag.py:588} INFO - Filling up the DagBag from /home/airflow/.local/lib/python3.12/site-packages/airflow/example_dags/example_params_trigger_ui.py
[2026-04-24T17:26:45.553+0000] {processor.py:925} INFO - DAG(s) 'example_params_trigger_ui' retrieved from /home/airflow/.local/lib/python3.12/site-packages/airflow/example_dags/example_params_trigger_ui.py
[2026-04-24T17:26:45.566+0000] {logging_mixin.py:190} INFO - [2026-04-24T17:26:45.566+0000] {dag.py:3239} INFO - Sync 1 DAGs
[2026-04-24T17:26:45.571+0000] {logging_mixin.py:190} INFO - [2026-04-24T17:26:45.570+0000] {dag.py:4180} INFO - Setting next_dagrun for example_params_trigger_ui to None, run_after=None
[2026-04-24T17:26:45.576+0000] {processor.py:208} INFO - Processing /home/airflow/.local/lib/python3.12/site-packages/airflow/example_dags/example_params_trigger_ui.py took 0.032 seconds
[2026-04-24T17:34:32.995+0000] {processor.py:186} INFO - Started process (PID=86483) to work on /home/airflow/.local/lib/python3.12/site-packages/airflow/example_dags/example_params_trigger_ui.py
[2026-04-24T17:34:32.996+0000] {processor.py:914} INFO - Processing file /home/airflow/.local/lib/python3.12/site-packages/airflow/example_dags/example_params_trigger_ui.py for tasks to queue
[2026-04-24T17:34:32.997+0000] {logging_mixin.py:190} INFO - [2026-04-24T17:34:32.996+0000] {dagbag.py:588} INFO - Filling up the DagBag from /home/airflow/.local/lib/python3.12/site-packages/airflow/example_dags/example_params_trigger_ui.py
[2026-04-24T17:34:33.001+0000] {processor.py:925} INFO - DAG(s) 'example_params_trigger_ui' retrieved from /home/airflow/.local/lib/python3.12/site-packages/airflow/example_dags/example_params_trigger_ui.py
[2026-04-24T17:34:33.015+0000] {logging_mixin.py:190} INFO - [2026-04-24T17:34:33.015+0000] {dag.py:3239} INFO - Sync 1 DAGs
[2026-04-24T17:34:33.020+0000] {logging_mixin.py:190} INFO - [2026-04-24T17:34:33.020+0000] {dag.py:4180} INFO - Setting next_dagrun for example_params_trigger_ui to None, run_after=None
[2026-04-24T17:34:33.026+0000] {processor.py:208} INFO - Processing /home/airflow/.local/lib/python3.12/site-packages/airflow/example_dags/example_params_trigger_ui.py took 0.033 seconds
[2026-04-24T17:50:07.810+0000] {processor.py:186} INFO - Started process (PID=86547) to work on /home/airflow/.local/lib/python3.12/site-packages/airflow/example_dags/example_params_trigger_ui.py
[2026-04-24T17:50:07.810+0000] {processor.py:914} INFO - Processing file /home/airflow/.local/lib/python3.12/site-packages/airflow/example_dags/example_params_trigger_ui.py for tasks to queue
[2026-04-24T17:50:07.812+0000] {logging_mixin.py:190} INFO - [2026-04-24T17:50:07.811+0000] {dagbag.py:588} INFO - Filling up the DagBag from /home/airflow/.local/lib/python3.12/site-packages/airflow/example_dags/example_params_trigger_ui.py
[2026-04-24T17:50:07.818+0000] {processor.py:925} INFO - DAG(s) 'example_params_trigger_ui' retrieved from /home/airflow/.local/lib/python3.12/site-packages/airflow/example_dags/example_params_trigger_ui.py
[2026-04-24T17:50:07.840+0000] {logging_mixin.py:190} INFO - [2026-04-24T17:50:07.839+0000] {dag.py:3239} INFO - Sync 1 DAGs
[2026-04-24T17:50:07.847+0000] {logging_mixin.py:190} INFO - [2026-04-24T17:50:07.847+0000] {dag.py:4180} INFO - Setting next_dagrun for example_params_trigger_ui to None, run_after=None
[2026-04-24T17:50:07.856+0000] {processor.py:208} INFO - Processing /home/airflow/.local/lib/python3.12/site-packages/airflow/example_dags/example_params_trigger_ui.py took 0.049 seconds
[2026-04-24T17:50:38.431+0000] {processor.py:186} INFO - Started process (PID=86611) to work on /home/airflow/.local/lib/python3.12/site-packages/airflow/example_dags/example_params_trigger_ui.py
[2026-04-24T17:50:38.431+0000] {processor.py:914} INFO - Processing file /home/airflow/.local/lib/python3.12/site-packages/airflow/example_dags/example_params_trigger_ui.py for tasks to queue
[2026-04-24T17:50:38.432+0000] {logging_mixin.py:190} INFO - [2026-04-24T17:50:38.432+0000] {dagbag.py:588} INFO - Filling up the DagBag from /home/airflow/.local/lib/python3.12/site-packages/airflow/example_dags/example_params_trigger_ui.py
[2026-04-24T17:50:38.436+0000] {processor.py:925} INFO - DAG(s) 'example_params_trigger_ui' retrieved from /home/airflow/.local/lib/python3.12/site-packages/airflow/example_dags/example_params_trigger_ui.py
[2026-04-24T17:50:38.449+0000] {logging_mixin.py:190} INFO - [2026-04-24T17:50:38.449+0000] {dag.py:3239} INFO - Sync 1 DAGs
[2026-04-24T17:50:38.454+0000] {logging_mixin.py:190} INFO - [2026-04-24T17:50:38.454+0000] {dag.py:4180} INFO - Setting next_dagrun for example_params_trigger_ui to None, run_after=None
[2026-04-24T17:50:38.459+0000] {processor.py:208} INFO - Processing /home/airflow/.local/lib/python3.12/site-packages/airflow/example_dags/example_params_trigger_ui.py took 0.031 seconds
[2026-04-24T17:55:41.919+0000] {processor.py:186} INFO - Started process (PID=86675) to work on /home/airflow/.local/lib/python3.12/site-packages/airflow/example_dags/example_params_trigger_ui.py
[2026-04-24T17:55:41.919+0000] {processor.py:914} INFO - Processing file /home/airflow/.local/lib/python3.12/site-packages/airflow/example_dags/example_params_trigger_ui.py for tasks to queue
[2026-04-24T17:55:41.920+0000] {logging_mixin.py:190} INFO - [2026-04-24T17:55:41.920+0000] {dagbag.py:588} INFO - Filling up the DagBag from /home/airflow/.local/lib/python3.12/site-packages/airflow/example_dags/example_params_trigger_ui.py
[2026-04-24T17:55:41.925+0000] {processor.py:925} INFO - DAG(s) 'example_params_trigger_ui' retrieved from /home/airflow/.local/lib/python3.12/site-packages/airflow/example_dags/example_params_trigger_ui.py
[2026-04-24T17:55:41.939+0000] {logging_mixin.py:190} INFO - [2026-04-24T17:55:41.939+0000] {dag.py:3239} INFO - Sync 1 DAGs
[2026-04-24T17:55:41.944+0000] {logging_mixin.py:190} INFO - [2026-04-24T17:55:41.944+0000] {dag.py:4180} INFO - Setting next_dagrun for example_params_trigger_ui to None, run_after=None
[2026-04-24T17:55:41.950+0000] {processor.py:208} INFO - Processing /home/airflow/.local/lib/python3.12/site-packages/airflow/example_dags/example_params_trigger_ui.py took 0.034 seconds
[2026-04-24T18:04:30.750+0000] {processor.py:186} INFO - Started process (PID=86739) to work on /home/airflow/.local/lib/python3.12/site-packages/airflow/example_dags/example_params_trigger_ui.py
[2026-04-24T18:04:30.751+0000] {processor.py:914} INFO - Processing file /home/airflow/.local/lib/python3.12/site-packages/airflow/example_dags/example_params_trigger_ui.py for tasks to queue
[2026-04-24T18:04:30.754+0000] {logging_mixin.py:190} INFO - [2026-04-24T18:04:30.753+0000] {dagbag.py:588} INFO - Filling up the DagBag from /home/airflow/.local/lib/python3.12/site-packages/airflow/example_dags/example_params_trigger_ui.py
[2026-04-24T18:04:30.764+0000] {processor.py:925} INFO - DAG(s) 'example_params_trigger_ui' retrieved from /home/airflow/.local/lib/python3.12/site-packages/airflow/example_dags/example_params_trigger_ui.py
[2026-04-24T18:04:30.795+0000] {logging_mixin.py:190} INFO - [2026-04-24T18:04:30.795+0000] {dag.py:3239} INFO - Sync 1 DAGs
[2026-04-24T18:04:30.807+0000] {logging_mixin.py:190} INFO - [2026-04-24T18:04:30.807+0000] {dag.py:4180} INFO - Setting next_dagrun for example_params_trigger_ui to None, run_after=None
[2026-04-24T18:04:30.820+0000] {processor.py:208} INFO - Processing /home/airflow/.local/lib/python3.12/site-packages/airflow/example_dags/example_params_trigger_ui.py took 0.076 seconds
[2026-04-24T18:05:00.927+0000] {processor.py:186} INFO - Started process (PID=86802) to work on /home/airflow/.local/lib/python3.12/site-packages/airflow/example_dags/example_params_trigger_ui.py
[2026-04-24T18:05:00.928+0000] {processor.py:914} INFO - Processing file /home/airflow/.local/lib/python3.12/site-packages/airflow/example_dags/example_params_trigger_ui.py for tasks to queue
[2026-04-24T18:05:00.929+0000] {logging_mixin.py:190} INFO - [2026-04-24T18:05:00.929+0000] {dagbag.py:588} INFO - Filling up the DagBag from /home/airflow/.local/lib/python3.12/site-packages/airflow/example_dags/example_params_trigger_ui.py
[2026-04-24T18:05:00.934+0000] {processor.py:925} INFO - DAG(s) 'example_params_trigger_ui' retrieved from /home/airflow/.local/lib/python3.12/site-packages/airflow/example_dags/example_params_trigger_ui.py
[2026-04-24T18:05:00.951+0000] {logging_mixin.py:190} INFO - [2026-04-24T18:05:00.951+0000] {dag.py:3239} INFO - Sync 1 DAGs
[2026-04-24T18:05:00.957+0000] {logging_mixin.py:190} INFO - [2026-04-24T18:05:00.957+0000] {dag.py:4180} INFO - Setting next_dagrun for example_params_trigger_ui to None, run_after=None
[2026-04-24T18:05:00.964+0000] {processor.py:208} INFO - Processing /home/airflow/.local/lib/python3.12/site-packages/airflow/example_dags/example_params_trigger_ui.py took 0.038 seconds
[2026-04-24T18:20:34.611+0000] {processor.py:186} INFO - Started process (PID=86867) to work on /home/airflow/.local/lib/python3.12/site-packages/airflow/example_dags/example_params_trigger_ui.py
[2026-04-24T18:20:34.612+0000] {processor.py:914} INFO - Processing file /home/airflow/.local/lib/python3.12/site-packages/airflow/example_dags/example_params_trigger_ui.py for tasks to queue
[2026-04-24T18:20:34.613+0000] {logging_mixin.py:190} INFO - [2026-04-24T18:20:34.613+0000] {dagbag.py:588} INFO - Filling up the DagBag from /home/airflow/.local/lib/python3.12/site-packages/airflow/example_dags/example_params_trigger_ui.py
[2026-04-24T18:20:34.619+0000] {processor.py:925} INFO - DAG(s) 'example_params_trigger_ui' retrieved from /home/airflow/.local/lib/python3.12/site-packages/airflow/example_dags/example_params_trigger_ui.py
[2026-04-24T18:20:34.639+0000] {logging_mixin.py:190} INFO - [2026-04-24T18:20:34.639+0000] {dag.py:3239} INFO - Sync 1 DAGs
[2026-04-24T18:20:34.646+0000] {logging_mixin.py:190} INFO - [2026-04-24T18:20:34.646+0000] {dag.py:4180} INFO - Setting next_dagrun for example_params_trigger_ui to None, run_after=None
[2026-04-24T18:20:34.654+0000] {processor.py:208} INFO - Processing /home/airflow/.local/lib/python3.12/site-packages/airflow/example_dags/example_params_trigger_ui.py took 0.047 seconds
[2026-04-24T18:21:05.691+0000] {processor.py:186} INFO - Started process (PID=86931) to work on /home/airflow/.local/lib/python3.12/site-packages/airflow/example_dags/example_params_trigger_ui.py
[2026-04-24T18:21:05.692+0000] {processor.py:914} INFO - Processing file /home/airflow/.local/lib/python3.12/site-packages/airflow/example_dags/example_params_trigger_ui.py for tasks to queue
[2026-04-24T18:21:05.693+0000] {logging_mixin.py:190} INFO - [2026-04-24T18:21:05.693+0000] {dagbag.py:588} INFO - Filling up the DagBag from /home/airflow/.local/lib/python3.12/site-packages/airflow/example_dags/example_params_trigger_ui.py
[2026-04-24T18:21:05.698+0000] {processor.py:925} INFO - DAG(s) 'example_params_trigger_ui' retrieved from /home/airflow/.local/lib/python3.12/site-packages/airflow/example_dags/example_params_trigger_ui.py
[2026-04-24T18:21:05.713+0000] {logging_mixin.py:190} INFO - [2026-04-24T18:21:05.713+0000] {dag.py:3239} INFO - Sync 1 DAGs
[2026-04-24T18:21:05.719+0000] {logging_mixin.py:190} INFO - [2026-04-24T18:21:05.719+0000] {dag.py:4180} INFO - Setting next_dagrun for example_params_trigger_ui to None, run_after=None
[2026-04-24T18:21:05.727+0000] {processor.py:208} INFO - Processing /home/airflow/.local/lib/python3.12/site-packages/airflow/example_dags/example_params_trigger_ui.py took 0.038 seconds
[2026-04-24T18:36:39.182+0000] {processor.py:186} INFO - Started process (PID=86995) to work on /home/airflow/.local/lib/python3.12/site-packages/airflow/example_dags/example_params_trigger_ui.py
[2026-04-24T18:36:39.182+0000] {processor.py:914} INFO - Processing file /home/airflow/.local/lib/python3.12/site-packages/airflow/example_dags/example_params_trigger_ui.py for tasks to queue
[2026-04-24T18:36:39.183+0000] {logging_mixin.py:190} INFO - [2026-04-24T18:36:39.183+0000] {dagbag.py:588} INFO - Filling up the DagBag from /home/airflow/.local/lib/python3.12/site-packages/airflow/example_dags/example_params_trigger_ui.py
[2026-04-24T18:36:39.187+0000] {processor.py:925} INFO - DAG(s) 'example_params_trigger_ui' retrieved from /home/airflow/.local/lib/python3.12/site-packages/airflow/example_dags/example_params_trigger_ui.py
[2026-04-24T18:36:39.200+0000] {logging_mixin.py:190} INFO - [2026-04-24T18:36:39.200+0000] {dag.py:3239} INFO - Sync 1 DAGs
[2026-04-24T18:36:39.205+0000] {logging_mixin.py:190} INFO - [2026-04-24T18:36:39.205+0000] {dag.py:4180} INFO - Setting next_dagrun for example_params_trigger_ui to None, run_after=None
[2026-04-24T18:36:39.210+0000] {processor.py:208} INFO - Processing /home/airflow/.local/lib/python3.12/site-packages/airflow/example_dags/example_params_trigger_ui.py took 0.030 seconds
[2026-04-24T18:52:14.192+0000] {processor.py:186} INFO - Started process (PID=87059) to work on /home/airflow/.local/lib/python3.12/site-packages/airflow/example_dags/example_params_trigger_ui.py
[2026-04-24T18:52:14.195+0000] {processor.py:914} INFO - Processing file /home/airflow/.local/lib/python3.12/site-packages/airflow/example_dags/example_params_trigger_ui.py for tasks to queue
[2026-04-24T18:52:14.199+0000] {logging_mixin.py:190} INFO - [2026-04-24T18:52:14.199+0000] {dagbag.py:588} INFO - Filling up the DagBag from /home/airflow/.local/lib/python3.12/site-packages/airflow/example_dags/example_params_trigger_ui.py
[2026-04-24T18:52:14.217+0000] {processor.py:925} INFO - DAG(s) 'example_params_trigger_ui' retrieved from /home/airflow/.local/lib/python3.12/site-packages/airflow/example_dags/example_params_trigger_ui.py
[2026-04-24T18:52:14.284+0000] {logging_mixin.py:190} INFO - [2026-04-24T18:52:14.283+0000] {dag.py:3239} INFO - Sync 1 DAGs
[2026-04-24T18:52:14.306+0000] {logging_mixin.py:190} INFO - [2026-04-24T18:52:14.306+0000] {dag.py:4180} INFO - Setting next_dagrun for example_params_trigger_ui to None, run_after=None
[2026-04-24T18:52:14.338+0000] {processor.py:208} INFO - Processing /home/airflow/.local/lib/python3.12/site-packages/airflow/example_dags/example_params_trigger_ui.py took 0.154 seconds
[2026-04-24T18:52:44.398+0000] {processor.py:186} INFO - Started process (PID=87122) to work on /home/airflow/.local/lib/python3.12/site-packages/airflow/example_dags/example_params_trigger_ui.py
[2026-04-24T18:52:44.399+0000] {processor.py:914} INFO - Processing file /home/airflow/.local/lib/python3.12/site-packages/airflow/example_dags/example_params_trigger_ui.py for tasks to queue
[2026-04-24T18:52:44.401+0000] {logging_mixin.py:190} INFO - [2026-04-24T18:52:44.401+0000] {dagbag.py:588} INFO - Filling up the DagBag from /home/airflow/.local/lib/python3.12/site-packages/airflow/example_dags/example_params_trigger_ui.py
[2026-04-24T18:52:44.407+0000] {processor.py:925} INFO - DAG(s) 'example_params_trigger_ui' retrieved from /home/airflow/.local/lib/python3.12/site-packages/airflow/example_dags/example_params_trigger_ui.py
[2026-04-24T18:52:44.424+0000] {logging_mixin.py:190} INFO - [2026-04-24T18:52:44.424+0000] {dag.py:3239} INFO - Sync 1 DAGs
[2026-04-24T18:52:44.429+0000] {logging_mixin.py:190} INFO - [2026-04-24T18:52:44.429+0000] {dag.py:4180} INFO - Setting next_dagrun for example_params_trigger_ui to None, run_after=None
[2026-04-24T18:52:44.436+0000] {processor.py:208} INFO - Processing /home/airflow/.local/lib/python3.12/site-packages/airflow/example_dags/example_params_trigger_ui.py took 0.042 seconds
[2026-04-24T18:56:46.085+0000] {processor.py:186} INFO - Started process (PID=87186) to work on /home/airflow/.local/lib/python3.12/site-packages/airflow/example_dags/example_params_trigger_ui.py
[2026-04-24T18:56:46.085+0000] {processor.py:914} INFO - Processing file /home/airflow/.local/lib/python3.12/site-packages/airflow/example_dags/example_params_trigger_ui.py for tasks to queue
[2026-04-24T18:56:46.086+0000] {logging_mixin.py:190} INFO - [2026-04-24T18:56:46.086+0000] {dagbag.py:588} INFO - Filling up the DagBag from /home/airflow/.local/lib/python3.12/site-packages/airflow/example_dags/example_params_trigger_ui.py
[2026-04-24T18:56:46.091+0000] {processor.py:925} INFO - DAG(s) 'example_params_trigger_ui' retrieved from /home/airflow/.local/lib/python3.12/site-packages/airflow/example_dags/example_params_trigger_ui.py
[2026-04-24T18:56:46.104+0000] {logging_mixin.py:190} INFO - [2026-04-24T18:56:46.104+0000] {dag.py:3239} INFO - Sync 1 DAGs
[2026-04-24T18:56:46.109+0000] {logging_mixin.py:190} INFO - [2026-04-24T18:56:46.109+0000] {dag.py:4180} INFO - Setting next_dagrun for example_params_trigger_ui to None, run_after=None
[2026-04-24T18:56:46.114+0000] {processor.py:208} INFO - Processing /home/airflow/.local/lib/python3.12/site-packages/airflow/example_dags/example_params_trigger_ui.py took 0.032 seconds
[2026-04-24T19:12:21.633+0000] {processor.py:186} INFO - Started process (PID=87250) to work on /home/airflow/.local/lib/python3.12/site-packages/airflow/example_dags/example_params_trigger_ui.py
[2026-04-24T19:12:21.634+0000] {processor.py:914} INFO - Processing file /home/airflow/.local/lib/python3.12/site-packages/airflow/example_dags/example_params_trigger_ui.py for tasks to queue
[2026-04-24T19:12:21.635+0000] {logging_mixin.py:190} INFO - [2026-04-24T19:12:21.635+0000] {dagbag.py:588} INFO - Filling up the DagBag from /home/airflow/.local/lib/python3.12/site-packages/airflow/example_dags/example_params_trigger_ui.py
[2026-04-24T19:12:21.639+0000] {processor.py:925} INFO - DAG(s) 'example_params_trigger_ui' retrieved from /home/airflow/.local/lib/python3.12/site-packages/airflow/example_dags/example_params_trigger_ui.py
[2026-04-24T19:12:21.654+0000] {logging_mixin.py:190} INFO - [2026-04-24T19:12:21.654+0000] {dag.py:3239} INFO - Sync 1 DAGs
[2026-04-24T19:12:21.659+0000] {logging_mixin.py:190} INFO - [2026-04-24T19:12:21.659+0000] {dag.py:4180} INFO - Setting next_dagrun for example_params_trigger_ui to None, run_after=None
[2026-04-24T19:12:21.668+0000] {processor.py:208} INFO - Processing /home/airflow/.local/lib/python3.12/site-packages/airflow/example_dags/example_params_trigger_ui.py took 0.037 seconds
[2026-04-24T19:12:52.110+0000] {processor.py:186} INFO - Started process (PID=87314) to work on /home/airflow/.local/lib/python3.12/site-packages/airflow/example_dags/example_params_trigger_ui.py
[2026-04-24T19:12:52.111+0000] {processor.py:914} INFO - Processing file /home/airflow/.local/lib/python3.12/site-packages/airflow/example_dags/example_params_trigger_ui.py for tasks to queue
[2026-04-24T19:12:52.112+0000] {logging_mixin.py:190} INFO - [2026-04-24T19:12:52.112+0000] {dagbag.py:588} INFO - Filling up the DagBag from /home/airflow/.local/lib/python3.12/site-packages/airflow/example_dags/example_params_trigger_ui.py
[2026-04-24T19:12:52.116+0000] {processor.py:925} INFO - DAG(s) 'example_params_trigger_ui' retrieved from /home/airflow/.local/lib/python3.12/site-packages/airflow/example_dags/example_params_trigger_ui.py
[2026-04-24T19:12:52.129+0000] {logging_mixin.py:190} INFO - [2026-04-24T19:12:52.129+0000] {dag.py:3239} INFO - Sync 1 DAGs
[2026-04-24T19:12:52.135+0000] {logging_mixin.py:190} INFO - [2026-04-24T19:12:52.135+0000] {dag.py:4180} INFO - Setting next_dagrun for example_params_trigger_ui to None, run_after=None
[2026-04-24T19:12:52.143+0000] {processor.py:208} INFO - Processing /home/airflow/.local/lib/python3.12/site-packages/airflow/example_dags/example_params_trigger_ui.py took 0.035 seconds
[2026-04-24T19:28:26.409+0000] {processor.py:186} INFO - Started process (PID=87378) to work on /home/airflow/.local/lib/python3.12/site-packages/airflow/example_dags/example_params_trigger_ui.py
[2026-04-24T19:28:26.409+0000] {processor.py:914} INFO - Processing file /home/airflow/.local/lib/python3.12/site-packages/airflow/example_dags/example_params_trigger_ui.py for tasks to queue
[2026-04-24T19:28:26.410+0000] {logging_mixin.py:190} INFO - [2026-04-24T19:28:26.410+0000] {dagbag.py:588} INFO - Filling up the DagBag from /home/airflow/.local/lib/python3.12/site-packages/airflow/example_dags/example_params_trigger_ui.py
[2026-04-24T19:28:26.415+0000] {processor.py:925} INFO - DAG(s) 'example_params_trigger_ui' retrieved from /home/airflow/.local/lib/python3.12/site-packages/airflow/example_dags/example_params_trigger_ui.py
[2026-04-24T19:28:26.434+0000] {logging_mixin.py:190} INFO - [2026-04-24T19:28:26.434+0000] {dag.py:3239} INFO - Sync 1 DAGs
[2026-04-24T19:28:26.440+0000] {logging_mixin.py:190} INFO - [2026-04-24T19:28:26.440+0000] {dag.py:4180} INFO - Setting next_dagrun for example_params_trigger_ui to None, run_after=None
[2026-04-24T19:28:26.447+0000] {processor.py:208} INFO - Processing /home/airflow/.local/lib/python3.12/site-packages/airflow/example_dags/example_params_trigger_ui.py took 0.040 seconds
[2026-04-24T19:44:00.909+0000] {processor.py:186} INFO - Started process (PID=87442) to work on /home/airflow/.local/lib/python3.12/site-packages/airflow/example_dags/example_params_trigger_ui.py
[2026-04-24T19:44:00.910+0000] {processor.py:914} INFO - Processing file /home/airflow/.local/lib/python3.12/site-packages/airflow/example_dags/example_params_trigger_ui.py for tasks to queue
[2026-04-24T19:44:00.911+0000] {logging_mixin.py:190} INFO - [2026-04-24T19:44:00.910+0000] {dagbag.py:588} INFO - Filling up the DagBag from /home/airflow/.local/lib/python3.12/site-packages/airflow/example_dags/example_params_trigger_ui.py
[2026-04-24T19:44:00.916+0000] {processor.py:925} INFO - DAG(s) 'example_params_trigger_ui' retrieved from /home/airflow/.local/lib/python3.12/site-packages/airflow/example_dags/example_params_trigger_ui.py
[2026-04-24T19:44:00.932+0000] {logging_mixin.py:190} INFO - [2026-04-24T19:44:00.932+0000] {dag.py:3239} INFO - Sync 1 DAGs
[2026-04-24T19:44:00.939+0000] {logging_mixin.py:190} INFO - [2026-04-24T19:44:00.938+0000] {dag.py:4180} INFO - Setting next_dagrun for example_params_trigger_ui to None, run_after=None
[2026-04-24T19:44:00.946+0000] {processor.py:208} INFO - Processing /home/airflow/.local/lib/python3.12/site-packages/airflow/example_dags/example_params_trigger_ui.py took 0.040 seconds
[2026-04-24T19:44:31.199+0000] {processor.py:186} INFO - Started process (PID=87505) to work on /home/airflow/.local/lib/python3.12/site-packages/airflow/example_dags/example_params_trigger_ui.py
[2026-04-24T19:44:31.199+0000] {processor.py:914} INFO - Processing file /home/airflow/.local/lib/python3.12/site-packages/airflow/example_dags/example_params_trigger_ui.py for tasks to queue
[2026-04-24T19:44:31.200+0000] {logging_mixin.py:190} INFO - [2026-04-24T19:44:31.200+0000] {dagbag.py:588} INFO - Filling up the DagBag from /home/airflow/.local/lib/python3.12/site-packages/airflow/example_dags/example_params_trigger_ui.py
[2026-04-24T19:44:31.203+0000] {processor.py:925} INFO - DAG(s) 'example_params_trigger_ui' retrieved from /home/airflow/.local/lib/python3.12/site-packages/airflow/example_dags/example_params_trigger_ui.py
[2026-04-24T19:44:31.215+0000] {logging_mixin.py:190} INFO - [2026-04-24T19:44:31.215+0000] {dag.py:3239} INFO - Sync 1 DAGs
[2026-04-24T19:44:31.220+0000] {logging_mixin.py:190} INFO - [2026-04-24T19:44:31.219+0000] {dag.py:4180} INFO - Setting next_dagrun for example_params_trigger_ui to None, run_after=None
[2026-04-24T19:44:31.224+0000] {processor.py:208} INFO - Processing /home/airflow/.local/lib/python3.12/site-packages/airflow/example_dags/example_params_trigger_ui.py took 0.027 seconds
[2026-04-24T20:00:05.557+0000] {processor.py:186} INFO - Started process (PID=87570) to work on /home/airflow/.local/lib/python3.12/site-packages/airflow/example_dags/example_params_trigger_ui.py
[2026-04-24T20:00:05.558+0000] {processor.py:914} INFO - Processing file /home/airflow/.local/lib/python3.12/site-packages/airflow/example_dags/example_params_trigger_ui.py for tasks to queue
[2026-04-24T20:00:05.559+0000] {logging_mixin.py:190} INFO - [2026-04-24T20:00:05.558+0000] {dagbag.py:588} INFO - Filling up the DagBag from /home/airflow/.local/lib/python3.12/site-packages/airflow/example_dags/example_params_trigger_ui.py
[2026-04-24T20:00:05.564+0000] {processor.py:925} INFO - DAG(s) 'example_params_trigger_ui' retrieved from /home/airflow/.local/lib/python3.12/site-packages/airflow/example_dags/example_params_trigger_ui.py
[2026-04-24T20:00:05.578+0000] {logging_mixin.py:190} INFO - [2026-04-24T20:00:05.578+0000] {dag.py:3239} INFO - Sync 1 DAGs
[2026-04-24T20:00:05.583+0000] {logging_mixin.py:190} INFO - [2026-04-24T20:00:05.583+0000] {dag.py:4180} INFO - Setting next_dagrun for example_params_trigger_ui to None, run_after=None
[2026-04-24T20:00:05.589+0000] {processor.py:208} INFO - Processing /home/airflow/.local/lib/python3.12/site-packages/airflow/example_dags/example_params_trigger_ui.py took 0.034 seconds
[2026-04-24T20:00:36.296+0000] {processor.py:186} INFO - Started process (PID=87634) to work on /home/airflow/.local/lib/python3.12/site-packages/airflow/example_dags/example_params_trigger_ui.py
[2026-04-24T20:00:36.296+0000] {processor.py:914} INFO - Processing file /home/airflow/.local/lib/python3.12/site-packages/airflow/example_dags/example_params_trigger_ui.py for tasks to queue
[2026-04-24T20:00:36.297+0000] {logging_mixin.py:190} INFO - [2026-04-24T20:00:36.297+0000] {dagbag.py:588} INFO - Filling up the DagBag from /home/airflow/.local/lib/python3.12/site-packages/airflow/example_dags/example_params_trigger_ui.py
[2026-04-24T20:00:36.303+0000] {processor.py:925} INFO - DAG(s) 'example_params_trigger_ui' retrieved from /home/airflow/.local/lib/python3.12/site-packages/airflow/example_dags/example_params_trigger_ui.py
[2026-04-24T20:00:36.326+0000] {logging_mixin.py:190} INFO - [2026-04-24T20:00:36.325+0000] {dag.py:3239} INFO - Sync 1 DAGs
[2026-04-24T20:00:36.333+0000] {logging_mixin.py:190} INFO - [2026-04-24T20:00:36.333+0000] {dag.py:4180} INFO - Setting next_dagrun for example_params_trigger_ui to None, run_after=None
[2026-04-24T20:00:36.342+0000] {processor.py:208} INFO - Processing /home/airflow/.local/lib/python3.12/site-packages/airflow/example_dags/example_params_trigger_ui.py took 0.051 seconds
[2026-04-24T20:16:09.109+0000] {processor.py:186} INFO - Started process (PID=87698) to work on /home/airflow/.local/lib/python3.12/site-packages/airflow/example_dags/example_params_trigger_ui.py
[2026-04-24T20:16:09.109+0000] {processor.py:914} INFO - Processing file /home/airflow/.local/lib/python3.12/site-packages/airflow/example_dags/example_params_trigger_ui.py for tasks to queue
[2026-04-24T20:16:09.110+0000] {logging_mixin.py:190} INFO - [2026-04-24T20:16:09.110+0000] {dagbag.py:588} INFO - Filling up the DagBag from /home/airflow/.local/lib/python3.12/site-packages/airflow/example_dags/example_params_trigger_ui.py
[2026-04-24T20:16:09.116+0000] {processor.py:925} INFO - DAG(s) 'example_params_trigger_ui' retrieved from /home/airflow/.local/lib/python3.12/site-packages/airflow/example_dags/example_params_trigger_ui.py
[2026-04-24T20:16:09.132+0000] {logging_mixin.py:190} INFO - [2026-04-24T20:16:09.132+0000] {dag.py:3239} INFO - Sync 1 DAGs
[2026-04-24T20:16:09.138+0000] {logging_mixin.py:190} INFO - [2026-04-24T20:16:09.138+0000] {dag.py:4180} INFO - Setting next_dagrun for example_params_trigger_ui to None, run_after=None
[2026-04-24T20:16:09.146+0000] {processor.py:208} INFO - Processing /home/airflow/.local/lib/python3.12/site-packages/airflow/example_dags/example_params_trigger_ui.py took 0.039 seconds
[2026-04-24T20:31:41.762+0000] {processor.py:186} INFO - Started process (PID=87762) to work on /home/airflow/.local/lib/python3.12/site-packages/airflow/example_dags/example_params_trigger_ui.py
[2026-04-24T20:31:41.763+0000] {processor.py:914} INFO - Processing file /home/airflow/.local/lib/python3.12/site-packages/airflow/example_dags/example_params_trigger_ui.py for tasks to queue
[2026-04-24T20:31:41.764+0000] {logging_mixin.py:190} INFO - [2026-04-24T20:31:41.764+0000] {dagbag.py:588} INFO - Filling up the DagBag from /home/airflow/.local/lib/python3.12/site-packages/airflow/example_dags/example_params_trigger_ui.py
[2026-04-24T20:31:41.769+0000] {processor.py:925} INFO - DAG(s) 'example_params_trigger_ui' retrieved from /home/airflow/.local/lib/python3.12/site-packages/airflow/example_dags/example_params_trigger_ui.py
[2026-04-24T20:31:41.784+0000] {logging_mixin.py:190} INFO - [2026-04-24T20:31:41.783+0000] {dag.py:3239} INFO - Sync 1 DAGs
[2026-04-24T20:31:41.789+0000] {logging_mixin.py:190} INFO - [2026-04-24T20:31:41.789+0000] {dag.py:4180} INFO - Setting next_dagrun for example_params_trigger_ui to None, run_after=None
[2026-04-24T20:31:41.795+0000] {processor.py:208} INFO - Processing /home/airflow/.local/lib/python3.12/site-packages/airflow/example_dags/example_params_trigger_ui.py took 0.035 seconds
[2026-04-24T20:32:11.963+0000] {processor.py:186} INFO - Started process (PID=87825) to work on /home/airflow/.local/lib/python3.12/site-packages/airflow/example_dags/example_params_trigger_ui.py
[2026-04-24T20:32:11.963+0000] {processor.py:914} INFO - Processing file /home/airflow/.local/lib/python3.12/site-packages/airflow/example_dags/example_params_trigger_ui.py for tasks to queue
[2026-04-24T20:32:11.965+0000] {logging_mixin.py:190} INFO - [2026-04-24T20:32:11.964+0000] {dagbag.py:588} INFO - Filling up the DagBag from /home/airflow/.local/lib/python3.12/site-packages/airflow/example_dags/example_params_trigger_ui.py
[2026-04-24T20:32:11.969+0000] {processor.py:925} INFO - DAG(s) 'example_params_trigger_ui' retrieved from /home/airflow/.local/lib/python3.12/site-packages/airflow/example_dags/example_params_trigger_ui.py
[2026-04-24T20:32:11.989+0000] {logging_mixin.py:190} INFO - [2026-04-24T20:32:11.989+0000] {dag.py:3239} INFO - Sync 1 DAGs
[2026-04-24T20:32:11.996+0000] {logging_mixin.py:190} INFO - [2026-04-24T20:32:11.996+0000] {dag.py:4180} INFO - Setting next_dagrun for example_params_trigger_ui to None, run_after=None
[2026-04-24T20:32:12.006+0000] {processor.py:208} INFO - Processing /home/airflow/.local/lib/python3.12/site-packages/airflow/example_dags/example_params_trigger_ui.py took 0.046 seconds
[2026-04-24T20:47:44.783+0000] {processor.py:186} INFO - Started process (PID=87890) to work on /home/airflow/.local/lib/python3.12/site-packages/airflow/example_dags/example_params_trigger_ui.py
[2026-04-24T20:47:44.784+0000] {processor.py:914} INFO - Processing file /home/airflow/.local/lib/python3.12/site-packages/airflow/example_dags/example_params_trigger_ui.py for tasks to queue
[2026-04-24T20:47:44.785+0000] {logging_mixin.py:190} INFO - [2026-04-24T20:47:44.785+0000] {dagbag.py:588} INFO - Filling up the DagBag from /home/airflow/.local/lib/python3.12/site-packages/airflow/example_dags/example_params_trigger_ui.py
[2026-04-24T20:47:44.790+0000] {processor.py:925} INFO - DAG(s) 'example_params_trigger_ui' retrieved from /home/airflow/.local/lib/python3.12/site-packages/airflow/example_dags/example_params_trigger_ui.py
[2026-04-24T20:47:44.803+0000] {logging_mixin.py:190} INFO - [2026-04-24T20:47:44.803+0000] {dag.py:3239} INFO - Sync 1 DAGs
[2026-04-24T20:47:44.809+0000] {logging_mixin.py:190} INFO - [2026-04-24T20:47:44.809+0000] {dag.py:4180} INFO - Setting next_dagrun for example_params_trigger_ui to None, run_after=None
[2026-04-24T20:47:44.815+0000] {processor.py:208} INFO - Processing /home/airflow/.local/lib/python3.12/site-packages/airflow/example_dags/example_params_trigger_ui.py took 0.033 seconds
[2026-04-24T21:03:20.487+0000] {processor.py:186} INFO - Started process (PID=87954) to work on /home/airflow/.local/lib/python3.12/site-packages/airflow/example_dags/example_params_trigger_ui.py
[2026-04-24T21:03:20.487+0000] {processor.py:914} INFO - Processing file /home/airflow/.local/lib/python3.12/site-packages/airflow/example_dags/example_params_trigger_ui.py for tasks to queue
[2026-04-24T21:03:20.489+0000] {logging_mixin.py:190} INFO - [2026-04-24T21:03:20.489+0000] {dagbag.py:588} INFO - Filling up the DagBag from /home/airflow/.local/lib/python3.12/site-packages/airflow/example_dags/example_params_trigger_ui.py
[2026-04-24T21:03:20.496+0000] {processor.py:925} INFO - DAG(s) 'example_params_trigger_ui' retrieved from /home/airflow/.local/lib/python3.12/site-packages/airflow/example_dags/example_params_trigger_ui.py
[2026-04-24T21:03:20.527+0000] {logging_mixin.py:190} INFO - [2026-04-24T21:03:20.526+0000] {dag.py:3239} INFO - Sync 1 DAGs
[2026-04-24T21:03:20.539+0000] {logging_mixin.py:190} INFO - [2026-04-24T21:03:20.538+0000] {dag.py:4180} INFO - Setting next_dagrun for example_params_trigger_ui to None, run_after=None
[2026-04-24T21:03:20.552+0000] {processor.py:208} INFO - Processing /home/airflow/.local/lib/python3.12/site-packages/airflow/example_dags/example_params_trigger_ui.py took 0.070 seconds
[2026-04-24T21:03:51.389+0000] {processor.py:186} INFO - Started process (PID=88018) to work on /home/airflow/.local/lib/python3.12/site-packages/airflow/example_dags/example_params_trigger_ui.py
[2026-04-24T21:03:51.389+0000] {processor.py:914} INFO - Processing file /home/airflow/.local/lib/python3.12/site-packages/airflow/example_dags/example_params_trigger_ui.py for tasks to queue
[2026-04-24T21:03:51.392+0000] {logging_mixin.py:190} INFO - [2026-04-24T21:03:51.392+0000] {dagbag.py:588} INFO - Filling up the DagBag from /home/airflow/.local/lib/python3.12/site-packages/airflow/example_dags/example_params_trigger_ui.py
[2026-04-24T21:03:51.396+0000] {processor.py:925} INFO - DAG(s) 'example_params_trigger_ui' retrieved from /home/airflow/.local/lib/python3.12/site-packages/airflow/example_dags/example_params_trigger_ui.py
[2026-04-24T21:03:51.417+0000] {logging_mixin.py:190} INFO - [2026-04-24T21:03:51.417+0000] {dag.py:3239} INFO - Sync 1 DAGs
[2026-04-24T21:03:51.422+0000] {logging_mixin.py:190} INFO - [2026-04-24T21:03:51.422+0000] {dag.py:4180} INFO - Setting next_dagrun for example_params_trigger_ui to None, run_after=None
[2026-04-24T21:03:51.427+0000] {processor.py:208} INFO - Processing /home/airflow/.local/lib/python3.12/site-packages/airflow/example_dags/example_params_trigger_ui.py took 0.040 seconds
[2026-04-24T21:19:24.865+0000] {processor.py:186} INFO - Started process (PID=88081) to work on /home/airflow/.local/lib/python3.12/site-packages/airflow/example_dags/example_params_trigger_ui.py
[2026-04-24T21:19:24.865+0000] {processor.py:914} INFO - Processing file /home/airflow/.local/lib/python3.12/site-packages/airflow/example_dags/example_params_trigger_ui.py for tasks to queue
[2026-04-24T21:19:24.866+0000] {logging_mixin.py:190} INFO - [2026-04-24T21:19:24.866+0000] {dagbag.py:588} INFO - Filling up the DagBag from /home/airflow/.local/lib/python3.12/site-packages/airflow/example_dags/example_params_trigger_ui.py
[2026-04-24T21:19:24.870+0000] {processor.py:925} INFO - DAG(s) 'example_params_trigger_ui' retrieved from /home/airflow/.local/lib/python3.12/site-packages/airflow/example_dags/example_params_trigger_ui.py
[2026-04-24T21:19:24.884+0000] {logging_mixin.py:190} INFO - [2026-04-24T21:19:24.884+0000] {dag.py:3239} INFO - Sync 1 DAGs
[2026-04-24T21:19:24.888+0000] {logging_mixin.py:190} INFO - [2026-04-24T21:19:24.888+0000] {dag.py:4180} INFO - Setting next_dagrun for example_params_trigger_ui to None, run_after=None
[2026-04-24T21:19:24.894+0000] {processor.py:208} INFO - Processing /home/airflow/.local/lib/python3.12/site-packages/airflow/example_dags/example_params_trigger_ui.py took 0.032 seconds
[2026-04-24T21:34:58.586+0000] {processor.py:186} INFO - Started process (PID=88145) to work on /home/airflow/.local/lib/python3.12/site-packages/airflow/example_dags/example_params_trigger_ui.py
[2026-04-24T21:34:58.586+0000] {processor.py:914} INFO - Processing file /home/airflow/.local/lib/python3.12/site-packages/airflow/example_dags/example_params_trigger_ui.py for tasks to queue
[2026-04-24T21:34:58.587+0000] {logging_mixin.py:190} INFO - [2026-04-24T21:34:58.587+0000] {dagbag.py:588} INFO - Filling up the DagBag from /home/airflow/.local/lib/python3.12/site-packages/airflow/example_dags/example_params_trigger_ui.py
[2026-04-24T21:34:58.593+0000] {processor.py:925} INFO - DAG(s) 'example_params_trigger_ui' retrieved from /home/airflow/.local/lib/python3.12/site-packages/airflow/example_dags/example_params_trigger_ui.py
[2026-04-24T21:34:58.608+0000] {logging_mixin.py:190} INFO - [2026-04-24T21:34:58.607+0000] {dag.py:3239} INFO - Sync 1 DAGs
[2026-04-24T21:34:58.613+0000] {logging_mixin.py:190} INFO - [2026-04-24T21:34:58.613+0000] {dag.py:4180} INFO - Setting next_dagrun for example_params_trigger_ui to None, run_after=None
[2026-04-24T21:34:58.619+0000] {processor.py:208} INFO - Processing /home/airflow/.local/lib/python3.12/site-packages/airflow/example_dags/example_params_trigger_ui.py took 0.037 seconds
[2026-04-24T21:35:28.970+0000] {processor.py:186} INFO - Started process (PID=88209) to work on /home/airflow/.local/lib/python3.12/site-packages/airflow/example_dags/example_params_trigger_ui.py
[2026-04-24T21:35:28.970+0000] {processor.py:914} INFO - Processing file /home/airflow/.local/lib/python3.12/site-packages/airflow/example_dags/example_params_trigger_ui.py for tasks to queue
[2026-04-24T21:35:28.971+0000] {logging_mixin.py:190} INFO - [2026-04-24T21:35:28.971+0000] {dagbag.py:588} INFO - Filling up the DagBag from /home/airflow/.local/lib/python3.12/site-packages/airflow/example_dags/example_params_trigger_ui.py
[2026-04-24T21:35:28.975+0000] {processor.py:925} INFO - DAG(s) 'example_params_trigger_ui' retrieved from /home/airflow/.local/lib/python3.12/site-packages/airflow/example_dags/example_params_trigger_ui.py
[2026-04-24T21:35:28.989+0000] {logging_mixin.py:190} INFO - [2026-04-24T21:35:28.989+0000] {dag.py:3239} INFO - Sync 1 DAGs
[2026-04-24T21:35:28.994+0000] {logging_mixin.py:190} INFO - [2026-04-24T21:35:28.994+0000] {dag.py:4180} INFO - Setting next_dagrun for example_params_trigger_ui to None, run_after=None
[2026-04-24T21:35:29.000+0000] {processor.py:208} INFO - Processing /home/airflow/.local/lib/python3.12/site-packages/airflow/example_dags/example_params_trigger_ui.py took 0.032 seconds
[2026-04-24T21:51:03.230+0000] {processor.py:186} INFO - Started process (PID=88273) to work on /home/airflow/.local/lib/python3.12/site-packages/airflow/example_dags/example_params_trigger_ui.py
[2026-04-24T21:51:03.230+0000] {processor.py:914} INFO - Processing file /home/airflow/.local/lib/python3.12/site-packages/airflow/example_dags/example_params_trigger_ui.py for tasks to queue
[2026-04-24T21:51:03.231+0000] {logging_mixin.py:190} INFO - [2026-04-24T21:51:03.231+0000] {dagbag.py:588} INFO - Filling up the DagBag from /home/airflow/.local/lib/python3.12/site-packages/airflow/example_dags/example_params_trigger_ui.py
[2026-04-24T21:51:03.236+0000] {processor.py:925} INFO - DAG(s) 'example_params_trigger_ui' retrieved from /home/airflow/.local/lib/python3.12/site-packages/airflow/example_dags/example_params_trigger_ui.py
[2026-04-24T21:51:03.249+0000] {logging_mixin.py:190} INFO - [2026-04-24T21:51:03.248+0000] {dag.py:3239} INFO - Sync 1 DAGs
[2026-04-24T21:51:03.253+0000] {logging_mixin.py:190} INFO - [2026-04-24T21:51:03.253+0000] {dag.py:4180} INFO - Setting next_dagrun for example_params_trigger_ui to None, run_after=None
[2026-04-24T21:51:03.259+0000] {processor.py:208} INFO - Processing /home/airflow/.local/lib/python3.12/site-packages/airflow/example_dags/example_params_trigger_ui.py took 0.031 seconds
[2026-04-24T21:51:34.889+0000] {processor.py:186} INFO - Started process (PID=88337) to work on /home/airflow/.local/lib/python3.12/site-packages/airflow/example_dags/example_params_trigger_ui.py
[2026-04-24T21:51:34.891+0000] {processor.py:914} INFO - Processing file /home/airflow/.local/lib/python3.12/site-packages/airflow/example_dags/example_params_trigger_ui.py for tasks to queue
[2026-04-24T21:51:34.893+0000] {logging_mixin.py:190} INFO - [2026-04-24T21:51:34.893+0000] {dagbag.py:588} INFO - Filling up the DagBag from /home/airflow/.local/lib/python3.12/site-packages/airflow/example_dags/example_params_trigger_ui.py
[2026-04-24T21:51:34.898+0000] {processor.py:925} INFO - DAG(s) 'example_params_trigger_ui' retrieved from /home/airflow/.local/lib/python3.12/site-packages/airflow/example_dags/example_params_trigger_ui.py
[2026-04-24T21:51:34.914+0000] {logging_mixin.py:190} INFO - [2026-04-24T21:51:34.914+0000] {dag.py:3239} INFO - Sync 1 DAGs
[2026-04-24T21:51:34.919+0000] {logging_mixin.py:190} INFO - [2026-04-24T21:51:34.918+0000] {dag.py:4180} INFO - Setting next_dagrun for example_params_trigger_ui to None, run_after=None
[2026-04-24T21:51:34.927+0000] {processor.py:208} INFO - Processing /home/airflow/.local/lib/python3.12/site-packages/airflow/example_dags/example_params_trigger_ui.py took 0.040 seconds
[2026-04-24T22:07:05.944+0000] {processor.py:186} INFO - Started process (PID=88401) to work on /home/airflow/.local/lib/python3.12/site-packages/airflow/example_dags/example_params_trigger_ui.py
[2026-04-24T22:07:05.945+0000] {processor.py:914} INFO - Processing file /home/airflow/.local/lib/python3.12/site-packages/airflow/example_dags/example_params_trigger_ui.py for tasks to queue
[2026-04-24T22:07:05.946+0000] {logging_mixin.py:190} INFO - [2026-04-24T22:07:05.946+0000] {dagbag.py:588} INFO - Filling up the DagBag from /home/airflow/.local/lib/python3.12/site-packages/airflow/example_dags/example_params_trigger_ui.py
[2026-04-24T22:07:05.950+0000] {processor.py:925} INFO - DAG(s) 'example_params_trigger_ui' retrieved from /home/airflow/.local/lib/python3.12/site-packages/airflow/example_dags/example_params_trigger_ui.py
[2026-04-24T22:07:05.963+0000] {logging_mixin.py:190} INFO - [2026-04-24T22:07:05.963+0000] {dag.py:3239} INFO - Sync 1 DAGs
[2026-04-24T22:07:05.968+0000] {logging_mixin.py:190} INFO - [2026-04-24T22:07:05.968+0000] {dag.py:4180} INFO - Setting next_dagrun for example_params_trigger_ui to None, run_after=None
[2026-04-24T22:07:05.973+0000] {processor.py:208} INFO - Processing /home/airflow/.local/lib/python3.12/site-packages/airflow/example_dags/example_params_trigger_ui.py took 0.031 seconds
[2026-04-24T22:22:39.901+0000] {processor.py:186} INFO - Started process (PID=88465) to work on /home/airflow/.local/lib/python3.12/site-packages/airflow/example_dags/example_params_trigger_ui.py
[2026-04-24T22:22:39.901+0000] {processor.py:914} INFO - Processing file /home/airflow/.local/lib/python3.12/site-packages/airflow/example_dags/example_params_trigger_ui.py for tasks to queue
[2026-04-24T22:22:39.903+0000] {logging_mixin.py:190} INFO - [2026-04-24T22:22:39.903+0000] {dagbag.py:588} INFO - Filling up the DagBag from /home/airflow/.local/lib/python3.12/site-packages/airflow/example_dags/example_params_trigger_ui.py
[2026-04-24T22:22:39.911+0000] {processor.py:925} INFO - DAG(s) 'example_params_trigger_ui' retrieved from /home/airflow/.local/lib/python3.12/site-packages/airflow/example_dags/example_params_trigger_ui.py
[2026-04-24T22:22:39.942+0000] {logging_mixin.py:190} INFO - [2026-04-24T22:22:39.942+0000] {dag.py:3239} INFO - Sync 1 DAGs
[2026-04-24T22:22:39.952+0000] {logging_mixin.py:190} INFO - [2026-04-24T22:22:39.952+0000] {dag.py:4180} INFO - Setting next_dagrun for example_params_trigger_ui to None, run_after=None
[2026-04-24T22:22:39.965+0000] {processor.py:208} INFO - Processing /home/airflow/.local/lib/python3.12/site-packages/airflow/example_dags/example_params_trigger_ui.py took 0.069 seconds
[2026-04-24T22:23:10.939+0000] {processor.py:186} INFO - Started process (PID=88529) to work on /home/airflow/.local/lib/python3.12/site-packages/airflow/example_dags/example_params_trigger_ui.py
[2026-04-24T22:23:10.939+0000] {processor.py:914} INFO - Processing file /home/airflow/.local/lib/python3.12/site-packages/airflow/example_dags/example_params_trigger_ui.py for tasks to queue
[2026-04-24T22:23:10.940+0000] {logging_mixin.py:190} INFO - [2026-04-24T22:23:10.940+0000] {dagbag.py:588} INFO - Filling up the DagBag from /home/airflow/.local/lib/python3.12/site-packages/airflow/example_dags/example_params_trigger_ui.py
[2026-04-24T22:23:10.945+0000] {processor.py:925} INFO - DAG(s) 'example_params_trigger_ui' retrieved from /home/airflow/.local/lib/python3.12/site-packages/airflow/example_dags/example_params_trigger_ui.py
[2026-04-24T22:23:10.959+0000] {logging_mixin.py:190} INFO - [2026-04-24T22:23:10.959+0000] {dag.py:3239} INFO - Sync 1 DAGs
[2026-04-24T22:23:10.964+0000] {logging_mixin.py:190} INFO - [2026-04-24T22:23:10.964+0000] {dag.py:4180} INFO - Setting next_dagrun for example_params_trigger_ui to None, run_after=None
[2026-04-24T22:23:10.970+0000] {processor.py:208} INFO - Processing /home/airflow/.local/lib/python3.12/site-packages/airflow/example_dags/example_params_trigger_ui.py took 0.034 seconds
[2026-04-24T22:38:47.453+0000] {processor.py:186} INFO - Started process (PID=88593) to work on /home/airflow/.local/lib/python3.12/site-packages/airflow/example_dags/example_params_trigger_ui.py
[2026-04-24T22:38:47.454+0000] {processor.py:914} INFO - Processing file /home/airflow/.local/lib/python3.12/site-packages/airflow/example_dags/example_params_trigger_ui.py for tasks to queue
[2026-04-24T22:38:47.455+0000] {logging_mixin.py:190} INFO - [2026-04-24T22:38:47.455+0000] {dagbag.py:588} INFO - Filling up the DagBag from /home/airflow/.local/lib/python3.12/site-packages/airflow/example_dags/example_params_trigger_ui.py
[2026-04-24T22:38:47.459+0000] {processor.py:925} INFO - DAG(s) 'example_params_trigger_ui' retrieved from /home/airflow/.local/lib/python3.12/site-packages/airflow/example_dags/example_params_trigger_ui.py
[2026-04-24T22:38:47.472+0000] {logging_mixin.py:190} INFO - [2026-04-24T22:38:47.472+0000] {dag.py:3239} INFO - Sync 1 DAGs
[2026-04-24T22:38:47.477+0000] {logging_mixin.py:190} INFO - [2026-04-24T22:38:47.477+0000] {dag.py:4180} INFO - Setting next_dagrun for example_params_trigger_ui to None, run_after=None
[2026-04-24T22:38:47.482+0000] {processor.py:208} INFO - Processing /home/airflow/.local/lib/python3.12/site-packages/airflow/example_dags/example_params_trigger_ui.py took 0.031 seconds
[2026-04-24T22:54:23.654+0000] {processor.py:186} INFO - Started process (PID=88657) to work on /home/airflow/.local/lib/python3.12/site-packages/airflow/example_dags/example_params_trigger_ui.py
[2026-04-24T22:54:23.655+0000] {processor.py:914} INFO - Processing file /home/airflow/.local/lib/python3.12/site-packages/airflow/example_dags/example_params_trigger_ui.py for tasks to queue
[2026-04-24T22:54:23.657+0000] {logging_mixin.py:190} INFO - [2026-04-24T22:54:23.657+0000] {dagbag.py:588} INFO - Filling up the DagBag from /home/airflow/.local/lib/python3.12/site-packages/airflow/example_dags/example_params_trigger_ui.py
[2026-04-24T22:54:23.668+0000] {processor.py:925} INFO - DAG(s) 'example_params_trigger_ui' retrieved from /home/airflow/.local/lib/python3.12/site-packages/airflow/example_dags/example_params_trigger_ui.py
[2026-04-24T22:54:23.707+0000] {logging_mixin.py:190} INFO - [2026-04-24T22:54:23.707+0000] {dag.py:3239} INFO - Sync 1 DAGs
[2026-04-24T22:54:23.719+0000] {logging_mixin.py:190} INFO - [2026-04-24T22:54:23.719+0000] {dag.py:4180} INFO - Setting next_dagrun for example_params_trigger_ui to None, run_after=None
[2026-04-24T22:54:23.733+0000] {processor.py:208} INFO - Processing /home/airflow/.local/lib/python3.12/site-packages/airflow/example_dags/example_params_trigger_ui.py took 0.085 seconds
[2026-04-24T22:54:54.430+0000] {processor.py:186} INFO - Started process (PID=88721) to work on /home/airflow/.local/lib/python3.12/site-packages/airflow/example_dags/example_params_trigger_ui.py
[2026-04-24T22:54:54.432+0000] {processor.py:914} INFO - Processing file /home/airflow/.local/lib/python3.12/site-packages/airflow/example_dags/example_params_trigger_ui.py for tasks to queue
[2026-04-24T22:54:54.433+0000] {logging_mixin.py:190} INFO - [2026-04-24T22:54:54.433+0000] {dagbag.py:588} INFO - Filling up the DagBag from /home/airflow/.local/lib/python3.12/site-packages/airflow/example_dags/example_params_trigger_ui.py
[2026-04-24T22:54:54.438+0000] {processor.py:925} INFO - DAG(s) 'example_params_trigger_ui' retrieved from /home/airflow/.local/lib/python3.12/site-packages/airflow/example_dags/example_params_trigger_ui.py
[2026-04-24T22:54:54.450+0000] {logging_mixin.py:190} INFO - [2026-04-24T22:54:54.450+0000] {dag.py:3239} INFO - Sync 1 DAGs
[2026-04-24T22:54:54.454+0000] {logging_mixin.py:190} INFO - [2026-04-24T22:54:54.454+0000] {dag.py:4180} INFO - Setting next_dagrun for example_params_trigger_ui to None, run_after=None
[2026-04-24T22:54:54.460+0000] {processor.py:208} INFO - Processing /home/airflow/.local/lib/python3.12/site-packages/airflow/example_dags/example_params_trigger_ui.py took 0.032 seconds
[2026-04-24T23:10:27.089+0000] {processor.py:186} INFO - Started process (PID=88785) to work on /home/airflow/.local/lib/python3.12/site-packages/airflow/example_dags/example_params_trigger_ui.py
[2026-04-24T23:10:27.090+0000] {processor.py:914} INFO - Processing file /home/airflow/.local/lib/python3.12/site-packages/airflow/example_dags/example_params_trigger_ui.py for tasks to queue
[2026-04-24T23:10:27.091+0000] {logging_mixin.py:190} INFO - [2026-04-24T23:10:27.091+0000] {dagbag.py:588} INFO - Filling up the DagBag from /home/airflow/.local/lib/python3.12/site-packages/airflow/example_dags/example_params_trigger_ui.py
[2026-04-24T23:10:27.095+0000] {processor.py:925} INFO - DAG(s) 'example_params_trigger_ui' retrieved from /home/airflow/.local/lib/python3.12/site-packages/airflow/example_dags/example_params_trigger_ui.py
[2026-04-24T23:10:27.110+0000] {logging_mixin.py:190} INFO - [2026-04-24T23:10:27.110+0000] {dag.py:3239} INFO - Sync 1 DAGs
[2026-04-24T23:10:27.200+0000] {logging_mixin.py:190} INFO - [2026-04-24T23:10:27.200+0000] {dag.py:4180} INFO - Setting next_dagrun for example_params_trigger_ui to None, run_after=None
[2026-04-24T23:10:27.206+0000] {processor.py:208} INFO - Processing /home/airflow/.local/lib/python3.12/site-packages/airflow/example_dags/example_params_trigger_ui.py took 0.120 seconds
[2026-04-24T23:15:31.561+0000] {processor.py:186} INFO - Started process (PID=88849) to work on /home/airflow/.local/lib/python3.12/site-packages/airflow/example_dags/example_params_trigger_ui.py
[2026-04-24T23:15:31.563+0000] {processor.py:914} INFO - Processing file /home/airflow/.local/lib/python3.12/site-packages/airflow/example_dags/example_params_trigger_ui.py for tasks to queue
[2026-04-24T23:15:31.569+0000] {logging_mixin.py:190} INFO - [2026-04-24T23:15:31.568+0000] {dagbag.py:588} INFO - Filling up the DagBag from /home/airflow/.local/lib/python3.12/site-packages/airflow/example_dags/example_params_trigger_ui.py
[2026-04-24T23:15:31.586+0000] {processor.py:925} INFO - DAG(s) 'example_params_trigger_ui' retrieved from /home/airflow/.local/lib/python3.12/site-packages/airflow/example_dags/example_params_trigger_ui.py
[2026-04-24T23:15:31.639+0000] {logging_mixin.py:190} INFO - [2026-04-24T23:15:31.639+0000] {dag.py:3239} INFO - Sync 1 DAGs
[2026-04-24T23:15:32.019+0000] {logging_mixin.py:190} INFO - [2026-04-24T23:15:32.019+0000] {dag.py:4180} INFO - Setting next_dagrun for example_params_trigger_ui to None, run_after=None
[2026-04-24T23:15:32.045+0000] {processor.py:208} INFO - Processing /home/airflow/.local/lib/python3.12/site-packages/airflow/example_dags/example_params_trigger_ui.py took 0.492 seconds
[2026-04-24T23:16:02.407+0000] {processor.py:186} INFO - Started process (PID=88913) to work on /home/airflow/.local/lib/python3.12/site-packages/airflow/example_dags/example_params_trigger_ui.py
[2026-04-24T23:16:02.408+0000] {processor.py:914} INFO - Processing file /home/airflow/.local/lib/python3.12/site-packages/airflow/example_dags/example_params_trigger_ui.py for tasks to queue
[2026-04-24T23:16:02.409+0000] {logging_mixin.py:190} INFO - [2026-04-24T23:16:02.409+0000] {dagbag.py:588} INFO - Filling up the DagBag from /home/airflow/.local/lib/python3.12/site-packages/airflow/example_dags/example_params_trigger_ui.py
[2026-04-24T23:16:02.413+0000] {processor.py:925} INFO - DAG(s) 'example_params_trigger_ui' retrieved from /home/airflow/.local/lib/python3.12/site-packages/airflow/example_dags/example_params_trigger_ui.py
[2026-04-24T23:16:02.426+0000] {logging_mixin.py:190} INFO - [2026-04-24T23:16:02.426+0000] {dag.py:3239} INFO - Sync 1 DAGs
[2026-04-24T23:16:02.431+0000] {logging_mixin.py:190} INFO - [2026-04-24T23:16:02.431+0000] {dag.py:4180} INFO - Setting next_dagrun for example_params_trigger_ui to None, run_after=None
[2026-04-24T23:16:02.513+0000] {processor.py:208} INFO - Processing /home/airflow/.local/lib/python3.12/site-packages/airflow/example_dags/example_params_trigger_ui.py took 0.108 seconds
[2026-04-24T23:31:31.351+0000] {processor.py:186} INFO - Started process (PID=88977) to work on /home/airflow/.local/lib/python3.12/site-packages/airflow/example_dags/example_params_trigger_ui.py
[2026-04-24T23:31:31.352+0000] {processor.py:914} INFO - Processing file /home/airflow/.local/lib/python3.12/site-packages/airflow/example_dags/example_params_trigger_ui.py for tasks to queue
[2026-04-24T23:31:31.353+0000] {logging_mixin.py:190} INFO - [2026-04-24T23:31:31.353+0000] {dagbag.py:588} INFO - Filling up the DagBag from /home/airflow/.local/lib/python3.12/site-packages/airflow/example_dags/example_params_trigger_ui.py
[2026-04-24T23:31:31.359+0000] {processor.py:925} INFO - DAG(s) 'example_params_trigger_ui' retrieved from /home/airflow/.local/lib/python3.12/site-packages/airflow/example_dags/example_params_trigger_ui.py
[2026-04-24T23:31:31.373+0000] {logging_mixin.py:190} INFO - [2026-04-24T23:31:31.373+0000] {dag.py:3239} INFO - Sync 1 DAGs
[2026-04-24T23:31:31.378+0000] {logging_mixin.py:190} INFO - [2026-04-24T23:31:31.378+0000] {dag.py:4180} INFO - Setting next_dagrun for example_params_trigger_ui to None, run_after=None
[2026-04-24T23:31:31.384+0000] {processor.py:208} INFO - Processing /home/airflow/.local/lib/python3.12/site-packages/airflow/example_dags/example_params_trigger_ui.py took 0.036 seconds
[2026-04-24T23:32:02.478+0000] {processor.py:186} INFO - Started process (PID=89041) to work on /home/airflow/.local/lib/python3.12/site-packages/airflow/example_dags/example_params_trigger_ui.py
[2026-04-24T23:32:02.478+0000] {processor.py:914} INFO - Processing file /home/airflow/.local/lib/python3.12/site-packages/airflow/example_dags/example_params_trigger_ui.py for tasks to queue
[2026-04-24T23:32:02.479+0000] {logging_mixin.py:190} INFO - [2026-04-24T23:32:02.479+0000] {dagbag.py:588} INFO - Filling up the DagBag from /home/airflow/.local/lib/python3.12/site-packages/airflow/example_dags/example_params_trigger_ui.py
[2026-04-24T23:32:02.483+0000] {processor.py:925} INFO - DAG(s) 'example_params_trigger_ui' retrieved from /home/airflow/.local/lib/python3.12/site-packages/airflow/example_dags/example_params_trigger_ui.py
[2026-04-24T23:32:02.499+0000] {logging_mixin.py:190} INFO - [2026-04-24T23:32:02.499+0000] {dag.py:3239} INFO - Sync 1 DAGs
[2026-04-24T23:32:02.504+0000] {logging_mixin.py:190} INFO - [2026-04-24T23:32:02.504+0000] {dag.py:4180} INFO - Setting next_dagrun for example_params_trigger_ui to None, run_after=None
[2026-04-24T23:32:02.515+0000] {processor.py:208} INFO - Processing /home/airflow/.local/lib/python3.12/site-packages/airflow/example_dags/example_params_trigger_ui.py took 0.039 seconds
[2026-04-24T23:47:34.753+0000] {processor.py:186} INFO - Started process (PID=89105) to work on /home/airflow/.local/lib/python3.12/site-packages/airflow/example_dags/example_params_trigger_ui.py
[2026-04-24T23:47:34.753+0000] {processor.py:914} INFO - Processing file /home/airflow/.local/lib/python3.12/site-packages/airflow/example_dags/example_params_trigger_ui.py for tasks to queue
[2026-04-24T23:47:34.755+0000] {logging_mixin.py:190} INFO - [2026-04-24T23:47:34.755+0000] {dagbag.py:588} INFO - Filling up the DagBag from /home/airflow/.local/lib/python3.12/site-packages/airflow/example_dags/example_params_trigger_ui.py
[2026-04-24T23:47:34.759+0000] {processor.py:925} INFO - DAG(s) 'example_params_trigger_ui' retrieved from /home/airflow/.local/lib/python3.12/site-packages/airflow/example_dags/example_params_trigger_ui.py
[2026-04-24T23:47:34.776+0000] {logging_mixin.py:190} INFO - [2026-04-24T23:47:34.776+0000] {dag.py:3239} INFO - Sync 1 DAGs
[2026-04-24T23:47:34.782+0000] {logging_mixin.py:190} INFO - [2026-04-24T23:47:34.782+0000] {dag.py:4180} INFO - Setting next_dagrun for example_params_trigger_ui to None, run_after=None
[2026-04-24T23:47:34.794+0000] {processor.py:208} INFO - Processing /home/airflow/.local/lib/python3.12/site-packages/airflow/example_dags/example_params_trigger_ui.py took 0.043 seconds
