[2026-04-06T06:34:50.244+0000] {processor.py:186} INFO - Started process (PID=95) to work on /home/airflow/.local/lib/python3.12/site-packages/airflow/example_dags/example_branch_python_dop_operator_3.py
[2026-04-06T06:34:50.244+0000] {processor.py:914} INFO - Processing file /home/airflow/.local/lib/python3.12/site-packages/airflow/example_dags/example_branch_python_dop_operator_3.py for tasks to queue
[2026-04-06T06:34:50.245+0000] {logging_mixin.py:190} INFO - [2026-04-06T06:34:50.245+0000] {dagbag.py:588} INFO - Filling up the DagBag from /home/airflow/.local/lib/python3.12/site-packages/airflow/example_dags/example_branch_python_dop_operator_3.py
[2026-04-06T06:34:50.250+0000] {processor.py:925} INFO - DAG(s) 'example_branch_dop_operator_v3' retrieved from /home/airflow/.local/lib/python3.12/site-packages/airflow/example_dags/example_branch_python_dop_operator_3.py
[2026-04-06T06:34:50.284+0000] {logging_mixin.py:190} INFO - [2026-04-06T06:34:50.284+0000] {override.py:1912} INFO - Created Permission View: can edit on DAG:example_branch_dop_operator_v3
[2026-04-06T06:34:50.288+0000] {logging_mixin.py:190} INFO - [2026-04-06T06:34:50.287+0000] {override.py:1912} INFO - Created Permission View: can delete on DAG:example_branch_dop_operator_v3
[2026-04-06T06:34:50.292+0000] {logging_mixin.py:190} INFO - [2026-04-06T06:34:50.291+0000] {override.py:1912} INFO - Created Permission View: can read on DAG:example_branch_dop_operator_v3
[2026-04-06T06:34:50.293+0000] {logging_mixin.py:190} INFO - [2026-04-06T06:34:50.293+0000] {override.py:1912} INFO - Created Permission View: menu access on DAG Run:example_branch_dop_operator_v3
[2026-04-06T06:34:50.295+0000] {logging_mixin.py:190} INFO - [2026-04-06T06:34:50.294+0000] {override.py:1912} INFO - Created Permission View: can create on DAG Run:example_branch_dop_operator_v3
[2026-04-06T06:34:50.296+0000] {logging_mixin.py:190} INFO - [2026-04-06T06:34:50.296+0000] {override.py:1912} INFO - Created Permission View: can delete on DAG Run:example_branch_dop_operator_v3
[2026-04-06T06:34:50.298+0000] {logging_mixin.py:190} INFO - [2026-04-06T06:34:50.298+0000] {override.py:1912} INFO - Created Permission View: can read on DAG Run:example_branch_dop_operator_v3
[2026-04-06T06:34:50.298+0000] {logging_mixin.py:190} INFO - [2026-04-06T06:34:50.298+0000] {dag.py:3239} INFO - Sync 1 DAGs
[2026-04-06T06:34:50.302+0000] {logging_mixin.py:190} INFO - [2026-04-06T06:34:50.302+0000] {dag.py:3262} INFO - Creating ORM DAG for example_branch_dop_operator_v3
[2026-04-06T06:34:50.306+0000] {logging_mixin.py:190} INFO - [2026-04-06T06:34:50.306+0000] {dag.py:4180} INFO - Setting next_dagrun for example_branch_dop_operator_v3 to 2026-04-06 06:33:00+00:00, run_after=2026-04-06 06:34:00+00:00
[2026-04-06T06:34:50.311+0000] {processor.py:208} INFO - Processing /home/airflow/.local/lib/python3.12/site-packages/airflow/example_dags/example_branch_python_dop_operator_3.py took 0.069 seconds
[2026-04-06T06:35:20.982+0000] {processor.py:186} INFO - Started process (PID=158) to work on /home/airflow/.local/lib/python3.12/site-packages/airflow/example_dags/example_branch_python_dop_operator_3.py
[2026-04-06T06:35:20.983+0000] {processor.py:914} INFO - Processing file /home/airflow/.local/lib/python3.12/site-packages/airflow/example_dags/example_branch_python_dop_operator_3.py for tasks to queue
[2026-04-06T06:35:20.984+0000] {logging_mixin.py:190} INFO - [2026-04-06T06:35:20.984+0000] {dagbag.py:588} INFO - Filling up the DagBag from /home/airflow/.local/lib/python3.12/site-packages/airflow/example_dags/example_branch_python_dop_operator_3.py
[2026-04-06T06:35:20.990+0000] {processor.py:925} INFO - DAG(s) 'example_branch_dop_operator_v3' retrieved from /home/airflow/.local/lib/python3.12/site-packages/airflow/example_dags/example_branch_python_dop_operator_3.py
[2026-04-06T06:35:20.999+0000] {logging_mixin.py:190} INFO - [2026-04-06T06:35:20.999+0000] {dag.py:3239} INFO - Sync 1 DAGs
[2026-04-06T06:35:21.008+0000] {logging_mixin.py:190} INFO - [2026-04-06T06:35:21.008+0000] {dag.py:4180} INFO - Setting next_dagrun for example_branch_dop_operator_v3 to 2026-04-06 06:34:00+00:00, run_after=2026-04-06 06:35:00+00:00
[2026-04-06T06:35:21.017+0000] {processor.py:208} INFO - Processing /home/airflow/.local/lib/python3.12/site-packages/airflow/example_dags/example_branch_python_dop_operator_3.py took 0.038 seconds
[2026-04-06T06:35:51.578+0000] {processor.py:186} INFO - Started process (PID=221) to work on /home/airflow/.local/lib/python3.12/site-packages/airflow/example_dags/example_branch_python_dop_operator_3.py
[2026-04-06T06:35:51.579+0000] {processor.py:914} INFO - Processing file /home/airflow/.local/lib/python3.12/site-packages/airflow/example_dags/example_branch_python_dop_operator_3.py for tasks to queue
[2026-04-06T06:35:51.580+0000] {logging_mixin.py:190} INFO - [2026-04-06T06:35:51.580+0000] {dagbag.py:588} INFO - Filling up the DagBag from /home/airflow/.local/lib/python3.12/site-packages/airflow/example_dags/example_branch_python_dop_operator_3.py
[2026-04-06T06:35:51.587+0000] {processor.py:925} INFO - DAG(s) 'example_branch_dop_operator_v3' retrieved from /home/airflow/.local/lib/python3.12/site-packages/airflow/example_dags/example_branch_python_dop_operator_3.py
[2026-04-06T06:35:51.595+0000] {logging_mixin.py:190} INFO - [2026-04-06T06:35:51.595+0000] {dag.py:3239} INFO - Sync 1 DAGs
[2026-04-06T06:35:51.608+0000] {logging_mixin.py:190} INFO - [2026-04-06T06:35:51.607+0000] {dag.py:4180} INFO - Setting next_dagrun for example_branch_dop_operator_v3 to 2026-04-06 06:34:00+00:00, run_after=2026-04-06 06:35:00+00:00
[2026-04-06T06:35:51.621+0000] {processor.py:208} INFO - Processing /home/airflow/.local/lib/python3.12/site-packages/airflow/example_dags/example_branch_python_dop_operator_3.py took 0.046 seconds
[2026-04-06T06:36:21.814+0000] {processor.py:186} INFO - Started process (PID=284) to work on /home/airflow/.local/lib/python3.12/site-packages/airflow/example_dags/example_branch_python_dop_operator_3.py
[2026-04-06T06:36:21.815+0000] {processor.py:914} INFO - Processing file /home/airflow/.local/lib/python3.12/site-packages/airflow/example_dags/example_branch_python_dop_operator_3.py for tasks to queue
[2026-04-06T06:36:21.816+0000] {logging_mixin.py:190} INFO - [2026-04-06T06:36:21.815+0000] {dagbag.py:588} INFO - Filling up the DagBag from /home/airflow/.local/lib/python3.12/site-packages/airflow/example_dags/example_branch_python_dop_operator_3.py
[2026-04-06T06:36:21.820+0000] {processor.py:925} INFO - DAG(s) 'example_branch_dop_operator_v3' retrieved from /home/airflow/.local/lib/python3.12/site-packages/airflow/example_dags/example_branch_python_dop_operator_3.py
[2026-04-06T06:36:21.827+0000] {logging_mixin.py:190} INFO - [2026-04-06T06:36:21.827+0000] {dag.py:3239} INFO - Sync 1 DAGs
[2026-04-06T06:36:21.837+0000] {logging_mixin.py:190} INFO - [2026-04-06T06:36:21.837+0000] {dag.py:4180} INFO - Setting next_dagrun for example_branch_dop_operator_v3 to 2026-04-06 06:35:00+00:00, run_after=2026-04-06 06:36:00+00:00
[2026-04-06T06:36:21.847+0000] {processor.py:208} INFO - Processing /home/airflow/.local/lib/python3.12/site-packages/airflow/example_dags/example_branch_python_dop_operator_3.py took 0.035 seconds
[2026-04-06T06:36:53.024+0000] {processor.py:186} INFO - Started process (PID=347) to work on /home/airflow/.local/lib/python3.12/site-packages/airflow/example_dags/example_branch_python_dop_operator_3.py
[2026-04-06T06:36:53.025+0000] {processor.py:914} INFO - Processing file /home/airflow/.local/lib/python3.12/site-packages/airflow/example_dags/example_branch_python_dop_operator_3.py for tasks to queue
[2026-04-06T06:36:53.025+0000] {logging_mixin.py:190} INFO - [2026-04-06T06:36:53.025+0000] {dagbag.py:588} INFO - Filling up the DagBag from /home/airflow/.local/lib/python3.12/site-packages/airflow/example_dags/example_branch_python_dop_operator_3.py
[2026-04-06T06:36:53.030+0000] {processor.py:925} INFO - DAG(s) 'example_branch_dop_operator_v3' retrieved from /home/airflow/.local/lib/python3.12/site-packages/airflow/example_dags/example_branch_python_dop_operator_3.py
[2026-04-06T06:36:53.038+0000] {logging_mixin.py:190} INFO - [2026-04-06T06:36:53.038+0000] {dag.py:3239} INFO - Sync 1 DAGs
[2026-04-06T06:36:53.046+0000] {logging_mixin.py:190} INFO - [2026-04-06T06:36:53.046+0000] {dag.py:4180} INFO - Setting next_dagrun for example_branch_dop_operator_v3 to 2026-04-06 06:35:00+00:00, run_after=2026-04-06 06:36:00+00:00
[2026-04-06T06:36:53.053+0000] {processor.py:208} INFO - Processing /home/airflow/.local/lib/python3.12/site-packages/airflow/example_dags/example_branch_python_dop_operator_3.py took 0.032 seconds
[2026-04-06T06:37:24.354+0000] {processor.py:186} INFO - Started process (PID=410) to work on /home/airflow/.local/lib/python3.12/site-packages/airflow/example_dags/example_branch_python_dop_operator_3.py
[2026-04-06T06:37:24.356+0000] {processor.py:914} INFO - Processing file /home/airflow/.local/lib/python3.12/site-packages/airflow/example_dags/example_branch_python_dop_operator_3.py for tasks to queue
[2026-04-06T06:37:24.356+0000] {logging_mixin.py:190} INFO - [2026-04-06T06:37:24.356+0000] {dagbag.py:588} INFO - Filling up the DagBag from /home/airflow/.local/lib/python3.12/site-packages/airflow/example_dags/example_branch_python_dop_operator_3.py
[2026-04-06T06:37:24.361+0000] {processor.py:925} INFO - DAG(s) 'example_branch_dop_operator_v3' retrieved from /home/airflow/.local/lib/python3.12/site-packages/airflow/example_dags/example_branch_python_dop_operator_3.py
[2026-04-06T06:37:24.370+0000] {logging_mixin.py:190} INFO - [2026-04-06T06:37:24.370+0000] {dag.py:3239} INFO - Sync 1 DAGs
[2026-04-06T06:37:24.378+0000] {logging_mixin.py:190} INFO - [2026-04-06T06:37:24.378+0000] {dag.py:4180} INFO - Setting next_dagrun for example_branch_dop_operator_v3 to 2026-04-06 06:36:00+00:00, run_after=2026-04-06 06:37:00+00:00
[2026-04-06T06:37:24.384+0000] {processor.py:208} INFO - Processing /home/airflow/.local/lib/python3.12/site-packages/airflow/example_dags/example_branch_python_dop_operator_3.py took 0.032 seconds
[2026-04-06T06:37:56.053+0000] {processor.py:186} INFO - Started process (PID=473) to work on /home/airflow/.local/lib/python3.12/site-packages/airflow/example_dags/example_branch_python_dop_operator_3.py
[2026-04-06T06:37:56.054+0000] {processor.py:914} INFO - Processing file /home/airflow/.local/lib/python3.12/site-packages/airflow/example_dags/example_branch_python_dop_operator_3.py for tasks to queue
[2026-04-06T06:37:56.056+0000] {logging_mixin.py:190} INFO - [2026-04-06T06:37:56.055+0000] {dagbag.py:588} INFO - Filling up the DagBag from /home/airflow/.local/lib/python3.12/site-packages/airflow/example_dags/example_branch_python_dop_operator_3.py
[2026-04-06T06:37:56.060+0000] {processor.py:925} INFO - DAG(s) 'example_branch_dop_operator_v3' retrieved from /home/airflow/.local/lib/python3.12/site-packages/airflow/example_dags/example_branch_python_dop_operator_3.py
[2026-04-06T06:37:56.071+0000] {logging_mixin.py:190} INFO - [2026-04-06T06:37:56.071+0000] {dag.py:3239} INFO - Sync 1 DAGs
[2026-04-06T06:37:56.080+0000] {logging_mixin.py:190} INFO - [2026-04-06T06:37:56.080+0000] {dag.py:4180} INFO - Setting next_dagrun for example_branch_dop_operator_v3 to 2026-04-06 06:36:00+00:00, run_after=2026-04-06 06:37:00+00:00
[2026-04-06T06:37:56.089+0000] {processor.py:208} INFO - Processing /home/airflow/.local/lib/python3.12/site-packages/airflow/example_dags/example_branch_python_dop_operator_3.py took 0.039 seconds
[2026-04-06T06:38:26.362+0000] {processor.py:186} INFO - Started process (PID=536) to work on /home/airflow/.local/lib/python3.12/site-packages/airflow/example_dags/example_branch_python_dop_operator_3.py
[2026-04-06T06:38:26.363+0000] {processor.py:914} INFO - Processing file /home/airflow/.local/lib/python3.12/site-packages/airflow/example_dags/example_branch_python_dop_operator_3.py for tasks to queue
[2026-04-06T06:38:26.363+0000] {logging_mixin.py:190} INFO - [2026-04-06T06:38:26.363+0000] {dagbag.py:588} INFO - Filling up the DagBag from /home/airflow/.local/lib/python3.12/site-packages/airflow/example_dags/example_branch_python_dop_operator_3.py
[2026-04-06T06:38:26.367+0000] {processor.py:925} INFO - DAG(s) 'example_branch_dop_operator_v3' retrieved from /home/airflow/.local/lib/python3.12/site-packages/airflow/example_dags/example_branch_python_dop_operator_3.py
[2026-04-06T06:38:26.379+0000] {logging_mixin.py:190} INFO - [2026-04-06T06:38:26.379+0000] {dag.py:3239} INFO - Sync 1 DAGs
[2026-04-06T06:38:26.390+0000] {logging_mixin.py:190} INFO - [2026-04-06T06:38:26.390+0000] {dag.py:4180} INFO - Setting next_dagrun for example_branch_dop_operator_v3 to 2026-04-06 06:37:00+00:00, run_after=2026-04-06 06:38:00+00:00
[2026-04-06T06:38:26.396+0000] {processor.py:208} INFO - Processing /home/airflow/.local/lib/python3.12/site-packages/airflow/example_dags/example_branch_python_dop_operator_3.py took 0.036 seconds
[2026-04-06T06:38:57.619+0000] {processor.py:186} INFO - Started process (PID=599) to work on /home/airflow/.local/lib/python3.12/site-packages/airflow/example_dags/example_branch_python_dop_operator_3.py
[2026-04-06T06:38:57.620+0000] {processor.py:914} INFO - Processing file /home/airflow/.local/lib/python3.12/site-packages/airflow/example_dags/example_branch_python_dop_operator_3.py for tasks to queue
[2026-04-06T06:38:57.622+0000] {logging_mixin.py:190} INFO - [2026-04-06T06:38:57.622+0000] {dagbag.py:588} INFO - Filling up the DagBag from /home/airflow/.local/lib/python3.12/site-packages/airflow/example_dags/example_branch_python_dop_operator_3.py
[2026-04-06T06:38:57.627+0000] {processor.py:925} INFO - DAG(s) 'example_branch_dop_operator_v3' retrieved from /home/airflow/.local/lib/python3.12/site-packages/airflow/example_dags/example_branch_python_dop_operator_3.py
[2026-04-06T06:38:57.636+0000] {logging_mixin.py:190} INFO - [2026-04-06T06:38:57.636+0000] {dag.py:3239} INFO - Sync 1 DAGs
[2026-04-06T06:38:57.647+0000] {logging_mixin.py:190} INFO - [2026-04-06T06:38:57.647+0000] {dag.py:4180} INFO - Setting next_dagrun for example_branch_dop_operator_v3 to 2026-04-06 06:37:00+00:00, run_after=2026-04-06 06:38:00+00:00
[2026-04-06T06:38:57.653+0000] {processor.py:208} INFO - Processing /home/airflow/.local/lib/python3.12/site-packages/airflow/example_dags/example_branch_python_dop_operator_3.py took 0.036 seconds
[2026-04-06T06:39:28.825+0000] {processor.py:186} INFO - Started process (PID=662) to work on /home/airflow/.local/lib/python3.12/site-packages/airflow/example_dags/example_branch_python_dop_operator_3.py
[2026-04-06T06:39:28.825+0000] {processor.py:914} INFO - Processing file /home/airflow/.local/lib/python3.12/site-packages/airflow/example_dags/example_branch_python_dop_operator_3.py for tasks to queue
[2026-04-06T06:39:28.826+0000] {logging_mixin.py:190} INFO - [2026-04-06T06:39:28.826+0000] {dagbag.py:588} INFO - Filling up the DagBag from /home/airflow/.local/lib/python3.12/site-packages/airflow/example_dags/example_branch_python_dop_operator_3.py
[2026-04-06T06:39:28.831+0000] {processor.py:925} INFO - DAG(s) 'example_branch_dop_operator_v3' retrieved from /home/airflow/.local/lib/python3.12/site-packages/airflow/example_dags/example_branch_python_dop_operator_3.py
[2026-04-06T06:39:28.839+0000] {logging_mixin.py:190} INFO - [2026-04-06T06:39:28.839+0000] {dag.py:3239} INFO - Sync 1 DAGs
[2026-04-06T06:39:28.848+0000] {logging_mixin.py:190} INFO - [2026-04-06T06:39:28.848+0000] {dag.py:4180} INFO - Setting next_dagrun for example_branch_dop_operator_v3 to 2026-04-06 06:38:00+00:00, run_after=2026-04-06 06:39:00+00:00
[2026-04-06T06:39:28.854+0000] {processor.py:208} INFO - Processing /home/airflow/.local/lib/python3.12/site-packages/airflow/example_dags/example_branch_python_dop_operator_3.py took 0.032 seconds
[2026-04-06T06:40:00.167+0000] {processor.py:186} INFO - Started process (PID=725) to work on /home/airflow/.local/lib/python3.12/site-packages/airflow/example_dags/example_branch_python_dop_operator_3.py
[2026-04-06T06:40:00.167+0000] {processor.py:914} INFO - Processing file /home/airflow/.local/lib/python3.12/site-packages/airflow/example_dags/example_branch_python_dop_operator_3.py for tasks to queue
[2026-04-06T06:40:00.168+0000] {logging_mixin.py:190} INFO - [2026-04-06T06:40:00.168+0000] {dagbag.py:588} INFO - Filling up the DagBag from /home/airflow/.local/lib/python3.12/site-packages/airflow/example_dags/example_branch_python_dop_operator_3.py
[2026-04-06T06:40:00.174+0000] {processor.py:925} INFO - DAG(s) 'example_branch_dop_operator_v3' retrieved from /home/airflow/.local/lib/python3.12/site-packages/airflow/example_dags/example_branch_python_dop_operator_3.py
[2026-04-06T06:40:00.188+0000] {logging_mixin.py:190} INFO - [2026-04-06T06:40:00.187+0000] {dag.py:3239} INFO - Sync 1 DAGs
[2026-04-06T06:40:00.199+0000] {logging_mixin.py:190} INFO - [2026-04-06T06:40:00.199+0000] {dag.py:4180} INFO - Setting next_dagrun for example_branch_dop_operator_v3 to 2026-04-06 06:39:00+00:00, run_after=2026-04-06 06:40:00+00:00
[2026-04-06T06:40:00.205+0000] {processor.py:208} INFO - Processing /home/airflow/.local/lib/python3.12/site-packages/airflow/example_dags/example_branch_python_dop_operator_3.py took 0.040 seconds
[2026-04-06T06:40:31.377+0000] {processor.py:186} INFO - Started process (PID=788) to work on /home/airflow/.local/lib/python3.12/site-packages/airflow/example_dags/example_branch_python_dop_operator_3.py
[2026-04-06T06:40:31.377+0000] {processor.py:914} INFO - Processing file /home/airflow/.local/lib/python3.12/site-packages/airflow/example_dags/example_branch_python_dop_operator_3.py for tasks to queue
[2026-04-06T06:40:31.381+0000] {logging_mixin.py:190} INFO - [2026-04-06T06:40:31.380+0000] {dagbag.py:588} INFO - Filling up the DagBag from /home/airflow/.local/lib/python3.12/site-packages/airflow/example_dags/example_branch_python_dop_operator_3.py
[2026-04-06T06:40:31.385+0000] {processor.py:925} INFO - DAG(s) 'example_branch_dop_operator_v3' retrieved from /home/airflow/.local/lib/python3.12/site-packages/airflow/example_dags/example_branch_python_dop_operator_3.py
[2026-04-06T06:40:31.395+0000] {logging_mixin.py:190} INFO - [2026-04-06T06:40:31.395+0000] {dag.py:3239} INFO - Sync 1 DAGs
[2026-04-06T06:40:31.405+0000] {logging_mixin.py:190} INFO - [2026-04-06T06:40:31.405+0000] {dag.py:4180} INFO - Setting next_dagrun for example_branch_dop_operator_v3 to 2026-04-06 06:39:00+00:00, run_after=2026-04-06 06:40:00+00:00
[2026-04-06T06:40:31.410+0000] {processor.py:208} INFO - Processing /home/airflow/.local/lib/python3.12/site-packages/airflow/example_dags/example_branch_python_dop_operator_3.py took 0.036 seconds
[2026-04-06T06:41:03.204+0000] {processor.py:186} INFO - Started process (PID=851) to work on /home/airflow/.local/lib/python3.12/site-packages/airflow/example_dags/example_branch_python_dop_operator_3.py
[2026-04-06T06:41:03.204+0000] {processor.py:914} INFO - Processing file /home/airflow/.local/lib/python3.12/site-packages/airflow/example_dags/example_branch_python_dop_operator_3.py for tasks to queue
[2026-04-06T06:41:03.205+0000] {logging_mixin.py:190} INFO - [2026-04-06T06:41:03.205+0000] {dagbag.py:588} INFO - Filling up the DagBag from /home/airflow/.local/lib/python3.12/site-packages/airflow/example_dags/example_branch_python_dop_operator_3.py
[2026-04-06T06:41:03.212+0000] {processor.py:925} INFO - DAG(s) 'example_branch_dop_operator_v3' retrieved from /home/airflow/.local/lib/python3.12/site-packages/airflow/example_dags/example_branch_python_dop_operator_3.py
[2026-04-06T06:41:03.219+0000] {logging_mixin.py:190} INFO - [2026-04-06T06:41:03.219+0000] {dag.py:3239} INFO - Sync 1 DAGs
[2026-04-06T06:41:03.230+0000] {logging_mixin.py:190} INFO - [2026-04-06T06:41:03.230+0000] {dag.py:4180} INFO - Setting next_dagrun for example_branch_dop_operator_v3 to 2026-04-06 06:40:00+00:00, run_after=2026-04-06 06:41:00+00:00
[2026-04-06T06:41:03.240+0000] {processor.py:208} INFO - Processing /home/airflow/.local/lib/python3.12/site-packages/airflow/example_dags/example_branch_python_dop_operator_3.py took 0.039 seconds
[2026-04-06T06:41:33.897+0000] {processor.py:186} INFO - Started process (PID=914) to work on /home/airflow/.local/lib/python3.12/site-packages/airflow/example_dags/example_branch_python_dop_operator_3.py
[2026-04-06T06:41:33.898+0000] {processor.py:914} INFO - Processing file /home/airflow/.local/lib/python3.12/site-packages/airflow/example_dags/example_branch_python_dop_operator_3.py for tasks to queue
[2026-04-06T06:41:33.899+0000] {logging_mixin.py:190} INFO - [2026-04-06T06:41:33.898+0000] {dagbag.py:588} INFO - Filling up the DagBag from /home/airflow/.local/lib/python3.12/site-packages/airflow/example_dags/example_branch_python_dop_operator_3.py
[2026-04-06T06:41:33.903+0000] {processor.py:925} INFO - DAG(s) 'example_branch_dop_operator_v3' retrieved from /home/airflow/.local/lib/python3.12/site-packages/airflow/example_dags/example_branch_python_dop_operator_3.py
[2026-04-06T06:41:33.912+0000] {logging_mixin.py:190} INFO - [2026-04-06T06:41:33.912+0000] {dag.py:3239} INFO - Sync 1 DAGs
[2026-04-06T06:41:33.922+0000] {logging_mixin.py:190} INFO - [2026-04-06T06:41:33.922+0000] {dag.py:4180} INFO - Setting next_dagrun for example_branch_dop_operator_v3 to 2026-04-06 06:40:00+00:00, run_after=2026-04-06 06:41:00+00:00
[2026-04-06T06:41:33.929+0000] {processor.py:208} INFO - Processing /home/airflow/.local/lib/python3.12/site-packages/airflow/example_dags/example_branch_python_dop_operator_3.py took 0.034 seconds
[2026-04-06T06:42:05.141+0000] {processor.py:186} INFO - Started process (PID=977) to work on /home/airflow/.local/lib/python3.12/site-packages/airflow/example_dags/example_branch_python_dop_operator_3.py
[2026-04-06T06:42:05.142+0000] {processor.py:914} INFO - Processing file /home/airflow/.local/lib/python3.12/site-packages/airflow/example_dags/example_branch_python_dop_operator_3.py for tasks to queue
[2026-04-06T06:42:05.143+0000] {logging_mixin.py:190} INFO - [2026-04-06T06:42:05.143+0000] {dagbag.py:588} INFO - Filling up the DagBag from /home/airflow/.local/lib/python3.12/site-packages/airflow/example_dags/example_branch_python_dop_operator_3.py
[2026-04-06T06:42:05.149+0000] {processor.py:925} INFO - DAG(s) 'example_branch_dop_operator_v3' retrieved from /home/airflow/.local/lib/python3.12/site-packages/airflow/example_dags/example_branch_python_dop_operator_3.py
[2026-04-06T06:42:05.158+0000] {logging_mixin.py:190} INFO - [2026-04-06T06:42:05.157+0000] {dag.py:3239} INFO - Sync 1 DAGs
[2026-04-06T06:42:05.170+0000] {logging_mixin.py:190} INFO - [2026-04-06T06:42:05.170+0000] {dag.py:4180} INFO - Setting next_dagrun for example_branch_dop_operator_v3 to 2026-04-06 06:41:00+00:00, run_after=2026-04-06 06:42:00+00:00
[2026-04-06T06:42:05.182+0000] {processor.py:208} INFO - Processing /home/airflow/.local/lib/python3.12/site-packages/airflow/example_dags/example_branch_python_dop_operator_3.py took 0.043 seconds
[2026-04-06T06:42:36.345+0000] {processor.py:186} INFO - Started process (PID=1040) to work on /home/airflow/.local/lib/python3.12/site-packages/airflow/example_dags/example_branch_python_dop_operator_3.py
[2026-04-06T06:42:36.345+0000] {processor.py:914} INFO - Processing file /home/airflow/.local/lib/python3.12/site-packages/airflow/example_dags/example_branch_python_dop_operator_3.py for tasks to queue
[2026-04-06T06:42:36.346+0000] {logging_mixin.py:190} INFO - [2026-04-06T06:42:36.346+0000] {dagbag.py:588} INFO - Filling up the DagBag from /home/airflow/.local/lib/python3.12/site-packages/airflow/example_dags/example_branch_python_dop_operator_3.py
[2026-04-06T06:42:36.351+0000] {processor.py:925} INFO - DAG(s) 'example_branch_dop_operator_v3' retrieved from /home/airflow/.local/lib/python3.12/site-packages/airflow/example_dags/example_branch_python_dop_operator_3.py
[2026-04-06T06:42:36.360+0000] {logging_mixin.py:190} INFO - [2026-04-06T06:42:36.360+0000] {dag.py:3239} INFO - Sync 1 DAGs
[2026-04-06T06:42:36.369+0000] {logging_mixin.py:190} INFO - [2026-04-06T06:42:36.369+0000] {dag.py:4180} INFO - Setting next_dagrun for example_branch_dop_operator_v3 to 2026-04-06 06:41:00+00:00, run_after=2026-04-06 06:42:00+00:00
[2026-04-06T06:42:36.378+0000] {processor.py:208} INFO - Processing /home/airflow/.local/lib/python3.12/site-packages/airflow/example_dags/example_branch_python_dop_operator_3.py took 0.037 seconds
[2026-04-06T06:43:07.438+0000] {processor.py:186} INFO - Started process (PID=1103) to work on /home/airflow/.local/lib/python3.12/site-packages/airflow/example_dags/example_branch_python_dop_operator_3.py
[2026-04-06T06:43:07.439+0000] {processor.py:914} INFO - Processing file /home/airflow/.local/lib/python3.12/site-packages/airflow/example_dags/example_branch_python_dop_operator_3.py for tasks to queue
[2026-04-06T06:43:07.440+0000] {logging_mixin.py:190} INFO - [2026-04-06T06:43:07.440+0000] {dagbag.py:588} INFO - Filling up the DagBag from /home/airflow/.local/lib/python3.12/site-packages/airflow/example_dags/example_branch_python_dop_operator_3.py
[2026-04-06T06:43:07.444+0000] {processor.py:925} INFO - DAG(s) 'example_branch_dop_operator_v3' retrieved from /home/airflow/.local/lib/python3.12/site-packages/airflow/example_dags/example_branch_python_dop_operator_3.py
[2026-04-06T06:43:07.453+0000] {logging_mixin.py:190} INFO - [2026-04-06T06:43:07.453+0000] {dag.py:3239} INFO - Sync 1 DAGs
[2026-04-06T06:43:07.461+0000] {logging_mixin.py:190} INFO - [2026-04-06T06:43:07.461+0000] {dag.py:4180} INFO - Setting next_dagrun for example_branch_dop_operator_v3 to 2026-04-06 06:42:00+00:00, run_after=2026-04-06 06:43:00+00:00
[2026-04-06T06:43:07.469+0000] {processor.py:208} INFO - Processing /home/airflow/.local/lib/python3.12/site-packages/airflow/example_dags/example_branch_python_dop_operator_3.py took 0.033 seconds
[2026-04-06T06:43:38.623+0000] {processor.py:186} INFO - Started process (PID=1166) to work on /home/airflow/.local/lib/python3.12/site-packages/airflow/example_dags/example_branch_python_dop_operator_3.py
[2026-04-06T06:43:38.624+0000] {processor.py:914} INFO - Processing file /home/airflow/.local/lib/python3.12/site-packages/airflow/example_dags/example_branch_python_dop_operator_3.py for tasks to queue
[2026-04-06T06:43:38.625+0000] {logging_mixin.py:190} INFO - [2026-04-06T06:43:38.625+0000] {dagbag.py:588} INFO - Filling up the DagBag from /home/airflow/.local/lib/python3.12/site-packages/airflow/example_dags/example_branch_python_dop_operator_3.py
[2026-04-06T06:43:38.629+0000] {processor.py:925} INFO - DAG(s) 'example_branch_dop_operator_v3' retrieved from /home/airflow/.local/lib/python3.12/site-packages/airflow/example_dags/example_branch_python_dop_operator_3.py
[2026-04-06T06:43:38.637+0000] {logging_mixin.py:190} INFO - [2026-04-06T06:43:38.637+0000] {dag.py:3239} INFO - Sync 1 DAGs
[2026-04-06T06:43:38.646+0000] {logging_mixin.py:190} INFO - [2026-04-06T06:43:38.646+0000] {dag.py:4180} INFO - Setting next_dagrun for example_branch_dop_operator_v3 to 2026-04-06 06:42:00+00:00, run_after=2026-04-06 06:43:00+00:00
[2026-04-06T06:43:38.655+0000] {processor.py:208} INFO - Processing /home/airflow/.local/lib/python3.12/site-packages/airflow/example_dags/example_branch_python_dop_operator_3.py took 0.035 seconds
[2026-04-06T06:44:10.026+0000] {processor.py:186} INFO - Started process (PID=1229) to work on /home/airflow/.local/lib/python3.12/site-packages/airflow/example_dags/example_branch_python_dop_operator_3.py
[2026-04-06T06:44:10.027+0000] {processor.py:914} INFO - Processing file /home/airflow/.local/lib/python3.12/site-packages/airflow/example_dags/example_branch_python_dop_operator_3.py for tasks to queue
[2026-04-06T06:44:10.028+0000] {logging_mixin.py:190} INFO - [2026-04-06T06:44:10.027+0000] {dagbag.py:588} INFO - Filling up the DagBag from /home/airflow/.local/lib/python3.12/site-packages/airflow/example_dags/example_branch_python_dop_operator_3.py
[2026-04-06T06:44:10.032+0000] {processor.py:925} INFO - DAG(s) 'example_branch_dop_operator_v3' retrieved from /home/airflow/.local/lib/python3.12/site-packages/airflow/example_dags/example_branch_python_dop_operator_3.py
[2026-04-06T06:44:10.044+0000] {logging_mixin.py:190} INFO - [2026-04-06T06:44:10.044+0000] {dag.py:3239} INFO - Sync 1 DAGs
[2026-04-06T06:44:10.054+0000] {logging_mixin.py:190} INFO - [2026-04-06T06:44:10.054+0000] {dag.py:4180} INFO - Setting next_dagrun for example_branch_dop_operator_v3 to 2026-04-06 06:43:00+00:00, run_after=2026-04-06 06:44:00+00:00
[2026-04-06T06:44:10.061+0000] {processor.py:208} INFO - Processing /home/airflow/.local/lib/python3.12/site-packages/airflow/example_dags/example_branch_python_dop_operator_3.py took 0.038 seconds
[2026-04-06T06:44:41.342+0000] {processor.py:186} INFO - Started process (PID=1292) to work on /home/airflow/.local/lib/python3.12/site-packages/airflow/example_dags/example_branch_python_dop_operator_3.py
[2026-04-06T06:44:41.343+0000] {processor.py:914} INFO - Processing file /home/airflow/.local/lib/python3.12/site-packages/airflow/example_dags/example_branch_python_dop_operator_3.py for tasks to queue
[2026-04-06T06:44:41.344+0000] {logging_mixin.py:190} INFO - [2026-04-06T06:44:41.344+0000] {dagbag.py:588} INFO - Filling up the DagBag from /home/airflow/.local/lib/python3.12/site-packages/airflow/example_dags/example_branch_python_dop_operator_3.py
[2026-04-06T06:44:41.352+0000] {processor.py:925} INFO - DAG(s) 'example_branch_dop_operator_v3' retrieved from /home/airflow/.local/lib/python3.12/site-packages/airflow/example_dags/example_branch_python_dop_operator_3.py
[2026-04-06T06:44:41.363+0000] {logging_mixin.py:190} INFO - [2026-04-06T06:44:41.363+0000] {dag.py:3239} INFO - Sync 1 DAGs
[2026-04-06T06:44:41.374+0000] {logging_mixin.py:190} INFO - [2026-04-06T06:44:41.374+0000] {dag.py:4180} INFO - Setting next_dagrun for example_branch_dop_operator_v3 to 2026-04-06 06:43:00+00:00, run_after=2026-04-06 06:44:00+00:00
[2026-04-06T06:44:41.383+0000] {processor.py:208} INFO - Processing /home/airflow/.local/lib/python3.12/site-packages/airflow/example_dags/example_branch_python_dop_operator_3.py took 0.044 seconds
[2026-04-06T06:45:11.696+0000] {processor.py:186} INFO - Started process (PID=1355) to work on /home/airflow/.local/lib/python3.12/site-packages/airflow/example_dags/example_branch_python_dop_operator_3.py
[2026-04-06T06:45:11.696+0000] {processor.py:914} INFO - Processing file /home/airflow/.local/lib/python3.12/site-packages/airflow/example_dags/example_branch_python_dop_operator_3.py for tasks to queue
[2026-04-06T06:45:11.697+0000] {logging_mixin.py:190} INFO - [2026-04-06T06:45:11.697+0000] {dagbag.py:588} INFO - Filling up the DagBag from /home/airflow/.local/lib/python3.12/site-packages/airflow/example_dags/example_branch_python_dop_operator_3.py
[2026-04-06T06:45:11.701+0000] {processor.py:925} INFO - DAG(s) 'example_branch_dop_operator_v3' retrieved from /home/airflow/.local/lib/python3.12/site-packages/airflow/example_dags/example_branch_python_dop_operator_3.py
[2026-04-06T06:45:11.708+0000] {logging_mixin.py:190} INFO - [2026-04-06T06:45:11.708+0000] {dag.py:3239} INFO - Sync 1 DAGs
[2026-04-06T06:45:11.717+0000] {logging_mixin.py:190} INFO - [2026-04-06T06:45:11.717+0000] {dag.py:4180} INFO - Setting next_dagrun for example_branch_dop_operator_v3 to 2026-04-06 06:44:00+00:00, run_after=2026-04-06 06:45:00+00:00
[2026-04-06T06:45:11.722+0000] {processor.py:208} INFO - Processing /home/airflow/.local/lib/python3.12/site-packages/airflow/example_dags/example_branch_python_dop_operator_3.py took 0.029 seconds
[2026-04-06T06:45:42.793+0000] {processor.py:186} INFO - Started process (PID=1418) to work on /home/airflow/.local/lib/python3.12/site-packages/airflow/example_dags/example_branch_python_dop_operator_3.py
[2026-04-06T06:45:42.793+0000] {processor.py:914} INFO - Processing file /home/airflow/.local/lib/python3.12/site-packages/airflow/example_dags/example_branch_python_dop_operator_3.py for tasks to queue
[2026-04-06T06:45:42.794+0000] {logging_mixin.py:190} INFO - [2026-04-06T06:45:42.794+0000] {dagbag.py:588} INFO - Filling up the DagBag from /home/airflow/.local/lib/python3.12/site-packages/airflow/example_dags/example_branch_python_dop_operator_3.py
[2026-04-06T06:45:42.798+0000] {processor.py:925} INFO - DAG(s) 'example_branch_dop_operator_v3' retrieved from /home/airflow/.local/lib/python3.12/site-packages/airflow/example_dags/example_branch_python_dop_operator_3.py
[2026-04-06T06:45:42.805+0000] {logging_mixin.py:190} INFO - [2026-04-06T06:45:42.805+0000] {dag.py:3239} INFO - Sync 1 DAGs
[2026-04-06T06:45:42.814+0000] {logging_mixin.py:190} INFO - [2026-04-06T06:45:42.814+0000] {dag.py:4180} INFO - Setting next_dagrun for example_branch_dop_operator_v3 to 2026-04-06 06:44:00+00:00, run_after=2026-04-06 06:45:00+00:00
[2026-04-06T06:45:42.819+0000] {processor.py:208} INFO - Processing /home/airflow/.local/lib/python3.12/site-packages/airflow/example_dags/example_branch_python_dop_operator_3.py took 0.029 seconds
[2026-04-06T06:46:13.668+0000] {processor.py:186} INFO - Started process (PID=1481) to work on /home/airflow/.local/lib/python3.12/site-packages/airflow/example_dags/example_branch_python_dop_operator_3.py
[2026-04-06T06:46:13.668+0000] {processor.py:914} INFO - Processing file /home/airflow/.local/lib/python3.12/site-packages/airflow/example_dags/example_branch_python_dop_operator_3.py for tasks to queue
[2026-04-06T06:46:13.669+0000] {logging_mixin.py:190} INFO - [2026-04-06T06:46:13.669+0000] {dagbag.py:588} INFO - Filling up the DagBag from /home/airflow/.local/lib/python3.12/site-packages/airflow/example_dags/example_branch_python_dop_operator_3.py
[2026-04-06T06:46:13.673+0000] {processor.py:925} INFO - DAG(s) 'example_branch_dop_operator_v3' retrieved from /home/airflow/.local/lib/python3.12/site-packages/airflow/example_dags/example_branch_python_dop_operator_3.py
[2026-04-06T06:46:13.680+0000] {logging_mixin.py:190} INFO - [2026-04-06T06:46:13.680+0000] {dag.py:3239} INFO - Sync 1 DAGs
[2026-04-06T06:46:13.688+0000] {logging_mixin.py:190} INFO - [2026-04-06T06:46:13.688+0000] {dag.py:4180} INFO - Setting next_dagrun for example_branch_dop_operator_v3 to 2026-04-06 06:45:00+00:00, run_after=2026-04-06 06:46:00+00:00
[2026-04-06T06:46:13.694+0000] {processor.py:208} INFO - Processing /home/airflow/.local/lib/python3.12/site-packages/airflow/example_dags/example_branch_python_dop_operator_3.py took 0.028 seconds
[2026-04-06T06:46:44.618+0000] {processor.py:186} INFO - Started process (PID=1544) to work on /home/airflow/.local/lib/python3.12/site-packages/airflow/example_dags/example_branch_python_dop_operator_3.py
[2026-04-06T06:46:44.618+0000] {processor.py:914} INFO - Processing file /home/airflow/.local/lib/python3.12/site-packages/airflow/example_dags/example_branch_python_dop_operator_3.py for tasks to queue
[2026-04-06T06:46:44.619+0000] {logging_mixin.py:190} INFO - [2026-04-06T06:46:44.619+0000] {dagbag.py:588} INFO - Filling up the DagBag from /home/airflow/.local/lib/python3.12/site-packages/airflow/example_dags/example_branch_python_dop_operator_3.py
[2026-04-06T06:46:44.623+0000] {processor.py:925} INFO - DAG(s) 'example_branch_dop_operator_v3' retrieved from /home/airflow/.local/lib/python3.12/site-packages/airflow/example_dags/example_branch_python_dop_operator_3.py
[2026-04-06T06:46:44.630+0000] {logging_mixin.py:190} INFO - [2026-04-06T06:46:44.630+0000] {dag.py:3239} INFO - Sync 1 DAGs
[2026-04-06T06:46:44.638+0000] {logging_mixin.py:190} INFO - [2026-04-06T06:46:44.638+0000] {dag.py:4180} INFO - Setting next_dagrun for example_branch_dop_operator_v3 to 2026-04-06 06:45:00+00:00, run_after=2026-04-06 06:46:00+00:00
[2026-04-06T06:46:44.644+0000] {processor.py:208} INFO - Processing /home/airflow/.local/lib/python3.12/site-packages/airflow/example_dags/example_branch_python_dop_operator_3.py took 0.028 seconds
[2026-04-06T06:47:15.560+0000] {processor.py:186} INFO - Started process (PID=1607) to work on /home/airflow/.local/lib/python3.12/site-packages/airflow/example_dags/example_branch_python_dop_operator_3.py
[2026-04-06T06:47:15.560+0000] {processor.py:914} INFO - Processing file /home/airflow/.local/lib/python3.12/site-packages/airflow/example_dags/example_branch_python_dop_operator_3.py for tasks to queue
[2026-04-06T06:47:15.561+0000] {logging_mixin.py:190} INFO - [2026-04-06T06:47:15.561+0000] {dagbag.py:588} INFO - Filling up the DagBag from /home/airflow/.local/lib/python3.12/site-packages/airflow/example_dags/example_branch_python_dop_operator_3.py
[2026-04-06T06:47:15.565+0000] {processor.py:925} INFO - DAG(s) 'example_branch_dop_operator_v3' retrieved from /home/airflow/.local/lib/python3.12/site-packages/airflow/example_dags/example_branch_python_dop_operator_3.py
[2026-04-06T06:47:15.573+0000] {logging_mixin.py:190} INFO - [2026-04-06T06:47:15.573+0000] {dag.py:3239} INFO - Sync 1 DAGs
[2026-04-06T06:47:15.582+0000] {logging_mixin.py:190} INFO - [2026-04-06T06:47:15.582+0000] {dag.py:4180} INFO - Setting next_dagrun for example_branch_dop_operator_v3 to 2026-04-06 06:46:00+00:00, run_after=2026-04-06 06:47:00+00:00
[2026-04-06T06:47:15.588+0000] {processor.py:208} INFO - Processing /home/airflow/.local/lib/python3.12/site-packages/airflow/example_dags/example_branch_python_dop_operator_3.py took 0.030 seconds
[2026-04-06T06:47:46.593+0000] {processor.py:186} INFO - Started process (PID=1670) to work on /home/airflow/.local/lib/python3.12/site-packages/airflow/example_dags/example_branch_python_dop_operator_3.py
[2026-04-06T06:47:46.593+0000] {processor.py:914} INFO - Processing file /home/airflow/.local/lib/python3.12/site-packages/airflow/example_dags/example_branch_python_dop_operator_3.py for tasks to queue
[2026-04-06T06:47:46.594+0000] {logging_mixin.py:190} INFO - [2026-04-06T06:47:46.594+0000] {dagbag.py:588} INFO - Filling up the DagBag from /home/airflow/.local/lib/python3.12/site-packages/airflow/example_dags/example_branch_python_dop_operator_3.py
[2026-04-06T06:47:46.598+0000] {processor.py:925} INFO - DAG(s) 'example_branch_dop_operator_v3' retrieved from /home/airflow/.local/lib/python3.12/site-packages/airflow/example_dags/example_branch_python_dop_operator_3.py
[2026-04-06T06:47:46.604+0000] {logging_mixin.py:190} INFO - [2026-04-06T06:47:46.604+0000] {dag.py:3239} INFO - Sync 1 DAGs
[2026-04-06T06:47:46.612+0000] {logging_mixin.py:190} INFO - [2026-04-06T06:47:46.612+0000] {dag.py:4180} INFO - Setting next_dagrun for example_branch_dop_operator_v3 to 2026-04-06 06:46:00+00:00, run_after=2026-04-06 06:47:00+00:00
[2026-04-06T06:47:46.617+0000] {processor.py:208} INFO - Processing /home/airflow/.local/lib/python3.12/site-packages/airflow/example_dags/example_branch_python_dop_operator_3.py took 0.027 seconds
[2026-04-06T06:48:17.526+0000] {processor.py:186} INFO - Started process (PID=1733) to work on /home/airflow/.local/lib/python3.12/site-packages/airflow/example_dags/example_branch_python_dop_operator_3.py
[2026-04-06T06:48:17.526+0000] {processor.py:914} INFO - Processing file /home/airflow/.local/lib/python3.12/site-packages/airflow/example_dags/example_branch_python_dop_operator_3.py for tasks to queue
[2026-04-06T06:48:17.527+0000] {logging_mixin.py:190} INFO - [2026-04-06T06:48:17.527+0000] {dagbag.py:588} INFO - Filling up the DagBag from /home/airflow/.local/lib/python3.12/site-packages/airflow/example_dags/example_branch_python_dop_operator_3.py
[2026-04-06T06:48:17.531+0000] {processor.py:925} INFO - DAG(s) 'example_branch_dop_operator_v3' retrieved from /home/airflow/.local/lib/python3.12/site-packages/airflow/example_dags/example_branch_python_dop_operator_3.py
[2026-04-06T06:48:17.537+0000] {logging_mixin.py:190} INFO - [2026-04-06T06:48:17.537+0000] {dag.py:3239} INFO - Sync 1 DAGs
[2026-04-06T06:48:17.545+0000] {logging_mixin.py:190} INFO - [2026-04-06T06:48:17.545+0000] {dag.py:4180} INFO - Setting next_dagrun for example_branch_dop_operator_v3 to 2026-04-06 06:47:00+00:00, run_after=2026-04-06 06:48:00+00:00
[2026-04-06T06:48:17.550+0000] {processor.py:208} INFO - Processing /home/airflow/.local/lib/python3.12/site-packages/airflow/example_dags/example_branch_python_dop_operator_3.py took 0.026 seconds
[2026-04-06T06:48:48.679+0000] {processor.py:186} INFO - Started process (PID=1802) to work on /home/airflow/.local/lib/python3.12/site-packages/airflow/example_dags/example_branch_python_dop_operator_3.py
[2026-04-06T06:48:48.680+0000] {processor.py:914} INFO - Processing file /home/airflow/.local/lib/python3.12/site-packages/airflow/example_dags/example_branch_python_dop_operator_3.py for tasks to queue
[2026-04-06T06:48:48.681+0000] {logging_mixin.py:190} INFO - [2026-04-06T06:48:48.681+0000] {dagbag.py:588} INFO - Filling up the DagBag from /home/airflow/.local/lib/python3.12/site-packages/airflow/example_dags/example_branch_python_dop_operator_3.py
[2026-04-06T06:48:48.685+0000] {processor.py:925} INFO - DAG(s) 'example_branch_dop_operator_v3' retrieved from /home/airflow/.local/lib/python3.12/site-packages/airflow/example_dags/example_branch_python_dop_operator_3.py
[2026-04-06T06:48:48.694+0000] {logging_mixin.py:190} INFO - [2026-04-06T06:48:48.694+0000] {dag.py:3239} INFO - Sync 1 DAGs
[2026-04-06T06:48:48.703+0000] {logging_mixin.py:190} INFO - [2026-04-06T06:48:48.703+0000] {dag.py:4180} INFO - Setting next_dagrun for example_branch_dop_operator_v3 to 2026-04-06 06:47:00+00:00, run_after=2026-04-06 06:48:00+00:00
[2026-04-06T06:48:48.708+0000] {processor.py:208} INFO - Processing /home/airflow/.local/lib/python3.12/site-packages/airflow/example_dags/example_branch_python_dop_operator_3.py took 0.031 seconds
[2026-04-06T06:49:19.848+0000] {processor.py:186} INFO - Started process (PID=1865) to work on /home/airflow/.local/lib/python3.12/site-packages/airflow/example_dags/example_branch_python_dop_operator_3.py
[2026-04-06T06:49:19.849+0000] {processor.py:914} INFO - Processing file /home/airflow/.local/lib/python3.12/site-packages/airflow/example_dags/example_branch_python_dop_operator_3.py for tasks to queue
[2026-04-06T06:49:19.850+0000] {logging_mixin.py:190} INFO - [2026-04-06T06:49:19.850+0000] {dagbag.py:588} INFO - Filling up the DagBag from /home/airflow/.local/lib/python3.12/site-packages/airflow/example_dags/example_branch_python_dop_operator_3.py
[2026-04-06T06:49:19.854+0000] {processor.py:925} INFO - DAG(s) 'example_branch_dop_operator_v3' retrieved from /home/airflow/.local/lib/python3.12/site-packages/airflow/example_dags/example_branch_python_dop_operator_3.py
[2026-04-06T06:49:19.861+0000] {logging_mixin.py:190} INFO - [2026-04-06T06:49:19.861+0000] {dag.py:3239} INFO - Sync 1 DAGs
[2026-04-06T06:49:19.871+0000] {logging_mixin.py:190} INFO - [2026-04-06T06:49:19.871+0000] {dag.py:4180} INFO - Setting next_dagrun for example_branch_dop_operator_v3 to 2026-04-06 06:48:00+00:00, run_after=2026-04-06 06:49:00+00:00
[2026-04-06T06:49:19.877+0000] {processor.py:208} INFO - Processing /home/airflow/.local/lib/python3.12/site-packages/airflow/example_dags/example_branch_python_dop_operator_3.py took 0.031 seconds
[2026-04-06T06:49:50.871+0000] {processor.py:186} INFO - Started process (PID=1928) to work on /home/airflow/.local/lib/python3.12/site-packages/airflow/example_dags/example_branch_python_dop_operator_3.py
[2026-04-06T06:49:50.871+0000] {processor.py:914} INFO - Processing file /home/airflow/.local/lib/python3.12/site-packages/airflow/example_dags/example_branch_python_dop_operator_3.py for tasks to queue
[2026-04-06T06:49:50.873+0000] {logging_mixin.py:190} INFO - [2026-04-06T06:49:50.873+0000] {dagbag.py:588} INFO - Filling up the DagBag from /home/airflow/.local/lib/python3.12/site-packages/airflow/example_dags/example_branch_python_dop_operator_3.py
[2026-04-06T06:49:50.876+0000] {processor.py:925} INFO - DAG(s) 'example_branch_dop_operator_v3' retrieved from /home/airflow/.local/lib/python3.12/site-packages/airflow/example_dags/example_branch_python_dop_operator_3.py
[2026-04-06T06:49:50.885+0000] {logging_mixin.py:190} INFO - [2026-04-06T06:49:50.885+0000] {dag.py:3239} INFO - Sync 1 DAGs
[2026-04-06T06:49:50.894+0000] {logging_mixin.py:190} INFO - [2026-04-06T06:49:50.894+0000] {dag.py:4180} INFO - Setting next_dagrun for example_branch_dop_operator_v3 to 2026-04-06 06:48:00+00:00, run_after=2026-04-06 06:49:00+00:00
[2026-04-06T06:49:50.905+0000] {processor.py:208} INFO - Processing /home/airflow/.local/lib/python3.12/site-packages/airflow/example_dags/example_branch_python_dop_operator_3.py took 0.036 seconds
[2026-04-06T06:50:22.103+0000] {processor.py:186} INFO - Started process (PID=1992) to work on /home/airflow/.local/lib/python3.12/site-packages/airflow/example_dags/example_branch_python_dop_operator_3.py
[2026-04-06T06:50:22.104+0000] {processor.py:914} INFO - Processing file /home/airflow/.local/lib/python3.12/site-packages/airflow/example_dags/example_branch_python_dop_operator_3.py for tasks to queue
[2026-04-06T06:50:22.105+0000] {logging_mixin.py:190} INFO - [2026-04-06T06:50:22.105+0000] {dagbag.py:588} INFO - Filling up the DagBag from /home/airflow/.local/lib/python3.12/site-packages/airflow/example_dags/example_branch_python_dop_operator_3.py
[2026-04-06T06:50:22.111+0000] {processor.py:925} INFO - DAG(s) 'example_branch_dop_operator_v3' retrieved from /home/airflow/.local/lib/python3.12/site-packages/airflow/example_dags/example_branch_python_dop_operator_3.py
[2026-04-06T06:50:22.120+0000] {logging_mixin.py:190} INFO - [2026-04-06T06:50:22.120+0000] {dag.py:3239} INFO - Sync 1 DAGs
[2026-04-06T06:50:22.128+0000] {logging_mixin.py:190} INFO - [2026-04-06T06:50:22.128+0000] {dag.py:4180} INFO - Setting next_dagrun for example_branch_dop_operator_v3 to 2026-04-06 06:49:00+00:00, run_after=2026-04-06 06:50:00+00:00
[2026-04-06T06:50:22.134+0000] {processor.py:208} INFO - Processing /home/airflow/.local/lib/python3.12/site-packages/airflow/example_dags/example_branch_python_dop_operator_3.py took 0.033 seconds
[2026-04-06T06:50:53.456+0000] {processor.py:186} INFO - Started process (PID=2055) to work on /home/airflow/.local/lib/python3.12/site-packages/airflow/example_dags/example_branch_python_dop_operator_3.py
[2026-04-06T06:50:53.457+0000] {processor.py:914} INFO - Processing file /home/airflow/.local/lib/python3.12/site-packages/airflow/example_dags/example_branch_python_dop_operator_3.py for tasks to queue
[2026-04-06T06:50:53.459+0000] {logging_mixin.py:190} INFO - [2026-04-06T06:50:53.459+0000] {dagbag.py:588} INFO - Filling up the DagBag from /home/airflow/.local/lib/python3.12/site-packages/airflow/example_dags/example_branch_python_dop_operator_3.py
[2026-04-06T06:50:53.463+0000] {processor.py:925} INFO - DAG(s) 'example_branch_dop_operator_v3' retrieved from /home/airflow/.local/lib/python3.12/site-packages/airflow/example_dags/example_branch_python_dop_operator_3.py
[2026-04-06T06:50:53.471+0000] {logging_mixin.py:190} INFO - [2026-04-06T06:50:53.471+0000] {dag.py:3239} INFO - Sync 1 DAGs
[2026-04-06T06:50:53.479+0000] {logging_mixin.py:190} INFO - [2026-04-06T06:50:53.479+0000] {dag.py:4180} INFO - Setting next_dagrun for example_branch_dop_operator_v3 to 2026-04-06 06:49:00+00:00, run_after=2026-04-06 06:50:00+00:00
[2026-04-06T06:50:53.488+0000] {processor.py:208} INFO - Processing /home/airflow/.local/lib/python3.12/site-packages/airflow/example_dags/example_branch_python_dop_operator_3.py took 0.033 seconds
[2026-04-06T06:51:24.819+0000] {processor.py:186} INFO - Started process (PID=2118) to work on /home/airflow/.local/lib/python3.12/site-packages/airflow/example_dags/example_branch_python_dop_operator_3.py
[2026-04-06T06:51:24.819+0000] {processor.py:914} INFO - Processing file /home/airflow/.local/lib/python3.12/site-packages/airflow/example_dags/example_branch_python_dop_operator_3.py for tasks to queue
[2026-04-06T06:51:24.820+0000] {logging_mixin.py:190} INFO - [2026-04-06T06:51:24.820+0000] {dagbag.py:588} INFO - Filling up the DagBag from /home/airflow/.local/lib/python3.12/site-packages/airflow/example_dags/example_branch_python_dop_operator_3.py
[2026-04-06T06:51:24.827+0000] {processor.py:925} INFO - DAG(s) 'example_branch_dop_operator_v3' retrieved from /home/airflow/.local/lib/python3.12/site-packages/airflow/example_dags/example_branch_python_dop_operator_3.py
[2026-04-06T06:51:24.840+0000] {logging_mixin.py:190} INFO - [2026-04-06T06:51:24.840+0000] {dag.py:3239} INFO - Sync 1 DAGs
[2026-04-06T06:51:24.850+0000] {logging_mixin.py:190} INFO - [2026-04-06T06:51:24.850+0000] {dag.py:4180} INFO - Setting next_dagrun for example_branch_dop_operator_v3 to 2026-04-06 06:50:00+00:00, run_after=2026-04-06 06:51:00+00:00
[2026-04-06T06:51:24.856+0000] {processor.py:208} INFO - Processing /home/airflow/.local/lib/python3.12/site-packages/airflow/example_dags/example_branch_python_dop_operator_3.py took 0.041 seconds
[2026-04-06T06:51:56.302+0000] {processor.py:186} INFO - Started process (PID=2181) to work on /home/airflow/.local/lib/python3.12/site-packages/airflow/example_dags/example_branch_python_dop_operator_3.py
[2026-04-06T06:51:56.302+0000] {processor.py:914} INFO - Processing file /home/airflow/.local/lib/python3.12/site-packages/airflow/example_dags/example_branch_python_dop_operator_3.py for tasks to queue
[2026-04-06T06:51:56.304+0000] {logging_mixin.py:190} INFO - [2026-04-06T06:51:56.304+0000] {dagbag.py:588} INFO - Filling up the DagBag from /home/airflow/.local/lib/python3.12/site-packages/airflow/example_dags/example_branch_python_dop_operator_3.py
[2026-04-06T06:51:56.309+0000] {processor.py:925} INFO - DAG(s) 'example_branch_dop_operator_v3' retrieved from /home/airflow/.local/lib/python3.12/site-packages/airflow/example_dags/example_branch_python_dop_operator_3.py
[2026-04-06T06:51:56.323+0000] {logging_mixin.py:190} INFO - [2026-04-06T06:51:56.322+0000] {dag.py:3239} INFO - Sync 1 DAGs
[2026-04-06T06:51:56.333+0000] {logging_mixin.py:190} INFO - [2026-04-06T06:51:56.333+0000] {dag.py:4180} INFO - Setting next_dagrun for example_branch_dop_operator_v3 to 2026-04-06 06:50:00+00:00, run_after=2026-04-06 06:51:00+00:00
[2026-04-06T06:51:56.341+0000] {processor.py:208} INFO - Processing /home/airflow/.local/lib/python3.12/site-packages/airflow/example_dags/example_branch_python_dop_operator_3.py took 0.041 seconds
[2026-04-06T06:52:26.581+0000] {processor.py:186} INFO - Started process (PID=2244) to work on /home/airflow/.local/lib/python3.12/site-packages/airflow/example_dags/example_branch_python_dop_operator_3.py
[2026-04-06T06:52:26.581+0000] {processor.py:914} INFO - Processing file /home/airflow/.local/lib/python3.12/site-packages/airflow/example_dags/example_branch_python_dop_operator_3.py for tasks to queue
[2026-04-06T06:52:26.582+0000] {logging_mixin.py:190} INFO - [2026-04-06T06:52:26.582+0000] {dagbag.py:588} INFO - Filling up the DagBag from /home/airflow/.local/lib/python3.12/site-packages/airflow/example_dags/example_branch_python_dop_operator_3.py
[2026-04-06T06:52:26.586+0000] {processor.py:925} INFO - DAG(s) 'example_branch_dop_operator_v3' retrieved from /home/airflow/.local/lib/python3.12/site-packages/airflow/example_dags/example_branch_python_dop_operator_3.py
[2026-04-06T06:52:26.596+0000] {logging_mixin.py:190} INFO - [2026-04-06T06:52:26.596+0000] {dag.py:3239} INFO - Sync 1 DAGs
[2026-04-06T06:52:26.605+0000] {logging_mixin.py:190} INFO - [2026-04-06T06:52:26.605+0000] {dag.py:4180} INFO - Setting next_dagrun for example_branch_dop_operator_v3 to 2026-04-06 06:51:00+00:00, run_after=2026-04-06 06:52:00+00:00
[2026-04-06T06:52:26.618+0000] {processor.py:208} INFO - Processing /home/airflow/.local/lib/python3.12/site-packages/airflow/example_dags/example_branch_python_dop_operator_3.py took 0.040 seconds
[2026-04-06T06:52:57.750+0000] {processor.py:186} INFO - Started process (PID=2307) to work on /home/airflow/.local/lib/python3.12/site-packages/airflow/example_dags/example_branch_python_dop_operator_3.py
[2026-04-06T06:52:57.750+0000] {processor.py:914} INFO - Processing file /home/airflow/.local/lib/python3.12/site-packages/airflow/example_dags/example_branch_python_dop_operator_3.py for tasks to queue
[2026-04-06T06:52:57.751+0000] {logging_mixin.py:190} INFO - [2026-04-06T06:52:57.751+0000] {dagbag.py:588} INFO - Filling up the DagBag from /home/airflow/.local/lib/python3.12/site-packages/airflow/example_dags/example_branch_python_dop_operator_3.py
[2026-04-06T06:52:57.756+0000] {processor.py:925} INFO - DAG(s) 'example_branch_dop_operator_v3' retrieved from /home/airflow/.local/lib/python3.12/site-packages/airflow/example_dags/example_branch_python_dop_operator_3.py
[2026-04-06T06:52:57.763+0000] {logging_mixin.py:190} INFO - [2026-04-06T06:52:57.763+0000] {dag.py:3239} INFO - Sync 1 DAGs
[2026-04-06T06:52:57.777+0000] {logging_mixin.py:190} INFO - [2026-04-06T06:52:57.777+0000] {dag.py:4180} INFO - Setting next_dagrun for example_branch_dop_operator_v3 to 2026-04-06 06:51:00+00:00, run_after=2026-04-06 06:52:00+00:00
[2026-04-06T06:52:57.785+0000] {processor.py:208} INFO - Processing /home/airflow/.local/lib/python3.12/site-packages/airflow/example_dags/example_branch_python_dop_operator_3.py took 0.038 seconds
[2026-04-06T06:53:28.878+0000] {processor.py:186} INFO - Started process (PID=2370) to work on /home/airflow/.local/lib/python3.12/site-packages/airflow/example_dags/example_branch_python_dop_operator_3.py
[2026-04-06T06:53:28.878+0000] {processor.py:914} INFO - Processing file /home/airflow/.local/lib/python3.12/site-packages/airflow/example_dags/example_branch_python_dop_operator_3.py for tasks to queue
[2026-04-06T06:53:28.879+0000] {logging_mixin.py:190} INFO - [2026-04-06T06:53:28.879+0000] {dagbag.py:588} INFO - Filling up the DagBag from /home/airflow/.local/lib/python3.12/site-packages/airflow/example_dags/example_branch_python_dop_operator_3.py
[2026-04-06T06:53:28.884+0000] {processor.py:925} INFO - DAG(s) 'example_branch_dop_operator_v3' retrieved from /home/airflow/.local/lib/python3.12/site-packages/airflow/example_dags/example_branch_python_dop_operator_3.py
[2026-04-06T06:53:28.894+0000] {logging_mixin.py:190} INFO - [2026-04-06T06:53:28.894+0000] {dag.py:3239} INFO - Sync 1 DAGs
[2026-04-06T06:53:28.904+0000] {logging_mixin.py:190} INFO - [2026-04-06T06:53:28.904+0000] {dag.py:4180} INFO - Setting next_dagrun for example_branch_dop_operator_v3 to 2026-04-06 06:52:00+00:00, run_after=2026-04-06 06:53:00+00:00
[2026-04-06T06:53:28.913+0000] {processor.py:208} INFO - Processing /home/airflow/.local/lib/python3.12/site-packages/airflow/example_dags/example_branch_python_dop_operator_3.py took 0.038 seconds
[2026-04-06T06:53:59.994+0000] {processor.py:186} INFO - Started process (PID=2433) to work on /home/airflow/.local/lib/python3.12/site-packages/airflow/example_dags/example_branch_python_dop_operator_3.py
[2026-04-06T06:53:59.996+0000] {processor.py:914} INFO - Processing file /home/airflow/.local/lib/python3.12/site-packages/airflow/example_dags/example_branch_python_dop_operator_3.py for tasks to queue
[2026-04-06T06:53:59.998+0000] {logging_mixin.py:190} INFO - [2026-04-06T06:53:59.998+0000] {dagbag.py:588} INFO - Filling up the DagBag from /home/airflow/.local/lib/python3.12/site-packages/airflow/example_dags/example_branch_python_dop_operator_3.py
[2026-04-06T06:54:00.002+0000] {processor.py:925} INFO - DAG(s) 'example_branch_dop_operator_v3' retrieved from /home/airflow/.local/lib/python3.12/site-packages/airflow/example_dags/example_branch_python_dop_operator_3.py
[2026-04-06T06:54:00.011+0000] {logging_mixin.py:190} INFO - [2026-04-06T06:54:00.011+0000] {dag.py:3239} INFO - Sync 1 DAGs
[2026-04-06T06:54:00.020+0000] {logging_mixin.py:190} INFO - [2026-04-06T06:54:00.020+0000] {dag.py:4180} INFO - Setting next_dagrun for example_branch_dop_operator_v3 to 2026-04-06 06:53:00+00:00, run_after=2026-04-06 06:54:00+00:00
[2026-04-06T06:54:00.030+0000] {processor.py:208} INFO - Processing /home/airflow/.local/lib/python3.12/site-packages/airflow/example_dags/example_branch_python_dop_operator_3.py took 0.038 seconds
[2026-04-06T06:54:31.239+0000] {processor.py:186} INFO - Started process (PID=2496) to work on /home/airflow/.local/lib/python3.12/site-packages/airflow/example_dags/example_branch_python_dop_operator_3.py
[2026-04-06T06:54:31.240+0000] {processor.py:914} INFO - Processing file /home/airflow/.local/lib/python3.12/site-packages/airflow/example_dags/example_branch_python_dop_operator_3.py for tasks to queue
[2026-04-06T06:54:31.241+0000] {logging_mixin.py:190} INFO - [2026-04-06T06:54:31.240+0000] {dagbag.py:588} INFO - Filling up the DagBag from /home/airflow/.local/lib/python3.12/site-packages/airflow/example_dags/example_branch_python_dop_operator_3.py
[2026-04-06T06:54:31.245+0000] {processor.py:925} INFO - DAG(s) 'example_branch_dop_operator_v3' retrieved from /home/airflow/.local/lib/python3.12/site-packages/airflow/example_dags/example_branch_python_dop_operator_3.py
[2026-04-06T06:54:31.255+0000] {logging_mixin.py:190} INFO - [2026-04-06T06:54:31.255+0000] {dag.py:3239} INFO - Sync 1 DAGs
[2026-04-06T06:54:31.269+0000] {logging_mixin.py:190} INFO - [2026-04-06T06:54:31.269+0000] {dag.py:4180} INFO - Setting next_dagrun for example_branch_dop_operator_v3 to 2026-04-06 06:53:00+00:00, run_after=2026-04-06 06:54:00+00:00
[2026-04-06T06:54:31.279+0000] {processor.py:208} INFO - Processing /home/airflow/.local/lib/python3.12/site-packages/airflow/example_dags/example_branch_python_dop_operator_3.py took 0.042 seconds
[2026-04-06T06:55:02.288+0000] {processor.py:186} INFO - Started process (PID=2559) to work on /home/airflow/.local/lib/python3.12/site-packages/airflow/example_dags/example_branch_python_dop_operator_3.py
[2026-04-06T06:55:02.289+0000] {processor.py:914} INFO - Processing file /home/airflow/.local/lib/python3.12/site-packages/airflow/example_dags/example_branch_python_dop_operator_3.py for tasks to queue
[2026-04-06T06:55:02.290+0000] {logging_mixin.py:190} INFO - [2026-04-06T06:55:02.290+0000] {dagbag.py:588} INFO - Filling up the DagBag from /home/airflow/.local/lib/python3.12/site-packages/airflow/example_dags/example_branch_python_dop_operator_3.py
[2026-04-06T06:55:02.297+0000] {processor.py:925} INFO - DAG(s) 'example_branch_dop_operator_v3' retrieved from /home/airflow/.local/lib/python3.12/site-packages/airflow/example_dags/example_branch_python_dop_operator_3.py
[2026-04-06T06:55:02.305+0000] {logging_mixin.py:190} INFO - [2026-04-06T06:55:02.305+0000] {dag.py:3239} INFO - Sync 1 DAGs
[2026-04-06T06:55:02.317+0000] {logging_mixin.py:190} INFO - [2026-04-06T06:55:02.317+0000] {dag.py:4180} INFO - Setting next_dagrun for example_branch_dop_operator_v3 to 2026-04-06 06:54:00+00:00, run_after=2026-04-06 06:55:00+00:00
[2026-04-06T06:55:02.325+0000] {processor.py:208} INFO - Processing /home/airflow/.local/lib/python3.12/site-packages/airflow/example_dags/example_branch_python_dop_operator_3.py took 0.040 seconds
[2026-04-06T06:55:33.628+0000] {processor.py:186} INFO - Started process (PID=2629) to work on /home/airflow/.local/lib/python3.12/site-packages/airflow/example_dags/example_branch_python_dop_operator_3.py
[2026-04-06T06:55:33.628+0000] {processor.py:914} INFO - Processing file /home/airflow/.local/lib/python3.12/site-packages/airflow/example_dags/example_branch_python_dop_operator_3.py for tasks to queue
[2026-04-06T06:55:33.629+0000] {logging_mixin.py:190} INFO - [2026-04-06T06:55:33.629+0000] {dagbag.py:588} INFO - Filling up the DagBag from /home/airflow/.local/lib/python3.12/site-packages/airflow/example_dags/example_branch_python_dop_operator_3.py
[2026-04-06T06:55:33.633+0000] {processor.py:925} INFO - DAG(s) 'example_branch_dop_operator_v3' retrieved from /home/airflow/.local/lib/python3.12/site-packages/airflow/example_dags/example_branch_python_dop_operator_3.py
[2026-04-06T06:55:33.640+0000] {logging_mixin.py:190} INFO - [2026-04-06T06:55:33.640+0000] {dag.py:3239} INFO - Sync 1 DAGs
[2026-04-06T06:55:33.650+0000] {logging_mixin.py:190} INFO - [2026-04-06T06:55:33.649+0000] {dag.py:4180} INFO - Setting next_dagrun for example_branch_dop_operator_v3 to 2026-04-06 06:54:00+00:00, run_after=2026-04-06 06:55:00+00:00
[2026-04-06T06:55:33.657+0000] {processor.py:208} INFO - Processing /home/airflow/.local/lib/python3.12/site-packages/airflow/example_dags/example_branch_python_dop_operator_3.py took 0.032 seconds
[2026-04-06T06:56:04.831+0000] {processor.py:186} INFO - Started process (PID=2692) to work on /home/airflow/.local/lib/python3.12/site-packages/airflow/example_dags/example_branch_python_dop_operator_3.py
[2026-04-06T06:56:04.832+0000] {processor.py:914} INFO - Processing file /home/airflow/.local/lib/python3.12/site-packages/airflow/example_dags/example_branch_python_dop_operator_3.py for tasks to queue
[2026-04-06T06:56:04.833+0000] {logging_mixin.py:190} INFO - [2026-04-06T06:56:04.833+0000] {dagbag.py:588} INFO - Filling up the DagBag from /home/airflow/.local/lib/python3.12/site-packages/airflow/example_dags/example_branch_python_dop_operator_3.py
[2026-04-06T06:56:04.837+0000] {processor.py:925} INFO - DAG(s) 'example_branch_dop_operator_v3' retrieved from /home/airflow/.local/lib/python3.12/site-packages/airflow/example_dags/example_branch_python_dop_operator_3.py
[2026-04-06T06:56:04.844+0000] {logging_mixin.py:190} INFO - [2026-04-06T06:56:04.844+0000] {dag.py:3239} INFO - Sync 1 DAGs
[2026-04-06T06:56:04.852+0000] {logging_mixin.py:190} INFO - [2026-04-06T06:56:04.852+0000] {dag.py:4180} INFO - Setting next_dagrun for example_branch_dop_operator_v3 to 2026-04-06 06:55:00+00:00, run_after=2026-04-06 06:56:00+00:00
[2026-04-06T06:56:04.860+0000] {processor.py:208} INFO - Processing /home/airflow/.local/lib/python3.12/site-packages/airflow/example_dags/example_branch_python_dop_operator_3.py took 0.031 seconds
[2026-04-06T06:56:36.570+0000] {processor.py:186} INFO - Started process (PID=2755) to work on /home/airflow/.local/lib/python3.12/site-packages/airflow/example_dags/example_branch_python_dop_operator_3.py
[2026-04-06T06:56:36.570+0000] {processor.py:914} INFO - Processing file /home/airflow/.local/lib/python3.12/site-packages/airflow/example_dags/example_branch_python_dop_operator_3.py for tasks to queue
[2026-04-06T06:56:36.571+0000] {logging_mixin.py:190} INFO - [2026-04-06T06:56:36.571+0000] {dagbag.py:588} INFO - Filling up the DagBag from /home/airflow/.local/lib/python3.12/site-packages/airflow/example_dags/example_branch_python_dop_operator_3.py
[2026-04-06T06:56:36.578+0000] {processor.py:925} INFO - DAG(s) 'example_branch_dop_operator_v3' retrieved from /home/airflow/.local/lib/python3.12/site-packages/airflow/example_dags/example_branch_python_dop_operator_3.py
[2026-04-06T06:56:36.590+0000] {logging_mixin.py:190} INFO - [2026-04-06T06:56:36.590+0000] {dag.py:3239} INFO - Sync 1 DAGs
[2026-04-06T06:56:36.602+0000] {logging_mixin.py:190} INFO - [2026-04-06T06:56:36.602+0000] {dag.py:4180} INFO - Setting next_dagrun for example_branch_dop_operator_v3 to 2026-04-06 06:55:00+00:00, run_after=2026-04-06 06:56:00+00:00
[2026-04-06T06:56:36.615+0000] {processor.py:208} INFO - Processing /home/airflow/.local/lib/python3.12/site-packages/airflow/example_dags/example_branch_python_dop_operator_3.py took 0.048 seconds
[2026-04-06T06:57:07.074+0000] {processor.py:186} INFO - Started process (PID=2818) to work on /home/airflow/.local/lib/python3.12/site-packages/airflow/example_dags/example_branch_python_dop_operator_3.py
[2026-04-06T06:57:07.074+0000] {processor.py:914} INFO - Processing file /home/airflow/.local/lib/python3.12/site-packages/airflow/example_dags/example_branch_python_dop_operator_3.py for tasks to queue
[2026-04-06T06:57:07.075+0000] {logging_mixin.py:190} INFO - [2026-04-06T06:57:07.075+0000] {dagbag.py:588} INFO - Filling up the DagBag from /home/airflow/.local/lib/python3.12/site-packages/airflow/example_dags/example_branch_python_dop_operator_3.py
[2026-04-06T06:57:07.080+0000] {processor.py:925} INFO - DAG(s) 'example_branch_dop_operator_v3' retrieved from /home/airflow/.local/lib/python3.12/site-packages/airflow/example_dags/example_branch_python_dop_operator_3.py
[2026-04-06T06:57:07.087+0000] {logging_mixin.py:190} INFO - [2026-04-06T06:57:07.087+0000] {dag.py:3239} INFO - Sync 1 DAGs
[2026-04-06T06:57:07.098+0000] {logging_mixin.py:190} INFO - [2026-04-06T06:57:07.098+0000] {dag.py:4180} INFO - Setting next_dagrun for example_branch_dop_operator_v3 to 2026-04-06 06:56:00+00:00, run_after=2026-04-06 06:57:00+00:00
[2026-04-06T06:57:07.109+0000] {processor.py:208} INFO - Processing /home/airflow/.local/lib/python3.12/site-packages/airflow/example_dags/example_branch_python_dop_operator_3.py took 0.038 seconds
[2026-04-06T06:57:38.821+0000] {processor.py:186} INFO - Started process (PID=2881) to work on /home/airflow/.local/lib/python3.12/site-packages/airflow/example_dags/example_branch_python_dop_operator_3.py
[2026-04-06T06:57:38.822+0000] {processor.py:914} INFO - Processing file /home/airflow/.local/lib/python3.12/site-packages/airflow/example_dags/example_branch_python_dop_operator_3.py for tasks to queue
[2026-04-06T06:57:38.823+0000] {logging_mixin.py:190} INFO - [2026-04-06T06:57:38.823+0000] {dagbag.py:588} INFO - Filling up the DagBag from /home/airflow/.local/lib/python3.12/site-packages/airflow/example_dags/example_branch_python_dop_operator_3.py
[2026-04-06T06:57:38.828+0000] {processor.py:925} INFO - DAG(s) 'example_branch_dop_operator_v3' retrieved from /home/airflow/.local/lib/python3.12/site-packages/airflow/example_dags/example_branch_python_dop_operator_3.py
[2026-04-06T06:57:38.844+0000] {logging_mixin.py:190} INFO - [2026-04-06T06:57:38.843+0000] {dag.py:3239} INFO - Sync 1 DAGs
[2026-04-06T06:57:38.856+0000] {logging_mixin.py:190} INFO - [2026-04-06T06:57:38.856+0000] {dag.py:4180} INFO - Setting next_dagrun for example_branch_dop_operator_v3 to 2026-04-06 06:56:00+00:00, run_after=2026-04-06 06:57:00+00:00
[2026-04-06T06:57:38.864+0000] {processor.py:208} INFO - Processing /home/airflow/.local/lib/python3.12/site-packages/airflow/example_dags/example_branch_python_dop_operator_3.py took 0.045 seconds
[2026-04-06T06:58:09.503+0000] {processor.py:186} INFO - Started process (PID=2944) to work on /home/airflow/.local/lib/python3.12/site-packages/airflow/example_dags/example_branch_python_dop_operator_3.py
[2026-04-06T06:58:09.504+0000] {processor.py:914} INFO - Processing file /home/airflow/.local/lib/python3.12/site-packages/airflow/example_dags/example_branch_python_dop_operator_3.py for tasks to queue
[2026-04-06T06:58:09.505+0000] {logging_mixin.py:190} INFO - [2026-04-06T06:58:09.505+0000] {dagbag.py:588} INFO - Filling up the DagBag from /home/airflow/.local/lib/python3.12/site-packages/airflow/example_dags/example_branch_python_dop_operator_3.py
[2026-04-06T06:58:09.509+0000] {processor.py:925} INFO - DAG(s) 'example_branch_dop_operator_v3' retrieved from /home/airflow/.local/lib/python3.12/site-packages/airflow/example_dags/example_branch_python_dop_operator_3.py
[2026-04-06T06:58:09.517+0000] {logging_mixin.py:190} INFO - [2026-04-06T06:58:09.517+0000] {dag.py:3239} INFO - Sync 1 DAGs
[2026-04-06T06:58:09.526+0000] {logging_mixin.py:190} INFO - [2026-04-06T06:58:09.526+0000] {dag.py:4180} INFO - Setting next_dagrun for example_branch_dop_operator_v3 to 2026-04-06 06:57:00+00:00, run_after=2026-04-06 06:58:00+00:00
[2026-04-06T06:58:09.532+0000] {processor.py:208} INFO - Processing /home/airflow/.local/lib/python3.12/site-packages/airflow/example_dags/example_branch_python_dop_operator_3.py took 0.031 seconds
[2026-04-06T06:58:39.812+0000] {processor.py:186} INFO - Started process (PID=3007) to work on /home/airflow/.local/lib/python3.12/site-packages/airflow/example_dags/example_branch_python_dop_operator_3.py
[2026-04-06T06:58:39.813+0000] {processor.py:914} INFO - Processing file /home/airflow/.local/lib/python3.12/site-packages/airflow/example_dags/example_branch_python_dop_operator_3.py for tasks to queue
[2026-04-06T06:58:39.814+0000] {logging_mixin.py:190} INFO - [2026-04-06T06:58:39.814+0000] {dagbag.py:588} INFO - Filling up the DagBag from /home/airflow/.local/lib/python3.12/site-packages/airflow/example_dags/example_branch_python_dop_operator_3.py
[2026-04-06T06:58:39.822+0000] {processor.py:925} INFO - DAG(s) 'example_branch_dop_operator_v3' retrieved from /home/airflow/.local/lib/python3.12/site-packages/airflow/example_dags/example_branch_python_dop_operator_3.py
[2026-04-06T06:58:39.831+0000] {logging_mixin.py:190} INFO - [2026-04-06T06:58:39.831+0000] {dag.py:3239} INFO - Sync 1 DAGs
[2026-04-06T06:58:39.841+0000] {logging_mixin.py:190} INFO - [2026-04-06T06:58:39.841+0000] {dag.py:4180} INFO - Setting next_dagrun for example_branch_dop_operator_v3 to 2026-04-06 06:57:00+00:00, run_after=2026-04-06 06:58:00+00:00
[2026-04-06T06:58:39.847+0000] {processor.py:208} INFO - Processing /home/airflow/.local/lib/python3.12/site-packages/airflow/example_dags/example_branch_python_dop_operator_3.py took 0.037 seconds
[2026-04-06T06:59:10.994+0000] {processor.py:186} INFO - Started process (PID=3070) to work on /home/airflow/.local/lib/python3.12/site-packages/airflow/example_dags/example_branch_python_dop_operator_3.py
[2026-04-06T06:59:10.996+0000] {processor.py:914} INFO - Processing file /home/airflow/.local/lib/python3.12/site-packages/airflow/example_dags/example_branch_python_dop_operator_3.py for tasks to queue
[2026-04-06T06:59:10.997+0000] {logging_mixin.py:190} INFO - [2026-04-06T06:59:10.996+0000] {dagbag.py:588} INFO - Filling up the DagBag from /home/airflow/.local/lib/python3.12/site-packages/airflow/example_dags/example_branch_python_dop_operator_3.py
[2026-04-06T06:59:11.001+0000] {processor.py:925} INFO - DAG(s) 'example_branch_dop_operator_v3' retrieved from /home/airflow/.local/lib/python3.12/site-packages/airflow/example_dags/example_branch_python_dop_operator_3.py
[2026-04-06T06:59:11.012+0000] {logging_mixin.py:190} INFO - [2026-04-06T06:59:11.012+0000] {dag.py:3239} INFO - Sync 1 DAGs
[2026-04-06T06:59:11.024+0000] {logging_mixin.py:190} INFO - [2026-04-06T06:59:11.023+0000] {dag.py:4180} INFO - Setting next_dagrun for example_branch_dop_operator_v3 to 2026-04-06 06:58:00+00:00, run_after=2026-04-06 06:59:00+00:00
[2026-04-06T06:59:11.030+0000] {processor.py:208} INFO - Processing /home/airflow/.local/lib/python3.12/site-packages/airflow/example_dags/example_branch_python_dop_operator_3.py took 0.037 seconds
[2026-04-06T06:59:42.361+0000] {processor.py:186} INFO - Started process (PID=3133) to work on /home/airflow/.local/lib/python3.12/site-packages/airflow/example_dags/example_branch_python_dop_operator_3.py
[2026-04-06T06:59:42.363+0000] {processor.py:914} INFO - Processing file /home/airflow/.local/lib/python3.12/site-packages/airflow/example_dags/example_branch_python_dop_operator_3.py for tasks to queue
[2026-04-06T06:59:42.364+0000] {logging_mixin.py:190} INFO - [2026-04-06T06:59:42.364+0000] {dagbag.py:588} INFO - Filling up the DagBag from /home/airflow/.local/lib/python3.12/site-packages/airflow/example_dags/example_branch_python_dop_operator_3.py
[2026-04-06T06:59:42.368+0000] {processor.py:925} INFO - DAG(s) 'example_branch_dop_operator_v3' retrieved from /home/airflow/.local/lib/python3.12/site-packages/airflow/example_dags/example_branch_python_dop_operator_3.py
[2026-04-06T06:59:42.377+0000] {logging_mixin.py:190} INFO - [2026-04-06T06:59:42.377+0000] {dag.py:3239} INFO - Sync 1 DAGs
[2026-04-06T06:59:42.387+0000] {logging_mixin.py:190} INFO - [2026-04-06T06:59:42.387+0000] {dag.py:4180} INFO - Setting next_dagrun for example_branch_dop_operator_v3 to 2026-04-06 06:58:00+00:00, run_after=2026-04-06 06:59:00+00:00
[2026-04-06T06:59:42.397+0000] {processor.py:208} INFO - Processing /home/airflow/.local/lib/python3.12/site-packages/airflow/example_dags/example_branch_python_dop_operator_3.py took 0.037 seconds
[2026-04-06T07:00:12.671+0000] {processor.py:186} INFO - Started process (PID=3196) to work on /home/airflow/.local/lib/python3.12/site-packages/airflow/example_dags/example_branch_python_dop_operator_3.py
[2026-04-06T07:00:12.672+0000] {processor.py:914} INFO - Processing file /home/airflow/.local/lib/python3.12/site-packages/airflow/example_dags/example_branch_python_dop_operator_3.py for tasks to queue
[2026-04-06T07:00:12.674+0000] {logging_mixin.py:190} INFO - [2026-04-06T07:00:12.674+0000] {dagbag.py:588} INFO - Filling up the DagBag from /home/airflow/.local/lib/python3.12/site-packages/airflow/example_dags/example_branch_python_dop_operator_3.py
[2026-04-06T07:00:12.679+0000] {processor.py:925} INFO - DAG(s) 'example_branch_dop_operator_v3' retrieved from /home/airflow/.local/lib/python3.12/site-packages/airflow/example_dags/example_branch_python_dop_operator_3.py
[2026-04-06T07:00:12.691+0000] {logging_mixin.py:190} INFO - [2026-04-06T07:00:12.691+0000] {dag.py:3239} INFO - Sync 1 DAGs
[2026-04-06T07:00:12.701+0000] {logging_mixin.py:190} INFO - [2026-04-06T07:00:12.701+0000] {dag.py:4180} INFO - Setting next_dagrun for example_branch_dop_operator_v3 to 2026-04-06 06:59:00+00:00, run_after=2026-04-06 07:00:00+00:00
[2026-04-06T07:00:12.708+0000] {processor.py:208} INFO - Processing /home/airflow/.local/lib/python3.12/site-packages/airflow/example_dags/example_branch_python_dop_operator_3.py took 0.040 seconds
[2026-04-06T07:42:14.141+0000] {processor.py:186} INFO - Started process (PID=94) to work on /home/airflow/.local/lib/python3.12/site-packages/airflow/example_dags/example_branch_python_dop_operator_3.py
[2026-04-06T07:42:14.141+0000] {processor.py:914} INFO - Processing file /home/airflow/.local/lib/python3.12/site-packages/airflow/example_dags/example_branch_python_dop_operator_3.py for tasks to queue
[2026-04-06T07:42:14.142+0000] {logging_mixin.py:190} INFO - [2026-04-06T07:42:14.142+0000] {dagbag.py:588} INFO - Filling up the DagBag from /home/airflow/.local/lib/python3.12/site-packages/airflow/example_dags/example_branch_python_dop_operator_3.py
[2026-04-06T07:42:14.147+0000] {processor.py:925} INFO - DAG(s) 'example_branch_dop_operator_v3' retrieved from /home/airflow/.local/lib/python3.12/site-packages/airflow/example_dags/example_branch_python_dop_operator_3.py
[2026-04-06T07:42:14.154+0000] {logging_mixin.py:190} INFO - [2026-04-06T07:42:14.154+0000] {dag.py:3239} INFO - Sync 1 DAGs
[2026-04-06T07:42:14.164+0000] {logging_mixin.py:190} INFO - [2026-04-06T07:42:14.163+0000] {dag.py:4180} INFO - Setting next_dagrun for example_branch_dop_operator_v3 to 2026-04-06 07:41:00+00:00, run_after=2026-04-06 07:42:00+00:00
[2026-04-06T07:42:14.169+0000] {processor.py:208} INFO - Processing /home/airflow/.local/lib/python3.12/site-packages/airflow/example_dags/example_branch_python_dop_operator_3.py took 0.031 seconds
[2026-04-06T07:42:44.618+0000] {processor.py:186} INFO - Started process (PID=158) to work on /home/airflow/.local/lib/python3.12/site-packages/airflow/example_dags/example_branch_python_dop_operator_3.py
[2026-04-06T07:42:44.619+0000] {processor.py:914} INFO - Processing file /home/airflow/.local/lib/python3.12/site-packages/airflow/example_dags/example_branch_python_dop_operator_3.py for tasks to queue
[2026-04-06T07:42:44.620+0000] {logging_mixin.py:190} INFO - [2026-04-06T07:42:44.620+0000] {dagbag.py:588} INFO - Filling up the DagBag from /home/airflow/.local/lib/python3.12/site-packages/airflow/example_dags/example_branch_python_dop_operator_3.py
[2026-04-06T07:42:44.627+0000] {processor.py:925} INFO - DAG(s) 'example_branch_dop_operator_v3' retrieved from /home/airflow/.local/lib/python3.12/site-packages/airflow/example_dags/example_branch_python_dop_operator_3.py
[2026-04-06T07:42:44.638+0000] {logging_mixin.py:190} INFO - [2026-04-06T07:42:44.638+0000] {dag.py:3239} INFO - Sync 1 DAGs
[2026-04-06T07:42:44.648+0000] {logging_mixin.py:190} INFO - [2026-04-06T07:42:44.648+0000] {dag.py:4180} INFO - Setting next_dagrun for example_branch_dop_operator_v3 to 2026-04-06 07:41:00+00:00, run_after=2026-04-06 07:42:00+00:00
[2026-04-06T07:42:44.659+0000] {processor.py:208} INFO - Processing /home/airflow/.local/lib/python3.12/site-packages/airflow/example_dags/example_branch_python_dop_operator_3.py took 0.043 seconds
[2026-04-06T07:43:14.833+0000] {processor.py:186} INFO - Started process (PID=221) to work on /home/airflow/.local/lib/python3.12/site-packages/airflow/example_dags/example_branch_python_dop_operator_3.py
[2026-04-06T07:43:14.834+0000] {processor.py:914} INFO - Processing file /home/airflow/.local/lib/python3.12/site-packages/airflow/example_dags/example_branch_python_dop_operator_3.py for tasks to queue
[2026-04-06T07:43:14.836+0000] {logging_mixin.py:190} INFO - [2026-04-06T07:43:14.836+0000] {dagbag.py:588} INFO - Filling up the DagBag from /home/airflow/.local/lib/python3.12/site-packages/airflow/example_dags/example_branch_python_dop_operator_3.py
[2026-04-06T07:43:14.840+0000] {processor.py:925} INFO - DAG(s) 'example_branch_dop_operator_v3' retrieved from /home/airflow/.local/lib/python3.12/site-packages/airflow/example_dags/example_branch_python_dop_operator_3.py
[2026-04-06T07:43:14.847+0000] {logging_mixin.py:190} INFO - [2026-04-06T07:43:14.847+0000] {dag.py:3239} INFO - Sync 1 DAGs
[2026-04-06T07:43:14.856+0000] {logging_mixin.py:190} INFO - [2026-04-06T07:43:14.856+0000] {dag.py:4180} INFO - Setting next_dagrun for example_branch_dop_operator_v3 to 2026-04-06 07:42:00+00:00, run_after=2026-04-06 07:43:00+00:00
[2026-04-06T07:43:14.867+0000] {processor.py:208} INFO - Processing /home/airflow/.local/lib/python3.12/site-packages/airflow/example_dags/example_branch_python_dop_operator_3.py took 0.036 seconds
[2026-04-06T07:43:45.869+0000] {processor.py:186} INFO - Started process (PID=285) to work on /home/airflow/.local/lib/python3.12/site-packages/airflow/example_dags/example_branch_python_dop_operator_3.py
[2026-04-06T07:43:45.870+0000] {processor.py:914} INFO - Processing file /home/airflow/.local/lib/python3.12/site-packages/airflow/example_dags/example_branch_python_dop_operator_3.py for tasks to queue
[2026-04-06T07:43:45.871+0000] {logging_mixin.py:190} INFO - [2026-04-06T07:43:45.871+0000] {dagbag.py:588} INFO - Filling up the DagBag from /home/airflow/.local/lib/python3.12/site-packages/airflow/example_dags/example_branch_python_dop_operator_3.py
[2026-04-06T07:43:45.875+0000] {processor.py:925} INFO - DAG(s) 'example_branch_dop_operator_v3' retrieved from /home/airflow/.local/lib/python3.12/site-packages/airflow/example_dags/example_branch_python_dop_operator_3.py
[2026-04-06T07:43:45.885+0000] {logging_mixin.py:190} INFO - [2026-04-06T07:43:45.885+0000] {dag.py:3239} INFO - Sync 1 DAGs
[2026-04-06T07:43:45.894+0000] {logging_mixin.py:190} INFO - [2026-04-06T07:43:45.894+0000] {dag.py:4180} INFO - Setting next_dagrun for example_branch_dop_operator_v3 to 2026-04-06 07:42:00+00:00, run_after=2026-04-06 07:43:00+00:00
[2026-04-06T07:43:45.902+0000] {processor.py:208} INFO - Processing /home/airflow/.local/lib/python3.12/site-packages/airflow/example_dags/example_branch_python_dop_operator_3.py took 0.035 seconds
[2026-04-06T07:44:17.061+0000] {processor.py:186} INFO - Started process (PID=349) to work on /home/airflow/.local/lib/python3.12/site-packages/airflow/example_dags/example_branch_python_dop_operator_3.py
[2026-04-06T07:44:17.061+0000] {processor.py:914} INFO - Processing file /home/airflow/.local/lib/python3.12/site-packages/airflow/example_dags/example_branch_python_dop_operator_3.py for tasks to queue
[2026-04-06T07:44:17.062+0000] {logging_mixin.py:190} INFO - [2026-04-06T07:44:17.062+0000] {dagbag.py:588} INFO - Filling up the DagBag from /home/airflow/.local/lib/python3.12/site-packages/airflow/example_dags/example_branch_python_dop_operator_3.py
[2026-04-06T07:44:17.066+0000] {processor.py:925} INFO - DAG(s) 'example_branch_dop_operator_v3' retrieved from /home/airflow/.local/lib/python3.12/site-packages/airflow/example_dags/example_branch_python_dop_operator_3.py
[2026-04-06T07:44:17.076+0000] {logging_mixin.py:190} INFO - [2026-04-06T07:44:17.076+0000] {dag.py:3239} INFO - Sync 1 DAGs
[2026-04-06T07:44:17.084+0000] {logging_mixin.py:190} INFO - [2026-04-06T07:44:17.084+0000] {dag.py:4180} INFO - Setting next_dagrun for example_branch_dop_operator_v3 to 2026-04-06 07:43:00+00:00, run_after=2026-04-06 07:44:00+00:00
[2026-04-06T07:44:17.093+0000] {processor.py:208} INFO - Processing /home/airflow/.local/lib/python3.12/site-packages/airflow/example_dags/example_branch_python_dop_operator_3.py took 0.034 seconds
[2026-04-06T07:44:48.205+0000] {processor.py:186} INFO - Started process (PID=413) to work on /home/airflow/.local/lib/python3.12/site-packages/airflow/example_dags/example_branch_python_dop_operator_3.py
[2026-04-06T07:44:48.205+0000] {processor.py:914} INFO - Processing file /home/airflow/.local/lib/python3.12/site-packages/airflow/example_dags/example_branch_python_dop_operator_3.py for tasks to queue
[2026-04-06T07:44:48.206+0000] {logging_mixin.py:190} INFO - [2026-04-06T07:44:48.206+0000] {dagbag.py:588} INFO - Filling up the DagBag from /home/airflow/.local/lib/python3.12/site-packages/airflow/example_dags/example_branch_python_dop_operator_3.py
[2026-04-06T07:44:48.211+0000] {processor.py:925} INFO - DAG(s) 'example_branch_dop_operator_v3' retrieved from /home/airflow/.local/lib/python3.12/site-packages/airflow/example_dags/example_branch_python_dop_operator_3.py
[2026-04-06T07:44:48.219+0000] {logging_mixin.py:190} INFO - [2026-04-06T07:44:48.219+0000] {dag.py:3239} INFO - Sync 1 DAGs
[2026-04-06T07:44:48.228+0000] {logging_mixin.py:190} INFO - [2026-04-06T07:44:48.228+0000] {dag.py:4180} INFO - Setting next_dagrun for example_branch_dop_operator_v3 to 2026-04-06 07:43:00+00:00, run_after=2026-04-06 07:44:00+00:00
[2026-04-06T07:44:48.234+0000] {processor.py:208} INFO - Processing /home/airflow/.local/lib/python3.12/site-packages/airflow/example_dags/example_branch_python_dop_operator_3.py took 0.031 seconds
[2026-04-06T07:45:19.560+0000] {processor.py:186} INFO - Started process (PID=477) to work on /home/airflow/.local/lib/python3.12/site-packages/airflow/example_dags/example_branch_python_dop_operator_3.py
[2026-04-06T07:45:19.561+0000] {processor.py:914} INFO - Processing file /home/airflow/.local/lib/python3.12/site-packages/airflow/example_dags/example_branch_python_dop_operator_3.py for tasks to queue
[2026-04-06T07:45:19.562+0000] {logging_mixin.py:190} INFO - [2026-04-06T07:45:19.562+0000] {dagbag.py:588} INFO - Filling up the DagBag from /home/airflow/.local/lib/python3.12/site-packages/airflow/example_dags/example_branch_python_dop_operator_3.py
[2026-04-06T07:45:19.566+0000] {processor.py:925} INFO - DAG(s) 'example_branch_dop_operator_v3' retrieved from /home/airflow/.local/lib/python3.12/site-packages/airflow/example_dags/example_branch_python_dop_operator_3.py
[2026-04-06T07:45:19.575+0000] {logging_mixin.py:190} INFO - [2026-04-06T07:45:19.575+0000] {dag.py:3239} INFO - Sync 1 DAGs
[2026-04-06T07:45:19.582+0000] {logging_mixin.py:190} INFO - [2026-04-06T07:45:19.582+0000] {dag.py:4180} INFO - Setting next_dagrun for example_branch_dop_operator_v3 to 2026-04-06 07:44:00+00:00, run_after=2026-04-06 07:45:00+00:00
[2026-04-06T07:45:19.590+0000] {processor.py:208} INFO - Processing /home/airflow/.local/lib/python3.12/site-packages/airflow/example_dags/example_branch_python_dop_operator_3.py took 0.032 seconds
[2026-04-06T07:45:50.676+0000] {processor.py:186} INFO - Started process (PID=541) to work on /home/airflow/.local/lib/python3.12/site-packages/airflow/example_dags/example_branch_python_dop_operator_3.py
[2026-04-06T07:45:50.677+0000] {processor.py:914} INFO - Processing file /home/airflow/.local/lib/python3.12/site-packages/airflow/example_dags/example_branch_python_dop_operator_3.py for tasks to queue
[2026-04-06T07:45:50.678+0000] {logging_mixin.py:190} INFO - [2026-04-06T07:45:50.677+0000] {dagbag.py:588} INFO - Filling up the DagBag from /home/airflow/.local/lib/python3.12/site-packages/airflow/example_dags/example_branch_python_dop_operator_3.py
[2026-04-06T07:45:50.682+0000] {processor.py:925} INFO - DAG(s) 'example_branch_dop_operator_v3' retrieved from /home/airflow/.local/lib/python3.12/site-packages/airflow/example_dags/example_branch_python_dop_operator_3.py
[2026-04-06T07:45:50.689+0000] {logging_mixin.py:190} INFO - [2026-04-06T07:45:50.689+0000] {dag.py:3239} INFO - Sync 1 DAGs
[2026-04-06T07:45:50.699+0000] {logging_mixin.py:190} INFO - [2026-04-06T07:45:50.699+0000] {dag.py:4180} INFO - Setting next_dagrun for example_branch_dop_operator_v3 to 2026-04-06 07:44:00+00:00, run_after=2026-04-06 07:45:00+00:00
[2026-04-06T07:45:50.707+0000] {processor.py:208} INFO - Processing /home/airflow/.local/lib/python3.12/site-packages/airflow/example_dags/example_branch_python_dop_operator_3.py took 0.033 seconds
[2026-04-06T07:46:21.975+0000] {processor.py:186} INFO - Started process (PID=605) to work on /home/airflow/.local/lib/python3.12/site-packages/airflow/example_dags/example_branch_python_dop_operator_3.py
[2026-04-06T07:46:21.977+0000] {processor.py:914} INFO - Processing file /home/airflow/.local/lib/python3.12/site-packages/airflow/example_dags/example_branch_python_dop_operator_3.py for tasks to queue
[2026-04-06T07:46:21.979+0000] {logging_mixin.py:190} INFO - [2026-04-06T07:46:21.979+0000] {dagbag.py:588} INFO - Filling up the DagBag from /home/airflow/.local/lib/python3.12/site-packages/airflow/example_dags/example_branch_python_dop_operator_3.py
[2026-04-06T07:46:21.994+0000] {processor.py:925} INFO - DAG(s) 'example_branch_dop_operator_v3' retrieved from /home/airflow/.local/lib/python3.12/site-packages/airflow/example_dags/example_branch_python_dop_operator_3.py
[2026-04-06T07:46:22.010+0000] {logging_mixin.py:190} INFO - [2026-04-06T07:46:22.010+0000] {dag.py:3239} INFO - Sync 1 DAGs
[2026-04-06T07:46:22.031+0000] {logging_mixin.py:190} INFO - [2026-04-06T07:46:22.031+0000] {dag.py:4180} INFO - Setting next_dagrun for example_branch_dop_operator_v3 to 2026-04-06 07:45:00+00:00, run_after=2026-04-06 07:46:00+00:00
[2026-04-06T07:46:22.045+0000] {processor.py:208} INFO - Processing /home/airflow/.local/lib/python3.12/site-packages/airflow/example_dags/example_branch_python_dop_operator_3.py took 0.076 seconds
[2026-04-06T07:46:53.085+0000] {processor.py:186} INFO - Started process (PID=673) to work on /home/airflow/.local/lib/python3.12/site-packages/airflow/example_dags/example_branch_python_dop_operator_3.py
[2026-04-06T07:46:53.086+0000] {processor.py:914} INFO - Processing file /home/airflow/.local/lib/python3.12/site-packages/airflow/example_dags/example_branch_python_dop_operator_3.py for tasks to queue
[2026-04-06T07:46:53.087+0000] {logging_mixin.py:190} INFO - [2026-04-06T07:46:53.087+0000] {dagbag.py:588} INFO - Filling up the DagBag from /home/airflow/.local/lib/python3.12/site-packages/airflow/example_dags/example_branch_python_dop_operator_3.py
[2026-04-06T07:46:53.091+0000] {processor.py:925} INFO - DAG(s) 'example_branch_dop_operator_v3' retrieved from /home/airflow/.local/lib/python3.12/site-packages/airflow/example_dags/example_branch_python_dop_operator_3.py
[2026-04-06T07:46:53.100+0000] {logging_mixin.py:190} INFO - [2026-04-06T07:46:53.100+0000] {dag.py:3239} INFO - Sync 1 DAGs
[2026-04-06T07:46:53.111+0000] {logging_mixin.py:190} INFO - [2026-04-06T07:46:53.111+0000] {dag.py:4180} INFO - Setting next_dagrun for example_branch_dop_operator_v3 to 2026-04-06 07:45:00+00:00, run_after=2026-04-06 07:46:00+00:00
[2026-04-06T07:46:53.119+0000] {processor.py:208} INFO - Processing /home/airflow/.local/lib/python3.12/site-packages/airflow/example_dags/example_branch_python_dop_operator_3.py took 0.036 seconds
[2026-04-06T07:47:23.518+0000] {processor.py:186} INFO - Started process (PID=737) to work on /home/airflow/.local/lib/python3.12/site-packages/airflow/example_dags/example_branch_python_dop_operator_3.py
[2026-04-06T07:47:23.518+0000] {processor.py:914} INFO - Processing file /home/airflow/.local/lib/python3.12/site-packages/airflow/example_dags/example_branch_python_dop_operator_3.py for tasks to queue
[2026-04-06T07:47:23.519+0000] {logging_mixin.py:190} INFO - [2026-04-06T07:47:23.519+0000] {dagbag.py:588} INFO - Filling up the DagBag from /home/airflow/.local/lib/python3.12/site-packages/airflow/example_dags/example_branch_python_dop_operator_3.py
[2026-04-06T07:47:23.524+0000] {processor.py:925} INFO - DAG(s) 'example_branch_dop_operator_v3' retrieved from /home/airflow/.local/lib/python3.12/site-packages/airflow/example_dags/example_branch_python_dop_operator_3.py
[2026-04-06T07:47:23.533+0000] {logging_mixin.py:190} INFO - [2026-04-06T07:47:23.533+0000] {dag.py:3239} INFO - Sync 1 DAGs
[2026-04-06T07:47:23.541+0000] {logging_mixin.py:190} INFO - [2026-04-06T07:47:23.541+0000] {dag.py:4180} INFO - Setting next_dagrun for example_branch_dop_operator_v3 to 2026-04-06 07:46:00+00:00, run_after=2026-04-06 07:47:00+00:00
[2026-04-06T07:47:23.547+0000] {processor.py:208} INFO - Processing /home/airflow/.local/lib/python3.12/site-packages/airflow/example_dags/example_branch_python_dop_operator_3.py took 0.032 seconds
[2026-04-06T07:47:54.688+0000] {processor.py:186} INFO - Started process (PID=801) to work on /home/airflow/.local/lib/python3.12/site-packages/airflow/example_dags/example_branch_python_dop_operator_3.py
[2026-04-06T07:47:54.688+0000] {processor.py:914} INFO - Processing file /home/airflow/.local/lib/python3.12/site-packages/airflow/example_dags/example_branch_python_dop_operator_3.py for tasks to queue
[2026-04-06T07:47:54.689+0000] {logging_mixin.py:190} INFO - [2026-04-06T07:47:54.689+0000] {dagbag.py:588} INFO - Filling up the DagBag from /home/airflow/.local/lib/python3.12/site-packages/airflow/example_dags/example_branch_python_dop_operator_3.py
[2026-04-06T07:47:54.694+0000] {processor.py:925} INFO - DAG(s) 'example_branch_dop_operator_v3' retrieved from /home/airflow/.local/lib/python3.12/site-packages/airflow/example_dags/example_branch_python_dop_operator_3.py
[2026-04-06T07:47:54.701+0000] {logging_mixin.py:190} INFO - [2026-04-06T07:47:54.701+0000] {dag.py:3239} INFO - Sync 1 DAGs
[2026-04-06T07:47:54.712+0000] {logging_mixin.py:190} INFO - [2026-04-06T07:47:54.711+0000] {dag.py:4180} INFO - Setting next_dagrun for example_branch_dop_operator_v3 to 2026-04-06 07:46:00+00:00, run_after=2026-04-06 07:47:00+00:00
[2026-04-06T07:47:54.721+0000] {processor.py:208} INFO - Processing /home/airflow/.local/lib/python3.12/site-packages/airflow/example_dags/example_branch_python_dop_operator_3.py took 0.035 seconds
[2026-04-06T07:48:25.315+0000] {processor.py:186} INFO - Started process (PID=865) to work on /home/airflow/.local/lib/python3.12/site-packages/airflow/example_dags/example_branch_python_dop_operator_3.py
[2026-04-06T07:48:25.319+0000] {processor.py:914} INFO - Processing file /home/airflow/.local/lib/python3.12/site-packages/airflow/example_dags/example_branch_python_dop_operator_3.py for tasks to queue
[2026-04-06T07:48:25.320+0000] {logging_mixin.py:190} INFO - [2026-04-06T07:48:25.320+0000] {dagbag.py:588} INFO - Filling up the DagBag from /home/airflow/.local/lib/python3.12/site-packages/airflow/example_dags/example_branch_python_dop_operator_3.py
[2026-04-06T07:48:25.327+0000] {processor.py:925} INFO - DAG(s) 'example_branch_dop_operator_v3' retrieved from /home/airflow/.local/lib/python3.12/site-packages/airflow/example_dags/example_branch_python_dop_operator_3.py
[2026-04-06T07:48:25.336+0000] {logging_mixin.py:190} INFO - [2026-04-06T07:48:25.336+0000] {dag.py:3239} INFO - Sync 1 DAGs
[2026-04-06T07:48:25.347+0000] {logging_mixin.py:190} INFO - [2026-04-06T07:48:25.347+0000] {dag.py:4180} INFO - Setting next_dagrun for example_branch_dop_operator_v3 to 2026-04-06 07:47:00+00:00, run_after=2026-04-06 07:48:00+00:00
[2026-04-06T07:48:25.358+0000] {processor.py:208} INFO - Processing /home/airflow/.local/lib/python3.12/site-packages/airflow/example_dags/example_branch_python_dop_operator_3.py took 0.046 seconds
[2026-04-06T07:48:55.749+0000] {processor.py:186} INFO - Started process (PID=929) to work on /home/airflow/.local/lib/python3.12/site-packages/airflow/example_dags/example_branch_python_dop_operator_3.py
[2026-04-06T07:48:55.749+0000] {processor.py:914} INFO - Processing file /home/airflow/.local/lib/python3.12/site-packages/airflow/example_dags/example_branch_python_dop_operator_3.py for tasks to queue
[2026-04-06T07:48:55.750+0000] {logging_mixin.py:190} INFO - [2026-04-06T07:48:55.750+0000] {dagbag.py:588} INFO - Filling up the DagBag from /home/airflow/.local/lib/python3.12/site-packages/airflow/example_dags/example_branch_python_dop_operator_3.py
[2026-04-06T07:48:55.755+0000] {processor.py:925} INFO - DAG(s) 'example_branch_dop_operator_v3' retrieved from /home/airflow/.local/lib/python3.12/site-packages/airflow/example_dags/example_branch_python_dop_operator_3.py
[2026-04-06T07:48:55.764+0000] {logging_mixin.py:190} INFO - [2026-04-06T07:48:55.764+0000] {dag.py:3239} INFO - Sync 1 DAGs
[2026-04-06T07:48:55.780+0000] {logging_mixin.py:190} INFO - [2026-04-06T07:48:55.780+0000] {dag.py:4180} INFO - Setting next_dagrun for example_branch_dop_operator_v3 to 2026-04-06 07:47:00+00:00, run_after=2026-04-06 07:48:00+00:00
[2026-04-06T07:48:55.791+0000] {processor.py:208} INFO - Processing /home/airflow/.local/lib/python3.12/site-packages/airflow/example_dags/example_branch_python_dop_operator_3.py took 0.044 seconds
[2026-04-06T07:49:26.198+0000] {processor.py:186} INFO - Started process (PID=993) to work on /home/airflow/.local/lib/python3.12/site-packages/airflow/example_dags/example_branch_python_dop_operator_3.py
[2026-04-06T07:49:26.198+0000] {processor.py:914} INFO - Processing file /home/airflow/.local/lib/python3.12/site-packages/airflow/example_dags/example_branch_python_dop_operator_3.py for tasks to queue
[2026-04-06T07:49:26.200+0000] {logging_mixin.py:190} INFO - [2026-04-06T07:49:26.200+0000] {dagbag.py:588} INFO - Filling up the DagBag from /home/airflow/.local/lib/python3.12/site-packages/airflow/example_dags/example_branch_python_dop_operator_3.py
[2026-04-06T07:49:26.207+0000] {processor.py:925} INFO - DAG(s) 'example_branch_dop_operator_v3' retrieved from /home/airflow/.local/lib/python3.12/site-packages/airflow/example_dags/example_branch_python_dop_operator_3.py
[2026-04-06T07:49:26.217+0000] {logging_mixin.py:190} INFO - [2026-04-06T07:49:26.217+0000] {dag.py:3239} INFO - Sync 1 DAGs
[2026-04-06T07:49:26.228+0000] {logging_mixin.py:190} INFO - [2026-04-06T07:49:26.228+0000] {dag.py:4180} INFO - Setting next_dagrun for example_branch_dop_operator_v3 to 2026-04-06 07:48:00+00:00, run_after=2026-04-06 07:49:00+00:00
[2026-04-06T07:49:26.240+0000] {processor.py:208} INFO - Processing /home/airflow/.local/lib/python3.12/site-packages/airflow/example_dags/example_branch_python_dop_operator_3.py took 0.045 seconds
[2026-04-06T07:49:56.592+0000] {processor.py:186} INFO - Started process (PID=1056) to work on /home/airflow/.local/lib/python3.12/site-packages/airflow/example_dags/example_branch_python_dop_operator_3.py
[2026-04-06T07:49:56.592+0000] {processor.py:914} INFO - Processing file /home/airflow/.local/lib/python3.12/site-packages/airflow/example_dags/example_branch_python_dop_operator_3.py for tasks to queue
[2026-04-06T07:49:56.593+0000] {logging_mixin.py:190} INFO - [2026-04-06T07:49:56.593+0000] {dagbag.py:588} INFO - Filling up the DagBag from /home/airflow/.local/lib/python3.12/site-packages/airflow/example_dags/example_branch_python_dop_operator_3.py
[2026-04-06T07:49:56.599+0000] {processor.py:925} INFO - DAG(s) 'example_branch_dop_operator_v3' retrieved from /home/airflow/.local/lib/python3.12/site-packages/airflow/example_dags/example_branch_python_dop_operator_3.py
[2026-04-06T07:49:56.610+0000] {logging_mixin.py:190} INFO - [2026-04-06T07:49:56.610+0000] {dag.py:3239} INFO - Sync 1 DAGs
[2026-04-06T07:49:56.623+0000] {logging_mixin.py:190} INFO - [2026-04-06T07:49:56.623+0000] {dag.py:4180} INFO - Setting next_dagrun for example_branch_dop_operator_v3 to 2026-04-06 07:48:00+00:00, run_after=2026-04-06 07:49:00+00:00
[2026-04-06T07:49:56.633+0000] {processor.py:208} INFO - Processing /home/airflow/.local/lib/python3.12/site-packages/airflow/example_dags/example_branch_python_dop_operator_3.py took 0.044 seconds
[2026-04-06T07:50:27.924+0000] {processor.py:186} INFO - Started process (PID=1120) to work on /home/airflow/.local/lib/python3.12/site-packages/airflow/example_dags/example_branch_python_dop_operator_3.py
[2026-04-06T07:50:27.925+0000] {processor.py:914} INFO - Processing file /home/airflow/.local/lib/python3.12/site-packages/airflow/example_dags/example_branch_python_dop_operator_3.py for tasks to queue
[2026-04-06T07:50:27.928+0000] {logging_mixin.py:190} INFO - [2026-04-06T07:50:27.927+0000] {dagbag.py:588} INFO - Filling up the DagBag from /home/airflow/.local/lib/python3.12/site-packages/airflow/example_dags/example_branch_python_dop_operator_3.py
[2026-04-06T07:50:27.932+0000] {processor.py:925} INFO - DAG(s) 'example_branch_dop_operator_v3' retrieved from /home/airflow/.local/lib/python3.12/site-packages/airflow/example_dags/example_branch_python_dop_operator_3.py
[2026-04-06T07:50:27.939+0000] {logging_mixin.py:190} INFO - [2026-04-06T07:50:27.939+0000] {dag.py:3239} INFO - Sync 1 DAGs
[2026-04-06T07:50:27.950+0000] {logging_mixin.py:190} INFO - [2026-04-06T07:50:27.950+0000] {dag.py:4180} INFO - Setting next_dagrun for example_branch_dop_operator_v3 to 2026-04-06 07:49:00+00:00, run_after=2026-04-06 07:50:00+00:00
[2026-04-06T07:50:27.957+0000] {processor.py:208} INFO - Processing /home/airflow/.local/lib/python3.12/site-packages/airflow/example_dags/example_branch_python_dop_operator_3.py took 0.036 seconds
[2026-04-06T07:50:58.944+0000] {processor.py:186} INFO - Started process (PID=1184) to work on /home/airflow/.local/lib/python3.12/site-packages/airflow/example_dags/example_branch_python_dop_operator_3.py
[2026-04-06T07:50:58.945+0000] {processor.py:914} INFO - Processing file /home/airflow/.local/lib/python3.12/site-packages/airflow/example_dags/example_branch_python_dop_operator_3.py for tasks to queue
[2026-04-06T07:50:58.946+0000] {logging_mixin.py:190} INFO - [2026-04-06T07:50:58.946+0000] {dagbag.py:588} INFO - Filling up the DagBag from /home/airflow/.local/lib/python3.12/site-packages/airflow/example_dags/example_branch_python_dop_operator_3.py
[2026-04-06T07:50:58.953+0000] {processor.py:925} INFO - DAG(s) 'example_branch_dop_operator_v3' retrieved from /home/airflow/.local/lib/python3.12/site-packages/airflow/example_dags/example_branch_python_dop_operator_3.py
[2026-04-06T07:50:58.965+0000] {logging_mixin.py:190} INFO - [2026-04-06T07:50:58.965+0000] {dag.py:3239} INFO - Sync 1 DAGs
[2026-04-06T07:50:58.974+0000] {logging_mixin.py:190} INFO - [2026-04-06T07:50:58.974+0000] {dag.py:4180} INFO - Setting next_dagrun for example_branch_dop_operator_v3 to 2026-04-06 07:49:00+00:00, run_after=2026-04-06 07:50:00+00:00
[2026-04-06T07:50:58.981+0000] {processor.py:208} INFO - Processing /home/airflow/.local/lib/python3.12/site-packages/airflow/example_dags/example_branch_python_dop_operator_3.py took 0.039 seconds
[2026-04-06T07:51:30.134+0000] {processor.py:186} INFO - Started process (PID=1248) to work on /home/airflow/.local/lib/python3.12/site-packages/airflow/example_dags/example_branch_python_dop_operator_3.py
[2026-04-06T07:51:30.134+0000] {processor.py:914} INFO - Processing file /home/airflow/.local/lib/python3.12/site-packages/airflow/example_dags/example_branch_python_dop_operator_3.py for tasks to queue
[2026-04-06T07:51:30.135+0000] {logging_mixin.py:190} INFO - [2026-04-06T07:51:30.135+0000] {dagbag.py:588} INFO - Filling up the DagBag from /home/airflow/.local/lib/python3.12/site-packages/airflow/example_dags/example_branch_python_dop_operator_3.py
[2026-04-06T07:51:30.140+0000] {processor.py:925} INFO - DAG(s) 'example_branch_dop_operator_v3' retrieved from /home/airflow/.local/lib/python3.12/site-packages/airflow/example_dags/example_branch_python_dop_operator_3.py
[2026-04-06T07:51:30.149+0000] {logging_mixin.py:190} INFO - [2026-04-06T07:51:30.149+0000] {dag.py:3239} INFO - Sync 1 DAGs
[2026-04-06T07:51:30.159+0000] {logging_mixin.py:190} INFO - [2026-04-06T07:51:30.158+0000] {dag.py:4180} INFO - Setting next_dagrun for example_branch_dop_operator_v3 to 2026-04-06 07:50:00+00:00, run_after=2026-04-06 07:51:00+00:00
[2026-04-06T07:51:30.165+0000] {processor.py:208} INFO - Processing /home/airflow/.local/lib/python3.12/site-packages/airflow/example_dags/example_branch_python_dop_operator_3.py took 0.033 seconds
[2026-04-06T07:52:01.565+0000] {processor.py:186} INFO - Started process (PID=1312) to work on /home/airflow/.local/lib/python3.12/site-packages/airflow/example_dags/example_branch_python_dop_operator_3.py
[2026-04-06T07:52:01.566+0000] {processor.py:914} INFO - Processing file /home/airflow/.local/lib/python3.12/site-packages/airflow/example_dags/example_branch_python_dop_operator_3.py for tasks to queue
[2026-04-06T07:52:01.567+0000] {logging_mixin.py:190} INFO - [2026-04-06T07:52:01.566+0000] {dagbag.py:588} INFO - Filling up the DagBag from /home/airflow/.local/lib/python3.12/site-packages/airflow/example_dags/example_branch_python_dop_operator_3.py
[2026-04-06T07:52:01.571+0000] {processor.py:925} INFO - DAG(s) 'example_branch_dop_operator_v3' retrieved from /home/airflow/.local/lib/python3.12/site-packages/airflow/example_dags/example_branch_python_dop_operator_3.py
[2026-04-06T07:52:01.579+0000] {logging_mixin.py:190} INFO - [2026-04-06T07:52:01.579+0000] {dag.py:3239} INFO - Sync 1 DAGs
[2026-04-06T07:52:01.589+0000] {logging_mixin.py:190} INFO - [2026-04-06T07:52:01.589+0000] {dag.py:4180} INFO - Setting next_dagrun for example_branch_dop_operator_v3 to 2026-04-06 07:51:00+00:00, run_after=2026-04-06 07:52:00+00:00
[2026-04-06T07:52:01.601+0000] {processor.py:208} INFO - Processing /home/airflow/.local/lib/python3.12/site-packages/airflow/example_dags/example_branch_python_dop_operator_3.py took 0.039 seconds
[2026-04-06T07:52:31.885+0000] {processor.py:186} INFO - Started process (PID=1376) to work on /home/airflow/.local/lib/python3.12/site-packages/airflow/example_dags/example_branch_python_dop_operator_3.py
[2026-04-06T07:52:31.887+0000] {processor.py:914} INFO - Processing file /home/airflow/.local/lib/python3.12/site-packages/airflow/example_dags/example_branch_python_dop_operator_3.py for tasks to queue
[2026-04-06T07:52:31.888+0000] {logging_mixin.py:190} INFO - [2026-04-06T07:52:31.888+0000] {dagbag.py:588} INFO - Filling up the DagBag from /home/airflow/.local/lib/python3.12/site-packages/airflow/example_dags/example_branch_python_dop_operator_3.py
[2026-04-06T07:52:31.894+0000] {processor.py:925} INFO - DAG(s) 'example_branch_dop_operator_v3' retrieved from /home/airflow/.local/lib/python3.12/site-packages/airflow/example_dags/example_branch_python_dop_operator_3.py
[2026-04-06T07:52:31.906+0000] {logging_mixin.py:190} INFO - [2026-04-06T07:52:31.905+0000] {dag.py:3239} INFO - Sync 1 DAGs
[2026-04-06T07:52:31.917+0000] {logging_mixin.py:190} INFO - [2026-04-06T07:52:31.917+0000] {dag.py:4180} INFO - Setting next_dagrun for example_branch_dop_operator_v3 to 2026-04-06 07:51:00+00:00, run_after=2026-04-06 07:52:00+00:00
[2026-04-06T07:52:31.923+0000] {processor.py:208} INFO - Processing /home/airflow/.local/lib/python3.12/site-packages/airflow/example_dags/example_branch_python_dop_operator_3.py took 0.040 seconds
[2026-04-06T07:53:03.211+0000] {processor.py:186} INFO - Started process (PID=1440) to work on /home/airflow/.local/lib/python3.12/site-packages/airflow/example_dags/example_branch_python_dop_operator_3.py
[2026-04-06T07:53:03.212+0000] {processor.py:914} INFO - Processing file /home/airflow/.local/lib/python3.12/site-packages/airflow/example_dags/example_branch_python_dop_operator_3.py for tasks to queue
[2026-04-06T07:53:03.212+0000] {logging_mixin.py:190} INFO - [2026-04-06T07:53:03.212+0000] {dagbag.py:588} INFO - Filling up the DagBag from /home/airflow/.local/lib/python3.12/site-packages/airflow/example_dags/example_branch_python_dop_operator_3.py
[2026-04-06T07:53:03.217+0000] {processor.py:925} INFO - DAG(s) 'example_branch_dop_operator_v3' retrieved from /home/airflow/.local/lib/python3.12/site-packages/airflow/example_dags/example_branch_python_dop_operator_3.py
[2026-04-06T07:53:03.224+0000] {logging_mixin.py:190} INFO - [2026-04-06T07:53:03.224+0000] {dag.py:3239} INFO - Sync 1 DAGs
[2026-04-06T07:53:03.233+0000] {logging_mixin.py:190} INFO - [2026-04-06T07:53:03.233+0000] {dag.py:4180} INFO - Setting next_dagrun for example_branch_dop_operator_v3 to 2026-04-06 07:52:00+00:00, run_after=2026-04-06 07:53:00+00:00
[2026-04-06T07:53:03.240+0000] {processor.py:208} INFO - Processing /home/airflow/.local/lib/python3.12/site-packages/airflow/example_dags/example_branch_python_dop_operator_3.py took 0.032 seconds
[2026-04-06T07:53:34.539+0000] {processor.py:186} INFO - Started process (PID=1504) to work on /home/airflow/.local/lib/python3.12/site-packages/airflow/example_dags/example_branch_python_dop_operator_3.py
[2026-04-06T07:53:34.540+0000] {processor.py:914} INFO - Processing file /home/airflow/.local/lib/python3.12/site-packages/airflow/example_dags/example_branch_python_dop_operator_3.py for tasks to queue
[2026-04-06T07:53:34.542+0000] {logging_mixin.py:190} INFO - [2026-04-06T07:53:34.541+0000] {dagbag.py:588} INFO - Filling up the DagBag from /home/airflow/.local/lib/python3.12/site-packages/airflow/example_dags/example_branch_python_dop_operator_3.py
[2026-04-06T07:53:34.549+0000] {processor.py:925} INFO - DAG(s) 'example_branch_dop_operator_v3' retrieved from /home/airflow/.local/lib/python3.12/site-packages/airflow/example_dags/example_branch_python_dop_operator_3.py
[2026-04-06T07:53:34.556+0000] {logging_mixin.py:190} INFO - [2026-04-06T07:53:34.556+0000] {dag.py:3239} INFO - Sync 1 DAGs
[2026-04-06T07:53:34.567+0000] {logging_mixin.py:190} INFO - [2026-04-06T07:53:34.567+0000] {dag.py:4180} INFO - Setting next_dagrun for example_branch_dop_operator_v3 to 2026-04-06 07:52:00+00:00, run_after=2026-04-06 07:53:00+00:00
[2026-04-06T07:53:34.580+0000] {processor.py:208} INFO - Processing /home/airflow/.local/lib/python3.12/site-packages/airflow/example_dags/example_branch_python_dop_operator_3.py took 0.044 seconds
[2026-04-06T07:54:06.155+0000] {processor.py:186} INFO - Started process (PID=1568) to work on /home/airflow/.local/lib/python3.12/site-packages/airflow/example_dags/example_branch_python_dop_operator_3.py
[2026-04-06T07:54:06.156+0000] {processor.py:914} INFO - Processing file /home/airflow/.local/lib/python3.12/site-packages/airflow/example_dags/example_branch_python_dop_operator_3.py for tasks to queue
[2026-04-06T07:54:06.158+0000] {logging_mixin.py:190} INFO - [2026-04-06T07:54:06.158+0000] {dagbag.py:588} INFO - Filling up the DagBag from /home/airflow/.local/lib/python3.12/site-packages/airflow/example_dags/example_branch_python_dop_operator_3.py
[2026-04-06T07:54:06.166+0000] {processor.py:925} INFO - DAG(s) 'example_branch_dop_operator_v3' retrieved from /home/airflow/.local/lib/python3.12/site-packages/airflow/example_dags/example_branch_python_dop_operator_3.py
[2026-04-06T07:54:06.176+0000] {logging_mixin.py:190} INFO - [2026-04-06T07:54:06.176+0000] {dag.py:3239} INFO - Sync 1 DAGs
[2026-04-06T07:54:06.185+0000] {logging_mixin.py:190} INFO - [2026-04-06T07:54:06.185+0000] {dag.py:4180} INFO - Setting next_dagrun for example_branch_dop_operator_v3 to 2026-04-06 07:53:00+00:00, run_after=2026-04-06 07:54:00+00:00
[2026-04-06T07:54:06.191+0000] {processor.py:208} INFO - Processing /home/airflow/.local/lib/python3.12/site-packages/airflow/example_dags/example_branch_python_dop_operator_3.py took 0.039 seconds
[2026-04-06T07:54:36.456+0000] {processor.py:186} INFO - Started process (PID=1632) to work on /home/airflow/.local/lib/python3.12/site-packages/airflow/example_dags/example_branch_python_dop_operator_3.py
[2026-04-06T07:54:36.457+0000] {processor.py:914} INFO - Processing file /home/airflow/.local/lib/python3.12/site-packages/airflow/example_dags/example_branch_python_dop_operator_3.py for tasks to queue
[2026-04-06T07:54:36.457+0000] {logging_mixin.py:190} INFO - [2026-04-06T07:54:36.457+0000] {dagbag.py:588} INFO - Filling up the DagBag from /home/airflow/.local/lib/python3.12/site-packages/airflow/example_dags/example_branch_python_dop_operator_3.py
[2026-04-06T07:54:36.462+0000] {processor.py:925} INFO - DAG(s) 'example_branch_dop_operator_v3' retrieved from /home/airflow/.local/lib/python3.12/site-packages/airflow/example_dags/example_branch_python_dop_operator_3.py
[2026-04-06T07:54:36.468+0000] {logging_mixin.py:190} INFO - [2026-04-06T07:54:36.468+0000] {dag.py:3239} INFO - Sync 1 DAGs
[2026-04-06T07:54:36.477+0000] {logging_mixin.py:190} INFO - [2026-04-06T07:54:36.477+0000] {dag.py:4180} INFO - Setting next_dagrun for example_branch_dop_operator_v3 to 2026-04-06 07:53:00+00:00, run_after=2026-04-06 07:54:00+00:00
[2026-04-06T07:54:36.488+0000] {processor.py:208} INFO - Processing /home/airflow/.local/lib/python3.12/site-packages/airflow/example_dags/example_branch_python_dop_operator_3.py took 0.035 seconds
[2026-04-06T07:55:08.084+0000] {processor.py:186} INFO - Started process (PID=1696) to work on /home/airflow/.local/lib/python3.12/site-packages/airflow/example_dags/example_branch_python_dop_operator_3.py
[2026-04-06T07:55:08.084+0000] {processor.py:914} INFO - Processing file /home/airflow/.local/lib/python3.12/site-packages/airflow/example_dags/example_branch_python_dop_operator_3.py for tasks to queue
[2026-04-06T07:55:08.085+0000] {logging_mixin.py:190} INFO - [2026-04-06T07:55:08.085+0000] {dagbag.py:588} INFO - Filling up the DagBag from /home/airflow/.local/lib/python3.12/site-packages/airflow/example_dags/example_branch_python_dop_operator_3.py
[2026-04-06T07:55:08.090+0000] {processor.py:925} INFO - DAG(s) 'example_branch_dop_operator_v3' retrieved from /home/airflow/.local/lib/python3.12/site-packages/airflow/example_dags/example_branch_python_dop_operator_3.py
[2026-04-06T07:55:08.100+0000] {logging_mixin.py:190} INFO - [2026-04-06T07:55:08.099+0000] {dag.py:3239} INFO - Sync 1 DAGs
[2026-04-06T07:55:08.112+0000] {logging_mixin.py:190} INFO - [2026-04-06T07:55:08.111+0000] {dag.py:4180} INFO - Setting next_dagrun for example_branch_dop_operator_v3 to 2026-04-06 07:54:00+00:00, run_after=2026-04-06 07:55:00+00:00
[2026-04-06T07:55:08.119+0000] {processor.py:208} INFO - Processing /home/airflow/.local/lib/python3.12/site-packages/airflow/example_dags/example_branch_python_dop_operator_3.py took 0.038 seconds
[2026-04-06T07:55:38.501+0000] {processor.py:186} INFO - Started process (PID=1761) to work on /home/airflow/.local/lib/python3.12/site-packages/airflow/example_dags/example_branch_python_dop_operator_3.py
[2026-04-06T07:55:38.501+0000] {processor.py:914} INFO - Processing file /home/airflow/.local/lib/python3.12/site-packages/airflow/example_dags/example_branch_python_dop_operator_3.py for tasks to queue
[2026-04-06T07:55:38.502+0000] {logging_mixin.py:190} INFO - [2026-04-06T07:55:38.502+0000] {dagbag.py:588} INFO - Filling up the DagBag from /home/airflow/.local/lib/python3.12/site-packages/airflow/example_dags/example_branch_python_dop_operator_3.py
[2026-04-06T07:55:38.507+0000] {processor.py:925} INFO - DAG(s) 'example_branch_dop_operator_v3' retrieved from /home/airflow/.local/lib/python3.12/site-packages/airflow/example_dags/example_branch_python_dop_operator_3.py
[2026-04-06T07:55:38.514+0000] {logging_mixin.py:190} INFO - [2026-04-06T07:55:38.514+0000] {dag.py:3239} INFO - Sync 1 DAGs
[2026-04-06T07:55:38.523+0000] {logging_mixin.py:190} INFO - [2026-04-06T07:55:38.523+0000] {dag.py:4180} INFO - Setting next_dagrun for example_branch_dop_operator_v3 to 2026-04-06 07:54:00+00:00, run_after=2026-04-06 07:55:00+00:00
[2026-04-06T07:55:38.529+0000] {processor.py:208} INFO - Processing /home/airflow/.local/lib/python3.12/site-packages/airflow/example_dags/example_branch_python_dop_operator_3.py took 0.030 seconds
[2026-04-06T07:56:08.886+0000] {processor.py:186} INFO - Started process (PID=1825) to work on /home/airflow/.local/lib/python3.12/site-packages/airflow/example_dags/example_branch_python_dop_operator_3.py
[2026-04-06T07:56:08.887+0000] {processor.py:914} INFO - Processing file /home/airflow/.local/lib/python3.12/site-packages/airflow/example_dags/example_branch_python_dop_operator_3.py for tasks to queue
[2026-04-06T07:56:08.888+0000] {logging_mixin.py:190} INFO - [2026-04-06T07:56:08.888+0000] {dagbag.py:588} INFO - Filling up the DagBag from /home/airflow/.local/lib/python3.12/site-packages/airflow/example_dags/example_branch_python_dop_operator_3.py
[2026-04-06T07:56:08.892+0000] {processor.py:925} INFO - DAG(s) 'example_branch_dop_operator_v3' retrieved from /home/airflow/.local/lib/python3.12/site-packages/airflow/example_dags/example_branch_python_dop_operator_3.py
[2026-04-06T07:56:08.899+0000] {logging_mixin.py:190} INFO - [2026-04-06T07:56:08.899+0000] {dag.py:3239} INFO - Sync 1 DAGs
[2026-04-06T07:56:08.907+0000] {logging_mixin.py:190} INFO - [2026-04-06T07:56:08.907+0000] {dag.py:4180} INFO - Setting next_dagrun for example_branch_dop_operator_v3 to 2026-04-06 07:55:00+00:00, run_after=2026-04-06 07:56:00+00:00
[2026-04-06T07:56:08.913+0000] {processor.py:208} INFO - Processing /home/airflow/.local/lib/python3.12/site-packages/airflow/example_dags/example_branch_python_dop_operator_3.py took 0.029 seconds
[2026-04-06T07:56:40.395+0000] {processor.py:186} INFO - Started process (PID=1889) to work on /home/airflow/.local/lib/python3.12/site-packages/airflow/example_dags/example_branch_python_dop_operator_3.py
[2026-04-06T07:56:40.397+0000] {processor.py:914} INFO - Processing file /home/airflow/.local/lib/python3.12/site-packages/airflow/example_dags/example_branch_python_dop_operator_3.py for tasks to queue
[2026-04-06T07:56:40.398+0000] {logging_mixin.py:190} INFO - [2026-04-06T07:56:40.397+0000] {dagbag.py:588} INFO - Filling up the DagBag from /home/airflow/.local/lib/python3.12/site-packages/airflow/example_dags/example_branch_python_dop_operator_3.py
[2026-04-06T07:56:40.402+0000] {processor.py:925} INFO - DAG(s) 'example_branch_dop_operator_v3' retrieved from /home/airflow/.local/lib/python3.12/site-packages/airflow/example_dags/example_branch_python_dop_operator_3.py
[2026-04-06T07:56:40.412+0000] {logging_mixin.py:190} INFO - [2026-04-06T07:56:40.412+0000] {dag.py:3239} INFO - Sync 1 DAGs
[2026-04-06T07:56:40.423+0000] {logging_mixin.py:190} INFO - [2026-04-06T07:56:40.423+0000] {dag.py:4180} INFO - Setting next_dagrun for example_branch_dop_operator_v3 to 2026-04-06 07:55:00+00:00, run_after=2026-04-06 07:56:00+00:00
[2026-04-06T07:56:40.431+0000] {processor.py:208} INFO - Processing /home/airflow/.local/lib/python3.12/site-packages/airflow/example_dags/example_branch_python_dop_operator_3.py took 0.039 seconds
[2026-04-06T07:57:11.744+0000] {processor.py:186} INFO - Started process (PID=1953) to work on /home/airflow/.local/lib/python3.12/site-packages/airflow/example_dags/example_branch_python_dop_operator_3.py
[2026-04-06T07:57:11.745+0000] {processor.py:914} INFO - Processing file /home/airflow/.local/lib/python3.12/site-packages/airflow/example_dags/example_branch_python_dop_operator_3.py for tasks to queue
[2026-04-06T07:57:11.746+0000] {logging_mixin.py:190} INFO - [2026-04-06T07:57:11.746+0000] {dagbag.py:588} INFO - Filling up the DagBag from /home/airflow/.local/lib/python3.12/site-packages/airflow/example_dags/example_branch_python_dop_operator_3.py
[2026-04-06T07:57:11.750+0000] {processor.py:925} INFO - DAG(s) 'example_branch_dop_operator_v3' retrieved from /home/airflow/.local/lib/python3.12/site-packages/airflow/example_dags/example_branch_python_dop_operator_3.py
[2026-04-06T07:57:11.758+0000] {logging_mixin.py:190} INFO - [2026-04-06T07:57:11.758+0000] {dag.py:3239} INFO - Sync 1 DAGs
[2026-04-06T07:57:11.767+0000] {logging_mixin.py:190} INFO - [2026-04-06T07:57:11.767+0000] {dag.py:4180} INFO - Setting next_dagrun for example_branch_dop_operator_v3 to 2026-04-06 07:56:00+00:00, run_after=2026-04-06 07:57:00+00:00
[2026-04-06T07:57:11.774+0000] {processor.py:208} INFO - Processing /home/airflow/.local/lib/python3.12/site-packages/airflow/example_dags/example_branch_python_dop_operator_3.py took 0.032 seconds
[2026-04-06T07:57:41.977+0000] {processor.py:186} INFO - Started process (PID=2017) to work on /home/airflow/.local/lib/python3.12/site-packages/airflow/example_dags/example_branch_python_dop_operator_3.py
[2026-04-06T07:57:41.979+0000] {processor.py:914} INFO - Processing file /home/airflow/.local/lib/python3.12/site-packages/airflow/example_dags/example_branch_python_dop_operator_3.py for tasks to queue
[2026-04-06T07:57:41.980+0000] {logging_mixin.py:190} INFO - [2026-04-06T07:57:41.980+0000] {dagbag.py:588} INFO - Filling up the DagBag from /home/airflow/.local/lib/python3.12/site-packages/airflow/example_dags/example_branch_python_dop_operator_3.py
[2026-04-06T07:57:41.985+0000] {processor.py:925} INFO - DAG(s) 'example_branch_dop_operator_v3' retrieved from /home/airflow/.local/lib/python3.12/site-packages/airflow/example_dags/example_branch_python_dop_operator_3.py
[2026-04-06T07:57:41.993+0000] {logging_mixin.py:190} INFO - [2026-04-06T07:57:41.993+0000] {dag.py:3239} INFO - Sync 1 DAGs
[2026-04-06T07:57:42.002+0000] {logging_mixin.py:190} INFO - [2026-04-06T07:57:42.002+0000] {dag.py:4180} INFO - Setting next_dagrun for example_branch_dop_operator_v3 to 2026-04-06 07:56:00+00:00, run_after=2026-04-06 07:57:00+00:00
[2026-04-06T07:57:42.012+0000] {processor.py:208} INFO - Processing /home/airflow/.local/lib/python3.12/site-packages/airflow/example_dags/example_branch_python_dop_operator_3.py took 0.036 seconds
[2026-04-06T07:58:13.343+0000] {processor.py:186} INFO - Started process (PID=2081) to work on /home/airflow/.local/lib/python3.12/site-packages/airflow/example_dags/example_branch_python_dop_operator_3.py
[2026-04-06T07:58:13.344+0000] {processor.py:914} INFO - Processing file /home/airflow/.local/lib/python3.12/site-packages/airflow/example_dags/example_branch_python_dop_operator_3.py for tasks to queue
[2026-04-06T07:58:13.345+0000] {logging_mixin.py:190} INFO - [2026-04-06T07:58:13.345+0000] {dagbag.py:588} INFO - Filling up the DagBag from /home/airflow/.local/lib/python3.12/site-packages/airflow/example_dags/example_branch_python_dop_operator_3.py
[2026-04-06T07:58:13.350+0000] {processor.py:925} INFO - DAG(s) 'example_branch_dop_operator_v3' retrieved from /home/airflow/.local/lib/python3.12/site-packages/airflow/example_dags/example_branch_python_dop_operator_3.py
[2026-04-06T07:58:13.359+0000] {logging_mixin.py:190} INFO - [2026-04-06T07:58:13.359+0000] {dag.py:3239} INFO - Sync 1 DAGs
[2026-04-06T07:58:13.372+0000] {logging_mixin.py:190} INFO - [2026-04-06T07:58:13.372+0000] {dag.py:4180} INFO - Setting next_dagrun for example_branch_dop_operator_v3 to 2026-04-06 07:57:00+00:00, run_after=2026-04-06 07:58:00+00:00
[2026-04-06T07:58:13.382+0000] {processor.py:208} INFO - Processing /home/airflow/.local/lib/python3.12/site-packages/airflow/example_dags/example_branch_python_dop_operator_3.py took 0.041 seconds
[2026-04-06T07:58:44.834+0000] {processor.py:186} INFO - Started process (PID=2146) to work on /home/airflow/.local/lib/python3.12/site-packages/airflow/example_dags/example_branch_python_dop_operator_3.py
[2026-04-06T07:58:44.835+0000] {processor.py:914} INFO - Processing file /home/airflow/.local/lib/python3.12/site-packages/airflow/example_dags/example_branch_python_dop_operator_3.py for tasks to queue
[2026-04-06T07:58:44.836+0000] {logging_mixin.py:190} INFO - [2026-04-06T07:58:44.835+0000] {dagbag.py:588} INFO - Filling up the DagBag from /home/airflow/.local/lib/python3.12/site-packages/airflow/example_dags/example_branch_python_dop_operator_3.py
[2026-04-06T07:58:44.840+0000] {processor.py:925} INFO - DAG(s) 'example_branch_dop_operator_v3' retrieved from /home/airflow/.local/lib/python3.12/site-packages/airflow/example_dags/example_branch_python_dop_operator_3.py
[2026-04-06T07:58:44.850+0000] {logging_mixin.py:190} INFO - [2026-04-06T07:58:44.850+0000] {dag.py:3239} INFO - Sync 1 DAGs
[2026-04-06T07:58:44.860+0000] {logging_mixin.py:190} INFO - [2026-04-06T07:58:44.860+0000] {dag.py:4180} INFO - Setting next_dagrun for example_branch_dop_operator_v3 to 2026-04-06 07:57:00+00:00, run_after=2026-04-06 07:58:00+00:00
[2026-04-06T07:58:44.869+0000] {processor.py:208} INFO - Processing /home/airflow/.local/lib/python3.12/site-packages/airflow/example_dags/example_branch_python_dop_operator_3.py took 0.037 seconds
[2026-04-06T07:59:15.984+0000] {processor.py:186} INFO - Started process (PID=2210) to work on /home/airflow/.local/lib/python3.12/site-packages/airflow/example_dags/example_branch_python_dop_operator_3.py
[2026-04-06T07:59:15.984+0000] {processor.py:914} INFO - Processing file /home/airflow/.local/lib/python3.12/site-packages/airflow/example_dags/example_branch_python_dop_operator_3.py for tasks to queue
[2026-04-06T07:59:15.985+0000] {logging_mixin.py:190} INFO - [2026-04-06T07:59:15.984+0000] {dagbag.py:588} INFO - Filling up the DagBag from /home/airflow/.local/lib/python3.12/site-packages/airflow/example_dags/example_branch_python_dop_operator_3.py
[2026-04-06T07:59:15.988+0000] {processor.py:925} INFO - DAG(s) 'example_branch_dop_operator_v3' retrieved from /home/airflow/.local/lib/python3.12/site-packages/airflow/example_dags/example_branch_python_dop_operator_3.py
[2026-04-06T07:59:15.995+0000] {logging_mixin.py:190} INFO - [2026-04-06T07:59:15.994+0000] {dag.py:3239} INFO - Sync 1 DAGs
[2026-04-06T07:59:16.002+0000] {logging_mixin.py:190} INFO - [2026-04-06T07:59:16.002+0000] {dag.py:4180} INFO - Setting next_dagrun for example_branch_dop_operator_v3 to 2026-04-06 07:58:00+00:00, run_after=2026-04-06 07:59:00+00:00
[2026-04-06T07:59:16.007+0000] {processor.py:208} INFO - Processing /home/airflow/.local/lib/python3.12/site-packages/airflow/example_dags/example_branch_python_dop_operator_3.py took 0.026 seconds
[2026-04-06T07:59:47.546+0000] {processor.py:186} INFO - Started process (PID=2280) to work on /home/airflow/.local/lib/python3.12/site-packages/airflow/example_dags/example_branch_python_dop_operator_3.py
[2026-04-06T07:59:47.547+0000] {processor.py:914} INFO - Processing file /home/airflow/.local/lib/python3.12/site-packages/airflow/example_dags/example_branch_python_dop_operator_3.py for tasks to queue
[2026-04-06T07:59:47.548+0000] {logging_mixin.py:190} INFO - [2026-04-06T07:59:47.548+0000] {dagbag.py:588} INFO - Filling up the DagBag from /home/airflow/.local/lib/python3.12/site-packages/airflow/example_dags/example_branch_python_dop_operator_3.py
[2026-04-06T07:59:47.556+0000] {processor.py:925} INFO - DAG(s) 'example_branch_dop_operator_v3' retrieved from /home/airflow/.local/lib/python3.12/site-packages/airflow/example_dags/example_branch_python_dop_operator_3.py
[2026-04-06T07:59:47.565+0000] {logging_mixin.py:190} INFO - [2026-04-06T07:59:47.565+0000] {dag.py:3239} INFO - Sync 1 DAGs
[2026-04-06T07:59:47.575+0000] {logging_mixin.py:190} INFO - [2026-04-06T07:59:47.575+0000] {dag.py:4180} INFO - Setting next_dagrun for example_branch_dop_operator_v3 to 2026-04-06 07:58:00+00:00, run_after=2026-04-06 07:59:00+00:00
[2026-04-06T07:59:47.581+0000] {processor.py:208} INFO - Processing /home/airflow/.local/lib/python3.12/site-packages/airflow/example_dags/example_branch_python_dop_operator_3.py took 0.038 seconds
[2026-04-06T08:00:18.832+0000] {processor.py:186} INFO - Started process (PID=2344) to work on /home/airflow/.local/lib/python3.12/site-packages/airflow/example_dags/example_branch_python_dop_operator_3.py
[2026-04-06T08:00:18.833+0000] {processor.py:914} INFO - Processing file /home/airflow/.local/lib/python3.12/site-packages/airflow/example_dags/example_branch_python_dop_operator_3.py for tasks to queue
[2026-04-06T08:00:18.833+0000] {logging_mixin.py:190} INFO - [2026-04-06T08:00:18.833+0000] {dagbag.py:588} INFO - Filling up the DagBag from /home/airflow/.local/lib/python3.12/site-packages/airflow/example_dags/example_branch_python_dop_operator_3.py
[2026-04-06T08:00:18.838+0000] {processor.py:925} INFO - DAG(s) 'example_branch_dop_operator_v3' retrieved from /home/airflow/.local/lib/python3.12/site-packages/airflow/example_dags/example_branch_python_dop_operator_3.py
[2026-04-06T08:00:18.847+0000] {logging_mixin.py:190} INFO - [2026-04-06T08:00:18.847+0000] {dag.py:3239} INFO - Sync 1 DAGs
[2026-04-06T08:00:18.856+0000] {logging_mixin.py:190} INFO - [2026-04-06T08:00:18.856+0000] {dag.py:4180} INFO - Setting next_dagrun for example_branch_dop_operator_v3 to 2026-04-06 07:59:00+00:00, run_after=2026-04-06 08:00:00+00:00
[2026-04-06T08:00:18.864+0000] {processor.py:208} INFO - Processing /home/airflow/.local/lib/python3.12/site-packages/airflow/example_dags/example_branch_python_dop_operator_3.py took 0.034 seconds
[2026-04-06T08:00:49.976+0000] {processor.py:186} INFO - Started process (PID=2408) to work on /home/airflow/.local/lib/python3.12/site-packages/airflow/example_dags/example_branch_python_dop_operator_3.py
[2026-04-06T08:00:49.977+0000] {processor.py:914} INFO - Processing file /home/airflow/.local/lib/python3.12/site-packages/airflow/example_dags/example_branch_python_dop_operator_3.py for tasks to queue
[2026-04-06T08:00:49.978+0000] {logging_mixin.py:190} INFO - [2026-04-06T08:00:49.977+0000] {dagbag.py:588} INFO - Filling up the DagBag from /home/airflow/.local/lib/python3.12/site-packages/airflow/example_dags/example_branch_python_dop_operator_3.py
[2026-04-06T08:00:49.984+0000] {processor.py:925} INFO - DAG(s) 'example_branch_dop_operator_v3' retrieved from /home/airflow/.local/lib/python3.12/site-packages/airflow/example_dags/example_branch_python_dop_operator_3.py
[2026-04-06T08:00:49.994+0000] {logging_mixin.py:190} INFO - [2026-04-06T08:00:49.994+0000] {dag.py:3239} INFO - Sync 1 DAGs
[2026-04-06T08:00:50.003+0000] {logging_mixin.py:190} INFO - [2026-04-06T08:00:50.003+0000] {dag.py:4180} INFO - Setting next_dagrun for example_branch_dop_operator_v3 to 2026-04-06 07:59:00+00:00, run_after=2026-04-06 08:00:00+00:00
[2026-04-06T08:00:50.010+0000] {processor.py:208} INFO - Processing /home/airflow/.local/lib/python3.12/site-packages/airflow/example_dags/example_branch_python_dop_operator_3.py took 0.036 seconds
[2026-04-06T08:01:21.123+0000] {processor.py:186} INFO - Started process (PID=2472) to work on /home/airflow/.local/lib/python3.12/site-packages/airflow/example_dags/example_branch_python_dop_operator_3.py
[2026-04-06T08:01:21.125+0000] {processor.py:914} INFO - Processing file /home/airflow/.local/lib/python3.12/site-packages/airflow/example_dags/example_branch_python_dop_operator_3.py for tasks to queue
[2026-04-06T08:01:21.125+0000] {logging_mixin.py:190} INFO - [2026-04-06T08:01:21.125+0000] {dagbag.py:588} INFO - Filling up the DagBag from /home/airflow/.local/lib/python3.12/site-packages/airflow/example_dags/example_branch_python_dop_operator_3.py
[2026-04-06T08:01:21.130+0000] {processor.py:925} INFO - DAG(s) 'example_branch_dop_operator_v3' retrieved from /home/airflow/.local/lib/python3.12/site-packages/airflow/example_dags/example_branch_python_dop_operator_3.py
[2026-04-06T08:01:21.136+0000] {logging_mixin.py:190} INFO - [2026-04-06T08:01:21.136+0000] {dag.py:3239} INFO - Sync 1 DAGs
[2026-04-06T08:01:21.145+0000] {logging_mixin.py:190} INFO - [2026-04-06T08:01:21.145+0000] {dag.py:4180} INFO - Setting next_dagrun for example_branch_dop_operator_v3 to 2026-04-06 08:00:00+00:00, run_after=2026-04-06 08:01:00+00:00
[2026-04-06T08:01:21.151+0000] {processor.py:208} INFO - Processing /home/airflow/.local/lib/python3.12/site-packages/airflow/example_dags/example_branch_python_dop_operator_3.py took 0.030 seconds
[2026-04-06T08:01:52.371+0000] {processor.py:186} INFO - Started process (PID=2536) to work on /home/airflow/.local/lib/python3.12/site-packages/airflow/example_dags/example_branch_python_dop_operator_3.py
[2026-04-06T08:01:52.371+0000] {processor.py:914} INFO - Processing file /home/airflow/.local/lib/python3.12/site-packages/airflow/example_dags/example_branch_python_dop_operator_3.py for tasks to queue
[2026-04-06T08:01:52.372+0000] {logging_mixin.py:190} INFO - [2026-04-06T08:01:52.372+0000] {dagbag.py:588} INFO - Filling up the DagBag from /home/airflow/.local/lib/python3.12/site-packages/airflow/example_dags/example_branch_python_dop_operator_3.py
[2026-04-06T08:01:52.376+0000] {processor.py:925} INFO - DAG(s) 'example_branch_dop_operator_v3' retrieved from /home/airflow/.local/lib/python3.12/site-packages/airflow/example_dags/example_branch_python_dop_operator_3.py
[2026-04-06T08:01:52.382+0000] {logging_mixin.py:190} INFO - [2026-04-06T08:01:52.382+0000] {dag.py:3239} INFO - Sync 1 DAGs
[2026-04-06T08:01:52.391+0000] {logging_mixin.py:190} INFO - [2026-04-06T08:01:52.391+0000] {dag.py:4180} INFO - Setting next_dagrun for example_branch_dop_operator_v3 to 2026-04-06 08:00:00+00:00, run_after=2026-04-06 08:01:00+00:00
[2026-04-06T08:01:52.399+0000] {processor.py:208} INFO - Processing /home/airflow/.local/lib/python3.12/site-packages/airflow/example_dags/example_branch_python_dop_operator_3.py took 0.030 seconds
[2026-04-06T08:02:23.677+0000] {processor.py:186} INFO - Started process (PID=2600) to work on /home/airflow/.local/lib/python3.12/site-packages/airflow/example_dags/example_branch_python_dop_operator_3.py
[2026-04-06T08:02:23.677+0000] {processor.py:914} INFO - Processing file /home/airflow/.local/lib/python3.12/site-packages/airflow/example_dags/example_branch_python_dop_operator_3.py for tasks to queue
[2026-04-06T08:02:23.678+0000] {logging_mixin.py:190} INFO - [2026-04-06T08:02:23.678+0000] {dagbag.py:588} INFO - Filling up the DagBag from /home/airflow/.local/lib/python3.12/site-packages/airflow/example_dags/example_branch_python_dop_operator_3.py
[2026-04-06T08:02:23.682+0000] {processor.py:925} INFO - DAG(s) 'example_branch_dop_operator_v3' retrieved from /home/airflow/.local/lib/python3.12/site-packages/airflow/example_dags/example_branch_python_dop_operator_3.py
[2026-04-06T08:02:23.692+0000] {logging_mixin.py:190} INFO - [2026-04-06T08:02:23.692+0000] {dag.py:3239} INFO - Sync 1 DAGs
[2026-04-06T08:02:23.703+0000] {logging_mixin.py:190} INFO - [2026-04-06T08:02:23.703+0000] {dag.py:4180} INFO - Setting next_dagrun for example_branch_dop_operator_v3 to 2026-04-06 08:01:00+00:00, run_after=2026-04-06 08:02:00+00:00
[2026-04-06T08:02:23.711+0000] {processor.py:208} INFO - Processing /home/airflow/.local/lib/python3.12/site-packages/airflow/example_dags/example_branch_python_dop_operator_3.py took 0.037 seconds
[2026-04-06T08:02:54.927+0000] {processor.py:186} INFO - Started process (PID=2664) to work on /home/airflow/.local/lib/python3.12/site-packages/airflow/example_dags/example_branch_python_dop_operator_3.py
[2026-04-06T08:02:54.927+0000] {processor.py:914} INFO - Processing file /home/airflow/.local/lib/python3.12/site-packages/airflow/example_dags/example_branch_python_dop_operator_3.py for tasks to queue
[2026-04-06T08:02:54.928+0000] {logging_mixin.py:190} INFO - [2026-04-06T08:02:54.928+0000] {dagbag.py:588} INFO - Filling up the DagBag from /home/airflow/.local/lib/python3.12/site-packages/airflow/example_dags/example_branch_python_dop_operator_3.py
[2026-04-06T08:02:54.934+0000] {processor.py:925} INFO - DAG(s) 'example_branch_dop_operator_v3' retrieved from /home/airflow/.local/lib/python3.12/site-packages/airflow/example_dags/example_branch_python_dop_operator_3.py
[2026-04-06T08:02:54.943+0000] {logging_mixin.py:190} INFO - [2026-04-06T08:02:54.943+0000] {dag.py:3239} INFO - Sync 1 DAGs
[2026-04-06T08:02:54.951+0000] {logging_mixin.py:190} INFO - [2026-04-06T08:02:54.951+0000] {dag.py:4180} INFO - Setting next_dagrun for example_branch_dop_operator_v3 to 2026-04-06 08:01:00+00:00, run_after=2026-04-06 08:02:00+00:00
[2026-04-06T08:02:54.960+0000] {processor.py:208} INFO - Processing /home/airflow/.local/lib/python3.12/site-packages/airflow/example_dags/example_branch_python_dop_operator_3.py took 0.035 seconds
[2026-04-06T08:03:26.293+0000] {processor.py:186} INFO - Started process (PID=2728) to work on /home/airflow/.local/lib/python3.12/site-packages/airflow/example_dags/example_branch_python_dop_operator_3.py
[2026-04-06T08:03:26.294+0000] {processor.py:914} INFO - Processing file /home/airflow/.local/lib/python3.12/site-packages/airflow/example_dags/example_branch_python_dop_operator_3.py for tasks to queue
[2026-04-06T08:03:26.294+0000] {logging_mixin.py:190} INFO - [2026-04-06T08:03:26.294+0000] {dagbag.py:588} INFO - Filling up the DagBag from /home/airflow/.local/lib/python3.12/site-packages/airflow/example_dags/example_branch_python_dop_operator_3.py
[2026-04-06T08:03:26.299+0000] {processor.py:925} INFO - DAG(s) 'example_branch_dop_operator_v3' retrieved from /home/airflow/.local/lib/python3.12/site-packages/airflow/example_dags/example_branch_python_dop_operator_3.py
[2026-04-06T08:03:26.306+0000] {logging_mixin.py:190} INFO - [2026-04-06T08:03:26.306+0000] {dag.py:3239} INFO - Sync 1 DAGs
[2026-04-06T08:03:26.317+0000] {logging_mixin.py:190} INFO - [2026-04-06T08:03:26.317+0000] {dag.py:4180} INFO - Setting next_dagrun for example_branch_dop_operator_v3 to 2026-04-06 08:02:00+00:00, run_after=2026-04-06 08:03:00+00:00
[2026-04-06T08:03:26.326+0000] {processor.py:208} INFO - Processing /home/airflow/.local/lib/python3.12/site-packages/airflow/example_dags/example_branch_python_dop_operator_3.py took 0.035 seconds
[2026-04-06T08:03:56.663+0000] {processor.py:186} INFO - Started process (PID=2792) to work on /home/airflow/.local/lib/python3.12/site-packages/airflow/example_dags/example_branch_python_dop_operator_3.py
[2026-04-06T08:03:56.664+0000] {processor.py:914} INFO - Processing file /home/airflow/.local/lib/python3.12/site-packages/airflow/example_dags/example_branch_python_dop_operator_3.py for tasks to queue
[2026-04-06T08:03:56.666+0000] {logging_mixin.py:190} INFO - [2026-04-06T08:03:56.666+0000] {dagbag.py:588} INFO - Filling up the DagBag from /home/airflow/.local/lib/python3.12/site-packages/airflow/example_dags/example_branch_python_dop_operator_3.py
[2026-04-06T08:03:56.670+0000] {processor.py:925} INFO - DAG(s) 'example_branch_dop_operator_v3' retrieved from /home/airflow/.local/lib/python3.12/site-packages/airflow/example_dags/example_branch_python_dop_operator_3.py
[2026-04-06T08:03:56.677+0000] {logging_mixin.py:190} INFO - [2026-04-06T08:03:56.677+0000] {dag.py:3239} INFO - Sync 1 DAGs
[2026-04-06T08:03:56.686+0000] {logging_mixin.py:190} INFO - [2026-04-06T08:03:56.686+0000] {dag.py:4180} INFO - Setting next_dagrun for example_branch_dop_operator_v3 to 2026-04-06 08:02:00+00:00, run_after=2026-04-06 08:03:00+00:00
[2026-04-06T08:03:56.692+0000] {processor.py:208} INFO - Processing /home/airflow/.local/lib/python3.12/site-packages/airflow/example_dags/example_branch_python_dop_operator_3.py took 0.032 seconds
[2026-04-06T08:04:27.871+0000] {processor.py:186} INFO - Started process (PID=2856) to work on /home/airflow/.local/lib/python3.12/site-packages/airflow/example_dags/example_branch_python_dop_operator_3.py
[2026-04-06T08:04:27.872+0000] {processor.py:914} INFO - Processing file /home/airflow/.local/lib/python3.12/site-packages/airflow/example_dags/example_branch_python_dop_operator_3.py for tasks to queue
[2026-04-06T08:04:27.873+0000] {logging_mixin.py:190} INFO - [2026-04-06T08:04:27.873+0000] {dagbag.py:588} INFO - Filling up the DagBag from /home/airflow/.local/lib/python3.12/site-packages/airflow/example_dags/example_branch_python_dop_operator_3.py
[2026-04-06T08:04:27.877+0000] {processor.py:925} INFO - DAG(s) 'example_branch_dop_operator_v3' retrieved from /home/airflow/.local/lib/python3.12/site-packages/airflow/example_dags/example_branch_python_dop_operator_3.py
[2026-04-06T08:04:27.891+0000] {logging_mixin.py:190} INFO - [2026-04-06T08:04:27.890+0000] {dag.py:3239} INFO - Sync 1 DAGs
[2026-04-06T08:04:27.903+0000] {logging_mixin.py:190} INFO - [2026-04-06T08:04:27.902+0000] {dag.py:4180} INFO - Setting next_dagrun for example_branch_dop_operator_v3 to 2026-04-06 08:03:00+00:00, run_after=2026-04-06 08:04:00+00:00
[2026-04-06T08:04:27.915+0000] {processor.py:208} INFO - Processing /home/airflow/.local/lib/python3.12/site-packages/airflow/example_dags/example_branch_python_dop_operator_3.py took 0.047 seconds
[2026-04-06T08:04:59.256+0000] {processor.py:186} INFO - Started process (PID=2928) to work on /home/airflow/.local/lib/python3.12/site-packages/airflow/example_dags/example_branch_python_dop_operator_3.py
[2026-04-06T08:04:59.257+0000] {processor.py:914} INFO - Processing file /home/airflow/.local/lib/python3.12/site-packages/airflow/example_dags/example_branch_python_dop_operator_3.py for tasks to queue
[2026-04-06T08:04:59.259+0000] {logging_mixin.py:190} INFO - [2026-04-06T08:04:59.258+0000] {dagbag.py:588} INFO - Filling up the DagBag from /home/airflow/.local/lib/python3.12/site-packages/airflow/example_dags/example_branch_python_dop_operator_3.py
[2026-04-06T08:04:59.263+0000] {processor.py:925} INFO - DAG(s) 'example_branch_dop_operator_v3' retrieved from /home/airflow/.local/lib/python3.12/site-packages/airflow/example_dags/example_branch_python_dop_operator_3.py
[2026-04-06T08:04:59.273+0000] {logging_mixin.py:190} INFO - [2026-04-06T08:04:59.273+0000] {dag.py:3239} INFO - Sync 1 DAGs
[2026-04-06T08:04:59.284+0000] {logging_mixin.py:190} INFO - [2026-04-06T08:04:59.284+0000] {dag.py:4180} INFO - Setting next_dagrun for example_branch_dop_operator_v3 to 2026-04-06 08:03:00+00:00, run_after=2026-04-06 08:04:00+00:00
[2026-04-06T08:04:59.299+0000] {processor.py:208} INFO - Processing /home/airflow/.local/lib/python3.12/site-packages/airflow/example_dags/example_branch_python_dop_operator_3.py took 0.045 seconds
[2026-04-06T08:05:30.601+0000] {processor.py:186} INFO - Started process (PID=2992) to work on /home/airflow/.local/lib/python3.12/site-packages/airflow/example_dags/example_branch_python_dop_operator_3.py
[2026-04-06T08:05:30.602+0000] {processor.py:914} INFO - Processing file /home/airflow/.local/lib/python3.12/site-packages/airflow/example_dags/example_branch_python_dop_operator_3.py for tasks to queue
[2026-04-06T08:05:30.604+0000] {logging_mixin.py:190} INFO - [2026-04-06T08:05:30.603+0000] {dagbag.py:588} INFO - Filling up the DagBag from /home/airflow/.local/lib/python3.12/site-packages/airflow/example_dags/example_branch_python_dop_operator_3.py
[2026-04-06T08:05:30.608+0000] {processor.py:925} INFO - DAG(s) 'example_branch_dop_operator_v3' retrieved from /home/airflow/.local/lib/python3.12/site-packages/airflow/example_dags/example_branch_python_dop_operator_3.py
[2026-04-06T08:05:30.616+0000] {logging_mixin.py:190} INFO - [2026-04-06T08:05:30.615+0000] {dag.py:3239} INFO - Sync 1 DAGs
[2026-04-06T08:05:30.625+0000] {logging_mixin.py:190} INFO - [2026-04-06T08:05:30.625+0000] {dag.py:4180} INFO - Setting next_dagrun for example_branch_dop_operator_v3 to 2026-04-06 08:04:00+00:00, run_after=2026-04-06 08:05:00+00:00
[2026-04-06T08:05:30.636+0000] {processor.py:208} INFO - Processing /home/airflow/.local/lib/python3.12/site-packages/airflow/example_dags/example_branch_python_dop_operator_3.py took 0.038 seconds
[2026-04-06T08:06:01.678+0000] {processor.py:186} INFO - Started process (PID=3055) to work on /home/airflow/.local/lib/python3.12/site-packages/airflow/example_dags/example_branch_python_dop_operator_3.py
[2026-04-06T08:06:01.679+0000] {processor.py:914} INFO - Processing file /home/airflow/.local/lib/python3.12/site-packages/airflow/example_dags/example_branch_python_dop_operator_3.py for tasks to queue
[2026-04-06T08:06:01.681+0000] {logging_mixin.py:190} INFO - [2026-04-06T08:06:01.680+0000] {dagbag.py:588} INFO - Filling up the DagBag from /home/airflow/.local/lib/python3.12/site-packages/airflow/example_dags/example_branch_python_dop_operator_3.py
[2026-04-06T08:06:01.685+0000] {processor.py:925} INFO - DAG(s) 'example_branch_dop_operator_v3' retrieved from /home/airflow/.local/lib/python3.12/site-packages/airflow/example_dags/example_branch_python_dop_operator_3.py
[2026-04-06T08:06:01.695+0000] {logging_mixin.py:190} INFO - [2026-04-06T08:06:01.695+0000] {dag.py:3239} INFO - Sync 1 DAGs
[2026-04-06T08:06:01.704+0000] {logging_mixin.py:190} INFO - [2026-04-06T08:06:01.704+0000] {dag.py:4180} INFO - Setting next_dagrun for example_branch_dop_operator_v3 to 2026-04-06 08:05:00+00:00, run_after=2026-04-06 08:06:00+00:00
[2026-04-06T08:06:01.714+0000] {processor.py:208} INFO - Processing /home/airflow/.local/lib/python3.12/site-packages/airflow/example_dags/example_branch_python_dop_operator_3.py took 0.039 seconds
[2026-04-06T08:06:32.793+0000] {processor.py:186} INFO - Started process (PID=3119) to work on /home/airflow/.local/lib/python3.12/site-packages/airflow/example_dags/example_branch_python_dop_operator_3.py
[2026-04-06T08:06:32.794+0000] {processor.py:914} INFO - Processing file /home/airflow/.local/lib/python3.12/site-packages/airflow/example_dags/example_branch_python_dop_operator_3.py for tasks to queue
[2026-04-06T08:06:32.796+0000] {logging_mixin.py:190} INFO - [2026-04-06T08:06:32.796+0000] {dagbag.py:588} INFO - Filling up the DagBag from /home/airflow/.local/lib/python3.12/site-packages/airflow/example_dags/example_branch_python_dop_operator_3.py
[2026-04-06T08:06:32.804+0000] {processor.py:925} INFO - DAG(s) 'example_branch_dop_operator_v3' retrieved from /home/airflow/.local/lib/python3.12/site-packages/airflow/example_dags/example_branch_python_dop_operator_3.py
[2026-04-06T08:06:32.813+0000] {logging_mixin.py:190} INFO - [2026-04-06T08:06:32.813+0000] {dag.py:3239} INFO - Sync 1 DAGs
[2026-04-06T08:06:32.822+0000] {logging_mixin.py:190} INFO - [2026-04-06T08:06:32.822+0000] {dag.py:4180} INFO - Setting next_dagrun for example_branch_dop_operator_v3 to 2026-04-06 08:05:00+00:00, run_after=2026-04-06 08:06:00+00:00
[2026-04-06T08:06:32.827+0000] {processor.py:208} INFO - Processing /home/airflow/.local/lib/python3.12/site-packages/airflow/example_dags/example_branch_python_dop_operator_3.py took 0.036 seconds
[2026-04-06T08:07:04.279+0000] {processor.py:186} INFO - Started process (PID=3183) to work on /home/airflow/.local/lib/python3.12/site-packages/airflow/example_dags/example_branch_python_dop_operator_3.py
[2026-04-06T08:07:04.280+0000] {processor.py:914} INFO - Processing file /home/airflow/.local/lib/python3.12/site-packages/airflow/example_dags/example_branch_python_dop_operator_3.py for tasks to queue
[2026-04-06T08:07:04.281+0000] {logging_mixin.py:190} INFO - [2026-04-06T08:07:04.281+0000] {dagbag.py:588} INFO - Filling up the DagBag from /home/airflow/.local/lib/python3.12/site-packages/airflow/example_dags/example_branch_python_dop_operator_3.py
[2026-04-06T08:07:04.285+0000] {processor.py:925} INFO - DAG(s) 'example_branch_dop_operator_v3' retrieved from /home/airflow/.local/lib/python3.12/site-packages/airflow/example_dags/example_branch_python_dop_operator_3.py
[2026-04-06T08:07:04.295+0000] {logging_mixin.py:190} INFO - [2026-04-06T08:07:04.295+0000] {dag.py:3239} INFO - Sync 1 DAGs
[2026-04-06T08:07:04.304+0000] {logging_mixin.py:190} INFO - [2026-04-06T08:07:04.304+0000] {dag.py:4180} INFO - Setting next_dagrun for example_branch_dop_operator_v3 to 2026-04-06 08:06:00+00:00, run_after=2026-04-06 08:07:00+00:00
[2026-04-06T08:07:04.309+0000] {processor.py:208} INFO - Processing /home/airflow/.local/lib/python3.12/site-packages/airflow/example_dags/example_branch_python_dop_operator_3.py took 0.033 seconds
[2026-04-06T08:07:35.460+0000] {processor.py:186} INFO - Started process (PID=3247) to work on /home/airflow/.local/lib/python3.12/site-packages/airflow/example_dags/example_branch_python_dop_operator_3.py
[2026-04-06T08:07:35.461+0000] {processor.py:914} INFO - Processing file /home/airflow/.local/lib/python3.12/site-packages/airflow/example_dags/example_branch_python_dop_operator_3.py for tasks to queue
[2026-04-06T08:07:35.462+0000] {logging_mixin.py:190} INFO - [2026-04-06T08:07:35.462+0000] {dagbag.py:588} INFO - Filling up the DagBag from /home/airflow/.local/lib/python3.12/site-packages/airflow/example_dags/example_branch_python_dop_operator_3.py
[2026-04-06T08:07:35.466+0000] {processor.py:925} INFO - DAG(s) 'example_branch_dop_operator_v3' retrieved from /home/airflow/.local/lib/python3.12/site-packages/airflow/example_dags/example_branch_python_dop_operator_3.py
[2026-04-06T08:07:35.473+0000] {logging_mixin.py:190} INFO - [2026-04-06T08:07:35.473+0000] {dag.py:3239} INFO - Sync 1 DAGs
[2026-04-06T08:07:35.484+0000] {logging_mixin.py:190} INFO - [2026-04-06T08:07:35.484+0000] {dag.py:4180} INFO - Setting next_dagrun for example_branch_dop_operator_v3 to 2026-04-06 08:06:00+00:00, run_after=2026-04-06 08:07:00+00:00
[2026-04-06T08:07:35.494+0000] {processor.py:208} INFO - Processing /home/airflow/.local/lib/python3.12/site-packages/airflow/example_dags/example_branch_python_dop_operator_3.py took 0.035 seconds
[2026-04-06T08:08:06.721+0000] {processor.py:186} INFO - Started process (PID=3311) to work on /home/airflow/.local/lib/python3.12/site-packages/airflow/example_dags/example_branch_python_dop_operator_3.py
[2026-04-06T08:08:06.722+0000] {processor.py:914} INFO - Processing file /home/airflow/.local/lib/python3.12/site-packages/airflow/example_dags/example_branch_python_dop_operator_3.py for tasks to queue
[2026-04-06T08:08:06.723+0000] {logging_mixin.py:190} INFO - [2026-04-06T08:08:06.722+0000] {dagbag.py:588} INFO - Filling up the DagBag from /home/airflow/.local/lib/python3.12/site-packages/airflow/example_dags/example_branch_python_dop_operator_3.py
[2026-04-06T08:08:06.728+0000] {processor.py:925} INFO - DAG(s) 'example_branch_dop_operator_v3' retrieved from /home/airflow/.local/lib/python3.12/site-packages/airflow/example_dags/example_branch_python_dop_operator_3.py
[2026-04-06T08:08:06.736+0000] {logging_mixin.py:190} INFO - [2026-04-06T08:08:06.736+0000] {dag.py:3239} INFO - Sync 1 DAGs
[2026-04-06T08:08:06.745+0000] {logging_mixin.py:190} INFO - [2026-04-06T08:08:06.745+0000] {dag.py:4180} INFO - Setting next_dagrun for example_branch_dop_operator_v3 to 2026-04-06 08:07:00+00:00, run_after=2026-04-06 08:08:00+00:00
[2026-04-06T08:08:06.753+0000] {processor.py:208} INFO - Processing /home/airflow/.local/lib/python3.12/site-packages/airflow/example_dags/example_branch_python_dop_operator_3.py took 0.033 seconds
[2026-04-06T08:08:36.978+0000] {processor.py:186} INFO - Started process (PID=3375) to work on /home/airflow/.local/lib/python3.12/site-packages/airflow/example_dags/example_branch_python_dop_operator_3.py
[2026-04-06T08:08:36.979+0000] {processor.py:914} INFO - Processing file /home/airflow/.local/lib/python3.12/site-packages/airflow/example_dags/example_branch_python_dop_operator_3.py for tasks to queue
[2026-04-06T08:08:36.979+0000] {logging_mixin.py:190} INFO - [2026-04-06T08:08:36.979+0000] {dagbag.py:588} INFO - Filling up the DagBag from /home/airflow/.local/lib/python3.12/site-packages/airflow/example_dags/example_branch_python_dop_operator_3.py
[2026-04-06T08:08:36.985+0000] {processor.py:925} INFO - DAG(s) 'example_branch_dop_operator_v3' retrieved from /home/airflow/.local/lib/python3.12/site-packages/airflow/example_dags/example_branch_python_dop_operator_3.py
[2026-04-06T08:08:36.994+0000] {logging_mixin.py:190} INFO - [2026-04-06T08:08:36.994+0000] {dag.py:3239} INFO - Sync 1 DAGs
[2026-04-06T08:08:37.003+0000] {logging_mixin.py:190} INFO - [2026-04-06T08:08:37.003+0000] {dag.py:4180} INFO - Setting next_dagrun for example_branch_dop_operator_v3 to 2026-04-06 08:07:00+00:00, run_after=2026-04-06 08:08:00+00:00
[2026-04-06T08:08:37.009+0000] {processor.py:208} INFO - Processing /home/airflow/.local/lib/python3.12/site-packages/airflow/example_dags/example_branch_python_dop_operator_3.py took 0.033 seconds
[2026-04-06T08:09:08.038+0000] {processor.py:186} INFO - Started process (PID=3439) to work on /home/airflow/.local/lib/python3.12/site-packages/airflow/example_dags/example_branch_python_dop_operator_3.py
[2026-04-06T08:09:08.039+0000] {processor.py:914} INFO - Processing file /home/airflow/.local/lib/python3.12/site-packages/airflow/example_dags/example_branch_python_dop_operator_3.py for tasks to queue
[2026-04-06T08:09:08.040+0000] {logging_mixin.py:190} INFO - [2026-04-06T08:09:08.040+0000] {dagbag.py:588} INFO - Filling up the DagBag from /home/airflow/.local/lib/python3.12/site-packages/airflow/example_dags/example_branch_python_dop_operator_3.py
[2026-04-06T08:09:08.044+0000] {processor.py:925} INFO - DAG(s) 'example_branch_dop_operator_v3' retrieved from /home/airflow/.local/lib/python3.12/site-packages/airflow/example_dags/example_branch_python_dop_operator_3.py
[2026-04-06T08:09:08.052+0000] {logging_mixin.py:190} INFO - [2026-04-06T08:09:08.052+0000] {dag.py:3239} INFO - Sync 1 DAGs
[2026-04-06T08:09:08.061+0000] {logging_mixin.py:190} INFO - [2026-04-06T08:09:08.061+0000] {dag.py:4180} INFO - Setting next_dagrun for example_branch_dop_operator_v3 to 2026-04-06 08:08:00+00:00, run_after=2026-04-06 08:09:00+00:00
[2026-04-06T08:09:08.069+0000] {processor.py:208} INFO - Processing /home/airflow/.local/lib/python3.12/site-packages/airflow/example_dags/example_branch_python_dop_operator_3.py took 0.033 seconds
[2026-04-06T08:09:39.372+0000] {processor.py:186} INFO - Started process (PID=3503) to work on /home/airflow/.local/lib/python3.12/site-packages/airflow/example_dags/example_branch_python_dop_operator_3.py
[2026-04-06T08:09:39.372+0000] {processor.py:914} INFO - Processing file /home/airflow/.local/lib/python3.12/site-packages/airflow/example_dags/example_branch_python_dop_operator_3.py for tasks to queue
[2026-04-06T08:09:39.373+0000] {logging_mixin.py:190} INFO - [2026-04-06T08:09:39.373+0000] {dagbag.py:588} INFO - Filling up the DagBag from /home/airflow/.local/lib/python3.12/site-packages/airflow/example_dags/example_branch_python_dop_operator_3.py
[2026-04-06T08:09:39.377+0000] {processor.py:925} INFO - DAG(s) 'example_branch_dop_operator_v3' retrieved from /home/airflow/.local/lib/python3.12/site-packages/airflow/example_dags/example_branch_python_dop_operator_3.py
[2026-04-06T08:09:39.388+0000] {logging_mixin.py:190} INFO - [2026-04-06T08:09:39.387+0000] {dag.py:3239} INFO - Sync 1 DAGs
[2026-04-06T08:09:39.399+0000] {logging_mixin.py:190} INFO - [2026-04-06T08:09:39.399+0000] {dag.py:4180} INFO - Setting next_dagrun for example_branch_dop_operator_v3 to 2026-04-06 08:08:00+00:00, run_after=2026-04-06 08:09:00+00:00
[2026-04-06T08:09:39.409+0000] {processor.py:208} INFO - Processing /home/airflow/.local/lib/python3.12/site-packages/airflow/example_dags/example_branch_python_dop_operator_3.py took 0.039 seconds
[2026-04-06T08:10:10.720+0000] {processor.py:186} INFO - Started process (PID=3567) to work on /home/airflow/.local/lib/python3.12/site-packages/airflow/example_dags/example_branch_python_dop_operator_3.py
[2026-04-06T08:10:10.721+0000] {processor.py:914} INFO - Processing file /home/airflow/.local/lib/python3.12/site-packages/airflow/example_dags/example_branch_python_dop_operator_3.py for tasks to queue
[2026-04-06T08:10:10.723+0000] {logging_mixin.py:190} INFO - [2026-04-06T08:10:10.722+0000] {dagbag.py:588} INFO - Filling up the DagBag from /home/airflow/.local/lib/python3.12/site-packages/airflow/example_dags/example_branch_python_dop_operator_3.py
[2026-04-06T08:10:10.729+0000] {processor.py:925} INFO - DAG(s) 'example_branch_dop_operator_v3' retrieved from /home/airflow/.local/lib/python3.12/site-packages/airflow/example_dags/example_branch_python_dop_operator_3.py
[2026-04-06T08:10:10.740+0000] {logging_mixin.py:190} INFO - [2026-04-06T08:10:10.740+0000] {dag.py:3239} INFO - Sync 1 DAGs
[2026-04-06T08:10:10.750+0000] {logging_mixin.py:190} INFO - [2026-04-06T08:10:10.750+0000] {dag.py:4180} INFO - Setting next_dagrun for example_branch_dop_operator_v3 to 2026-04-06 08:09:00+00:00, run_after=2026-04-06 08:10:00+00:00
[2026-04-06T08:10:10.757+0000] {processor.py:208} INFO - Processing /home/airflow/.local/lib/python3.12/site-packages/airflow/example_dags/example_branch_python_dop_operator_3.py took 0.039 seconds
[2026-04-06T08:10:42.060+0000] {processor.py:186} INFO - Started process (PID=3631) to work on /home/airflow/.local/lib/python3.12/site-packages/airflow/example_dags/example_branch_python_dop_operator_3.py
[2026-04-06T08:10:42.060+0000] {processor.py:914} INFO - Processing file /home/airflow/.local/lib/python3.12/site-packages/airflow/example_dags/example_branch_python_dop_operator_3.py for tasks to queue
[2026-04-06T08:10:42.061+0000] {logging_mixin.py:190} INFO - [2026-04-06T08:10:42.061+0000] {dagbag.py:588} INFO - Filling up the DagBag from /home/airflow/.local/lib/python3.12/site-packages/airflow/example_dags/example_branch_python_dop_operator_3.py
[2026-04-06T08:10:42.068+0000] {processor.py:925} INFO - DAG(s) 'example_branch_dop_operator_v3' retrieved from /home/airflow/.local/lib/python3.12/site-packages/airflow/example_dags/example_branch_python_dop_operator_3.py
[2026-04-06T08:10:42.081+0000] {logging_mixin.py:190} INFO - [2026-04-06T08:10:42.081+0000] {dag.py:3239} INFO - Sync 1 DAGs
[2026-04-06T08:10:42.091+0000] {logging_mixin.py:190} INFO - [2026-04-06T08:10:42.091+0000] {dag.py:4180} INFO - Setting next_dagrun for example_branch_dop_operator_v3 to 2026-04-06 08:09:00+00:00, run_after=2026-04-06 08:10:00+00:00
[2026-04-06T08:10:42.115+0000] {processor.py:208} INFO - Processing /home/airflow/.local/lib/python3.12/site-packages/airflow/example_dags/example_branch_python_dop_operator_3.py took 0.058 seconds
[2026-04-06T08:11:12.385+0000] {processor.py:186} INFO - Started process (PID=3695) to work on /home/airflow/.local/lib/python3.12/site-packages/airflow/example_dags/example_branch_python_dop_operator_3.py
[2026-04-06T08:11:12.385+0000] {processor.py:914} INFO - Processing file /home/airflow/.local/lib/python3.12/site-packages/airflow/example_dags/example_branch_python_dop_operator_3.py for tasks to queue
[2026-04-06T08:11:12.386+0000] {logging_mixin.py:190} INFO - [2026-04-06T08:11:12.386+0000] {dagbag.py:588} INFO - Filling up the DagBag from /home/airflow/.local/lib/python3.12/site-packages/airflow/example_dags/example_branch_python_dop_operator_3.py
[2026-04-06T08:11:12.391+0000] {processor.py:925} INFO - DAG(s) 'example_branch_dop_operator_v3' retrieved from /home/airflow/.local/lib/python3.12/site-packages/airflow/example_dags/example_branch_python_dop_operator_3.py
[2026-04-06T08:11:12.402+0000] {logging_mixin.py:190} INFO - [2026-04-06T08:11:12.402+0000] {dag.py:3239} INFO - Sync 1 DAGs
[2026-04-06T08:11:12.411+0000] {logging_mixin.py:190} INFO - [2026-04-06T08:11:12.411+0000] {dag.py:4180} INFO - Setting next_dagrun for example_branch_dop_operator_v3 to 2026-04-06 08:10:00+00:00, run_after=2026-04-06 08:11:00+00:00
[2026-04-06T08:11:12.419+0000] {processor.py:208} INFO - Processing /home/airflow/.local/lib/python3.12/site-packages/airflow/example_dags/example_branch_python_dop_operator_3.py took 0.037 seconds
[2026-04-06T08:11:43.488+0000] {processor.py:186} INFO - Started process (PID=3758) to work on /home/airflow/.local/lib/python3.12/site-packages/airflow/example_dags/example_branch_python_dop_operator_3.py
[2026-04-06T08:11:43.488+0000] {processor.py:914} INFO - Processing file /home/airflow/.local/lib/python3.12/site-packages/airflow/example_dags/example_branch_python_dop_operator_3.py for tasks to queue
[2026-04-06T08:11:43.489+0000] {logging_mixin.py:190} INFO - [2026-04-06T08:11:43.489+0000] {dagbag.py:588} INFO - Filling up the DagBag from /home/airflow/.local/lib/python3.12/site-packages/airflow/example_dags/example_branch_python_dop_operator_3.py
[2026-04-06T08:11:43.493+0000] {processor.py:925} INFO - DAG(s) 'example_branch_dop_operator_v3' retrieved from /home/airflow/.local/lib/python3.12/site-packages/airflow/example_dags/example_branch_python_dop_operator_3.py
[2026-04-06T08:11:43.502+0000] {logging_mixin.py:190} INFO - [2026-04-06T08:11:43.502+0000] {dag.py:3239} INFO - Sync 1 DAGs
[2026-04-06T08:11:43.513+0000] {logging_mixin.py:190} INFO - [2026-04-06T08:11:43.513+0000] {dag.py:4180} INFO - Setting next_dagrun for example_branch_dop_operator_v3 to 2026-04-06 08:10:00+00:00, run_after=2026-04-06 08:11:00+00:00
[2026-04-06T08:11:43.519+0000] {processor.py:208} INFO - Processing /home/airflow/.local/lib/python3.12/site-packages/airflow/example_dags/example_branch_python_dop_operator_3.py took 0.034 seconds
