[2026-04-09T00:10:47.296+0000] {processor.py:186} INFO - Started process (PID=38041) to work on /home/airflow/.local/lib/python3.12/site-packages/airflow/example_dags/example_nested_branch_dag.py
[2026-04-09T00:10:47.297+0000] {processor.py:914} INFO - Processing file /home/airflow/.local/lib/python3.12/site-packages/airflow/example_dags/example_nested_branch_dag.py for tasks to queue
[2026-04-09T00:10:47.299+0000] {logging_mixin.py:190} INFO - [2026-04-09T00:10:47.298+0000] {dagbag.py:588} INFO - Filling up the DagBag from /home/airflow/.local/lib/python3.12/site-packages/airflow/example_dags/example_nested_branch_dag.py
[2026-04-09T00:10:47.306+0000] {processor.py:925} INFO - DAG(s) 'example_nested_branch_dag' retrieved from /home/airflow/.local/lib/python3.12/site-packages/airflow/example_dags/example_nested_branch_dag.py
[2026-04-09T00:10:47.316+0000] {logging_mixin.py:190} INFO - [2026-04-09T00:10:47.316+0000] {dag.py:3239} INFO - Sync 1 DAGs
[2026-04-09T00:10:47.328+0000] {logging_mixin.py:190} INFO - [2026-04-09T00:10:47.328+0000] {dag.py:4180} INFO - Setting next_dagrun for example_nested_branch_dag to 2026-04-08 00:00:00+00:00, run_after=2026-04-09 00:00:00+00:00
[2026-04-09T00:10:47.337+0000] {processor.py:208} INFO - Processing /home/airflow/.local/lib/python3.12/site-packages/airflow/example_dags/example_nested_branch_dag.py took 0.043 seconds
[2026-04-09T00:11:17.526+0000] {processor.py:186} INFO - Started process (PID=38105) to work on /home/airflow/.local/lib/python3.12/site-packages/airflow/example_dags/example_nested_branch_dag.py
[2026-04-09T00:11:17.527+0000] {processor.py:914} INFO - Processing file /home/airflow/.local/lib/python3.12/site-packages/airflow/example_dags/example_nested_branch_dag.py for tasks to queue
[2026-04-09T00:11:17.527+0000] {logging_mixin.py:190} INFO - [2026-04-09T00:11:17.527+0000] {dagbag.py:588} INFO - Filling up the DagBag from /home/airflow/.local/lib/python3.12/site-packages/airflow/example_dags/example_nested_branch_dag.py
[2026-04-09T00:11:17.534+0000] {processor.py:925} INFO - DAG(s) 'example_nested_branch_dag' retrieved from /home/airflow/.local/lib/python3.12/site-packages/airflow/example_dags/example_nested_branch_dag.py
[2026-04-09T00:11:17.544+0000] {logging_mixin.py:190} INFO - [2026-04-09T00:11:17.544+0000] {dag.py:3239} INFO - Sync 1 DAGs
[2026-04-09T00:11:17.554+0000] {logging_mixin.py:190} INFO - [2026-04-09T00:11:17.554+0000] {dag.py:4180} INFO - Setting next_dagrun for example_nested_branch_dag to 2026-04-08 00:00:00+00:00, run_after=2026-04-09 00:00:00+00:00
[2026-04-09T00:11:17.560+0000] {processor.py:208} INFO - Processing /home/airflow/.local/lib/python3.12/site-packages/airflow/example_dags/example_nested_branch_dag.py took 0.036 seconds
[2026-04-09T00:26:47.284+0000] {processor.py:186} INFO - Started process (PID=38169) to work on /home/airflow/.local/lib/python3.12/site-packages/airflow/example_dags/example_nested_branch_dag.py
[2026-04-09T00:26:47.285+0000] {processor.py:914} INFO - Processing file /home/airflow/.local/lib/python3.12/site-packages/airflow/example_dags/example_nested_branch_dag.py for tasks to queue
[2026-04-09T00:26:47.286+0000] {logging_mixin.py:190} INFO - [2026-04-09T00:26:47.286+0000] {dagbag.py:588} INFO - Filling up the DagBag from /home/airflow/.local/lib/python3.12/site-packages/airflow/example_dags/example_nested_branch_dag.py
[2026-04-09T00:26:47.292+0000] {processor.py:925} INFO - DAG(s) 'example_nested_branch_dag' retrieved from /home/airflow/.local/lib/python3.12/site-packages/airflow/example_dags/example_nested_branch_dag.py
[2026-04-09T00:26:47.301+0000] {logging_mixin.py:190} INFO - [2026-04-09T00:26:47.301+0000] {dag.py:3239} INFO - Sync 1 DAGs
[2026-04-09T00:26:47.311+0000] {logging_mixin.py:190} INFO - [2026-04-09T00:26:47.311+0000] {dag.py:4180} INFO - Setting next_dagrun for example_nested_branch_dag to 2026-04-08 00:00:00+00:00, run_after=2026-04-09 00:00:00+00:00
[2026-04-09T00:26:47.317+0000] {processor.py:208} INFO - Processing /home/airflow/.local/lib/python3.12/site-packages/airflow/example_dags/example_nested_branch_dag.py took 0.036 seconds
[2026-04-09T00:42:17.444+0000] {processor.py:186} INFO - Started process (PID=38233) to work on /home/airflow/.local/lib/python3.12/site-packages/airflow/example_dags/example_nested_branch_dag.py
[2026-04-09T00:42:17.444+0000] {processor.py:914} INFO - Processing file /home/airflow/.local/lib/python3.12/site-packages/airflow/example_dags/example_nested_branch_dag.py for tasks to queue
[2026-04-09T00:42:17.446+0000] {logging_mixin.py:190} INFO - [2026-04-09T00:42:17.445+0000] {dagbag.py:588} INFO - Filling up the DagBag from /home/airflow/.local/lib/python3.12/site-packages/airflow/example_dags/example_nested_branch_dag.py
[2026-04-09T00:42:17.451+0000] {processor.py:925} INFO - DAG(s) 'example_nested_branch_dag' retrieved from /home/airflow/.local/lib/python3.12/site-packages/airflow/example_dags/example_nested_branch_dag.py
[2026-04-09T00:42:17.459+0000] {logging_mixin.py:190} INFO - [2026-04-09T00:42:17.459+0000] {dag.py:3239} INFO - Sync 1 DAGs
[2026-04-09T00:42:17.470+0000] {logging_mixin.py:190} INFO - [2026-04-09T00:42:17.469+0000] {dag.py:4180} INFO - Setting next_dagrun for example_nested_branch_dag to 2026-04-08 00:00:00+00:00, run_after=2026-04-09 00:00:00+00:00
[2026-04-09T00:42:17.475+0000] {processor.py:208} INFO - Processing /home/airflow/.local/lib/python3.12/site-packages/airflow/example_dags/example_nested_branch_dag.py took 0.034 seconds
[2026-04-09T00:59:14.993+0000] {processor.py:186} INFO - Started process (PID=38297) to work on /home/airflow/.local/lib/python3.12/site-packages/airflow/example_dags/example_nested_branch_dag.py
[2026-04-09T00:59:14.994+0000] {processor.py:914} INFO - Processing file /home/airflow/.local/lib/python3.12/site-packages/airflow/example_dags/example_nested_branch_dag.py for tasks to queue
[2026-04-09T00:59:14.996+0000] {logging_mixin.py:190} INFO - [2026-04-09T00:59:14.995+0000] {dagbag.py:588} INFO - Filling up the DagBag from /home/airflow/.local/lib/python3.12/site-packages/airflow/example_dags/example_nested_branch_dag.py
[2026-04-09T00:59:15.004+0000] {processor.py:925} INFO - DAG(s) 'example_nested_branch_dag' retrieved from /home/airflow/.local/lib/python3.12/site-packages/airflow/example_dags/example_nested_branch_dag.py
[2026-04-09T00:59:15.020+0000] {logging_mixin.py:190} INFO - [2026-04-09T00:59:15.020+0000] {dag.py:3239} INFO - Sync 1 DAGs
[2026-04-09T00:59:15.035+0000] {logging_mixin.py:190} INFO - [2026-04-09T00:59:15.035+0000] {dag.py:4180} INFO - Setting next_dagrun for example_nested_branch_dag to 2026-04-08 00:00:00+00:00, run_after=2026-04-09 00:00:00+00:00
[2026-04-09T00:59:15.044+0000] {processor.py:208} INFO - Processing /home/airflow/.local/lib/python3.12/site-packages/airflow/example_dags/example_nested_branch_dag.py took 0.055 seconds
[2026-04-09T01:14:45.913+0000] {processor.py:186} INFO - Started process (PID=38361) to work on /home/airflow/.local/lib/python3.12/site-packages/airflow/example_dags/example_nested_branch_dag.py
[2026-04-09T01:14:45.914+0000] {processor.py:914} INFO - Processing file /home/airflow/.local/lib/python3.12/site-packages/airflow/example_dags/example_nested_branch_dag.py for tasks to queue
[2026-04-09T01:14:45.915+0000] {logging_mixin.py:190} INFO - [2026-04-09T01:14:45.915+0000] {dagbag.py:588} INFO - Filling up the DagBag from /home/airflow/.local/lib/python3.12/site-packages/airflow/example_dags/example_nested_branch_dag.py
[2026-04-09T01:14:45.931+0000] {processor.py:925} INFO - DAG(s) 'example_nested_branch_dag' retrieved from /home/airflow/.local/lib/python3.12/site-packages/airflow/example_dags/example_nested_branch_dag.py
[2026-04-09T01:14:45.949+0000] {logging_mixin.py:190} INFO - [2026-04-09T01:14:45.948+0000] {dag.py:3239} INFO - Sync 1 DAGs
[2026-04-09T01:14:45.972+0000] {logging_mixin.py:190} INFO - [2026-04-09T01:14:45.972+0000] {dag.py:4180} INFO - Setting next_dagrun for example_nested_branch_dag to 2026-04-08 00:00:00+00:00, run_after=2026-04-09 00:00:00+00:00
[2026-04-09T01:14:45.985+0000] {processor.py:208} INFO - Processing /home/airflow/.local/lib/python3.12/site-packages/airflow/example_dags/example_nested_branch_dag.py took 0.077 seconds
[2026-04-09T01:15:16.552+0000] {processor.py:186} INFO - Started process (PID=38425) to work on /home/airflow/.local/lib/python3.12/site-packages/airflow/example_dags/example_nested_branch_dag.py
[2026-04-09T01:15:16.553+0000] {processor.py:914} INFO - Processing file /home/airflow/.local/lib/python3.12/site-packages/airflow/example_dags/example_nested_branch_dag.py for tasks to queue
[2026-04-09T01:15:16.554+0000] {logging_mixin.py:190} INFO - [2026-04-09T01:15:16.554+0000] {dagbag.py:588} INFO - Filling up the DagBag from /home/airflow/.local/lib/python3.12/site-packages/airflow/example_dags/example_nested_branch_dag.py
[2026-04-09T01:15:16.561+0000] {processor.py:925} INFO - DAG(s) 'example_nested_branch_dag' retrieved from /home/airflow/.local/lib/python3.12/site-packages/airflow/example_dags/example_nested_branch_dag.py
[2026-04-09T01:15:16.570+0000] {logging_mixin.py:190} INFO - [2026-04-09T01:15:16.570+0000] {dag.py:3239} INFO - Sync 1 DAGs
[2026-04-09T01:15:16.580+0000] {logging_mixin.py:190} INFO - [2026-04-09T01:15:16.580+0000] {dag.py:4180} INFO - Setting next_dagrun for example_nested_branch_dag to 2026-04-08 00:00:00+00:00, run_after=2026-04-09 00:00:00+00:00
[2026-04-09T01:15:16.586+0000] {processor.py:208} INFO - Processing /home/airflow/.local/lib/python3.12/site-packages/airflow/example_dags/example_nested_branch_dag.py took 0.037 seconds
[2026-04-09T01:30:52.369+0000] {processor.py:186} INFO - Started process (PID=38489) to work on /home/airflow/.local/lib/python3.12/site-packages/airflow/example_dags/example_nested_branch_dag.py
[2026-04-09T01:30:52.369+0000] {processor.py:914} INFO - Processing file /home/airflow/.local/lib/python3.12/site-packages/airflow/example_dags/example_nested_branch_dag.py for tasks to queue
[2026-04-09T01:30:52.370+0000] {logging_mixin.py:190} INFO - [2026-04-09T01:30:52.370+0000] {dagbag.py:588} INFO - Filling up the DagBag from /home/airflow/.local/lib/python3.12/site-packages/airflow/example_dags/example_nested_branch_dag.py
[2026-04-09T01:30:52.376+0000] {processor.py:925} INFO - DAG(s) 'example_nested_branch_dag' retrieved from /home/airflow/.local/lib/python3.12/site-packages/airflow/example_dags/example_nested_branch_dag.py
[2026-04-09T01:30:52.385+0000] {logging_mixin.py:190} INFO - [2026-04-09T01:30:52.385+0000] {dag.py:3239} INFO - Sync 1 DAGs
[2026-04-09T01:30:52.394+0000] {logging_mixin.py:190} INFO - [2026-04-09T01:30:52.394+0000] {dag.py:4180} INFO - Setting next_dagrun for example_nested_branch_dag to 2026-04-08 00:00:00+00:00, run_after=2026-04-09 00:00:00+00:00
[2026-04-09T01:30:52.400+0000] {processor.py:208} INFO - Processing /home/airflow/.local/lib/python3.12/site-packages/airflow/example_dags/example_nested_branch_dag.py took 0.034 seconds
[2026-04-09T01:46:23.902+0000] {processor.py:186} INFO - Started process (PID=38553) to work on /home/airflow/.local/lib/python3.12/site-packages/airflow/example_dags/example_nested_branch_dag.py
[2026-04-09T01:46:23.903+0000] {processor.py:914} INFO - Processing file /home/airflow/.local/lib/python3.12/site-packages/airflow/example_dags/example_nested_branch_dag.py for tasks to queue
[2026-04-09T01:46:23.903+0000] {logging_mixin.py:190} INFO - [2026-04-09T01:46:23.903+0000] {dagbag.py:588} INFO - Filling up the DagBag from /home/airflow/.local/lib/python3.12/site-packages/airflow/example_dags/example_nested_branch_dag.py
[2026-04-09T01:46:23.907+0000] {processor.py:925} INFO - DAG(s) 'example_nested_branch_dag' retrieved from /home/airflow/.local/lib/python3.12/site-packages/airflow/example_dags/example_nested_branch_dag.py
[2026-04-09T01:46:23.914+0000] {logging_mixin.py:190} INFO - [2026-04-09T01:46:23.914+0000] {dag.py:3239} INFO - Sync 1 DAGs
[2026-04-09T01:46:23.922+0000] {logging_mixin.py:190} INFO - [2026-04-09T01:46:23.922+0000] {dag.py:4180} INFO - Setting next_dagrun for example_nested_branch_dag to 2026-04-08 00:00:00+00:00, run_after=2026-04-09 00:00:00+00:00
[2026-04-09T01:46:23.927+0000] {processor.py:208} INFO - Processing /home/airflow/.local/lib/python3.12/site-packages/airflow/example_dags/example_nested_branch_dag.py took 0.027 seconds
[2026-04-09T01:46:55.079+0000] {processor.py:186} INFO - Started process (PID=38617) to work on /home/airflow/.local/lib/python3.12/site-packages/airflow/example_dags/example_nested_branch_dag.py
[2026-04-09T01:46:55.079+0000] {processor.py:914} INFO - Processing file /home/airflow/.local/lib/python3.12/site-packages/airflow/example_dags/example_nested_branch_dag.py for tasks to queue
[2026-04-09T01:46:55.080+0000] {logging_mixin.py:190} INFO - [2026-04-09T01:46:55.080+0000] {dagbag.py:588} INFO - Filling up the DagBag from /home/airflow/.local/lib/python3.12/site-packages/airflow/example_dags/example_nested_branch_dag.py
[2026-04-09T01:46:55.084+0000] {processor.py:925} INFO - DAG(s) 'example_nested_branch_dag' retrieved from /home/airflow/.local/lib/python3.12/site-packages/airflow/example_dags/example_nested_branch_dag.py
[2026-04-09T01:46:55.091+0000] {logging_mixin.py:190} INFO - [2026-04-09T01:46:55.091+0000] {dag.py:3239} INFO - Sync 1 DAGs
[2026-04-09T01:46:55.099+0000] {logging_mixin.py:190} INFO - [2026-04-09T01:46:55.099+0000] {dag.py:4180} INFO - Setting next_dagrun for example_nested_branch_dag to 2026-04-08 00:00:00+00:00, run_after=2026-04-09 00:00:00+00:00
[2026-04-09T01:46:55.107+0000] {processor.py:208} INFO - Processing /home/airflow/.local/lib/python3.12/site-packages/airflow/example_dags/example_nested_branch_dag.py took 0.030 seconds
[2026-04-09T02:02:24.499+0000] {processor.py:186} INFO - Started process (PID=38681) to work on /home/airflow/.local/lib/python3.12/site-packages/airflow/example_dags/example_nested_branch_dag.py
[2026-04-09T02:02:24.499+0000] {processor.py:914} INFO - Processing file /home/airflow/.local/lib/python3.12/site-packages/airflow/example_dags/example_nested_branch_dag.py for tasks to queue
[2026-04-09T02:02:24.500+0000] {logging_mixin.py:190} INFO - [2026-04-09T02:02:24.500+0000] {dagbag.py:588} INFO - Filling up the DagBag from /home/airflow/.local/lib/python3.12/site-packages/airflow/example_dags/example_nested_branch_dag.py
[2026-04-09T02:02:24.506+0000] {processor.py:925} INFO - DAG(s) 'example_nested_branch_dag' retrieved from /home/airflow/.local/lib/python3.12/site-packages/airflow/example_dags/example_nested_branch_dag.py
[2026-04-09T02:02:24.515+0000] {logging_mixin.py:190} INFO - [2026-04-09T02:02:24.515+0000] {dag.py:3239} INFO - Sync 1 DAGs
[2026-04-09T02:02:24.523+0000] {logging_mixin.py:190} INFO - [2026-04-09T02:02:24.523+0000] {dag.py:4180} INFO - Setting next_dagrun for example_nested_branch_dag to 2026-04-08 00:00:00+00:00, run_after=2026-04-09 00:00:00+00:00
[2026-04-09T02:02:24.529+0000] {processor.py:208} INFO - Processing /home/airflow/.local/lib/python3.12/site-packages/airflow/example_dags/example_nested_branch_dag.py took 0.033 seconds
[2026-04-09T02:17:56.333+0000] {processor.py:186} INFO - Started process (PID=38745) to work on /home/airflow/.local/lib/python3.12/site-packages/airflow/example_dags/example_nested_branch_dag.py
[2026-04-09T02:17:56.334+0000] {processor.py:914} INFO - Processing file /home/airflow/.local/lib/python3.12/site-packages/airflow/example_dags/example_nested_branch_dag.py for tasks to queue
[2026-04-09T02:17:56.335+0000] {logging_mixin.py:190} INFO - [2026-04-09T02:17:56.334+0000] {dagbag.py:588} INFO - Filling up the DagBag from /home/airflow/.local/lib/python3.12/site-packages/airflow/example_dags/example_nested_branch_dag.py
[2026-04-09T02:17:56.340+0000] {processor.py:925} INFO - DAG(s) 'example_nested_branch_dag' retrieved from /home/airflow/.local/lib/python3.12/site-packages/airflow/example_dags/example_nested_branch_dag.py
[2026-04-09T02:17:56.354+0000] {logging_mixin.py:190} INFO - [2026-04-09T02:17:56.354+0000] {dag.py:3239} INFO - Sync 1 DAGs
[2026-04-09T02:17:56.367+0000] {logging_mixin.py:190} INFO - [2026-04-09T02:17:56.367+0000] {dag.py:4180} INFO - Setting next_dagrun for example_nested_branch_dag to 2026-04-08 00:00:00+00:00, run_after=2026-04-09 00:00:00+00:00
[2026-04-09T02:17:56.375+0000] {processor.py:208} INFO - Processing /home/airflow/.local/lib/python3.12/site-packages/airflow/example_dags/example_nested_branch_dag.py took 0.045 seconds
[2026-04-09T02:18:26.899+0000] {processor.py:186} INFO - Started process (PID=38809) to work on /home/airflow/.local/lib/python3.12/site-packages/airflow/example_dags/example_nested_branch_dag.py
[2026-04-09T02:18:26.900+0000] {processor.py:914} INFO - Processing file /home/airflow/.local/lib/python3.12/site-packages/airflow/example_dags/example_nested_branch_dag.py for tasks to queue
[2026-04-09T02:18:26.900+0000] {logging_mixin.py:190} INFO - [2026-04-09T02:18:26.900+0000] {dagbag.py:588} INFO - Filling up the DagBag from /home/airflow/.local/lib/python3.12/site-packages/airflow/example_dags/example_nested_branch_dag.py
[2026-04-09T02:18:26.905+0000] {processor.py:925} INFO - DAG(s) 'example_nested_branch_dag' retrieved from /home/airflow/.local/lib/python3.12/site-packages/airflow/example_dags/example_nested_branch_dag.py
[2026-04-09T02:18:26.914+0000] {logging_mixin.py:190} INFO - [2026-04-09T02:18:26.914+0000] {dag.py:3239} INFO - Sync 1 DAGs
[2026-04-09T02:18:26.923+0000] {logging_mixin.py:190} INFO - [2026-04-09T02:18:26.923+0000] {dag.py:4180} INFO - Setting next_dagrun for example_nested_branch_dag to 2026-04-08 00:00:00+00:00, run_after=2026-04-09 00:00:00+00:00
[2026-04-09T02:18:26.933+0000] {processor.py:208} INFO - Processing /home/airflow/.local/lib/python3.12/site-packages/airflow/example_dags/example_nested_branch_dag.py took 0.036 seconds
[2026-04-09T02:27:46.700+0000] {processor.py:186} INFO - Started process (PID=38873) to work on /home/airflow/.local/lib/python3.12/site-packages/airflow/example_dags/example_nested_branch_dag.py
[2026-04-09T02:27:46.702+0000] {processor.py:914} INFO - Processing file /home/airflow/.local/lib/python3.12/site-packages/airflow/example_dags/example_nested_branch_dag.py for tasks to queue
[2026-04-09T02:27:46.702+0000] {logging_mixin.py:190} INFO - [2026-04-09T02:27:46.702+0000] {dagbag.py:588} INFO - Filling up the DagBag from /home/airflow/.local/lib/python3.12/site-packages/airflow/example_dags/example_nested_branch_dag.py
[2026-04-09T02:27:46.709+0000] {processor.py:925} INFO - DAG(s) 'example_nested_branch_dag' retrieved from /home/airflow/.local/lib/python3.12/site-packages/airflow/example_dags/example_nested_branch_dag.py
[2026-04-09T02:27:46.720+0000] {logging_mixin.py:190} INFO - [2026-04-09T02:27:46.719+0000] {dag.py:3239} INFO - Sync 1 DAGs
[2026-04-09T02:27:46.731+0000] {logging_mixin.py:190} INFO - [2026-04-09T02:27:46.731+0000] {dag.py:4180} INFO - Setting next_dagrun for example_nested_branch_dag to 2026-04-08 00:00:00+00:00, run_after=2026-04-09 00:00:00+00:00
[2026-04-09T02:27:46.737+0000] {processor.py:208} INFO - Processing /home/airflow/.local/lib/python3.12/site-packages/airflow/example_dags/example_nested_branch_dag.py took 0.040 seconds
[2026-04-09T02:43:18.703+0000] {processor.py:186} INFO - Started process (PID=38937) to work on /home/airflow/.local/lib/python3.12/site-packages/airflow/example_dags/example_nested_branch_dag.py
[2026-04-09T02:43:18.705+0000] {processor.py:914} INFO - Processing file /home/airflow/.local/lib/python3.12/site-packages/airflow/example_dags/example_nested_branch_dag.py for tasks to queue
[2026-04-09T02:43:18.706+0000] {logging_mixin.py:190} INFO - [2026-04-09T02:43:18.706+0000] {dagbag.py:588} INFO - Filling up the DagBag from /home/airflow/.local/lib/python3.12/site-packages/airflow/example_dags/example_nested_branch_dag.py
[2026-04-09T02:43:18.723+0000] {processor.py:925} INFO - DAG(s) 'example_nested_branch_dag' retrieved from /home/airflow/.local/lib/python3.12/site-packages/airflow/example_dags/example_nested_branch_dag.py
[2026-04-09T02:43:18.752+0000] {logging_mixin.py:190} INFO - [2026-04-09T02:43:18.751+0000] {dag.py:3239} INFO - Sync 1 DAGs
[2026-04-09T02:43:18.788+0000] {logging_mixin.py:190} INFO - [2026-04-09T02:43:18.787+0000] {dag.py:4180} INFO - Setting next_dagrun for example_nested_branch_dag to 2026-04-08 00:00:00+00:00, run_after=2026-04-09 00:00:00+00:00
[2026-04-09T02:43:18.811+0000] {processor.py:208} INFO - Processing /home/airflow/.local/lib/python3.12/site-packages/airflow/example_dags/example_nested_branch_dag.py took 0.115 seconds
[2026-04-09T02:43:49.521+0000] {processor.py:186} INFO - Started process (PID=39001) to work on /home/airflow/.local/lib/python3.12/site-packages/airflow/example_dags/example_nested_branch_dag.py
[2026-04-09T02:43:49.522+0000] {processor.py:914} INFO - Processing file /home/airflow/.local/lib/python3.12/site-packages/airflow/example_dags/example_nested_branch_dag.py for tasks to queue
[2026-04-09T02:43:49.522+0000] {logging_mixin.py:190} INFO - [2026-04-09T02:43:49.522+0000] {dagbag.py:588} INFO - Filling up the DagBag from /home/airflow/.local/lib/python3.12/site-packages/airflow/example_dags/example_nested_branch_dag.py
[2026-04-09T02:43:49.526+0000] {processor.py:925} INFO - DAG(s) 'example_nested_branch_dag' retrieved from /home/airflow/.local/lib/python3.12/site-packages/airflow/example_dags/example_nested_branch_dag.py
[2026-04-09T02:43:49.535+0000] {logging_mixin.py:190} INFO - [2026-04-09T02:43:49.534+0000] {dag.py:3239} INFO - Sync 1 DAGs
[2026-04-09T02:43:49.544+0000] {logging_mixin.py:190} INFO - [2026-04-09T02:43:49.544+0000] {dag.py:4180} INFO - Setting next_dagrun for example_nested_branch_dag to 2026-04-08 00:00:00+00:00, run_after=2026-04-09 00:00:00+00:00
[2026-04-09T02:43:49.553+0000] {processor.py:208} INFO - Processing /home/airflow/.local/lib/python3.12/site-packages/airflow/example_dags/example_nested_branch_dag.py took 0.034 seconds
[2026-04-09T02:59:17.902+0000] {processor.py:186} INFO - Started process (PID=39065) to work on /home/airflow/.local/lib/python3.12/site-packages/airflow/example_dags/example_nested_branch_dag.py
[2026-04-09T02:59:17.903+0000] {processor.py:914} INFO - Processing file /home/airflow/.local/lib/python3.12/site-packages/airflow/example_dags/example_nested_branch_dag.py for tasks to queue
[2026-04-09T02:59:17.903+0000] {logging_mixin.py:190} INFO - [2026-04-09T02:59:17.903+0000] {dagbag.py:588} INFO - Filling up the DagBag from /home/airflow/.local/lib/python3.12/site-packages/airflow/example_dags/example_nested_branch_dag.py
[2026-04-09T02:59:17.911+0000] {processor.py:925} INFO - DAG(s) 'example_nested_branch_dag' retrieved from /home/airflow/.local/lib/python3.12/site-packages/airflow/example_dags/example_nested_branch_dag.py
[2026-04-09T02:59:17.920+0000] {logging_mixin.py:190} INFO - [2026-04-09T02:59:17.920+0000] {dag.py:3239} INFO - Sync 1 DAGs
[2026-04-09T02:59:17.927+0000] {logging_mixin.py:190} INFO - [2026-04-09T02:59:17.927+0000] {dag.py:4180} INFO - Setting next_dagrun for example_nested_branch_dag to 2026-04-08 00:00:00+00:00, run_after=2026-04-09 00:00:00+00:00
[2026-04-09T02:59:17.933+0000] {processor.py:208} INFO - Processing /home/airflow/.local/lib/python3.12/site-packages/airflow/example_dags/example_nested_branch_dag.py took 0.033 seconds
[2026-04-09T02:59:49.297+0000] {processor.py:186} INFO - Started process (PID=39129) to work on /home/airflow/.local/lib/python3.12/site-packages/airflow/example_dags/example_nested_branch_dag.py
[2026-04-09T02:59:49.298+0000] {processor.py:914} INFO - Processing file /home/airflow/.local/lib/python3.12/site-packages/airflow/example_dags/example_nested_branch_dag.py for tasks to queue
[2026-04-09T02:59:49.299+0000] {logging_mixin.py:190} INFO - [2026-04-09T02:59:49.299+0000] {dagbag.py:588} INFO - Filling up the DagBag from /home/airflow/.local/lib/python3.12/site-packages/airflow/example_dags/example_nested_branch_dag.py
[2026-04-09T02:59:49.306+0000] {processor.py:925} INFO - DAG(s) 'example_nested_branch_dag' retrieved from /home/airflow/.local/lib/python3.12/site-packages/airflow/example_dags/example_nested_branch_dag.py
[2026-04-09T02:59:49.316+0000] {logging_mixin.py:190} INFO - [2026-04-09T02:59:49.316+0000] {dag.py:3239} INFO - Sync 1 DAGs
[2026-04-09T02:59:49.325+0000] {logging_mixin.py:190} INFO - [2026-04-09T02:59:49.325+0000] {dag.py:4180} INFO - Setting next_dagrun for example_nested_branch_dag to 2026-04-08 00:00:00+00:00, run_after=2026-04-09 00:00:00+00:00
[2026-04-09T02:59:49.333+0000] {processor.py:208} INFO - Processing /home/airflow/.local/lib/python3.12/site-packages/airflow/example_dags/example_nested_branch_dag.py took 0.039 seconds
[2026-04-09T03:15:18.852+0000] {processor.py:186} INFO - Started process (PID=39193) to work on /home/airflow/.local/lib/python3.12/site-packages/airflow/example_dags/example_nested_branch_dag.py
[2026-04-09T03:15:18.852+0000] {processor.py:914} INFO - Processing file /home/airflow/.local/lib/python3.12/site-packages/airflow/example_dags/example_nested_branch_dag.py for tasks to queue
[2026-04-09T03:15:18.853+0000] {logging_mixin.py:190} INFO - [2026-04-09T03:15:18.853+0000] {dagbag.py:588} INFO - Filling up the DagBag from /home/airflow/.local/lib/python3.12/site-packages/airflow/example_dags/example_nested_branch_dag.py
[2026-04-09T03:15:18.858+0000] {processor.py:925} INFO - DAG(s) 'example_nested_branch_dag' retrieved from /home/airflow/.local/lib/python3.12/site-packages/airflow/example_dags/example_nested_branch_dag.py
[2026-04-09T03:15:18.866+0000] {logging_mixin.py:190} INFO - [2026-04-09T03:15:18.866+0000] {dag.py:3239} INFO - Sync 1 DAGs
[2026-04-09T03:15:18.875+0000] {logging_mixin.py:190} INFO - [2026-04-09T03:15:18.875+0000] {dag.py:4180} INFO - Setting next_dagrun for example_nested_branch_dag to 2026-04-08 00:00:00+00:00, run_after=2026-04-09 00:00:00+00:00
[2026-04-09T03:15:18.884+0000] {processor.py:208} INFO - Processing /home/airflow/.local/lib/python3.12/site-packages/airflow/example_dags/example_nested_branch_dag.py took 0.034 seconds
[2026-04-09T03:28:38.937+0000] {processor.py:186} INFO - Started process (PID=39257) to work on /home/airflow/.local/lib/python3.12/site-packages/airflow/example_dags/example_nested_branch_dag.py
[2026-04-09T03:28:38.938+0000] {processor.py:914} INFO - Processing file /home/airflow/.local/lib/python3.12/site-packages/airflow/example_dags/example_nested_branch_dag.py for tasks to queue
[2026-04-09T03:28:38.939+0000] {logging_mixin.py:190} INFO - [2026-04-09T03:28:38.939+0000] {dagbag.py:588} INFO - Filling up the DagBag from /home/airflow/.local/lib/python3.12/site-packages/airflow/example_dags/example_nested_branch_dag.py
[2026-04-09T03:28:38.946+0000] {processor.py:925} INFO - DAG(s) 'example_nested_branch_dag' retrieved from /home/airflow/.local/lib/python3.12/site-packages/airflow/example_dags/example_nested_branch_dag.py
[2026-04-09T03:28:38.955+0000] {logging_mixin.py:190} INFO - [2026-04-09T03:28:38.955+0000] {dag.py:3239} INFO - Sync 1 DAGs
[2026-04-09T03:28:38.964+0000] {logging_mixin.py:190} INFO - [2026-04-09T03:28:38.964+0000] {dag.py:4180} INFO - Setting next_dagrun for example_nested_branch_dag to 2026-04-08 00:00:00+00:00, run_after=2026-04-09 00:00:00+00:00
[2026-04-09T03:28:38.969+0000] {processor.py:208} INFO - Processing /home/airflow/.local/lib/python3.12/site-packages/airflow/example_dags/example_nested_branch_dag.py took 0.035 seconds
[2026-04-09T03:29:09.281+0000] {processor.py:186} INFO - Started process (PID=39321) to work on /home/airflow/.local/lib/python3.12/site-packages/airflow/example_dags/example_nested_branch_dag.py
[2026-04-09T03:29:09.282+0000] {processor.py:914} INFO - Processing file /home/airflow/.local/lib/python3.12/site-packages/airflow/example_dags/example_nested_branch_dag.py for tasks to queue
[2026-04-09T03:29:09.283+0000] {logging_mixin.py:190} INFO - [2026-04-09T03:29:09.283+0000] {dagbag.py:588} INFO - Filling up the DagBag from /home/airflow/.local/lib/python3.12/site-packages/airflow/example_dags/example_nested_branch_dag.py
[2026-04-09T03:29:09.288+0000] {processor.py:925} INFO - DAG(s) 'example_nested_branch_dag' retrieved from /home/airflow/.local/lib/python3.12/site-packages/airflow/example_dags/example_nested_branch_dag.py
[2026-04-09T03:29:09.298+0000] {logging_mixin.py:190} INFO - [2026-04-09T03:29:09.298+0000] {dag.py:3239} INFO - Sync 1 DAGs
[2026-04-09T03:29:09.309+0000] {logging_mixin.py:190} INFO - [2026-04-09T03:29:09.309+0000] {dag.py:4180} INFO - Setting next_dagrun for example_nested_branch_dag to 2026-04-08 00:00:00+00:00, run_after=2026-04-09 00:00:00+00:00
[2026-04-09T03:29:09.317+0000] {processor.py:208} INFO - Processing /home/airflow/.local/lib/python3.12/site-packages/airflow/example_dags/example_nested_branch_dag.py took 0.039 seconds
[2026-04-09T03:44:39.989+0000] {processor.py:186} INFO - Started process (PID=39385) to work on /home/airflow/.local/lib/python3.12/site-packages/airflow/example_dags/example_nested_branch_dag.py
[2026-04-09T03:44:39.990+0000] {processor.py:914} INFO - Processing file /home/airflow/.local/lib/python3.12/site-packages/airflow/example_dags/example_nested_branch_dag.py for tasks to queue
[2026-04-09T03:44:39.990+0000] {logging_mixin.py:190} INFO - [2026-04-09T03:44:39.990+0000] {dagbag.py:588} INFO - Filling up the DagBag from /home/airflow/.local/lib/python3.12/site-packages/airflow/example_dags/example_nested_branch_dag.py
[2026-04-09T03:44:39.995+0000] {processor.py:925} INFO - DAG(s) 'example_nested_branch_dag' retrieved from /home/airflow/.local/lib/python3.12/site-packages/airflow/example_dags/example_nested_branch_dag.py
[2026-04-09T03:44:40.005+0000] {logging_mixin.py:190} INFO - [2026-04-09T03:44:40.005+0000] {dag.py:3239} INFO - Sync 1 DAGs
[2026-04-09T03:44:40.013+0000] {logging_mixin.py:190} INFO - [2026-04-09T03:44:40.013+0000] {dag.py:4180} INFO - Setting next_dagrun for example_nested_branch_dag to 2026-04-08 00:00:00+00:00, run_after=2026-04-09 00:00:00+00:00
[2026-04-09T03:44:40.018+0000] {processor.py:208} INFO - Processing /home/airflow/.local/lib/python3.12/site-packages/airflow/example_dags/example_nested_branch_dag.py took 0.032 seconds
[2026-04-09T04:00:10.652+0000] {processor.py:186} INFO - Started process (PID=39449) to work on /home/airflow/.local/lib/python3.12/site-packages/airflow/example_dags/example_nested_branch_dag.py
[2026-04-09T04:00:10.653+0000] {processor.py:914} INFO - Processing file /home/airflow/.local/lib/python3.12/site-packages/airflow/example_dags/example_nested_branch_dag.py for tasks to queue
[2026-04-09T04:00:10.654+0000] {logging_mixin.py:190} INFO - [2026-04-09T04:00:10.654+0000] {dagbag.py:588} INFO - Filling up the DagBag from /home/airflow/.local/lib/python3.12/site-packages/airflow/example_dags/example_nested_branch_dag.py
[2026-04-09T04:00:10.660+0000] {processor.py:925} INFO - DAG(s) 'example_nested_branch_dag' retrieved from /home/airflow/.local/lib/python3.12/site-packages/airflow/example_dags/example_nested_branch_dag.py
[2026-04-09T04:00:10.672+0000] {logging_mixin.py:190} INFO - [2026-04-09T04:00:10.672+0000] {dag.py:3239} INFO - Sync 1 DAGs
[2026-04-09T04:00:10.683+0000] {logging_mixin.py:190} INFO - [2026-04-09T04:00:10.682+0000] {dag.py:4180} INFO - Setting next_dagrun for example_nested_branch_dag to 2026-04-08 00:00:00+00:00, run_after=2026-04-09 00:00:00+00:00
[2026-04-09T04:00:10.689+0000] {processor.py:208} INFO - Processing /home/airflow/.local/lib/python3.12/site-packages/airflow/example_dags/example_nested_branch_dag.py took 0.039 seconds
[2026-04-09T04:00:41.083+0000] {processor.py:186} INFO - Started process (PID=39513) to work on /home/airflow/.local/lib/python3.12/site-packages/airflow/example_dags/example_nested_branch_dag.py
[2026-04-09T04:00:41.084+0000] {processor.py:914} INFO - Processing file /home/airflow/.local/lib/python3.12/site-packages/airflow/example_dags/example_nested_branch_dag.py for tasks to queue
[2026-04-09T04:00:41.086+0000] {logging_mixin.py:190} INFO - [2026-04-09T04:00:41.086+0000] {dagbag.py:588} INFO - Filling up the DagBag from /home/airflow/.local/lib/python3.12/site-packages/airflow/example_dags/example_nested_branch_dag.py
[2026-04-09T04:00:41.091+0000] {processor.py:925} INFO - DAG(s) 'example_nested_branch_dag' retrieved from /home/airflow/.local/lib/python3.12/site-packages/airflow/example_dags/example_nested_branch_dag.py
[2026-04-09T04:00:41.100+0000] {logging_mixin.py:190} INFO - [2026-04-09T04:00:41.100+0000] {dag.py:3239} INFO - Sync 1 DAGs
[2026-04-09T04:00:41.109+0000] {logging_mixin.py:190} INFO - [2026-04-09T04:00:41.109+0000] {dag.py:4180} INFO - Setting next_dagrun for example_nested_branch_dag to 2026-04-08 00:00:00+00:00, run_after=2026-04-09 00:00:00+00:00
[2026-04-09T04:00:41.114+0000] {processor.py:208} INFO - Processing /home/airflow/.local/lib/python3.12/site-packages/airflow/example_dags/example_nested_branch_dag.py took 0.034 seconds
[2026-04-09T04:16:11.593+0000] {processor.py:186} INFO - Started process (PID=39577) to work on /home/airflow/.local/lib/python3.12/site-packages/airflow/example_dags/example_nested_branch_dag.py
[2026-04-09T04:16:11.594+0000] {processor.py:914} INFO - Processing file /home/airflow/.local/lib/python3.12/site-packages/airflow/example_dags/example_nested_branch_dag.py for tasks to queue
[2026-04-09T04:16:11.595+0000] {logging_mixin.py:190} INFO - [2026-04-09T04:16:11.595+0000] {dagbag.py:588} INFO - Filling up the DagBag from /home/airflow/.local/lib/python3.12/site-packages/airflow/example_dags/example_nested_branch_dag.py
[2026-04-09T04:16:11.601+0000] {processor.py:925} INFO - DAG(s) 'example_nested_branch_dag' retrieved from /home/airflow/.local/lib/python3.12/site-packages/airflow/example_dags/example_nested_branch_dag.py
[2026-04-09T04:16:11.608+0000] {logging_mixin.py:190} INFO - [2026-04-09T04:16:11.608+0000] {dag.py:3239} INFO - Sync 1 DAGs
[2026-04-09T04:16:11.620+0000] {logging_mixin.py:190} INFO - [2026-04-09T04:16:11.620+0000] {dag.py:4180} INFO - Setting next_dagrun for example_nested_branch_dag to 2026-04-08 00:00:00+00:00, run_after=2026-04-09 00:00:00+00:00
[2026-04-09T04:16:11.633+0000] {processor.py:208} INFO - Processing /home/airflow/.local/lib/python3.12/site-packages/airflow/example_dags/example_nested_branch_dag.py took 0.043 seconds
[2026-04-09T04:28:02.969+0000] {processor.py:186} INFO - Started process (PID=39641) to work on /home/airflow/.local/lib/python3.12/site-packages/airflow/example_dags/example_nested_branch_dag.py
[2026-04-09T04:28:02.970+0000] {processor.py:914} INFO - Processing file /home/airflow/.local/lib/python3.12/site-packages/airflow/example_dags/example_nested_branch_dag.py for tasks to queue
[2026-04-09T04:28:02.970+0000] {logging_mixin.py:190} INFO - [2026-04-09T04:28:02.970+0000] {dagbag.py:588} INFO - Filling up the DagBag from /home/airflow/.local/lib/python3.12/site-packages/airflow/example_dags/example_nested_branch_dag.py
[2026-04-09T04:28:02.975+0000] {processor.py:925} INFO - DAG(s) 'example_nested_branch_dag' retrieved from /home/airflow/.local/lib/python3.12/site-packages/airflow/example_dags/example_nested_branch_dag.py
[2026-04-09T04:28:02.988+0000] {logging_mixin.py:190} INFO - [2026-04-09T04:28:02.987+0000] {dag.py:3239} INFO - Sync 1 DAGs
[2026-04-09T04:28:03.000+0000] {logging_mixin.py:190} INFO - [2026-04-09T04:28:03.000+0000] {dag.py:4180} INFO - Setting next_dagrun for example_nested_branch_dag to 2026-04-08 00:00:00+00:00, run_after=2026-04-09 00:00:00+00:00
[2026-04-09T04:28:03.010+0000] {processor.py:208} INFO - Processing /home/airflow/.local/lib/python3.12/site-packages/airflow/example_dags/example_nested_branch_dag.py took 0.044 seconds
[2026-04-09T04:28:34.098+0000] {processor.py:186} INFO - Started process (PID=39705) to work on /home/airflow/.local/lib/python3.12/site-packages/airflow/example_dags/example_nested_branch_dag.py
[2026-04-09T04:28:34.099+0000] {processor.py:914} INFO - Processing file /home/airflow/.local/lib/python3.12/site-packages/airflow/example_dags/example_nested_branch_dag.py for tasks to queue
[2026-04-09T04:28:34.100+0000] {logging_mixin.py:190} INFO - [2026-04-09T04:28:34.100+0000] {dagbag.py:588} INFO - Filling up the DagBag from /home/airflow/.local/lib/python3.12/site-packages/airflow/example_dags/example_nested_branch_dag.py
[2026-04-09T04:28:34.107+0000] {processor.py:925} INFO - DAG(s) 'example_nested_branch_dag' retrieved from /home/airflow/.local/lib/python3.12/site-packages/airflow/example_dags/example_nested_branch_dag.py
[2026-04-09T04:28:34.119+0000] {logging_mixin.py:190} INFO - [2026-04-09T04:28:34.119+0000] {dag.py:3239} INFO - Sync 1 DAGs
[2026-04-09T04:28:34.132+0000] {logging_mixin.py:190} INFO - [2026-04-09T04:28:34.132+0000] {dag.py:4180} INFO - Setting next_dagrun for example_nested_branch_dag to 2026-04-08 00:00:00+00:00, run_after=2026-04-09 00:00:00+00:00
[2026-04-09T04:28:34.144+0000] {processor.py:208} INFO - Processing /home/airflow/.local/lib/python3.12/site-packages/airflow/example_dags/example_nested_branch_dag.py took 0.049 seconds
[2026-04-09T04:29:04.893+0000] {processor.py:186} INFO - Started process (PID=39769) to work on /home/airflow/.local/lib/python3.12/site-packages/airflow/example_dags/example_nested_branch_dag.py
[2026-04-09T04:29:04.894+0000] {processor.py:914} INFO - Processing file /home/airflow/.local/lib/python3.12/site-packages/airflow/example_dags/example_nested_branch_dag.py for tasks to queue
[2026-04-09T04:29:04.895+0000] {logging_mixin.py:190} INFO - [2026-04-09T04:29:04.895+0000] {dagbag.py:588} INFO - Filling up the DagBag from /home/airflow/.local/lib/python3.12/site-packages/airflow/example_dags/example_nested_branch_dag.py
[2026-04-09T04:29:04.899+0000] {processor.py:925} INFO - DAG(s) 'example_nested_branch_dag' retrieved from /home/airflow/.local/lib/python3.12/site-packages/airflow/example_dags/example_nested_branch_dag.py
[2026-04-09T04:29:04.910+0000] {logging_mixin.py:190} INFO - [2026-04-09T04:29:04.910+0000] {dag.py:3239} INFO - Sync 1 DAGs
[2026-04-09T04:29:04.919+0000] {logging_mixin.py:190} INFO - [2026-04-09T04:29:04.919+0000] {dag.py:4180} INFO - Setting next_dagrun for example_nested_branch_dag to 2026-04-08 00:00:00+00:00, run_after=2026-04-09 00:00:00+00:00
[2026-04-09T04:29:04.925+0000] {processor.py:208} INFO - Processing /home/airflow/.local/lib/python3.12/site-packages/airflow/example_dags/example_nested_branch_dag.py took 0.034 seconds
[2026-04-09T04:29:35.554+0000] {processor.py:186} INFO - Started process (PID=39833) to work on /home/airflow/.local/lib/python3.12/site-packages/airflow/example_dags/example_nested_branch_dag.py
[2026-04-09T04:29:35.555+0000] {processor.py:914} INFO - Processing file /home/airflow/.local/lib/python3.12/site-packages/airflow/example_dags/example_nested_branch_dag.py for tasks to queue
[2026-04-09T04:29:35.555+0000] {logging_mixin.py:190} INFO - [2026-04-09T04:29:35.555+0000] {dagbag.py:588} INFO - Filling up the DagBag from /home/airflow/.local/lib/python3.12/site-packages/airflow/example_dags/example_nested_branch_dag.py
[2026-04-09T04:29:35.560+0000] {processor.py:925} INFO - DAG(s) 'example_nested_branch_dag' retrieved from /home/airflow/.local/lib/python3.12/site-packages/airflow/example_dags/example_nested_branch_dag.py
[2026-04-09T04:29:35.569+0000] {logging_mixin.py:190} INFO - [2026-04-09T04:29:35.569+0000] {dag.py:3239} INFO - Sync 1 DAGs
[2026-04-09T04:29:35.578+0000] {logging_mixin.py:190} INFO - [2026-04-09T04:29:35.578+0000] {dag.py:4180} INFO - Setting next_dagrun for example_nested_branch_dag to 2026-04-08 00:00:00+00:00, run_after=2026-04-09 00:00:00+00:00
[2026-04-09T04:29:35.583+0000] {processor.py:208} INFO - Processing /home/airflow/.local/lib/python3.12/site-packages/airflow/example_dags/example_nested_branch_dag.py took 0.032 seconds
[2026-04-09T04:30:06.389+0000] {processor.py:186} INFO - Started process (PID=39897) to work on /home/airflow/.local/lib/python3.12/site-packages/airflow/example_dags/example_nested_branch_dag.py
[2026-04-09T04:30:06.390+0000] {processor.py:914} INFO - Processing file /home/airflow/.local/lib/python3.12/site-packages/airflow/example_dags/example_nested_branch_dag.py for tasks to queue
[2026-04-09T04:30:06.391+0000] {logging_mixin.py:190} INFO - [2026-04-09T04:30:06.390+0000] {dagbag.py:588} INFO - Filling up the DagBag from /home/airflow/.local/lib/python3.12/site-packages/airflow/example_dags/example_nested_branch_dag.py
[2026-04-09T04:30:06.397+0000] {processor.py:925} INFO - DAG(s) 'example_nested_branch_dag' retrieved from /home/airflow/.local/lib/python3.12/site-packages/airflow/example_dags/example_nested_branch_dag.py
[2026-04-09T04:30:06.408+0000] {logging_mixin.py:190} INFO - [2026-04-09T04:30:06.407+0000] {dag.py:3239} INFO - Sync 1 DAGs
[2026-04-09T04:30:06.543+0000] {logging_mixin.py:190} INFO - [2026-04-09T04:30:06.543+0000] {dag.py:4180} INFO - Setting next_dagrun for example_nested_branch_dag to 2026-04-08 00:00:00+00:00, run_after=2026-04-09 00:00:00+00:00
[2026-04-09T04:30:06.559+0000] {processor.py:208} INFO - Processing /home/airflow/.local/lib/python3.12/site-packages/airflow/example_dags/example_nested_branch_dag.py took 0.173 seconds
[2026-04-09T04:30:36.762+0000] {processor.py:186} INFO - Started process (PID=39961) to work on /home/airflow/.local/lib/python3.12/site-packages/airflow/example_dags/example_nested_branch_dag.py
[2026-04-09T04:30:36.764+0000] {processor.py:914} INFO - Processing file /home/airflow/.local/lib/python3.12/site-packages/airflow/example_dags/example_nested_branch_dag.py for tasks to queue
[2026-04-09T04:30:36.765+0000] {logging_mixin.py:190} INFO - [2026-04-09T04:30:36.764+0000] {dagbag.py:588} INFO - Filling up the DagBag from /home/airflow/.local/lib/python3.12/site-packages/airflow/example_dags/example_nested_branch_dag.py
[2026-04-09T04:30:36.769+0000] {processor.py:925} INFO - DAG(s) 'example_nested_branch_dag' retrieved from /home/airflow/.local/lib/python3.12/site-packages/airflow/example_dags/example_nested_branch_dag.py
[2026-04-09T04:30:36.777+0000] {logging_mixin.py:190} INFO - [2026-04-09T04:30:36.777+0000] {dag.py:3239} INFO - Sync 1 DAGs
[2026-04-09T04:30:36.786+0000] {logging_mixin.py:190} INFO - [2026-04-09T04:30:36.786+0000] {dag.py:4180} INFO - Setting next_dagrun for example_nested_branch_dag to 2026-04-08 00:00:00+00:00, run_after=2026-04-09 00:00:00+00:00
[2026-04-09T04:30:36.873+0000] {processor.py:208} INFO - Processing /home/airflow/.local/lib/python3.12/site-packages/airflow/example_dags/example_nested_branch_dag.py took 0.113 seconds
[2026-04-09T04:31:07.474+0000] {processor.py:186} INFO - Started process (PID=40025) to work on /home/airflow/.local/lib/python3.12/site-packages/airflow/example_dags/example_nested_branch_dag.py
[2026-04-09T04:31:07.475+0000] {processor.py:914} INFO - Processing file /home/airflow/.local/lib/python3.12/site-packages/airflow/example_dags/example_nested_branch_dag.py for tasks to queue
[2026-04-09T04:31:07.476+0000] {logging_mixin.py:190} INFO - [2026-04-09T04:31:07.476+0000] {dagbag.py:588} INFO - Filling up the DagBag from /home/airflow/.local/lib/python3.12/site-packages/airflow/example_dags/example_nested_branch_dag.py
[2026-04-09T04:31:07.483+0000] {processor.py:925} INFO - DAG(s) 'example_nested_branch_dag' retrieved from /home/airflow/.local/lib/python3.12/site-packages/airflow/example_dags/example_nested_branch_dag.py
[2026-04-09T04:31:07.493+0000] {logging_mixin.py:190} INFO - [2026-04-09T04:31:07.493+0000] {dag.py:3239} INFO - Sync 1 DAGs
[2026-04-09T04:31:07.502+0000] {logging_mixin.py:190} INFO - [2026-04-09T04:31:07.502+0000] {dag.py:4180} INFO - Setting next_dagrun for example_nested_branch_dag to 2026-04-08 00:00:00+00:00, run_after=2026-04-09 00:00:00+00:00
[2026-04-09T04:31:07.587+0000] {processor.py:208} INFO - Processing /home/airflow/.local/lib/python3.12/site-packages/airflow/example_dags/example_nested_branch_dag.py took 0.115 seconds
[2026-04-09T04:31:38.996+0000] {processor.py:186} INFO - Started process (PID=40089) to work on /home/airflow/.local/lib/python3.12/site-packages/airflow/example_dags/example_nested_branch_dag.py
[2026-04-09T04:31:38.998+0000] {processor.py:914} INFO - Processing file /home/airflow/.local/lib/python3.12/site-packages/airflow/example_dags/example_nested_branch_dag.py for tasks to queue
[2026-04-09T04:31:38.999+0000] {logging_mixin.py:190} INFO - [2026-04-09T04:31:38.999+0000] {dagbag.py:588} INFO - Filling up the DagBag from /home/airflow/.local/lib/python3.12/site-packages/airflow/example_dags/example_nested_branch_dag.py
[2026-04-09T04:31:39.004+0000] {processor.py:925} INFO - DAG(s) 'example_nested_branch_dag' retrieved from /home/airflow/.local/lib/python3.12/site-packages/airflow/example_dags/example_nested_branch_dag.py
[2026-04-09T04:31:39.011+0000] {logging_mixin.py:190} INFO - [2026-04-09T04:31:39.011+0000] {dag.py:3239} INFO - Sync 1 DAGs
[2026-04-09T04:31:39.022+0000] {logging_mixin.py:190} INFO - [2026-04-09T04:31:39.022+0000] {dag.py:4180} INFO - Setting next_dagrun for example_nested_branch_dag to 2026-04-08 00:00:00+00:00, run_after=2026-04-09 00:00:00+00:00
[2026-04-09T04:31:39.030+0000] {processor.py:208} INFO - Processing /home/airflow/.local/lib/python3.12/site-packages/airflow/example_dags/example_nested_branch_dag.py took 0.037 seconds
[2026-04-09T04:32:09.150+0000] {processor.py:186} INFO - Started process (PID=40153) to work on /home/airflow/.local/lib/python3.12/site-packages/airflow/example_dags/example_nested_branch_dag.py
[2026-04-09T04:32:09.150+0000] {processor.py:914} INFO - Processing file /home/airflow/.local/lib/python3.12/site-packages/airflow/example_dags/example_nested_branch_dag.py for tasks to queue
[2026-04-09T04:32:09.151+0000] {logging_mixin.py:190} INFO - [2026-04-09T04:32:09.151+0000] {dagbag.py:588} INFO - Filling up the DagBag from /home/airflow/.local/lib/python3.12/site-packages/airflow/example_dags/example_nested_branch_dag.py
[2026-04-09T04:32:09.156+0000] {processor.py:925} INFO - DAG(s) 'example_nested_branch_dag' retrieved from /home/airflow/.local/lib/python3.12/site-packages/airflow/example_dags/example_nested_branch_dag.py
[2026-04-09T04:32:09.164+0000] {logging_mixin.py:190} INFO - [2026-04-09T04:32:09.164+0000] {dag.py:3239} INFO - Sync 1 DAGs
[2026-04-09T04:32:09.176+0000] {logging_mixin.py:190} INFO - [2026-04-09T04:32:09.176+0000] {dag.py:4180} INFO - Setting next_dagrun for example_nested_branch_dag to 2026-04-08 00:00:00+00:00, run_after=2026-04-09 00:00:00+00:00
[2026-04-09T04:32:09.186+0000] {processor.py:208} INFO - Processing /home/airflow/.local/lib/python3.12/site-packages/airflow/example_dags/example_nested_branch_dag.py took 0.038 seconds
[2026-04-09T04:32:39.641+0000] {processor.py:186} INFO - Started process (PID=40217) to work on /home/airflow/.local/lib/python3.12/site-packages/airflow/example_dags/example_nested_branch_dag.py
[2026-04-09T04:32:39.641+0000] {processor.py:914} INFO - Processing file /home/airflow/.local/lib/python3.12/site-packages/airflow/example_dags/example_nested_branch_dag.py for tasks to queue
[2026-04-09T04:32:39.642+0000] {logging_mixin.py:190} INFO - [2026-04-09T04:32:39.642+0000] {dagbag.py:588} INFO - Filling up the DagBag from /home/airflow/.local/lib/python3.12/site-packages/airflow/example_dags/example_nested_branch_dag.py
[2026-04-09T04:32:39.648+0000] {processor.py:925} INFO - DAG(s) 'example_nested_branch_dag' retrieved from /home/airflow/.local/lib/python3.12/site-packages/airflow/example_dags/example_nested_branch_dag.py
[2026-04-09T04:32:39.664+0000] {logging_mixin.py:190} INFO - [2026-04-09T04:32:39.664+0000] {dag.py:3239} INFO - Sync 1 DAGs
[2026-04-09T04:32:39.678+0000] {logging_mixin.py:190} INFO - [2026-04-09T04:32:39.678+0000] {dag.py:4180} INFO - Setting next_dagrun for example_nested_branch_dag to 2026-04-08 00:00:00+00:00, run_after=2026-04-09 00:00:00+00:00
[2026-04-09T04:32:39.693+0000] {processor.py:208} INFO - Processing /home/airflow/.local/lib/python3.12/site-packages/airflow/example_dags/example_nested_branch_dag.py took 0.058 seconds
[2026-04-09T04:33:10.627+0000] {processor.py:186} INFO - Started process (PID=40280) to work on /home/airflow/.local/lib/python3.12/site-packages/airflow/example_dags/example_nested_branch_dag.py
[2026-04-09T04:33:10.627+0000] {processor.py:914} INFO - Processing file /home/airflow/.local/lib/python3.12/site-packages/airflow/example_dags/example_nested_branch_dag.py for tasks to queue
[2026-04-09T04:33:10.627+0000] {logging_mixin.py:190} INFO - [2026-04-09T04:33:10.627+0000] {dagbag.py:588} INFO - Filling up the DagBag from /home/airflow/.local/lib/python3.12/site-packages/airflow/example_dags/example_nested_branch_dag.py
[2026-04-09T04:33:10.632+0000] {processor.py:925} INFO - DAG(s) 'example_nested_branch_dag' retrieved from /home/airflow/.local/lib/python3.12/site-packages/airflow/example_dags/example_nested_branch_dag.py
[2026-04-09T04:33:10.640+0000] {logging_mixin.py:190} INFO - [2026-04-09T04:33:10.640+0000] {dag.py:3239} INFO - Sync 1 DAGs
[2026-04-09T04:33:10.649+0000] {logging_mixin.py:190} INFO - [2026-04-09T04:33:10.649+0000] {dag.py:4180} INFO - Setting next_dagrun for example_nested_branch_dag to 2026-04-08 00:00:00+00:00, run_after=2026-04-09 00:00:00+00:00
[2026-04-09T04:33:10.661+0000] {processor.py:208} INFO - Processing /home/airflow/.local/lib/python3.12/site-packages/airflow/example_dags/example_nested_branch_dag.py took 0.036 seconds
[2026-04-09T04:33:41.598+0000] {processor.py:186} INFO - Started process (PID=40344) to work on /home/airflow/.local/lib/python3.12/site-packages/airflow/example_dags/example_nested_branch_dag.py
[2026-04-09T04:33:41.598+0000] {processor.py:914} INFO - Processing file /home/airflow/.local/lib/python3.12/site-packages/airflow/example_dags/example_nested_branch_dag.py for tasks to queue
[2026-04-09T04:33:41.599+0000] {logging_mixin.py:190} INFO - [2026-04-09T04:33:41.599+0000] {dagbag.py:588} INFO - Filling up the DagBag from /home/airflow/.local/lib/python3.12/site-packages/airflow/example_dags/example_nested_branch_dag.py
[2026-04-09T04:33:41.604+0000] {processor.py:925} INFO - DAG(s) 'example_nested_branch_dag' retrieved from /home/airflow/.local/lib/python3.12/site-packages/airflow/example_dags/example_nested_branch_dag.py
[2026-04-09T04:33:41.618+0000] {logging_mixin.py:190} INFO - [2026-04-09T04:33:41.618+0000] {dag.py:3239} INFO - Sync 1 DAGs
[2026-04-09T04:33:41.627+0000] {logging_mixin.py:190} INFO - [2026-04-09T04:33:41.626+0000] {dag.py:4180} INFO - Setting next_dagrun for example_nested_branch_dag to 2026-04-08 00:00:00+00:00, run_after=2026-04-09 00:00:00+00:00
[2026-04-09T04:33:41.632+0000] {processor.py:208} INFO - Processing /home/airflow/.local/lib/python3.12/site-packages/airflow/example_dags/example_nested_branch_dag.py took 0.037 seconds
[2026-04-09T04:34:12.620+0000] {processor.py:186} INFO - Started process (PID=40408) to work on /home/airflow/.local/lib/python3.12/site-packages/airflow/example_dags/example_nested_branch_dag.py
[2026-04-09T04:34:12.624+0000] {processor.py:914} INFO - Processing file /home/airflow/.local/lib/python3.12/site-packages/airflow/example_dags/example_nested_branch_dag.py for tasks to queue
[2026-04-09T04:34:12.624+0000] {logging_mixin.py:190} INFO - [2026-04-09T04:34:12.624+0000] {dagbag.py:588} INFO - Filling up the DagBag from /home/airflow/.local/lib/python3.12/site-packages/airflow/example_dags/example_nested_branch_dag.py
[2026-04-09T04:34:12.632+0000] {processor.py:925} INFO - DAG(s) 'example_nested_branch_dag' retrieved from /home/airflow/.local/lib/python3.12/site-packages/airflow/example_dags/example_nested_branch_dag.py
[2026-04-09T04:34:12.645+0000] {logging_mixin.py:190} INFO - [2026-04-09T04:34:12.645+0000] {dag.py:3239} INFO - Sync 1 DAGs
[2026-04-09T04:34:12.655+0000] {logging_mixin.py:190} INFO - [2026-04-09T04:34:12.655+0000] {dag.py:4180} INFO - Setting next_dagrun for example_nested_branch_dag to 2026-04-08 00:00:00+00:00, run_after=2026-04-09 00:00:00+00:00
[2026-04-09T04:34:12.663+0000] {processor.py:208} INFO - Processing /home/airflow/.local/lib/python3.12/site-packages/airflow/example_dags/example_nested_branch_dag.py took 0.045 seconds
[2026-04-09T04:34:42.701+0000] {processor.py:186} INFO - Started process (PID=40471) to work on /home/airflow/.local/lib/python3.12/site-packages/airflow/example_dags/example_nested_branch_dag.py
[2026-04-09T04:34:42.701+0000] {processor.py:914} INFO - Processing file /home/airflow/.local/lib/python3.12/site-packages/airflow/example_dags/example_nested_branch_dag.py for tasks to queue
[2026-04-09T04:34:42.702+0000] {logging_mixin.py:190} INFO - [2026-04-09T04:34:42.701+0000] {dagbag.py:588} INFO - Filling up the DagBag from /home/airflow/.local/lib/python3.12/site-packages/airflow/example_dags/example_nested_branch_dag.py
[2026-04-09T04:34:42.706+0000] {processor.py:925} INFO - DAG(s) 'example_nested_branch_dag' retrieved from /home/airflow/.local/lib/python3.12/site-packages/airflow/example_dags/example_nested_branch_dag.py
[2026-04-09T04:34:42.713+0000] {logging_mixin.py:190} INFO - [2026-04-09T04:34:42.713+0000] {dag.py:3239} INFO - Sync 1 DAGs
[2026-04-09T04:34:42.721+0000] {logging_mixin.py:190} INFO - [2026-04-09T04:34:42.721+0000] {dag.py:4180} INFO - Setting next_dagrun for example_nested_branch_dag to 2026-04-08 00:00:00+00:00, run_after=2026-04-09 00:00:00+00:00
[2026-04-09T04:34:42.726+0000] {processor.py:208} INFO - Processing /home/airflow/.local/lib/python3.12/site-packages/airflow/example_dags/example_nested_branch_dag.py took 0.028 seconds
[2026-04-09T04:35:13.691+0000] {processor.py:186} INFO - Started process (PID=40535) to work on /home/airflow/.local/lib/python3.12/site-packages/airflow/example_dags/example_nested_branch_dag.py
[2026-04-09T04:35:13.692+0000] {processor.py:914} INFO - Processing file /home/airflow/.local/lib/python3.12/site-packages/airflow/example_dags/example_nested_branch_dag.py for tasks to queue
[2026-04-09T04:35:13.692+0000] {logging_mixin.py:190} INFO - [2026-04-09T04:35:13.692+0000] {dagbag.py:588} INFO - Filling up the DagBag from /home/airflow/.local/lib/python3.12/site-packages/airflow/example_dags/example_nested_branch_dag.py
[2026-04-09T04:35:13.697+0000] {processor.py:925} INFO - DAG(s) 'example_nested_branch_dag' retrieved from /home/airflow/.local/lib/python3.12/site-packages/airflow/example_dags/example_nested_branch_dag.py
[2026-04-09T04:35:13.707+0000] {logging_mixin.py:190} INFO - [2026-04-09T04:35:13.706+0000] {dag.py:3239} INFO - Sync 1 DAGs
[2026-04-09T04:35:13.716+0000] {logging_mixin.py:190} INFO - [2026-04-09T04:35:13.716+0000] {dag.py:4180} INFO - Setting next_dagrun for example_nested_branch_dag to 2026-04-08 00:00:00+00:00, run_after=2026-04-09 00:00:00+00:00
[2026-04-09T04:35:13.727+0000] {processor.py:208} INFO - Processing /home/airflow/.local/lib/python3.12/site-packages/airflow/example_dags/example_nested_branch_dag.py took 0.038 seconds
[2026-04-09T04:35:44.638+0000] {processor.py:186} INFO - Started process (PID=40599) to work on /home/airflow/.local/lib/python3.12/site-packages/airflow/example_dags/example_nested_branch_dag.py
[2026-04-09T04:35:44.640+0000] {processor.py:914} INFO - Processing file /home/airflow/.local/lib/python3.12/site-packages/airflow/example_dags/example_nested_branch_dag.py for tasks to queue
[2026-04-09T04:35:44.640+0000] {logging_mixin.py:190} INFO - [2026-04-09T04:35:44.640+0000] {dagbag.py:588} INFO - Filling up the DagBag from /home/airflow/.local/lib/python3.12/site-packages/airflow/example_dags/example_nested_branch_dag.py
[2026-04-09T04:35:44.645+0000] {processor.py:925} INFO - DAG(s) 'example_nested_branch_dag' retrieved from /home/airflow/.local/lib/python3.12/site-packages/airflow/example_dags/example_nested_branch_dag.py
[2026-04-09T04:35:44.652+0000] {logging_mixin.py:190} INFO - [2026-04-09T04:35:44.652+0000] {dag.py:3239} INFO - Sync 1 DAGs
[2026-04-09T04:35:44.661+0000] {logging_mixin.py:190} INFO - [2026-04-09T04:35:44.661+0000] {dag.py:4180} INFO - Setting next_dagrun for example_nested_branch_dag to 2026-04-08 00:00:00+00:00, run_after=2026-04-09 00:00:00+00:00
[2026-04-09T04:35:44.667+0000] {processor.py:208} INFO - Processing /home/airflow/.local/lib/python3.12/site-packages/airflow/example_dags/example_nested_branch_dag.py took 0.032 seconds
[2026-04-09T04:36:15.725+0000] {processor.py:186} INFO - Started process (PID=40663) to work on /home/airflow/.local/lib/python3.12/site-packages/airflow/example_dags/example_nested_branch_dag.py
[2026-04-09T04:36:15.726+0000] {processor.py:914} INFO - Processing file /home/airflow/.local/lib/python3.12/site-packages/airflow/example_dags/example_nested_branch_dag.py for tasks to queue
[2026-04-09T04:36:15.727+0000] {logging_mixin.py:190} INFO - [2026-04-09T04:36:15.727+0000] {dagbag.py:588} INFO - Filling up the DagBag from /home/airflow/.local/lib/python3.12/site-packages/airflow/example_dags/example_nested_branch_dag.py
[2026-04-09T04:36:15.734+0000] {processor.py:925} INFO - DAG(s) 'example_nested_branch_dag' retrieved from /home/airflow/.local/lib/python3.12/site-packages/airflow/example_dags/example_nested_branch_dag.py
[2026-04-09T04:36:15.742+0000] {logging_mixin.py:190} INFO - [2026-04-09T04:36:15.742+0000] {dag.py:3239} INFO - Sync 1 DAGs
[2026-04-09T04:36:15.756+0000] {logging_mixin.py:190} INFO - [2026-04-09T04:36:15.755+0000] {dag.py:4180} INFO - Setting next_dagrun for example_nested_branch_dag to 2026-04-08 00:00:00+00:00, run_after=2026-04-09 00:00:00+00:00
[2026-04-09T04:36:15.765+0000] {processor.py:208} INFO - Processing /home/airflow/.local/lib/python3.12/site-packages/airflow/example_dags/example_nested_branch_dag.py took 0.042 seconds
[2026-04-09T04:36:46.844+0000] {processor.py:186} INFO - Started process (PID=40727) to work on /home/airflow/.local/lib/python3.12/site-packages/airflow/example_dags/example_nested_branch_dag.py
[2026-04-09T04:36:46.846+0000] {processor.py:914} INFO - Processing file /home/airflow/.local/lib/python3.12/site-packages/airflow/example_dags/example_nested_branch_dag.py for tasks to queue
[2026-04-09T04:36:46.846+0000] {logging_mixin.py:190} INFO - [2026-04-09T04:36:46.846+0000] {dagbag.py:588} INFO - Filling up the DagBag from /home/airflow/.local/lib/python3.12/site-packages/airflow/example_dags/example_nested_branch_dag.py
[2026-04-09T04:36:46.851+0000] {processor.py:925} INFO - DAG(s) 'example_nested_branch_dag' retrieved from /home/airflow/.local/lib/python3.12/site-packages/airflow/example_dags/example_nested_branch_dag.py
[2026-04-09T04:36:46.859+0000] {logging_mixin.py:190} INFO - [2026-04-09T04:36:46.859+0000] {dag.py:3239} INFO - Sync 1 DAGs
[2026-04-09T04:36:46.871+0000] {logging_mixin.py:190} INFO - [2026-04-09T04:36:46.871+0000] {dag.py:4180} INFO - Setting next_dagrun for example_nested_branch_dag to 2026-04-08 00:00:00+00:00, run_after=2026-04-09 00:00:00+00:00
[2026-04-09T04:36:46.881+0000] {processor.py:208} INFO - Processing /home/airflow/.local/lib/python3.12/site-packages/airflow/example_dags/example_nested_branch_dag.py took 0.039 seconds
[2026-04-09T04:37:18.079+0000] {processor.py:186} INFO - Started process (PID=40798) to work on /home/airflow/.local/lib/python3.12/site-packages/airflow/example_dags/example_nested_branch_dag.py
[2026-04-09T04:37:18.080+0000] {processor.py:914} INFO - Processing file /home/airflow/.local/lib/python3.12/site-packages/airflow/example_dags/example_nested_branch_dag.py for tasks to queue
[2026-04-09T04:37:18.080+0000] {logging_mixin.py:190} INFO - [2026-04-09T04:37:18.080+0000] {dagbag.py:588} INFO - Filling up the DagBag from /home/airflow/.local/lib/python3.12/site-packages/airflow/example_dags/example_nested_branch_dag.py
[2026-04-09T04:37:18.084+0000] {processor.py:925} INFO - DAG(s) 'example_nested_branch_dag' retrieved from /home/airflow/.local/lib/python3.12/site-packages/airflow/example_dags/example_nested_branch_dag.py
[2026-04-09T04:37:18.094+0000] {logging_mixin.py:190} INFO - [2026-04-09T04:37:18.094+0000] {dag.py:3239} INFO - Sync 1 DAGs
[2026-04-09T04:37:18.102+0000] {logging_mixin.py:190} INFO - [2026-04-09T04:37:18.102+0000] {dag.py:4180} INFO - Setting next_dagrun for example_nested_branch_dag to 2026-04-08 00:00:00+00:00, run_after=2026-04-09 00:00:00+00:00
[2026-04-09T04:37:18.108+0000] {processor.py:208} INFO - Processing /home/airflow/.local/lib/python3.12/site-packages/airflow/example_dags/example_nested_branch_dag.py took 0.031 seconds
[2026-04-09T04:37:49.112+0000] {processor.py:186} INFO - Started process (PID=40862) to work on /home/airflow/.local/lib/python3.12/site-packages/airflow/example_dags/example_nested_branch_dag.py
[2026-04-09T04:37:49.112+0000] {processor.py:914} INFO - Processing file /home/airflow/.local/lib/python3.12/site-packages/airflow/example_dags/example_nested_branch_dag.py for tasks to queue
[2026-04-09T04:37:49.113+0000] {logging_mixin.py:190} INFO - [2026-04-09T04:37:49.113+0000] {dagbag.py:588} INFO - Filling up the DagBag from /home/airflow/.local/lib/python3.12/site-packages/airflow/example_dags/example_nested_branch_dag.py
[2026-04-09T04:37:49.117+0000] {processor.py:925} INFO - DAG(s) 'example_nested_branch_dag' retrieved from /home/airflow/.local/lib/python3.12/site-packages/airflow/example_dags/example_nested_branch_dag.py
[2026-04-09T04:37:49.127+0000] {logging_mixin.py:190} INFO - [2026-04-09T04:37:49.127+0000] {dag.py:3239} INFO - Sync 1 DAGs
[2026-04-09T04:37:49.139+0000] {logging_mixin.py:190} INFO - [2026-04-09T04:37:49.139+0000] {dag.py:4180} INFO - Setting next_dagrun for example_nested_branch_dag to 2026-04-08 00:00:00+00:00, run_after=2026-04-09 00:00:00+00:00
[2026-04-09T04:37:49.149+0000] {processor.py:208} INFO - Processing /home/airflow/.local/lib/python3.12/site-packages/airflow/example_dags/example_nested_branch_dag.py took 0.039 seconds
[2026-04-09T04:38:20.574+0000] {processor.py:186} INFO - Started process (PID=40926) to work on /home/airflow/.local/lib/python3.12/site-packages/airflow/example_dags/example_nested_branch_dag.py
[2026-04-09T04:38:20.575+0000] {processor.py:914} INFO - Processing file /home/airflow/.local/lib/python3.12/site-packages/airflow/example_dags/example_nested_branch_dag.py for tasks to queue
[2026-04-09T04:38:20.576+0000] {logging_mixin.py:190} INFO - [2026-04-09T04:38:20.576+0000] {dagbag.py:588} INFO - Filling up the DagBag from /home/airflow/.local/lib/python3.12/site-packages/airflow/example_dags/example_nested_branch_dag.py
[2026-04-09T04:38:20.584+0000] {processor.py:925} INFO - DAG(s) 'example_nested_branch_dag' retrieved from /home/airflow/.local/lib/python3.12/site-packages/airflow/example_dags/example_nested_branch_dag.py
[2026-04-09T04:38:20.595+0000] {logging_mixin.py:190} INFO - [2026-04-09T04:38:20.595+0000] {dag.py:3239} INFO - Sync 1 DAGs
[2026-04-09T04:38:20.606+0000] {logging_mixin.py:190} INFO - [2026-04-09T04:38:20.606+0000] {dag.py:4180} INFO - Setting next_dagrun for example_nested_branch_dag to 2026-04-08 00:00:00+00:00, run_after=2026-04-09 00:00:00+00:00
[2026-04-09T04:38:20.616+0000] {processor.py:208} INFO - Processing /home/airflow/.local/lib/python3.12/site-packages/airflow/example_dags/example_nested_branch_dag.py took 0.045 seconds
[2026-04-09T04:38:50.988+0000] {processor.py:186} INFO - Started process (PID=40990) to work on /home/airflow/.local/lib/python3.12/site-packages/airflow/example_dags/example_nested_branch_dag.py
[2026-04-09T04:38:50.988+0000] {processor.py:914} INFO - Processing file /home/airflow/.local/lib/python3.12/site-packages/airflow/example_dags/example_nested_branch_dag.py for tasks to queue
[2026-04-09T04:38:50.989+0000] {logging_mixin.py:190} INFO - [2026-04-09T04:38:50.989+0000] {dagbag.py:588} INFO - Filling up the DagBag from /home/airflow/.local/lib/python3.12/site-packages/airflow/example_dags/example_nested_branch_dag.py
[2026-04-09T04:38:50.995+0000] {processor.py:925} INFO - DAG(s) 'example_nested_branch_dag' retrieved from /home/airflow/.local/lib/python3.12/site-packages/airflow/example_dags/example_nested_branch_dag.py
[2026-04-09T04:38:51.004+0000] {logging_mixin.py:190} INFO - [2026-04-09T04:38:51.004+0000] {dag.py:3239} INFO - Sync 1 DAGs
[2026-04-09T04:38:51.014+0000] {logging_mixin.py:190} INFO - [2026-04-09T04:38:51.014+0000] {dag.py:4180} INFO - Setting next_dagrun for example_nested_branch_dag to 2026-04-08 00:00:00+00:00, run_after=2026-04-09 00:00:00+00:00
[2026-04-09T04:38:51.024+0000] {processor.py:208} INFO - Processing /home/airflow/.local/lib/python3.12/site-packages/airflow/example_dags/example_nested_branch_dag.py took 0.039 seconds
[2026-04-09T04:39:22.334+0000] {processor.py:186} INFO - Started process (PID=41054) to work on /home/airflow/.local/lib/python3.12/site-packages/airflow/example_dags/example_nested_branch_dag.py
[2026-04-09T04:39:22.336+0000] {processor.py:914} INFO - Processing file /home/airflow/.local/lib/python3.12/site-packages/airflow/example_dags/example_nested_branch_dag.py for tasks to queue
[2026-04-09T04:39:22.336+0000] {logging_mixin.py:190} INFO - [2026-04-09T04:39:22.336+0000] {dagbag.py:588} INFO - Filling up the DagBag from /home/airflow/.local/lib/python3.12/site-packages/airflow/example_dags/example_nested_branch_dag.py
[2026-04-09T04:39:22.341+0000] {processor.py:925} INFO - DAG(s) 'example_nested_branch_dag' retrieved from /home/airflow/.local/lib/python3.12/site-packages/airflow/example_dags/example_nested_branch_dag.py
[2026-04-09T04:39:22.351+0000] {logging_mixin.py:190} INFO - [2026-04-09T04:39:22.351+0000] {dag.py:3239} INFO - Sync 1 DAGs
[2026-04-09T04:39:22.359+0000] {logging_mixin.py:190} INFO - [2026-04-09T04:39:22.359+0000] {dag.py:4180} INFO - Setting next_dagrun for example_nested_branch_dag to 2026-04-08 00:00:00+00:00, run_after=2026-04-09 00:00:00+00:00
[2026-04-09T04:39:22.368+0000] {processor.py:208} INFO - Processing /home/airflow/.local/lib/python3.12/site-packages/airflow/example_dags/example_nested_branch_dag.py took 0.037 seconds
[2026-04-09T04:39:53.423+0000] {processor.py:186} INFO - Started process (PID=41118) to work on /home/airflow/.local/lib/python3.12/site-packages/airflow/example_dags/example_nested_branch_dag.py
[2026-04-09T04:39:53.423+0000] {processor.py:914} INFO - Processing file /home/airflow/.local/lib/python3.12/site-packages/airflow/example_dags/example_nested_branch_dag.py for tasks to queue
[2026-04-09T04:39:53.424+0000] {logging_mixin.py:190} INFO - [2026-04-09T04:39:53.424+0000] {dagbag.py:588} INFO - Filling up the DagBag from /home/airflow/.local/lib/python3.12/site-packages/airflow/example_dags/example_nested_branch_dag.py
[2026-04-09T04:39:53.429+0000] {processor.py:925} INFO - DAG(s) 'example_nested_branch_dag' retrieved from /home/airflow/.local/lib/python3.12/site-packages/airflow/example_dags/example_nested_branch_dag.py
[2026-04-09T04:39:53.439+0000] {logging_mixin.py:190} INFO - [2026-04-09T04:39:53.439+0000] {dag.py:3239} INFO - Sync 1 DAGs
[2026-04-09T04:39:53.447+0000] {logging_mixin.py:190} INFO - [2026-04-09T04:39:53.447+0000] {dag.py:4180} INFO - Setting next_dagrun for example_nested_branch_dag to 2026-04-08 00:00:00+00:00, run_after=2026-04-09 00:00:00+00:00
[2026-04-09T04:39:53.458+0000] {processor.py:208} INFO - Processing /home/airflow/.local/lib/python3.12/site-packages/airflow/example_dags/example_nested_branch_dag.py took 0.037 seconds
[2026-04-09T04:40:24.360+0000] {processor.py:186} INFO - Started process (PID=41182) to work on /home/airflow/.local/lib/python3.12/site-packages/airflow/example_dags/example_nested_branch_dag.py
[2026-04-09T04:40:24.361+0000] {processor.py:914} INFO - Processing file /home/airflow/.local/lib/python3.12/site-packages/airflow/example_dags/example_nested_branch_dag.py for tasks to queue
[2026-04-09T04:40:24.363+0000] {logging_mixin.py:190} INFO - [2026-04-09T04:40:24.363+0000] {dagbag.py:588} INFO - Filling up the DagBag from /home/airflow/.local/lib/python3.12/site-packages/airflow/example_dags/example_nested_branch_dag.py
[2026-04-09T04:40:24.368+0000] {processor.py:925} INFO - DAG(s) 'example_nested_branch_dag' retrieved from /home/airflow/.local/lib/python3.12/site-packages/airflow/example_dags/example_nested_branch_dag.py
[2026-04-09T04:40:24.377+0000] {logging_mixin.py:190} INFO - [2026-04-09T04:40:24.377+0000] {dag.py:3239} INFO - Sync 1 DAGs
[2026-04-09T04:40:24.388+0000] {logging_mixin.py:190} INFO - [2026-04-09T04:40:24.388+0000] {dag.py:4180} INFO - Setting next_dagrun for example_nested_branch_dag to 2026-04-08 00:00:00+00:00, run_after=2026-04-09 00:00:00+00:00
[2026-04-09T04:40:24.396+0000] {processor.py:208} INFO - Processing /home/airflow/.local/lib/python3.12/site-packages/airflow/example_dags/example_nested_branch_dag.py took 0.038 seconds
[2026-04-09T04:40:55.422+0000] {processor.py:186} INFO - Started process (PID=41246) to work on /home/airflow/.local/lib/python3.12/site-packages/airflow/example_dags/example_nested_branch_dag.py
[2026-04-09T04:40:55.422+0000] {processor.py:914} INFO - Processing file /home/airflow/.local/lib/python3.12/site-packages/airflow/example_dags/example_nested_branch_dag.py for tasks to queue
[2026-04-09T04:40:55.424+0000] {logging_mixin.py:190} INFO - [2026-04-09T04:40:55.424+0000] {dagbag.py:588} INFO - Filling up the DagBag from /home/airflow/.local/lib/python3.12/site-packages/airflow/example_dags/example_nested_branch_dag.py
[2026-04-09T04:40:55.429+0000] {processor.py:925} INFO - DAG(s) 'example_nested_branch_dag' retrieved from /home/airflow/.local/lib/python3.12/site-packages/airflow/example_dags/example_nested_branch_dag.py
[2026-04-09T04:40:55.441+0000] {logging_mixin.py:190} INFO - [2026-04-09T04:40:55.440+0000] {dag.py:3239} INFO - Sync 1 DAGs
[2026-04-09T04:40:55.449+0000] {logging_mixin.py:190} INFO - [2026-04-09T04:40:55.449+0000] {dag.py:4180} INFO - Setting next_dagrun for example_nested_branch_dag to 2026-04-08 00:00:00+00:00, run_after=2026-04-09 00:00:00+00:00
[2026-04-09T04:40:55.459+0000] {processor.py:208} INFO - Processing /home/airflow/.local/lib/python3.12/site-packages/airflow/example_dags/example_nested_branch_dag.py took 0.040 seconds
[2026-04-09T04:41:26.695+0000] {processor.py:186} INFO - Started process (PID=41310) to work on /home/airflow/.local/lib/python3.12/site-packages/airflow/example_dags/example_nested_branch_dag.py
[2026-04-09T04:41:26.696+0000] {processor.py:914} INFO - Processing file /home/airflow/.local/lib/python3.12/site-packages/airflow/example_dags/example_nested_branch_dag.py for tasks to queue
[2026-04-09T04:41:26.697+0000] {logging_mixin.py:190} INFO - [2026-04-09T04:41:26.697+0000] {dagbag.py:588} INFO - Filling up the DagBag from /home/airflow/.local/lib/python3.12/site-packages/airflow/example_dags/example_nested_branch_dag.py
[2026-04-09T04:41:26.702+0000] {processor.py:925} INFO - DAG(s) 'example_nested_branch_dag' retrieved from /home/airflow/.local/lib/python3.12/site-packages/airflow/example_dags/example_nested_branch_dag.py
[2026-04-09T04:41:26.710+0000] {logging_mixin.py:190} INFO - [2026-04-09T04:41:26.709+0000] {dag.py:3239} INFO - Sync 1 DAGs
[2026-04-09T04:41:26.719+0000] {logging_mixin.py:190} INFO - [2026-04-09T04:41:26.719+0000] {dag.py:4180} INFO - Setting next_dagrun for example_nested_branch_dag to 2026-04-08 00:00:00+00:00, run_after=2026-04-09 00:00:00+00:00
[2026-04-09T04:41:26.732+0000] {processor.py:208} INFO - Processing /home/airflow/.local/lib/python3.12/site-packages/airflow/example_dags/example_nested_branch_dag.py took 0.039 seconds
[2026-04-09T04:41:57.985+0000] {processor.py:186} INFO - Started process (PID=41374) to work on /home/airflow/.local/lib/python3.12/site-packages/airflow/example_dags/example_nested_branch_dag.py
[2026-04-09T04:41:57.985+0000] {processor.py:914} INFO - Processing file /home/airflow/.local/lib/python3.12/site-packages/airflow/example_dags/example_nested_branch_dag.py for tasks to queue
[2026-04-09T04:41:57.986+0000] {logging_mixin.py:190} INFO - [2026-04-09T04:41:57.986+0000] {dagbag.py:588} INFO - Filling up the DagBag from /home/airflow/.local/lib/python3.12/site-packages/airflow/example_dags/example_nested_branch_dag.py
[2026-04-09T04:41:57.994+0000] {processor.py:925} INFO - DAG(s) 'example_nested_branch_dag' retrieved from /home/airflow/.local/lib/python3.12/site-packages/airflow/example_dags/example_nested_branch_dag.py
[2026-04-09T04:41:58.004+0000] {logging_mixin.py:190} INFO - [2026-04-09T04:41:58.003+0000] {dag.py:3239} INFO - Sync 1 DAGs
[2026-04-09T04:41:58.018+0000] {logging_mixin.py:190} INFO - [2026-04-09T04:41:58.018+0000] {dag.py:4180} INFO - Setting next_dagrun for example_nested_branch_dag to 2026-04-08 00:00:00+00:00, run_after=2026-04-09 00:00:00+00:00
[2026-04-09T04:41:58.026+0000] {processor.py:208} INFO - Processing /home/airflow/.local/lib/python3.12/site-packages/airflow/example_dags/example_nested_branch_dag.py took 0.044 seconds
[2026-04-09T04:42:28.431+0000] {processor.py:186} INFO - Started process (PID=41438) to work on /home/airflow/.local/lib/python3.12/site-packages/airflow/example_dags/example_nested_branch_dag.py
[2026-04-09T04:42:28.432+0000] {processor.py:914} INFO - Processing file /home/airflow/.local/lib/python3.12/site-packages/airflow/example_dags/example_nested_branch_dag.py for tasks to queue
[2026-04-09T04:42:28.432+0000] {logging_mixin.py:190} INFO - [2026-04-09T04:42:28.432+0000] {dagbag.py:588} INFO - Filling up the DagBag from /home/airflow/.local/lib/python3.12/site-packages/airflow/example_dags/example_nested_branch_dag.py
[2026-04-09T04:42:28.438+0000] {processor.py:925} INFO - DAG(s) 'example_nested_branch_dag' retrieved from /home/airflow/.local/lib/python3.12/site-packages/airflow/example_dags/example_nested_branch_dag.py
[2026-04-09T04:42:28.449+0000] {logging_mixin.py:190} INFO - [2026-04-09T04:42:28.448+0000] {dag.py:3239} INFO - Sync 1 DAGs
[2026-04-09T04:42:28.457+0000] {logging_mixin.py:190} INFO - [2026-04-09T04:42:28.457+0000] {dag.py:4180} INFO - Setting next_dagrun for example_nested_branch_dag to 2026-04-08 00:00:00+00:00, run_after=2026-04-09 00:00:00+00:00
[2026-04-09T04:42:28.469+0000] {processor.py:208} INFO - Processing /home/airflow/.local/lib/python3.12/site-packages/airflow/example_dags/example_nested_branch_dag.py took 0.041 seconds
[2026-04-09T04:45:31.132+0000] {processor.py:186} INFO - Started process (PID=41496) to work on /home/airflow/.local/lib/python3.12/site-packages/airflow/example_dags/example_nested_branch_dag.py
[2026-04-09T04:45:31.133+0000] {processor.py:914} INFO - Processing file /home/airflow/.local/lib/python3.12/site-packages/airflow/example_dags/example_nested_branch_dag.py for tasks to queue
[2026-04-09T04:45:31.133+0000] {logging_mixin.py:190} INFO - [2026-04-09T04:45:31.133+0000] {dagbag.py:588} INFO - Filling up the DagBag from /home/airflow/.local/lib/python3.12/site-packages/airflow/example_dags/example_nested_branch_dag.py
[2026-04-09T04:45:31.138+0000] {processor.py:925} INFO - DAG(s) 'example_nested_branch_dag' retrieved from /home/airflow/.local/lib/python3.12/site-packages/airflow/example_dags/example_nested_branch_dag.py
[2026-04-09T04:45:31.146+0000] {logging_mixin.py:190} INFO - [2026-04-09T04:45:31.146+0000] {dag.py:3239} INFO - Sync 1 DAGs
[2026-04-09T04:45:31.156+0000] {logging_mixin.py:190} INFO - [2026-04-09T04:45:31.156+0000] {dag.py:4180} INFO - Setting next_dagrun for example_nested_branch_dag to 2026-04-08 00:00:00+00:00, run_after=2026-04-09 00:00:00+00:00
[2026-04-09T04:45:31.165+0000] {processor.py:208} INFO - Processing /home/airflow/.local/lib/python3.12/site-packages/airflow/example_dags/example_nested_branch_dag.py took 0.035 seconds
[2026-04-09T04:46:01.945+0000] {processor.py:186} INFO - Started process (PID=41560) to work on /home/airflow/.local/lib/python3.12/site-packages/airflow/example_dags/example_nested_branch_dag.py
[2026-04-09T04:46:01.946+0000] {processor.py:914} INFO - Processing file /home/airflow/.local/lib/python3.12/site-packages/airflow/example_dags/example_nested_branch_dag.py for tasks to queue
[2026-04-09T04:46:01.946+0000] {logging_mixin.py:190} INFO - [2026-04-09T04:46:01.946+0000] {dagbag.py:588} INFO - Filling up the DagBag from /home/airflow/.local/lib/python3.12/site-packages/airflow/example_dags/example_nested_branch_dag.py
[2026-04-09T04:46:01.953+0000] {processor.py:925} INFO - DAG(s) 'example_nested_branch_dag' retrieved from /home/airflow/.local/lib/python3.12/site-packages/airflow/example_dags/example_nested_branch_dag.py
[2026-04-09T04:46:01.964+0000] {logging_mixin.py:190} INFO - [2026-04-09T04:46:01.964+0000] {dag.py:3239} INFO - Sync 1 DAGs
[2026-04-09T04:46:01.974+0000] {logging_mixin.py:190} INFO - [2026-04-09T04:46:01.974+0000] {dag.py:4180} INFO - Setting next_dagrun for example_nested_branch_dag to 2026-04-08 00:00:00+00:00, run_after=2026-04-09 00:00:00+00:00
[2026-04-09T04:46:01.980+0000] {processor.py:208} INFO - Processing /home/airflow/.local/lib/python3.12/site-packages/airflow/example_dags/example_nested_branch_dag.py took 0.039 seconds
[2026-04-09T04:46:33.221+0000] {processor.py:186} INFO - Started process (PID=41624) to work on /home/airflow/.local/lib/python3.12/site-packages/airflow/example_dags/example_nested_branch_dag.py
[2026-04-09T04:46:33.224+0000] {processor.py:914} INFO - Processing file /home/airflow/.local/lib/python3.12/site-packages/airflow/example_dags/example_nested_branch_dag.py for tasks to queue
[2026-04-09T04:46:33.227+0000] {logging_mixin.py:190} INFO - [2026-04-09T04:46:33.225+0000] {dagbag.py:588} INFO - Filling up the DagBag from /home/airflow/.local/lib/python3.12/site-packages/airflow/example_dags/example_nested_branch_dag.py
[2026-04-09T04:46:33.236+0000] {processor.py:925} INFO - DAG(s) 'example_nested_branch_dag' retrieved from /home/airflow/.local/lib/python3.12/site-packages/airflow/example_dags/example_nested_branch_dag.py
[2026-04-09T04:46:33.265+0000] {logging_mixin.py:190} INFO - [2026-04-09T04:46:33.264+0000] {dag.py:3239} INFO - Sync 1 DAGs
[2026-04-09T04:46:33.290+0000] {logging_mixin.py:190} INFO - [2026-04-09T04:46:33.290+0000] {dag.py:4180} INFO - Setting next_dagrun for example_nested_branch_dag to 2026-04-08 00:00:00+00:00, run_after=2026-04-09 00:00:00+00:00
[2026-04-09T04:46:33.306+0000] {processor.py:208} INFO - Processing /home/airflow/.local/lib/python3.12/site-packages/airflow/example_dags/example_nested_branch_dag.py took 0.093 seconds
[2026-04-09T04:47:04.030+0000] {processor.py:186} INFO - Started process (PID=41688) to work on /home/airflow/.local/lib/python3.12/site-packages/airflow/example_dags/example_nested_branch_dag.py
[2026-04-09T04:47:04.031+0000] {processor.py:914} INFO - Processing file /home/airflow/.local/lib/python3.12/site-packages/airflow/example_dags/example_nested_branch_dag.py for tasks to queue
[2026-04-09T04:47:04.031+0000] {logging_mixin.py:190} INFO - [2026-04-09T04:47:04.031+0000] {dagbag.py:588} INFO - Filling up the DagBag from /home/airflow/.local/lib/python3.12/site-packages/airflow/example_dags/example_nested_branch_dag.py
[2026-04-09T04:47:04.039+0000] {processor.py:925} INFO - DAG(s) 'example_nested_branch_dag' retrieved from /home/airflow/.local/lib/python3.12/site-packages/airflow/example_dags/example_nested_branch_dag.py
[2026-04-09T04:47:04.051+0000] {logging_mixin.py:190} INFO - [2026-04-09T04:47:04.051+0000] {dag.py:3239} INFO - Sync 1 DAGs
[2026-04-09T04:47:04.060+0000] {logging_mixin.py:190} INFO - [2026-04-09T04:47:04.060+0000] {dag.py:4180} INFO - Setting next_dagrun for example_nested_branch_dag to 2026-04-08 00:00:00+00:00, run_after=2026-04-09 00:00:00+00:00
[2026-04-09T04:47:04.069+0000] {processor.py:208} INFO - Processing /home/airflow/.local/lib/python3.12/site-packages/airflow/example_dags/example_nested_branch_dag.py took 0.041 seconds
[2026-04-09T04:47:34.638+0000] {processor.py:186} INFO - Started process (PID=41752) to work on /home/airflow/.local/lib/python3.12/site-packages/airflow/example_dags/example_nested_branch_dag.py
[2026-04-09T04:47:34.639+0000] {processor.py:914} INFO - Processing file /home/airflow/.local/lib/python3.12/site-packages/airflow/example_dags/example_nested_branch_dag.py for tasks to queue
[2026-04-09T04:47:34.641+0000] {logging_mixin.py:190} INFO - [2026-04-09T04:47:34.641+0000] {dagbag.py:588} INFO - Filling up the DagBag from /home/airflow/.local/lib/python3.12/site-packages/airflow/example_dags/example_nested_branch_dag.py
[2026-04-09T04:47:34.648+0000] {processor.py:925} INFO - DAG(s) 'example_nested_branch_dag' retrieved from /home/airflow/.local/lib/python3.12/site-packages/airflow/example_dags/example_nested_branch_dag.py
[2026-04-09T04:47:34.658+0000] {logging_mixin.py:190} INFO - [2026-04-09T04:47:34.658+0000] {dag.py:3239} INFO - Sync 1 DAGs
[2026-04-09T04:47:34.670+0000] {logging_mixin.py:190} INFO - [2026-04-09T04:47:34.670+0000] {dag.py:4180} INFO - Setting next_dagrun for example_nested_branch_dag to 2026-04-08 00:00:00+00:00, run_after=2026-04-09 00:00:00+00:00
[2026-04-09T04:47:34.680+0000] {processor.py:208} INFO - Processing /home/airflow/.local/lib/python3.12/site-packages/airflow/example_dags/example_nested_branch_dag.py took 0.045 seconds
[2026-04-09T04:48:04.775+0000] {processor.py:186} INFO - Started process (PID=41816) to work on /home/airflow/.local/lib/python3.12/site-packages/airflow/example_dags/example_nested_branch_dag.py
[2026-04-09T04:48:04.776+0000] {processor.py:914} INFO - Processing file /home/airflow/.local/lib/python3.12/site-packages/airflow/example_dags/example_nested_branch_dag.py for tasks to queue
[2026-04-09T04:48:04.777+0000] {logging_mixin.py:190} INFO - [2026-04-09T04:48:04.776+0000] {dagbag.py:588} INFO - Filling up the DagBag from /home/airflow/.local/lib/python3.12/site-packages/airflow/example_dags/example_nested_branch_dag.py
[2026-04-09T04:48:04.781+0000] {processor.py:925} INFO - DAG(s) 'example_nested_branch_dag' retrieved from /home/airflow/.local/lib/python3.12/site-packages/airflow/example_dags/example_nested_branch_dag.py
[2026-04-09T04:48:04.790+0000] {logging_mixin.py:190} INFO - [2026-04-09T04:48:04.790+0000] {dag.py:3239} INFO - Sync 1 DAGs
[2026-04-09T04:48:04.798+0000] {logging_mixin.py:190} INFO - [2026-04-09T04:48:04.798+0000] {dag.py:4180} INFO - Setting next_dagrun for example_nested_branch_dag to 2026-04-08 00:00:00+00:00, run_after=2026-04-09 00:00:00+00:00
[2026-04-09T04:48:04.805+0000] {processor.py:208} INFO - Processing /home/airflow/.local/lib/python3.12/site-packages/airflow/example_dags/example_nested_branch_dag.py took 0.033 seconds
[2026-04-09T04:48:36.269+0000] {processor.py:186} INFO - Started process (PID=41880) to work on /home/airflow/.local/lib/python3.12/site-packages/airflow/example_dags/example_nested_branch_dag.py
[2026-04-09T04:48:36.270+0000] {processor.py:914} INFO - Processing file /home/airflow/.local/lib/python3.12/site-packages/airflow/example_dags/example_nested_branch_dag.py for tasks to queue
[2026-04-09T04:48:36.271+0000] {logging_mixin.py:190} INFO - [2026-04-09T04:48:36.271+0000] {dagbag.py:588} INFO - Filling up the DagBag from /home/airflow/.local/lib/python3.12/site-packages/airflow/example_dags/example_nested_branch_dag.py
[2026-04-09T04:48:36.277+0000] {processor.py:925} INFO - DAG(s) 'example_nested_branch_dag' retrieved from /home/airflow/.local/lib/python3.12/site-packages/airflow/example_dags/example_nested_branch_dag.py
[2026-04-09T04:48:36.292+0000] {logging_mixin.py:190} INFO - [2026-04-09T04:48:36.291+0000] {dag.py:3239} INFO - Sync 1 DAGs
[2026-04-09T04:48:36.307+0000] {logging_mixin.py:190} INFO - [2026-04-09T04:48:36.307+0000] {dag.py:4180} INFO - Setting next_dagrun for example_nested_branch_dag to 2026-04-08 00:00:00+00:00, run_after=2026-04-09 00:00:00+00:00
[2026-04-09T04:48:36.316+0000] {processor.py:208} INFO - Processing /home/airflow/.local/lib/python3.12/site-packages/airflow/example_dags/example_nested_branch_dag.py took 0.050 seconds
[2026-04-09T04:49:06.509+0000] {processor.py:186} INFO - Started process (PID=41944) to work on /home/airflow/.local/lib/python3.12/site-packages/airflow/example_dags/example_nested_branch_dag.py
[2026-04-09T04:49:06.512+0000] {processor.py:914} INFO - Processing file /home/airflow/.local/lib/python3.12/site-packages/airflow/example_dags/example_nested_branch_dag.py for tasks to queue
[2026-04-09T04:49:06.512+0000] {logging_mixin.py:190} INFO - [2026-04-09T04:49:06.512+0000] {dagbag.py:588} INFO - Filling up the DagBag from /home/airflow/.local/lib/python3.12/site-packages/airflow/example_dags/example_nested_branch_dag.py
[2026-04-09T04:49:06.517+0000] {processor.py:925} INFO - DAG(s) 'example_nested_branch_dag' retrieved from /home/airflow/.local/lib/python3.12/site-packages/airflow/example_dags/example_nested_branch_dag.py
[2026-04-09T04:49:06.524+0000] {logging_mixin.py:190} INFO - [2026-04-09T04:49:06.524+0000] {dag.py:3239} INFO - Sync 1 DAGs
[2026-04-09T04:49:06.533+0000] {logging_mixin.py:190} INFO - [2026-04-09T04:49:06.532+0000] {dag.py:4180} INFO - Setting next_dagrun for example_nested_branch_dag to 2026-04-08 00:00:00+00:00, run_after=2026-04-09 00:00:00+00:00
[2026-04-09T04:49:06.539+0000] {processor.py:208} INFO - Processing /home/airflow/.local/lib/python3.12/site-packages/airflow/example_dags/example_nested_branch_dag.py took 0.032 seconds
[2026-04-09T05:04:18.541+0000] {processor.py:186} INFO - Started process (PID=42008) to work on /home/airflow/.local/lib/python3.12/site-packages/airflow/example_dags/example_nested_branch_dag.py
[2026-04-09T05:04:18.542+0000] {processor.py:914} INFO - Processing file /home/airflow/.local/lib/python3.12/site-packages/airflow/example_dags/example_nested_branch_dag.py for tasks to queue
[2026-04-09T05:04:18.543+0000] {logging_mixin.py:190} INFO - [2026-04-09T05:04:18.543+0000] {dagbag.py:588} INFO - Filling up the DagBag from /home/airflow/.local/lib/python3.12/site-packages/airflow/example_dags/example_nested_branch_dag.py
[2026-04-09T05:04:18.549+0000] {processor.py:925} INFO - DAG(s) 'example_nested_branch_dag' retrieved from /home/airflow/.local/lib/python3.12/site-packages/airflow/example_dags/example_nested_branch_dag.py
[2026-04-09T05:04:18.562+0000] {logging_mixin.py:190} INFO - [2026-04-09T05:04:18.562+0000] {dag.py:3239} INFO - Sync 1 DAGs
[2026-04-09T05:04:18.570+0000] {logging_mixin.py:190} INFO - [2026-04-09T05:04:18.570+0000] {dag.py:4180} INFO - Setting next_dagrun for example_nested_branch_dag to 2026-04-08 00:00:00+00:00, run_after=2026-04-09 00:00:00+00:00
[2026-04-09T05:04:18.576+0000] {processor.py:208} INFO - Processing /home/airflow/.local/lib/python3.12/site-packages/airflow/example_dags/example_nested_branch_dag.py took 0.037 seconds
[2026-04-09T05:04:49.676+0000] {processor.py:186} INFO - Started process (PID=42072) to work on /home/airflow/.local/lib/python3.12/site-packages/airflow/example_dags/example_nested_branch_dag.py
[2026-04-09T05:04:49.676+0000] {processor.py:914} INFO - Processing file /home/airflow/.local/lib/python3.12/site-packages/airflow/example_dags/example_nested_branch_dag.py for tasks to queue
[2026-04-09T05:04:49.676+0000] {logging_mixin.py:190} INFO - [2026-04-09T05:04:49.676+0000] {dagbag.py:588} INFO - Filling up the DagBag from /home/airflow/.local/lib/python3.12/site-packages/airflow/example_dags/example_nested_branch_dag.py
[2026-04-09T05:04:49.681+0000] {processor.py:925} INFO - DAG(s) 'example_nested_branch_dag' retrieved from /home/airflow/.local/lib/python3.12/site-packages/airflow/example_dags/example_nested_branch_dag.py
[2026-04-09T05:04:49.692+0000] {logging_mixin.py:190} INFO - [2026-04-09T05:04:49.692+0000] {dag.py:3239} INFO - Sync 1 DAGs
[2026-04-09T05:04:49.700+0000] {logging_mixin.py:190} INFO - [2026-04-09T05:04:49.700+0000] {dag.py:4180} INFO - Setting next_dagrun for example_nested_branch_dag to 2026-04-08 00:00:00+00:00, run_after=2026-04-09 00:00:00+00:00
[2026-04-09T05:04:49.709+0000] {processor.py:208} INFO - Processing /home/airflow/.local/lib/python3.12/site-packages/airflow/example_dags/example_nested_branch_dag.py took 0.036 seconds
[2026-04-09T05:06:04.109+0000] {processor.py:186} INFO - Started process (PID=42136) to work on /home/airflow/.local/lib/python3.12/site-packages/airflow/example_dags/example_nested_branch_dag.py
[2026-04-09T05:06:04.109+0000] {processor.py:914} INFO - Processing file /home/airflow/.local/lib/python3.12/site-packages/airflow/example_dags/example_nested_branch_dag.py for tasks to queue
[2026-04-09T05:06:04.109+0000] {logging_mixin.py:190} INFO - [2026-04-09T05:06:04.109+0000] {dagbag.py:588} INFO - Filling up the DagBag from /home/airflow/.local/lib/python3.12/site-packages/airflow/example_dags/example_nested_branch_dag.py
[2026-04-09T05:06:04.114+0000] {processor.py:925} INFO - DAG(s) 'example_nested_branch_dag' retrieved from /home/airflow/.local/lib/python3.12/site-packages/airflow/example_dags/example_nested_branch_dag.py
[2026-04-09T05:06:04.123+0000] {logging_mixin.py:190} INFO - [2026-04-09T05:06:04.123+0000] {dag.py:3239} INFO - Sync 1 DAGs
[2026-04-09T05:06:04.134+0000] {logging_mixin.py:190} INFO - [2026-04-09T05:06:04.134+0000] {dag.py:4180} INFO - Setting next_dagrun for example_nested_branch_dag to 2026-04-08 00:00:00+00:00, run_after=2026-04-09 00:00:00+00:00
[2026-04-09T05:06:04.144+0000] {processor.py:208} INFO - Processing /home/airflow/.local/lib/python3.12/site-packages/airflow/example_dags/example_nested_branch_dag.py took 0.038 seconds
[2026-04-09T05:06:35.706+0000] {processor.py:186} INFO - Started process (PID=42200) to work on /home/airflow/.local/lib/python3.12/site-packages/airflow/example_dags/example_nested_branch_dag.py
[2026-04-09T05:06:35.706+0000] {processor.py:914} INFO - Processing file /home/airflow/.local/lib/python3.12/site-packages/airflow/example_dags/example_nested_branch_dag.py for tasks to queue
[2026-04-09T05:06:35.707+0000] {logging_mixin.py:190} INFO - [2026-04-09T05:06:35.707+0000] {dagbag.py:588} INFO - Filling up the DagBag from /home/airflow/.local/lib/python3.12/site-packages/airflow/example_dags/example_nested_branch_dag.py
[2026-04-09T05:06:35.712+0000] {processor.py:925} INFO - DAG(s) 'example_nested_branch_dag' retrieved from /home/airflow/.local/lib/python3.12/site-packages/airflow/example_dags/example_nested_branch_dag.py
[2026-04-09T05:06:35.720+0000] {logging_mixin.py:190} INFO - [2026-04-09T05:06:35.720+0000] {dag.py:3239} INFO - Sync 1 DAGs
[2026-04-09T05:06:35.729+0000] {logging_mixin.py:190} INFO - [2026-04-09T05:06:35.728+0000] {dag.py:4180} INFO - Setting next_dagrun for example_nested_branch_dag to 2026-04-08 00:00:00+00:00, run_after=2026-04-09 00:00:00+00:00
[2026-04-09T05:06:35.734+0000] {processor.py:208} INFO - Processing /home/airflow/.local/lib/python3.12/site-packages/airflow/example_dags/example_nested_branch_dag.py took 0.031 seconds
[2026-04-09T05:39:14.160+0000] {processor.py:186} INFO - Started process (PID=42264) to work on /home/airflow/.local/lib/python3.12/site-packages/airflow/example_dags/example_nested_branch_dag.py
[2026-04-09T05:39:14.161+0000] {processor.py:914} INFO - Processing file /home/airflow/.local/lib/python3.12/site-packages/airflow/example_dags/example_nested_branch_dag.py for tasks to queue
[2026-04-09T05:39:14.162+0000] {logging_mixin.py:190} INFO - [2026-04-09T05:39:14.162+0000] {dagbag.py:588} INFO - Filling up the DagBag from /home/airflow/.local/lib/python3.12/site-packages/airflow/example_dags/example_nested_branch_dag.py
[2026-04-09T05:39:14.166+0000] {processor.py:925} INFO - DAG(s) 'example_nested_branch_dag' retrieved from /home/airflow/.local/lib/python3.12/site-packages/airflow/example_dags/example_nested_branch_dag.py
[2026-04-09T05:39:14.175+0000] {logging_mixin.py:190} INFO - [2026-04-09T05:39:14.174+0000] {dag.py:3239} INFO - Sync 1 DAGs
[2026-04-09T05:39:14.183+0000] {logging_mixin.py:190} INFO - [2026-04-09T05:39:14.183+0000] {dag.py:4180} INFO - Setting next_dagrun for example_nested_branch_dag to 2026-04-08 00:00:00+00:00, run_after=2026-04-09 00:00:00+00:00
[2026-04-09T05:39:14.189+0000] {processor.py:208} INFO - Processing /home/airflow/.local/lib/python3.12/site-packages/airflow/example_dags/example_nested_branch_dag.py took 0.032 seconds
[2026-04-09T05:39:45.374+0000] {processor.py:186} INFO - Started process (PID=42328) to work on /home/airflow/.local/lib/python3.12/site-packages/airflow/example_dags/example_nested_branch_dag.py
[2026-04-09T05:39:45.374+0000] {processor.py:914} INFO - Processing file /home/airflow/.local/lib/python3.12/site-packages/airflow/example_dags/example_nested_branch_dag.py for tasks to queue
[2026-04-09T05:39:45.375+0000] {logging_mixin.py:190} INFO - [2026-04-09T05:39:45.375+0000] {dagbag.py:588} INFO - Filling up the DagBag from /home/airflow/.local/lib/python3.12/site-packages/airflow/example_dags/example_nested_branch_dag.py
[2026-04-09T05:39:45.379+0000] {processor.py:925} INFO - DAG(s) 'example_nested_branch_dag' retrieved from /home/airflow/.local/lib/python3.12/site-packages/airflow/example_dags/example_nested_branch_dag.py
[2026-04-09T05:39:45.387+0000] {logging_mixin.py:190} INFO - [2026-04-09T05:39:45.387+0000] {dag.py:3239} INFO - Sync 1 DAGs
[2026-04-09T05:39:45.394+0000] {logging_mixin.py:190} INFO - [2026-04-09T05:39:45.394+0000] {dag.py:4180} INFO - Setting next_dagrun for example_nested_branch_dag to 2026-04-08 00:00:00+00:00, run_after=2026-04-09 00:00:00+00:00
[2026-04-09T05:39:45.402+0000] {processor.py:208} INFO - Processing /home/airflow/.local/lib/python3.12/site-packages/airflow/example_dags/example_nested_branch_dag.py took 0.031 seconds
[2026-04-09T05:41:59.432+0000] {processor.py:186} INFO - Started process (PID=42392) to work on /home/airflow/.local/lib/python3.12/site-packages/airflow/example_dags/example_nested_branch_dag.py
[2026-04-09T05:41:59.432+0000] {processor.py:914} INFO - Processing file /home/airflow/.local/lib/python3.12/site-packages/airflow/example_dags/example_nested_branch_dag.py for tasks to queue
[2026-04-09T05:41:59.433+0000] {logging_mixin.py:190} INFO - [2026-04-09T05:41:59.433+0000] {dagbag.py:588} INFO - Filling up the DagBag from /home/airflow/.local/lib/python3.12/site-packages/airflow/example_dags/example_nested_branch_dag.py
[2026-04-09T05:41:59.438+0000] {processor.py:925} INFO - DAG(s) 'example_nested_branch_dag' retrieved from /home/airflow/.local/lib/python3.12/site-packages/airflow/example_dags/example_nested_branch_dag.py
[2026-04-09T05:41:59.446+0000] {logging_mixin.py:190} INFO - [2026-04-09T05:41:59.445+0000] {dag.py:3239} INFO - Sync 1 DAGs
[2026-04-09T05:41:59.455+0000] {logging_mixin.py:190} INFO - [2026-04-09T05:41:59.455+0000] {dag.py:4180} INFO - Setting next_dagrun for example_nested_branch_dag to 2026-04-08 00:00:00+00:00, run_after=2026-04-09 00:00:00+00:00
[2026-04-09T05:41:59.464+0000] {processor.py:208} INFO - Processing /home/airflow/.local/lib/python3.12/site-packages/airflow/example_dags/example_nested_branch_dag.py took 0.035 seconds
[2026-04-09T05:42:29.897+0000] {processor.py:186} INFO - Started process (PID=42456) to work on /home/airflow/.local/lib/python3.12/site-packages/airflow/example_dags/example_nested_branch_dag.py
[2026-04-09T05:42:29.898+0000] {processor.py:914} INFO - Processing file /home/airflow/.local/lib/python3.12/site-packages/airflow/example_dags/example_nested_branch_dag.py for tasks to queue
[2026-04-09T05:42:29.899+0000] {logging_mixin.py:190} INFO - [2026-04-09T05:42:29.899+0000] {dagbag.py:588} INFO - Filling up the DagBag from /home/airflow/.local/lib/python3.12/site-packages/airflow/example_dags/example_nested_branch_dag.py
[2026-04-09T05:42:29.906+0000] {processor.py:925} INFO - DAG(s) 'example_nested_branch_dag' retrieved from /home/airflow/.local/lib/python3.12/site-packages/airflow/example_dags/example_nested_branch_dag.py
[2026-04-09T05:42:29.923+0000] {logging_mixin.py:190} INFO - [2026-04-09T05:42:29.923+0000] {dag.py:3239} INFO - Sync 1 DAGs
[2026-04-09T05:42:29.960+0000] {logging_mixin.py:190} INFO - [2026-04-09T05:42:29.960+0000] {dag.py:4180} INFO - Setting next_dagrun for example_nested_branch_dag to 2026-04-08 00:00:00+00:00, run_after=2026-04-09 00:00:00+00:00
[2026-04-09T05:42:29.969+0000] {processor.py:208} INFO - Processing /home/airflow/.local/lib/python3.12/site-packages/airflow/example_dags/example_nested_branch_dag.py took 0.076 seconds
[2026-04-09T05:43:00.291+0000] {processor.py:186} INFO - Started process (PID=42520) to work on /home/airflow/.local/lib/python3.12/site-packages/airflow/example_dags/example_nested_branch_dag.py
[2026-04-09T05:43:00.292+0000] {processor.py:914} INFO - Processing file /home/airflow/.local/lib/python3.12/site-packages/airflow/example_dags/example_nested_branch_dag.py for tasks to queue
[2026-04-09T05:43:00.292+0000] {logging_mixin.py:190} INFO - [2026-04-09T05:43:00.292+0000] {dagbag.py:588} INFO - Filling up the DagBag from /home/airflow/.local/lib/python3.12/site-packages/airflow/example_dags/example_nested_branch_dag.py
[2026-04-09T05:43:00.297+0000] {processor.py:925} INFO - DAG(s) 'example_nested_branch_dag' retrieved from /home/airflow/.local/lib/python3.12/site-packages/airflow/example_dags/example_nested_branch_dag.py
[2026-04-09T05:43:00.311+0000] {logging_mixin.py:190} INFO - [2026-04-09T05:43:00.311+0000] {dag.py:3239} INFO - Sync 1 DAGs
[2026-04-09T05:43:00.321+0000] {logging_mixin.py:190} INFO - [2026-04-09T05:43:00.321+0000] {dag.py:4180} INFO - Setting next_dagrun for example_nested_branch_dag to 2026-04-08 00:00:00+00:00, run_after=2026-04-09 00:00:00+00:00
[2026-04-09T05:43:00.330+0000] {processor.py:208} INFO - Processing /home/airflow/.local/lib/python3.12/site-packages/airflow/example_dags/example_nested_branch_dag.py took 0.042 seconds
[2026-04-09T05:43:31.092+0000] {processor.py:186} INFO - Started process (PID=42584) to work on /home/airflow/.local/lib/python3.12/site-packages/airflow/example_dags/example_nested_branch_dag.py
[2026-04-09T05:43:31.092+0000] {processor.py:914} INFO - Processing file /home/airflow/.local/lib/python3.12/site-packages/airflow/example_dags/example_nested_branch_dag.py for tasks to queue
[2026-04-09T05:43:31.093+0000] {logging_mixin.py:190} INFO - [2026-04-09T05:43:31.093+0000] {dagbag.py:588} INFO - Filling up the DagBag from /home/airflow/.local/lib/python3.12/site-packages/airflow/example_dags/example_nested_branch_dag.py
[2026-04-09T05:43:31.098+0000] {processor.py:925} INFO - DAG(s) 'example_nested_branch_dag' retrieved from /home/airflow/.local/lib/python3.12/site-packages/airflow/example_dags/example_nested_branch_dag.py
[2026-04-09T05:43:31.109+0000] {logging_mixin.py:190} INFO - [2026-04-09T05:43:31.109+0000] {dag.py:3239} INFO - Sync 1 DAGs
[2026-04-09T05:43:31.120+0000] {logging_mixin.py:190} INFO - [2026-04-09T05:43:31.119+0000] {dag.py:4180} INFO - Setting next_dagrun for example_nested_branch_dag to 2026-04-08 00:00:00+00:00, run_after=2026-04-09 00:00:00+00:00
[2026-04-09T05:43:31.131+0000] {processor.py:208} INFO - Processing /home/airflow/.local/lib/python3.12/site-packages/airflow/example_dags/example_nested_branch_dag.py took 0.041 seconds
[2026-04-09T05:44:02.309+0000] {processor.py:186} INFO - Started process (PID=42648) to work on /home/airflow/.local/lib/python3.12/site-packages/airflow/example_dags/example_nested_branch_dag.py
[2026-04-09T05:44:02.309+0000] {processor.py:914} INFO - Processing file /home/airflow/.local/lib/python3.12/site-packages/airflow/example_dags/example_nested_branch_dag.py for tasks to queue
[2026-04-09T05:44:02.309+0000] {logging_mixin.py:190} INFO - [2026-04-09T05:44:02.309+0000] {dagbag.py:588} INFO - Filling up the DagBag from /home/airflow/.local/lib/python3.12/site-packages/airflow/example_dags/example_nested_branch_dag.py
[2026-04-09T05:44:02.314+0000] {processor.py:925} INFO - DAG(s) 'example_nested_branch_dag' retrieved from /home/airflow/.local/lib/python3.12/site-packages/airflow/example_dags/example_nested_branch_dag.py
[2026-04-09T05:44:02.323+0000] {logging_mixin.py:190} INFO - [2026-04-09T05:44:02.323+0000] {dag.py:3239} INFO - Sync 1 DAGs
[2026-04-09T05:44:02.333+0000] {logging_mixin.py:190} INFO - [2026-04-09T05:44:02.333+0000] {dag.py:4180} INFO - Setting next_dagrun for example_nested_branch_dag to 2026-04-08 00:00:00+00:00, run_after=2026-04-09 00:00:00+00:00
[2026-04-09T05:44:02.340+0000] {processor.py:208} INFO - Processing /home/airflow/.local/lib/python3.12/site-packages/airflow/example_dags/example_nested_branch_dag.py took 0.034 seconds
[2026-04-09T05:44:32.601+0000] {processor.py:186} INFO - Started process (PID=42712) to work on /home/airflow/.local/lib/python3.12/site-packages/airflow/example_dags/example_nested_branch_dag.py
[2026-04-09T05:44:32.602+0000] {processor.py:914} INFO - Processing file /home/airflow/.local/lib/python3.12/site-packages/airflow/example_dags/example_nested_branch_dag.py for tasks to queue
[2026-04-09T05:44:32.604+0000] {logging_mixin.py:190} INFO - [2026-04-09T05:44:32.603+0000] {dagbag.py:588} INFO - Filling up the DagBag from /home/airflow/.local/lib/python3.12/site-packages/airflow/example_dags/example_nested_branch_dag.py
[2026-04-09T05:44:32.609+0000] {processor.py:925} INFO - DAG(s) 'example_nested_branch_dag' retrieved from /home/airflow/.local/lib/python3.12/site-packages/airflow/example_dags/example_nested_branch_dag.py
[2026-04-09T05:44:32.622+0000] {logging_mixin.py:190} INFO - [2026-04-09T05:44:32.622+0000] {dag.py:3239} INFO - Sync 1 DAGs
[2026-04-09T05:44:32.634+0000] {logging_mixin.py:190} INFO - [2026-04-09T05:44:32.634+0000] {dag.py:4180} INFO - Setting next_dagrun for example_nested_branch_dag to 2026-04-08 00:00:00+00:00, run_after=2026-04-09 00:00:00+00:00
[2026-04-09T05:44:32.644+0000] {processor.py:208} INFO - Processing /home/airflow/.local/lib/python3.12/site-packages/airflow/example_dags/example_nested_branch_dag.py took 0.046 seconds
[2026-04-09T05:45:02.951+0000] {processor.py:186} INFO - Started process (PID=42776) to work on /home/airflow/.local/lib/python3.12/site-packages/airflow/example_dags/example_nested_branch_dag.py
[2026-04-09T05:45:02.952+0000] {processor.py:914} INFO - Processing file /home/airflow/.local/lib/python3.12/site-packages/airflow/example_dags/example_nested_branch_dag.py for tasks to queue
[2026-04-09T05:45:02.952+0000] {logging_mixin.py:190} INFO - [2026-04-09T05:45:02.952+0000] {dagbag.py:588} INFO - Filling up the DagBag from /home/airflow/.local/lib/python3.12/site-packages/airflow/example_dags/example_nested_branch_dag.py
[2026-04-09T05:45:02.957+0000] {processor.py:925} INFO - DAG(s) 'example_nested_branch_dag' retrieved from /home/airflow/.local/lib/python3.12/site-packages/airflow/example_dags/example_nested_branch_dag.py
[2026-04-09T05:45:02.965+0000] {logging_mixin.py:190} INFO - [2026-04-09T05:45:02.965+0000] {dag.py:3239} INFO - Sync 1 DAGs
[2026-04-09T05:45:02.973+0000] {logging_mixin.py:190} INFO - [2026-04-09T05:45:02.972+0000] {dag.py:4180} INFO - Setting next_dagrun for example_nested_branch_dag to 2026-04-08 00:00:00+00:00, run_after=2026-04-09 00:00:00+00:00
[2026-04-09T05:45:02.979+0000] {processor.py:208} INFO - Processing /home/airflow/.local/lib/python3.12/site-packages/airflow/example_dags/example_nested_branch_dag.py took 0.030 seconds
[2026-04-09T05:45:33.488+0000] {processor.py:186} INFO - Started process (PID=42840) to work on /home/airflow/.local/lib/python3.12/site-packages/airflow/example_dags/example_nested_branch_dag.py
[2026-04-09T05:45:33.489+0000] {processor.py:914} INFO - Processing file /home/airflow/.local/lib/python3.12/site-packages/airflow/example_dags/example_nested_branch_dag.py for tasks to queue
[2026-04-09T05:45:33.489+0000] {logging_mixin.py:190} INFO - [2026-04-09T05:45:33.489+0000] {dagbag.py:588} INFO - Filling up the DagBag from /home/airflow/.local/lib/python3.12/site-packages/airflow/example_dags/example_nested_branch_dag.py
[2026-04-09T05:45:33.494+0000] {processor.py:925} INFO - DAG(s) 'example_nested_branch_dag' retrieved from /home/airflow/.local/lib/python3.12/site-packages/airflow/example_dags/example_nested_branch_dag.py
[2026-04-09T05:45:33.502+0000] {logging_mixin.py:190} INFO - [2026-04-09T05:45:33.502+0000] {dag.py:3239} INFO - Sync 1 DAGs
[2026-04-09T05:45:33.511+0000] {logging_mixin.py:190} INFO - [2026-04-09T05:45:33.511+0000] {dag.py:4180} INFO - Setting next_dagrun for example_nested_branch_dag to 2026-04-08 00:00:00+00:00, run_after=2026-04-09 00:00:00+00:00
[2026-04-09T05:45:33.517+0000] {processor.py:208} INFO - Processing /home/airflow/.local/lib/python3.12/site-packages/airflow/example_dags/example_nested_branch_dag.py took 0.031 seconds
[2026-04-09T05:46:04.873+0000] {processor.py:186} INFO - Started process (PID=42904) to work on /home/airflow/.local/lib/python3.12/site-packages/airflow/example_dags/example_nested_branch_dag.py
[2026-04-09T05:46:04.875+0000] {processor.py:914} INFO - Processing file /home/airflow/.local/lib/python3.12/site-packages/airflow/example_dags/example_nested_branch_dag.py for tasks to queue
[2026-04-09T05:46:04.876+0000] {logging_mixin.py:190} INFO - [2026-04-09T05:46:04.876+0000] {dagbag.py:588} INFO - Filling up the DagBag from /home/airflow/.local/lib/python3.12/site-packages/airflow/example_dags/example_nested_branch_dag.py
[2026-04-09T05:46:04.884+0000] {processor.py:925} INFO - DAG(s) 'example_nested_branch_dag' retrieved from /home/airflow/.local/lib/python3.12/site-packages/airflow/example_dags/example_nested_branch_dag.py
[2026-04-09T05:46:04.899+0000] {logging_mixin.py:190} INFO - [2026-04-09T05:46:04.899+0000] {dag.py:3239} INFO - Sync 1 DAGs
[2026-04-09T05:46:04.914+0000] {logging_mixin.py:190} INFO - [2026-04-09T05:46:04.914+0000] {dag.py:4180} INFO - Setting next_dagrun for example_nested_branch_dag to 2026-04-08 00:00:00+00:00, run_after=2026-04-09 00:00:00+00:00
[2026-04-09T05:46:04.929+0000] {processor.py:208} INFO - Processing /home/airflow/.local/lib/python3.12/site-packages/airflow/example_dags/example_nested_branch_dag.py took 0.062 seconds
[2026-04-09T05:46:35.355+0000] {processor.py:186} INFO - Started process (PID=42968) to work on /home/airflow/.local/lib/python3.12/site-packages/airflow/example_dags/example_nested_branch_dag.py
[2026-04-09T05:46:35.355+0000] {processor.py:914} INFO - Processing file /home/airflow/.local/lib/python3.12/site-packages/airflow/example_dags/example_nested_branch_dag.py for tasks to queue
[2026-04-09T05:46:35.356+0000] {logging_mixin.py:190} INFO - [2026-04-09T05:46:35.356+0000] {dagbag.py:588} INFO - Filling up the DagBag from /home/airflow/.local/lib/python3.12/site-packages/airflow/example_dags/example_nested_branch_dag.py
[2026-04-09T05:46:35.360+0000] {processor.py:925} INFO - DAG(s) 'example_nested_branch_dag' retrieved from /home/airflow/.local/lib/python3.12/site-packages/airflow/example_dags/example_nested_branch_dag.py
[2026-04-09T05:46:35.367+0000] {logging_mixin.py:190} INFO - [2026-04-09T05:46:35.367+0000] {dag.py:3239} INFO - Sync 1 DAGs
[2026-04-09T05:46:35.377+0000] {logging_mixin.py:190} INFO - [2026-04-09T05:46:35.377+0000] {dag.py:4180} INFO - Setting next_dagrun for example_nested_branch_dag to 2026-04-08 00:00:00+00:00, run_after=2026-04-09 00:00:00+00:00
[2026-04-09T05:46:35.382+0000] {processor.py:208} INFO - Processing /home/airflow/.local/lib/python3.12/site-packages/airflow/example_dags/example_nested_branch_dag.py took 0.030 seconds
[2026-04-09T05:47:06.130+0000] {processor.py:186} INFO - Started process (PID=43032) to work on /home/airflow/.local/lib/python3.12/site-packages/airflow/example_dags/example_nested_branch_dag.py
[2026-04-09T05:47:06.131+0000] {processor.py:914} INFO - Processing file /home/airflow/.local/lib/python3.12/site-packages/airflow/example_dags/example_nested_branch_dag.py for tasks to queue
[2026-04-09T05:47:06.131+0000] {logging_mixin.py:190} INFO - [2026-04-09T05:47:06.131+0000] {dagbag.py:588} INFO - Filling up the DagBag from /home/airflow/.local/lib/python3.12/site-packages/airflow/example_dags/example_nested_branch_dag.py
[2026-04-09T05:47:06.136+0000] {processor.py:925} INFO - DAG(s) 'example_nested_branch_dag' retrieved from /home/airflow/.local/lib/python3.12/site-packages/airflow/example_dags/example_nested_branch_dag.py
[2026-04-09T05:47:06.147+0000] {logging_mixin.py:190} INFO - [2026-04-09T05:47:06.147+0000] {dag.py:3239} INFO - Sync 1 DAGs
[2026-04-09T05:47:06.156+0000] {logging_mixin.py:190} INFO - [2026-04-09T05:47:06.156+0000] {dag.py:4180} INFO - Setting next_dagrun for example_nested_branch_dag to 2026-04-08 00:00:00+00:00, run_after=2026-04-09 00:00:00+00:00
[2026-04-09T05:47:06.164+0000] {processor.py:208} INFO - Processing /home/airflow/.local/lib/python3.12/site-packages/airflow/example_dags/example_nested_branch_dag.py took 0.036 seconds
[2026-04-09T05:47:36.522+0000] {processor.py:186} INFO - Started process (PID=43096) to work on /home/airflow/.local/lib/python3.12/site-packages/airflow/example_dags/example_nested_branch_dag.py
[2026-04-09T05:47:36.525+0000] {processor.py:914} INFO - Processing file /home/airflow/.local/lib/python3.12/site-packages/airflow/example_dags/example_nested_branch_dag.py for tasks to queue
[2026-04-09T05:47:36.526+0000] {logging_mixin.py:190} INFO - [2026-04-09T05:47:36.525+0000] {dagbag.py:588} INFO - Filling up the DagBag from /home/airflow/.local/lib/python3.12/site-packages/airflow/example_dags/example_nested_branch_dag.py
[2026-04-09T05:47:36.530+0000] {processor.py:925} INFO - DAG(s) 'example_nested_branch_dag' retrieved from /home/airflow/.local/lib/python3.12/site-packages/airflow/example_dags/example_nested_branch_dag.py
[2026-04-09T05:47:36.541+0000] {logging_mixin.py:190} INFO - [2026-04-09T05:47:36.541+0000] {dag.py:3239} INFO - Sync 1 DAGs
[2026-04-09T05:47:36.550+0000] {logging_mixin.py:190} INFO - [2026-04-09T05:47:36.550+0000] {dag.py:4180} INFO - Setting next_dagrun for example_nested_branch_dag to 2026-04-08 00:00:00+00:00, run_after=2026-04-09 00:00:00+00:00
[2026-04-09T05:47:36.557+0000] {processor.py:208} INFO - Processing /home/airflow/.local/lib/python3.12/site-packages/airflow/example_dags/example_nested_branch_dag.py took 0.037 seconds
[2026-04-09T05:48:07.295+0000] {processor.py:186} INFO - Started process (PID=43160) to work on /home/airflow/.local/lib/python3.12/site-packages/airflow/example_dags/example_nested_branch_dag.py
[2026-04-09T05:48:07.296+0000] {processor.py:914} INFO - Processing file /home/airflow/.local/lib/python3.12/site-packages/airflow/example_dags/example_nested_branch_dag.py for tasks to queue
[2026-04-09T05:48:07.297+0000] {logging_mixin.py:190} INFO - [2026-04-09T05:48:07.296+0000] {dagbag.py:588} INFO - Filling up the DagBag from /home/airflow/.local/lib/python3.12/site-packages/airflow/example_dags/example_nested_branch_dag.py
[2026-04-09T05:48:07.302+0000] {processor.py:925} INFO - DAG(s) 'example_nested_branch_dag' retrieved from /home/airflow/.local/lib/python3.12/site-packages/airflow/example_dags/example_nested_branch_dag.py
[2026-04-09T05:48:07.309+0000] {logging_mixin.py:190} INFO - [2026-04-09T05:48:07.309+0000] {dag.py:3239} INFO - Sync 1 DAGs
[2026-04-09T05:48:07.319+0000] {logging_mixin.py:190} INFO - [2026-04-09T05:48:07.319+0000] {dag.py:4180} INFO - Setting next_dagrun for example_nested_branch_dag to 2026-04-08 00:00:00+00:00, run_after=2026-04-09 00:00:00+00:00
[2026-04-09T05:48:07.326+0000] {processor.py:208} INFO - Processing /home/airflow/.local/lib/python3.12/site-packages/airflow/example_dags/example_nested_branch_dag.py took 0.033 seconds
[2026-04-09T05:48:37.413+0000] {processor.py:186} INFO - Started process (PID=43224) to work on /home/airflow/.local/lib/python3.12/site-packages/airflow/example_dags/example_nested_branch_dag.py
[2026-04-09T05:48:37.413+0000] {processor.py:914} INFO - Processing file /home/airflow/.local/lib/python3.12/site-packages/airflow/example_dags/example_nested_branch_dag.py for tasks to queue
[2026-04-09T05:48:37.413+0000] {logging_mixin.py:190} INFO - [2026-04-09T05:48:37.413+0000] {dagbag.py:588} INFO - Filling up the DagBag from /home/airflow/.local/lib/python3.12/site-packages/airflow/example_dags/example_nested_branch_dag.py
[2026-04-09T05:48:37.418+0000] {processor.py:925} INFO - DAG(s) 'example_nested_branch_dag' retrieved from /home/airflow/.local/lib/python3.12/site-packages/airflow/example_dags/example_nested_branch_dag.py
[2026-04-09T05:48:37.427+0000] {logging_mixin.py:190} INFO - [2026-04-09T05:48:37.427+0000] {dag.py:3239} INFO - Sync 1 DAGs
[2026-04-09T05:48:37.435+0000] {logging_mixin.py:190} INFO - [2026-04-09T05:48:37.435+0000] {dag.py:4180} INFO - Setting next_dagrun for example_nested_branch_dag to 2026-04-08 00:00:00+00:00, run_after=2026-04-09 00:00:00+00:00
[2026-04-09T05:48:37.440+0000] {processor.py:208} INFO - Processing /home/airflow/.local/lib/python3.12/site-packages/airflow/example_dags/example_nested_branch_dag.py took 0.030 seconds
[2026-04-09T05:49:08.653+0000] {processor.py:186} INFO - Started process (PID=43288) to work on /home/airflow/.local/lib/python3.12/site-packages/airflow/example_dags/example_nested_branch_dag.py
[2026-04-09T05:49:08.654+0000] {processor.py:914} INFO - Processing file /home/airflow/.local/lib/python3.12/site-packages/airflow/example_dags/example_nested_branch_dag.py for tasks to queue
[2026-04-09T05:49:08.655+0000] {logging_mixin.py:190} INFO - [2026-04-09T05:49:08.654+0000] {dagbag.py:588} INFO - Filling up the DagBag from /home/airflow/.local/lib/python3.12/site-packages/airflow/example_dags/example_nested_branch_dag.py
[2026-04-09T05:49:08.663+0000] {processor.py:925} INFO - DAG(s) 'example_nested_branch_dag' retrieved from /home/airflow/.local/lib/python3.12/site-packages/airflow/example_dags/example_nested_branch_dag.py
[2026-04-09T05:49:08.672+0000] {logging_mixin.py:190} INFO - [2026-04-09T05:49:08.672+0000] {dag.py:3239} INFO - Sync 1 DAGs
[2026-04-09T05:49:08.682+0000] {logging_mixin.py:190} INFO - [2026-04-09T05:49:08.682+0000] {dag.py:4180} INFO - Setting next_dagrun for example_nested_branch_dag to 2026-04-08 00:00:00+00:00, run_after=2026-04-09 00:00:00+00:00
[2026-04-09T05:49:08.687+0000] {processor.py:208} INFO - Processing /home/airflow/.local/lib/python3.12/site-packages/airflow/example_dags/example_nested_branch_dag.py took 0.037 seconds
[2026-04-09T05:49:39.793+0000] {processor.py:186} INFO - Started process (PID=43352) to work on /home/airflow/.local/lib/python3.12/site-packages/airflow/example_dags/example_nested_branch_dag.py
[2026-04-09T05:49:39.795+0000] {processor.py:914} INFO - Processing file /home/airflow/.local/lib/python3.12/site-packages/airflow/example_dags/example_nested_branch_dag.py for tasks to queue
[2026-04-09T05:49:39.796+0000] {logging_mixin.py:190} INFO - [2026-04-09T05:49:39.796+0000] {dagbag.py:588} INFO - Filling up the DagBag from /home/airflow/.local/lib/python3.12/site-packages/airflow/example_dags/example_nested_branch_dag.py
[2026-04-09T05:49:39.802+0000] {processor.py:925} INFO - DAG(s) 'example_nested_branch_dag' retrieved from /home/airflow/.local/lib/python3.12/site-packages/airflow/example_dags/example_nested_branch_dag.py
[2026-04-09T05:49:39.810+0000] {logging_mixin.py:190} INFO - [2026-04-09T05:49:39.810+0000] {dag.py:3239} INFO - Sync 1 DAGs
[2026-04-09T05:49:39.819+0000] {logging_mixin.py:190} INFO - [2026-04-09T05:49:39.818+0000] {dag.py:4180} INFO - Setting next_dagrun for example_nested_branch_dag to 2026-04-08 00:00:00+00:00, run_after=2026-04-09 00:00:00+00:00
[2026-04-09T05:49:39.824+0000] {processor.py:208} INFO - Processing /home/airflow/.local/lib/python3.12/site-packages/airflow/example_dags/example_nested_branch_dag.py took 0.033 seconds
[2026-04-09T05:50:10.303+0000] {processor.py:186} INFO - Started process (PID=43416) to work on /home/airflow/.local/lib/python3.12/site-packages/airflow/example_dags/example_nested_branch_dag.py
[2026-04-09T05:50:10.303+0000] {processor.py:914} INFO - Processing file /home/airflow/.local/lib/python3.12/site-packages/airflow/example_dags/example_nested_branch_dag.py for tasks to queue
[2026-04-09T05:50:10.304+0000] {logging_mixin.py:190} INFO - [2026-04-09T05:50:10.304+0000] {dagbag.py:588} INFO - Filling up the DagBag from /home/airflow/.local/lib/python3.12/site-packages/airflow/example_dags/example_nested_branch_dag.py
[2026-04-09T05:50:10.311+0000] {processor.py:925} INFO - DAG(s) 'example_nested_branch_dag' retrieved from /home/airflow/.local/lib/python3.12/site-packages/airflow/example_dags/example_nested_branch_dag.py
[2026-04-09T05:50:10.320+0000] {logging_mixin.py:190} INFO - [2026-04-09T05:50:10.319+0000] {dag.py:3239} INFO - Sync 1 DAGs
[2026-04-09T05:50:10.329+0000] {logging_mixin.py:190} INFO - [2026-04-09T05:50:10.329+0000] {dag.py:4180} INFO - Setting next_dagrun for example_nested_branch_dag to 2026-04-08 00:00:00+00:00, run_after=2026-04-09 00:00:00+00:00
[2026-04-09T05:50:10.341+0000] {processor.py:208} INFO - Processing /home/airflow/.local/lib/python3.12/site-packages/airflow/example_dags/example_nested_branch_dag.py took 0.041 seconds
[2026-04-09T05:50:41.106+0000] {processor.py:186} INFO - Started process (PID=43480) to work on /home/airflow/.local/lib/python3.12/site-packages/airflow/example_dags/example_nested_branch_dag.py
[2026-04-09T05:50:41.107+0000] {processor.py:914} INFO - Processing file /home/airflow/.local/lib/python3.12/site-packages/airflow/example_dags/example_nested_branch_dag.py for tasks to queue
[2026-04-09T05:50:41.109+0000] {logging_mixin.py:190} INFO - [2026-04-09T05:50:41.109+0000] {dagbag.py:588} INFO - Filling up the DagBag from /home/airflow/.local/lib/python3.12/site-packages/airflow/example_dags/example_nested_branch_dag.py
[2026-04-09T05:50:41.115+0000] {processor.py:925} INFO - DAG(s) 'example_nested_branch_dag' retrieved from /home/airflow/.local/lib/python3.12/site-packages/airflow/example_dags/example_nested_branch_dag.py
[2026-04-09T05:50:41.125+0000] {logging_mixin.py:190} INFO - [2026-04-09T05:50:41.125+0000] {dag.py:3239} INFO - Sync 1 DAGs
[2026-04-09T05:50:41.134+0000] {logging_mixin.py:190} INFO - [2026-04-09T05:50:41.134+0000] {dag.py:4180} INFO - Setting next_dagrun for example_nested_branch_dag to 2026-04-08 00:00:00+00:00, run_after=2026-04-09 00:00:00+00:00
[2026-04-09T05:50:41.140+0000] {processor.py:208} INFO - Processing /home/airflow/.local/lib/python3.12/site-packages/airflow/example_dags/example_nested_branch_dag.py took 0.036 seconds
[2026-04-09T05:51:11.730+0000] {processor.py:186} INFO - Started process (PID=43544) to work on /home/airflow/.local/lib/python3.12/site-packages/airflow/example_dags/example_nested_branch_dag.py
[2026-04-09T05:51:11.731+0000] {processor.py:914} INFO - Processing file /home/airflow/.local/lib/python3.12/site-packages/airflow/example_dags/example_nested_branch_dag.py for tasks to queue
[2026-04-09T05:51:11.734+0000] {logging_mixin.py:190} INFO - [2026-04-09T05:51:11.734+0000] {dagbag.py:588} INFO - Filling up the DagBag from /home/airflow/.local/lib/python3.12/site-packages/airflow/example_dags/example_nested_branch_dag.py
[2026-04-09T05:51:11.738+0000] {processor.py:925} INFO - DAG(s) 'example_nested_branch_dag' retrieved from /home/airflow/.local/lib/python3.12/site-packages/airflow/example_dags/example_nested_branch_dag.py
[2026-04-09T05:51:11.746+0000] {logging_mixin.py:190} INFO - [2026-04-09T05:51:11.746+0000] {dag.py:3239} INFO - Sync 1 DAGs
[2026-04-09T05:51:11.756+0000] {logging_mixin.py:190} INFO - [2026-04-09T05:51:11.756+0000] {dag.py:4180} INFO - Setting next_dagrun for example_nested_branch_dag to 2026-04-08 00:00:00+00:00, run_after=2026-04-09 00:00:00+00:00
[2026-04-09T05:51:11.768+0000] {processor.py:208} INFO - Processing /home/airflow/.local/lib/python3.12/site-packages/airflow/example_dags/example_nested_branch_dag.py took 0.040 seconds
[2026-04-09T05:51:42.087+0000] {processor.py:186} INFO - Started process (PID=43608) to work on /home/airflow/.local/lib/python3.12/site-packages/airflow/example_dags/example_nested_branch_dag.py
[2026-04-09T05:51:42.088+0000] {processor.py:914} INFO - Processing file /home/airflow/.local/lib/python3.12/site-packages/airflow/example_dags/example_nested_branch_dag.py for tasks to queue
[2026-04-09T05:51:42.088+0000] {logging_mixin.py:190} INFO - [2026-04-09T05:51:42.088+0000] {dagbag.py:588} INFO - Filling up the DagBag from /home/airflow/.local/lib/python3.12/site-packages/airflow/example_dags/example_nested_branch_dag.py
[2026-04-09T05:51:42.093+0000] {processor.py:925} INFO - DAG(s) 'example_nested_branch_dag' retrieved from /home/airflow/.local/lib/python3.12/site-packages/airflow/example_dags/example_nested_branch_dag.py
[2026-04-09T05:51:42.100+0000] {logging_mixin.py:190} INFO - [2026-04-09T05:51:42.100+0000] {dag.py:3239} INFO - Sync 1 DAGs
[2026-04-09T05:51:42.108+0000] {logging_mixin.py:190} INFO - [2026-04-09T05:51:42.107+0000] {dag.py:4180} INFO - Setting next_dagrun for example_nested_branch_dag to 2026-04-08 00:00:00+00:00, run_after=2026-04-09 00:00:00+00:00
[2026-04-09T05:51:42.119+0000] {processor.py:208} INFO - Processing /home/airflow/.local/lib/python3.12/site-packages/airflow/example_dags/example_nested_branch_dag.py took 0.034 seconds
[2026-04-09T05:52:13.166+0000] {processor.py:186} INFO - Started process (PID=43672) to work on /home/airflow/.local/lib/python3.12/site-packages/airflow/example_dags/example_nested_branch_dag.py
[2026-04-09T05:52:13.167+0000] {processor.py:914} INFO - Processing file /home/airflow/.local/lib/python3.12/site-packages/airflow/example_dags/example_nested_branch_dag.py for tasks to queue
[2026-04-09T05:52:13.168+0000] {logging_mixin.py:190} INFO - [2026-04-09T05:52:13.168+0000] {dagbag.py:588} INFO - Filling up the DagBag from /home/airflow/.local/lib/python3.12/site-packages/airflow/example_dags/example_nested_branch_dag.py
[2026-04-09T05:52:13.174+0000] {processor.py:925} INFO - DAG(s) 'example_nested_branch_dag' retrieved from /home/airflow/.local/lib/python3.12/site-packages/airflow/example_dags/example_nested_branch_dag.py
[2026-04-09T05:52:13.182+0000] {logging_mixin.py:190} INFO - [2026-04-09T05:52:13.182+0000] {dag.py:3239} INFO - Sync 1 DAGs
[2026-04-09T05:52:13.193+0000] {logging_mixin.py:190} INFO - [2026-04-09T05:52:13.193+0000] {dag.py:4180} INFO - Setting next_dagrun for example_nested_branch_dag to 2026-04-08 00:00:00+00:00, run_after=2026-04-09 00:00:00+00:00
[2026-04-09T05:52:13.207+0000] {processor.py:208} INFO - Processing /home/airflow/.local/lib/python3.12/site-packages/airflow/example_dags/example_nested_branch_dag.py took 0.044 seconds
[2026-04-09T05:52:43.837+0000] {processor.py:186} INFO - Started process (PID=43736) to work on /home/airflow/.local/lib/python3.12/site-packages/airflow/example_dags/example_nested_branch_dag.py
[2026-04-09T05:52:43.837+0000] {processor.py:914} INFO - Processing file /home/airflow/.local/lib/python3.12/site-packages/airflow/example_dags/example_nested_branch_dag.py for tasks to queue
[2026-04-09T05:52:43.838+0000] {logging_mixin.py:190} INFO - [2026-04-09T05:52:43.838+0000] {dagbag.py:588} INFO - Filling up the DagBag from /home/airflow/.local/lib/python3.12/site-packages/airflow/example_dags/example_nested_branch_dag.py
[2026-04-09T05:52:43.846+0000] {processor.py:925} INFO - DAG(s) 'example_nested_branch_dag' retrieved from /home/airflow/.local/lib/python3.12/site-packages/airflow/example_dags/example_nested_branch_dag.py
[2026-04-09T05:52:43.858+0000] {logging_mixin.py:190} INFO - [2026-04-09T05:52:43.858+0000] {dag.py:3239} INFO - Sync 1 DAGs
[2026-04-09T05:52:43.868+0000] {logging_mixin.py:190} INFO - [2026-04-09T05:52:43.868+0000] {dag.py:4180} INFO - Setting next_dagrun for example_nested_branch_dag to 2026-04-08 00:00:00+00:00, run_after=2026-04-09 00:00:00+00:00
[2026-04-09T05:52:43.879+0000] {processor.py:208} INFO - Processing /home/airflow/.local/lib/python3.12/site-packages/airflow/example_dags/example_nested_branch_dag.py took 0.044 seconds
[2026-04-09T05:53:14.358+0000] {processor.py:186} INFO - Started process (PID=43800) to work on /home/airflow/.local/lib/python3.12/site-packages/airflow/example_dags/example_nested_branch_dag.py
[2026-04-09T05:53:14.359+0000] {processor.py:914} INFO - Processing file /home/airflow/.local/lib/python3.12/site-packages/airflow/example_dags/example_nested_branch_dag.py for tasks to queue
[2026-04-09T05:53:14.359+0000] {logging_mixin.py:190} INFO - [2026-04-09T05:53:14.359+0000] {dagbag.py:588} INFO - Filling up the DagBag from /home/airflow/.local/lib/python3.12/site-packages/airflow/example_dags/example_nested_branch_dag.py
[2026-04-09T05:53:14.363+0000] {processor.py:925} INFO - DAG(s) 'example_nested_branch_dag' retrieved from /home/airflow/.local/lib/python3.12/site-packages/airflow/example_dags/example_nested_branch_dag.py
[2026-04-09T05:53:14.370+0000] {logging_mixin.py:190} INFO - [2026-04-09T05:53:14.370+0000] {dag.py:3239} INFO - Sync 1 DAGs
[2026-04-09T05:53:14.377+0000] {logging_mixin.py:190} INFO - [2026-04-09T05:53:14.377+0000] {dag.py:4180} INFO - Setting next_dagrun for example_nested_branch_dag to 2026-04-08 00:00:00+00:00, run_after=2026-04-09 00:00:00+00:00
[2026-04-09T05:53:14.382+0000] {processor.py:208} INFO - Processing /home/airflow/.local/lib/python3.12/site-packages/airflow/example_dags/example_nested_branch_dag.py took 0.026 seconds
[2026-04-09T05:53:44.850+0000] {processor.py:186} INFO - Started process (PID=43864) to work on /home/airflow/.local/lib/python3.12/site-packages/airflow/example_dags/example_nested_branch_dag.py
[2026-04-09T05:53:44.851+0000] {processor.py:914} INFO - Processing file /home/airflow/.local/lib/python3.12/site-packages/airflow/example_dags/example_nested_branch_dag.py for tasks to queue
[2026-04-09T05:53:44.851+0000] {logging_mixin.py:190} INFO - [2026-04-09T05:53:44.851+0000] {dagbag.py:588} INFO - Filling up the DagBag from /home/airflow/.local/lib/python3.12/site-packages/airflow/example_dags/example_nested_branch_dag.py
[2026-04-09T05:53:44.856+0000] {processor.py:925} INFO - DAG(s) 'example_nested_branch_dag' retrieved from /home/airflow/.local/lib/python3.12/site-packages/airflow/example_dags/example_nested_branch_dag.py
[2026-04-09T05:53:44.864+0000] {logging_mixin.py:190} INFO - [2026-04-09T05:53:44.864+0000] {dag.py:3239} INFO - Sync 1 DAGs
[2026-04-09T05:53:44.872+0000] {logging_mixin.py:190} INFO - [2026-04-09T05:53:44.872+0000] {dag.py:4180} INFO - Setting next_dagrun for example_nested_branch_dag to 2026-04-08 00:00:00+00:00, run_after=2026-04-09 00:00:00+00:00
[2026-04-09T05:53:44.878+0000] {processor.py:208} INFO - Processing /home/airflow/.local/lib/python3.12/site-packages/airflow/example_dags/example_nested_branch_dag.py took 0.030 seconds
