[2026-04-15T00:00:10.394+0000] {processor.py:186} INFO - Started process (PID=39101) to work on /home/airflow/.local/lib/python3.12/site-packages/airflow/example_dags/example_dataset_alias_with_no_taskflow.py
[2026-04-15T00:00:10.395+0000] {processor.py:914} INFO - Processing file /home/airflow/.local/lib/python3.12/site-packages/airflow/example_dags/example_dataset_alias_with_no_taskflow.py for tasks to queue
[2026-04-15T00:00:10.396+0000] {logging_mixin.py:190} INFO - [2026-04-15T00:00:10.396+0000] {dagbag.py:588} INFO - Filling up the DagBag from /home/airflow/.local/lib/python3.12/site-packages/airflow/example_dags/example_dataset_alias_with_no_taskflow.py
[2026-04-15T00:00:10.618+0000] {processor.py:925} INFO - DAG(s) 'dataset_s3_bucket_consumer_with_no_taskflow', 'dataset_s3_bucket_producer_with_no_taskflow', 'dataset_alias_example_alias_consumer_with_no_taskflow', 'dataset_alias_example_alias_producer_with_no_taskflow' retrieved from /home/airflow/.local/lib/python3.12/site-packages/airflow/example_dags/example_dataset_alias_with_no_taskflow.py
[2026-04-15T00:00:10.627+0000] {logging_mixin.py:190} INFO - [2026-04-15T00:00:10.627+0000] {dag.py:3239} INFO - Sync 4 DAGs
[2026-04-15T00:00:10.634+0000] {logging_mixin.py:190} INFO - [2026-04-15T00:00:10.634+0000] {dag.py:4180} INFO - Setting next_dagrun for dataset_alias_example_alias_consumer_with_no_taskflow to None, run_after=None
[2026-04-15T00:00:10.635+0000] {logging_mixin.py:190} INFO - [2026-04-15T00:00:10.635+0000] {dag.py:4180} INFO - Setting next_dagrun for dataset_alias_example_alias_producer_with_no_taskflow to None, run_after=None
[2026-04-15T00:00:10.635+0000] {logging_mixin.py:190} INFO - [2026-04-15T00:00:10.635+0000] {dag.py:4180} INFO - Setting next_dagrun for dataset_s3_bucket_consumer_with_no_taskflow to None, run_after=None
[2026-04-15T00:00:10.636+0000] {logging_mixin.py:190} INFO - [2026-04-15T00:00:10.636+0000] {dag.py:4180} INFO - Setting next_dagrun for dataset_s3_bucket_producer_with_no_taskflow to None, run_after=None
[2026-04-15T00:00:10.647+0000] {processor.py:208} INFO - Processing /home/airflow/.local/lib/python3.12/site-packages/airflow/example_dags/example_dataset_alias_with_no_taskflow.py took 0.257 seconds
[2026-04-15T00:15:40.772+0000] {processor.py:186} INFO - Started process (PID=39165) to work on /home/airflow/.local/lib/python3.12/site-packages/airflow/example_dags/example_dataset_alias_with_no_taskflow.py
[2026-04-15T00:15:40.772+0000] {processor.py:914} INFO - Processing file /home/airflow/.local/lib/python3.12/site-packages/airflow/example_dags/example_dataset_alias_with_no_taskflow.py for tasks to queue
[2026-04-15T00:15:40.773+0000] {logging_mixin.py:190} INFO - [2026-04-15T00:15:40.773+0000] {dagbag.py:588} INFO - Filling up the DagBag from /home/airflow/.local/lib/python3.12/site-packages/airflow/example_dags/example_dataset_alias_with_no_taskflow.py
[2026-04-15T00:15:41.027+0000] {processor.py:925} INFO - DAG(s) 'dataset_s3_bucket_consumer_with_no_taskflow', 'dataset_s3_bucket_producer_with_no_taskflow', 'dataset_alias_example_alias_producer_with_no_taskflow', 'dataset_alias_example_alias_consumer_with_no_taskflow' retrieved from /home/airflow/.local/lib/python3.12/site-packages/airflow/example_dags/example_dataset_alias_with_no_taskflow.py
[2026-04-15T00:15:41.037+0000] {logging_mixin.py:190} INFO - [2026-04-15T00:15:41.037+0000] {dag.py:3239} INFO - Sync 4 DAGs
[2026-04-15T00:15:41.046+0000] {logging_mixin.py:190} INFO - [2026-04-15T00:15:41.046+0000] {dag.py:4180} INFO - Setting next_dagrun for dataset_alias_example_alias_consumer_with_no_taskflow to None, run_after=None
[2026-04-15T00:15:41.049+0000] {logging_mixin.py:190} INFO - [2026-04-15T00:15:41.049+0000] {dag.py:4180} INFO - Setting next_dagrun for dataset_alias_example_alias_producer_with_no_taskflow to None, run_after=None
[2026-04-15T00:15:41.049+0000] {logging_mixin.py:190} INFO - [2026-04-15T00:15:41.049+0000] {dag.py:4180} INFO - Setting next_dagrun for dataset_s3_bucket_consumer_with_no_taskflow to None, run_after=None
[2026-04-15T00:15:41.050+0000] {logging_mixin.py:190} INFO - [2026-04-15T00:15:41.050+0000] {dag.py:4180} INFO - Setting next_dagrun for dataset_s3_bucket_producer_with_no_taskflow to None, run_after=None
[2026-04-15T00:15:41.059+0000] {processor.py:208} INFO - Processing /home/airflow/.local/lib/python3.12/site-packages/airflow/example_dags/example_dataset_alias_with_no_taskflow.py took 0.289 seconds
[2026-04-15T00:31:11.488+0000] {processor.py:186} INFO - Started process (PID=39229) to work on /home/airflow/.local/lib/python3.12/site-packages/airflow/example_dags/example_dataset_alias_with_no_taskflow.py
[2026-04-15T00:31:11.488+0000] {processor.py:914} INFO - Processing file /home/airflow/.local/lib/python3.12/site-packages/airflow/example_dags/example_dataset_alias_with_no_taskflow.py for tasks to queue
[2026-04-15T00:31:11.489+0000] {logging_mixin.py:190} INFO - [2026-04-15T00:31:11.489+0000] {dagbag.py:588} INFO - Filling up the DagBag from /home/airflow/.local/lib/python3.12/site-packages/airflow/example_dags/example_dataset_alias_with_no_taskflow.py
[2026-04-15T00:31:11.789+0000] {processor.py:925} INFO - DAG(s) 'dataset_alias_example_alias_consumer_with_no_taskflow', 'dataset_alias_example_alias_producer_with_no_taskflow', 'dataset_s3_bucket_consumer_with_no_taskflow', 'dataset_s3_bucket_producer_with_no_taskflow' retrieved from /home/airflow/.local/lib/python3.12/site-packages/airflow/example_dags/example_dataset_alias_with_no_taskflow.py
[2026-04-15T00:31:11.798+0000] {logging_mixin.py:190} INFO - [2026-04-15T00:31:11.798+0000] {dag.py:3239} INFO - Sync 4 DAGs
[2026-04-15T00:31:11.806+0000] {logging_mixin.py:190} INFO - [2026-04-15T00:31:11.806+0000] {dag.py:4180} INFO - Setting next_dagrun for dataset_alias_example_alias_consumer_with_no_taskflow to None, run_after=None
[2026-04-15T00:31:11.808+0000] {logging_mixin.py:190} INFO - [2026-04-15T00:31:11.808+0000] {dag.py:4180} INFO - Setting next_dagrun for dataset_alias_example_alias_producer_with_no_taskflow to None, run_after=None
[2026-04-15T00:31:11.808+0000] {logging_mixin.py:190} INFO - [2026-04-15T00:31:11.808+0000] {dag.py:4180} INFO - Setting next_dagrun for dataset_s3_bucket_consumer_with_no_taskflow to None, run_after=None
[2026-04-15T00:31:11.809+0000] {logging_mixin.py:190} INFO - [2026-04-15T00:31:11.809+0000] {dag.py:4180} INFO - Setting next_dagrun for dataset_s3_bucket_producer_with_no_taskflow to None, run_after=None
[2026-04-15T00:31:11.822+0000] {processor.py:208} INFO - Processing /home/airflow/.local/lib/python3.12/site-packages/airflow/example_dags/example_dataset_alias_with_no_taskflow.py took 0.336 seconds
[2026-04-15T00:31:42.434+0000] {processor.py:186} INFO - Started process (PID=39294) to work on /home/airflow/.local/lib/python3.12/site-packages/airflow/example_dags/example_dataset_alias_with_no_taskflow.py
[2026-04-15T00:31:42.435+0000] {processor.py:914} INFO - Processing file /home/airflow/.local/lib/python3.12/site-packages/airflow/example_dags/example_dataset_alias_with_no_taskflow.py for tasks to queue
[2026-04-15T00:31:42.435+0000] {logging_mixin.py:190} INFO - [2026-04-15T00:31:42.435+0000] {dagbag.py:588} INFO - Filling up the DagBag from /home/airflow/.local/lib/python3.12/site-packages/airflow/example_dags/example_dataset_alias_with_no_taskflow.py
[2026-04-15T00:31:42.642+0000] {processor.py:925} INFO - DAG(s) 'dataset_s3_bucket_producer_with_no_taskflow', 'dataset_alias_example_alias_producer_with_no_taskflow', 'dataset_s3_bucket_consumer_with_no_taskflow', 'dataset_alias_example_alias_consumer_with_no_taskflow' retrieved from /home/airflow/.local/lib/python3.12/site-packages/airflow/example_dags/example_dataset_alias_with_no_taskflow.py
[2026-04-15T00:31:42.647+0000] {logging_mixin.py:190} INFO - [2026-04-15T00:31:42.647+0000] {dag.py:3239} INFO - Sync 4 DAGs
[2026-04-15T00:31:42.654+0000] {logging_mixin.py:190} INFO - [2026-04-15T00:31:42.654+0000] {dag.py:4180} INFO - Setting next_dagrun for dataset_alias_example_alias_consumer_with_no_taskflow to None, run_after=None
[2026-04-15T00:31:42.655+0000] {logging_mixin.py:190} INFO - [2026-04-15T00:31:42.655+0000] {dag.py:4180} INFO - Setting next_dagrun for dataset_alias_example_alias_producer_with_no_taskflow to None, run_after=None
[2026-04-15T00:31:42.655+0000] {logging_mixin.py:190} INFO - [2026-04-15T00:31:42.655+0000] {dag.py:4180} INFO - Setting next_dagrun for dataset_s3_bucket_consumer_with_no_taskflow to None, run_after=None
[2026-04-15T00:31:42.656+0000] {logging_mixin.py:190} INFO - [2026-04-15T00:31:42.656+0000] {dag.py:4180} INFO - Setting next_dagrun for dataset_s3_bucket_producer_with_no_taskflow to None, run_after=None
[2026-04-15T00:31:42.665+0000] {processor.py:208} INFO - Processing /home/airflow/.local/lib/python3.12/site-packages/airflow/example_dags/example_dataset_alias_with_no_taskflow.py took 0.234 seconds
[2026-04-15T00:47:36.431+0000] {processor.py:186} INFO - Started process (PID=39358) to work on /home/airflow/.local/lib/python3.12/site-packages/airflow/example_dags/example_dataset_alias_with_no_taskflow.py
[2026-04-15T00:47:36.431+0000] {processor.py:914} INFO - Processing file /home/airflow/.local/lib/python3.12/site-packages/airflow/example_dags/example_dataset_alias_with_no_taskflow.py for tasks to queue
[2026-04-15T00:47:36.431+0000] {logging_mixin.py:190} INFO - [2026-04-15T00:47:36.431+0000] {dagbag.py:588} INFO - Filling up the DagBag from /home/airflow/.local/lib/python3.12/site-packages/airflow/example_dags/example_dataset_alias_with_no_taskflow.py
[2026-04-15T00:47:36.707+0000] {processor.py:925} INFO - DAG(s) 'dataset_s3_bucket_producer_with_no_taskflow', 'dataset_alias_example_alias_producer_with_no_taskflow', 'dataset_s3_bucket_consumer_with_no_taskflow', 'dataset_alias_example_alias_consumer_with_no_taskflow' retrieved from /home/airflow/.local/lib/python3.12/site-packages/airflow/example_dags/example_dataset_alias_with_no_taskflow.py
[2026-04-15T00:47:36.718+0000] {logging_mixin.py:190} INFO - [2026-04-15T00:47:36.718+0000] {dag.py:3239} INFO - Sync 4 DAGs
[2026-04-15T00:47:36.725+0000] {logging_mixin.py:190} INFO - [2026-04-15T00:47:36.725+0000] {dag.py:4180} INFO - Setting next_dagrun for dataset_alias_example_alias_consumer_with_no_taskflow to None, run_after=None
[2026-04-15T00:47:36.726+0000] {logging_mixin.py:190} INFO - [2026-04-15T00:47:36.726+0000] {dag.py:4180} INFO - Setting next_dagrun for dataset_alias_example_alias_producer_with_no_taskflow to None, run_after=None
[2026-04-15T00:47:36.727+0000] {logging_mixin.py:190} INFO - [2026-04-15T00:47:36.727+0000] {dag.py:4180} INFO - Setting next_dagrun for dataset_s3_bucket_consumer_with_no_taskflow to None, run_after=None
[2026-04-15T00:47:36.727+0000] {logging_mixin.py:190} INFO - [2026-04-15T00:47:36.727+0000] {dag.py:4180} INFO - Setting next_dagrun for dataset_s3_bucket_producer_with_no_taskflow to None, run_after=None
[2026-04-15T00:47:36.737+0000] {processor.py:208} INFO - Processing /home/airflow/.local/lib/python3.12/site-packages/airflow/example_dags/example_dataset_alias_with_no_taskflow.py took 0.309 seconds
[2026-04-15T00:56:27.870+0000] {processor.py:186} INFO - Started process (PID=39422) to work on /home/airflow/.local/lib/python3.12/site-packages/airflow/example_dags/example_dataset_alias_with_no_taskflow.py
[2026-04-15T00:56:27.871+0000] {processor.py:914} INFO - Processing file /home/airflow/.local/lib/python3.12/site-packages/airflow/example_dags/example_dataset_alias_with_no_taskflow.py for tasks to queue
[2026-04-15T00:56:27.872+0000] {logging_mixin.py:190} INFO - [2026-04-15T00:56:27.872+0000] {dagbag.py:588} INFO - Filling up the DagBag from /home/airflow/.local/lib/python3.12/site-packages/airflow/example_dags/example_dataset_alias_with_no_taskflow.py
[2026-04-15T00:56:28.165+0000] {processor.py:925} INFO - DAG(s) 'dataset_alias_example_alias_consumer_with_no_taskflow', 'dataset_alias_example_alias_producer_with_no_taskflow', 'dataset_s3_bucket_producer_with_no_taskflow', 'dataset_s3_bucket_consumer_with_no_taskflow' retrieved from /home/airflow/.local/lib/python3.12/site-packages/airflow/example_dags/example_dataset_alias_with_no_taskflow.py
[2026-04-15T00:56:28.176+0000] {logging_mixin.py:190} INFO - [2026-04-15T00:56:28.176+0000] {dag.py:3239} INFO - Sync 4 DAGs
[2026-04-15T00:56:28.186+0000] {logging_mixin.py:190} INFO - [2026-04-15T00:56:28.186+0000] {dag.py:4180} INFO - Setting next_dagrun for dataset_alias_example_alias_consumer_with_no_taskflow to None, run_after=None
[2026-04-15T00:56:28.187+0000] {logging_mixin.py:190} INFO - [2026-04-15T00:56:28.187+0000] {dag.py:4180} INFO - Setting next_dagrun for dataset_alias_example_alias_producer_with_no_taskflow to None, run_after=None
[2026-04-15T00:56:28.187+0000] {logging_mixin.py:190} INFO - [2026-04-15T00:56:28.187+0000] {dag.py:4180} INFO - Setting next_dagrun for dataset_s3_bucket_consumer_with_no_taskflow to None, run_after=None
[2026-04-15T00:56:28.188+0000] {logging_mixin.py:190} INFO - [2026-04-15T00:56:28.188+0000] {dag.py:4180} INFO - Setting next_dagrun for dataset_s3_bucket_producer_with_no_taskflow to None, run_after=None
[2026-04-15T00:56:28.195+0000] {processor.py:208} INFO - Processing /home/airflow/.local/lib/python3.12/site-packages/airflow/example_dags/example_dataset_alias_with_no_taskflow.py took 0.330 seconds
[2026-04-15T00:56:58.371+0000] {processor.py:186} INFO - Started process (PID=39486) to work on /home/airflow/.local/lib/python3.12/site-packages/airflow/example_dags/example_dataset_alias_with_no_taskflow.py
[2026-04-15T00:56:58.372+0000] {processor.py:914} INFO - Processing file /home/airflow/.local/lib/python3.12/site-packages/airflow/example_dags/example_dataset_alias_with_no_taskflow.py for tasks to queue
[2026-04-15T00:56:58.373+0000] {logging_mixin.py:190} INFO - [2026-04-15T00:56:58.372+0000] {dagbag.py:588} INFO - Filling up the DagBag from /home/airflow/.local/lib/python3.12/site-packages/airflow/example_dags/example_dataset_alias_with_no_taskflow.py
[2026-04-15T00:56:58.667+0000] {processor.py:925} INFO - DAG(s) 'dataset_s3_bucket_consumer_with_no_taskflow', 'dataset_alias_example_alias_producer_with_no_taskflow', 'dataset_s3_bucket_producer_with_no_taskflow', 'dataset_alias_example_alias_consumer_with_no_taskflow' retrieved from /home/airflow/.local/lib/python3.12/site-packages/airflow/example_dags/example_dataset_alias_with_no_taskflow.py
[2026-04-15T00:56:58.678+0000] {logging_mixin.py:190} INFO - [2026-04-15T00:56:58.678+0000] {dag.py:3239} INFO - Sync 4 DAGs
[2026-04-15T00:56:58.685+0000] {logging_mixin.py:190} INFO - [2026-04-15T00:56:58.685+0000] {dag.py:4180} INFO - Setting next_dagrun for dataset_alias_example_alias_consumer_with_no_taskflow to None, run_after=None
[2026-04-15T00:56:58.686+0000] {logging_mixin.py:190} INFO - [2026-04-15T00:56:58.686+0000] {dag.py:4180} INFO - Setting next_dagrun for dataset_alias_example_alias_producer_with_no_taskflow to None, run_after=None
[2026-04-15T00:56:58.687+0000] {logging_mixin.py:190} INFO - [2026-04-15T00:56:58.687+0000] {dag.py:4180} INFO - Setting next_dagrun for dataset_s3_bucket_consumer_with_no_taskflow to None, run_after=None
[2026-04-15T00:56:58.687+0000] {logging_mixin.py:190} INFO - [2026-04-15T00:56:58.687+0000] {dag.py:4180} INFO - Setting next_dagrun for dataset_s3_bucket_producer_with_no_taskflow to None, run_after=None
[2026-04-15T00:56:58.698+0000] {processor.py:208} INFO - Processing /home/airflow/.local/lib/python3.12/site-packages/airflow/example_dags/example_dataset_alias_with_no_taskflow.py took 0.329 seconds
[2026-04-15T01:28:40.185+0000] {processor.py:186} INFO - Started process (PID=39550) to work on /home/airflow/.local/lib/python3.12/site-packages/airflow/example_dags/example_dataset_alias_with_no_taskflow.py
[2026-04-15T01:28:40.186+0000] {processor.py:914} INFO - Processing file /home/airflow/.local/lib/python3.12/site-packages/airflow/example_dags/example_dataset_alias_with_no_taskflow.py for tasks to queue
[2026-04-15T01:28:40.186+0000] {logging_mixin.py:190} INFO - [2026-04-15T01:28:40.186+0000] {dagbag.py:588} INFO - Filling up the DagBag from /home/airflow/.local/lib/python3.12/site-packages/airflow/example_dags/example_dataset_alias_with_no_taskflow.py
[2026-04-15T01:28:40.581+0000] {processor.py:925} INFO - DAG(s) 'dataset_alias_example_alias_producer_with_no_taskflow', 'dataset_s3_bucket_producer_with_no_taskflow', 'dataset_s3_bucket_consumer_with_no_taskflow', 'dataset_alias_example_alias_consumer_with_no_taskflow' retrieved from /home/airflow/.local/lib/python3.12/site-packages/airflow/example_dags/example_dataset_alias_with_no_taskflow.py
[2026-04-15T01:28:40.594+0000] {logging_mixin.py:190} INFO - [2026-04-15T01:28:40.594+0000] {dag.py:3239} INFO - Sync 4 DAGs
[2026-04-15T01:28:40.607+0000] {logging_mixin.py:190} INFO - [2026-04-15T01:28:40.607+0000] {dag.py:4180} INFO - Setting next_dagrun for dataset_alias_example_alias_consumer_with_no_taskflow to None, run_after=None
[2026-04-15T01:28:40.609+0000] {logging_mixin.py:190} INFO - [2026-04-15T01:28:40.609+0000] {dag.py:4180} INFO - Setting next_dagrun for dataset_alias_example_alias_producer_with_no_taskflow to None, run_after=None
[2026-04-15T01:28:40.610+0000] {logging_mixin.py:190} INFO - [2026-04-15T01:28:40.610+0000] {dag.py:4180} INFO - Setting next_dagrun for dataset_s3_bucket_consumer_with_no_taskflow to None, run_after=None
[2026-04-15T01:28:40.611+0000] {logging_mixin.py:190} INFO - [2026-04-15T01:28:40.611+0000] {dag.py:4180} INFO - Setting next_dagrun for dataset_s3_bucket_producer_with_no_taskflow to None, run_after=None
[2026-04-15T01:28:40.624+0000] {processor.py:208} INFO - Processing /home/airflow/.local/lib/python3.12/site-packages/airflow/example_dags/example_dataset_alias_with_no_taskflow.py took 0.442 seconds
[2026-04-15T01:29:11.471+0000] {processor.py:186} INFO - Started process (PID=39614) to work on /home/airflow/.local/lib/python3.12/site-packages/airflow/example_dags/example_dataset_alias_with_no_taskflow.py
[2026-04-15T01:29:11.472+0000] {processor.py:914} INFO - Processing file /home/airflow/.local/lib/python3.12/site-packages/airflow/example_dags/example_dataset_alias_with_no_taskflow.py for tasks to queue
[2026-04-15T01:29:11.474+0000] {logging_mixin.py:190} INFO - [2026-04-15T01:29:11.474+0000] {dagbag.py:588} INFO - Filling up the DagBag from /home/airflow/.local/lib/python3.12/site-packages/airflow/example_dags/example_dataset_alias_with_no_taskflow.py
[2026-04-15T01:29:11.816+0000] {processor.py:925} INFO - DAG(s) 'dataset_alias_example_alias_producer_with_no_taskflow', 'dataset_alias_example_alias_consumer_with_no_taskflow', 'dataset_s3_bucket_consumer_with_no_taskflow', 'dataset_s3_bucket_producer_with_no_taskflow' retrieved from /home/airflow/.local/lib/python3.12/site-packages/airflow/example_dags/example_dataset_alias_with_no_taskflow.py
[2026-04-15T01:29:11.825+0000] {logging_mixin.py:190} INFO - [2026-04-15T01:29:11.825+0000] {dag.py:3239} INFO - Sync 4 DAGs
[2026-04-15T01:29:11.834+0000] {logging_mixin.py:190} INFO - [2026-04-15T01:29:11.834+0000] {dag.py:4180} INFO - Setting next_dagrun for dataset_alias_example_alias_consumer_with_no_taskflow to None, run_after=None
[2026-04-15T01:29:11.836+0000] {logging_mixin.py:190} INFO - [2026-04-15T01:29:11.836+0000] {dag.py:4180} INFO - Setting next_dagrun for dataset_alias_example_alias_producer_with_no_taskflow to None, run_after=None
[2026-04-15T01:29:11.838+0000] {logging_mixin.py:190} INFO - [2026-04-15T01:29:11.838+0000] {dag.py:4180} INFO - Setting next_dagrun for dataset_s3_bucket_consumer_with_no_taskflow to None, run_after=None
[2026-04-15T01:29:11.840+0000] {logging_mixin.py:190} INFO - [2026-04-15T01:29:11.840+0000] {dag.py:4180} INFO - Setting next_dagrun for dataset_s3_bucket_producer_with_no_taskflow to None, run_after=None
[2026-04-15T01:29:11.849+0000] {processor.py:208} INFO - Processing /home/airflow/.local/lib/python3.12/site-packages/airflow/example_dags/example_dataset_alias_with_no_taskflow.py took 0.385 seconds
[2026-04-15T01:44:40.157+0000] {processor.py:186} INFO - Started process (PID=39678) to work on /home/airflow/.local/lib/python3.12/site-packages/airflow/example_dags/example_dataset_alias_with_no_taskflow.py
[2026-04-15T01:44:40.158+0000] {processor.py:914} INFO - Processing file /home/airflow/.local/lib/python3.12/site-packages/airflow/example_dags/example_dataset_alias_with_no_taskflow.py for tasks to queue
[2026-04-15T01:44:40.158+0000] {logging_mixin.py:190} INFO - [2026-04-15T01:44:40.158+0000] {dagbag.py:588} INFO - Filling up the DagBag from /home/airflow/.local/lib/python3.12/site-packages/airflow/example_dags/example_dataset_alias_with_no_taskflow.py
[2026-04-15T01:44:40.416+0000] {processor.py:925} INFO - DAG(s) 'dataset_alias_example_alias_producer_with_no_taskflow', 'dataset_s3_bucket_producer_with_no_taskflow', 'dataset_s3_bucket_consumer_with_no_taskflow', 'dataset_alias_example_alias_consumer_with_no_taskflow' retrieved from /home/airflow/.local/lib/python3.12/site-packages/airflow/example_dags/example_dataset_alias_with_no_taskflow.py
[2026-04-15T01:44:40.429+0000] {logging_mixin.py:190} INFO - [2026-04-15T01:44:40.429+0000] {dag.py:3239} INFO - Sync 4 DAGs
[2026-04-15T01:44:40.441+0000] {logging_mixin.py:190} INFO - [2026-04-15T01:44:40.440+0000] {dag.py:4180} INFO - Setting next_dagrun for dataset_alias_example_alias_consumer_with_no_taskflow to None, run_after=None
[2026-04-15T01:44:40.442+0000] {logging_mixin.py:190} INFO - [2026-04-15T01:44:40.441+0000] {dag.py:4180} INFO - Setting next_dagrun for dataset_alias_example_alias_producer_with_no_taskflow to None, run_after=None
[2026-04-15T01:44:40.444+0000] {logging_mixin.py:190} INFO - [2026-04-15T01:44:40.444+0000] {dag.py:4180} INFO - Setting next_dagrun for dataset_s3_bucket_consumer_with_no_taskflow to None, run_after=None
[2026-04-15T01:44:40.445+0000] {logging_mixin.py:190} INFO - [2026-04-15T01:44:40.445+0000] {dag.py:4180} INFO - Setting next_dagrun for dataset_s3_bucket_producer_with_no_taskflow to None, run_after=None
[2026-04-15T01:44:40.454+0000] {processor.py:208} INFO - Processing /home/airflow/.local/lib/python3.12/site-packages/airflow/example_dags/example_dataset_alias_with_no_taskflow.py took 0.300 seconds
[2026-04-15T02:00:12.116+0000] {processor.py:186} INFO - Started process (PID=39742) to work on /home/airflow/.local/lib/python3.12/site-packages/airflow/example_dags/example_dataset_alias_with_no_taskflow.py
[2026-04-15T02:00:12.116+0000] {processor.py:914} INFO - Processing file /home/airflow/.local/lib/python3.12/site-packages/airflow/example_dags/example_dataset_alias_with_no_taskflow.py for tasks to queue
[2026-04-15T02:00:12.117+0000] {logging_mixin.py:190} INFO - [2026-04-15T02:00:12.117+0000] {dagbag.py:588} INFO - Filling up the DagBag from /home/airflow/.local/lib/python3.12/site-packages/airflow/example_dags/example_dataset_alias_with_no_taskflow.py
[2026-04-15T02:00:12.381+0000] {processor.py:925} INFO - DAG(s) 'dataset_s3_bucket_producer_with_no_taskflow', 'dataset_alias_example_alias_consumer_with_no_taskflow', 'dataset_s3_bucket_consumer_with_no_taskflow', 'dataset_alias_example_alias_producer_with_no_taskflow' retrieved from /home/airflow/.local/lib/python3.12/site-packages/airflow/example_dags/example_dataset_alias_with_no_taskflow.py
[2026-04-15T02:00:12.392+0000] {logging_mixin.py:190} INFO - [2026-04-15T02:00:12.392+0000] {dag.py:3239} INFO - Sync 4 DAGs
[2026-04-15T02:00:12.400+0000] {logging_mixin.py:190} INFO - [2026-04-15T02:00:12.400+0000] {dag.py:4180} INFO - Setting next_dagrun for dataset_alias_example_alias_consumer_with_no_taskflow to None, run_after=None
[2026-04-15T02:00:12.400+0000] {logging_mixin.py:190} INFO - [2026-04-15T02:00:12.400+0000] {dag.py:4180} INFO - Setting next_dagrun for dataset_alias_example_alias_producer_with_no_taskflow to None, run_after=None
[2026-04-15T02:00:12.401+0000] {logging_mixin.py:190} INFO - [2026-04-15T02:00:12.401+0000] {dag.py:4180} INFO - Setting next_dagrun for dataset_s3_bucket_consumer_with_no_taskflow to None, run_after=None
[2026-04-15T02:00:12.403+0000] {logging_mixin.py:190} INFO - [2026-04-15T02:00:12.403+0000] {dag.py:4180} INFO - Setting next_dagrun for dataset_s3_bucket_producer_with_no_taskflow to None, run_after=None
[2026-04-15T02:00:12.413+0000] {processor.py:208} INFO - Processing /home/airflow/.local/lib/python3.12/site-packages/airflow/example_dags/example_dataset_alias_with_no_taskflow.py took 0.300 seconds
[2026-04-15T02:00:43.086+0000] {processor.py:186} INFO - Started process (PID=39806) to work on /home/airflow/.local/lib/python3.12/site-packages/airflow/example_dags/example_dataset_alias_with_no_taskflow.py
[2026-04-15T02:00:43.086+0000] {processor.py:914} INFO - Processing file /home/airflow/.local/lib/python3.12/site-packages/airflow/example_dags/example_dataset_alias_with_no_taskflow.py for tasks to queue
[2026-04-15T02:00:43.087+0000] {logging_mixin.py:190} INFO - [2026-04-15T02:00:43.087+0000] {dagbag.py:588} INFO - Filling up the DagBag from /home/airflow/.local/lib/python3.12/site-packages/airflow/example_dags/example_dataset_alias_with_no_taskflow.py
[2026-04-15T02:00:43.304+0000] {processor.py:925} INFO - DAG(s) 'dataset_s3_bucket_consumer_with_no_taskflow', 'dataset_alias_example_alias_consumer_with_no_taskflow', 'dataset_alias_example_alias_producer_with_no_taskflow', 'dataset_s3_bucket_producer_with_no_taskflow' retrieved from /home/airflow/.local/lib/python3.12/site-packages/airflow/example_dags/example_dataset_alias_with_no_taskflow.py
[2026-04-15T02:00:43.315+0000] {logging_mixin.py:190} INFO - [2026-04-15T02:00:43.314+0000] {dag.py:3239} INFO - Sync 4 DAGs
[2026-04-15T02:00:43.322+0000] {logging_mixin.py:190} INFO - [2026-04-15T02:00:43.322+0000] {dag.py:4180} INFO - Setting next_dagrun for dataset_alias_example_alias_consumer_with_no_taskflow to None, run_after=None
[2026-04-15T02:00:43.324+0000] {logging_mixin.py:190} INFO - [2026-04-15T02:00:43.324+0000] {dag.py:4180} INFO - Setting next_dagrun for dataset_alias_example_alias_producer_with_no_taskflow to None, run_after=None
[2026-04-15T02:00:43.325+0000] {logging_mixin.py:190} INFO - [2026-04-15T02:00:43.325+0000] {dag.py:4180} INFO - Setting next_dagrun for dataset_s3_bucket_consumer_with_no_taskflow to None, run_after=None
[2026-04-15T02:00:43.325+0000] {logging_mixin.py:190} INFO - [2026-04-15T02:00:43.325+0000] {dag.py:4180} INFO - Setting next_dagrun for dataset_s3_bucket_producer_with_no_taskflow to None, run_after=None
[2026-04-15T02:00:43.331+0000] {processor.py:208} INFO - Processing /home/airflow/.local/lib/python3.12/site-packages/airflow/example_dags/example_dataset_alias_with_no_taskflow.py took 0.249 seconds
[2026-04-15T02:16:13.149+0000] {processor.py:186} INFO - Started process (PID=39870) to work on /home/airflow/.local/lib/python3.12/site-packages/airflow/example_dags/example_dataset_alias_with_no_taskflow.py
[2026-04-15T02:16:13.150+0000] {processor.py:914} INFO - Processing file /home/airflow/.local/lib/python3.12/site-packages/airflow/example_dags/example_dataset_alias_with_no_taskflow.py for tasks to queue
[2026-04-15T02:16:13.150+0000] {logging_mixin.py:190} INFO - [2026-04-15T02:16:13.150+0000] {dagbag.py:588} INFO - Filling up the DagBag from /home/airflow/.local/lib/python3.12/site-packages/airflow/example_dags/example_dataset_alias_with_no_taskflow.py
[2026-04-15T02:16:13.402+0000] {processor.py:925} INFO - DAG(s) 'dataset_alias_example_alias_consumer_with_no_taskflow', 'dataset_s3_bucket_producer_with_no_taskflow', 'dataset_s3_bucket_consumer_with_no_taskflow', 'dataset_alias_example_alias_producer_with_no_taskflow' retrieved from /home/airflow/.local/lib/python3.12/site-packages/airflow/example_dags/example_dataset_alias_with_no_taskflow.py
[2026-04-15T02:16:13.412+0000] {logging_mixin.py:190} INFO - [2026-04-15T02:16:13.412+0000] {dag.py:3239} INFO - Sync 4 DAGs
[2026-04-15T02:16:13.420+0000] {logging_mixin.py:190} INFO - [2026-04-15T02:16:13.420+0000] {dag.py:4180} INFO - Setting next_dagrun for dataset_alias_example_alias_consumer_with_no_taskflow to None, run_after=None
[2026-04-15T02:16:13.421+0000] {logging_mixin.py:190} INFO - [2026-04-15T02:16:13.421+0000] {dag.py:4180} INFO - Setting next_dagrun for dataset_alias_example_alias_producer_with_no_taskflow to None, run_after=None
[2026-04-15T02:16:13.423+0000] {logging_mixin.py:190} INFO - [2026-04-15T02:16:13.423+0000] {dag.py:4180} INFO - Setting next_dagrun for dataset_s3_bucket_consumer_with_no_taskflow to None, run_after=None
[2026-04-15T02:16:13.424+0000] {logging_mixin.py:190} INFO - [2026-04-15T02:16:13.424+0000] {dag.py:4180} INFO - Setting next_dagrun for dataset_s3_bucket_producer_with_no_taskflow to None, run_after=None
[2026-04-15T02:16:13.433+0000] {processor.py:208} INFO - Processing /home/airflow/.local/lib/python3.12/site-packages/airflow/example_dags/example_dataset_alias_with_no_taskflow.py took 0.287 seconds
[2026-04-15T02:32:37.644+0000] {processor.py:186} INFO - Started process (PID=39934) to work on /home/airflow/.local/lib/python3.12/site-packages/airflow/example_dags/example_dataset_alias_with_no_taskflow.py
[2026-04-15T02:32:37.645+0000] {processor.py:914} INFO - Processing file /home/airflow/.local/lib/python3.12/site-packages/airflow/example_dags/example_dataset_alias_with_no_taskflow.py for tasks to queue
[2026-04-15T02:32:37.645+0000] {logging_mixin.py:190} INFO - [2026-04-15T02:32:37.645+0000] {dagbag.py:588} INFO - Filling up the DagBag from /home/airflow/.local/lib/python3.12/site-packages/airflow/example_dags/example_dataset_alias_with_no_taskflow.py
[2026-04-15T02:32:37.892+0000] {processor.py:925} INFO - DAG(s) 'dataset_alias_example_alias_consumer_with_no_taskflow', 'dataset_s3_bucket_producer_with_no_taskflow', 'dataset_alias_example_alias_producer_with_no_taskflow', 'dataset_s3_bucket_consumer_with_no_taskflow' retrieved from /home/airflow/.local/lib/python3.12/site-packages/airflow/example_dags/example_dataset_alias_with_no_taskflow.py
[2026-04-15T02:32:37.904+0000] {logging_mixin.py:190} INFO - [2026-04-15T02:32:37.904+0000] {dag.py:3239} INFO - Sync 4 DAGs
[2026-04-15T02:32:37.914+0000] {logging_mixin.py:190} INFO - [2026-04-15T02:32:37.914+0000] {dag.py:4180} INFO - Setting next_dagrun for dataset_alias_example_alias_consumer_with_no_taskflow to None, run_after=None
[2026-04-15T02:32:37.915+0000] {logging_mixin.py:190} INFO - [2026-04-15T02:32:37.915+0000] {dag.py:4180} INFO - Setting next_dagrun for dataset_alias_example_alias_producer_with_no_taskflow to None, run_after=None
[2026-04-15T02:32:37.916+0000] {logging_mixin.py:190} INFO - [2026-04-15T02:32:37.916+0000] {dag.py:4180} INFO - Setting next_dagrun for dataset_s3_bucket_consumer_with_no_taskflow to None, run_after=None
[2026-04-15T02:32:37.917+0000] {logging_mixin.py:190} INFO - [2026-04-15T02:32:37.917+0000] {dag.py:4180} INFO - Setting next_dagrun for dataset_s3_bucket_producer_with_no_taskflow to None, run_after=None
[2026-04-15T02:32:37.925+0000] {processor.py:208} INFO - Processing /home/airflow/.local/lib/python3.12/site-packages/airflow/example_dags/example_dataset_alias_with_no_taskflow.py took 0.284 seconds
[2026-04-15T02:33:08.271+0000] {processor.py:186} INFO - Started process (PID=39998) to work on /home/airflow/.local/lib/python3.12/site-packages/airflow/example_dags/example_dataset_alias_with_no_taskflow.py
[2026-04-15T02:33:08.271+0000] {processor.py:914} INFO - Processing file /home/airflow/.local/lib/python3.12/site-packages/airflow/example_dags/example_dataset_alias_with_no_taskflow.py for tasks to queue
[2026-04-15T02:33:08.272+0000] {logging_mixin.py:190} INFO - [2026-04-15T02:33:08.272+0000] {dagbag.py:588} INFO - Filling up the DagBag from /home/airflow/.local/lib/python3.12/site-packages/airflow/example_dags/example_dataset_alias_with_no_taskflow.py
[2026-04-15T02:33:08.499+0000] {processor.py:925} INFO - DAG(s) 'dataset_alias_example_alias_consumer_with_no_taskflow', 'dataset_s3_bucket_producer_with_no_taskflow', 'dataset_s3_bucket_consumer_with_no_taskflow', 'dataset_alias_example_alias_producer_with_no_taskflow' retrieved from /home/airflow/.local/lib/python3.12/site-packages/airflow/example_dags/example_dataset_alias_with_no_taskflow.py
[2026-04-15T02:33:08.507+0000] {logging_mixin.py:190} INFO - [2026-04-15T02:33:08.507+0000] {dag.py:3239} INFO - Sync 4 DAGs
[2026-04-15T02:33:08.514+0000] {logging_mixin.py:190} INFO - [2026-04-15T02:33:08.514+0000] {dag.py:4180} INFO - Setting next_dagrun for dataset_alias_example_alias_consumer_with_no_taskflow to None, run_after=None
[2026-04-15T02:33:08.515+0000] {logging_mixin.py:190} INFO - [2026-04-15T02:33:08.515+0000] {dag.py:4180} INFO - Setting next_dagrun for dataset_alias_example_alias_producer_with_no_taskflow to None, run_after=None
[2026-04-15T02:33:08.516+0000] {logging_mixin.py:190} INFO - [2026-04-15T02:33:08.516+0000] {dag.py:4180} INFO - Setting next_dagrun for dataset_s3_bucket_consumer_with_no_taskflow to None, run_after=None
[2026-04-15T02:33:08.516+0000] {logging_mixin.py:190} INFO - [2026-04-15T02:33:08.516+0000] {dag.py:4180} INFO - Setting next_dagrun for dataset_s3_bucket_producer_with_no_taskflow to None, run_after=None
[2026-04-15T02:33:08.523+0000] {processor.py:208} INFO - Processing /home/airflow/.local/lib/python3.12/site-packages/airflow/example_dags/example_dataset_alias_with_no_taskflow.py took 0.255 seconds
[2026-04-15T02:37:39.900+0000] {processor.py:186} INFO - Started process (PID=40062) to work on /home/airflow/.local/lib/python3.12/site-packages/airflow/example_dags/example_dataset_alias_with_no_taskflow.py
[2026-04-15T02:37:39.901+0000] {processor.py:914} INFO - Processing file /home/airflow/.local/lib/python3.12/site-packages/airflow/example_dags/example_dataset_alias_with_no_taskflow.py for tasks to queue
[2026-04-15T02:37:39.902+0000] {logging_mixin.py:190} INFO - [2026-04-15T02:37:39.901+0000] {dagbag.py:588} INFO - Filling up the DagBag from /home/airflow/.local/lib/python3.12/site-packages/airflow/example_dags/example_dataset_alias_with_no_taskflow.py
[2026-04-15T02:37:40.715+0000] {processor.py:925} INFO - DAG(s) 'dataset_alias_example_alias_producer_with_no_taskflow', 'dataset_s3_bucket_producer_with_no_taskflow', 'dataset_s3_bucket_consumer_with_no_taskflow', 'dataset_alias_example_alias_consumer_with_no_taskflow' retrieved from /home/airflow/.local/lib/python3.12/site-packages/airflow/example_dags/example_dataset_alias_with_no_taskflow.py
[2026-04-15T02:37:40.737+0000] {logging_mixin.py:190} INFO - [2026-04-15T02:37:40.736+0000] {dag.py:3239} INFO - Sync 4 DAGs
[2026-04-15T02:37:40.762+0000] {logging_mixin.py:190} INFO - [2026-04-15T02:37:40.761+0000] {dag.py:4180} INFO - Setting next_dagrun for dataset_alias_example_alias_consumer_with_no_taskflow to None, run_after=None
[2026-04-15T02:37:40.764+0000] {logging_mixin.py:190} INFO - [2026-04-15T02:37:40.764+0000] {dag.py:4180} INFO - Setting next_dagrun for dataset_alias_example_alias_producer_with_no_taskflow to None, run_after=None
[2026-04-15T02:37:40.765+0000] {logging_mixin.py:190} INFO - [2026-04-15T02:37:40.765+0000] {dag.py:4180} INFO - Setting next_dagrun for dataset_s3_bucket_consumer_with_no_taskflow to None, run_after=None
[2026-04-15T02:37:40.766+0000] {logging_mixin.py:190} INFO - [2026-04-15T02:37:40.766+0000] {dag.py:4180} INFO - Setting next_dagrun for dataset_s3_bucket_producer_with_no_taskflow to None, run_after=None
[2026-04-15T02:37:40.784+0000] {processor.py:208} INFO - Processing /home/airflow/.local/lib/python3.12/site-packages/airflow/example_dags/example_dataset_alias_with_no_taskflow.py took 0.889 seconds
[2026-04-15T02:38:11.408+0000] {processor.py:186} INFO - Started process (PID=40126) to work on /home/airflow/.local/lib/python3.12/site-packages/airflow/example_dags/example_dataset_alias_with_no_taskflow.py
[2026-04-15T02:38:11.410+0000] {processor.py:914} INFO - Processing file /home/airflow/.local/lib/python3.12/site-packages/airflow/example_dags/example_dataset_alias_with_no_taskflow.py for tasks to queue
[2026-04-15T02:38:11.412+0000] {logging_mixin.py:190} INFO - [2026-04-15T02:38:11.411+0000] {dagbag.py:588} INFO - Filling up the DagBag from /home/airflow/.local/lib/python3.12/site-packages/airflow/example_dags/example_dataset_alias_with_no_taskflow.py
[2026-04-15T02:38:11.635+0000] {processor.py:925} INFO - DAG(s) 'dataset_alias_example_alias_consumer_with_no_taskflow', 'dataset_s3_bucket_producer_with_no_taskflow', 'dataset_s3_bucket_consumer_with_no_taskflow', 'dataset_alias_example_alias_producer_with_no_taskflow' retrieved from /home/airflow/.local/lib/python3.12/site-packages/airflow/example_dags/example_dataset_alias_with_no_taskflow.py
[2026-04-15T02:38:11.646+0000] {logging_mixin.py:190} INFO - [2026-04-15T02:38:11.646+0000] {dag.py:3239} INFO - Sync 4 DAGs
[2026-04-15T02:38:11.653+0000] {logging_mixin.py:190} INFO - [2026-04-15T02:38:11.653+0000] {dag.py:4180} INFO - Setting next_dagrun for dataset_alias_example_alias_consumer_with_no_taskflow to None, run_after=None
[2026-04-15T02:38:11.655+0000] {logging_mixin.py:190} INFO - [2026-04-15T02:38:11.655+0000] {dag.py:4180} INFO - Setting next_dagrun for dataset_alias_example_alias_producer_with_no_taskflow to None, run_after=None
[2026-04-15T02:38:11.657+0000] {logging_mixin.py:190} INFO - [2026-04-15T02:38:11.657+0000] {dag.py:4180} INFO - Setting next_dagrun for dataset_s3_bucket_consumer_with_no_taskflow to None, run_after=None
[2026-04-15T02:38:11.658+0000] {logging_mixin.py:190} INFO - [2026-04-15T02:38:11.658+0000] {dag.py:4180} INFO - Setting next_dagrun for dataset_s3_bucket_producer_with_no_taskflow to None, run_after=None
[2026-04-15T02:38:11.667+0000] {processor.py:208} INFO - Processing /home/airflow/.local/lib/python3.12/site-packages/airflow/example_dags/example_dataset_alias_with_no_taskflow.py took 0.264 seconds
[2026-04-15T02:53:03.979+0000] {processor.py:186} INFO - Started process (PID=40190) to work on /home/airflow/.local/lib/python3.12/site-packages/airflow/example_dags/example_dataset_alias_with_no_taskflow.py
[2026-04-15T02:53:03.980+0000] {processor.py:914} INFO - Processing file /home/airflow/.local/lib/python3.12/site-packages/airflow/example_dags/example_dataset_alias_with_no_taskflow.py for tasks to queue
[2026-04-15T02:53:03.980+0000] {logging_mixin.py:190} INFO - [2026-04-15T02:53:03.980+0000] {dagbag.py:588} INFO - Filling up the DagBag from /home/airflow/.local/lib/python3.12/site-packages/airflow/example_dags/example_dataset_alias_with_no_taskflow.py
[2026-04-15T02:53:04.166+0000] {processor.py:925} INFO - DAG(s) 'dataset_alias_example_alias_consumer_with_no_taskflow', 'dataset_s3_bucket_producer_with_no_taskflow', 'dataset_s3_bucket_consumer_with_no_taskflow', 'dataset_alias_example_alias_producer_with_no_taskflow' retrieved from /home/airflow/.local/lib/python3.12/site-packages/airflow/example_dags/example_dataset_alias_with_no_taskflow.py
[2026-04-15T02:53:04.178+0000] {logging_mixin.py:190} INFO - [2026-04-15T02:53:04.178+0000] {dag.py:3239} INFO - Sync 4 DAGs
[2026-04-15T02:53:04.193+0000] {logging_mixin.py:190} INFO - [2026-04-15T02:53:04.192+0000] {dag.py:4180} INFO - Setting next_dagrun for dataset_alias_example_alias_consumer_with_no_taskflow to None, run_after=None
[2026-04-15T02:53:04.194+0000] {logging_mixin.py:190} INFO - [2026-04-15T02:53:04.194+0000] {dag.py:4180} INFO - Setting next_dagrun for dataset_alias_example_alias_producer_with_no_taskflow to None, run_after=None
[2026-04-15T02:53:04.195+0000] {logging_mixin.py:190} INFO - [2026-04-15T02:53:04.195+0000] {dag.py:4180} INFO - Setting next_dagrun for dataset_s3_bucket_consumer_with_no_taskflow to None, run_after=None
[2026-04-15T02:53:04.195+0000] {logging_mixin.py:190} INFO - [2026-04-15T02:53:04.195+0000] {dag.py:4180} INFO - Setting next_dagrun for dataset_s3_bucket_producer_with_no_taskflow to None, run_after=None
[2026-04-15T02:53:04.212+0000] {processor.py:208} INFO - Processing /home/airflow/.local/lib/python3.12/site-packages/airflow/example_dags/example_dataset_alias_with_no_taskflow.py took 0.235 seconds
[2026-04-15T02:53:34.795+0000] {processor.py:186} INFO - Started process (PID=40254) to work on /home/airflow/.local/lib/python3.12/site-packages/airflow/example_dags/example_dataset_alias_with_no_taskflow.py
[2026-04-15T02:53:34.796+0000] {processor.py:914} INFO - Processing file /home/airflow/.local/lib/python3.12/site-packages/airflow/example_dags/example_dataset_alias_with_no_taskflow.py for tasks to queue
[2026-04-15T02:53:34.797+0000] {logging_mixin.py:190} INFO - [2026-04-15T02:53:34.797+0000] {dagbag.py:588} INFO - Filling up the DagBag from /home/airflow/.local/lib/python3.12/site-packages/airflow/example_dags/example_dataset_alias_with_no_taskflow.py
[2026-04-15T02:53:34.960+0000] {processor.py:925} INFO - DAG(s) 'dataset_s3_bucket_producer_with_no_taskflow', 'dataset_alias_example_alias_producer_with_no_taskflow', 'dataset_s3_bucket_consumer_with_no_taskflow', 'dataset_alias_example_alias_consumer_with_no_taskflow' retrieved from /home/airflow/.local/lib/python3.12/site-packages/airflow/example_dags/example_dataset_alias_with_no_taskflow.py
[2026-04-15T02:53:34.973+0000] {logging_mixin.py:190} INFO - [2026-04-15T02:53:34.973+0000] {dag.py:3239} INFO - Sync 4 DAGs
[2026-04-15T02:53:34.983+0000] {logging_mixin.py:190} INFO - [2026-04-15T02:53:34.983+0000] {dag.py:4180} INFO - Setting next_dagrun for dataset_alias_example_alias_consumer_with_no_taskflow to None, run_after=None
[2026-04-15T02:53:34.985+0000] {logging_mixin.py:190} INFO - [2026-04-15T02:53:34.985+0000] {dag.py:4180} INFO - Setting next_dagrun for dataset_alias_example_alias_producer_with_no_taskflow to None, run_after=None
[2026-04-15T02:53:34.987+0000] {logging_mixin.py:190} INFO - [2026-04-15T02:53:34.987+0000] {dag.py:4180} INFO - Setting next_dagrun for dataset_s3_bucket_consumer_with_no_taskflow to None, run_after=None
[2026-04-15T02:53:34.988+0000] {logging_mixin.py:190} INFO - [2026-04-15T02:53:34.988+0000] {dag.py:4180} INFO - Setting next_dagrun for dataset_s3_bucket_producer_with_no_taskflow to None, run_after=None
[2026-04-15T02:53:34.999+0000] {processor.py:208} INFO - Processing /home/airflow/.local/lib/python3.12/site-packages/airflow/example_dags/example_dataset_alias_with_no_taskflow.py took 0.206 seconds
[2026-04-15T02:54:05.073+0000] {processor.py:186} INFO - Started process (PID=40318) to work on /home/airflow/.local/lib/python3.12/site-packages/airflow/example_dags/example_dataset_alias_with_no_taskflow.py
[2026-04-15T02:54:05.074+0000] {processor.py:914} INFO - Processing file /home/airflow/.local/lib/python3.12/site-packages/airflow/example_dags/example_dataset_alias_with_no_taskflow.py for tasks to queue
[2026-04-15T02:54:05.075+0000] {logging_mixin.py:190} INFO - [2026-04-15T02:54:05.074+0000] {dagbag.py:588} INFO - Filling up the DagBag from /home/airflow/.local/lib/python3.12/site-packages/airflow/example_dags/example_dataset_alias_with_no_taskflow.py
[2026-04-15T02:54:05.225+0000] {processor.py:925} INFO - DAG(s) 'dataset_s3_bucket_consumer_with_no_taskflow', 'dataset_alias_example_alias_consumer_with_no_taskflow', 'dataset_s3_bucket_producer_with_no_taskflow', 'dataset_alias_example_alias_producer_with_no_taskflow' retrieved from /home/airflow/.local/lib/python3.12/site-packages/airflow/example_dags/example_dataset_alias_with_no_taskflow.py
[2026-04-15T02:54:05.236+0000] {logging_mixin.py:190} INFO - [2026-04-15T02:54:05.236+0000] {dag.py:3239} INFO - Sync 4 DAGs
[2026-04-15T02:54:05.245+0000] {logging_mixin.py:190} INFO - [2026-04-15T02:54:05.245+0000] {dag.py:4180} INFO - Setting next_dagrun for dataset_alias_example_alias_consumer_with_no_taskflow to None, run_after=None
[2026-04-15T02:54:05.247+0000] {logging_mixin.py:190} INFO - [2026-04-15T02:54:05.247+0000] {dag.py:4180} INFO - Setting next_dagrun for dataset_alias_example_alias_producer_with_no_taskflow to None, run_after=None
[2026-04-15T02:54:05.248+0000] {logging_mixin.py:190} INFO - [2026-04-15T02:54:05.248+0000] {dag.py:4180} INFO - Setting next_dagrun for dataset_s3_bucket_consumer_with_no_taskflow to None, run_after=None
[2026-04-15T02:54:05.248+0000] {logging_mixin.py:190} INFO - [2026-04-15T02:54:05.248+0000] {dag.py:4180} INFO - Setting next_dagrun for dataset_s3_bucket_producer_with_no_taskflow to None, run_after=None
[2026-04-15T02:54:05.255+0000] {processor.py:208} INFO - Processing /home/airflow/.local/lib/python3.12/site-packages/airflow/example_dags/example_dataset_alias_with_no_taskflow.py took 0.184 seconds
[2026-04-15T02:54:35.376+0000] {processor.py:186} INFO - Started process (PID=40382) to work on /home/airflow/.local/lib/python3.12/site-packages/airflow/example_dags/example_dataset_alias_with_no_taskflow.py
[2026-04-15T02:54:35.377+0000] {processor.py:914} INFO - Processing file /home/airflow/.local/lib/python3.12/site-packages/airflow/example_dags/example_dataset_alias_with_no_taskflow.py for tasks to queue
[2026-04-15T02:54:35.377+0000] {logging_mixin.py:190} INFO - [2026-04-15T02:54:35.377+0000] {dagbag.py:588} INFO - Filling up the DagBag from /home/airflow/.local/lib/python3.12/site-packages/airflow/example_dags/example_dataset_alias_with_no_taskflow.py
[2026-04-15T02:54:35.524+0000] {processor.py:925} INFO - DAG(s) 'dataset_s3_bucket_producer_with_no_taskflow', 'dataset_alias_example_alias_consumer_with_no_taskflow', 'dataset_alias_example_alias_producer_with_no_taskflow', 'dataset_s3_bucket_consumer_with_no_taskflow' retrieved from /home/airflow/.local/lib/python3.12/site-packages/airflow/example_dags/example_dataset_alias_with_no_taskflow.py
[2026-04-15T02:54:35.533+0000] {logging_mixin.py:190} INFO - [2026-04-15T02:54:35.533+0000] {dag.py:3239} INFO - Sync 4 DAGs
[2026-04-15T02:54:35.546+0000] {logging_mixin.py:190} INFO - [2026-04-15T02:54:35.546+0000] {dag.py:4180} INFO - Setting next_dagrun for dataset_alias_example_alias_consumer_with_no_taskflow to None, run_after=None
[2026-04-15T02:54:35.547+0000] {logging_mixin.py:190} INFO - [2026-04-15T02:54:35.547+0000] {dag.py:4180} INFO - Setting next_dagrun for dataset_alias_example_alias_producer_with_no_taskflow to None, run_after=None
[2026-04-15T02:54:35.548+0000] {logging_mixin.py:190} INFO - [2026-04-15T02:54:35.548+0000] {dag.py:4180} INFO - Setting next_dagrun for dataset_s3_bucket_consumer_with_no_taskflow to None, run_after=None
[2026-04-15T02:54:35.550+0000] {logging_mixin.py:190} INFO - [2026-04-15T02:54:35.550+0000] {dag.py:4180} INFO - Setting next_dagrun for dataset_s3_bucket_producer_with_no_taskflow to None, run_after=None
[2026-04-15T02:54:35.560+0000] {processor.py:208} INFO - Processing /home/airflow/.local/lib/python3.12/site-packages/airflow/example_dags/example_dataset_alias_with_no_taskflow.py took 0.187 seconds
[2026-04-15T02:55:06.635+0000] {processor.py:186} INFO - Started process (PID=40446) to work on /home/airflow/.local/lib/python3.12/site-packages/airflow/example_dags/example_dataset_alias_with_no_taskflow.py
[2026-04-15T02:55:06.637+0000] {processor.py:914} INFO - Processing file /home/airflow/.local/lib/python3.12/site-packages/airflow/example_dags/example_dataset_alias_with_no_taskflow.py for tasks to queue
[2026-04-15T02:55:06.638+0000] {logging_mixin.py:190} INFO - [2026-04-15T02:55:06.638+0000] {dagbag.py:588} INFO - Filling up the DagBag from /home/airflow/.local/lib/python3.12/site-packages/airflow/example_dags/example_dataset_alias_with_no_taskflow.py
[2026-04-15T02:55:06.794+0000] {processor.py:925} INFO - DAG(s) 'dataset_alias_example_alias_producer_with_no_taskflow', 'dataset_s3_bucket_producer_with_no_taskflow', 'dataset_alias_example_alias_consumer_with_no_taskflow', 'dataset_s3_bucket_consumer_with_no_taskflow' retrieved from /home/airflow/.local/lib/python3.12/site-packages/airflow/example_dags/example_dataset_alias_with_no_taskflow.py
[2026-04-15T02:55:06.806+0000] {logging_mixin.py:190} INFO - [2026-04-15T02:55:06.806+0000] {dag.py:3239} INFO - Sync 4 DAGs
[2026-04-15T02:55:06.813+0000] {logging_mixin.py:190} INFO - [2026-04-15T02:55:06.813+0000] {dag.py:4180} INFO - Setting next_dagrun for dataset_alias_example_alias_consumer_with_no_taskflow to None, run_after=None
[2026-04-15T02:55:06.814+0000] {logging_mixin.py:190} INFO - [2026-04-15T02:55:06.814+0000] {dag.py:4180} INFO - Setting next_dagrun for dataset_alias_example_alias_producer_with_no_taskflow to None, run_after=None
[2026-04-15T02:55:06.815+0000] {logging_mixin.py:190} INFO - [2026-04-15T02:55:06.815+0000] {dag.py:4180} INFO - Setting next_dagrun for dataset_s3_bucket_consumer_with_no_taskflow to None, run_after=None
[2026-04-15T02:55:06.816+0000] {logging_mixin.py:190} INFO - [2026-04-15T02:55:06.816+0000] {dag.py:4180} INFO - Setting next_dagrun for dataset_s3_bucket_producer_with_no_taskflow to None, run_after=None
[2026-04-15T02:55:06.823+0000] {processor.py:208} INFO - Processing /home/airflow/.local/lib/python3.12/site-packages/airflow/example_dags/example_dataset_alias_with_no_taskflow.py took 0.190 seconds
[2026-04-15T02:55:37.665+0000] {processor.py:186} INFO - Started process (PID=40509) to work on /home/airflow/.local/lib/python3.12/site-packages/airflow/example_dags/example_dataset_alias_with_no_taskflow.py
[2026-04-15T02:55:37.665+0000] {processor.py:914} INFO - Processing file /home/airflow/.local/lib/python3.12/site-packages/airflow/example_dags/example_dataset_alias_with_no_taskflow.py for tasks to queue
[2026-04-15T02:55:37.666+0000] {logging_mixin.py:190} INFO - [2026-04-15T02:55:37.666+0000] {dagbag.py:588} INFO - Filling up the DagBag from /home/airflow/.local/lib/python3.12/site-packages/airflow/example_dags/example_dataset_alias_with_no_taskflow.py
[2026-04-15T02:55:37.808+0000] {processor.py:925} INFO - DAG(s) 'dataset_s3_bucket_consumer_with_no_taskflow', 'dataset_alias_example_alias_producer_with_no_taskflow', 'dataset_s3_bucket_producer_with_no_taskflow', 'dataset_alias_example_alias_consumer_with_no_taskflow' retrieved from /home/airflow/.local/lib/python3.12/site-packages/airflow/example_dags/example_dataset_alias_with_no_taskflow.py
[2026-04-15T02:55:37.817+0000] {logging_mixin.py:190} INFO - [2026-04-15T02:55:37.817+0000] {dag.py:3239} INFO - Sync 4 DAGs
[2026-04-15T02:55:37.825+0000] {logging_mixin.py:190} INFO - [2026-04-15T02:55:37.825+0000] {dag.py:4180} INFO - Setting next_dagrun for dataset_alias_example_alias_consumer_with_no_taskflow to None, run_after=None
[2026-04-15T02:55:37.826+0000] {logging_mixin.py:190} INFO - [2026-04-15T02:55:37.826+0000] {dag.py:4180} INFO - Setting next_dagrun for dataset_alias_example_alias_producer_with_no_taskflow to None, run_after=None
[2026-04-15T02:55:37.827+0000] {logging_mixin.py:190} INFO - [2026-04-15T02:55:37.827+0000] {dag.py:4180} INFO - Setting next_dagrun for dataset_s3_bucket_consumer_with_no_taskflow to None, run_after=None
[2026-04-15T02:55:37.829+0000] {logging_mixin.py:190} INFO - [2026-04-15T02:55:37.829+0000] {dag.py:4180} INFO - Setting next_dagrun for dataset_s3_bucket_producer_with_no_taskflow to None, run_after=None
[2026-04-15T02:55:37.836+0000] {processor.py:208} INFO - Processing /home/airflow/.local/lib/python3.12/site-packages/airflow/example_dags/example_dataset_alias_with_no_taskflow.py took 0.175 seconds
[2026-04-15T02:56:08.033+0000] {processor.py:186} INFO - Started process (PID=40573) to work on /home/airflow/.local/lib/python3.12/site-packages/airflow/example_dags/example_dataset_alias_with_no_taskflow.py
[2026-04-15T02:56:08.034+0000] {processor.py:914} INFO - Processing file /home/airflow/.local/lib/python3.12/site-packages/airflow/example_dags/example_dataset_alias_with_no_taskflow.py for tasks to queue
[2026-04-15T02:56:08.034+0000] {logging_mixin.py:190} INFO - [2026-04-15T02:56:08.034+0000] {dagbag.py:588} INFO - Filling up the DagBag from /home/airflow/.local/lib/python3.12/site-packages/airflow/example_dags/example_dataset_alias_with_no_taskflow.py
[2026-04-15T02:56:08.190+0000] {processor.py:925} INFO - DAG(s) 'dataset_s3_bucket_consumer_with_no_taskflow', 'dataset_alias_example_alias_producer_with_no_taskflow', 'dataset_s3_bucket_producer_with_no_taskflow', 'dataset_alias_example_alias_consumer_with_no_taskflow' retrieved from /home/airflow/.local/lib/python3.12/site-packages/airflow/example_dags/example_dataset_alias_with_no_taskflow.py
[2026-04-15T02:56:08.198+0000] {logging_mixin.py:190} INFO - [2026-04-15T02:56:08.197+0000] {dag.py:3239} INFO - Sync 4 DAGs
[2026-04-15T02:56:08.207+0000] {logging_mixin.py:190} INFO - [2026-04-15T02:56:08.207+0000] {dag.py:4180} INFO - Setting next_dagrun for dataset_alias_example_alias_consumer_with_no_taskflow to None, run_after=None
[2026-04-15T02:56:08.208+0000] {logging_mixin.py:190} INFO - [2026-04-15T02:56:08.208+0000] {dag.py:4180} INFO - Setting next_dagrun for dataset_alias_example_alias_producer_with_no_taskflow to None, run_after=None
[2026-04-15T02:56:08.208+0000] {logging_mixin.py:190} INFO - [2026-04-15T02:56:08.208+0000] {dag.py:4180} INFO - Setting next_dagrun for dataset_s3_bucket_consumer_with_no_taskflow to None, run_after=None
[2026-04-15T02:56:08.208+0000] {logging_mixin.py:190} INFO - [2026-04-15T02:56:08.208+0000] {dag.py:4180} INFO - Setting next_dagrun for dataset_s3_bucket_producer_with_no_taskflow to None, run_after=None
[2026-04-15T02:56:08.215+0000] {processor.py:208} INFO - Processing /home/airflow/.local/lib/python3.12/site-packages/airflow/example_dags/example_dataset_alias_with_no_taskflow.py took 0.185 seconds
[2026-04-15T02:56:38.958+0000] {processor.py:186} INFO - Started process (PID=40637) to work on /home/airflow/.local/lib/python3.12/site-packages/airflow/example_dags/example_dataset_alias_with_no_taskflow.py
[2026-04-15T02:56:38.960+0000] {processor.py:914} INFO - Processing file /home/airflow/.local/lib/python3.12/site-packages/airflow/example_dags/example_dataset_alias_with_no_taskflow.py for tasks to queue
[2026-04-15T02:56:38.962+0000] {logging_mixin.py:190} INFO - [2026-04-15T02:56:38.962+0000] {dagbag.py:588} INFO - Filling up the DagBag from /home/airflow/.local/lib/python3.12/site-packages/airflow/example_dags/example_dataset_alias_with_no_taskflow.py
[2026-04-15T02:56:39.100+0000] {processor.py:925} INFO - DAG(s) 'dataset_alias_example_alias_producer_with_no_taskflow', 'dataset_s3_bucket_producer_with_no_taskflow', 'dataset_alias_example_alias_consumer_with_no_taskflow', 'dataset_s3_bucket_consumer_with_no_taskflow' retrieved from /home/airflow/.local/lib/python3.12/site-packages/airflow/example_dags/example_dataset_alias_with_no_taskflow.py
[2026-04-15T02:56:39.110+0000] {logging_mixin.py:190} INFO - [2026-04-15T02:56:39.110+0000] {dag.py:3239} INFO - Sync 4 DAGs
[2026-04-15T02:56:39.117+0000] {logging_mixin.py:190} INFO - [2026-04-15T02:56:39.117+0000] {dag.py:4180} INFO - Setting next_dagrun for dataset_alias_example_alias_consumer_with_no_taskflow to None, run_after=None
[2026-04-15T02:56:39.118+0000] {logging_mixin.py:190} INFO - [2026-04-15T02:56:39.118+0000] {dag.py:4180} INFO - Setting next_dagrun for dataset_alias_example_alias_producer_with_no_taskflow to None, run_after=None
[2026-04-15T02:56:39.118+0000] {logging_mixin.py:190} INFO - [2026-04-15T02:56:39.118+0000] {dag.py:4180} INFO - Setting next_dagrun for dataset_s3_bucket_consumer_with_no_taskflow to None, run_after=None
[2026-04-15T02:56:39.119+0000] {logging_mixin.py:190} INFO - [2026-04-15T02:56:39.119+0000] {dag.py:4180} INFO - Setting next_dagrun for dataset_s3_bucket_producer_with_no_taskflow to None, run_after=None
[2026-04-15T02:56:39.128+0000] {processor.py:208} INFO - Processing /home/airflow/.local/lib/python3.12/site-packages/airflow/example_dags/example_dataset_alias_with_no_taskflow.py took 0.176 seconds
[2026-04-15T02:57:10.019+0000] {processor.py:186} INFO - Started process (PID=40701) to work on /home/airflow/.local/lib/python3.12/site-packages/airflow/example_dags/example_dataset_alias_with_no_taskflow.py
[2026-04-15T02:57:10.020+0000] {processor.py:914} INFO - Processing file /home/airflow/.local/lib/python3.12/site-packages/airflow/example_dags/example_dataset_alias_with_no_taskflow.py for tasks to queue
[2026-04-15T02:57:10.021+0000] {logging_mixin.py:190} INFO - [2026-04-15T02:57:10.021+0000] {dagbag.py:588} INFO - Filling up the DagBag from /home/airflow/.local/lib/python3.12/site-packages/airflow/example_dags/example_dataset_alias_with_no_taskflow.py
[2026-04-15T02:57:10.200+0000] {processor.py:925} INFO - DAG(s) 'dataset_s3_bucket_consumer_with_no_taskflow', 'dataset_s3_bucket_producer_with_no_taskflow', 'dataset_alias_example_alias_consumer_with_no_taskflow', 'dataset_alias_example_alias_producer_with_no_taskflow' retrieved from /home/airflow/.local/lib/python3.12/site-packages/airflow/example_dags/example_dataset_alias_with_no_taskflow.py
[2026-04-15T02:57:10.213+0000] {logging_mixin.py:190} INFO - [2026-04-15T02:57:10.213+0000] {dag.py:3239} INFO - Sync 4 DAGs
[2026-04-15T02:57:10.222+0000] {logging_mixin.py:190} INFO - [2026-04-15T02:57:10.222+0000] {dag.py:4180} INFO - Setting next_dagrun for dataset_alias_example_alias_consumer_with_no_taskflow to None, run_after=None
[2026-04-15T02:57:10.224+0000] {logging_mixin.py:190} INFO - [2026-04-15T02:57:10.224+0000] {dag.py:4180} INFO - Setting next_dagrun for dataset_alias_example_alias_producer_with_no_taskflow to None, run_after=None
[2026-04-15T02:57:10.225+0000] {logging_mixin.py:190} INFO - [2026-04-15T02:57:10.225+0000] {dag.py:4180} INFO - Setting next_dagrun for dataset_s3_bucket_consumer_with_no_taskflow to None, run_after=None
[2026-04-15T02:57:10.225+0000] {logging_mixin.py:190} INFO - [2026-04-15T02:57:10.225+0000] {dag.py:4180} INFO - Setting next_dagrun for dataset_s3_bucket_producer_with_no_taskflow to None, run_after=None
[2026-04-15T02:57:10.234+0000] {processor.py:208} INFO - Processing /home/airflow/.local/lib/python3.12/site-packages/airflow/example_dags/example_dataset_alias_with_no_taskflow.py took 0.219 seconds
[2026-04-15T02:57:41.114+0000] {processor.py:186} INFO - Started process (PID=40765) to work on /home/airflow/.local/lib/python3.12/site-packages/airflow/example_dags/example_dataset_alias_with_no_taskflow.py
[2026-04-15T02:57:41.116+0000] {processor.py:914} INFO - Processing file /home/airflow/.local/lib/python3.12/site-packages/airflow/example_dags/example_dataset_alias_with_no_taskflow.py for tasks to queue
[2026-04-15T02:57:41.117+0000] {logging_mixin.py:190} INFO - [2026-04-15T02:57:41.116+0000] {dagbag.py:588} INFO - Filling up the DagBag from /home/airflow/.local/lib/python3.12/site-packages/airflow/example_dags/example_dataset_alias_with_no_taskflow.py
[2026-04-15T02:57:41.248+0000] {processor.py:925} INFO - DAG(s) 'dataset_s3_bucket_consumer_with_no_taskflow', 'dataset_alias_example_alias_consumer_with_no_taskflow', 'dataset_s3_bucket_producer_with_no_taskflow', 'dataset_alias_example_alias_producer_with_no_taskflow' retrieved from /home/airflow/.local/lib/python3.12/site-packages/airflow/example_dags/example_dataset_alias_with_no_taskflow.py
[2026-04-15T02:57:41.258+0000] {logging_mixin.py:190} INFO - [2026-04-15T02:57:41.258+0000] {dag.py:3239} INFO - Sync 4 DAGs
[2026-04-15T02:57:41.268+0000] {logging_mixin.py:190} INFO - [2026-04-15T02:57:41.268+0000] {dag.py:4180} INFO - Setting next_dagrun for dataset_alias_example_alias_consumer_with_no_taskflow to None, run_after=None
[2026-04-15T02:57:41.269+0000] {logging_mixin.py:190} INFO - [2026-04-15T02:57:41.269+0000] {dag.py:4180} INFO - Setting next_dagrun for dataset_alias_example_alias_producer_with_no_taskflow to None, run_after=None
[2026-04-15T02:57:41.269+0000] {logging_mixin.py:190} INFO - [2026-04-15T02:57:41.269+0000] {dag.py:4180} INFO - Setting next_dagrun for dataset_s3_bucket_consumer_with_no_taskflow to None, run_after=None
[2026-04-15T02:57:41.269+0000] {logging_mixin.py:190} INFO - [2026-04-15T02:57:41.269+0000] {dag.py:4180} INFO - Setting next_dagrun for dataset_s3_bucket_producer_with_no_taskflow to None, run_after=None
[2026-04-15T02:57:41.279+0000] {processor.py:208} INFO - Processing /home/airflow/.local/lib/python3.12/site-packages/airflow/example_dags/example_dataset_alias_with_no_taskflow.py took 0.168 seconds
[2026-04-15T02:58:12.230+0000] {processor.py:186} INFO - Started process (PID=40829) to work on /home/airflow/.local/lib/python3.12/site-packages/airflow/example_dags/example_dataset_alias_with_no_taskflow.py
[2026-04-15T02:58:12.232+0000] {processor.py:914} INFO - Processing file /home/airflow/.local/lib/python3.12/site-packages/airflow/example_dags/example_dataset_alias_with_no_taskflow.py for tasks to queue
[2026-04-15T02:58:12.237+0000] {logging_mixin.py:190} INFO - [2026-04-15T02:58:12.237+0000] {dagbag.py:588} INFO - Filling up the DagBag from /home/airflow/.local/lib/python3.12/site-packages/airflow/example_dags/example_dataset_alias_with_no_taskflow.py
[2026-04-15T02:58:12.455+0000] {processor.py:925} INFO - DAG(s) 'dataset_alias_example_alias_consumer_with_no_taskflow', 'dataset_s3_bucket_consumer_with_no_taskflow', 'dataset_s3_bucket_producer_with_no_taskflow', 'dataset_alias_example_alias_producer_with_no_taskflow' retrieved from /home/airflow/.local/lib/python3.12/site-packages/airflow/example_dags/example_dataset_alias_with_no_taskflow.py
[2026-04-15T02:58:12.469+0000] {logging_mixin.py:190} INFO - [2026-04-15T02:58:12.469+0000] {dag.py:3239} INFO - Sync 4 DAGs
[2026-04-15T02:58:12.487+0000] {logging_mixin.py:190} INFO - [2026-04-15T02:58:12.487+0000] {dag.py:4180} INFO - Setting next_dagrun for dataset_alias_example_alias_consumer_with_no_taskflow to None, run_after=None
[2026-04-15T02:58:12.488+0000] {logging_mixin.py:190} INFO - [2026-04-15T02:58:12.488+0000] {dag.py:4180} INFO - Setting next_dagrun for dataset_alias_example_alias_producer_with_no_taskflow to None, run_after=None
[2026-04-15T02:58:12.490+0000] {logging_mixin.py:190} INFO - [2026-04-15T02:58:12.490+0000] {dag.py:4180} INFO - Setting next_dagrun for dataset_s3_bucket_consumer_with_no_taskflow to None, run_after=None
[2026-04-15T02:58:12.490+0000] {logging_mixin.py:190} INFO - [2026-04-15T02:58:12.490+0000] {dag.py:4180} INFO - Setting next_dagrun for dataset_s3_bucket_producer_with_no_taskflow to None, run_after=None
[2026-04-15T02:58:12.504+0000] {processor.py:208} INFO - Processing /home/airflow/.local/lib/python3.12/site-packages/airflow/example_dags/example_dataset_alias_with_no_taskflow.py took 0.277 seconds
[2026-04-15T02:58:43.443+0000] {processor.py:186} INFO - Started process (PID=40894) to work on /home/airflow/.local/lib/python3.12/site-packages/airflow/example_dags/example_dataset_alias_with_no_taskflow.py
[2026-04-15T02:58:43.446+0000] {processor.py:914} INFO - Processing file /home/airflow/.local/lib/python3.12/site-packages/airflow/example_dags/example_dataset_alias_with_no_taskflow.py for tasks to queue
[2026-04-15T02:58:43.447+0000] {logging_mixin.py:190} INFO - [2026-04-15T02:58:43.446+0000] {dagbag.py:588} INFO - Filling up the DagBag from /home/airflow/.local/lib/python3.12/site-packages/airflow/example_dags/example_dataset_alias_with_no_taskflow.py
[2026-04-15T02:58:43.604+0000] {processor.py:925} INFO - DAG(s) 'dataset_s3_bucket_consumer_with_no_taskflow', 'dataset_s3_bucket_producer_with_no_taskflow', 'dataset_alias_example_alias_consumer_with_no_taskflow', 'dataset_alias_example_alias_producer_with_no_taskflow' retrieved from /home/airflow/.local/lib/python3.12/site-packages/airflow/example_dags/example_dataset_alias_with_no_taskflow.py
[2026-04-15T02:58:43.615+0000] {logging_mixin.py:190} INFO - [2026-04-15T02:58:43.615+0000] {dag.py:3239} INFO - Sync 4 DAGs
[2026-04-15T02:58:43.624+0000] {logging_mixin.py:190} INFO - [2026-04-15T02:58:43.624+0000] {dag.py:4180} INFO - Setting next_dagrun for dataset_alias_example_alias_consumer_with_no_taskflow to None, run_after=None
[2026-04-15T02:58:43.628+0000] {logging_mixin.py:190} INFO - [2026-04-15T02:58:43.628+0000] {dag.py:4180} INFO - Setting next_dagrun for dataset_alias_example_alias_producer_with_no_taskflow to None, run_after=None
[2026-04-15T02:58:43.629+0000] {logging_mixin.py:190} INFO - [2026-04-15T02:58:43.629+0000] {dag.py:4180} INFO - Setting next_dagrun for dataset_s3_bucket_consumer_with_no_taskflow to None, run_after=None
[2026-04-15T02:58:43.632+0000] {logging_mixin.py:190} INFO - [2026-04-15T02:58:43.632+0000] {dag.py:4180} INFO - Setting next_dagrun for dataset_s3_bucket_producer_with_no_taskflow to None, run_after=None
[2026-04-15T02:58:43.641+0000] {processor.py:208} INFO - Processing /home/airflow/.local/lib/python3.12/site-packages/airflow/example_dags/example_dataset_alias_with_no_taskflow.py took 0.200 seconds
[2026-04-15T02:59:14.628+0000] {processor.py:186} INFO - Started process (PID=40963) to work on /home/airflow/.local/lib/python3.12/site-packages/airflow/example_dags/example_dataset_alias_with_no_taskflow.py
[2026-04-15T02:59:14.630+0000] {processor.py:914} INFO - Processing file /home/airflow/.local/lib/python3.12/site-packages/airflow/example_dags/example_dataset_alias_with_no_taskflow.py for tasks to queue
[2026-04-15T02:59:14.630+0000] {logging_mixin.py:190} INFO - [2026-04-15T02:59:14.630+0000] {dagbag.py:588} INFO - Filling up the DagBag from /home/airflow/.local/lib/python3.12/site-packages/airflow/example_dags/example_dataset_alias_with_no_taskflow.py
[2026-04-15T02:59:14.847+0000] {processor.py:925} INFO - DAG(s) 'dataset_alias_example_alias_consumer_with_no_taskflow', 'dataset_s3_bucket_consumer_with_no_taskflow', 'dataset_alias_example_alias_producer_with_no_taskflow', 'dataset_s3_bucket_producer_with_no_taskflow' retrieved from /home/airflow/.local/lib/python3.12/site-packages/airflow/example_dags/example_dataset_alias_with_no_taskflow.py
[2026-04-15T02:59:14.859+0000] {logging_mixin.py:190} INFO - [2026-04-15T02:59:14.859+0000] {dag.py:3239} INFO - Sync 4 DAGs
[2026-04-15T02:59:14.871+0000] {logging_mixin.py:190} INFO - [2026-04-15T02:59:14.871+0000] {dag.py:4180} INFO - Setting next_dagrun for dataset_alias_example_alias_consumer_with_no_taskflow to None, run_after=None
[2026-04-15T02:59:14.872+0000] {logging_mixin.py:190} INFO - [2026-04-15T02:59:14.872+0000] {dag.py:4180} INFO - Setting next_dagrun for dataset_alias_example_alias_producer_with_no_taskflow to None, run_after=None
[2026-04-15T02:59:14.874+0000] {logging_mixin.py:190} INFO - [2026-04-15T02:59:14.874+0000] {dag.py:4180} INFO - Setting next_dagrun for dataset_s3_bucket_consumer_with_no_taskflow to None, run_after=None
[2026-04-15T02:59:14.876+0000] {logging_mixin.py:190} INFO - [2026-04-15T02:59:14.876+0000] {dag.py:4180} INFO - Setting next_dagrun for dataset_s3_bucket_producer_with_no_taskflow to None, run_after=None
[2026-04-15T02:59:14.885+0000] {processor.py:208} INFO - Processing /home/airflow/.local/lib/python3.12/site-packages/airflow/example_dags/example_dataset_alias_with_no_taskflow.py took 0.260 seconds
[2026-04-15T02:59:45.910+0000] {processor.py:186} INFO - Started process (PID=41027) to work on /home/airflow/.local/lib/python3.12/site-packages/airflow/example_dags/example_dataset_alias_with_no_taskflow.py
[2026-04-15T02:59:45.911+0000] {processor.py:914} INFO - Processing file /home/airflow/.local/lib/python3.12/site-packages/airflow/example_dags/example_dataset_alias_with_no_taskflow.py for tasks to queue
[2026-04-15T02:59:45.912+0000] {logging_mixin.py:190} INFO - [2026-04-15T02:59:45.912+0000] {dagbag.py:588} INFO - Filling up the DagBag from /home/airflow/.local/lib/python3.12/site-packages/airflow/example_dags/example_dataset_alias_with_no_taskflow.py
[2026-04-15T02:59:46.221+0000] {processor.py:925} INFO - DAG(s) 'dataset_alias_example_alias_producer_with_no_taskflow', 'dataset_alias_example_alias_consumer_with_no_taskflow', 'dataset_s3_bucket_producer_with_no_taskflow', 'dataset_s3_bucket_consumer_with_no_taskflow' retrieved from /home/airflow/.local/lib/python3.12/site-packages/airflow/example_dags/example_dataset_alias_with_no_taskflow.py
[2026-04-15T02:59:46.234+0000] {logging_mixin.py:190} INFO - [2026-04-15T02:59:46.234+0000] {dag.py:3239} INFO - Sync 4 DAGs
[2026-04-15T02:59:46.252+0000] {logging_mixin.py:190} INFO - [2026-04-15T02:59:46.252+0000] {dag.py:4180} INFO - Setting next_dagrun for dataset_alias_example_alias_consumer_with_no_taskflow to None, run_after=None
[2026-04-15T02:59:46.254+0000] {logging_mixin.py:190} INFO - [2026-04-15T02:59:46.253+0000] {dag.py:4180} INFO - Setting next_dagrun for dataset_alias_example_alias_producer_with_no_taskflow to None, run_after=None
[2026-04-15T02:59:46.254+0000] {logging_mixin.py:190} INFO - [2026-04-15T02:59:46.254+0000] {dag.py:4180} INFO - Setting next_dagrun for dataset_s3_bucket_consumer_with_no_taskflow to None, run_after=None
[2026-04-15T02:59:46.255+0000] {logging_mixin.py:190} INFO - [2026-04-15T02:59:46.255+0000] {dag.py:4180} INFO - Setting next_dagrun for dataset_s3_bucket_producer_with_no_taskflow to None, run_after=None
[2026-04-15T02:59:46.268+0000] {processor.py:208} INFO - Processing /home/airflow/.local/lib/python3.12/site-packages/airflow/example_dags/example_dataset_alias_with_no_taskflow.py took 0.362 seconds
[2026-04-15T03:00:16.424+0000] {processor.py:186} INFO - Started process (PID=41091) to work on /home/airflow/.local/lib/python3.12/site-packages/airflow/example_dags/example_dataset_alias_with_no_taskflow.py
[2026-04-15T03:00:16.426+0000] {processor.py:914} INFO - Processing file /home/airflow/.local/lib/python3.12/site-packages/airflow/example_dags/example_dataset_alias_with_no_taskflow.py for tasks to queue
[2026-04-15T03:00:16.427+0000] {logging_mixin.py:190} INFO - [2026-04-15T03:00:16.427+0000] {dagbag.py:588} INFO - Filling up the DagBag from /home/airflow/.local/lib/python3.12/site-packages/airflow/example_dags/example_dataset_alias_with_no_taskflow.py
[2026-04-15T03:00:16.697+0000] {processor.py:925} INFO - DAG(s) 'dataset_s3_bucket_producer_with_no_taskflow', 'dataset_s3_bucket_consumer_with_no_taskflow', 'dataset_alias_example_alias_producer_with_no_taskflow', 'dataset_alias_example_alias_consumer_with_no_taskflow' retrieved from /home/airflow/.local/lib/python3.12/site-packages/airflow/example_dags/example_dataset_alias_with_no_taskflow.py
[2026-04-15T03:00:16.709+0000] {logging_mixin.py:190} INFO - [2026-04-15T03:00:16.708+0000] {dag.py:3239} INFO - Sync 4 DAGs
[2026-04-15T03:00:16.725+0000] {logging_mixin.py:190} INFO - [2026-04-15T03:00:16.725+0000] {dag.py:4180} INFO - Setting next_dagrun for dataset_alias_example_alias_consumer_with_no_taskflow to None, run_after=None
[2026-04-15T03:00:16.727+0000] {logging_mixin.py:190} INFO - [2026-04-15T03:00:16.727+0000] {dag.py:4180} INFO - Setting next_dagrun for dataset_alias_example_alias_producer_with_no_taskflow to None, run_after=None
[2026-04-15T03:00:16.728+0000] {logging_mixin.py:190} INFO - [2026-04-15T03:00:16.728+0000] {dag.py:4180} INFO - Setting next_dagrun for dataset_s3_bucket_consumer_with_no_taskflow to None, run_after=None
[2026-04-15T03:00:16.730+0000] {logging_mixin.py:190} INFO - [2026-04-15T03:00:16.730+0000] {dag.py:4180} INFO - Setting next_dagrun for dataset_s3_bucket_producer_with_no_taskflow to None, run_after=None
[2026-04-15T03:00:16.742+0000] {processor.py:208} INFO - Processing /home/airflow/.local/lib/python3.12/site-packages/airflow/example_dags/example_dataset_alias_with_no_taskflow.py took 0.325 seconds
[2026-04-15T03:00:47.507+0000] {processor.py:186} INFO - Started process (PID=41155) to work on /home/airflow/.local/lib/python3.12/site-packages/airflow/example_dags/example_dataset_alias_with_no_taskflow.py
[2026-04-15T03:00:47.509+0000] {processor.py:914} INFO - Processing file /home/airflow/.local/lib/python3.12/site-packages/airflow/example_dags/example_dataset_alias_with_no_taskflow.py for tasks to queue
[2026-04-15T03:00:47.509+0000] {logging_mixin.py:190} INFO - [2026-04-15T03:00:47.509+0000] {dagbag.py:588} INFO - Filling up the DagBag from /home/airflow/.local/lib/python3.12/site-packages/airflow/example_dags/example_dataset_alias_with_no_taskflow.py
[2026-04-15T03:00:47.746+0000] {processor.py:925} INFO - DAG(s) 'dataset_alias_example_alias_producer_with_no_taskflow', 'dataset_alias_example_alias_consumer_with_no_taskflow', 'dataset_s3_bucket_producer_with_no_taskflow', 'dataset_s3_bucket_consumer_with_no_taskflow' retrieved from /home/airflow/.local/lib/python3.12/site-packages/airflow/example_dags/example_dataset_alias_with_no_taskflow.py
[2026-04-15T03:00:47.763+0000] {logging_mixin.py:190} INFO - [2026-04-15T03:00:47.763+0000] {dag.py:3239} INFO - Sync 4 DAGs
[2026-04-15T03:00:47.777+0000] {logging_mixin.py:190} INFO - [2026-04-15T03:00:47.777+0000] {dag.py:4180} INFO - Setting next_dagrun for dataset_alias_example_alias_consumer_with_no_taskflow to None, run_after=None
[2026-04-15T03:00:47.778+0000] {logging_mixin.py:190} INFO - [2026-04-15T03:00:47.778+0000] {dag.py:4180} INFO - Setting next_dagrun for dataset_alias_example_alias_producer_with_no_taskflow to None, run_after=None
[2026-04-15T03:00:47.779+0000] {logging_mixin.py:190} INFO - [2026-04-15T03:00:47.779+0000] {dag.py:4180} INFO - Setting next_dagrun for dataset_s3_bucket_consumer_with_no_taskflow to None, run_after=None
[2026-04-15T03:00:47.779+0000] {logging_mixin.py:190} INFO - [2026-04-15T03:00:47.779+0000] {dag.py:4180} INFO - Setting next_dagrun for dataset_s3_bucket_producer_with_no_taskflow to None, run_after=None
[2026-04-15T03:00:47.789+0000] {processor.py:208} INFO - Processing /home/airflow/.local/lib/python3.12/site-packages/airflow/example_dags/example_dataset_alias_with_no_taskflow.py took 0.286 seconds
[2026-04-15T03:01:17.909+0000] {processor.py:186} INFO - Started process (PID=41219) to work on /home/airflow/.local/lib/python3.12/site-packages/airflow/example_dags/example_dataset_alias_with_no_taskflow.py
[2026-04-15T03:01:17.914+0000] {processor.py:914} INFO - Processing file /home/airflow/.local/lib/python3.12/site-packages/airflow/example_dags/example_dataset_alias_with_no_taskflow.py for tasks to queue
[2026-04-15T03:01:17.915+0000] {logging_mixin.py:190} INFO - [2026-04-15T03:01:17.915+0000] {dagbag.py:588} INFO - Filling up the DagBag from /home/airflow/.local/lib/python3.12/site-packages/airflow/example_dags/example_dataset_alias_with_no_taskflow.py
[2026-04-15T03:01:18.128+0000] {processor.py:925} INFO - DAG(s) 'dataset_s3_bucket_producer_with_no_taskflow', 'dataset_alias_example_alias_consumer_with_no_taskflow', 'dataset_s3_bucket_consumer_with_no_taskflow', 'dataset_alias_example_alias_producer_with_no_taskflow' retrieved from /home/airflow/.local/lib/python3.12/site-packages/airflow/example_dags/example_dataset_alias_with_no_taskflow.py
[2026-04-15T03:01:18.139+0000] {logging_mixin.py:190} INFO - [2026-04-15T03:01:18.139+0000] {dag.py:3239} INFO - Sync 4 DAGs
[2026-04-15T03:01:18.147+0000] {logging_mixin.py:190} INFO - [2026-04-15T03:01:18.147+0000] {dag.py:4180} INFO - Setting next_dagrun for dataset_alias_example_alias_consumer_with_no_taskflow to None, run_after=None
[2026-04-15T03:01:18.149+0000] {logging_mixin.py:190} INFO - [2026-04-15T03:01:18.149+0000] {dag.py:4180} INFO - Setting next_dagrun for dataset_alias_example_alias_producer_with_no_taskflow to None, run_after=None
[2026-04-15T03:01:18.150+0000] {logging_mixin.py:190} INFO - [2026-04-15T03:01:18.150+0000] {dag.py:4180} INFO - Setting next_dagrun for dataset_s3_bucket_consumer_with_no_taskflow to None, run_after=None
[2026-04-15T03:01:18.150+0000] {logging_mixin.py:190} INFO - [2026-04-15T03:01:18.150+0000] {dag.py:4180} INFO - Setting next_dagrun for dataset_s3_bucket_producer_with_no_taskflow to None, run_after=None
[2026-04-15T03:01:18.162+0000] {processor.py:208} INFO - Processing /home/airflow/.local/lib/python3.12/site-packages/airflow/example_dags/example_dataset_alias_with_no_taskflow.py took 0.259 seconds
[2026-04-15T03:01:49.194+0000] {processor.py:186} INFO - Started process (PID=41283) to work on /home/airflow/.local/lib/python3.12/site-packages/airflow/example_dags/example_dataset_alias_with_no_taskflow.py
[2026-04-15T03:01:49.196+0000] {processor.py:914} INFO - Processing file /home/airflow/.local/lib/python3.12/site-packages/airflow/example_dags/example_dataset_alias_with_no_taskflow.py for tasks to queue
[2026-04-15T03:01:49.198+0000] {logging_mixin.py:190} INFO - [2026-04-15T03:01:49.198+0000] {dagbag.py:588} INFO - Filling up the DagBag from /home/airflow/.local/lib/python3.12/site-packages/airflow/example_dags/example_dataset_alias_with_no_taskflow.py
[2026-04-15T03:01:49.391+0000] {processor.py:925} INFO - DAG(s) 'dataset_s3_bucket_producer_with_no_taskflow', 'dataset_alias_example_alias_consumer_with_no_taskflow', 'dataset_alias_example_alias_producer_with_no_taskflow', 'dataset_s3_bucket_consumer_with_no_taskflow' retrieved from /home/airflow/.local/lib/python3.12/site-packages/airflow/example_dags/example_dataset_alias_with_no_taskflow.py
[2026-04-15T03:01:49.403+0000] {logging_mixin.py:190} INFO - [2026-04-15T03:01:49.403+0000] {dag.py:3239} INFO - Sync 4 DAGs
[2026-04-15T03:01:49.416+0000] {logging_mixin.py:190} INFO - [2026-04-15T03:01:49.416+0000] {dag.py:4180} INFO - Setting next_dagrun for dataset_alias_example_alias_consumer_with_no_taskflow to None, run_after=None
[2026-04-15T03:01:49.418+0000] {logging_mixin.py:190} INFO - [2026-04-15T03:01:49.418+0000] {dag.py:4180} INFO - Setting next_dagrun for dataset_alias_example_alias_producer_with_no_taskflow to None, run_after=None
[2026-04-15T03:01:49.419+0000] {logging_mixin.py:190} INFO - [2026-04-15T03:01:49.419+0000] {dag.py:4180} INFO - Setting next_dagrun for dataset_s3_bucket_consumer_with_no_taskflow to None, run_after=None
[2026-04-15T03:01:49.421+0000] {logging_mixin.py:190} INFO - [2026-04-15T03:01:49.420+0000] {dag.py:4180} INFO - Setting next_dagrun for dataset_s3_bucket_producer_with_no_taskflow to None, run_after=None
[2026-04-15T03:01:49.437+0000] {processor.py:208} INFO - Processing /home/airflow/.local/lib/python3.12/site-packages/airflow/example_dags/example_dataset_alias_with_no_taskflow.py took 0.248 seconds
[2026-04-15T03:02:20.441+0000] {processor.py:186} INFO - Started process (PID=41347) to work on /home/airflow/.local/lib/python3.12/site-packages/airflow/example_dags/example_dataset_alias_with_no_taskflow.py
[2026-04-15T03:02:20.443+0000] {processor.py:914} INFO - Processing file /home/airflow/.local/lib/python3.12/site-packages/airflow/example_dags/example_dataset_alias_with_no_taskflow.py for tasks to queue
[2026-04-15T03:02:20.445+0000] {logging_mixin.py:190} INFO - [2026-04-15T03:02:20.445+0000] {dagbag.py:588} INFO - Filling up the DagBag from /home/airflow/.local/lib/python3.12/site-packages/airflow/example_dags/example_dataset_alias_with_no_taskflow.py
[2026-04-15T03:02:20.636+0000] {processor.py:925} INFO - DAG(s) 'dataset_alias_example_alias_consumer_with_no_taskflow', 'dataset_alias_example_alias_producer_with_no_taskflow', 'dataset_s3_bucket_consumer_with_no_taskflow', 'dataset_s3_bucket_producer_with_no_taskflow' retrieved from /home/airflow/.local/lib/python3.12/site-packages/airflow/example_dags/example_dataset_alias_with_no_taskflow.py
[2026-04-15T03:02:20.647+0000] {logging_mixin.py:190} INFO - [2026-04-15T03:02:20.646+0000] {dag.py:3239} INFO - Sync 4 DAGs
[2026-04-15T03:02:20.656+0000] {logging_mixin.py:190} INFO - [2026-04-15T03:02:20.656+0000] {dag.py:4180} INFO - Setting next_dagrun for dataset_alias_example_alias_consumer_with_no_taskflow to None, run_after=None
[2026-04-15T03:02:20.659+0000] {logging_mixin.py:190} INFO - [2026-04-15T03:02:20.659+0000] {dag.py:4180} INFO - Setting next_dagrun for dataset_alias_example_alias_producer_with_no_taskflow to None, run_after=None
[2026-04-15T03:02:20.661+0000] {logging_mixin.py:190} INFO - [2026-04-15T03:02:20.661+0000] {dag.py:4180} INFO - Setting next_dagrun for dataset_s3_bucket_consumer_with_no_taskflow to None, run_after=None
[2026-04-15T03:02:20.662+0000] {logging_mixin.py:190} INFO - [2026-04-15T03:02:20.662+0000] {dag.py:4180} INFO - Setting next_dagrun for dataset_s3_bucket_producer_with_no_taskflow to None, run_after=None
[2026-04-15T03:02:20.672+0000] {processor.py:208} INFO - Processing /home/airflow/.local/lib/python3.12/site-packages/airflow/example_dags/example_dataset_alias_with_no_taskflow.py took 0.236 seconds
[2026-04-15T03:02:51.579+0000] {processor.py:186} INFO - Started process (PID=41411) to work on /home/airflow/.local/lib/python3.12/site-packages/airflow/example_dags/example_dataset_alias_with_no_taskflow.py
[2026-04-15T03:02:51.580+0000] {processor.py:914} INFO - Processing file /home/airflow/.local/lib/python3.12/site-packages/airflow/example_dags/example_dataset_alias_with_no_taskflow.py for tasks to queue
[2026-04-15T03:02:51.582+0000] {logging_mixin.py:190} INFO - [2026-04-15T03:02:51.581+0000] {dagbag.py:588} INFO - Filling up the DagBag from /home/airflow/.local/lib/python3.12/site-packages/airflow/example_dags/example_dataset_alias_with_no_taskflow.py
[2026-04-15T03:02:51.764+0000] {processor.py:925} INFO - DAG(s) 'dataset_s3_bucket_consumer_with_no_taskflow', 'dataset_alias_example_alias_consumer_with_no_taskflow', 'dataset_s3_bucket_producer_with_no_taskflow', 'dataset_alias_example_alias_producer_with_no_taskflow' retrieved from /home/airflow/.local/lib/python3.12/site-packages/airflow/example_dags/example_dataset_alias_with_no_taskflow.py
[2026-04-15T03:02:51.774+0000] {logging_mixin.py:190} INFO - [2026-04-15T03:02:51.774+0000] {dag.py:3239} INFO - Sync 4 DAGs
[2026-04-15T03:02:51.786+0000] {logging_mixin.py:190} INFO - [2026-04-15T03:02:51.785+0000] {dag.py:4180} INFO - Setting next_dagrun for dataset_alias_example_alias_consumer_with_no_taskflow to None, run_after=None
[2026-04-15T03:02:51.787+0000] {logging_mixin.py:190} INFO - [2026-04-15T03:02:51.787+0000] {dag.py:4180} INFO - Setting next_dagrun for dataset_alias_example_alias_producer_with_no_taskflow to None, run_after=None
[2026-04-15T03:02:51.789+0000] {logging_mixin.py:190} INFO - [2026-04-15T03:02:51.789+0000] {dag.py:4180} INFO - Setting next_dagrun for dataset_s3_bucket_consumer_with_no_taskflow to None, run_after=None
[2026-04-15T03:02:51.789+0000] {logging_mixin.py:190} INFO - [2026-04-15T03:02:51.789+0000] {dag.py:4180} INFO - Setting next_dagrun for dataset_s3_bucket_producer_with_no_taskflow to None, run_after=None
[2026-04-15T03:02:51.799+0000] {processor.py:208} INFO - Processing /home/airflow/.local/lib/python3.12/site-packages/airflow/example_dags/example_dataset_alias_with_no_taskflow.py took 0.226 seconds
[2026-04-15T03:03:22.708+0000] {processor.py:186} INFO - Started process (PID=41475) to work on /home/airflow/.local/lib/python3.12/site-packages/airflow/example_dags/example_dataset_alias_with_no_taskflow.py
[2026-04-15T03:03:22.708+0000] {processor.py:914} INFO - Processing file /home/airflow/.local/lib/python3.12/site-packages/airflow/example_dags/example_dataset_alias_with_no_taskflow.py for tasks to queue
[2026-04-15T03:03:22.709+0000] {logging_mixin.py:190} INFO - [2026-04-15T03:03:22.709+0000] {dagbag.py:588} INFO - Filling up the DagBag from /home/airflow/.local/lib/python3.12/site-packages/airflow/example_dags/example_dataset_alias_with_no_taskflow.py
[2026-04-15T03:03:22.900+0000] {processor.py:925} INFO - DAG(s) 'dataset_alias_example_alias_producer_with_no_taskflow', 'dataset_s3_bucket_consumer_with_no_taskflow', 'dataset_alias_example_alias_consumer_with_no_taskflow', 'dataset_s3_bucket_producer_with_no_taskflow' retrieved from /home/airflow/.local/lib/python3.12/site-packages/airflow/example_dags/example_dataset_alias_with_no_taskflow.py
[2026-04-15T03:03:22.911+0000] {logging_mixin.py:190} INFO - [2026-04-15T03:03:22.911+0000] {dag.py:3239} INFO - Sync 4 DAGs
[2026-04-15T03:03:23.076+0000] {logging_mixin.py:190} INFO - [2026-04-15T03:03:23.076+0000] {dag.py:4180} INFO - Setting next_dagrun for dataset_alias_example_alias_consumer_with_no_taskflow to None, run_after=None
[2026-04-15T03:03:23.078+0000] {logging_mixin.py:190} INFO - [2026-04-15T03:03:23.078+0000] {dag.py:4180} INFO - Setting next_dagrun for dataset_alias_example_alias_producer_with_no_taskflow to None, run_after=None
[2026-04-15T03:03:23.078+0000] {logging_mixin.py:190} INFO - [2026-04-15T03:03:23.078+0000] {dag.py:4180} INFO - Setting next_dagrun for dataset_s3_bucket_consumer_with_no_taskflow to None, run_after=None
[2026-04-15T03:03:23.079+0000] {logging_mixin.py:190} INFO - [2026-04-15T03:03:23.079+0000] {dag.py:4180} INFO - Setting next_dagrun for dataset_s3_bucket_producer_with_no_taskflow to None, run_after=None
[2026-04-15T03:03:23.090+0000] {processor.py:208} INFO - Processing /home/airflow/.local/lib/python3.12/site-packages/airflow/example_dags/example_dataset_alias_with_no_taskflow.py took 0.386 seconds
[2026-04-15T03:03:53.173+0000] {processor.py:186} INFO - Started process (PID=41539) to work on /home/airflow/.local/lib/python3.12/site-packages/airflow/example_dags/example_dataset_alias_with_no_taskflow.py
[2026-04-15T03:03:53.174+0000] {processor.py:914} INFO - Processing file /home/airflow/.local/lib/python3.12/site-packages/airflow/example_dags/example_dataset_alias_with_no_taskflow.py for tasks to queue
[2026-04-15T03:03:53.176+0000] {logging_mixin.py:190} INFO - [2026-04-15T03:03:53.175+0000] {dagbag.py:588} INFO - Filling up the DagBag from /home/airflow/.local/lib/python3.12/site-packages/airflow/example_dags/example_dataset_alias_with_no_taskflow.py
[2026-04-15T03:03:53.464+0000] {processor.py:925} INFO - DAG(s) 'dataset_alias_example_alias_producer_with_no_taskflow', 'dataset_s3_bucket_consumer_with_no_taskflow', 'dataset_alias_example_alias_consumer_with_no_taskflow', 'dataset_s3_bucket_producer_with_no_taskflow' retrieved from /home/airflow/.local/lib/python3.12/site-packages/airflow/example_dags/example_dataset_alias_with_no_taskflow.py
[2026-04-15T03:03:53.474+0000] {logging_mixin.py:190} INFO - [2026-04-15T03:03:53.474+0000] {dag.py:3239} INFO - Sync 4 DAGs
[2026-04-15T03:03:53.653+0000] {logging_mixin.py:190} INFO - [2026-04-15T03:03:53.652+0000] {dag.py:4180} INFO - Setting next_dagrun for dataset_alias_example_alias_consumer_with_no_taskflow to None, run_after=None
[2026-04-15T03:03:53.655+0000] {logging_mixin.py:190} INFO - [2026-04-15T03:03:53.655+0000] {dag.py:4180} INFO - Setting next_dagrun for dataset_alias_example_alias_producer_with_no_taskflow to None, run_after=None
[2026-04-15T03:03:53.655+0000] {logging_mixin.py:190} INFO - [2026-04-15T03:03:53.655+0000] {dag.py:4180} INFO - Setting next_dagrun for dataset_s3_bucket_consumer_with_no_taskflow to None, run_after=None
[2026-04-15T03:03:53.656+0000] {logging_mixin.py:190} INFO - [2026-04-15T03:03:53.656+0000] {dag.py:4180} INFO - Setting next_dagrun for dataset_s3_bucket_producer_with_no_taskflow to None, run_after=None
[2026-04-15T03:03:53.665+0000] {processor.py:208} INFO - Processing /home/airflow/.local/lib/python3.12/site-packages/airflow/example_dags/example_dataset_alias_with_no_taskflow.py took 0.499 seconds
[2026-04-15T03:04:23.938+0000] {processor.py:186} INFO - Started process (PID=41603) to work on /home/airflow/.local/lib/python3.12/site-packages/airflow/example_dags/example_dataset_alias_with_no_taskflow.py
[2026-04-15T03:04:23.939+0000] {processor.py:914} INFO - Processing file /home/airflow/.local/lib/python3.12/site-packages/airflow/example_dags/example_dataset_alias_with_no_taskflow.py for tasks to queue
[2026-04-15T03:04:23.940+0000] {logging_mixin.py:190} INFO - [2026-04-15T03:04:23.940+0000] {dagbag.py:588} INFO - Filling up the DagBag from /home/airflow/.local/lib/python3.12/site-packages/airflow/example_dags/example_dataset_alias_with_no_taskflow.py
[2026-04-15T03:04:24.203+0000] {processor.py:925} INFO - DAG(s) 'dataset_alias_example_alias_consumer_with_no_taskflow', 'dataset_alias_example_alias_producer_with_no_taskflow', 'dataset_s3_bucket_consumer_with_no_taskflow', 'dataset_s3_bucket_producer_with_no_taskflow' retrieved from /home/airflow/.local/lib/python3.12/site-packages/airflow/example_dags/example_dataset_alias_with_no_taskflow.py
[2026-04-15T03:04:24.214+0000] {logging_mixin.py:190} INFO - [2026-04-15T03:04:24.214+0000] {dag.py:3239} INFO - Sync 4 DAGs
[2026-04-15T03:04:24.224+0000] {logging_mixin.py:190} INFO - [2026-04-15T03:04:24.224+0000] {dag.py:4180} INFO - Setting next_dagrun for dataset_alias_example_alias_consumer_with_no_taskflow to None, run_after=None
[2026-04-15T03:04:24.225+0000] {logging_mixin.py:190} INFO - [2026-04-15T03:04:24.225+0000] {dag.py:4180} INFO - Setting next_dagrun for dataset_alias_example_alias_producer_with_no_taskflow to None, run_after=None
[2026-04-15T03:04:24.390+0000] {logging_mixin.py:190} INFO - [2026-04-15T03:04:24.390+0000] {dag.py:4180} INFO - Setting next_dagrun for dataset_s3_bucket_consumer_with_no_taskflow to None, run_after=None
[2026-04-15T03:04:24.395+0000] {logging_mixin.py:190} INFO - [2026-04-15T03:04:24.394+0000] {dag.py:4180} INFO - Setting next_dagrun for dataset_s3_bucket_producer_with_no_taskflow to None, run_after=None
[2026-04-15T03:04:24.419+0000] {processor.py:208} INFO - Processing /home/airflow/.local/lib/python3.12/site-packages/airflow/example_dags/example_dataset_alias_with_no_taskflow.py took 0.485 seconds
[2026-04-15T03:04:54.927+0000] {processor.py:186} INFO - Started process (PID=41667) to work on /home/airflow/.local/lib/python3.12/site-packages/airflow/example_dags/example_dataset_alias_with_no_taskflow.py
[2026-04-15T03:04:54.931+0000] {processor.py:914} INFO - Processing file /home/airflow/.local/lib/python3.12/site-packages/airflow/example_dags/example_dataset_alias_with_no_taskflow.py for tasks to queue
[2026-04-15T03:04:54.932+0000] {logging_mixin.py:190} INFO - [2026-04-15T03:04:54.932+0000] {dagbag.py:588} INFO - Filling up the DagBag from /home/airflow/.local/lib/python3.12/site-packages/airflow/example_dags/example_dataset_alias_with_no_taskflow.py
[2026-04-15T03:04:55.229+0000] {processor.py:925} INFO - DAG(s) 'dataset_alias_example_alias_producer_with_no_taskflow', 'dataset_s3_bucket_consumer_with_no_taskflow', 'dataset_s3_bucket_producer_with_no_taskflow', 'dataset_alias_example_alias_consumer_with_no_taskflow' retrieved from /home/airflow/.local/lib/python3.12/site-packages/airflow/example_dags/example_dataset_alias_with_no_taskflow.py
[2026-04-15T03:04:55.240+0000] {logging_mixin.py:190} INFO - [2026-04-15T03:04:55.240+0000] {dag.py:3239} INFO - Sync 4 DAGs
[2026-04-15T03:04:55.261+0000] {logging_mixin.py:190} INFO - [2026-04-15T03:04:55.261+0000] {dag.py:4180} INFO - Setting next_dagrun for dataset_alias_example_alias_consumer_with_no_taskflow to None, run_after=None
[2026-04-15T03:04:55.262+0000] {logging_mixin.py:190} INFO - [2026-04-15T03:04:55.262+0000] {dag.py:4180} INFO - Setting next_dagrun for dataset_alias_example_alias_producer_with_no_taskflow to None, run_after=None
[2026-04-15T03:04:55.263+0000] {logging_mixin.py:190} INFO - [2026-04-15T03:04:55.263+0000] {dag.py:4180} INFO - Setting next_dagrun for dataset_s3_bucket_consumer_with_no_taskflow to None, run_after=None
[2026-04-15T03:04:55.264+0000] {logging_mixin.py:190} INFO - [2026-04-15T03:04:55.264+0000] {dag.py:4180} INFO - Setting next_dagrun for dataset_s3_bucket_producer_with_no_taskflow to None, run_after=None
[2026-04-15T03:04:55.285+0000] {processor.py:208} INFO - Processing /home/airflow/.local/lib/python3.12/site-packages/airflow/example_dags/example_dataset_alias_with_no_taskflow.py took 0.366 seconds
[2026-04-15T03:05:25.641+0000] {processor.py:186} INFO - Started process (PID=41731) to work on /home/airflow/.local/lib/python3.12/site-packages/airflow/example_dags/example_dataset_alias_with_no_taskflow.py
[2026-04-15T03:05:25.642+0000] {processor.py:914} INFO - Processing file /home/airflow/.local/lib/python3.12/site-packages/airflow/example_dags/example_dataset_alias_with_no_taskflow.py for tasks to queue
[2026-04-15T03:05:25.643+0000] {logging_mixin.py:190} INFO - [2026-04-15T03:05:25.643+0000] {dagbag.py:588} INFO - Filling up the DagBag from /home/airflow/.local/lib/python3.12/site-packages/airflow/example_dags/example_dataset_alias_with_no_taskflow.py
[2026-04-15T03:05:25.928+0000] {processor.py:925} INFO - DAG(s) 'dataset_alias_example_alias_producer_with_no_taskflow', 'dataset_s3_bucket_consumer_with_no_taskflow', 'dataset_alias_example_alias_consumer_with_no_taskflow', 'dataset_s3_bucket_producer_with_no_taskflow' retrieved from /home/airflow/.local/lib/python3.12/site-packages/airflow/example_dags/example_dataset_alias_with_no_taskflow.py
[2026-04-15T03:05:26.078+0000] {logging_mixin.py:190} INFO - [2026-04-15T03:05:26.078+0000] {dag.py:3239} INFO - Sync 4 DAGs
[2026-04-15T03:05:26.088+0000] {logging_mixin.py:190} INFO - [2026-04-15T03:05:26.087+0000] {dag.py:4180} INFO - Setting next_dagrun for dataset_alias_example_alias_consumer_with_no_taskflow to None, run_after=None
[2026-04-15T03:05:26.090+0000] {logging_mixin.py:190} INFO - [2026-04-15T03:05:26.090+0000] {dag.py:4180} INFO - Setting next_dagrun for dataset_alias_example_alias_producer_with_no_taskflow to None, run_after=None
[2026-04-15T03:05:26.090+0000] {logging_mixin.py:190} INFO - [2026-04-15T03:05:26.090+0000] {dag.py:4180} INFO - Setting next_dagrun for dataset_s3_bucket_consumer_with_no_taskflow to None, run_after=None
[2026-04-15T03:05:26.091+0000] {logging_mixin.py:190} INFO - [2026-04-15T03:05:26.091+0000] {dag.py:4180} INFO - Setting next_dagrun for dataset_s3_bucket_producer_with_no_taskflow to None, run_after=None
[2026-04-15T03:05:26.100+0000] {processor.py:208} INFO - Processing /home/airflow/.local/lib/python3.12/site-packages/airflow/example_dags/example_dataset_alias_with_no_taskflow.py took 0.465 seconds
[2026-04-15T03:05:56.444+0000] {processor.py:186} INFO - Started process (PID=41795) to work on /home/airflow/.local/lib/python3.12/site-packages/airflow/example_dags/example_dataset_alias_with_no_taskflow.py
[2026-04-15T03:05:56.445+0000] {processor.py:914} INFO - Processing file /home/airflow/.local/lib/python3.12/site-packages/airflow/example_dags/example_dataset_alias_with_no_taskflow.py for tasks to queue
[2026-04-15T03:05:56.446+0000] {logging_mixin.py:190} INFO - [2026-04-15T03:05:56.446+0000] {dagbag.py:588} INFO - Filling up the DagBag from /home/airflow/.local/lib/python3.12/site-packages/airflow/example_dags/example_dataset_alias_with_no_taskflow.py
[2026-04-15T03:05:56.678+0000] {processor.py:925} INFO - DAG(s) 'dataset_s3_bucket_consumer_with_no_taskflow', 'dataset_s3_bucket_producer_with_no_taskflow', 'dataset_alias_example_alias_consumer_with_no_taskflow', 'dataset_alias_example_alias_producer_with_no_taskflow' retrieved from /home/airflow/.local/lib/python3.12/site-packages/airflow/example_dags/example_dataset_alias_with_no_taskflow.py
[2026-04-15T03:05:56.690+0000] {logging_mixin.py:190} INFO - [2026-04-15T03:05:56.689+0000] {dag.py:3239} INFO - Sync 4 DAGs
[2026-04-15T03:05:56.864+0000] {logging_mixin.py:190} INFO - [2026-04-15T03:05:56.864+0000] {dag.py:4180} INFO - Setting next_dagrun for dataset_alias_example_alias_consumer_with_no_taskflow to None, run_after=None
[2026-04-15T03:05:56.865+0000] {logging_mixin.py:190} INFO - [2026-04-15T03:05:56.865+0000] {dag.py:4180} INFO - Setting next_dagrun for dataset_alias_example_alias_producer_with_no_taskflow to None, run_after=None
[2026-04-15T03:05:56.866+0000] {logging_mixin.py:190} INFO - [2026-04-15T03:05:56.866+0000] {dag.py:4180} INFO - Setting next_dagrun for dataset_s3_bucket_consumer_with_no_taskflow to None, run_after=None
[2026-04-15T03:05:56.867+0000] {logging_mixin.py:190} INFO - [2026-04-15T03:05:56.867+0000] {dag.py:4180} INFO - Setting next_dagrun for dataset_s3_bucket_producer_with_no_taskflow to None, run_after=None
[2026-04-15T03:05:56.876+0000] {processor.py:208} INFO - Processing /home/airflow/.local/lib/python3.12/site-packages/airflow/example_dags/example_dataset_alias_with_no_taskflow.py took 0.437 seconds
[2026-04-15T03:06:26.945+0000] {processor.py:186} INFO - Started process (PID=41859) to work on /home/airflow/.local/lib/python3.12/site-packages/airflow/example_dags/example_dataset_alias_with_no_taskflow.py
[2026-04-15T03:06:26.946+0000] {processor.py:914} INFO - Processing file /home/airflow/.local/lib/python3.12/site-packages/airflow/example_dags/example_dataset_alias_with_no_taskflow.py for tasks to queue
[2026-04-15T03:06:26.947+0000] {logging_mixin.py:190} INFO - [2026-04-15T03:06:26.946+0000] {dagbag.py:588} INFO - Filling up the DagBag from /home/airflow/.local/lib/python3.12/site-packages/airflow/example_dags/example_dataset_alias_with_no_taskflow.py
[2026-04-15T03:06:27.170+0000] {processor.py:925} INFO - DAG(s) 'dataset_s3_bucket_consumer_with_no_taskflow', 'dataset_s3_bucket_producer_with_no_taskflow', 'dataset_alias_example_alias_producer_with_no_taskflow', 'dataset_alias_example_alias_consumer_with_no_taskflow' retrieved from /home/airflow/.local/lib/python3.12/site-packages/airflow/example_dags/example_dataset_alias_with_no_taskflow.py
[2026-04-15T03:06:27.179+0000] {logging_mixin.py:190} INFO - [2026-04-15T03:06:27.179+0000] {dag.py:3239} INFO - Sync 4 DAGs
[2026-04-15T03:06:27.357+0000] {logging_mixin.py:190} INFO - [2026-04-15T03:06:27.357+0000] {dag.py:4180} INFO - Setting next_dagrun for dataset_alias_example_alias_consumer_with_no_taskflow to None, run_after=None
[2026-04-15T03:06:27.358+0000] {logging_mixin.py:190} INFO - [2026-04-15T03:06:27.358+0000] {dag.py:4180} INFO - Setting next_dagrun for dataset_alias_example_alias_producer_with_no_taskflow to None, run_after=None
[2026-04-15T03:06:27.359+0000] {logging_mixin.py:190} INFO - [2026-04-15T03:06:27.359+0000] {dag.py:4180} INFO - Setting next_dagrun for dataset_s3_bucket_consumer_with_no_taskflow to None, run_after=None
[2026-04-15T03:06:27.359+0000] {logging_mixin.py:190} INFO - [2026-04-15T03:06:27.359+0000] {dag.py:4180} INFO - Setting next_dagrun for dataset_s3_bucket_producer_with_no_taskflow to None, run_after=None
[2026-04-15T03:06:27.371+0000] {processor.py:208} INFO - Processing /home/airflow/.local/lib/python3.12/site-packages/airflow/example_dags/example_dataset_alias_with_no_taskflow.py took 0.430 seconds
[2026-04-15T03:06:57.405+0000] {processor.py:186} INFO - Started process (PID=41923) to work on /home/airflow/.local/lib/python3.12/site-packages/airflow/example_dags/example_dataset_alias_with_no_taskflow.py
[2026-04-15T03:06:57.410+0000] {processor.py:914} INFO - Processing file /home/airflow/.local/lib/python3.12/site-packages/airflow/example_dags/example_dataset_alias_with_no_taskflow.py for tasks to queue
[2026-04-15T03:06:57.410+0000] {logging_mixin.py:190} INFO - [2026-04-15T03:06:57.410+0000] {dagbag.py:588} INFO - Filling up the DagBag from /home/airflow/.local/lib/python3.12/site-packages/airflow/example_dags/example_dataset_alias_with_no_taskflow.py
[2026-04-15T03:06:57.886+0000] {processor.py:925} INFO - DAG(s) 'dataset_s3_bucket_producer_with_no_taskflow', 'dataset_alias_example_alias_producer_with_no_taskflow', 'dataset_s3_bucket_consumer_with_no_taskflow', 'dataset_alias_example_alias_consumer_with_no_taskflow' retrieved from /home/airflow/.local/lib/python3.12/site-packages/airflow/example_dags/example_dataset_alias_with_no_taskflow.py
[2026-04-15T03:06:57.897+0000] {logging_mixin.py:190} INFO - [2026-04-15T03:06:57.897+0000] {dag.py:3239} INFO - Sync 4 DAGs
[2026-04-15T03:06:57.907+0000] {logging_mixin.py:190} INFO - [2026-04-15T03:06:57.907+0000] {dag.py:4180} INFO - Setting next_dagrun for dataset_alias_example_alias_consumer_with_no_taskflow to None, run_after=None
[2026-04-15T03:06:57.908+0000] {logging_mixin.py:190} INFO - [2026-04-15T03:06:57.908+0000] {dag.py:4180} INFO - Setting next_dagrun for dataset_alias_example_alias_producer_with_no_taskflow to None, run_after=None
[2026-04-15T03:06:57.910+0000] {logging_mixin.py:190} INFO - [2026-04-15T03:06:57.910+0000] {dag.py:4180} INFO - Setting next_dagrun for dataset_s3_bucket_consumer_with_no_taskflow to None, run_after=None
[2026-04-15T03:06:57.911+0000] {logging_mixin.py:190} INFO - [2026-04-15T03:06:57.911+0000] {dag.py:4180} INFO - Setting next_dagrun for dataset_s3_bucket_producer_with_no_taskflow to None, run_after=None
[2026-04-15T03:06:57.922+0000] {processor.py:208} INFO - Processing /home/airflow/.local/lib/python3.12/site-packages/airflow/example_dags/example_dataset_alias_with_no_taskflow.py took 0.521 seconds
[2026-04-15T03:07:28.319+0000] {processor.py:186} INFO - Started process (PID=41987) to work on /home/airflow/.local/lib/python3.12/site-packages/airflow/example_dags/example_dataset_alias_with_no_taskflow.py
[2026-04-15T03:07:28.321+0000] {processor.py:914} INFO - Processing file /home/airflow/.local/lib/python3.12/site-packages/airflow/example_dags/example_dataset_alias_with_no_taskflow.py for tasks to queue
[2026-04-15T03:07:28.322+0000] {logging_mixin.py:190} INFO - [2026-04-15T03:07:28.322+0000] {dagbag.py:588} INFO - Filling up the DagBag from /home/airflow/.local/lib/python3.12/site-packages/airflow/example_dags/example_dataset_alias_with_no_taskflow.py
[2026-04-15T03:07:28.886+0000] {processor.py:925} INFO - DAG(s) 'dataset_alias_example_alias_consumer_with_no_taskflow', 'dataset_s3_bucket_consumer_with_no_taskflow', 'dataset_s3_bucket_producer_with_no_taskflow', 'dataset_alias_example_alias_producer_with_no_taskflow' retrieved from /home/airflow/.local/lib/python3.12/site-packages/airflow/example_dags/example_dataset_alias_with_no_taskflow.py
[2026-04-15T03:07:28.905+0000] {logging_mixin.py:190} INFO - [2026-04-15T03:07:28.904+0000] {dag.py:3239} INFO - Sync 4 DAGs
[2026-04-15T03:07:28.927+0000] {logging_mixin.py:190} INFO - [2026-04-15T03:07:28.927+0000] {dag.py:4180} INFO - Setting next_dagrun for dataset_alias_example_alias_consumer_with_no_taskflow to None, run_after=None
[2026-04-15T03:07:28.931+0000] {logging_mixin.py:190} INFO - [2026-04-15T03:07:28.931+0000] {dag.py:4180} INFO - Setting next_dagrun for dataset_alias_example_alias_producer_with_no_taskflow to None, run_after=None
[2026-04-15T03:07:28.934+0000] {logging_mixin.py:190} INFO - [2026-04-15T03:07:28.934+0000] {dag.py:4180} INFO - Setting next_dagrun for dataset_s3_bucket_consumer_with_no_taskflow to None, run_after=None
[2026-04-15T03:07:28.935+0000] {logging_mixin.py:190} INFO - [2026-04-15T03:07:28.935+0000] {dag.py:4180} INFO - Setting next_dagrun for dataset_s3_bucket_producer_with_no_taskflow to None, run_after=None
[2026-04-15T03:07:28.956+0000] {processor.py:208} INFO - Processing /home/airflow/.local/lib/python3.12/site-packages/airflow/example_dags/example_dataset_alias_with_no_taskflow.py took 0.647 seconds
[2026-04-15T03:07:59.666+0000] {processor.py:186} INFO - Started process (PID=42051) to work on /home/airflow/.local/lib/python3.12/site-packages/airflow/example_dags/example_dataset_alias_with_no_taskflow.py
[2026-04-15T03:07:59.669+0000] {processor.py:914} INFO - Processing file /home/airflow/.local/lib/python3.12/site-packages/airflow/example_dags/example_dataset_alias_with_no_taskflow.py for tasks to queue
[2026-04-15T03:07:59.669+0000] {logging_mixin.py:190} INFO - [2026-04-15T03:07:59.669+0000] {dagbag.py:588} INFO - Filling up the DagBag from /home/airflow/.local/lib/python3.12/site-packages/airflow/example_dags/example_dataset_alias_with_no_taskflow.py
[2026-04-15T03:08:00.069+0000] {processor.py:925} INFO - DAG(s) 'dataset_alias_example_alias_consumer_with_no_taskflow', 'dataset_alias_example_alias_producer_with_no_taskflow', 'dataset_s3_bucket_producer_with_no_taskflow', 'dataset_s3_bucket_consumer_with_no_taskflow' retrieved from /home/airflow/.local/lib/python3.12/site-packages/airflow/example_dags/example_dataset_alias_with_no_taskflow.py
[2026-04-15T03:08:00.081+0000] {logging_mixin.py:190} INFO - [2026-04-15T03:08:00.080+0000] {dag.py:3239} INFO - Sync 4 DAGs
[2026-04-15T03:08:00.090+0000] {logging_mixin.py:190} INFO - [2026-04-15T03:08:00.090+0000] {dag.py:4180} INFO - Setting next_dagrun for dataset_alias_example_alias_consumer_with_no_taskflow to None, run_after=None
[2026-04-15T03:08:00.091+0000] {logging_mixin.py:190} INFO - [2026-04-15T03:08:00.091+0000] {dag.py:4180} INFO - Setting next_dagrun for dataset_alias_example_alias_producer_with_no_taskflow to None, run_after=None
[2026-04-15T03:08:00.092+0000] {logging_mixin.py:190} INFO - [2026-04-15T03:08:00.092+0000] {dag.py:4180} INFO - Setting next_dagrun for dataset_s3_bucket_consumer_with_no_taskflow to None, run_after=None
[2026-04-15T03:08:00.092+0000] {logging_mixin.py:190} INFO - [2026-04-15T03:08:00.092+0000] {dag.py:4180} INFO - Setting next_dagrun for dataset_s3_bucket_producer_with_no_taskflow to None, run_after=None
[2026-04-15T03:08:00.105+0000] {processor.py:208} INFO - Processing /home/airflow/.local/lib/python3.12/site-packages/airflow/example_dags/example_dataset_alias_with_no_taskflow.py took 0.447 seconds
[2026-04-15T03:08:30.405+0000] {processor.py:186} INFO - Started process (PID=42115) to work on /home/airflow/.local/lib/python3.12/site-packages/airflow/example_dags/example_dataset_alias_with_no_taskflow.py
[2026-04-15T03:08:30.409+0000] {processor.py:914} INFO - Processing file /home/airflow/.local/lib/python3.12/site-packages/airflow/example_dags/example_dataset_alias_with_no_taskflow.py for tasks to queue
[2026-04-15T03:08:30.413+0000] {logging_mixin.py:190} INFO - [2026-04-15T03:08:30.412+0000] {dagbag.py:588} INFO - Filling up the DagBag from /home/airflow/.local/lib/python3.12/site-packages/airflow/example_dags/example_dataset_alias_with_no_taskflow.py
[2026-04-15T03:08:30.734+0000] {processor.py:925} INFO - DAG(s) 'dataset_s3_bucket_producer_with_no_taskflow', 'dataset_alias_example_alias_producer_with_no_taskflow', 'dataset_alias_example_alias_consumer_with_no_taskflow', 'dataset_s3_bucket_consumer_with_no_taskflow' retrieved from /home/airflow/.local/lib/python3.12/site-packages/airflow/example_dags/example_dataset_alias_with_no_taskflow.py
[2026-04-15T03:08:30.910+0000] {logging_mixin.py:190} INFO - [2026-04-15T03:08:30.910+0000] {dag.py:3239} INFO - Sync 4 DAGs
[2026-04-15T03:08:30.922+0000] {logging_mixin.py:190} INFO - [2026-04-15T03:08:30.922+0000] {dag.py:4180} INFO - Setting next_dagrun for dataset_alias_example_alias_consumer_with_no_taskflow to None, run_after=None
[2026-04-15T03:08:30.924+0000] {logging_mixin.py:190} INFO - [2026-04-15T03:08:30.924+0000] {dag.py:4180} INFO - Setting next_dagrun for dataset_alias_example_alias_producer_with_no_taskflow to None, run_after=None
[2026-04-15T03:08:30.925+0000] {logging_mixin.py:190} INFO - [2026-04-15T03:08:30.925+0000] {dag.py:4180} INFO - Setting next_dagrun for dataset_s3_bucket_consumer_with_no_taskflow to None, run_after=None
[2026-04-15T03:08:30.928+0000] {logging_mixin.py:190} INFO - [2026-04-15T03:08:30.928+0000] {dag.py:4180} INFO - Setting next_dagrun for dataset_s3_bucket_producer_with_no_taskflow to None, run_after=None
[2026-04-15T03:08:30.939+0000] {processor.py:208} INFO - Processing /home/airflow/.local/lib/python3.12/site-packages/airflow/example_dags/example_dataset_alias_with_no_taskflow.py took 0.550 seconds
[2026-04-15T03:09:01.452+0000] {processor.py:186} INFO - Started process (PID=42180) to work on /home/airflow/.local/lib/python3.12/site-packages/airflow/example_dags/example_dataset_alias_with_no_taskflow.py
[2026-04-15T03:09:01.453+0000] {processor.py:914} INFO - Processing file /home/airflow/.local/lib/python3.12/site-packages/airflow/example_dags/example_dataset_alias_with_no_taskflow.py for tasks to queue
[2026-04-15T03:09:01.455+0000] {logging_mixin.py:190} INFO - [2026-04-15T03:09:01.454+0000] {dagbag.py:588} INFO - Filling up the DagBag from /home/airflow/.local/lib/python3.12/site-packages/airflow/example_dags/example_dataset_alias_with_no_taskflow.py
[2026-04-15T03:09:01.962+0000] {processor.py:925} INFO - DAG(s) 'dataset_alias_example_alias_consumer_with_no_taskflow', 'dataset_s3_bucket_consumer_with_no_taskflow', 'dataset_s3_bucket_producer_with_no_taskflow', 'dataset_alias_example_alias_producer_with_no_taskflow' retrieved from /home/airflow/.local/lib/python3.12/site-packages/airflow/example_dags/example_dataset_alias_with_no_taskflow.py
[2026-04-15T03:09:01.973+0000] {logging_mixin.py:190} INFO - [2026-04-15T03:09:01.973+0000] {dag.py:3239} INFO - Sync 4 DAGs
[2026-04-15T03:09:01.982+0000] {logging_mixin.py:190} INFO - [2026-04-15T03:09:01.982+0000] {dag.py:4180} INFO - Setting next_dagrun for dataset_alias_example_alias_consumer_with_no_taskflow to None, run_after=None
[2026-04-15T03:09:01.984+0000] {logging_mixin.py:190} INFO - [2026-04-15T03:09:01.983+0000] {dag.py:4180} INFO - Setting next_dagrun for dataset_alias_example_alias_producer_with_no_taskflow to None, run_after=None
[2026-04-15T03:09:01.984+0000] {logging_mixin.py:190} INFO - [2026-04-15T03:09:01.984+0000] {dag.py:4180} INFO - Setting next_dagrun for dataset_s3_bucket_consumer_with_no_taskflow to None, run_after=None
[2026-04-15T03:09:01.984+0000] {logging_mixin.py:190} INFO - [2026-04-15T03:09:01.984+0000] {dag.py:4180} INFO - Setting next_dagrun for dataset_s3_bucket_producer_with_no_taskflow to None, run_after=None
[2026-04-15T03:09:01.995+0000] {processor.py:208} INFO - Processing /home/airflow/.local/lib/python3.12/site-packages/airflow/example_dags/example_dataset_alias_with_no_taskflow.py took 0.559 seconds
[2026-04-15T03:09:32.167+0000] {processor.py:186} INFO - Started process (PID=42243) to work on /home/airflow/.local/lib/python3.12/site-packages/airflow/example_dags/example_dataset_alias_with_no_taskflow.py
[2026-04-15T03:09:32.169+0000] {processor.py:914} INFO - Processing file /home/airflow/.local/lib/python3.12/site-packages/airflow/example_dags/example_dataset_alias_with_no_taskflow.py for tasks to queue
[2026-04-15T03:09:32.170+0000] {logging_mixin.py:190} INFO - [2026-04-15T03:09:32.170+0000] {dagbag.py:588} INFO - Filling up the DagBag from /home/airflow/.local/lib/python3.12/site-packages/airflow/example_dags/example_dataset_alias_with_no_taskflow.py
[2026-04-15T03:09:32.606+0000] {processor.py:925} INFO - DAG(s) 'dataset_s3_bucket_producer_with_no_taskflow', 'dataset_alias_example_alias_consumer_with_no_taskflow', 'dataset_s3_bucket_consumer_with_no_taskflow', 'dataset_alias_example_alias_producer_with_no_taskflow' retrieved from /home/airflow/.local/lib/python3.12/site-packages/airflow/example_dags/example_dataset_alias_with_no_taskflow.py
[2026-04-15T03:09:32.614+0000] {logging_mixin.py:190} INFO - [2026-04-15T03:09:32.614+0000] {dag.py:3239} INFO - Sync 4 DAGs
[2026-04-15T03:09:32.632+0000] {logging_mixin.py:190} INFO - [2026-04-15T03:09:32.631+0000] {dag.py:4180} INFO - Setting next_dagrun for dataset_alias_example_alias_consumer_with_no_taskflow to None, run_after=None
[2026-04-15T03:09:32.633+0000] {logging_mixin.py:190} INFO - [2026-04-15T03:09:32.633+0000] {dag.py:4180} INFO - Setting next_dagrun for dataset_alias_example_alias_producer_with_no_taskflow to None, run_after=None
[2026-04-15T03:09:32.634+0000] {logging_mixin.py:190} INFO - [2026-04-15T03:09:32.634+0000] {dag.py:4180} INFO - Setting next_dagrun for dataset_s3_bucket_consumer_with_no_taskflow to None, run_after=None
[2026-04-15T03:09:32.636+0000] {logging_mixin.py:190} INFO - [2026-04-15T03:09:32.636+0000] {dag.py:4180} INFO - Setting next_dagrun for dataset_s3_bucket_producer_with_no_taskflow to None, run_after=None
[2026-04-15T03:09:32.646+0000] {processor.py:208} INFO - Processing /home/airflow/.local/lib/python3.12/site-packages/airflow/example_dags/example_dataset_alias_with_no_taskflow.py took 0.484 seconds
[2026-04-15T03:10:02.849+0000] {processor.py:186} INFO - Started process (PID=42307) to work on /home/airflow/.local/lib/python3.12/site-packages/airflow/example_dags/example_dataset_alias_with_no_taskflow.py
[2026-04-15T03:10:02.851+0000] {processor.py:914} INFO - Processing file /home/airflow/.local/lib/python3.12/site-packages/airflow/example_dags/example_dataset_alias_with_no_taskflow.py for tasks to queue
[2026-04-15T03:10:02.852+0000] {logging_mixin.py:190} INFO - [2026-04-15T03:10:02.852+0000] {dagbag.py:588} INFO - Filling up the DagBag from /home/airflow/.local/lib/python3.12/site-packages/airflow/example_dags/example_dataset_alias_with_no_taskflow.py
[2026-04-15T03:10:03.352+0000] {processor.py:925} INFO - DAG(s) 'dataset_alias_example_alias_producer_with_no_taskflow', 'dataset_s3_bucket_consumer_with_no_taskflow', 'dataset_s3_bucket_producer_with_no_taskflow', 'dataset_alias_example_alias_consumer_with_no_taskflow' retrieved from /home/airflow/.local/lib/python3.12/site-packages/airflow/example_dags/example_dataset_alias_with_no_taskflow.py
[2026-04-15T03:10:03.362+0000] {logging_mixin.py:190} INFO - [2026-04-15T03:10:03.362+0000] {dag.py:3239} INFO - Sync 4 DAGs
[2026-04-15T03:10:03.372+0000] {logging_mixin.py:190} INFO - [2026-04-15T03:10:03.372+0000] {dag.py:4180} INFO - Setting next_dagrun for dataset_alias_example_alias_consumer_with_no_taskflow to None, run_after=None
[2026-04-15T03:10:03.372+0000] {logging_mixin.py:190} INFO - [2026-04-15T03:10:03.372+0000] {dag.py:4180} INFO - Setting next_dagrun for dataset_alias_example_alias_producer_with_no_taskflow to None, run_after=None
[2026-04-15T03:10:03.374+0000] {logging_mixin.py:190} INFO - [2026-04-15T03:10:03.374+0000] {dag.py:4180} INFO - Setting next_dagrun for dataset_s3_bucket_consumer_with_no_taskflow to None, run_after=None
[2026-04-15T03:10:03.374+0000] {logging_mixin.py:190} INFO - [2026-04-15T03:10:03.374+0000] {dag.py:4180} INFO - Setting next_dagrun for dataset_s3_bucket_producer_with_no_taskflow to None, run_after=None
[2026-04-15T03:10:03.383+0000] {processor.py:208} INFO - Processing /home/airflow/.local/lib/python3.12/site-packages/airflow/example_dags/example_dataset_alias_with_no_taskflow.py took 0.541 seconds
[2026-04-15T03:10:33.413+0000] {processor.py:186} INFO - Started process (PID=42370) to work on /home/airflow/.local/lib/python3.12/site-packages/airflow/example_dags/example_dataset_alias_with_no_taskflow.py
[2026-04-15T03:10:33.414+0000] {processor.py:914} INFO - Processing file /home/airflow/.local/lib/python3.12/site-packages/airflow/example_dags/example_dataset_alias_with_no_taskflow.py for tasks to queue
[2026-04-15T03:10:33.415+0000] {logging_mixin.py:190} INFO - [2026-04-15T03:10:33.415+0000] {dagbag.py:588} INFO - Filling up the DagBag from /home/airflow/.local/lib/python3.12/site-packages/airflow/example_dags/example_dataset_alias_with_no_taskflow.py
[2026-04-15T03:10:33.944+0000] {processor.py:925} INFO - DAG(s) 'dataset_s3_bucket_producer_with_no_taskflow', 'dataset_alias_example_alias_producer_with_no_taskflow', 'dataset_alias_example_alias_consumer_with_no_taskflow', 'dataset_s3_bucket_consumer_with_no_taskflow' retrieved from /home/airflow/.local/lib/python3.12/site-packages/airflow/example_dags/example_dataset_alias_with_no_taskflow.py
[2026-04-15T03:10:33.953+0000] {logging_mixin.py:190} INFO - [2026-04-15T03:10:33.953+0000] {dag.py:3239} INFO - Sync 4 DAGs
[2026-04-15T03:10:33.966+0000] {logging_mixin.py:190} INFO - [2026-04-15T03:10:33.966+0000] {dag.py:4180} INFO - Setting next_dagrun for dataset_alias_example_alias_consumer_with_no_taskflow to None, run_after=None
[2026-04-15T03:10:33.967+0000] {logging_mixin.py:190} INFO - [2026-04-15T03:10:33.967+0000] {dag.py:4180} INFO - Setting next_dagrun for dataset_alias_example_alias_producer_with_no_taskflow to None, run_after=None
[2026-04-15T03:10:33.968+0000] {logging_mixin.py:190} INFO - [2026-04-15T03:10:33.968+0000] {dag.py:4180} INFO - Setting next_dagrun for dataset_s3_bucket_consumer_with_no_taskflow to None, run_after=None
[2026-04-15T03:10:33.968+0000] {logging_mixin.py:190} INFO - [2026-04-15T03:10:33.968+0000] {dag.py:4180} INFO - Setting next_dagrun for dataset_s3_bucket_producer_with_no_taskflow to None, run_after=None
[2026-04-15T03:10:33.977+0000] {processor.py:208} INFO - Processing /home/airflow/.local/lib/python3.12/site-packages/airflow/example_dags/example_dataset_alias_with_no_taskflow.py took 0.569 seconds
[2026-04-15T03:11:04.614+0000] {processor.py:186} INFO - Started process (PID=42435) to work on /home/airflow/.local/lib/python3.12/site-packages/airflow/example_dags/example_dataset_alias_with_no_taskflow.py
[2026-04-15T03:11:04.615+0000] {processor.py:914} INFO - Processing file /home/airflow/.local/lib/python3.12/site-packages/airflow/example_dags/example_dataset_alias_with_no_taskflow.py for tasks to queue
[2026-04-15T03:11:04.616+0000] {logging_mixin.py:190} INFO - [2026-04-15T03:11:04.616+0000] {dagbag.py:588} INFO - Filling up the DagBag from /home/airflow/.local/lib/python3.12/site-packages/airflow/example_dags/example_dataset_alias_with_no_taskflow.py
[2026-04-15T03:11:05.138+0000] {processor.py:925} INFO - DAG(s) 'dataset_s3_bucket_consumer_with_no_taskflow', 'dataset_s3_bucket_producer_with_no_taskflow', 'dataset_alias_example_alias_producer_with_no_taskflow', 'dataset_alias_example_alias_consumer_with_no_taskflow' retrieved from /home/airflow/.local/lib/python3.12/site-packages/airflow/example_dags/example_dataset_alias_with_no_taskflow.py
[2026-04-15T03:11:05.150+0000] {logging_mixin.py:190} INFO - [2026-04-15T03:11:05.149+0000] {dag.py:3239} INFO - Sync 4 DAGs
[2026-04-15T03:11:05.167+0000] {logging_mixin.py:190} INFO - [2026-04-15T03:11:05.167+0000] {dag.py:4180} INFO - Setting next_dagrun for dataset_alias_example_alias_consumer_with_no_taskflow to None, run_after=None
[2026-04-15T03:11:05.169+0000] {logging_mixin.py:190} INFO - [2026-04-15T03:11:05.169+0000] {dag.py:4180} INFO - Setting next_dagrun for dataset_alias_example_alias_producer_with_no_taskflow to None, run_after=None
[2026-04-15T03:11:05.170+0000] {logging_mixin.py:190} INFO - [2026-04-15T03:11:05.170+0000] {dag.py:4180} INFO - Setting next_dagrun for dataset_s3_bucket_consumer_with_no_taskflow to None, run_after=None
[2026-04-15T03:11:05.170+0000] {logging_mixin.py:190} INFO - [2026-04-15T03:11:05.170+0000] {dag.py:4180} INFO - Setting next_dagrun for dataset_s3_bucket_producer_with_no_taskflow to None, run_after=None
[2026-04-15T03:11:05.184+0000] {processor.py:208} INFO - Processing /home/airflow/.local/lib/python3.12/site-packages/airflow/example_dags/example_dataset_alias_with_no_taskflow.py took 0.579 seconds
[2026-04-15T03:11:35.720+0000] {processor.py:186} INFO - Started process (PID=42499) to work on /home/airflow/.local/lib/python3.12/site-packages/airflow/example_dags/example_dataset_alias_with_no_taskflow.py
[2026-04-15T03:11:35.722+0000] {processor.py:914} INFO - Processing file /home/airflow/.local/lib/python3.12/site-packages/airflow/example_dags/example_dataset_alias_with_no_taskflow.py for tasks to queue
[2026-04-15T03:11:35.725+0000] {logging_mixin.py:190} INFO - [2026-04-15T03:11:35.725+0000] {dagbag.py:588} INFO - Filling up the DagBag from /home/airflow/.local/lib/python3.12/site-packages/airflow/example_dags/example_dataset_alias_with_no_taskflow.py
[2026-04-15T03:11:36.248+0000] {processor.py:925} INFO - DAG(s) 'dataset_s3_bucket_consumer_with_no_taskflow', 'dataset_alias_example_alias_consumer_with_no_taskflow', 'dataset_s3_bucket_producer_with_no_taskflow', 'dataset_alias_example_alias_producer_with_no_taskflow' retrieved from /home/airflow/.local/lib/python3.12/site-packages/airflow/example_dags/example_dataset_alias_with_no_taskflow.py
[2026-04-15T03:11:36.261+0000] {logging_mixin.py:190} INFO - [2026-04-15T03:11:36.260+0000] {dag.py:3239} INFO - Sync 4 DAGs
[2026-04-15T03:11:36.277+0000] {logging_mixin.py:190} INFO - [2026-04-15T03:11:36.276+0000] {dag.py:4180} INFO - Setting next_dagrun for dataset_alias_example_alias_consumer_with_no_taskflow to None, run_after=None
[2026-04-15T03:11:36.279+0000] {logging_mixin.py:190} INFO - [2026-04-15T03:11:36.278+0000] {dag.py:4180} INFO - Setting next_dagrun for dataset_alias_example_alias_producer_with_no_taskflow to None, run_after=None
[2026-04-15T03:11:36.280+0000] {logging_mixin.py:190} INFO - [2026-04-15T03:11:36.280+0000] {dag.py:4180} INFO - Setting next_dagrun for dataset_s3_bucket_consumer_with_no_taskflow to None, run_after=None
[2026-04-15T03:11:36.282+0000] {logging_mixin.py:190} INFO - [2026-04-15T03:11:36.281+0000] {dag.py:4180} INFO - Setting next_dagrun for dataset_s3_bucket_producer_with_no_taskflow to None, run_after=None
[2026-04-15T03:11:36.295+0000] {processor.py:208} INFO - Processing /home/airflow/.local/lib/python3.12/site-packages/airflow/example_dags/example_dataset_alias_with_no_taskflow.py took 0.585 seconds
[2026-04-15T03:12:06.756+0000] {processor.py:186} INFO - Started process (PID=42563) to work on /home/airflow/.local/lib/python3.12/site-packages/airflow/example_dags/example_dataset_alias_with_no_taskflow.py
[2026-04-15T03:12:06.757+0000] {processor.py:914} INFO - Processing file /home/airflow/.local/lib/python3.12/site-packages/airflow/example_dags/example_dataset_alias_with_no_taskflow.py for tasks to queue
[2026-04-15T03:12:06.758+0000] {logging_mixin.py:190} INFO - [2026-04-15T03:12:06.758+0000] {dagbag.py:588} INFO - Filling up the DagBag from /home/airflow/.local/lib/python3.12/site-packages/airflow/example_dags/example_dataset_alias_with_no_taskflow.py
[2026-04-15T03:12:07.214+0000] {processor.py:925} INFO - DAG(s) 'dataset_alias_example_alias_producer_with_no_taskflow', 'dataset_alias_example_alias_consumer_with_no_taskflow', 'dataset_s3_bucket_consumer_with_no_taskflow', 'dataset_s3_bucket_producer_with_no_taskflow' retrieved from /home/airflow/.local/lib/python3.12/site-packages/airflow/example_dags/example_dataset_alias_with_no_taskflow.py
[2026-04-15T03:12:07.225+0000] {logging_mixin.py:190} INFO - [2026-04-15T03:12:07.225+0000] {dag.py:3239} INFO - Sync 4 DAGs
[2026-04-15T03:12:07.242+0000] {logging_mixin.py:190} INFO - [2026-04-15T03:12:07.242+0000] {dag.py:4180} INFO - Setting next_dagrun for dataset_alias_example_alias_consumer_with_no_taskflow to None, run_after=None
[2026-04-15T03:12:07.244+0000] {logging_mixin.py:190} INFO - [2026-04-15T03:12:07.244+0000] {dag.py:4180} INFO - Setting next_dagrun for dataset_alias_example_alias_producer_with_no_taskflow to None, run_after=None
[2026-04-15T03:12:07.245+0000] {logging_mixin.py:190} INFO - [2026-04-15T03:12:07.245+0000] {dag.py:4180} INFO - Setting next_dagrun for dataset_s3_bucket_consumer_with_no_taskflow to None, run_after=None
[2026-04-15T03:12:07.245+0000] {logging_mixin.py:190} INFO - [2026-04-15T03:12:07.245+0000] {dag.py:4180} INFO - Setting next_dagrun for dataset_s3_bucket_producer_with_no_taskflow to None, run_after=None
[2026-04-15T03:12:07.255+0000] {processor.py:208} INFO - Processing /home/airflow/.local/lib/python3.12/site-packages/airflow/example_dags/example_dataset_alias_with_no_taskflow.py took 0.506 seconds
[2026-04-15T03:12:37.471+0000] {processor.py:186} INFO - Started process (PID=42627) to work on /home/airflow/.local/lib/python3.12/site-packages/airflow/example_dags/example_dataset_alias_with_no_taskflow.py
[2026-04-15T03:12:37.473+0000] {processor.py:914} INFO - Processing file /home/airflow/.local/lib/python3.12/site-packages/airflow/example_dags/example_dataset_alias_with_no_taskflow.py for tasks to queue
[2026-04-15T03:12:37.474+0000] {logging_mixin.py:190} INFO - [2026-04-15T03:12:37.474+0000] {dagbag.py:588} INFO - Filling up the DagBag from /home/airflow/.local/lib/python3.12/site-packages/airflow/example_dags/example_dataset_alias_with_no_taskflow.py
[2026-04-15T03:12:37.950+0000] {processor.py:925} INFO - DAG(s) 'dataset_s3_bucket_consumer_with_no_taskflow', 'dataset_alias_example_alias_consumer_with_no_taskflow', 'dataset_alias_example_alias_producer_with_no_taskflow', 'dataset_s3_bucket_producer_with_no_taskflow' retrieved from /home/airflow/.local/lib/python3.12/site-packages/airflow/example_dags/example_dataset_alias_with_no_taskflow.py
[2026-04-15T03:12:37.960+0000] {logging_mixin.py:190} INFO - [2026-04-15T03:12:37.959+0000] {dag.py:3239} INFO - Sync 4 DAGs
[2026-04-15T03:12:37.970+0000] {logging_mixin.py:190} INFO - [2026-04-15T03:12:37.970+0000] {dag.py:4180} INFO - Setting next_dagrun for dataset_alias_example_alias_consumer_with_no_taskflow to None, run_after=None
[2026-04-15T03:12:37.972+0000] {logging_mixin.py:190} INFO - [2026-04-15T03:12:37.971+0000] {dag.py:4180} INFO - Setting next_dagrun for dataset_alias_example_alias_producer_with_no_taskflow to None, run_after=None
[2026-04-15T03:12:37.972+0000] {logging_mixin.py:190} INFO - [2026-04-15T03:12:37.972+0000] {dag.py:4180} INFO - Setting next_dagrun for dataset_s3_bucket_consumer_with_no_taskflow to None, run_after=None
[2026-04-15T03:12:37.973+0000] {logging_mixin.py:190} INFO - [2026-04-15T03:12:37.973+0000] {dag.py:4180} INFO - Setting next_dagrun for dataset_s3_bucket_producer_with_no_taskflow to None, run_after=None
[2026-04-15T03:12:37.982+0000] {processor.py:208} INFO - Processing /home/airflow/.local/lib/python3.12/site-packages/airflow/example_dags/example_dataset_alias_with_no_taskflow.py took 0.518 seconds
[2026-04-15T03:13:08.244+0000] {processor.py:186} INFO - Started process (PID=42691) to work on /home/airflow/.local/lib/python3.12/site-packages/airflow/example_dags/example_dataset_alias_with_no_taskflow.py
[2026-04-15T03:13:08.245+0000] {processor.py:914} INFO - Processing file /home/airflow/.local/lib/python3.12/site-packages/airflow/example_dags/example_dataset_alias_with_no_taskflow.py for tasks to queue
[2026-04-15T03:13:08.248+0000] {logging_mixin.py:190} INFO - [2026-04-15T03:13:08.247+0000] {dagbag.py:588} INFO - Filling up the DagBag from /home/airflow/.local/lib/python3.12/site-packages/airflow/example_dags/example_dataset_alias_with_no_taskflow.py
[2026-04-15T03:13:08.718+0000] {processor.py:925} INFO - DAG(s) 'dataset_alias_example_alias_consumer_with_no_taskflow', 'dataset_alias_example_alias_producer_with_no_taskflow', 'dataset_s3_bucket_producer_with_no_taskflow', 'dataset_s3_bucket_consumer_with_no_taskflow' retrieved from /home/airflow/.local/lib/python3.12/site-packages/airflow/example_dags/example_dataset_alias_with_no_taskflow.py
[2026-04-15T03:13:08.729+0000] {logging_mixin.py:190} INFO - [2026-04-15T03:13:08.729+0000] {dag.py:3239} INFO - Sync 4 DAGs
[2026-04-15T03:13:08.744+0000] {logging_mixin.py:190} INFO - [2026-04-15T03:13:08.744+0000] {dag.py:4180} INFO - Setting next_dagrun for dataset_alias_example_alias_consumer_with_no_taskflow to None, run_after=None
[2026-04-15T03:13:08.746+0000] {logging_mixin.py:190} INFO - [2026-04-15T03:13:08.746+0000] {dag.py:4180} INFO - Setting next_dagrun for dataset_alias_example_alias_producer_with_no_taskflow to None, run_after=None
[2026-04-15T03:13:08.746+0000] {logging_mixin.py:190} INFO - [2026-04-15T03:13:08.746+0000] {dag.py:4180} INFO - Setting next_dagrun for dataset_s3_bucket_consumer_with_no_taskflow to None, run_after=None
[2026-04-15T03:13:08.747+0000] {logging_mixin.py:190} INFO - [2026-04-15T03:13:08.747+0000] {dag.py:4180} INFO - Setting next_dagrun for dataset_s3_bucket_producer_with_no_taskflow to None, run_after=None
[2026-04-15T03:13:08.758+0000] {processor.py:208} INFO - Processing /home/airflow/.local/lib/python3.12/site-packages/airflow/example_dags/example_dataset_alias_with_no_taskflow.py took 0.521 seconds
[2026-04-15T03:13:38.991+0000] {processor.py:186} INFO - Started process (PID=42755) to work on /home/airflow/.local/lib/python3.12/site-packages/airflow/example_dags/example_dataset_alias_with_no_taskflow.py
[2026-04-15T03:13:38.993+0000] {processor.py:914} INFO - Processing file /home/airflow/.local/lib/python3.12/site-packages/airflow/example_dags/example_dataset_alias_with_no_taskflow.py for tasks to queue
[2026-04-15T03:13:38.995+0000] {logging_mixin.py:190} INFO - [2026-04-15T03:13:38.995+0000] {dagbag.py:588} INFO - Filling up the DagBag from /home/airflow/.local/lib/python3.12/site-packages/airflow/example_dags/example_dataset_alias_with_no_taskflow.py
[2026-04-15T03:13:39.409+0000] {processor.py:925} INFO - DAG(s) 'dataset_s3_bucket_producer_with_no_taskflow', 'dataset_alias_example_alias_producer_with_no_taskflow', 'dataset_s3_bucket_consumer_with_no_taskflow', 'dataset_alias_example_alias_consumer_with_no_taskflow' retrieved from /home/airflow/.local/lib/python3.12/site-packages/airflow/example_dags/example_dataset_alias_with_no_taskflow.py
[2026-04-15T03:13:39.419+0000] {logging_mixin.py:190} INFO - [2026-04-15T03:13:39.419+0000] {dag.py:3239} INFO - Sync 4 DAGs
[2026-04-15T03:13:39.432+0000] {logging_mixin.py:190} INFO - [2026-04-15T03:13:39.431+0000] {dag.py:4180} INFO - Setting next_dagrun for dataset_alias_example_alias_consumer_with_no_taskflow to None, run_after=None
[2026-04-15T03:13:39.433+0000] {logging_mixin.py:190} INFO - [2026-04-15T03:13:39.433+0000] {dag.py:4180} INFO - Setting next_dagrun for dataset_alias_example_alias_producer_with_no_taskflow to None, run_after=None
[2026-04-15T03:13:39.434+0000] {logging_mixin.py:190} INFO - [2026-04-15T03:13:39.434+0000] {dag.py:4180} INFO - Setting next_dagrun for dataset_s3_bucket_consumer_with_no_taskflow to None, run_after=None
[2026-04-15T03:13:39.436+0000] {logging_mixin.py:190} INFO - [2026-04-15T03:13:39.436+0000] {dag.py:4180} INFO - Setting next_dagrun for dataset_s3_bucket_producer_with_no_taskflow to None, run_after=None
[2026-04-15T03:13:39.445+0000] {processor.py:208} INFO - Processing /home/airflow/.local/lib/python3.12/site-packages/airflow/example_dags/example_dataset_alias_with_no_taskflow.py took 0.465 seconds
[2026-04-15T03:14:09.506+0000] {processor.py:186} INFO - Started process (PID=42818) to work on /home/airflow/.local/lib/python3.12/site-packages/airflow/example_dags/example_dataset_alias_with_no_taskflow.py
[2026-04-15T03:14:09.509+0000] {processor.py:914} INFO - Processing file /home/airflow/.local/lib/python3.12/site-packages/airflow/example_dags/example_dataset_alias_with_no_taskflow.py for tasks to queue
[2026-04-15T03:14:09.511+0000] {logging_mixin.py:190} INFO - [2026-04-15T03:14:09.511+0000] {dagbag.py:588} INFO - Filling up the DagBag from /home/airflow/.local/lib/python3.12/site-packages/airflow/example_dags/example_dataset_alias_with_no_taskflow.py
[2026-04-15T03:14:10.035+0000] {processor.py:925} INFO - DAG(s) 'dataset_alias_example_alias_producer_with_no_taskflow', 'dataset_s3_bucket_consumer_with_no_taskflow', 'dataset_alias_example_alias_consumer_with_no_taskflow', 'dataset_s3_bucket_producer_with_no_taskflow' retrieved from /home/airflow/.local/lib/python3.12/site-packages/airflow/example_dags/example_dataset_alias_with_no_taskflow.py
[2026-04-15T03:14:10.050+0000] {logging_mixin.py:190} INFO - [2026-04-15T03:14:10.050+0000] {dag.py:3239} INFO - Sync 4 DAGs
[2026-04-15T03:14:10.064+0000] {logging_mixin.py:190} INFO - [2026-04-15T03:14:10.064+0000] {dag.py:4180} INFO - Setting next_dagrun for dataset_alias_example_alias_consumer_with_no_taskflow to None, run_after=None
[2026-04-15T03:14:10.066+0000] {logging_mixin.py:190} INFO - [2026-04-15T03:14:10.066+0000] {dag.py:4180} INFO - Setting next_dagrun for dataset_alias_example_alias_producer_with_no_taskflow to None, run_after=None
[2026-04-15T03:14:10.067+0000] {logging_mixin.py:190} INFO - [2026-04-15T03:14:10.067+0000] {dag.py:4180} INFO - Setting next_dagrun for dataset_s3_bucket_consumer_with_no_taskflow to None, run_after=None
[2026-04-15T03:14:10.067+0000] {logging_mixin.py:190} INFO - [2026-04-15T03:14:10.067+0000] {dag.py:4180} INFO - Setting next_dagrun for dataset_s3_bucket_producer_with_no_taskflow to None, run_after=None
[2026-04-15T03:14:10.082+0000] {processor.py:208} INFO - Processing /home/airflow/.local/lib/python3.12/site-packages/airflow/example_dags/example_dataset_alias_with_no_taskflow.py took 0.592 seconds
[2026-04-15T03:14:40.427+0000] {processor.py:186} INFO - Started process (PID=42883) to work on /home/airflow/.local/lib/python3.12/site-packages/airflow/example_dags/example_dataset_alias_with_no_taskflow.py
[2026-04-15T03:14:40.429+0000] {processor.py:914} INFO - Processing file /home/airflow/.local/lib/python3.12/site-packages/airflow/example_dags/example_dataset_alias_with_no_taskflow.py for tasks to queue
[2026-04-15T03:14:40.430+0000] {logging_mixin.py:190} INFO - [2026-04-15T03:14:40.430+0000] {dagbag.py:588} INFO - Filling up the DagBag from /home/airflow/.local/lib/python3.12/site-packages/airflow/example_dags/example_dataset_alias_with_no_taskflow.py
[2026-04-15T03:14:40.873+0000] {processor.py:925} INFO - DAG(s) 'dataset_alias_example_alias_consumer_with_no_taskflow', 'dataset_s3_bucket_producer_with_no_taskflow', 'dataset_alias_example_alias_producer_with_no_taskflow', 'dataset_s3_bucket_consumer_with_no_taskflow' retrieved from /home/airflow/.local/lib/python3.12/site-packages/airflow/example_dags/example_dataset_alias_with_no_taskflow.py
[2026-04-15T03:14:40.882+0000] {logging_mixin.py:190} INFO - [2026-04-15T03:14:40.882+0000] {dag.py:3239} INFO - Sync 4 DAGs
[2026-04-15T03:14:40.893+0000] {logging_mixin.py:190} INFO - [2026-04-15T03:14:40.893+0000] {dag.py:4180} INFO - Setting next_dagrun for dataset_alias_example_alias_consumer_with_no_taskflow to None, run_after=None
[2026-04-15T03:14:40.899+0000] {logging_mixin.py:190} INFO - [2026-04-15T03:14:40.899+0000] {dag.py:4180} INFO - Setting next_dagrun for dataset_alias_example_alias_producer_with_no_taskflow to None, run_after=None
[2026-04-15T03:14:40.900+0000] {logging_mixin.py:190} INFO - [2026-04-15T03:14:40.900+0000] {dag.py:4180} INFO - Setting next_dagrun for dataset_s3_bucket_consumer_with_no_taskflow to None, run_after=None
[2026-04-15T03:14:40.901+0000] {logging_mixin.py:190} INFO - [2026-04-15T03:14:40.901+0000] {dag.py:4180} INFO - Setting next_dagrun for dataset_s3_bucket_producer_with_no_taskflow to None, run_after=None
[2026-04-15T03:14:40.947+0000] {processor.py:208} INFO - Processing /home/airflow/.local/lib/python3.12/site-packages/airflow/example_dags/example_dataset_alias_with_no_taskflow.py took 0.531 seconds
[2026-04-15T03:15:11.207+0000] {processor.py:186} INFO - Started process (PID=42947) to work on /home/airflow/.local/lib/python3.12/site-packages/airflow/example_dags/example_dataset_alias_with_no_taskflow.py
[2026-04-15T03:15:11.208+0000] {processor.py:914} INFO - Processing file /home/airflow/.local/lib/python3.12/site-packages/airflow/example_dags/example_dataset_alias_with_no_taskflow.py for tasks to queue
[2026-04-15T03:15:11.211+0000] {logging_mixin.py:190} INFO - [2026-04-15T03:15:11.210+0000] {dagbag.py:588} INFO - Filling up the DagBag from /home/airflow/.local/lib/python3.12/site-packages/airflow/example_dags/example_dataset_alias_with_no_taskflow.py
[2026-04-15T03:15:11.639+0000] {processor.py:925} INFO - DAG(s) 'dataset_s3_bucket_consumer_with_no_taskflow', 'dataset_alias_example_alias_producer_with_no_taskflow', 'dataset_s3_bucket_producer_with_no_taskflow', 'dataset_alias_example_alias_consumer_with_no_taskflow' retrieved from /home/airflow/.local/lib/python3.12/site-packages/airflow/example_dags/example_dataset_alias_with_no_taskflow.py
[2026-04-15T03:15:11.649+0000] {logging_mixin.py:190} INFO - [2026-04-15T03:15:11.649+0000] {dag.py:3239} INFO - Sync 4 DAGs
[2026-04-15T03:15:11.658+0000] {logging_mixin.py:190} INFO - [2026-04-15T03:15:11.658+0000] {dag.py:4180} INFO - Setting next_dagrun for dataset_alias_example_alias_consumer_with_no_taskflow to None, run_after=None
[2026-04-15T03:15:11.659+0000] {logging_mixin.py:190} INFO - [2026-04-15T03:15:11.659+0000] {dag.py:4180} INFO - Setting next_dagrun for dataset_alias_example_alias_producer_with_no_taskflow to None, run_after=None
[2026-04-15T03:15:11.660+0000] {logging_mixin.py:190} INFO - [2026-04-15T03:15:11.660+0000] {dag.py:4180} INFO - Setting next_dagrun for dataset_s3_bucket_consumer_with_no_taskflow to None, run_after=None
[2026-04-15T03:15:11.660+0000] {logging_mixin.py:190} INFO - [2026-04-15T03:15:11.660+0000] {dag.py:4180} INFO - Setting next_dagrun for dataset_s3_bucket_producer_with_no_taskflow to None, run_after=None
[2026-04-15T03:15:11.670+0000] {processor.py:208} INFO - Processing /home/airflow/.local/lib/python3.12/site-packages/airflow/example_dags/example_dataset_alias_with_no_taskflow.py took 0.469 seconds
[2026-04-15T03:15:41.849+0000] {processor.py:186} INFO - Started process (PID=43011) to work on /home/airflow/.local/lib/python3.12/site-packages/airflow/example_dags/example_dataset_alias_with_no_taskflow.py
[2026-04-15T03:15:41.851+0000] {processor.py:914} INFO - Processing file /home/airflow/.local/lib/python3.12/site-packages/airflow/example_dags/example_dataset_alias_with_no_taskflow.py for tasks to queue
[2026-04-15T03:15:41.854+0000] {logging_mixin.py:190} INFO - [2026-04-15T03:15:41.854+0000] {dagbag.py:588} INFO - Filling up the DagBag from /home/airflow/.local/lib/python3.12/site-packages/airflow/example_dags/example_dataset_alias_with_no_taskflow.py
[2026-04-15T03:15:42.367+0000] {processor.py:925} INFO - DAG(s) 'dataset_alias_example_alias_consumer_with_no_taskflow', 'dataset_s3_bucket_consumer_with_no_taskflow', 'dataset_alias_example_alias_producer_with_no_taskflow', 'dataset_s3_bucket_producer_with_no_taskflow' retrieved from /home/airflow/.local/lib/python3.12/site-packages/airflow/example_dags/example_dataset_alias_with_no_taskflow.py
[2026-04-15T03:15:42.378+0000] {logging_mixin.py:190} INFO - [2026-04-15T03:15:42.377+0000] {dag.py:3239} INFO - Sync 4 DAGs
[2026-04-15T03:15:42.387+0000] {logging_mixin.py:190} INFO - [2026-04-15T03:15:42.387+0000] {dag.py:4180} INFO - Setting next_dagrun for dataset_alias_example_alias_consumer_with_no_taskflow to None, run_after=None
[2026-04-15T03:15:42.389+0000] {logging_mixin.py:190} INFO - [2026-04-15T03:15:42.389+0000] {dag.py:4180} INFO - Setting next_dagrun for dataset_alias_example_alias_producer_with_no_taskflow to None, run_after=None
[2026-04-15T03:15:42.391+0000] {logging_mixin.py:190} INFO - [2026-04-15T03:15:42.391+0000] {dag.py:4180} INFO - Setting next_dagrun for dataset_s3_bucket_consumer_with_no_taskflow to None, run_after=None
[2026-04-15T03:15:42.392+0000] {logging_mixin.py:190} INFO - [2026-04-15T03:15:42.392+0000] {dag.py:4180} INFO - Setting next_dagrun for dataset_s3_bucket_producer_with_no_taskflow to None, run_after=None
[2026-04-15T03:15:42.411+0000] {processor.py:208} INFO - Processing /home/airflow/.local/lib/python3.12/site-packages/airflow/example_dags/example_dataset_alias_with_no_taskflow.py took 0.572 seconds
[2026-04-15T03:16:13.110+0000] {processor.py:186} INFO - Started process (PID=43075) to work on /home/airflow/.local/lib/python3.12/site-packages/airflow/example_dags/example_dataset_alias_with_no_taskflow.py
[2026-04-15T03:16:13.116+0000] {processor.py:914} INFO - Processing file /home/airflow/.local/lib/python3.12/site-packages/airflow/example_dags/example_dataset_alias_with_no_taskflow.py for tasks to queue
[2026-04-15T03:16:13.117+0000] {logging_mixin.py:190} INFO - [2026-04-15T03:16:13.117+0000] {dagbag.py:588} INFO - Filling up the DagBag from /home/airflow/.local/lib/python3.12/site-packages/airflow/example_dags/example_dataset_alias_with_no_taskflow.py
[2026-04-15T03:16:13.722+0000] {processor.py:925} INFO - DAG(s) 'dataset_s3_bucket_consumer_with_no_taskflow', 'dataset_alias_example_alias_producer_with_no_taskflow', 'dataset_s3_bucket_producer_with_no_taskflow', 'dataset_alias_example_alias_consumer_with_no_taskflow' retrieved from /home/airflow/.local/lib/python3.12/site-packages/airflow/example_dags/example_dataset_alias_with_no_taskflow.py
[2026-04-15T03:16:13.732+0000] {logging_mixin.py:190} INFO - [2026-04-15T03:16:13.731+0000] {dag.py:3239} INFO - Sync 4 DAGs
[2026-04-15T03:16:13.743+0000] {logging_mixin.py:190} INFO - [2026-04-15T03:16:13.743+0000] {dag.py:4180} INFO - Setting next_dagrun for dataset_alias_example_alias_consumer_with_no_taskflow to None, run_after=None
[2026-04-15T03:16:13.745+0000] {logging_mixin.py:190} INFO - [2026-04-15T03:16:13.744+0000] {dag.py:4180} INFO - Setting next_dagrun for dataset_alias_example_alias_producer_with_no_taskflow to None, run_after=None
[2026-04-15T03:16:13.746+0000] {logging_mixin.py:190} INFO - [2026-04-15T03:16:13.746+0000] {dag.py:4180} INFO - Setting next_dagrun for dataset_s3_bucket_consumer_with_no_taskflow to None, run_after=None
[2026-04-15T03:16:13.746+0000] {logging_mixin.py:190} INFO - [2026-04-15T03:16:13.746+0000] {dag.py:4180} INFO - Setting next_dagrun for dataset_s3_bucket_producer_with_no_taskflow to None, run_after=None
[2026-04-15T03:16:13.757+0000] {processor.py:208} INFO - Processing /home/airflow/.local/lib/python3.12/site-packages/airflow/example_dags/example_dataset_alias_with_no_taskflow.py took 0.660 seconds
[2026-04-15T03:16:44.777+0000] {processor.py:186} INFO - Started process (PID=43139) to work on /home/airflow/.local/lib/python3.12/site-packages/airflow/example_dags/example_dataset_alias_with_no_taskflow.py
[2026-04-15T03:16:44.780+0000] {processor.py:914} INFO - Processing file /home/airflow/.local/lib/python3.12/site-packages/airflow/example_dags/example_dataset_alias_with_no_taskflow.py for tasks to queue
[2026-04-15T03:16:44.783+0000] {logging_mixin.py:190} INFO - [2026-04-15T03:16:44.782+0000] {dagbag.py:588} INFO - Filling up the DagBag from /home/airflow/.local/lib/python3.12/site-packages/airflow/example_dags/example_dataset_alias_with_no_taskflow.py
[2026-04-15T03:16:45.335+0000] {processor.py:925} INFO - DAG(s) 'dataset_s3_bucket_consumer_with_no_taskflow', 'dataset_alias_example_alias_producer_with_no_taskflow', 'dataset_s3_bucket_producer_with_no_taskflow', 'dataset_alias_example_alias_consumer_with_no_taskflow' retrieved from /home/airflow/.local/lib/python3.12/site-packages/airflow/example_dags/example_dataset_alias_with_no_taskflow.py
[2026-04-15T03:16:45.349+0000] {logging_mixin.py:190} INFO - [2026-04-15T03:16:45.348+0000] {dag.py:3239} INFO - Sync 4 DAGs
[2026-04-15T03:16:45.356+0000] {logging_mixin.py:190} INFO - [2026-04-15T03:16:45.356+0000] {dag.py:4180} INFO - Setting next_dagrun for dataset_alias_example_alias_consumer_with_no_taskflow to None, run_after=None
[2026-04-15T03:16:45.357+0000] {logging_mixin.py:190} INFO - [2026-04-15T03:16:45.357+0000] {dag.py:4180} INFO - Setting next_dagrun for dataset_alias_example_alias_producer_with_no_taskflow to None, run_after=None
[2026-04-15T03:16:45.358+0000] {logging_mixin.py:190} INFO - [2026-04-15T03:16:45.358+0000] {dag.py:4180} INFO - Setting next_dagrun for dataset_s3_bucket_consumer_with_no_taskflow to None, run_after=None
[2026-04-15T03:16:45.359+0000] {logging_mixin.py:190} INFO - [2026-04-15T03:16:45.359+0000] {dag.py:4180} INFO - Setting next_dagrun for dataset_s3_bucket_producer_with_no_taskflow to None, run_after=None
[2026-04-15T03:16:45.370+0000] {processor.py:208} INFO - Processing /home/airflow/.local/lib/python3.12/site-packages/airflow/example_dags/example_dataset_alias_with_no_taskflow.py took 0.602 seconds
[2026-04-15T03:17:15.660+0000] {processor.py:186} INFO - Started process (PID=43203) to work on /home/airflow/.local/lib/python3.12/site-packages/airflow/example_dags/example_dataset_alias_with_no_taskflow.py
[2026-04-15T03:17:15.663+0000] {processor.py:914} INFO - Processing file /home/airflow/.local/lib/python3.12/site-packages/airflow/example_dags/example_dataset_alias_with_no_taskflow.py for tasks to queue
[2026-04-15T03:17:15.666+0000] {logging_mixin.py:190} INFO - [2026-04-15T03:17:15.665+0000] {dagbag.py:588} INFO - Filling up the DagBag from /home/airflow/.local/lib/python3.12/site-packages/airflow/example_dags/example_dataset_alias_with_no_taskflow.py
[2026-04-15T03:17:16.245+0000] {processor.py:925} INFO - DAG(s) 'dataset_alias_example_alias_consumer_with_no_taskflow', 'dataset_alias_example_alias_producer_with_no_taskflow', 'dataset_s3_bucket_producer_with_no_taskflow', 'dataset_s3_bucket_consumer_with_no_taskflow' retrieved from /home/airflow/.local/lib/python3.12/site-packages/airflow/example_dags/example_dataset_alias_with_no_taskflow.py
[2026-04-15T03:17:16.256+0000] {logging_mixin.py:190} INFO - [2026-04-15T03:17:16.255+0000] {dag.py:3239} INFO - Sync 4 DAGs
[2026-04-15T03:17:16.265+0000] {logging_mixin.py:190} INFO - [2026-04-15T03:17:16.265+0000] {dag.py:4180} INFO - Setting next_dagrun for dataset_alias_example_alias_consumer_with_no_taskflow to None, run_after=None
[2026-04-15T03:17:16.267+0000] {logging_mixin.py:190} INFO - [2026-04-15T03:17:16.267+0000] {dag.py:4180} INFO - Setting next_dagrun for dataset_alias_example_alias_producer_with_no_taskflow to None, run_after=None
[2026-04-15T03:17:16.267+0000] {logging_mixin.py:190} INFO - [2026-04-15T03:17:16.267+0000] {dag.py:4180} INFO - Setting next_dagrun for dataset_s3_bucket_consumer_with_no_taskflow to None, run_after=None
[2026-04-15T03:17:16.268+0000] {logging_mixin.py:190} INFO - [2026-04-15T03:17:16.268+0000] {dag.py:4180} INFO - Setting next_dagrun for dataset_s3_bucket_producer_with_no_taskflow to None, run_after=None
[2026-04-15T03:17:16.278+0000] {processor.py:208} INFO - Processing /home/airflow/.local/lib/python3.12/site-packages/airflow/example_dags/example_dataset_alias_with_no_taskflow.py took 0.632 seconds
[2026-04-15T03:17:46.636+0000] {processor.py:186} INFO - Started process (PID=43267) to work on /home/airflow/.local/lib/python3.12/site-packages/airflow/example_dags/example_dataset_alias_with_no_taskflow.py
[2026-04-15T03:17:46.638+0000] {processor.py:914} INFO - Processing file /home/airflow/.local/lib/python3.12/site-packages/airflow/example_dags/example_dataset_alias_with_no_taskflow.py for tasks to queue
[2026-04-15T03:17:46.640+0000] {logging_mixin.py:190} INFO - [2026-04-15T03:17:46.640+0000] {dagbag.py:588} INFO - Filling up the DagBag from /home/airflow/.local/lib/python3.12/site-packages/airflow/example_dags/example_dataset_alias_with_no_taskflow.py
[2026-04-15T03:17:47.122+0000] {processor.py:925} INFO - DAG(s) 'dataset_s3_bucket_producer_with_no_taskflow', 'dataset_alias_example_alias_producer_with_no_taskflow', 'dataset_alias_example_alias_consumer_with_no_taskflow', 'dataset_s3_bucket_consumer_with_no_taskflow' retrieved from /home/airflow/.local/lib/python3.12/site-packages/airflow/example_dags/example_dataset_alias_with_no_taskflow.py
[2026-04-15T03:17:47.133+0000] {logging_mixin.py:190} INFO - [2026-04-15T03:17:47.132+0000] {dag.py:3239} INFO - Sync 4 DAGs
[2026-04-15T03:17:47.143+0000] {logging_mixin.py:190} INFO - [2026-04-15T03:17:47.143+0000] {dag.py:4180} INFO - Setting next_dagrun for dataset_alias_example_alias_consumer_with_no_taskflow to None, run_after=None
[2026-04-15T03:17:47.144+0000] {logging_mixin.py:190} INFO - [2026-04-15T03:17:47.144+0000] {dag.py:4180} INFO - Setting next_dagrun for dataset_alias_example_alias_producer_with_no_taskflow to None, run_after=None
[2026-04-15T03:17:47.145+0000] {logging_mixin.py:190} INFO - [2026-04-15T03:17:47.145+0000] {dag.py:4180} INFO - Setting next_dagrun for dataset_s3_bucket_consumer_with_no_taskflow to None, run_after=None
[2026-04-15T03:17:47.146+0000] {logging_mixin.py:190} INFO - [2026-04-15T03:17:47.146+0000] {dag.py:4180} INFO - Setting next_dagrun for dataset_s3_bucket_producer_with_no_taskflow to None, run_after=None
[2026-04-15T03:17:47.156+0000] {processor.py:208} INFO - Processing /home/airflow/.local/lib/python3.12/site-packages/airflow/example_dags/example_dataset_alias_with_no_taskflow.py took 0.527 seconds
[2026-04-15T03:18:17.226+0000] {processor.py:186} INFO - Started process (PID=43331) to work on /home/airflow/.local/lib/python3.12/site-packages/airflow/example_dags/example_dataset_alias_with_no_taskflow.py
[2026-04-15T03:18:17.230+0000] {processor.py:914} INFO - Processing file /home/airflow/.local/lib/python3.12/site-packages/airflow/example_dags/example_dataset_alias_with_no_taskflow.py for tasks to queue
[2026-04-15T03:18:17.231+0000] {logging_mixin.py:190} INFO - [2026-04-15T03:18:17.230+0000] {dagbag.py:588} INFO - Filling up the DagBag from /home/airflow/.local/lib/python3.12/site-packages/airflow/example_dags/example_dataset_alias_with_no_taskflow.py
[2026-04-15T03:18:17.530+0000] {processor.py:925} INFO - DAG(s) 'dataset_alias_example_alias_consumer_with_no_taskflow', 'dataset_alias_example_alias_producer_with_no_taskflow', 'dataset_s3_bucket_consumer_with_no_taskflow', 'dataset_s3_bucket_producer_with_no_taskflow' retrieved from /home/airflow/.local/lib/python3.12/site-packages/airflow/example_dags/example_dataset_alias_with_no_taskflow.py
[2026-04-15T03:18:17.552+0000] {logging_mixin.py:190} INFO - [2026-04-15T03:18:17.552+0000] {dag.py:3239} INFO - Sync 4 DAGs
[2026-04-15T03:18:17.566+0000] {logging_mixin.py:190} INFO - [2026-04-15T03:18:17.566+0000] {dag.py:4180} INFO - Setting next_dagrun for dataset_alias_example_alias_consumer_with_no_taskflow to None, run_after=None
[2026-04-15T03:18:17.569+0000] {logging_mixin.py:190} INFO - [2026-04-15T03:18:17.569+0000] {dag.py:4180} INFO - Setting next_dagrun for dataset_alias_example_alias_producer_with_no_taskflow to None, run_after=None
[2026-04-15T03:18:17.570+0000] {logging_mixin.py:190} INFO - [2026-04-15T03:18:17.570+0000] {dag.py:4180} INFO - Setting next_dagrun for dataset_s3_bucket_consumer_with_no_taskflow to None, run_after=None
[2026-04-15T03:18:17.572+0000] {logging_mixin.py:190} INFO - [2026-04-15T03:18:17.571+0000] {dag.py:4180} INFO - Setting next_dagrun for dataset_s3_bucket_producer_with_no_taskflow to None, run_after=None
[2026-04-15T03:18:17.583+0000] {processor.py:208} INFO - Processing /home/airflow/.local/lib/python3.12/site-packages/airflow/example_dags/example_dataset_alias_with_no_taskflow.py took 0.363 seconds
[2026-04-15T03:18:48.530+0000] {processor.py:186} INFO - Started process (PID=43401) to work on /home/airflow/.local/lib/python3.12/site-packages/airflow/example_dags/example_dataset_alias_with_no_taskflow.py
[2026-04-15T03:18:48.531+0000] {processor.py:914} INFO - Processing file /home/airflow/.local/lib/python3.12/site-packages/airflow/example_dags/example_dataset_alias_with_no_taskflow.py for tasks to queue
[2026-04-15T03:18:48.532+0000] {logging_mixin.py:190} INFO - [2026-04-15T03:18:48.532+0000] {dagbag.py:588} INFO - Filling up the DagBag from /home/airflow/.local/lib/python3.12/site-packages/airflow/example_dags/example_dataset_alias_with_no_taskflow.py
[2026-04-15T03:18:48.799+0000] {processor.py:925} INFO - DAG(s) 'dataset_s3_bucket_producer_with_no_taskflow', 'dataset_alias_example_alias_consumer_with_no_taskflow', 'dataset_s3_bucket_consumer_with_no_taskflow', 'dataset_alias_example_alias_producer_with_no_taskflow' retrieved from /home/airflow/.local/lib/python3.12/site-packages/airflow/example_dags/example_dataset_alias_with_no_taskflow.py
[2026-04-15T03:18:48.811+0000] {logging_mixin.py:190} INFO - [2026-04-15T03:18:48.811+0000] {dag.py:3239} INFO - Sync 4 DAGs
[2026-04-15T03:18:48.821+0000] {logging_mixin.py:190} INFO - [2026-04-15T03:18:48.821+0000] {dag.py:4180} INFO - Setting next_dagrun for dataset_alias_example_alias_consumer_with_no_taskflow to None, run_after=None
[2026-04-15T03:18:48.822+0000] {logging_mixin.py:190} INFO - [2026-04-15T03:18:48.822+0000] {dag.py:4180} INFO - Setting next_dagrun for dataset_alias_example_alias_producer_with_no_taskflow to None, run_after=None
[2026-04-15T03:18:48.824+0000] {logging_mixin.py:190} INFO - [2026-04-15T03:18:48.824+0000] {dag.py:4180} INFO - Setting next_dagrun for dataset_s3_bucket_consumer_with_no_taskflow to None, run_after=None
[2026-04-15T03:18:48.825+0000] {logging_mixin.py:190} INFO - [2026-04-15T03:18:48.825+0000] {dag.py:4180} INFO - Setting next_dagrun for dataset_s3_bucket_producer_with_no_taskflow to None, run_after=None
[2026-04-15T03:18:48.833+0000] {processor.py:208} INFO - Processing /home/airflow/.local/lib/python3.12/site-packages/airflow/example_dags/example_dataset_alias_with_no_taskflow.py took 0.309 seconds
[2026-04-15T03:19:18.914+0000] {processor.py:186} INFO - Started process (PID=43465) to work on /home/airflow/.local/lib/python3.12/site-packages/airflow/example_dags/example_dataset_alias_with_no_taskflow.py
[2026-04-15T03:19:18.916+0000] {processor.py:914} INFO - Processing file /home/airflow/.local/lib/python3.12/site-packages/airflow/example_dags/example_dataset_alias_with_no_taskflow.py for tasks to queue
[2026-04-15T03:19:18.918+0000] {logging_mixin.py:190} INFO - [2026-04-15T03:19:18.917+0000] {dagbag.py:588} INFO - Filling up the DagBag from /home/airflow/.local/lib/python3.12/site-packages/airflow/example_dags/example_dataset_alias_with_no_taskflow.py
[2026-04-15T03:19:19.221+0000] {processor.py:925} INFO - DAG(s) 'dataset_alias_example_alias_producer_with_no_taskflow', 'dataset_s3_bucket_producer_with_no_taskflow', 'dataset_s3_bucket_consumer_with_no_taskflow', 'dataset_alias_example_alias_consumer_with_no_taskflow' retrieved from /home/airflow/.local/lib/python3.12/site-packages/airflow/example_dags/example_dataset_alias_with_no_taskflow.py
[2026-04-15T03:19:19.232+0000] {logging_mixin.py:190} INFO - [2026-04-15T03:19:19.231+0000] {dag.py:3239} INFO - Sync 4 DAGs
[2026-04-15T03:19:19.240+0000] {logging_mixin.py:190} INFO - [2026-04-15T03:19:19.240+0000] {dag.py:4180} INFO - Setting next_dagrun for dataset_alias_example_alias_consumer_with_no_taskflow to None, run_after=None
[2026-04-15T03:19:19.242+0000] {logging_mixin.py:190} INFO - [2026-04-15T03:19:19.242+0000] {dag.py:4180} INFO - Setting next_dagrun for dataset_alias_example_alias_producer_with_no_taskflow to None, run_after=None
[2026-04-15T03:19:19.242+0000] {logging_mixin.py:190} INFO - [2026-04-15T03:19:19.242+0000] {dag.py:4180} INFO - Setting next_dagrun for dataset_s3_bucket_consumer_with_no_taskflow to None, run_after=None
[2026-04-15T03:19:19.243+0000] {logging_mixin.py:190} INFO - [2026-04-15T03:19:19.242+0000] {dag.py:4180} INFO - Setting next_dagrun for dataset_s3_bucket_producer_with_no_taskflow to None, run_after=None
[2026-04-15T03:19:19.252+0000] {processor.py:208} INFO - Processing /home/airflow/.local/lib/python3.12/site-packages/airflow/example_dags/example_dataset_alias_with_no_taskflow.py took 0.345 seconds
[2026-04-15T03:19:50.239+0000] {processor.py:186} INFO - Started process (PID=43528) to work on /home/airflow/.local/lib/python3.12/site-packages/airflow/example_dags/example_dataset_alias_with_no_taskflow.py
[2026-04-15T03:19:50.242+0000] {processor.py:914} INFO - Processing file /home/airflow/.local/lib/python3.12/site-packages/airflow/example_dags/example_dataset_alias_with_no_taskflow.py for tasks to queue
[2026-04-15T03:19:50.243+0000] {logging_mixin.py:190} INFO - [2026-04-15T03:19:50.243+0000] {dagbag.py:588} INFO - Filling up the DagBag from /home/airflow/.local/lib/python3.12/site-packages/airflow/example_dags/example_dataset_alias_with_no_taskflow.py
[2026-04-15T03:19:50.546+0000] {processor.py:925} INFO - DAG(s) 'dataset_s3_bucket_consumer_with_no_taskflow', 'dataset_s3_bucket_producer_with_no_taskflow', 'dataset_alias_example_alias_producer_with_no_taskflow', 'dataset_alias_example_alias_consumer_with_no_taskflow' retrieved from /home/airflow/.local/lib/python3.12/site-packages/airflow/example_dags/example_dataset_alias_with_no_taskflow.py
[2026-04-15T03:19:50.556+0000] {logging_mixin.py:190} INFO - [2026-04-15T03:19:50.556+0000] {dag.py:3239} INFO - Sync 4 DAGs
[2026-04-15T03:19:50.566+0000] {logging_mixin.py:190} INFO - [2026-04-15T03:19:50.566+0000] {dag.py:4180} INFO - Setting next_dagrun for dataset_alias_example_alias_consumer_with_no_taskflow to None, run_after=None
[2026-04-15T03:19:50.569+0000] {logging_mixin.py:190} INFO - [2026-04-15T03:19:50.569+0000] {dag.py:4180} INFO - Setting next_dagrun for dataset_alias_example_alias_producer_with_no_taskflow to None, run_after=None
[2026-04-15T03:19:50.571+0000] {logging_mixin.py:190} INFO - [2026-04-15T03:19:50.571+0000] {dag.py:4180} INFO - Setting next_dagrun for dataset_s3_bucket_consumer_with_no_taskflow to None, run_after=None
[2026-04-15T03:19:50.571+0000] {logging_mixin.py:190} INFO - [2026-04-15T03:19:50.571+0000] {dag.py:4180} INFO - Setting next_dagrun for dataset_s3_bucket_producer_with_no_taskflow to None, run_after=None
[2026-04-15T03:19:50.582+0000] {processor.py:208} INFO - Processing /home/airflow/.local/lib/python3.12/site-packages/airflow/example_dags/example_dataset_alias_with_no_taskflow.py took 0.350 seconds
[2026-04-15T03:20:20.667+0000] {processor.py:186} INFO - Started process (PID=43592) to work on /home/airflow/.local/lib/python3.12/site-packages/airflow/example_dags/example_dataset_alias_with_no_taskflow.py
[2026-04-15T03:20:20.668+0000] {processor.py:914} INFO - Processing file /home/airflow/.local/lib/python3.12/site-packages/airflow/example_dags/example_dataset_alias_with_no_taskflow.py for tasks to queue
[2026-04-15T03:20:20.669+0000] {logging_mixin.py:190} INFO - [2026-04-15T03:20:20.669+0000] {dagbag.py:588} INFO - Filling up the DagBag from /home/airflow/.local/lib/python3.12/site-packages/airflow/example_dags/example_dataset_alias_with_no_taskflow.py
[2026-04-15T03:20:20.937+0000] {processor.py:925} INFO - DAG(s) 'dataset_s3_bucket_consumer_with_no_taskflow', 'dataset_s3_bucket_producer_with_no_taskflow', 'dataset_alias_example_alias_consumer_with_no_taskflow', 'dataset_alias_example_alias_producer_with_no_taskflow' retrieved from /home/airflow/.local/lib/python3.12/site-packages/airflow/example_dags/example_dataset_alias_with_no_taskflow.py
[2026-04-15T03:20:20.947+0000] {logging_mixin.py:190} INFO - [2026-04-15T03:20:20.947+0000] {dag.py:3239} INFO - Sync 4 DAGs
[2026-04-15T03:20:20.957+0000] {logging_mixin.py:190} INFO - [2026-04-15T03:20:20.957+0000] {dag.py:4180} INFO - Setting next_dagrun for dataset_alias_example_alias_consumer_with_no_taskflow to None, run_after=None
[2026-04-15T03:20:20.958+0000] {logging_mixin.py:190} INFO - [2026-04-15T03:20:20.958+0000] {dag.py:4180} INFO - Setting next_dagrun for dataset_alias_example_alias_producer_with_no_taskflow to None, run_after=None
[2026-04-15T03:20:20.961+0000] {logging_mixin.py:190} INFO - [2026-04-15T03:20:20.961+0000] {dag.py:4180} INFO - Setting next_dagrun for dataset_s3_bucket_consumer_with_no_taskflow to None, run_after=None
[2026-04-15T03:20:20.962+0000] {logging_mixin.py:190} INFO - [2026-04-15T03:20:20.962+0000] {dag.py:4180} INFO - Setting next_dagrun for dataset_s3_bucket_producer_with_no_taskflow to None, run_after=None
[2026-04-15T03:20:20.972+0000] {processor.py:208} INFO - Processing /home/airflow/.local/lib/python3.12/site-packages/airflow/example_dags/example_dataset_alias_with_no_taskflow.py took 0.312 seconds
[2026-04-15T03:20:51.159+0000] {processor.py:186} INFO - Started process (PID=43656) to work on /home/airflow/.local/lib/python3.12/site-packages/airflow/example_dags/example_dataset_alias_with_no_taskflow.py
[2026-04-15T03:20:51.160+0000] {processor.py:914} INFO - Processing file /home/airflow/.local/lib/python3.12/site-packages/airflow/example_dags/example_dataset_alias_with_no_taskflow.py for tasks to queue
[2026-04-15T03:20:51.163+0000] {logging_mixin.py:190} INFO - [2026-04-15T03:20:51.163+0000] {dagbag.py:588} INFO - Filling up the DagBag from /home/airflow/.local/lib/python3.12/site-packages/airflow/example_dags/example_dataset_alias_with_no_taskflow.py
[2026-04-15T03:20:51.540+0000] {processor.py:925} INFO - DAG(s) 'dataset_alias_example_alias_producer_with_no_taskflow', 'dataset_alias_example_alias_consumer_with_no_taskflow', 'dataset_s3_bucket_consumer_with_no_taskflow', 'dataset_s3_bucket_producer_with_no_taskflow' retrieved from /home/airflow/.local/lib/python3.12/site-packages/airflow/example_dags/example_dataset_alias_with_no_taskflow.py
[2026-04-15T03:20:51.550+0000] {logging_mixin.py:190} INFO - [2026-04-15T03:20:51.550+0000] {dag.py:3239} INFO - Sync 4 DAGs
[2026-04-15T03:20:51.566+0000] {logging_mixin.py:190} INFO - [2026-04-15T03:20:51.565+0000] {dag.py:4180} INFO - Setting next_dagrun for dataset_alias_example_alias_consumer_with_no_taskflow to None, run_after=None
[2026-04-15T03:20:51.567+0000] {logging_mixin.py:190} INFO - [2026-04-15T03:20:51.566+0000] {dag.py:4180} INFO - Setting next_dagrun for dataset_alias_example_alias_producer_with_no_taskflow to None, run_after=None
[2026-04-15T03:20:51.567+0000] {logging_mixin.py:190} INFO - [2026-04-15T03:20:51.567+0000] {dag.py:4180} INFO - Setting next_dagrun for dataset_s3_bucket_consumer_with_no_taskflow to None, run_after=None
[2026-04-15T03:20:51.568+0000] {logging_mixin.py:190} INFO - [2026-04-15T03:20:51.568+0000] {dag.py:4180} INFO - Setting next_dagrun for dataset_s3_bucket_producer_with_no_taskflow to None, run_after=None
[2026-04-15T03:20:51.580+0000] {processor.py:208} INFO - Processing /home/airflow/.local/lib/python3.12/site-packages/airflow/example_dags/example_dataset_alias_with_no_taskflow.py took 0.428 seconds
[2026-04-15T03:21:21.738+0000] {processor.py:186} INFO - Started process (PID=43720) to work on /home/airflow/.local/lib/python3.12/site-packages/airflow/example_dags/example_dataset_alias_with_no_taskflow.py
[2026-04-15T03:21:21.741+0000] {processor.py:914} INFO - Processing file /home/airflow/.local/lib/python3.12/site-packages/airflow/example_dags/example_dataset_alias_with_no_taskflow.py for tasks to queue
[2026-04-15T03:21:21.742+0000] {logging_mixin.py:190} INFO - [2026-04-15T03:21:21.742+0000] {dagbag.py:588} INFO - Filling up the DagBag from /home/airflow/.local/lib/python3.12/site-packages/airflow/example_dags/example_dataset_alias_with_no_taskflow.py
[2026-04-15T03:21:21.953+0000] {processor.py:925} INFO - DAG(s) 'dataset_alias_example_alias_producer_with_no_taskflow', 'dataset_s3_bucket_consumer_with_no_taskflow', 'dataset_alias_example_alias_consumer_with_no_taskflow', 'dataset_s3_bucket_producer_with_no_taskflow' retrieved from /home/airflow/.local/lib/python3.12/site-packages/airflow/example_dags/example_dataset_alias_with_no_taskflow.py
[2026-04-15T03:21:21.961+0000] {logging_mixin.py:190} INFO - [2026-04-15T03:21:21.961+0000] {dag.py:3239} INFO - Sync 4 DAGs
[2026-04-15T03:21:21.970+0000] {logging_mixin.py:190} INFO - [2026-04-15T03:21:21.970+0000] {dag.py:4180} INFO - Setting next_dagrun for dataset_alias_example_alias_consumer_with_no_taskflow to None, run_after=None
[2026-04-15T03:21:21.972+0000] {logging_mixin.py:190} INFO - [2026-04-15T03:21:21.972+0000] {dag.py:4180} INFO - Setting next_dagrun for dataset_alias_example_alias_producer_with_no_taskflow to None, run_after=None
[2026-04-15T03:21:21.973+0000] {logging_mixin.py:190} INFO - [2026-04-15T03:21:21.973+0000] {dag.py:4180} INFO - Setting next_dagrun for dataset_s3_bucket_consumer_with_no_taskflow to None, run_after=None
[2026-04-15T03:21:21.975+0000] {logging_mixin.py:190} INFO - [2026-04-15T03:21:21.975+0000] {dag.py:4180} INFO - Setting next_dagrun for dataset_s3_bucket_producer_with_no_taskflow to None, run_after=None
[2026-04-15T03:21:21.984+0000] {processor.py:208} INFO - Processing /home/airflow/.local/lib/python3.12/site-packages/airflow/example_dags/example_dataset_alias_with_no_taskflow.py took 0.251 seconds
[2026-04-15T03:21:53.005+0000] {processor.py:186} INFO - Started process (PID=43784) to work on /home/airflow/.local/lib/python3.12/site-packages/airflow/example_dags/example_dataset_alias_with_no_taskflow.py
[2026-04-15T03:21:53.006+0000] {processor.py:914} INFO - Processing file /home/airflow/.local/lib/python3.12/site-packages/airflow/example_dags/example_dataset_alias_with_no_taskflow.py for tasks to queue
[2026-04-15T03:21:53.008+0000] {logging_mixin.py:190} INFO - [2026-04-15T03:21:53.008+0000] {dagbag.py:588} INFO - Filling up the DagBag from /home/airflow/.local/lib/python3.12/site-packages/airflow/example_dags/example_dataset_alias_with_no_taskflow.py
[2026-04-15T03:21:53.582+0000] {processor.py:925} INFO - DAG(s) 'dataset_alias_example_alias_producer_with_no_taskflow', 'dataset_alias_example_alias_consumer_with_no_taskflow', 'dataset_s3_bucket_consumer_with_no_taskflow', 'dataset_s3_bucket_producer_with_no_taskflow' retrieved from /home/airflow/.local/lib/python3.12/site-packages/airflow/example_dags/example_dataset_alias_with_no_taskflow.py
[2026-04-15T03:21:53.603+0000] {logging_mixin.py:190} INFO - [2026-04-15T03:21:53.602+0000] {dag.py:3239} INFO - Sync 4 DAGs
[2026-04-15T03:21:53.623+0000] {logging_mixin.py:190} INFO - [2026-04-15T03:21:53.622+0000] {dag.py:4180} INFO - Setting next_dagrun for dataset_alias_example_alias_consumer_with_no_taskflow to None, run_after=None
[2026-04-15T03:21:53.629+0000] {logging_mixin.py:190} INFO - [2026-04-15T03:21:53.628+0000] {dag.py:4180} INFO - Setting next_dagrun for dataset_alias_example_alias_producer_with_no_taskflow to None, run_after=None
[2026-04-15T03:21:53.631+0000] {logging_mixin.py:190} INFO - [2026-04-15T03:21:53.630+0000] {dag.py:4180} INFO - Setting next_dagrun for dataset_s3_bucket_consumer_with_no_taskflow to None, run_after=None
[2026-04-15T03:21:53.631+0000] {logging_mixin.py:190} INFO - [2026-04-15T03:21:53.631+0000] {dag.py:4180} INFO - Setting next_dagrun for dataset_s3_bucket_producer_with_no_taskflow to None, run_after=None
[2026-04-15T03:21:53.645+0000] {processor.py:208} INFO - Processing /home/airflow/.local/lib/python3.12/site-packages/airflow/example_dags/example_dataset_alias_with_no_taskflow.py took 0.645 seconds
[2026-04-15T03:22:24.256+0000] {processor.py:186} INFO - Started process (PID=43848) to work on /home/airflow/.local/lib/python3.12/site-packages/airflow/example_dags/example_dataset_alias_with_no_taskflow.py
[2026-04-15T03:22:24.259+0000] {processor.py:914} INFO - Processing file /home/airflow/.local/lib/python3.12/site-packages/airflow/example_dags/example_dataset_alias_with_no_taskflow.py for tasks to queue
[2026-04-15T03:22:24.262+0000] {logging_mixin.py:190} INFO - [2026-04-15T03:22:24.261+0000] {dagbag.py:588} INFO - Filling up the DagBag from /home/airflow/.local/lib/python3.12/site-packages/airflow/example_dags/example_dataset_alias_with_no_taskflow.py
[2026-04-15T03:22:24.572+0000] {processor.py:925} INFO - DAG(s) 'dataset_alias_example_alias_consumer_with_no_taskflow', 'dataset_s3_bucket_producer_with_no_taskflow', 'dataset_alias_example_alias_producer_with_no_taskflow', 'dataset_s3_bucket_consumer_with_no_taskflow' retrieved from /home/airflow/.local/lib/python3.12/site-packages/airflow/example_dags/example_dataset_alias_with_no_taskflow.py
[2026-04-15T03:22:24.582+0000] {logging_mixin.py:190} INFO - [2026-04-15T03:22:24.582+0000] {dag.py:3239} INFO - Sync 4 DAGs
[2026-04-15T03:22:24.590+0000] {logging_mixin.py:190} INFO - [2026-04-15T03:22:24.590+0000] {dag.py:4180} INFO - Setting next_dagrun for dataset_alias_example_alias_consumer_with_no_taskflow to None, run_after=None
[2026-04-15T03:22:24.594+0000] {logging_mixin.py:190} INFO - [2026-04-15T03:22:24.594+0000] {dag.py:4180} INFO - Setting next_dagrun for dataset_alias_example_alias_producer_with_no_taskflow to None, run_after=None
[2026-04-15T03:22:24.594+0000] {logging_mixin.py:190} INFO - [2026-04-15T03:22:24.594+0000] {dag.py:4180} INFO - Setting next_dagrun for dataset_s3_bucket_consumer_with_no_taskflow to None, run_after=None
[2026-04-15T03:22:24.595+0000] {logging_mixin.py:190} INFO - [2026-04-15T03:22:24.595+0000] {dag.py:4180} INFO - Setting next_dagrun for dataset_s3_bucket_producer_with_no_taskflow to None, run_after=None
[2026-04-15T03:22:24.603+0000] {processor.py:208} INFO - Processing /home/airflow/.local/lib/python3.12/site-packages/airflow/example_dags/example_dataset_alias_with_no_taskflow.py took 0.352 seconds
[2026-04-15T03:22:55.553+0000] {processor.py:186} INFO - Started process (PID=43912) to work on /home/airflow/.local/lib/python3.12/site-packages/airflow/example_dags/example_dataset_alias_with_no_taskflow.py
[2026-04-15T03:22:55.555+0000] {processor.py:914} INFO - Processing file /home/airflow/.local/lib/python3.12/site-packages/airflow/example_dags/example_dataset_alias_with_no_taskflow.py for tasks to queue
[2026-04-15T03:22:55.557+0000] {logging_mixin.py:190} INFO - [2026-04-15T03:22:55.557+0000] {dagbag.py:588} INFO - Filling up the DagBag from /home/airflow/.local/lib/python3.12/site-packages/airflow/example_dags/example_dataset_alias_with_no_taskflow.py
[2026-04-15T03:22:55.807+0000] {processor.py:925} INFO - DAG(s) 'dataset_s3_bucket_producer_with_no_taskflow', 'dataset_alias_example_alias_producer_with_no_taskflow', 'dataset_s3_bucket_consumer_with_no_taskflow', 'dataset_alias_example_alias_consumer_with_no_taskflow' retrieved from /home/airflow/.local/lib/python3.12/site-packages/airflow/example_dags/example_dataset_alias_with_no_taskflow.py
[2026-04-15T03:22:55.817+0000] {logging_mixin.py:190} INFO - [2026-04-15T03:22:55.816+0000] {dag.py:3239} INFO - Sync 4 DAGs
[2026-04-15T03:22:55.829+0000] {logging_mixin.py:190} INFO - [2026-04-15T03:22:55.829+0000] {dag.py:4180} INFO - Setting next_dagrun for dataset_alias_example_alias_consumer_with_no_taskflow to None, run_after=None
[2026-04-15T03:22:55.831+0000] {logging_mixin.py:190} INFO - [2026-04-15T03:22:55.831+0000] {dag.py:4180} INFO - Setting next_dagrun for dataset_alias_example_alias_producer_with_no_taskflow to None, run_after=None
[2026-04-15T03:22:55.832+0000] {logging_mixin.py:190} INFO - [2026-04-15T03:22:55.832+0000] {dag.py:4180} INFO - Setting next_dagrun for dataset_s3_bucket_consumer_with_no_taskflow to None, run_after=None
[2026-04-15T03:22:55.832+0000] {logging_mixin.py:190} INFO - [2026-04-15T03:22:55.832+0000] {dag.py:4180} INFO - Setting next_dagrun for dataset_s3_bucket_producer_with_no_taskflow to None, run_after=None
[2026-04-15T03:22:55.842+0000] {processor.py:208} INFO - Processing /home/airflow/.local/lib/python3.12/site-packages/airflow/example_dags/example_dataset_alias_with_no_taskflow.py took 0.296 seconds
[2026-04-15T03:23:26.744+0000] {processor.py:186} INFO - Started process (PID=43976) to work on /home/airflow/.local/lib/python3.12/site-packages/airflow/example_dags/example_dataset_alias_with_no_taskflow.py
[2026-04-15T03:23:26.748+0000] {processor.py:914} INFO - Processing file /home/airflow/.local/lib/python3.12/site-packages/airflow/example_dags/example_dataset_alias_with_no_taskflow.py for tasks to queue
[2026-04-15T03:23:26.749+0000] {logging_mixin.py:190} INFO - [2026-04-15T03:23:26.748+0000] {dagbag.py:588} INFO - Filling up the DagBag from /home/airflow/.local/lib/python3.12/site-packages/airflow/example_dags/example_dataset_alias_with_no_taskflow.py
[2026-04-15T03:23:26.995+0000] {processor.py:925} INFO - DAG(s) 'dataset_s3_bucket_producer_with_no_taskflow', 'dataset_alias_example_alias_consumer_with_no_taskflow', 'dataset_alias_example_alias_producer_with_no_taskflow', 'dataset_s3_bucket_consumer_with_no_taskflow' retrieved from /home/airflow/.local/lib/python3.12/site-packages/airflow/example_dags/example_dataset_alias_with_no_taskflow.py
[2026-04-15T03:23:27.004+0000] {logging_mixin.py:190} INFO - [2026-04-15T03:23:27.004+0000] {dag.py:3239} INFO - Sync 4 DAGs
[2026-04-15T03:23:27.013+0000] {logging_mixin.py:190} INFO - [2026-04-15T03:23:27.013+0000] {dag.py:4180} INFO - Setting next_dagrun for dataset_alias_example_alias_consumer_with_no_taskflow to None, run_after=None
[2026-04-15T03:23:27.015+0000] {logging_mixin.py:190} INFO - [2026-04-15T03:23:27.015+0000] {dag.py:4180} INFO - Setting next_dagrun for dataset_alias_example_alias_producer_with_no_taskflow to None, run_after=None
[2026-04-15T03:23:27.016+0000] {logging_mixin.py:190} INFO - [2026-04-15T03:23:27.016+0000] {dag.py:4180} INFO - Setting next_dagrun for dataset_s3_bucket_consumer_with_no_taskflow to None, run_after=None
[2026-04-15T03:23:27.017+0000] {logging_mixin.py:190} INFO - [2026-04-15T03:23:27.017+0000] {dag.py:4180} INFO - Setting next_dagrun for dataset_s3_bucket_producer_with_no_taskflow to None, run_after=None
[2026-04-15T03:23:27.027+0000] {processor.py:208} INFO - Processing /home/airflow/.local/lib/python3.12/site-packages/airflow/example_dags/example_dataset_alias_with_no_taskflow.py took 0.287 seconds
[2026-04-15T03:23:57.974+0000] {processor.py:186} INFO - Started process (PID=44040) to work on /home/airflow/.local/lib/python3.12/site-packages/airflow/example_dags/example_dataset_alias_with_no_taskflow.py
[2026-04-15T03:23:57.977+0000] {processor.py:914} INFO - Processing file /home/airflow/.local/lib/python3.12/site-packages/airflow/example_dags/example_dataset_alias_with_no_taskflow.py for tasks to queue
[2026-04-15T03:23:57.978+0000] {logging_mixin.py:190} INFO - [2026-04-15T03:23:57.977+0000] {dagbag.py:588} INFO - Filling up the DagBag from /home/airflow/.local/lib/python3.12/site-packages/airflow/example_dags/example_dataset_alias_with_no_taskflow.py
[2026-04-15T03:23:58.227+0000] {processor.py:925} INFO - DAG(s) 'dataset_alias_example_alias_consumer_with_no_taskflow', 'dataset_alias_example_alias_producer_with_no_taskflow', 'dataset_s3_bucket_producer_with_no_taskflow', 'dataset_s3_bucket_consumer_with_no_taskflow' retrieved from /home/airflow/.local/lib/python3.12/site-packages/airflow/example_dags/example_dataset_alias_with_no_taskflow.py
[2026-04-15T03:23:58.235+0000] {logging_mixin.py:190} INFO - [2026-04-15T03:23:58.235+0000] {dag.py:3239} INFO - Sync 4 DAGs
[2026-04-15T03:23:58.244+0000] {logging_mixin.py:190} INFO - [2026-04-15T03:23:58.244+0000] {dag.py:4180} INFO - Setting next_dagrun for dataset_alias_example_alias_consumer_with_no_taskflow to None, run_after=None
[2026-04-15T03:23:58.245+0000] {logging_mixin.py:190} INFO - [2026-04-15T03:23:58.245+0000] {dag.py:4180} INFO - Setting next_dagrun for dataset_alias_example_alias_producer_with_no_taskflow to None, run_after=None
[2026-04-15T03:23:58.246+0000] {logging_mixin.py:190} INFO - [2026-04-15T03:23:58.246+0000] {dag.py:4180} INFO - Setting next_dagrun for dataset_s3_bucket_consumer_with_no_taskflow to None, run_after=None
[2026-04-15T03:23:58.249+0000] {logging_mixin.py:190} INFO - [2026-04-15T03:23:58.249+0000] {dag.py:4180} INFO - Setting next_dagrun for dataset_s3_bucket_producer_with_no_taskflow to None, run_after=None
[2026-04-15T03:23:58.258+0000] {processor.py:208} INFO - Processing /home/airflow/.local/lib/python3.12/site-packages/airflow/example_dags/example_dataset_alias_with_no_taskflow.py took 0.288 seconds
[2026-04-15T03:24:29.290+0000] {processor.py:186} INFO - Started process (PID=44104) to work on /home/airflow/.local/lib/python3.12/site-packages/airflow/example_dags/example_dataset_alias_with_no_taskflow.py
[2026-04-15T03:24:29.293+0000] {processor.py:914} INFO - Processing file /home/airflow/.local/lib/python3.12/site-packages/airflow/example_dags/example_dataset_alias_with_no_taskflow.py for tasks to queue
[2026-04-15T03:24:29.295+0000] {logging_mixin.py:190} INFO - [2026-04-15T03:24:29.295+0000] {dagbag.py:588} INFO - Filling up the DagBag from /home/airflow/.local/lib/python3.12/site-packages/airflow/example_dags/example_dataset_alias_with_no_taskflow.py
[2026-04-15T03:24:29.724+0000] {processor.py:925} INFO - DAG(s) 'dataset_s3_bucket_consumer_with_no_taskflow', 'dataset_alias_example_alias_producer_with_no_taskflow', 'dataset_alias_example_alias_consumer_with_no_taskflow', 'dataset_s3_bucket_producer_with_no_taskflow' retrieved from /home/airflow/.local/lib/python3.12/site-packages/airflow/example_dags/example_dataset_alias_with_no_taskflow.py
[2026-04-15T03:24:29.735+0000] {logging_mixin.py:190} INFO - [2026-04-15T03:24:29.734+0000] {dag.py:3239} INFO - Sync 4 DAGs
[2026-04-15T03:24:29.745+0000] {logging_mixin.py:190} INFO - [2026-04-15T03:24:29.745+0000] {dag.py:4180} INFO - Setting next_dagrun for dataset_alias_example_alias_consumer_with_no_taskflow to None, run_after=None
[2026-04-15T03:24:29.746+0000] {logging_mixin.py:190} INFO - [2026-04-15T03:24:29.746+0000] {dag.py:4180} INFO - Setting next_dagrun for dataset_alias_example_alias_producer_with_no_taskflow to None, run_after=None
[2026-04-15T03:24:29.748+0000] {logging_mixin.py:190} INFO - [2026-04-15T03:24:29.748+0000] {dag.py:4180} INFO - Setting next_dagrun for dataset_s3_bucket_consumer_with_no_taskflow to None, run_after=None
[2026-04-15T03:24:29.749+0000] {logging_mixin.py:190} INFO - [2026-04-15T03:24:29.749+0000] {dag.py:4180} INFO - Setting next_dagrun for dataset_s3_bucket_producer_with_no_taskflow to None, run_after=None
[2026-04-15T03:24:29.764+0000] {processor.py:208} INFO - Processing /home/airflow/.local/lib/python3.12/site-packages/airflow/example_dags/example_dataset_alias_with_no_taskflow.py took 0.481 seconds
[2026-04-15T03:24:59.858+0000] {processor.py:186} INFO - Started process (PID=44168) to work on /home/airflow/.local/lib/python3.12/site-packages/airflow/example_dags/example_dataset_alias_with_no_taskflow.py
[2026-04-15T03:24:59.858+0000] {processor.py:914} INFO - Processing file /home/airflow/.local/lib/python3.12/site-packages/airflow/example_dags/example_dataset_alias_with_no_taskflow.py for tasks to queue
[2026-04-15T03:24:59.859+0000] {logging_mixin.py:190} INFO - [2026-04-15T03:24:59.859+0000] {dagbag.py:588} INFO - Filling up the DagBag from /home/airflow/.local/lib/python3.12/site-packages/airflow/example_dags/example_dataset_alias_with_no_taskflow.py
[2026-04-15T03:25:00.208+0000] {processor.py:925} INFO - DAG(s) 'dataset_s3_bucket_consumer_with_no_taskflow', 'dataset_alias_example_alias_consumer_with_no_taskflow', 'dataset_alias_example_alias_producer_with_no_taskflow', 'dataset_s3_bucket_producer_with_no_taskflow' retrieved from /home/airflow/.local/lib/python3.12/site-packages/airflow/example_dags/example_dataset_alias_with_no_taskflow.py
[2026-04-15T03:25:00.218+0000] {logging_mixin.py:190} INFO - [2026-04-15T03:25:00.217+0000] {dag.py:3239} INFO - Sync 4 DAGs
[2026-04-15T03:25:00.229+0000] {logging_mixin.py:190} INFO - [2026-04-15T03:25:00.229+0000] {dag.py:4180} INFO - Setting next_dagrun for dataset_alias_example_alias_consumer_with_no_taskflow to None, run_after=None
[2026-04-15T03:25:00.230+0000] {logging_mixin.py:190} INFO - [2026-04-15T03:25:00.230+0000] {dag.py:4180} INFO - Setting next_dagrun for dataset_alias_example_alias_producer_with_no_taskflow to None, run_after=None
[2026-04-15T03:25:00.230+0000] {logging_mixin.py:190} INFO - [2026-04-15T03:25:00.230+0000] {dag.py:4180} INFO - Setting next_dagrun for dataset_s3_bucket_consumer_with_no_taskflow to None, run_after=None
[2026-04-15T03:25:00.232+0000] {logging_mixin.py:190} INFO - [2026-04-15T03:25:00.232+0000] {dag.py:4180} INFO - Setting next_dagrun for dataset_s3_bucket_producer_with_no_taskflow to None, run_after=None
[2026-04-15T03:25:00.240+0000] {processor.py:208} INFO - Processing /home/airflow/.local/lib/python3.12/site-packages/airflow/example_dags/example_dataset_alias_with_no_taskflow.py took 0.386 seconds
[2026-04-15T03:25:31.257+0000] {processor.py:186} INFO - Started process (PID=44232) to work on /home/airflow/.local/lib/python3.12/site-packages/airflow/example_dags/example_dataset_alias_with_no_taskflow.py
[2026-04-15T03:25:31.258+0000] {processor.py:914} INFO - Processing file /home/airflow/.local/lib/python3.12/site-packages/airflow/example_dags/example_dataset_alias_with_no_taskflow.py for tasks to queue
[2026-04-15T03:25:31.259+0000] {logging_mixin.py:190} INFO - [2026-04-15T03:25:31.259+0000] {dagbag.py:588} INFO - Filling up the DagBag from /home/airflow/.local/lib/python3.12/site-packages/airflow/example_dags/example_dataset_alias_with_no_taskflow.py
[2026-04-15T03:25:31.503+0000] {processor.py:925} INFO - DAG(s) 'dataset_alias_example_alias_producer_with_no_taskflow', 'dataset_s3_bucket_consumer_with_no_taskflow', 'dataset_alias_example_alias_consumer_with_no_taskflow', 'dataset_s3_bucket_producer_with_no_taskflow' retrieved from /home/airflow/.local/lib/python3.12/site-packages/airflow/example_dags/example_dataset_alias_with_no_taskflow.py
[2026-04-15T03:25:31.513+0000] {logging_mixin.py:190} INFO - [2026-04-15T03:25:31.513+0000] {dag.py:3239} INFO - Sync 4 DAGs
[2026-04-15T03:25:31.521+0000] {logging_mixin.py:190} INFO - [2026-04-15T03:25:31.521+0000] {dag.py:4180} INFO - Setting next_dagrun for dataset_alias_example_alias_consumer_with_no_taskflow to None, run_after=None
[2026-04-15T03:25:31.523+0000] {logging_mixin.py:190} INFO - [2026-04-15T03:25:31.523+0000] {dag.py:4180} INFO - Setting next_dagrun for dataset_alias_example_alias_producer_with_no_taskflow to None, run_after=None
[2026-04-15T03:25:31.524+0000] {logging_mixin.py:190} INFO - [2026-04-15T03:25:31.524+0000] {dag.py:4180} INFO - Setting next_dagrun for dataset_s3_bucket_consumer_with_no_taskflow to None, run_after=None
[2026-04-15T03:25:31.525+0000] {logging_mixin.py:190} INFO - [2026-04-15T03:25:31.525+0000] {dag.py:4180} INFO - Setting next_dagrun for dataset_s3_bucket_producer_with_no_taskflow to None, run_after=None
[2026-04-15T03:25:31.535+0000] {processor.py:208} INFO - Processing /home/airflow/.local/lib/python3.12/site-packages/airflow/example_dags/example_dataset_alias_with_no_taskflow.py took 0.284 seconds
[2026-04-15T03:26:01.642+0000] {processor.py:186} INFO - Started process (PID=44296) to work on /home/airflow/.local/lib/python3.12/site-packages/airflow/example_dags/example_dataset_alias_with_no_taskflow.py
[2026-04-15T03:26:01.644+0000] {processor.py:914} INFO - Processing file /home/airflow/.local/lib/python3.12/site-packages/airflow/example_dags/example_dataset_alias_with_no_taskflow.py for tasks to queue
[2026-04-15T03:26:01.648+0000] {logging_mixin.py:190} INFO - [2026-04-15T03:26:01.648+0000] {dagbag.py:588} INFO - Filling up the DagBag from /home/airflow/.local/lib/python3.12/site-packages/airflow/example_dags/example_dataset_alias_with_no_taskflow.py
[2026-04-15T03:26:01.889+0000] {processor.py:925} INFO - DAG(s) 'dataset_s3_bucket_producer_with_no_taskflow', 'dataset_alias_example_alias_producer_with_no_taskflow', 'dataset_alias_example_alias_consumer_with_no_taskflow', 'dataset_s3_bucket_consumer_with_no_taskflow' retrieved from /home/airflow/.local/lib/python3.12/site-packages/airflow/example_dags/example_dataset_alias_with_no_taskflow.py
[2026-04-15T03:26:01.899+0000] {logging_mixin.py:190} INFO - [2026-04-15T03:26:01.898+0000] {dag.py:3239} INFO - Sync 4 DAGs
[2026-04-15T03:26:01.908+0000] {logging_mixin.py:190} INFO - [2026-04-15T03:26:01.908+0000] {dag.py:4180} INFO - Setting next_dagrun for dataset_alias_example_alias_consumer_with_no_taskflow to None, run_after=None
[2026-04-15T03:26:01.909+0000] {logging_mixin.py:190} INFO - [2026-04-15T03:26:01.909+0000] {dag.py:4180} INFO - Setting next_dagrun for dataset_alias_example_alias_producer_with_no_taskflow to None, run_after=None
[2026-04-15T03:26:01.910+0000] {logging_mixin.py:190} INFO - [2026-04-15T03:26:01.910+0000] {dag.py:4180} INFO - Setting next_dagrun for dataset_s3_bucket_consumer_with_no_taskflow to None, run_after=None
[2026-04-15T03:26:01.911+0000] {logging_mixin.py:190} INFO - [2026-04-15T03:26:01.911+0000] {dag.py:4180} INFO - Setting next_dagrun for dataset_s3_bucket_producer_with_no_taskflow to None, run_after=None
[2026-04-15T03:26:01.920+0000] {processor.py:208} INFO - Processing /home/airflow/.local/lib/python3.12/site-packages/airflow/example_dags/example_dataset_alias_with_no_taskflow.py took 0.282 seconds
[2026-04-15T03:26:32.026+0000] {processor.py:186} INFO - Started process (PID=44360) to work on /home/airflow/.local/lib/python3.12/site-packages/airflow/example_dags/example_dataset_alias_with_no_taskflow.py
[2026-04-15T03:26:32.028+0000] {processor.py:914} INFO - Processing file /home/airflow/.local/lib/python3.12/site-packages/airflow/example_dags/example_dataset_alias_with_no_taskflow.py for tasks to queue
[2026-04-15T03:26:32.029+0000] {logging_mixin.py:190} INFO - [2026-04-15T03:26:32.029+0000] {dagbag.py:588} INFO - Filling up the DagBag from /home/airflow/.local/lib/python3.12/site-packages/airflow/example_dags/example_dataset_alias_with_no_taskflow.py
[2026-04-15T03:26:32.322+0000] {processor.py:925} INFO - DAG(s) 'dataset_alias_example_alias_consumer_with_no_taskflow', 'dataset_s3_bucket_producer_with_no_taskflow', 'dataset_alias_example_alias_producer_with_no_taskflow', 'dataset_s3_bucket_consumer_with_no_taskflow' retrieved from /home/airflow/.local/lib/python3.12/site-packages/airflow/example_dags/example_dataset_alias_with_no_taskflow.py
[2026-04-15T03:26:32.333+0000] {logging_mixin.py:190} INFO - [2026-04-15T03:26:32.333+0000] {dag.py:3239} INFO - Sync 4 DAGs
[2026-04-15T03:26:32.342+0000] {logging_mixin.py:190} INFO - [2026-04-15T03:26:32.342+0000] {dag.py:4180} INFO - Setting next_dagrun for dataset_alias_example_alias_consumer_with_no_taskflow to None, run_after=None
[2026-04-15T03:26:32.346+0000] {logging_mixin.py:190} INFO - [2026-04-15T03:26:32.346+0000] {dag.py:4180} INFO - Setting next_dagrun for dataset_alias_example_alias_producer_with_no_taskflow to None, run_after=None
[2026-04-15T03:26:32.346+0000] {logging_mixin.py:190} INFO - [2026-04-15T03:26:32.346+0000] {dag.py:4180} INFO - Setting next_dagrun for dataset_s3_bucket_consumer_with_no_taskflow to None, run_after=None
[2026-04-15T03:26:32.346+0000] {logging_mixin.py:190} INFO - [2026-04-15T03:26:32.346+0000] {dag.py:4180} INFO - Setting next_dagrun for dataset_s3_bucket_producer_with_no_taskflow to None, run_after=None
[2026-04-15T03:26:32.356+0000] {processor.py:208} INFO - Processing /home/airflow/.local/lib/python3.12/site-packages/airflow/example_dags/example_dataset_alias_with_no_taskflow.py took 0.336 seconds
[2026-04-15T03:27:03.311+0000] {processor.py:186} INFO - Started process (PID=44424) to work on /home/airflow/.local/lib/python3.12/site-packages/airflow/example_dags/example_dataset_alias_with_no_taskflow.py
[2026-04-15T03:27:03.312+0000] {processor.py:914} INFO - Processing file /home/airflow/.local/lib/python3.12/site-packages/airflow/example_dags/example_dataset_alias_with_no_taskflow.py for tasks to queue
[2026-04-15T03:27:03.316+0000] {logging_mixin.py:190} INFO - [2026-04-15T03:27:03.316+0000] {dagbag.py:588} INFO - Filling up the DagBag from /home/airflow/.local/lib/python3.12/site-packages/airflow/example_dags/example_dataset_alias_with_no_taskflow.py
[2026-04-15T03:27:03.662+0000] {processor.py:925} INFO - DAG(s) 'dataset_s3_bucket_producer_with_no_taskflow', 'dataset_alias_example_alias_producer_with_no_taskflow', 'dataset_s3_bucket_consumer_with_no_taskflow', 'dataset_alias_example_alias_consumer_with_no_taskflow' retrieved from /home/airflow/.local/lib/python3.12/site-packages/airflow/example_dags/example_dataset_alias_with_no_taskflow.py
[2026-04-15T03:27:03.671+0000] {logging_mixin.py:190} INFO - [2026-04-15T03:27:03.671+0000] {dag.py:3239} INFO - Sync 4 DAGs
[2026-04-15T03:27:03.681+0000] {logging_mixin.py:190} INFO - [2026-04-15T03:27:03.681+0000] {dag.py:4180} INFO - Setting next_dagrun for dataset_alias_example_alias_consumer_with_no_taskflow to None, run_after=None
[2026-04-15T03:27:03.682+0000] {logging_mixin.py:190} INFO - [2026-04-15T03:27:03.682+0000] {dag.py:4180} INFO - Setting next_dagrun for dataset_alias_example_alias_producer_with_no_taskflow to None, run_after=None
[2026-04-15T03:27:03.685+0000] {logging_mixin.py:190} INFO - [2026-04-15T03:27:03.685+0000] {dag.py:4180} INFO - Setting next_dagrun for dataset_s3_bucket_consumer_with_no_taskflow to None, run_after=None
[2026-04-15T03:27:03.685+0000] {logging_mixin.py:190} INFO - [2026-04-15T03:27:03.685+0000] {dag.py:4180} INFO - Setting next_dagrun for dataset_s3_bucket_producer_with_no_taskflow to None, run_after=None
[2026-04-15T03:27:03.696+0000] {processor.py:208} INFO - Processing /home/airflow/.local/lib/python3.12/site-packages/airflow/example_dags/example_dataset_alias_with_no_taskflow.py took 0.389 seconds
[2026-04-15T03:27:34.532+0000] {processor.py:186} INFO - Started process (PID=44488) to work on /home/airflow/.local/lib/python3.12/site-packages/airflow/example_dags/example_dataset_alias_with_no_taskflow.py
[2026-04-15T03:27:34.533+0000] {processor.py:914} INFO - Processing file /home/airflow/.local/lib/python3.12/site-packages/airflow/example_dags/example_dataset_alias_with_no_taskflow.py for tasks to queue
[2026-04-15T03:27:34.533+0000] {logging_mixin.py:190} INFO - [2026-04-15T03:27:34.533+0000] {dagbag.py:588} INFO - Filling up the DagBag from /home/airflow/.local/lib/python3.12/site-packages/airflow/example_dags/example_dataset_alias_with_no_taskflow.py
[2026-04-15T03:27:34.793+0000] {processor.py:925} INFO - DAG(s) 'dataset_alias_example_alias_producer_with_no_taskflow', 'dataset_alias_example_alias_consumer_with_no_taskflow', 'dataset_s3_bucket_consumer_with_no_taskflow', 'dataset_s3_bucket_producer_with_no_taskflow' retrieved from /home/airflow/.local/lib/python3.12/site-packages/airflow/example_dags/example_dataset_alias_with_no_taskflow.py
[2026-04-15T03:27:34.802+0000] {logging_mixin.py:190} INFO - [2026-04-15T03:27:34.802+0000] {dag.py:3239} INFO - Sync 4 DAGs
[2026-04-15T03:27:34.812+0000] {logging_mixin.py:190} INFO - [2026-04-15T03:27:34.812+0000] {dag.py:4180} INFO - Setting next_dagrun for dataset_alias_example_alias_consumer_with_no_taskflow to None, run_after=None
[2026-04-15T03:27:34.813+0000] {logging_mixin.py:190} INFO - [2026-04-15T03:27:34.813+0000] {dag.py:4180} INFO - Setting next_dagrun for dataset_alias_example_alias_producer_with_no_taskflow to None, run_after=None
[2026-04-15T03:27:34.815+0000] {logging_mixin.py:190} INFO - [2026-04-15T03:27:34.815+0000] {dag.py:4180} INFO - Setting next_dagrun for dataset_s3_bucket_consumer_with_no_taskflow to None, run_after=None
[2026-04-15T03:27:34.816+0000] {logging_mixin.py:190} INFO - [2026-04-15T03:27:34.816+0000] {dag.py:4180} INFO - Setting next_dagrun for dataset_s3_bucket_producer_with_no_taskflow to None, run_after=None
[2026-04-15T03:27:34.826+0000] {processor.py:208} INFO - Processing /home/airflow/.local/lib/python3.12/site-packages/airflow/example_dags/example_dataset_alias_with_no_taskflow.py took 0.298 seconds
[2026-04-15T03:28:05.756+0000] {processor.py:186} INFO - Started process (PID=44552) to work on /home/airflow/.local/lib/python3.12/site-packages/airflow/example_dags/example_dataset_alias_with_no_taskflow.py
[2026-04-15T03:28:05.760+0000] {processor.py:914} INFO - Processing file /home/airflow/.local/lib/python3.12/site-packages/airflow/example_dags/example_dataset_alias_with_no_taskflow.py for tasks to queue
[2026-04-15T03:28:05.760+0000] {logging_mixin.py:190} INFO - [2026-04-15T03:28:05.760+0000] {dagbag.py:588} INFO - Filling up the DagBag from /home/airflow/.local/lib/python3.12/site-packages/airflow/example_dags/example_dataset_alias_with_no_taskflow.py
[2026-04-15T03:28:06.034+0000] {processor.py:925} INFO - DAG(s) 'dataset_alias_example_alias_consumer_with_no_taskflow', 'dataset_s3_bucket_consumer_with_no_taskflow', 'dataset_s3_bucket_producer_with_no_taskflow', 'dataset_alias_example_alias_producer_with_no_taskflow' retrieved from /home/airflow/.local/lib/python3.12/site-packages/airflow/example_dags/example_dataset_alias_with_no_taskflow.py
[2026-04-15T03:28:06.041+0000] {logging_mixin.py:190} INFO - [2026-04-15T03:28:06.041+0000] {dag.py:3239} INFO - Sync 4 DAGs
[2026-04-15T03:28:06.049+0000] {logging_mixin.py:190} INFO - [2026-04-15T03:28:06.049+0000] {dag.py:4180} INFO - Setting next_dagrun for dataset_alias_example_alias_consumer_with_no_taskflow to None, run_after=None
[2026-04-15T03:28:06.050+0000] {logging_mixin.py:190} INFO - [2026-04-15T03:28:06.050+0000] {dag.py:4180} INFO - Setting next_dagrun for dataset_alias_example_alias_producer_with_no_taskflow to None, run_after=None
[2026-04-15T03:28:06.050+0000] {logging_mixin.py:190} INFO - [2026-04-15T03:28:06.050+0000] {dag.py:4180} INFO - Setting next_dagrun for dataset_s3_bucket_consumer_with_no_taskflow to None, run_after=None
[2026-04-15T03:28:06.051+0000] {logging_mixin.py:190} INFO - [2026-04-15T03:28:06.051+0000] {dag.py:4180} INFO - Setting next_dagrun for dataset_s3_bucket_producer_with_no_taskflow to None, run_after=None
[2026-04-15T03:28:06.058+0000] {processor.py:208} INFO - Processing /home/airflow/.local/lib/python3.12/site-packages/airflow/example_dags/example_dataset_alias_with_no_taskflow.py took 0.306 seconds
[2026-04-15T03:28:37.030+0000] {processor.py:186} INFO - Started process (PID=44616) to work on /home/airflow/.local/lib/python3.12/site-packages/airflow/example_dags/example_dataset_alias_with_no_taskflow.py
[2026-04-15T03:28:37.031+0000] {processor.py:914} INFO - Processing file /home/airflow/.local/lib/python3.12/site-packages/airflow/example_dags/example_dataset_alias_with_no_taskflow.py for tasks to queue
[2026-04-15T03:28:37.033+0000] {logging_mixin.py:190} INFO - [2026-04-15T03:28:37.032+0000] {dagbag.py:588} INFO - Filling up the DagBag from /home/airflow/.local/lib/python3.12/site-packages/airflow/example_dags/example_dataset_alias_with_no_taskflow.py
[2026-04-15T03:28:37.289+0000] {processor.py:925} INFO - DAG(s) 'dataset_alias_example_alias_consumer_with_no_taskflow', 'dataset_s3_bucket_producer_with_no_taskflow', 'dataset_alias_example_alias_producer_with_no_taskflow', 'dataset_s3_bucket_consumer_with_no_taskflow' retrieved from /home/airflow/.local/lib/python3.12/site-packages/airflow/example_dags/example_dataset_alias_with_no_taskflow.py
[2026-04-15T03:28:37.297+0000] {logging_mixin.py:190} INFO - [2026-04-15T03:28:37.297+0000] {dag.py:3239} INFO - Sync 4 DAGs
[2026-04-15T03:28:37.304+0000] {logging_mixin.py:190} INFO - [2026-04-15T03:28:37.304+0000] {dag.py:4180} INFO - Setting next_dagrun for dataset_alias_example_alias_consumer_with_no_taskflow to None, run_after=None
[2026-04-15T03:28:37.304+0000] {logging_mixin.py:190} INFO - [2026-04-15T03:28:37.304+0000] {dag.py:4180} INFO - Setting next_dagrun for dataset_alias_example_alias_producer_with_no_taskflow to None, run_after=None
[2026-04-15T03:28:37.305+0000] {logging_mixin.py:190} INFO - [2026-04-15T03:28:37.305+0000] {dag.py:4180} INFO - Setting next_dagrun for dataset_s3_bucket_consumer_with_no_taskflow to None, run_after=None
[2026-04-15T03:28:37.305+0000] {logging_mixin.py:190} INFO - [2026-04-15T03:28:37.305+0000] {dag.py:4180} INFO - Setting next_dagrun for dataset_s3_bucket_producer_with_no_taskflow to None, run_after=None
[2026-04-15T03:28:37.314+0000] {processor.py:208} INFO - Processing /home/airflow/.local/lib/python3.12/site-packages/airflow/example_dags/example_dataset_alias_with_no_taskflow.py took 0.289 seconds
[2026-04-15T03:29:08.259+0000] {processor.py:186} INFO - Started process (PID=44679) to work on /home/airflow/.local/lib/python3.12/site-packages/airflow/example_dags/example_dataset_alias_with_no_taskflow.py
[2026-04-15T03:29:08.260+0000] {processor.py:914} INFO - Processing file /home/airflow/.local/lib/python3.12/site-packages/airflow/example_dags/example_dataset_alias_with_no_taskflow.py for tasks to queue
[2026-04-15T03:29:08.263+0000] {logging_mixin.py:190} INFO - [2026-04-15T03:29:08.263+0000] {dagbag.py:588} INFO - Filling up the DagBag from /home/airflow/.local/lib/python3.12/site-packages/airflow/example_dags/example_dataset_alias_with_no_taskflow.py
[2026-04-15T03:29:08.550+0000] {processor.py:925} INFO - DAG(s) 'dataset_alias_example_alias_producer_with_no_taskflow', 'dataset_s3_bucket_producer_with_no_taskflow', 'dataset_s3_bucket_consumer_with_no_taskflow', 'dataset_alias_example_alias_consumer_with_no_taskflow' retrieved from /home/airflow/.local/lib/python3.12/site-packages/airflow/example_dags/example_dataset_alias_with_no_taskflow.py
[2026-04-15T03:29:08.561+0000] {logging_mixin.py:190} INFO - [2026-04-15T03:29:08.561+0000] {dag.py:3239} INFO - Sync 4 DAGs
[2026-04-15T03:29:08.571+0000] {logging_mixin.py:190} INFO - [2026-04-15T03:29:08.571+0000] {dag.py:4180} INFO - Setting next_dagrun for dataset_alias_example_alias_consumer_with_no_taskflow to None, run_after=None
[2026-04-15T03:29:08.574+0000] {logging_mixin.py:190} INFO - [2026-04-15T03:29:08.574+0000] {dag.py:4180} INFO - Setting next_dagrun for dataset_alias_example_alias_producer_with_no_taskflow to None, run_after=None
[2026-04-15T03:29:08.575+0000] {logging_mixin.py:190} INFO - [2026-04-15T03:29:08.575+0000] {dag.py:4180} INFO - Setting next_dagrun for dataset_s3_bucket_consumer_with_no_taskflow to None, run_after=None
[2026-04-15T03:29:08.576+0000] {logging_mixin.py:190} INFO - [2026-04-15T03:29:08.576+0000] {dag.py:4180} INFO - Setting next_dagrun for dataset_s3_bucket_producer_with_no_taskflow to None, run_after=None
[2026-04-15T03:29:08.586+0000] {processor.py:208} INFO - Processing /home/airflow/.local/lib/python3.12/site-packages/airflow/example_dags/example_dataset_alias_with_no_taskflow.py took 0.332 seconds
[2026-04-15T03:29:39.486+0000] {processor.py:186} INFO - Started process (PID=44743) to work on /home/airflow/.local/lib/python3.12/site-packages/airflow/example_dags/example_dataset_alias_with_no_taskflow.py
[2026-04-15T03:29:39.487+0000] {processor.py:914} INFO - Processing file /home/airflow/.local/lib/python3.12/site-packages/airflow/example_dags/example_dataset_alias_with_no_taskflow.py for tasks to queue
[2026-04-15T03:29:39.487+0000] {logging_mixin.py:190} INFO - [2026-04-15T03:29:39.487+0000] {dagbag.py:588} INFO - Filling up the DagBag from /home/airflow/.local/lib/python3.12/site-packages/airflow/example_dags/example_dataset_alias_with_no_taskflow.py
[2026-04-15T03:29:39.725+0000] {processor.py:925} INFO - DAG(s) 'dataset_s3_bucket_producer_with_no_taskflow', 'dataset_alias_example_alias_consumer_with_no_taskflow', 'dataset_alias_example_alias_producer_with_no_taskflow', 'dataset_s3_bucket_consumer_with_no_taskflow' retrieved from /home/airflow/.local/lib/python3.12/site-packages/airflow/example_dags/example_dataset_alias_with_no_taskflow.py
[2026-04-15T03:29:39.735+0000] {logging_mixin.py:190} INFO - [2026-04-15T03:29:39.735+0000] {dag.py:3239} INFO - Sync 4 DAGs
[2026-04-15T03:29:39.744+0000] {logging_mixin.py:190} INFO - [2026-04-15T03:29:39.744+0000] {dag.py:4180} INFO - Setting next_dagrun for dataset_alias_example_alias_consumer_with_no_taskflow to None, run_after=None
[2026-04-15T03:29:39.745+0000] {logging_mixin.py:190} INFO - [2026-04-15T03:29:39.745+0000] {dag.py:4180} INFO - Setting next_dagrun for dataset_alias_example_alias_producer_with_no_taskflow to None, run_after=None
[2026-04-15T03:29:39.745+0000] {logging_mixin.py:190} INFO - [2026-04-15T03:29:39.745+0000] {dag.py:4180} INFO - Setting next_dagrun for dataset_s3_bucket_consumer_with_no_taskflow to None, run_after=None
[2026-04-15T03:29:39.746+0000] {logging_mixin.py:190} INFO - [2026-04-15T03:29:39.746+0000] {dag.py:4180} INFO - Setting next_dagrun for dataset_s3_bucket_producer_with_no_taskflow to None, run_after=None
[2026-04-15T03:29:39.755+0000] {processor.py:208} INFO - Processing /home/airflow/.local/lib/python3.12/site-packages/airflow/example_dags/example_dataset_alias_with_no_taskflow.py took 0.274 seconds
[2026-04-15T03:30:10.583+0000] {processor.py:186} INFO - Started process (PID=44807) to work on /home/airflow/.local/lib/python3.12/site-packages/airflow/example_dags/example_dataset_alias_with_no_taskflow.py
[2026-04-15T03:30:10.585+0000] {processor.py:914} INFO - Processing file /home/airflow/.local/lib/python3.12/site-packages/airflow/example_dags/example_dataset_alias_with_no_taskflow.py for tasks to queue
[2026-04-15T03:30:10.586+0000] {logging_mixin.py:190} INFO - [2026-04-15T03:30:10.586+0000] {dagbag.py:588} INFO - Filling up the DagBag from /home/airflow/.local/lib/python3.12/site-packages/airflow/example_dags/example_dataset_alias_with_no_taskflow.py
[2026-04-15T03:30:10.903+0000] {processor.py:925} INFO - DAG(s) 'dataset_alias_example_alias_producer_with_no_taskflow', 'dataset_alias_example_alias_consumer_with_no_taskflow', 'dataset_s3_bucket_consumer_with_no_taskflow', 'dataset_s3_bucket_producer_with_no_taskflow' retrieved from /home/airflow/.local/lib/python3.12/site-packages/airflow/example_dags/example_dataset_alias_with_no_taskflow.py
[2026-04-15T03:30:10.914+0000] {logging_mixin.py:190} INFO - [2026-04-15T03:30:10.914+0000] {dag.py:3239} INFO - Sync 4 DAGs
[2026-04-15T03:30:10.922+0000] {logging_mixin.py:190} INFO - [2026-04-15T03:30:10.922+0000] {dag.py:4180} INFO - Setting next_dagrun for dataset_alias_example_alias_consumer_with_no_taskflow to None, run_after=None
[2026-04-15T03:30:10.924+0000] {logging_mixin.py:190} INFO - [2026-04-15T03:30:10.924+0000] {dag.py:4180} INFO - Setting next_dagrun for dataset_alias_example_alias_producer_with_no_taskflow to None, run_after=None
[2026-04-15T03:30:10.926+0000] {logging_mixin.py:190} INFO - [2026-04-15T03:30:10.926+0000] {dag.py:4180} INFO - Setting next_dagrun for dataset_s3_bucket_consumer_with_no_taskflow to None, run_after=None
[2026-04-15T03:30:10.926+0000] {logging_mixin.py:190} INFO - [2026-04-15T03:30:10.926+0000] {dag.py:4180} INFO - Setting next_dagrun for dataset_s3_bucket_producer_with_no_taskflow to None, run_after=None
[2026-04-15T03:30:10.936+0000] {processor.py:208} INFO - Processing /home/airflow/.local/lib/python3.12/site-packages/airflow/example_dags/example_dataset_alias_with_no_taskflow.py took 0.358 seconds
[2026-04-15T03:30:42.237+0000] {processor.py:186} INFO - Started process (PID=44876) to work on /home/airflow/.local/lib/python3.12/site-packages/airflow/example_dags/example_dataset_alias_with_no_taskflow.py
[2026-04-15T03:30:42.238+0000] {processor.py:914} INFO - Processing file /home/airflow/.local/lib/python3.12/site-packages/airflow/example_dags/example_dataset_alias_with_no_taskflow.py for tasks to queue
[2026-04-15T03:30:42.238+0000] {logging_mixin.py:190} INFO - [2026-04-15T03:30:42.238+0000] {dagbag.py:588} INFO - Filling up the DagBag from /home/airflow/.local/lib/python3.12/site-packages/airflow/example_dags/example_dataset_alias_with_no_taskflow.py
[2026-04-15T03:30:42.468+0000] {processor.py:925} INFO - DAG(s) 'dataset_alias_example_alias_consumer_with_no_taskflow', 'dataset_s3_bucket_consumer_with_no_taskflow', 'dataset_alias_example_alias_producer_with_no_taskflow', 'dataset_s3_bucket_producer_with_no_taskflow' retrieved from /home/airflow/.local/lib/python3.12/site-packages/airflow/example_dags/example_dataset_alias_with_no_taskflow.py
[2026-04-15T03:30:42.477+0000] {logging_mixin.py:190} INFO - [2026-04-15T03:30:42.477+0000] {dag.py:3239} INFO - Sync 4 DAGs
[2026-04-15T03:30:42.484+0000] {logging_mixin.py:190} INFO - [2026-04-15T03:30:42.484+0000] {dag.py:4180} INFO - Setting next_dagrun for dataset_alias_example_alias_consumer_with_no_taskflow to None, run_after=None
[2026-04-15T03:30:42.484+0000] {logging_mixin.py:190} INFO - [2026-04-15T03:30:42.484+0000] {dag.py:4180} INFO - Setting next_dagrun for dataset_alias_example_alias_producer_with_no_taskflow to None, run_after=None
[2026-04-15T03:30:42.485+0000] {logging_mixin.py:190} INFO - [2026-04-15T03:30:42.485+0000] {dag.py:4180} INFO - Setting next_dagrun for dataset_s3_bucket_consumer_with_no_taskflow to None, run_after=None
[2026-04-15T03:30:42.485+0000] {logging_mixin.py:190} INFO - [2026-04-15T03:30:42.485+0000] {dag.py:4180} INFO - Setting next_dagrun for dataset_s3_bucket_producer_with_no_taskflow to None, run_after=None
[2026-04-15T03:30:42.491+0000] {processor.py:208} INFO - Processing /home/airflow/.local/lib/python3.12/site-packages/airflow/example_dags/example_dataset_alias_with_no_taskflow.py took 0.256 seconds
[2026-04-15T03:31:12.578+0000] {processor.py:186} INFO - Started process (PID=44941) to work on /home/airflow/.local/lib/python3.12/site-packages/airflow/example_dags/example_dataset_alias_with_no_taskflow.py
[2026-04-15T03:31:12.579+0000] {processor.py:914} INFO - Processing file /home/airflow/.local/lib/python3.12/site-packages/airflow/example_dags/example_dataset_alias_with_no_taskflow.py for tasks to queue
[2026-04-15T03:31:12.579+0000] {logging_mixin.py:190} INFO - [2026-04-15T03:31:12.579+0000] {dagbag.py:588} INFO - Filling up the DagBag from /home/airflow/.local/lib/python3.12/site-packages/airflow/example_dags/example_dataset_alias_with_no_taskflow.py
[2026-04-15T03:31:12.802+0000] {processor.py:925} INFO - DAG(s) 'dataset_s3_bucket_producer_with_no_taskflow', 'dataset_alias_example_alias_producer_with_no_taskflow', 'dataset_alias_example_alias_consumer_with_no_taskflow', 'dataset_s3_bucket_consumer_with_no_taskflow' retrieved from /home/airflow/.local/lib/python3.12/site-packages/airflow/example_dags/example_dataset_alias_with_no_taskflow.py
[2026-04-15T03:31:12.812+0000] {logging_mixin.py:190} INFO - [2026-04-15T03:31:12.812+0000] {dag.py:3239} INFO - Sync 4 DAGs
[2026-04-15T03:31:12.820+0000] {logging_mixin.py:190} INFO - [2026-04-15T03:31:12.820+0000] {dag.py:4180} INFO - Setting next_dagrun for dataset_alias_example_alias_consumer_with_no_taskflow to None, run_after=None
[2026-04-15T03:31:12.821+0000] {logging_mixin.py:190} INFO - [2026-04-15T03:31:12.821+0000] {dag.py:4180} INFO - Setting next_dagrun for dataset_alias_example_alias_producer_with_no_taskflow to None, run_after=None
[2026-04-15T03:31:12.822+0000] {logging_mixin.py:190} INFO - [2026-04-15T03:31:12.822+0000] {dag.py:4180} INFO - Setting next_dagrun for dataset_s3_bucket_consumer_with_no_taskflow to None, run_after=None
[2026-04-15T03:31:12.822+0000] {logging_mixin.py:190} INFO - [2026-04-15T03:31:12.822+0000] {dag.py:4180} INFO - Setting next_dagrun for dataset_s3_bucket_producer_with_no_taskflow to None, run_after=None
[2026-04-15T03:31:12.832+0000] {processor.py:208} INFO - Processing /home/airflow/.local/lib/python3.12/site-packages/airflow/example_dags/example_dataset_alias_with_no_taskflow.py took 0.256 seconds
[2026-04-15T03:31:42.944+0000] {processor.py:186} INFO - Started process (PID=45005) to work on /home/airflow/.local/lib/python3.12/site-packages/airflow/example_dags/example_dataset_alias_with_no_taskflow.py
[2026-04-15T03:31:42.944+0000] {processor.py:914} INFO - Processing file /home/airflow/.local/lib/python3.12/site-packages/airflow/example_dags/example_dataset_alias_with_no_taskflow.py for tasks to queue
[2026-04-15T03:31:42.945+0000] {logging_mixin.py:190} INFO - [2026-04-15T03:31:42.945+0000] {dagbag.py:588} INFO - Filling up the DagBag from /home/airflow/.local/lib/python3.12/site-packages/airflow/example_dags/example_dataset_alias_with_no_taskflow.py
[2026-04-15T03:31:43.161+0000] {processor.py:925} INFO - DAG(s) 'dataset_s3_bucket_producer_with_no_taskflow', 'dataset_s3_bucket_consumer_with_no_taskflow', 'dataset_alias_example_alias_consumer_with_no_taskflow', 'dataset_alias_example_alias_producer_with_no_taskflow' retrieved from /home/airflow/.local/lib/python3.12/site-packages/airflow/example_dags/example_dataset_alias_with_no_taskflow.py
[2026-04-15T03:31:43.171+0000] {logging_mixin.py:190} INFO - [2026-04-15T03:31:43.171+0000] {dag.py:3239} INFO - Sync 4 DAGs
[2026-04-15T03:31:43.179+0000] {logging_mixin.py:190} INFO - [2026-04-15T03:31:43.179+0000] {dag.py:4180} INFO - Setting next_dagrun for dataset_alias_example_alias_consumer_with_no_taskflow to None, run_after=None
[2026-04-15T03:31:43.180+0000] {logging_mixin.py:190} INFO - [2026-04-15T03:31:43.180+0000] {dag.py:4180} INFO - Setting next_dagrun for dataset_alias_example_alias_producer_with_no_taskflow to None, run_after=None
[2026-04-15T03:31:43.180+0000] {logging_mixin.py:190} INFO - [2026-04-15T03:31:43.180+0000] {dag.py:4180} INFO - Setting next_dagrun for dataset_s3_bucket_consumer_with_no_taskflow to None, run_after=None
[2026-04-15T03:31:43.181+0000] {logging_mixin.py:190} INFO - [2026-04-15T03:31:43.181+0000] {dag.py:4180} INFO - Setting next_dagrun for dataset_s3_bucket_producer_with_no_taskflow to None, run_after=None
[2026-04-15T03:31:43.186+0000] {processor.py:208} INFO - Processing /home/airflow/.local/lib/python3.12/site-packages/airflow/example_dags/example_dataset_alias_with_no_taskflow.py took 0.245 seconds
[2026-04-15T03:32:13.333+0000] {processor.py:186} INFO - Started process (PID=45069) to work on /home/airflow/.local/lib/python3.12/site-packages/airflow/example_dags/example_dataset_alias_with_no_taskflow.py
[2026-04-15T03:32:13.333+0000] {processor.py:914} INFO - Processing file /home/airflow/.local/lib/python3.12/site-packages/airflow/example_dags/example_dataset_alias_with_no_taskflow.py for tasks to queue
[2026-04-15T03:32:13.334+0000] {logging_mixin.py:190} INFO - [2026-04-15T03:32:13.334+0000] {dagbag.py:588} INFO - Filling up the DagBag from /home/airflow/.local/lib/python3.12/site-packages/airflow/example_dags/example_dataset_alias_with_no_taskflow.py
[2026-04-15T03:32:13.576+0000] {processor.py:925} INFO - DAG(s) 'dataset_s3_bucket_consumer_with_no_taskflow', 'dataset_alias_example_alias_consumer_with_no_taskflow', 'dataset_s3_bucket_producer_with_no_taskflow', 'dataset_alias_example_alias_producer_with_no_taskflow' retrieved from /home/airflow/.local/lib/python3.12/site-packages/airflow/example_dags/example_dataset_alias_with_no_taskflow.py
[2026-04-15T03:32:13.585+0000] {logging_mixin.py:190} INFO - [2026-04-15T03:32:13.584+0000] {dag.py:3239} INFO - Sync 4 DAGs
[2026-04-15T03:32:13.593+0000] {logging_mixin.py:190} INFO - [2026-04-15T03:32:13.593+0000] {dag.py:4180} INFO - Setting next_dagrun for dataset_alias_example_alias_consumer_with_no_taskflow to None, run_after=None
[2026-04-15T03:32:13.594+0000] {logging_mixin.py:190} INFO - [2026-04-15T03:32:13.594+0000] {dag.py:4180} INFO - Setting next_dagrun for dataset_alias_example_alias_producer_with_no_taskflow to None, run_after=None
[2026-04-15T03:32:13.595+0000] {logging_mixin.py:190} INFO - [2026-04-15T03:32:13.595+0000] {dag.py:4180} INFO - Setting next_dagrun for dataset_s3_bucket_consumer_with_no_taskflow to None, run_after=None
[2026-04-15T03:32:13.596+0000] {logging_mixin.py:190} INFO - [2026-04-15T03:32:13.596+0000] {dag.py:4180} INFO - Setting next_dagrun for dataset_s3_bucket_producer_with_no_taskflow to None, run_after=None
[2026-04-15T03:32:13.603+0000] {processor.py:208} INFO - Processing /home/airflow/.local/lib/python3.12/site-packages/airflow/example_dags/example_dataset_alias_with_no_taskflow.py took 0.273 seconds
[2026-04-15T03:32:44.122+0000] {processor.py:186} INFO - Started process (PID=45137) to work on /home/airflow/.local/lib/python3.12/site-packages/airflow/example_dags/example_dataset_alias_with_no_taskflow.py
[2026-04-15T03:32:44.123+0000] {processor.py:914} INFO - Processing file /home/airflow/.local/lib/python3.12/site-packages/airflow/example_dags/example_dataset_alias_with_no_taskflow.py for tasks to queue
[2026-04-15T03:32:44.123+0000] {logging_mixin.py:190} INFO - [2026-04-15T03:32:44.123+0000] {dagbag.py:588} INFO - Filling up the DagBag from /home/airflow/.local/lib/python3.12/site-packages/airflow/example_dags/example_dataset_alias_with_no_taskflow.py
[2026-04-15T03:32:44.352+0000] {processor.py:925} INFO - DAG(s) 'dataset_alias_example_alias_producer_with_no_taskflow', 'dataset_s3_bucket_producer_with_no_taskflow', 'dataset_alias_example_alias_consumer_with_no_taskflow', 'dataset_s3_bucket_consumer_with_no_taskflow' retrieved from /home/airflow/.local/lib/python3.12/site-packages/airflow/example_dags/example_dataset_alias_with_no_taskflow.py
[2026-04-15T03:32:44.364+0000] {logging_mixin.py:190} INFO - [2026-04-15T03:32:44.364+0000] {dag.py:3239} INFO - Sync 4 DAGs
[2026-04-15T03:32:44.374+0000] {logging_mixin.py:190} INFO - [2026-04-15T03:32:44.373+0000] {dag.py:4180} INFO - Setting next_dagrun for dataset_alias_example_alias_consumer_with_no_taskflow to None, run_after=None
[2026-04-15T03:32:44.375+0000] {logging_mixin.py:190} INFO - [2026-04-15T03:32:44.375+0000] {dag.py:4180} INFO - Setting next_dagrun for dataset_alias_example_alias_producer_with_no_taskflow to None, run_after=None
[2026-04-15T03:32:44.376+0000] {logging_mixin.py:190} INFO - [2026-04-15T03:32:44.376+0000] {dag.py:4180} INFO - Setting next_dagrun for dataset_s3_bucket_consumer_with_no_taskflow to None, run_after=None
[2026-04-15T03:32:44.376+0000] {logging_mixin.py:190} INFO - [2026-04-15T03:32:44.376+0000] {dag.py:4180} INFO - Setting next_dagrun for dataset_s3_bucket_producer_with_no_taskflow to None, run_after=None
[2026-04-15T03:32:44.385+0000] {processor.py:208} INFO - Processing /home/airflow/.local/lib/python3.12/site-packages/airflow/example_dags/example_dataset_alias_with_no_taskflow.py took 0.265 seconds
[2026-04-15T03:33:14.514+0000] {processor.py:186} INFO - Started process (PID=45207) to work on /home/airflow/.local/lib/python3.12/site-packages/airflow/example_dags/example_dataset_alias_with_no_taskflow.py
[2026-04-15T03:33:14.515+0000] {processor.py:914} INFO - Processing file /home/airflow/.local/lib/python3.12/site-packages/airflow/example_dags/example_dataset_alias_with_no_taskflow.py for tasks to queue
[2026-04-15T03:33:14.515+0000] {logging_mixin.py:190} INFO - [2026-04-15T03:33:14.515+0000] {dagbag.py:588} INFO - Filling up the DagBag from /home/airflow/.local/lib/python3.12/site-packages/airflow/example_dags/example_dataset_alias_with_no_taskflow.py
[2026-04-15T03:33:14.727+0000] {processor.py:925} INFO - DAG(s) 'dataset_alias_example_alias_producer_with_no_taskflow', 'dataset_s3_bucket_producer_with_no_taskflow', 'dataset_s3_bucket_consumer_with_no_taskflow', 'dataset_alias_example_alias_consumer_with_no_taskflow' retrieved from /home/airflow/.local/lib/python3.12/site-packages/airflow/example_dags/example_dataset_alias_with_no_taskflow.py
[2026-04-15T03:33:14.737+0000] {logging_mixin.py:190} INFO - [2026-04-15T03:33:14.737+0000] {dag.py:3239} INFO - Sync 4 DAGs
[2026-04-15T03:33:14.745+0000] {logging_mixin.py:190} INFO - [2026-04-15T03:33:14.744+0000] {dag.py:4180} INFO - Setting next_dagrun for dataset_alias_example_alias_consumer_with_no_taskflow to None, run_after=None
[2026-04-15T03:33:14.746+0000] {logging_mixin.py:190} INFO - [2026-04-15T03:33:14.746+0000] {dag.py:4180} INFO - Setting next_dagrun for dataset_alias_example_alias_producer_with_no_taskflow to None, run_after=None
[2026-04-15T03:33:14.747+0000] {logging_mixin.py:190} INFO - [2026-04-15T03:33:14.747+0000] {dag.py:4180} INFO - Setting next_dagrun for dataset_s3_bucket_consumer_with_no_taskflow to None, run_after=None
[2026-04-15T03:33:14.748+0000] {logging_mixin.py:190} INFO - [2026-04-15T03:33:14.748+0000] {dag.py:4180} INFO - Setting next_dagrun for dataset_s3_bucket_producer_with_no_taskflow to None, run_after=None
[2026-04-15T03:33:14.754+0000] {processor.py:208} INFO - Processing /home/airflow/.local/lib/python3.12/site-packages/airflow/example_dags/example_dataset_alias_with_no_taskflow.py took 0.242 seconds
[2026-04-15T03:33:44.982+0000] {processor.py:186} INFO - Started process (PID=45276) to work on /home/airflow/.local/lib/python3.12/site-packages/airflow/example_dags/example_dataset_alias_with_no_taskflow.py
[2026-04-15T03:33:44.982+0000] {processor.py:914} INFO - Processing file /home/airflow/.local/lib/python3.12/site-packages/airflow/example_dags/example_dataset_alias_with_no_taskflow.py for tasks to queue
[2026-04-15T03:33:44.983+0000] {logging_mixin.py:190} INFO - [2026-04-15T03:33:44.983+0000] {dagbag.py:588} INFO - Filling up the DagBag from /home/airflow/.local/lib/python3.12/site-packages/airflow/example_dags/example_dataset_alias_with_no_taskflow.py
[2026-04-15T03:33:45.195+0000] {processor.py:925} INFO - DAG(s) 'dataset_s3_bucket_producer_with_no_taskflow', 'dataset_alias_example_alias_consumer_with_no_taskflow', 'dataset_alias_example_alias_producer_with_no_taskflow', 'dataset_s3_bucket_consumer_with_no_taskflow' retrieved from /home/airflow/.local/lib/python3.12/site-packages/airflow/example_dags/example_dataset_alias_with_no_taskflow.py
[2026-04-15T03:33:45.201+0000] {logging_mixin.py:190} INFO - [2026-04-15T03:33:45.201+0000] {dag.py:3239} INFO - Sync 4 DAGs
[2026-04-15T03:33:45.207+0000] {logging_mixin.py:190} INFO - [2026-04-15T03:33:45.207+0000] {dag.py:4180} INFO - Setting next_dagrun for dataset_alias_example_alias_consumer_with_no_taskflow to None, run_after=None
[2026-04-15T03:33:45.208+0000] {logging_mixin.py:190} INFO - [2026-04-15T03:33:45.208+0000] {dag.py:4180} INFO - Setting next_dagrun for dataset_alias_example_alias_producer_with_no_taskflow to None, run_after=None
[2026-04-15T03:33:45.209+0000] {logging_mixin.py:190} INFO - [2026-04-15T03:33:45.209+0000] {dag.py:4180} INFO - Setting next_dagrun for dataset_s3_bucket_consumer_with_no_taskflow to None, run_after=None
[2026-04-15T03:33:45.209+0000] {logging_mixin.py:190} INFO - [2026-04-15T03:33:45.209+0000] {dag.py:4180} INFO - Setting next_dagrun for dataset_s3_bucket_producer_with_no_taskflow to None, run_after=None
[2026-04-15T03:33:45.215+0000] {processor.py:208} INFO - Processing /home/airflow/.local/lib/python3.12/site-packages/airflow/example_dags/example_dataset_alias_with_no_taskflow.py took 0.237 seconds
[2026-04-15T03:34:15.406+0000] {processor.py:186} INFO - Started process (PID=45332) to work on /home/airflow/.local/lib/python3.12/site-packages/airflow/example_dags/example_dataset_alias_with_no_taskflow.py
[2026-04-15T03:34:15.406+0000] {processor.py:914} INFO - Processing file /home/airflow/.local/lib/python3.12/site-packages/airflow/example_dags/example_dataset_alias_with_no_taskflow.py for tasks to queue
[2026-04-15T03:34:15.407+0000] {logging_mixin.py:190} INFO - [2026-04-15T03:34:15.407+0000] {dagbag.py:588} INFO - Filling up the DagBag from /home/airflow/.local/lib/python3.12/site-packages/airflow/example_dags/example_dataset_alias_with_no_taskflow.py
[2026-04-15T03:34:15.597+0000] {processor.py:925} INFO - DAG(s) 'dataset_s3_bucket_producer_with_no_taskflow', 'dataset_alias_example_alias_consumer_with_no_taskflow', 'dataset_s3_bucket_consumer_with_no_taskflow', 'dataset_alias_example_alias_producer_with_no_taskflow' retrieved from /home/airflow/.local/lib/python3.12/site-packages/airflow/example_dags/example_dataset_alias_with_no_taskflow.py
[2026-04-15T03:34:15.603+0000] {logging_mixin.py:190} INFO - [2026-04-15T03:34:15.602+0000] {dag.py:3239} INFO - Sync 4 DAGs
[2026-04-15T03:34:15.609+0000] {logging_mixin.py:190} INFO - [2026-04-15T03:34:15.609+0000] {dag.py:4180} INFO - Setting next_dagrun for dataset_alias_example_alias_consumer_with_no_taskflow to None, run_after=None
[2026-04-15T03:34:15.609+0000] {logging_mixin.py:190} INFO - [2026-04-15T03:34:15.609+0000] {dag.py:4180} INFO - Setting next_dagrun for dataset_alias_example_alias_producer_with_no_taskflow to None, run_after=None
[2026-04-15T03:34:15.610+0000] {logging_mixin.py:190} INFO - [2026-04-15T03:34:15.610+0000] {dag.py:4180} INFO - Setting next_dagrun for dataset_s3_bucket_consumer_with_no_taskflow to None, run_after=None
[2026-04-15T03:34:15.610+0000] {logging_mixin.py:190} INFO - [2026-04-15T03:34:15.610+0000] {dag.py:4180} INFO - Setting next_dagrun for dataset_s3_bucket_producer_with_no_taskflow to None, run_after=None
[2026-04-15T03:34:15.615+0000] {processor.py:208} INFO - Processing /home/airflow/.local/lib/python3.12/site-packages/airflow/example_dags/example_dataset_alias_with_no_taskflow.py took 0.212 seconds
[2026-04-15T03:34:45.883+0000] {processor.py:186} INFO - Started process (PID=45396) to work on /home/airflow/.local/lib/python3.12/site-packages/airflow/example_dags/example_dataset_alias_with_no_taskflow.py
[2026-04-15T03:34:45.885+0000] {processor.py:914} INFO - Processing file /home/airflow/.local/lib/python3.12/site-packages/airflow/example_dags/example_dataset_alias_with_no_taskflow.py for tasks to queue
[2026-04-15T03:34:45.886+0000] {logging_mixin.py:190} INFO - [2026-04-15T03:34:45.886+0000] {dagbag.py:588} INFO - Filling up the DagBag from /home/airflow/.local/lib/python3.12/site-packages/airflow/example_dags/example_dataset_alias_with_no_taskflow.py
[2026-04-15T03:34:46.132+0000] {processor.py:925} INFO - DAG(s) 'dataset_alias_example_alias_producer_with_no_taskflow', 'dataset_s3_bucket_consumer_with_no_taskflow', 'dataset_s3_bucket_producer_with_no_taskflow', 'dataset_alias_example_alias_consumer_with_no_taskflow' retrieved from /home/airflow/.local/lib/python3.12/site-packages/airflow/example_dags/example_dataset_alias_with_no_taskflow.py
[2026-04-15T03:34:46.143+0000] {logging_mixin.py:190} INFO - [2026-04-15T03:34:46.141+0000] {dag.py:3239} INFO - Sync 4 DAGs
[2026-04-15T03:34:46.153+0000] {logging_mixin.py:190} INFO - [2026-04-15T03:34:46.153+0000] {dag.py:4180} INFO - Setting next_dagrun for dataset_alias_example_alias_consumer_with_no_taskflow to None, run_after=None
[2026-04-15T03:34:46.154+0000] {logging_mixin.py:190} INFO - [2026-04-15T03:34:46.154+0000] {dag.py:4180} INFO - Setting next_dagrun for dataset_alias_example_alias_producer_with_no_taskflow to None, run_after=None
[2026-04-15T03:34:46.155+0000] {logging_mixin.py:190} INFO - [2026-04-15T03:34:46.155+0000] {dag.py:4180} INFO - Setting next_dagrun for dataset_s3_bucket_consumer_with_no_taskflow to None, run_after=None
[2026-04-15T03:34:46.155+0000] {logging_mixin.py:190} INFO - [2026-04-15T03:34:46.155+0000] {dag.py:4180} INFO - Setting next_dagrun for dataset_s3_bucket_producer_with_no_taskflow to None, run_after=None
[2026-04-15T03:34:46.163+0000] {processor.py:208} INFO - Processing /home/airflow/.local/lib/python3.12/site-packages/airflow/example_dags/example_dataset_alias_with_no_taskflow.py took 0.284 seconds
[2026-04-15T03:35:16.204+0000] {processor.py:186} INFO - Started process (PID=45464) to work on /home/airflow/.local/lib/python3.12/site-packages/airflow/example_dags/example_dataset_alias_with_no_taskflow.py
[2026-04-15T03:35:16.204+0000] {processor.py:914} INFO - Processing file /home/airflow/.local/lib/python3.12/site-packages/airflow/example_dags/example_dataset_alias_with_no_taskflow.py for tasks to queue
[2026-04-15T03:35:16.205+0000] {logging_mixin.py:190} INFO - [2026-04-15T03:35:16.204+0000] {dagbag.py:588} INFO - Filling up the DagBag from /home/airflow/.local/lib/python3.12/site-packages/airflow/example_dags/example_dataset_alias_with_no_taskflow.py
[2026-04-15T03:35:16.439+0000] {processor.py:925} INFO - DAG(s) 'dataset_alias_example_alias_consumer_with_no_taskflow', 'dataset_s3_bucket_producer_with_no_taskflow', 'dataset_alias_example_alias_producer_with_no_taskflow', 'dataset_s3_bucket_consumer_with_no_taskflow' retrieved from /home/airflow/.local/lib/python3.12/site-packages/airflow/example_dags/example_dataset_alias_with_no_taskflow.py
[2026-04-15T03:35:16.446+0000] {logging_mixin.py:190} INFO - [2026-04-15T03:35:16.446+0000] {dag.py:3239} INFO - Sync 4 DAGs
[2026-04-15T03:35:16.455+0000] {logging_mixin.py:190} INFO - [2026-04-15T03:35:16.455+0000] {dag.py:4180} INFO - Setting next_dagrun for dataset_alias_example_alias_consumer_with_no_taskflow to None, run_after=None
[2026-04-15T03:35:16.457+0000] {logging_mixin.py:190} INFO - [2026-04-15T03:35:16.457+0000] {dag.py:4180} INFO - Setting next_dagrun for dataset_alias_example_alias_producer_with_no_taskflow to None, run_after=None
[2026-04-15T03:35:16.458+0000] {logging_mixin.py:190} INFO - [2026-04-15T03:35:16.458+0000] {dag.py:4180} INFO - Setting next_dagrun for dataset_s3_bucket_consumer_with_no_taskflow to None, run_after=None
[2026-04-15T03:35:16.459+0000] {logging_mixin.py:190} INFO - [2026-04-15T03:35:16.459+0000] {dag.py:4180} INFO - Setting next_dagrun for dataset_s3_bucket_producer_with_no_taskflow to None, run_after=None
[2026-04-15T03:35:16.471+0000] {processor.py:208} INFO - Processing /home/airflow/.local/lib/python3.12/site-packages/airflow/example_dags/example_dataset_alias_with_no_taskflow.py took 0.270 seconds
[2026-04-15T03:35:46.550+0000] {processor.py:186} INFO - Started process (PID=45532) to work on /home/airflow/.local/lib/python3.12/site-packages/airflow/example_dags/example_dataset_alias_with_no_taskflow.py
[2026-04-15T03:35:46.551+0000] {processor.py:914} INFO - Processing file /home/airflow/.local/lib/python3.12/site-packages/airflow/example_dags/example_dataset_alias_with_no_taskflow.py for tasks to queue
[2026-04-15T03:35:46.551+0000] {logging_mixin.py:190} INFO - [2026-04-15T03:35:46.551+0000] {dagbag.py:588} INFO - Filling up the DagBag from /home/airflow/.local/lib/python3.12/site-packages/airflow/example_dags/example_dataset_alias_with_no_taskflow.py
[2026-04-15T03:35:46.769+0000] {processor.py:925} INFO - DAG(s) 'dataset_alias_example_alias_consumer_with_no_taskflow', 'dataset_alias_example_alias_producer_with_no_taskflow', 'dataset_s3_bucket_consumer_with_no_taskflow', 'dataset_s3_bucket_producer_with_no_taskflow' retrieved from /home/airflow/.local/lib/python3.12/site-packages/airflow/example_dags/example_dataset_alias_with_no_taskflow.py
[2026-04-15T03:35:46.775+0000] {logging_mixin.py:190} INFO - [2026-04-15T03:35:46.775+0000] {dag.py:3239} INFO - Sync 4 DAGs
[2026-04-15T03:35:46.780+0000] {logging_mixin.py:190} INFO - [2026-04-15T03:35:46.780+0000] {dag.py:4180} INFO - Setting next_dagrun for dataset_alias_example_alias_consumer_with_no_taskflow to None, run_after=None
[2026-04-15T03:35:46.781+0000] {logging_mixin.py:190} INFO - [2026-04-15T03:35:46.781+0000] {dag.py:4180} INFO - Setting next_dagrun for dataset_alias_example_alias_producer_with_no_taskflow to None, run_after=None
[2026-04-15T03:35:46.781+0000] {logging_mixin.py:190} INFO - [2026-04-15T03:35:46.781+0000] {dag.py:4180} INFO - Setting next_dagrun for dataset_s3_bucket_consumer_with_no_taskflow to None, run_after=None
[2026-04-15T03:35:46.782+0000] {logging_mixin.py:190} INFO - [2026-04-15T03:35:46.782+0000] {dag.py:4180} INFO - Setting next_dagrun for dataset_s3_bucket_producer_with_no_taskflow to None, run_after=None
[2026-04-15T03:35:46.787+0000] {processor.py:208} INFO - Processing /home/airflow/.local/lib/python3.12/site-packages/airflow/example_dags/example_dataset_alias_with_no_taskflow.py took 0.239 seconds
[2026-04-15T03:36:16.859+0000] {processor.py:186} INFO - Started process (PID=45594) to work on /home/airflow/.local/lib/python3.12/site-packages/airflow/example_dags/example_dataset_alias_with_no_taskflow.py
[2026-04-15T03:36:16.860+0000] {processor.py:914} INFO - Processing file /home/airflow/.local/lib/python3.12/site-packages/airflow/example_dags/example_dataset_alias_with_no_taskflow.py for tasks to queue
[2026-04-15T03:36:16.860+0000] {logging_mixin.py:190} INFO - [2026-04-15T03:36:16.860+0000] {dagbag.py:588} INFO - Filling up the DagBag from /home/airflow/.local/lib/python3.12/site-packages/airflow/example_dags/example_dataset_alias_with_no_taskflow.py
[2026-04-15T03:36:17.123+0000] {processor.py:925} INFO - DAG(s) 'dataset_alias_example_alias_consumer_with_no_taskflow', 'dataset_s3_bucket_consumer_with_no_taskflow', 'dataset_alias_example_alias_producer_with_no_taskflow', 'dataset_s3_bucket_producer_with_no_taskflow' retrieved from /home/airflow/.local/lib/python3.12/site-packages/airflow/example_dags/example_dataset_alias_with_no_taskflow.py
[2026-04-15T03:36:17.135+0000] {logging_mixin.py:190} INFO - [2026-04-15T03:36:17.135+0000] {dag.py:3239} INFO - Sync 4 DAGs
[2026-04-15T03:36:17.143+0000] {logging_mixin.py:190} INFO - [2026-04-15T03:36:17.143+0000] {dag.py:4180} INFO - Setting next_dagrun for dataset_alias_example_alias_consumer_with_no_taskflow to None, run_after=None
[2026-04-15T03:36:17.144+0000] {logging_mixin.py:190} INFO - [2026-04-15T03:36:17.144+0000] {dag.py:4180} INFO - Setting next_dagrun for dataset_alias_example_alias_producer_with_no_taskflow to None, run_after=None
[2026-04-15T03:36:17.145+0000] {logging_mixin.py:190} INFO - [2026-04-15T03:36:17.145+0000] {dag.py:4180} INFO - Setting next_dagrun for dataset_s3_bucket_consumer_with_no_taskflow to None, run_after=None
[2026-04-15T03:36:17.147+0000] {logging_mixin.py:190} INFO - [2026-04-15T03:36:17.147+0000] {dag.py:4180} INFO - Setting next_dagrun for dataset_s3_bucket_producer_with_no_taskflow to None, run_after=None
[2026-04-15T03:36:17.156+0000] {processor.py:208} INFO - Processing /home/airflow/.local/lib/python3.12/site-packages/airflow/example_dags/example_dataset_alias_with_no_taskflow.py took 0.299 seconds
[2026-04-15T03:36:47.698+0000] {processor.py:186} INFO - Started process (PID=45658) to work on /home/airflow/.local/lib/python3.12/site-packages/airflow/example_dags/example_dataset_alias_with_no_taskflow.py
[2026-04-15T03:36:47.699+0000] {processor.py:914} INFO - Processing file /home/airflow/.local/lib/python3.12/site-packages/airflow/example_dags/example_dataset_alias_with_no_taskflow.py for tasks to queue
[2026-04-15T03:36:47.701+0000] {logging_mixin.py:190} INFO - [2026-04-15T03:36:47.701+0000] {dagbag.py:588} INFO - Filling up the DagBag from /home/airflow/.local/lib/python3.12/site-packages/airflow/example_dags/example_dataset_alias_with_no_taskflow.py
[2026-04-15T03:36:47.966+0000] {processor.py:925} INFO - DAG(s) 'dataset_alias_example_alias_consumer_with_no_taskflow', 'dataset_s3_bucket_consumer_with_no_taskflow', 'dataset_alias_example_alias_producer_with_no_taskflow', 'dataset_s3_bucket_producer_with_no_taskflow' retrieved from /home/airflow/.local/lib/python3.12/site-packages/airflow/example_dags/example_dataset_alias_with_no_taskflow.py
[2026-04-15T03:36:47.977+0000] {logging_mixin.py:190} INFO - [2026-04-15T03:36:47.977+0000] {dag.py:3239} INFO - Sync 4 DAGs
[2026-04-15T03:36:47.986+0000] {logging_mixin.py:190} INFO - [2026-04-15T03:36:47.985+0000] {dag.py:4180} INFO - Setting next_dagrun for dataset_alias_example_alias_consumer_with_no_taskflow to None, run_after=None
[2026-04-15T03:36:47.986+0000] {logging_mixin.py:190} INFO - [2026-04-15T03:36:47.986+0000] {dag.py:4180} INFO - Setting next_dagrun for dataset_alias_example_alias_producer_with_no_taskflow to None, run_after=None
[2026-04-15T03:36:47.987+0000] {logging_mixin.py:190} INFO - [2026-04-15T03:36:47.987+0000] {dag.py:4180} INFO - Setting next_dagrun for dataset_s3_bucket_consumer_with_no_taskflow to None, run_after=None
[2026-04-15T03:36:47.989+0000] {logging_mixin.py:190} INFO - [2026-04-15T03:36:47.989+0000] {dag.py:4180} INFO - Setting next_dagrun for dataset_s3_bucket_producer_with_no_taskflow to None, run_after=None
[2026-04-15T03:36:47.997+0000] {processor.py:208} INFO - Processing /home/airflow/.local/lib/python3.12/site-packages/airflow/example_dags/example_dataset_alias_with_no_taskflow.py took 0.301 seconds
[2026-04-15T03:37:18.175+0000] {processor.py:186} INFO - Started process (PID=45717) to work on /home/airflow/.local/lib/python3.12/site-packages/airflow/example_dags/example_dataset_alias_with_no_taskflow.py
[2026-04-15T03:37:18.176+0000] {processor.py:914} INFO - Processing file /home/airflow/.local/lib/python3.12/site-packages/airflow/example_dags/example_dataset_alias_with_no_taskflow.py for tasks to queue
[2026-04-15T03:37:18.176+0000] {logging_mixin.py:190} INFO - [2026-04-15T03:37:18.176+0000] {dagbag.py:588} INFO - Filling up the DagBag from /home/airflow/.local/lib/python3.12/site-packages/airflow/example_dags/example_dataset_alias_with_no_taskflow.py
[2026-04-15T03:37:18.568+0000] {processor.py:925} INFO - DAG(s) 'dataset_alias_example_alias_consumer_with_no_taskflow', 'dataset_s3_bucket_producer_with_no_taskflow', 'dataset_alias_example_alias_producer_with_no_taskflow', 'dataset_s3_bucket_consumer_with_no_taskflow' retrieved from /home/airflow/.local/lib/python3.12/site-packages/airflow/example_dags/example_dataset_alias_with_no_taskflow.py
[2026-04-15T03:37:18.578+0000] {logging_mixin.py:190} INFO - [2026-04-15T03:37:18.578+0000] {dag.py:3239} INFO - Sync 4 DAGs
[2026-04-15T03:37:18.589+0000] {logging_mixin.py:190} INFO - [2026-04-15T03:37:18.589+0000] {dag.py:4180} INFO - Setting next_dagrun for dataset_alias_example_alias_consumer_with_no_taskflow to None, run_after=None
[2026-04-15T03:37:18.591+0000] {logging_mixin.py:190} INFO - [2026-04-15T03:37:18.591+0000] {dag.py:4180} INFO - Setting next_dagrun for dataset_alias_example_alias_producer_with_no_taskflow to None, run_after=None
[2026-04-15T03:37:18.593+0000] {logging_mixin.py:190} INFO - [2026-04-15T03:37:18.593+0000] {dag.py:4180} INFO - Setting next_dagrun for dataset_s3_bucket_consumer_with_no_taskflow to None, run_after=None
[2026-04-15T03:37:18.594+0000] {logging_mixin.py:190} INFO - [2026-04-15T03:37:18.594+0000] {dag.py:4180} INFO - Setting next_dagrun for dataset_s3_bucket_producer_with_no_taskflow to None, run_after=None
[2026-04-15T03:37:18.605+0000] {processor.py:208} INFO - Processing /home/airflow/.local/lib/python3.12/site-packages/airflow/example_dags/example_dataset_alias_with_no_taskflow.py took 0.433 seconds
[2026-04-15T03:37:49.386+0000] {processor.py:186} INFO - Started process (PID=45776) to work on /home/airflow/.local/lib/python3.12/site-packages/airflow/example_dags/example_dataset_alias_with_no_taskflow.py
[2026-04-15T03:37:49.386+0000] {processor.py:914} INFO - Processing file /home/airflow/.local/lib/python3.12/site-packages/airflow/example_dags/example_dataset_alias_with_no_taskflow.py for tasks to queue
[2026-04-15T03:37:49.387+0000] {logging_mixin.py:190} INFO - [2026-04-15T03:37:49.387+0000] {dagbag.py:588} INFO - Filling up the DagBag from /home/airflow/.local/lib/python3.12/site-packages/airflow/example_dags/example_dataset_alias_with_no_taskflow.py
[2026-04-15T03:37:49.616+0000] {processor.py:925} INFO - DAG(s) 'dataset_alias_example_alias_consumer_with_no_taskflow', 'dataset_s3_bucket_consumer_with_no_taskflow', 'dataset_alias_example_alias_producer_with_no_taskflow', 'dataset_s3_bucket_producer_with_no_taskflow' retrieved from /home/airflow/.local/lib/python3.12/site-packages/airflow/example_dags/example_dataset_alias_with_no_taskflow.py
[2026-04-15T03:37:49.626+0000] {logging_mixin.py:190} INFO - [2026-04-15T03:37:49.626+0000] {dag.py:3239} INFO - Sync 4 DAGs
[2026-04-15T03:37:49.634+0000] {logging_mixin.py:190} INFO - [2026-04-15T03:37:49.634+0000] {dag.py:4180} INFO - Setting next_dagrun for dataset_alias_example_alias_consumer_with_no_taskflow to None, run_after=None
[2026-04-15T03:37:49.635+0000] {logging_mixin.py:190} INFO - [2026-04-15T03:37:49.635+0000] {dag.py:4180} INFO - Setting next_dagrun for dataset_alias_example_alias_producer_with_no_taskflow to None, run_after=None
[2026-04-15T03:37:49.637+0000] {logging_mixin.py:190} INFO - [2026-04-15T03:37:49.637+0000] {dag.py:4180} INFO - Setting next_dagrun for dataset_s3_bucket_consumer_with_no_taskflow to None, run_after=None
[2026-04-15T03:37:49.638+0000] {logging_mixin.py:190} INFO - [2026-04-15T03:37:49.638+0000] {dag.py:4180} INFO - Setting next_dagrun for dataset_s3_bucket_producer_with_no_taskflow to None, run_after=None
[2026-04-15T03:37:49.644+0000] {processor.py:208} INFO - Processing /home/airflow/.local/lib/python3.12/site-packages/airflow/example_dags/example_dataset_alias_with_no_taskflow.py took 0.260 seconds
[2026-04-15T03:38:19.710+0000] {processor.py:186} INFO - Started process (PID=45840) to work on /home/airflow/.local/lib/python3.12/site-packages/airflow/example_dags/example_dataset_alias_with_no_taskflow.py
[2026-04-15T03:38:19.711+0000] {processor.py:914} INFO - Processing file /home/airflow/.local/lib/python3.12/site-packages/airflow/example_dags/example_dataset_alias_with_no_taskflow.py for tasks to queue
[2026-04-15T03:38:19.711+0000] {logging_mixin.py:190} INFO - [2026-04-15T03:38:19.711+0000] {dagbag.py:588} INFO - Filling up the DagBag from /home/airflow/.local/lib/python3.12/site-packages/airflow/example_dags/example_dataset_alias_with_no_taskflow.py
[2026-04-15T03:38:20.019+0000] {processor.py:925} INFO - DAG(s) 'dataset_s3_bucket_producer_with_no_taskflow', 'dataset_alias_example_alias_producer_with_no_taskflow', 'dataset_s3_bucket_consumer_with_no_taskflow', 'dataset_alias_example_alias_consumer_with_no_taskflow' retrieved from /home/airflow/.local/lib/python3.12/site-packages/airflow/example_dags/example_dataset_alias_with_no_taskflow.py
[2026-04-15T03:38:20.029+0000] {logging_mixin.py:190} INFO - [2026-04-15T03:38:20.029+0000] {dag.py:3239} INFO - Sync 4 DAGs
[2026-04-15T03:38:20.037+0000] {logging_mixin.py:190} INFO - [2026-04-15T03:38:20.036+0000] {dag.py:4180} INFO - Setting next_dagrun for dataset_alias_example_alias_consumer_with_no_taskflow to None, run_after=None
[2026-04-15T03:38:20.037+0000] {logging_mixin.py:190} INFO - [2026-04-15T03:38:20.037+0000] {dag.py:4180} INFO - Setting next_dagrun for dataset_alias_example_alias_producer_with_no_taskflow to None, run_after=None
[2026-04-15T03:38:20.038+0000] {logging_mixin.py:190} INFO - [2026-04-15T03:38:20.038+0000] {dag.py:4180} INFO - Setting next_dagrun for dataset_s3_bucket_consumer_with_no_taskflow to None, run_after=None
[2026-04-15T03:38:20.039+0000] {logging_mixin.py:190} INFO - [2026-04-15T03:38:20.039+0000] {dag.py:4180} INFO - Setting next_dagrun for dataset_s3_bucket_producer_with_no_taskflow to None, run_after=None
[2026-04-15T03:38:20.048+0000] {processor.py:208} INFO - Processing /home/airflow/.local/lib/python3.12/site-packages/airflow/example_dags/example_dataset_alias_with_no_taskflow.py took 0.341 seconds
[2026-04-15T03:38:50.428+0000] {processor.py:186} INFO - Started process (PID=45909) to work on /home/airflow/.local/lib/python3.12/site-packages/airflow/example_dags/example_dataset_alias_with_no_taskflow.py
[2026-04-15T03:38:50.429+0000] {processor.py:914} INFO - Processing file /home/airflow/.local/lib/python3.12/site-packages/airflow/example_dags/example_dataset_alias_with_no_taskflow.py for tasks to queue
[2026-04-15T03:38:50.430+0000] {logging_mixin.py:190} INFO - [2026-04-15T03:38:50.429+0000] {dagbag.py:588} INFO - Filling up the DagBag from /home/airflow/.local/lib/python3.12/site-packages/airflow/example_dags/example_dataset_alias_with_no_taskflow.py
[2026-04-15T03:38:50.810+0000] {processor.py:925} INFO - DAG(s) 'dataset_s3_bucket_consumer_with_no_taskflow', 'dataset_alias_example_alias_consumer_with_no_taskflow', 'dataset_alias_example_alias_producer_with_no_taskflow', 'dataset_s3_bucket_producer_with_no_taskflow' retrieved from /home/airflow/.local/lib/python3.12/site-packages/airflow/example_dags/example_dataset_alias_with_no_taskflow.py
[2026-04-15T03:38:50.821+0000] {logging_mixin.py:190} INFO - [2026-04-15T03:38:50.821+0000] {dag.py:3239} INFO - Sync 4 DAGs
[2026-04-15T03:38:50.830+0000] {logging_mixin.py:190} INFO - [2026-04-15T03:38:50.830+0000] {dag.py:4180} INFO - Setting next_dagrun for dataset_alias_example_alias_consumer_with_no_taskflow to None, run_after=None
[2026-04-15T03:38:50.834+0000] {logging_mixin.py:190} INFO - [2026-04-15T03:38:50.834+0000] {dag.py:4180} INFO - Setting next_dagrun for dataset_alias_example_alias_producer_with_no_taskflow to None, run_after=None
[2026-04-15T03:38:50.834+0000] {logging_mixin.py:190} INFO - [2026-04-15T03:38:50.834+0000] {dag.py:4180} INFO - Setting next_dagrun for dataset_s3_bucket_consumer_with_no_taskflow to None, run_after=None
[2026-04-15T03:38:50.835+0000] {logging_mixin.py:190} INFO - [2026-04-15T03:38:50.835+0000] {dag.py:4180} INFO - Setting next_dagrun for dataset_s3_bucket_producer_with_no_taskflow to None, run_after=None
[2026-04-15T03:38:50.846+0000] {processor.py:208} INFO - Processing /home/airflow/.local/lib/python3.12/site-packages/airflow/example_dags/example_dataset_alias_with_no_taskflow.py took 0.423 seconds
[2026-04-15T03:39:21.233+0000] {processor.py:186} INFO - Started process (PID=45974) to work on /home/airflow/.local/lib/python3.12/site-packages/airflow/example_dags/example_dataset_alias_with_no_taskflow.py
[2026-04-15T03:39:21.233+0000] {processor.py:914} INFO - Processing file /home/airflow/.local/lib/python3.12/site-packages/airflow/example_dags/example_dataset_alias_with_no_taskflow.py for tasks to queue
[2026-04-15T03:39:21.234+0000] {logging_mixin.py:190} INFO - [2026-04-15T03:39:21.234+0000] {dagbag.py:588} INFO - Filling up the DagBag from /home/airflow/.local/lib/python3.12/site-packages/airflow/example_dags/example_dataset_alias_with_no_taskflow.py
[2026-04-15T03:39:21.518+0000] {processor.py:925} INFO - DAG(s) 'dataset_s3_bucket_consumer_with_no_taskflow', 'dataset_s3_bucket_producer_with_no_taskflow', 'dataset_alias_example_alias_producer_with_no_taskflow', 'dataset_alias_example_alias_consumer_with_no_taskflow' retrieved from /home/airflow/.local/lib/python3.12/site-packages/airflow/example_dags/example_dataset_alias_with_no_taskflow.py
[2026-04-15T03:39:21.527+0000] {logging_mixin.py:190} INFO - [2026-04-15T03:39:21.527+0000] {dag.py:3239} INFO - Sync 4 DAGs
[2026-04-15T03:39:21.538+0000] {logging_mixin.py:190} INFO - [2026-04-15T03:39:21.538+0000] {dag.py:4180} INFO - Setting next_dagrun for dataset_alias_example_alias_consumer_with_no_taskflow to None, run_after=None
[2026-04-15T03:39:21.539+0000] {logging_mixin.py:190} INFO - [2026-04-15T03:39:21.539+0000] {dag.py:4180} INFO - Setting next_dagrun for dataset_alias_example_alias_producer_with_no_taskflow to None, run_after=None
[2026-04-15T03:39:21.540+0000] {logging_mixin.py:190} INFO - [2026-04-15T03:39:21.540+0000] {dag.py:4180} INFO - Setting next_dagrun for dataset_s3_bucket_consumer_with_no_taskflow to None, run_after=None
[2026-04-15T03:39:21.544+0000] {logging_mixin.py:190} INFO - [2026-04-15T03:39:21.544+0000] {dag.py:4180} INFO - Setting next_dagrun for dataset_s3_bucket_producer_with_no_taskflow to None, run_after=None
[2026-04-15T03:39:21.555+0000] {processor.py:208} INFO - Processing /home/airflow/.local/lib/python3.12/site-packages/airflow/example_dags/example_dataset_alias_with_no_taskflow.py took 0.326 seconds
[2026-04-15T03:39:51.703+0000] {processor.py:186} INFO - Started process (PID=46038) to work on /home/airflow/.local/lib/python3.12/site-packages/airflow/example_dags/example_dataset_alias_with_no_taskflow.py
[2026-04-15T03:39:51.705+0000] {processor.py:914} INFO - Processing file /home/airflow/.local/lib/python3.12/site-packages/airflow/example_dags/example_dataset_alias_with_no_taskflow.py for tasks to queue
[2026-04-15T03:39:51.706+0000] {logging_mixin.py:190} INFO - [2026-04-15T03:39:51.706+0000] {dagbag.py:588} INFO - Filling up the DagBag from /home/airflow/.local/lib/python3.12/site-packages/airflow/example_dags/example_dataset_alias_with_no_taskflow.py
[2026-04-15T03:39:52.060+0000] {processor.py:925} INFO - DAG(s) 'dataset_s3_bucket_producer_with_no_taskflow', 'dataset_alias_example_alias_producer_with_no_taskflow', 'dataset_s3_bucket_consumer_with_no_taskflow', 'dataset_alias_example_alias_consumer_with_no_taskflow' retrieved from /home/airflow/.local/lib/python3.12/site-packages/airflow/example_dags/example_dataset_alias_with_no_taskflow.py
[2026-04-15T03:39:52.072+0000] {logging_mixin.py:190} INFO - [2026-04-15T03:39:52.072+0000] {dag.py:3239} INFO - Sync 4 DAGs
[2026-04-15T03:39:52.081+0000] {logging_mixin.py:190} INFO - [2026-04-15T03:39:52.081+0000] {dag.py:4180} INFO - Setting next_dagrun for dataset_alias_example_alias_consumer_with_no_taskflow to None, run_after=None
[2026-04-15T03:39:52.085+0000] {logging_mixin.py:190} INFO - [2026-04-15T03:39:52.084+0000] {dag.py:4180} INFO - Setting next_dagrun for dataset_alias_example_alias_producer_with_no_taskflow to None, run_after=None
[2026-04-15T03:39:52.085+0000] {logging_mixin.py:190} INFO - [2026-04-15T03:39:52.085+0000] {dag.py:4180} INFO - Setting next_dagrun for dataset_s3_bucket_consumer_with_no_taskflow to None, run_after=None
[2026-04-15T03:39:52.086+0000] {logging_mixin.py:190} INFO - [2026-04-15T03:39:52.086+0000] {dag.py:4180} INFO - Setting next_dagrun for dataset_s3_bucket_producer_with_no_taskflow to None, run_after=None
[2026-04-15T03:39:52.098+0000] {processor.py:208} INFO - Processing /home/airflow/.local/lib/python3.12/site-packages/airflow/example_dags/example_dataset_alias_with_no_taskflow.py took 0.399 seconds
[2026-04-15T03:40:22.725+0000] {processor.py:186} INFO - Started process (PID=46102) to work on /home/airflow/.local/lib/python3.12/site-packages/airflow/example_dags/example_dataset_alias_with_no_taskflow.py
[2026-04-15T03:40:22.727+0000] {processor.py:914} INFO - Processing file /home/airflow/.local/lib/python3.12/site-packages/airflow/example_dags/example_dataset_alias_with_no_taskflow.py for tasks to queue
[2026-04-15T03:40:22.727+0000] {logging_mixin.py:190} INFO - [2026-04-15T03:40:22.727+0000] {dagbag.py:588} INFO - Filling up the DagBag from /home/airflow/.local/lib/python3.12/site-packages/airflow/example_dags/example_dataset_alias_with_no_taskflow.py
[2026-04-15T03:40:23.042+0000] {processor.py:925} INFO - DAG(s) 'dataset_alias_example_alias_producer_with_no_taskflow', 'dataset_s3_bucket_producer_with_no_taskflow', 'dataset_alias_example_alias_consumer_with_no_taskflow', 'dataset_s3_bucket_consumer_with_no_taskflow' retrieved from /home/airflow/.local/lib/python3.12/site-packages/airflow/example_dags/example_dataset_alias_with_no_taskflow.py
[2026-04-15T03:40:23.053+0000] {logging_mixin.py:190} INFO - [2026-04-15T03:40:23.053+0000] {dag.py:3239} INFO - Sync 4 DAGs
[2026-04-15T03:40:23.063+0000] {logging_mixin.py:190} INFO - [2026-04-15T03:40:23.063+0000] {dag.py:4180} INFO - Setting next_dagrun for dataset_alias_example_alias_consumer_with_no_taskflow to None, run_after=None
[2026-04-15T03:40:23.064+0000] {logging_mixin.py:190} INFO - [2026-04-15T03:40:23.064+0000] {dag.py:4180} INFO - Setting next_dagrun for dataset_alias_example_alias_producer_with_no_taskflow to None, run_after=None
[2026-04-15T03:40:23.065+0000] {logging_mixin.py:190} INFO - [2026-04-15T03:40:23.065+0000] {dag.py:4180} INFO - Setting next_dagrun for dataset_s3_bucket_consumer_with_no_taskflow to None, run_after=None
[2026-04-15T03:40:23.065+0000] {logging_mixin.py:190} INFO - [2026-04-15T03:40:23.065+0000] {dag.py:4180} INFO - Setting next_dagrun for dataset_s3_bucket_producer_with_no_taskflow to None, run_after=None
[2026-04-15T03:40:23.076+0000] {processor.py:208} INFO - Processing /home/airflow/.local/lib/python3.12/site-packages/airflow/example_dags/example_dataset_alias_with_no_taskflow.py took 0.354 seconds
[2026-04-15T03:40:53.774+0000] {processor.py:186} INFO - Started process (PID=46166) to work on /home/airflow/.local/lib/python3.12/site-packages/airflow/example_dags/example_dataset_alias_with_no_taskflow.py
[2026-04-15T03:40:53.776+0000] {processor.py:914} INFO - Processing file /home/airflow/.local/lib/python3.12/site-packages/airflow/example_dags/example_dataset_alias_with_no_taskflow.py for tasks to queue
[2026-04-15T03:40:53.778+0000] {logging_mixin.py:190} INFO - [2026-04-15T03:40:53.777+0000] {dagbag.py:588} INFO - Filling up the DagBag from /home/airflow/.local/lib/python3.12/site-packages/airflow/example_dags/example_dataset_alias_with_no_taskflow.py
[2026-04-15T03:40:54.170+0000] {processor.py:925} INFO - DAG(s) 'dataset_alias_example_alias_producer_with_no_taskflow', 'dataset_s3_bucket_producer_with_no_taskflow', 'dataset_alias_example_alias_consumer_with_no_taskflow', 'dataset_s3_bucket_consumer_with_no_taskflow' retrieved from /home/airflow/.local/lib/python3.12/site-packages/airflow/example_dags/example_dataset_alias_with_no_taskflow.py
[2026-04-15T03:40:54.199+0000] {logging_mixin.py:190} INFO - [2026-04-15T03:40:54.198+0000] {dag.py:3239} INFO - Sync 4 DAGs
[2026-04-15T03:40:54.222+0000] {logging_mixin.py:190} INFO - [2026-04-15T03:40:54.222+0000] {dag.py:4180} INFO - Setting next_dagrun for dataset_alias_example_alias_consumer_with_no_taskflow to None, run_after=None
[2026-04-15T03:40:54.224+0000] {logging_mixin.py:190} INFO - [2026-04-15T03:40:54.224+0000] {dag.py:4180} INFO - Setting next_dagrun for dataset_alias_example_alias_producer_with_no_taskflow to None, run_after=None
[2026-04-15T03:40:54.226+0000] {logging_mixin.py:190} INFO - [2026-04-15T03:40:54.226+0000] {dag.py:4180} INFO - Setting next_dagrun for dataset_s3_bucket_consumer_with_no_taskflow to None, run_after=None
[2026-04-15T03:40:54.227+0000] {logging_mixin.py:190} INFO - [2026-04-15T03:40:54.227+0000] {dag.py:4180} INFO - Setting next_dagrun for dataset_s3_bucket_producer_with_no_taskflow to None, run_after=None
[2026-04-15T03:40:54.240+0000] {processor.py:208} INFO - Processing /home/airflow/.local/lib/python3.12/site-packages/airflow/example_dags/example_dataset_alias_with_no_taskflow.py took 0.471 seconds
[2026-04-15T03:41:24.677+0000] {processor.py:186} INFO - Started process (PID=46230) to work on /home/airflow/.local/lib/python3.12/site-packages/airflow/example_dags/example_dataset_alias_with_no_taskflow.py
[2026-04-15T03:41:24.679+0000] {processor.py:914} INFO - Processing file /home/airflow/.local/lib/python3.12/site-packages/airflow/example_dags/example_dataset_alias_with_no_taskflow.py for tasks to queue
[2026-04-15T03:41:24.680+0000] {logging_mixin.py:190} INFO - [2026-04-15T03:41:24.680+0000] {dagbag.py:588} INFO - Filling up the DagBag from /home/airflow/.local/lib/python3.12/site-packages/airflow/example_dags/example_dataset_alias_with_no_taskflow.py
[2026-04-15T03:41:24.918+0000] {processor.py:925} INFO - DAG(s) 'dataset_alias_example_alias_consumer_with_no_taskflow', 'dataset_s3_bucket_consumer_with_no_taskflow', 'dataset_alias_example_alias_producer_with_no_taskflow', 'dataset_s3_bucket_producer_with_no_taskflow' retrieved from /home/airflow/.local/lib/python3.12/site-packages/airflow/example_dags/example_dataset_alias_with_no_taskflow.py
[2026-04-15T03:41:24.927+0000] {logging_mixin.py:190} INFO - [2026-04-15T03:41:24.927+0000] {dag.py:3239} INFO - Sync 4 DAGs
[2026-04-15T03:41:24.940+0000] {logging_mixin.py:190} INFO - [2026-04-15T03:41:24.940+0000] {dag.py:4180} INFO - Setting next_dagrun for dataset_alias_example_alias_consumer_with_no_taskflow to None, run_after=None
[2026-04-15T03:41:24.941+0000] {logging_mixin.py:190} INFO - [2026-04-15T03:41:24.941+0000] {dag.py:4180} INFO - Setting next_dagrun for dataset_alias_example_alias_producer_with_no_taskflow to None, run_after=None
[2026-04-15T03:41:24.944+0000] {logging_mixin.py:190} INFO - [2026-04-15T03:41:24.944+0000] {dag.py:4180} INFO - Setting next_dagrun for dataset_s3_bucket_consumer_with_no_taskflow to None, run_after=None
[2026-04-15T03:41:24.945+0000] {logging_mixin.py:190} INFO - [2026-04-15T03:41:24.945+0000] {dag.py:4180} INFO - Setting next_dagrun for dataset_s3_bucket_producer_with_no_taskflow to None, run_after=None
[2026-04-15T03:41:24.955+0000] {processor.py:208} INFO - Processing /home/airflow/.local/lib/python3.12/site-packages/airflow/example_dags/example_dataset_alias_with_no_taskflow.py took 0.280 seconds
[2026-04-15T03:41:55.332+0000] {processor.py:186} INFO - Started process (PID=46294) to work on /home/airflow/.local/lib/python3.12/site-packages/airflow/example_dags/example_dataset_alias_with_no_taskflow.py
[2026-04-15T03:41:55.336+0000] {processor.py:914} INFO - Processing file /home/airflow/.local/lib/python3.12/site-packages/airflow/example_dags/example_dataset_alias_with_no_taskflow.py for tasks to queue
[2026-04-15T03:41:55.336+0000] {logging_mixin.py:190} INFO - [2026-04-15T03:41:55.336+0000] {dagbag.py:588} INFO - Filling up the DagBag from /home/airflow/.local/lib/python3.12/site-packages/airflow/example_dags/example_dataset_alias_with_no_taskflow.py
[2026-04-15T03:41:55.604+0000] {processor.py:925} INFO - DAG(s) 'dataset_alias_example_alias_consumer_with_no_taskflow', 'dataset_s3_bucket_producer_with_no_taskflow', 'dataset_s3_bucket_consumer_with_no_taskflow', 'dataset_alias_example_alias_producer_with_no_taskflow' retrieved from /home/airflow/.local/lib/python3.12/site-packages/airflow/example_dags/example_dataset_alias_with_no_taskflow.py
[2026-04-15T03:41:55.614+0000] {logging_mixin.py:190} INFO - [2026-04-15T03:41:55.614+0000] {dag.py:3239} INFO - Sync 4 DAGs
[2026-04-15T03:41:55.624+0000] {logging_mixin.py:190} INFO - [2026-04-15T03:41:55.624+0000] {dag.py:4180} INFO - Setting next_dagrun for dataset_alias_example_alias_consumer_with_no_taskflow to None, run_after=None
[2026-04-15T03:41:55.625+0000] {logging_mixin.py:190} INFO - [2026-04-15T03:41:55.625+0000] {dag.py:4180} INFO - Setting next_dagrun for dataset_alias_example_alias_producer_with_no_taskflow to None, run_after=None
[2026-04-15T03:41:55.627+0000] {logging_mixin.py:190} INFO - [2026-04-15T03:41:55.627+0000] {dag.py:4180} INFO - Setting next_dagrun for dataset_s3_bucket_consumer_with_no_taskflow to None, run_after=None
[2026-04-15T03:41:55.628+0000] {logging_mixin.py:190} INFO - [2026-04-15T03:41:55.628+0000] {dag.py:4180} INFO - Setting next_dagrun for dataset_s3_bucket_producer_with_no_taskflow to None, run_after=None
[2026-04-15T03:41:55.638+0000] {processor.py:208} INFO - Processing /home/airflow/.local/lib/python3.12/site-packages/airflow/example_dags/example_dataset_alias_with_no_taskflow.py took 0.311 seconds
[2026-04-15T03:42:25.800+0000] {processor.py:186} INFO - Started process (PID=46358) to work on /home/airflow/.local/lib/python3.12/site-packages/airflow/example_dags/example_dataset_alias_with_no_taskflow.py
[2026-04-15T03:42:25.805+0000] {processor.py:914} INFO - Processing file /home/airflow/.local/lib/python3.12/site-packages/airflow/example_dags/example_dataset_alias_with_no_taskflow.py for tasks to queue
[2026-04-15T03:42:25.806+0000] {logging_mixin.py:190} INFO - [2026-04-15T03:42:25.806+0000] {dagbag.py:588} INFO - Filling up the DagBag from /home/airflow/.local/lib/python3.12/site-packages/airflow/example_dags/example_dataset_alias_with_no_taskflow.py
[2026-04-15T03:42:26.083+0000] {processor.py:925} INFO - DAG(s) 'dataset_s3_bucket_consumer_with_no_taskflow', 'dataset_s3_bucket_producer_with_no_taskflow', 'dataset_alias_example_alias_producer_with_no_taskflow', 'dataset_alias_example_alias_consumer_with_no_taskflow' retrieved from /home/airflow/.local/lib/python3.12/site-packages/airflow/example_dags/example_dataset_alias_with_no_taskflow.py
[2026-04-15T03:42:26.097+0000] {logging_mixin.py:190} INFO - [2026-04-15T03:42:26.097+0000] {dag.py:3239} INFO - Sync 4 DAGs
[2026-04-15T03:42:26.113+0000] {logging_mixin.py:190} INFO - [2026-04-15T03:42:26.113+0000] {dag.py:4180} INFO - Setting next_dagrun for dataset_alias_example_alias_consumer_with_no_taskflow to None, run_after=None
[2026-04-15T03:42:26.116+0000] {logging_mixin.py:190} INFO - [2026-04-15T03:42:26.115+0000] {dag.py:4180} INFO - Setting next_dagrun for dataset_alias_example_alias_producer_with_no_taskflow to None, run_after=None
[2026-04-15T03:42:26.117+0000] {logging_mixin.py:190} INFO - [2026-04-15T03:42:26.117+0000] {dag.py:4180} INFO - Setting next_dagrun for dataset_s3_bucket_consumer_with_no_taskflow to None, run_after=None
[2026-04-15T03:42:26.117+0000] {logging_mixin.py:190} INFO - [2026-04-15T03:42:26.117+0000] {dag.py:4180} INFO - Setting next_dagrun for dataset_s3_bucket_producer_with_no_taskflow to None, run_after=None
[2026-04-15T03:42:26.131+0000] {processor.py:208} INFO - Processing /home/airflow/.local/lib/python3.12/site-packages/airflow/example_dags/example_dataset_alias_with_no_taskflow.py took 0.335 seconds
[2026-04-15T03:42:56.678+0000] {processor.py:186} INFO - Started process (PID=46422) to work on /home/airflow/.local/lib/python3.12/site-packages/airflow/example_dags/example_dataset_alias_with_no_taskflow.py
[2026-04-15T03:42:56.678+0000] {processor.py:914} INFO - Processing file /home/airflow/.local/lib/python3.12/site-packages/airflow/example_dags/example_dataset_alias_with_no_taskflow.py for tasks to queue
[2026-04-15T03:42:56.682+0000] {logging_mixin.py:190} INFO - [2026-04-15T03:42:56.682+0000] {dagbag.py:588} INFO - Filling up the DagBag from /home/airflow/.local/lib/python3.12/site-packages/airflow/example_dags/example_dataset_alias_with_no_taskflow.py
[2026-04-15T03:42:56.866+0000] {processor.py:925} INFO - DAG(s) 'dataset_alias_example_alias_producer_with_no_taskflow', 'dataset_alias_example_alias_consumer_with_no_taskflow', 'dataset_s3_bucket_producer_with_no_taskflow', 'dataset_s3_bucket_consumer_with_no_taskflow' retrieved from /home/airflow/.local/lib/python3.12/site-packages/airflow/example_dags/example_dataset_alias_with_no_taskflow.py
[2026-04-15T03:42:56.884+0000] {logging_mixin.py:190} INFO - [2026-04-15T03:42:56.883+0000] {dag.py:3239} INFO - Sync 4 DAGs
[2026-04-15T03:42:56.902+0000] {logging_mixin.py:190} INFO - [2026-04-15T03:42:56.902+0000] {dag.py:4180} INFO - Setting next_dagrun for dataset_alias_example_alias_consumer_with_no_taskflow to None, run_after=None
[2026-04-15T03:42:56.904+0000] {logging_mixin.py:190} INFO - [2026-04-15T03:42:56.903+0000] {dag.py:4180} INFO - Setting next_dagrun for dataset_alias_example_alias_producer_with_no_taskflow to None, run_after=None
[2026-04-15T03:42:56.904+0000] {logging_mixin.py:190} INFO - [2026-04-15T03:42:56.904+0000] {dag.py:4180} INFO - Setting next_dagrun for dataset_s3_bucket_consumer_with_no_taskflow to None, run_after=None
[2026-04-15T03:42:56.905+0000] {logging_mixin.py:190} INFO - [2026-04-15T03:42:56.905+0000] {dag.py:4180} INFO - Setting next_dagrun for dataset_s3_bucket_producer_with_no_taskflow to None, run_after=None
[2026-04-15T03:42:56.919+0000] {processor.py:208} INFO - Processing /home/airflow/.local/lib/python3.12/site-packages/airflow/example_dags/example_dataset_alias_with_no_taskflow.py took 0.244 seconds
[2026-04-15T03:43:26.966+0000] {processor.py:186} INFO - Started process (PID=46485) to work on /home/airflow/.local/lib/python3.12/site-packages/airflow/example_dags/example_dataset_alias_with_no_taskflow.py
[2026-04-15T03:43:26.967+0000] {processor.py:914} INFO - Processing file /home/airflow/.local/lib/python3.12/site-packages/airflow/example_dags/example_dataset_alias_with_no_taskflow.py for tasks to queue
[2026-04-15T03:43:26.968+0000] {logging_mixin.py:190} INFO - [2026-04-15T03:43:26.968+0000] {dagbag.py:588} INFO - Filling up the DagBag from /home/airflow/.local/lib/python3.12/site-packages/airflow/example_dags/example_dataset_alias_with_no_taskflow.py
[2026-04-15T03:43:27.176+0000] {processor.py:925} INFO - DAG(s) 'dataset_s3_bucket_producer_with_no_taskflow', 'dataset_alias_example_alias_producer_with_no_taskflow', 'dataset_alias_example_alias_consumer_with_no_taskflow', 'dataset_s3_bucket_consumer_with_no_taskflow' retrieved from /home/airflow/.local/lib/python3.12/site-packages/airflow/example_dags/example_dataset_alias_with_no_taskflow.py
[2026-04-15T03:43:27.188+0000] {logging_mixin.py:190} INFO - [2026-04-15T03:43:27.187+0000] {dag.py:3239} INFO - Sync 4 DAGs
[2026-04-15T03:43:27.200+0000] {logging_mixin.py:190} INFO - [2026-04-15T03:43:27.200+0000] {dag.py:4180} INFO - Setting next_dagrun for dataset_alias_example_alias_consumer_with_no_taskflow to None, run_after=None
[2026-04-15T03:43:27.201+0000] {logging_mixin.py:190} INFO - [2026-04-15T03:43:27.201+0000] {dag.py:4180} INFO - Setting next_dagrun for dataset_alias_example_alias_producer_with_no_taskflow to None, run_after=None
[2026-04-15T03:43:27.202+0000] {logging_mixin.py:190} INFO - [2026-04-15T03:43:27.202+0000] {dag.py:4180} INFO - Setting next_dagrun for dataset_s3_bucket_consumer_with_no_taskflow to None, run_after=None
[2026-04-15T03:43:27.204+0000] {logging_mixin.py:190} INFO - [2026-04-15T03:43:27.204+0000] {dag.py:4180} INFO - Setting next_dagrun for dataset_s3_bucket_producer_with_no_taskflow to None, run_after=None
[2026-04-15T03:43:27.216+0000] {processor.py:208} INFO - Processing /home/airflow/.local/lib/python3.12/site-packages/airflow/example_dags/example_dataset_alias_with_no_taskflow.py took 0.257 seconds
[2026-04-15T03:43:57.271+0000] {processor.py:186} INFO - Started process (PID=46550) to work on /home/airflow/.local/lib/python3.12/site-packages/airflow/example_dags/example_dataset_alias_with_no_taskflow.py
[2026-04-15T03:43:57.272+0000] {processor.py:914} INFO - Processing file /home/airflow/.local/lib/python3.12/site-packages/airflow/example_dags/example_dataset_alias_with_no_taskflow.py for tasks to queue
[2026-04-15T03:43:57.272+0000] {logging_mixin.py:190} INFO - [2026-04-15T03:43:57.272+0000] {dagbag.py:588} INFO - Filling up the DagBag from /home/airflow/.local/lib/python3.12/site-packages/airflow/example_dags/example_dataset_alias_with_no_taskflow.py
[2026-04-15T03:43:57.485+0000] {processor.py:925} INFO - DAG(s) 'dataset_s3_bucket_producer_with_no_taskflow', 'dataset_s3_bucket_consumer_with_no_taskflow', 'dataset_alias_example_alias_consumer_with_no_taskflow', 'dataset_alias_example_alias_producer_with_no_taskflow' retrieved from /home/airflow/.local/lib/python3.12/site-packages/airflow/example_dags/example_dataset_alias_with_no_taskflow.py
[2026-04-15T03:43:57.513+0000] {logging_mixin.py:190} INFO - [2026-04-15T03:43:57.513+0000] {dag.py:3239} INFO - Sync 4 DAGs
[2026-04-15T03:43:57.528+0000] {logging_mixin.py:190} INFO - [2026-04-15T03:43:57.528+0000] {dag.py:4180} INFO - Setting next_dagrun for dataset_alias_example_alias_consumer_with_no_taskflow to None, run_after=None
[2026-04-15T03:43:57.530+0000] {logging_mixin.py:190} INFO - [2026-04-15T03:43:57.530+0000] {dag.py:4180} INFO - Setting next_dagrun for dataset_alias_example_alias_producer_with_no_taskflow to None, run_after=None
[2026-04-15T03:43:57.531+0000] {logging_mixin.py:190} INFO - [2026-04-15T03:43:57.531+0000] {dag.py:4180} INFO - Setting next_dagrun for dataset_s3_bucket_consumer_with_no_taskflow to None, run_after=None
[2026-04-15T03:43:57.531+0000] {logging_mixin.py:190} INFO - [2026-04-15T03:43:57.531+0000] {dag.py:4180} INFO - Setting next_dagrun for dataset_s3_bucket_producer_with_no_taskflow to None, run_after=None
[2026-04-15T03:43:57.547+0000] {processor.py:208} INFO - Processing /home/airflow/.local/lib/python3.12/site-packages/airflow/example_dags/example_dataset_alias_with_no_taskflow.py took 0.283 seconds
[2026-04-15T03:44:27.571+0000] {processor.py:186} INFO - Started process (PID=46613) to work on /home/airflow/.local/lib/python3.12/site-packages/airflow/example_dags/example_dataset_alias_with_no_taskflow.py
[2026-04-15T03:44:27.572+0000] {processor.py:914} INFO - Processing file /home/airflow/.local/lib/python3.12/site-packages/airflow/example_dags/example_dataset_alias_with_no_taskflow.py for tasks to queue
[2026-04-15T03:44:27.572+0000] {logging_mixin.py:190} INFO - [2026-04-15T03:44:27.572+0000] {dagbag.py:588} INFO - Filling up the DagBag from /home/airflow/.local/lib/python3.12/site-packages/airflow/example_dags/example_dataset_alias_with_no_taskflow.py
[2026-04-15T03:44:27.825+0000] {processor.py:925} INFO - DAG(s) 'dataset_s3_bucket_producer_with_no_taskflow', 'dataset_alias_example_alias_producer_with_no_taskflow', 'dataset_s3_bucket_consumer_with_no_taskflow', 'dataset_alias_example_alias_consumer_with_no_taskflow' retrieved from /home/airflow/.local/lib/python3.12/site-packages/airflow/example_dags/example_dataset_alias_with_no_taskflow.py
[2026-04-15T03:44:27.836+0000] {logging_mixin.py:190} INFO - [2026-04-15T03:44:27.836+0000] {dag.py:3239} INFO - Sync 4 DAGs
[2026-04-15T03:44:27.850+0000] {logging_mixin.py:190} INFO - [2026-04-15T03:44:27.850+0000] {dag.py:4180} INFO - Setting next_dagrun for dataset_alias_example_alias_consumer_with_no_taskflow to None, run_after=None
[2026-04-15T03:44:27.851+0000] {logging_mixin.py:190} INFO - [2026-04-15T03:44:27.851+0000] {dag.py:4180} INFO - Setting next_dagrun for dataset_alias_example_alias_producer_with_no_taskflow to None, run_after=None
[2026-04-15T03:44:27.855+0000] {logging_mixin.py:190} INFO - [2026-04-15T03:44:27.855+0000] {dag.py:4180} INFO - Setting next_dagrun for dataset_s3_bucket_consumer_with_no_taskflow to None, run_after=None
[2026-04-15T03:44:27.855+0000] {logging_mixin.py:190} INFO - [2026-04-15T03:44:27.855+0000] {dag.py:4180} INFO - Setting next_dagrun for dataset_s3_bucket_producer_with_no_taskflow to None, run_after=None
[2026-04-15T03:44:27.868+0000] {processor.py:208} INFO - Processing /home/airflow/.local/lib/python3.12/site-packages/airflow/example_dags/example_dataset_alias_with_no_taskflow.py took 0.300 seconds
[2026-04-15T03:44:57.992+0000] {processor.py:186} INFO - Started process (PID=46678) to work on /home/airflow/.local/lib/python3.12/site-packages/airflow/example_dags/example_dataset_alias_with_no_taskflow.py
[2026-04-15T03:44:57.994+0000] {processor.py:914} INFO - Processing file /home/airflow/.local/lib/python3.12/site-packages/airflow/example_dags/example_dataset_alias_with_no_taskflow.py for tasks to queue
[2026-04-15T03:44:57.995+0000] {logging_mixin.py:190} INFO - [2026-04-15T03:44:57.995+0000] {dagbag.py:588} INFO - Filling up the DagBag from /home/airflow/.local/lib/python3.12/site-packages/airflow/example_dags/example_dataset_alias_with_no_taskflow.py
[2026-04-15T03:44:58.283+0000] {processor.py:925} INFO - DAG(s) 'dataset_alias_example_alias_producer_with_no_taskflow', 'dataset_alias_example_alias_consumer_with_no_taskflow', 'dataset_s3_bucket_producer_with_no_taskflow', 'dataset_s3_bucket_consumer_with_no_taskflow' retrieved from /home/airflow/.local/lib/python3.12/site-packages/airflow/example_dags/example_dataset_alias_with_no_taskflow.py
[2026-04-15T03:44:58.296+0000] {logging_mixin.py:190} INFO - [2026-04-15T03:44:58.296+0000] {dag.py:3239} INFO - Sync 4 DAGs
[2026-04-15T03:44:58.306+0000] {logging_mixin.py:190} INFO - [2026-04-15T03:44:58.306+0000] {dag.py:4180} INFO - Setting next_dagrun for dataset_alias_example_alias_consumer_with_no_taskflow to None, run_after=None
[2026-04-15T03:44:58.307+0000] {logging_mixin.py:190} INFO - [2026-04-15T03:44:58.307+0000] {dag.py:4180} INFO - Setting next_dagrun for dataset_alias_example_alias_producer_with_no_taskflow to None, run_after=None
[2026-04-15T03:44:58.308+0000] {logging_mixin.py:190} INFO - [2026-04-15T03:44:58.308+0000] {dag.py:4180} INFO - Setting next_dagrun for dataset_s3_bucket_consumer_with_no_taskflow to None, run_after=None
[2026-04-15T03:44:58.308+0000] {logging_mixin.py:190} INFO - [2026-04-15T03:44:58.308+0000] {dag.py:4180} INFO - Setting next_dagrun for dataset_s3_bucket_producer_with_no_taskflow to None, run_after=None
[2026-04-15T03:44:58.320+0000] {processor.py:208} INFO - Processing /home/airflow/.local/lib/python3.12/site-packages/airflow/example_dags/example_dataset_alias_with_no_taskflow.py took 0.334 seconds
[2026-04-15T03:45:29.260+0000] {processor.py:186} INFO - Started process (PID=46742) to work on /home/airflow/.local/lib/python3.12/site-packages/airflow/example_dags/example_dataset_alias_with_no_taskflow.py
[2026-04-15T03:45:29.262+0000] {processor.py:914} INFO - Processing file /home/airflow/.local/lib/python3.12/site-packages/airflow/example_dags/example_dataset_alias_with_no_taskflow.py for tasks to queue
[2026-04-15T03:45:29.262+0000] {logging_mixin.py:190} INFO - [2026-04-15T03:45:29.262+0000] {dagbag.py:588} INFO - Filling up the DagBag from /home/airflow/.local/lib/python3.12/site-packages/airflow/example_dags/example_dataset_alias_with_no_taskflow.py
[2026-04-15T03:45:29.499+0000] {processor.py:925} INFO - DAG(s) 'dataset_s3_bucket_consumer_with_no_taskflow', 'dataset_alias_example_alias_producer_with_no_taskflow', 'dataset_s3_bucket_producer_with_no_taskflow', 'dataset_alias_example_alias_consumer_with_no_taskflow' retrieved from /home/airflow/.local/lib/python3.12/site-packages/airflow/example_dags/example_dataset_alias_with_no_taskflow.py
[2026-04-15T03:45:29.509+0000] {logging_mixin.py:190} INFO - [2026-04-15T03:45:29.509+0000] {dag.py:3239} INFO - Sync 4 DAGs
[2026-04-15T03:45:29.526+0000] {logging_mixin.py:190} INFO - [2026-04-15T03:45:29.526+0000] {dag.py:4180} INFO - Setting next_dagrun for dataset_alias_example_alias_consumer_with_no_taskflow to None, run_after=None
[2026-04-15T03:45:29.527+0000] {logging_mixin.py:190} INFO - [2026-04-15T03:45:29.527+0000] {dag.py:4180} INFO - Setting next_dagrun for dataset_alias_example_alias_producer_with_no_taskflow to None, run_after=None
[2026-04-15T03:45:29.529+0000] {logging_mixin.py:190} INFO - [2026-04-15T03:45:29.528+0000] {dag.py:4180} INFO - Setting next_dagrun for dataset_s3_bucket_consumer_with_no_taskflow to None, run_after=None
[2026-04-15T03:45:29.529+0000] {logging_mixin.py:190} INFO - [2026-04-15T03:45:29.529+0000] {dag.py:4180} INFO - Setting next_dagrun for dataset_s3_bucket_producer_with_no_taskflow to None, run_after=None
[2026-04-15T03:45:29.540+0000] {processor.py:208} INFO - Processing /home/airflow/.local/lib/python3.12/site-packages/airflow/example_dags/example_dataset_alias_with_no_taskflow.py took 0.289 seconds
[2026-04-15T03:45:59.592+0000] {processor.py:186} INFO - Started process (PID=46806) to work on /home/airflow/.local/lib/python3.12/site-packages/airflow/example_dags/example_dataset_alias_with_no_taskflow.py
[2026-04-15T03:45:59.593+0000] {processor.py:914} INFO - Processing file /home/airflow/.local/lib/python3.12/site-packages/airflow/example_dags/example_dataset_alias_with_no_taskflow.py for tasks to queue
[2026-04-15T03:45:59.597+0000] {logging_mixin.py:190} INFO - [2026-04-15T03:45:59.597+0000] {dagbag.py:588} INFO - Filling up the DagBag from /home/airflow/.local/lib/python3.12/site-packages/airflow/example_dags/example_dataset_alias_with_no_taskflow.py
[2026-04-15T03:45:59.835+0000] {processor.py:925} INFO - DAG(s) 'dataset_alias_example_alias_producer_with_no_taskflow', 'dataset_s3_bucket_consumer_with_no_taskflow', 'dataset_alias_example_alias_consumer_with_no_taskflow', 'dataset_s3_bucket_producer_with_no_taskflow' retrieved from /home/airflow/.local/lib/python3.12/site-packages/airflow/example_dags/example_dataset_alias_with_no_taskflow.py
[2026-04-15T03:45:59.846+0000] {logging_mixin.py:190} INFO - [2026-04-15T03:45:59.846+0000] {dag.py:3239} INFO - Sync 4 DAGs
[2026-04-15T03:45:59.856+0000] {logging_mixin.py:190} INFO - [2026-04-15T03:45:59.856+0000] {dag.py:4180} INFO - Setting next_dagrun for dataset_alias_example_alias_consumer_with_no_taskflow to None, run_after=None
[2026-04-15T03:45:59.857+0000] {logging_mixin.py:190} INFO - [2026-04-15T03:45:59.857+0000] {dag.py:4180} INFO - Setting next_dagrun for dataset_alias_example_alias_producer_with_no_taskflow to None, run_after=None
[2026-04-15T03:45:59.858+0000] {logging_mixin.py:190} INFO - [2026-04-15T03:45:59.858+0000] {dag.py:4180} INFO - Setting next_dagrun for dataset_s3_bucket_consumer_with_no_taskflow to None, run_after=None
[2026-04-15T03:45:59.858+0000] {logging_mixin.py:190} INFO - [2026-04-15T03:45:59.858+0000] {dag.py:4180} INFO - Setting next_dagrun for dataset_s3_bucket_producer_with_no_taskflow to None, run_after=None
[2026-04-15T03:45:59.869+0000] {processor.py:208} INFO - Processing /home/airflow/.local/lib/python3.12/site-packages/airflow/example_dags/example_dataset_alias_with_no_taskflow.py took 0.283 seconds
[2026-04-15T03:46:29.955+0000] {processor.py:186} INFO - Started process (PID=46870) to work on /home/airflow/.local/lib/python3.12/site-packages/airflow/example_dags/example_dataset_alias_with_no_taskflow.py
[2026-04-15T03:46:29.955+0000] {processor.py:914} INFO - Processing file /home/airflow/.local/lib/python3.12/site-packages/airflow/example_dags/example_dataset_alias_with_no_taskflow.py for tasks to queue
[2026-04-15T03:46:29.956+0000] {logging_mixin.py:190} INFO - [2026-04-15T03:46:29.956+0000] {dagbag.py:588} INFO - Filling up the DagBag from /home/airflow/.local/lib/python3.12/site-packages/airflow/example_dags/example_dataset_alias_with_no_taskflow.py
[2026-04-15T03:46:30.161+0000] {processor.py:925} INFO - DAG(s) 'dataset_s3_bucket_producer_with_no_taskflow', 'dataset_alias_example_alias_consumer_with_no_taskflow', 'dataset_s3_bucket_consumer_with_no_taskflow', 'dataset_alias_example_alias_producer_with_no_taskflow' retrieved from /home/airflow/.local/lib/python3.12/site-packages/airflow/example_dags/example_dataset_alias_with_no_taskflow.py
[2026-04-15T03:46:30.172+0000] {logging_mixin.py:190} INFO - [2026-04-15T03:46:30.172+0000] {dag.py:3239} INFO - Sync 4 DAGs
[2026-04-15T03:46:30.185+0000] {logging_mixin.py:190} INFO - [2026-04-15T03:46:30.185+0000] {dag.py:4180} INFO - Setting next_dagrun for dataset_alias_example_alias_consumer_with_no_taskflow to None, run_after=None
[2026-04-15T03:46:30.187+0000] {logging_mixin.py:190} INFO - [2026-04-15T03:46:30.187+0000] {dag.py:4180} INFO - Setting next_dagrun for dataset_alias_example_alias_producer_with_no_taskflow to None, run_after=None
[2026-04-15T03:46:30.188+0000] {logging_mixin.py:190} INFO - [2026-04-15T03:46:30.188+0000] {dag.py:4180} INFO - Setting next_dagrun for dataset_s3_bucket_consumer_with_no_taskflow to None, run_after=None
[2026-04-15T03:46:30.189+0000] {logging_mixin.py:190} INFO - [2026-04-15T03:46:30.189+0000] {dag.py:4180} INFO - Setting next_dagrun for dataset_s3_bucket_producer_with_no_taskflow to None, run_after=None
[2026-04-15T03:46:30.201+0000] {processor.py:208} INFO - Processing /home/airflow/.local/lib/python3.12/site-packages/airflow/example_dags/example_dataset_alias_with_no_taskflow.py took 0.251 seconds
[2026-04-15T03:47:01.117+0000] {processor.py:186} INFO - Started process (PID=46934) to work on /home/airflow/.local/lib/python3.12/site-packages/airflow/example_dags/example_dataset_alias_with_no_taskflow.py
[2026-04-15T03:47:01.118+0000] {processor.py:914} INFO - Processing file /home/airflow/.local/lib/python3.12/site-packages/airflow/example_dags/example_dataset_alias_with_no_taskflow.py for tasks to queue
[2026-04-15T03:47:01.120+0000] {logging_mixin.py:190} INFO - [2026-04-15T03:47:01.119+0000] {dagbag.py:588} INFO - Filling up the DagBag from /home/airflow/.local/lib/python3.12/site-packages/airflow/example_dags/example_dataset_alias_with_no_taskflow.py
[2026-04-15T03:47:01.362+0000] {processor.py:925} INFO - DAG(s) 'dataset_alias_example_alias_producer_with_no_taskflow', 'dataset_alias_example_alias_consumer_with_no_taskflow', 'dataset_s3_bucket_producer_with_no_taskflow', 'dataset_s3_bucket_consumer_with_no_taskflow' retrieved from /home/airflow/.local/lib/python3.12/site-packages/airflow/example_dags/example_dataset_alias_with_no_taskflow.py
[2026-04-15T03:47:01.372+0000] {logging_mixin.py:190} INFO - [2026-04-15T03:47:01.372+0000] {dag.py:3239} INFO - Sync 4 DAGs
[2026-04-15T03:47:01.380+0000] {logging_mixin.py:190} INFO - [2026-04-15T03:47:01.380+0000] {dag.py:4180} INFO - Setting next_dagrun for dataset_alias_example_alias_consumer_with_no_taskflow to None, run_after=None
[2026-04-15T03:47:01.386+0000] {logging_mixin.py:190} INFO - [2026-04-15T03:47:01.386+0000] {dag.py:4180} INFO - Setting next_dagrun for dataset_alias_example_alias_producer_with_no_taskflow to None, run_after=None
[2026-04-15T03:47:01.386+0000] {logging_mixin.py:190} INFO - [2026-04-15T03:47:01.386+0000] {dag.py:4180} INFO - Setting next_dagrun for dataset_s3_bucket_consumer_with_no_taskflow to None, run_after=None
[2026-04-15T03:47:01.387+0000] {logging_mixin.py:190} INFO - [2026-04-15T03:47:01.387+0000] {dag.py:4180} INFO - Setting next_dagrun for dataset_s3_bucket_producer_with_no_taskflow to None, run_after=None
[2026-04-15T03:47:01.399+0000] {processor.py:208} INFO - Processing /home/airflow/.local/lib/python3.12/site-packages/airflow/example_dags/example_dataset_alias_with_no_taskflow.py took 0.287 seconds
[2026-04-15T03:47:31.671+0000] {processor.py:186} INFO - Started process (PID=46998) to work on /home/airflow/.local/lib/python3.12/site-packages/airflow/example_dags/example_dataset_alias_with_no_taskflow.py
[2026-04-15T03:47:31.676+0000] {processor.py:914} INFO - Processing file /home/airflow/.local/lib/python3.12/site-packages/airflow/example_dags/example_dataset_alias_with_no_taskflow.py for tasks to queue
[2026-04-15T03:47:31.677+0000] {logging_mixin.py:190} INFO - [2026-04-15T03:47:31.676+0000] {dagbag.py:588} INFO - Filling up the DagBag from /home/airflow/.local/lib/python3.12/site-packages/airflow/example_dags/example_dataset_alias_with_no_taskflow.py
[2026-04-15T03:47:31.817+0000] {processor.py:925} INFO - DAG(s) 'dataset_s3_bucket_producer_with_no_taskflow', 'dataset_s3_bucket_consumer_with_no_taskflow', 'dataset_alias_example_alias_producer_with_no_taskflow', 'dataset_alias_example_alias_consumer_with_no_taskflow' retrieved from /home/airflow/.local/lib/python3.12/site-packages/airflow/example_dags/example_dataset_alias_with_no_taskflow.py
[2026-04-15T03:47:31.828+0000] {logging_mixin.py:190} INFO - [2026-04-15T03:47:31.827+0000] {dag.py:3239} INFO - Sync 4 DAGs
[2026-04-15T03:47:31.836+0000] {logging_mixin.py:190} INFO - [2026-04-15T03:47:31.836+0000] {dag.py:4180} INFO - Setting next_dagrun for dataset_alias_example_alias_consumer_with_no_taskflow to None, run_after=None
[2026-04-15T03:47:31.838+0000] {logging_mixin.py:190} INFO - [2026-04-15T03:47:31.838+0000] {dag.py:4180} INFO - Setting next_dagrun for dataset_alias_example_alias_producer_with_no_taskflow to None, run_after=None
[2026-04-15T03:47:31.838+0000] {logging_mixin.py:190} INFO - [2026-04-15T03:47:31.838+0000] {dag.py:4180} INFO - Setting next_dagrun for dataset_s3_bucket_consumer_with_no_taskflow to None, run_after=None
[2026-04-15T03:47:31.841+0000] {logging_mixin.py:190} INFO - [2026-04-15T03:47:31.841+0000] {dag.py:4180} INFO - Setting next_dagrun for dataset_s3_bucket_producer_with_no_taskflow to None, run_after=None
[2026-04-15T03:47:31.851+0000] {processor.py:208} INFO - Processing /home/airflow/.local/lib/python3.12/site-packages/airflow/example_dags/example_dataset_alias_with_no_taskflow.py took 0.184 seconds
[2026-04-15T03:48:01.923+0000] {processor.py:186} INFO - Started process (PID=47062) to work on /home/airflow/.local/lib/python3.12/site-packages/airflow/example_dags/example_dataset_alias_with_no_taskflow.py
[2026-04-15T03:48:01.926+0000] {processor.py:914} INFO - Processing file /home/airflow/.local/lib/python3.12/site-packages/airflow/example_dags/example_dataset_alias_with_no_taskflow.py for tasks to queue
[2026-04-15T03:48:01.930+0000] {logging_mixin.py:190} INFO - [2026-04-15T03:48:01.929+0000] {dagbag.py:588} INFO - Filling up the DagBag from /home/airflow/.local/lib/python3.12/site-packages/airflow/example_dags/example_dataset_alias_with_no_taskflow.py
[2026-04-15T03:48:02.099+0000] {processor.py:925} INFO - DAG(s) 'dataset_alias_example_alias_consumer_with_no_taskflow', 'dataset_s3_bucket_consumer_with_no_taskflow', 'dataset_alias_example_alias_producer_with_no_taskflow', 'dataset_s3_bucket_producer_with_no_taskflow' retrieved from /home/airflow/.local/lib/python3.12/site-packages/airflow/example_dags/example_dataset_alias_with_no_taskflow.py
[2026-04-15T03:48:02.112+0000] {logging_mixin.py:190} INFO - [2026-04-15T03:48:02.111+0000] {dag.py:3239} INFO - Sync 4 DAGs
[2026-04-15T03:48:02.120+0000] {logging_mixin.py:190} INFO - [2026-04-15T03:48:02.120+0000] {dag.py:4180} INFO - Setting next_dagrun for dataset_alias_example_alias_consumer_with_no_taskflow to None, run_after=None
[2026-04-15T03:48:02.123+0000] {logging_mixin.py:190} INFO - [2026-04-15T03:48:02.123+0000] {dag.py:4180} INFO - Setting next_dagrun for dataset_alias_example_alias_producer_with_no_taskflow to None, run_after=None
[2026-04-15T03:48:02.123+0000] {logging_mixin.py:190} INFO - [2026-04-15T03:48:02.123+0000] {dag.py:4180} INFO - Setting next_dagrun for dataset_s3_bucket_consumer_with_no_taskflow to None, run_after=None
[2026-04-15T03:48:02.124+0000] {logging_mixin.py:190} INFO - [2026-04-15T03:48:02.124+0000] {dag.py:4180} INFO - Setting next_dagrun for dataset_s3_bucket_producer_with_no_taskflow to None, run_after=None
[2026-04-15T03:48:02.136+0000] {processor.py:208} INFO - Processing /home/airflow/.local/lib/python3.12/site-packages/airflow/example_dags/example_dataset_alias_with_no_taskflow.py took 0.218 seconds
[2026-04-15T03:48:32.308+0000] {processor.py:186} INFO - Started process (PID=47126) to work on /home/airflow/.local/lib/python3.12/site-packages/airflow/example_dags/example_dataset_alias_with_no_taskflow.py
[2026-04-15T03:48:32.309+0000] {processor.py:914} INFO - Processing file /home/airflow/.local/lib/python3.12/site-packages/airflow/example_dags/example_dataset_alias_with_no_taskflow.py for tasks to queue
[2026-04-15T03:48:32.311+0000] {logging_mixin.py:190} INFO - [2026-04-15T03:48:32.311+0000] {dagbag.py:588} INFO - Filling up the DagBag from /home/airflow/.local/lib/python3.12/site-packages/airflow/example_dags/example_dataset_alias_with_no_taskflow.py
[2026-04-15T03:48:32.485+0000] {processor.py:925} INFO - DAG(s) 'dataset_s3_bucket_consumer_with_no_taskflow', 'dataset_s3_bucket_producer_with_no_taskflow', 'dataset_alias_example_alias_consumer_with_no_taskflow', 'dataset_alias_example_alias_producer_with_no_taskflow' retrieved from /home/airflow/.local/lib/python3.12/site-packages/airflow/example_dags/example_dataset_alias_with_no_taskflow.py
[2026-04-15T03:48:32.496+0000] {logging_mixin.py:190} INFO - [2026-04-15T03:48:32.495+0000] {dag.py:3239} INFO - Sync 4 DAGs
[2026-04-15T03:48:32.505+0000] {logging_mixin.py:190} INFO - [2026-04-15T03:48:32.505+0000] {dag.py:4180} INFO - Setting next_dagrun for dataset_alias_example_alias_consumer_with_no_taskflow to None, run_after=None
[2026-04-15T03:48:32.506+0000] {logging_mixin.py:190} INFO - [2026-04-15T03:48:32.506+0000] {dag.py:4180} INFO - Setting next_dagrun for dataset_alias_example_alias_producer_with_no_taskflow to None, run_after=None
[2026-04-15T03:48:32.507+0000] {logging_mixin.py:190} INFO - [2026-04-15T03:48:32.507+0000] {dag.py:4180} INFO - Setting next_dagrun for dataset_s3_bucket_consumer_with_no_taskflow to None, run_after=None
[2026-04-15T03:48:32.507+0000] {logging_mixin.py:190} INFO - [2026-04-15T03:48:32.507+0000] {dag.py:4180} INFO - Setting next_dagrun for dataset_s3_bucket_producer_with_no_taskflow to None, run_after=None
[2026-04-15T03:48:32.519+0000] {processor.py:208} INFO - Processing /home/airflow/.local/lib/python3.12/site-packages/airflow/example_dags/example_dataset_alias_with_no_taskflow.py took 0.217 seconds
[2026-04-15T03:49:03.428+0000] {processor.py:186} INFO - Started process (PID=47190) to work on /home/airflow/.local/lib/python3.12/site-packages/airflow/example_dags/example_dataset_alias_with_no_taskflow.py
[2026-04-15T03:49:03.430+0000] {processor.py:914} INFO - Processing file /home/airflow/.local/lib/python3.12/site-packages/airflow/example_dags/example_dataset_alias_with_no_taskflow.py for tasks to queue
[2026-04-15T03:49:03.432+0000] {logging_mixin.py:190} INFO - [2026-04-15T03:49:03.431+0000] {dagbag.py:588} INFO - Filling up the DagBag from /home/airflow/.local/lib/python3.12/site-packages/airflow/example_dags/example_dataset_alias_with_no_taskflow.py
[2026-04-15T03:49:03.594+0000] {processor.py:925} INFO - DAG(s) 'dataset_s3_bucket_producer_with_no_taskflow', 'dataset_alias_example_alias_consumer_with_no_taskflow', 'dataset_alias_example_alias_producer_with_no_taskflow', 'dataset_s3_bucket_consumer_with_no_taskflow' retrieved from /home/airflow/.local/lib/python3.12/site-packages/airflow/example_dags/example_dataset_alias_with_no_taskflow.py
[2026-04-15T03:49:03.602+0000] {logging_mixin.py:190} INFO - [2026-04-15T03:49:03.602+0000] {dag.py:3239} INFO - Sync 4 DAGs
[2026-04-15T03:49:03.616+0000] {logging_mixin.py:190} INFO - [2026-04-15T03:49:03.616+0000] {dag.py:4180} INFO - Setting next_dagrun for dataset_alias_example_alias_consumer_with_no_taskflow to None, run_after=None
[2026-04-15T03:49:03.618+0000] {logging_mixin.py:190} INFO - [2026-04-15T03:49:03.618+0000] {dag.py:4180} INFO - Setting next_dagrun for dataset_alias_example_alias_producer_with_no_taskflow to None, run_after=None
[2026-04-15T03:49:03.618+0000] {logging_mixin.py:190} INFO - [2026-04-15T03:49:03.618+0000] {dag.py:4180} INFO - Setting next_dagrun for dataset_s3_bucket_consumer_with_no_taskflow to None, run_after=None
[2026-04-15T03:49:03.619+0000] {logging_mixin.py:190} INFO - [2026-04-15T03:49:03.618+0000] {dag.py:4180} INFO - Setting next_dagrun for dataset_s3_bucket_producer_with_no_taskflow to None, run_after=None
[2026-04-15T03:49:03.629+0000] {processor.py:208} INFO - Processing /home/airflow/.local/lib/python3.12/site-packages/airflow/example_dags/example_dataset_alias_with_no_taskflow.py took 0.206 seconds
[2026-04-15T03:49:34.392+0000] {processor.py:186} INFO - Started process (PID=47254) to work on /home/airflow/.local/lib/python3.12/site-packages/airflow/example_dags/example_dataset_alias_with_no_taskflow.py
[2026-04-15T03:49:34.395+0000] {processor.py:914} INFO - Processing file /home/airflow/.local/lib/python3.12/site-packages/airflow/example_dags/example_dataset_alias_with_no_taskflow.py for tasks to queue
[2026-04-15T03:49:34.398+0000] {logging_mixin.py:190} INFO - [2026-04-15T03:49:34.397+0000] {dagbag.py:588} INFO - Filling up the DagBag from /home/airflow/.local/lib/python3.12/site-packages/airflow/example_dags/example_dataset_alias_with_no_taskflow.py
[2026-04-15T03:49:34.666+0000] {processor.py:925} INFO - DAG(s) 'dataset_s3_bucket_consumer_with_no_taskflow', 'dataset_alias_example_alias_consumer_with_no_taskflow', 'dataset_s3_bucket_producer_with_no_taskflow', 'dataset_alias_example_alias_producer_with_no_taskflow' retrieved from /home/airflow/.local/lib/python3.12/site-packages/airflow/example_dags/example_dataset_alias_with_no_taskflow.py
[2026-04-15T03:49:34.681+0000] {logging_mixin.py:190} INFO - [2026-04-15T03:49:34.681+0000] {dag.py:3239} INFO - Sync 4 DAGs
[2026-04-15T03:49:34.692+0000] {logging_mixin.py:190} INFO - [2026-04-15T03:49:34.692+0000] {dag.py:4180} INFO - Setting next_dagrun for dataset_alias_example_alias_consumer_with_no_taskflow to None, run_after=None
[2026-04-15T03:49:34.694+0000] {logging_mixin.py:190} INFO - [2026-04-15T03:49:34.693+0000] {dag.py:4180} INFO - Setting next_dagrun for dataset_alias_example_alias_producer_with_no_taskflow to None, run_after=None
[2026-04-15T03:49:34.694+0000] {logging_mixin.py:190} INFO - [2026-04-15T03:49:34.694+0000] {dag.py:4180} INFO - Setting next_dagrun for dataset_s3_bucket_consumer_with_no_taskflow to None, run_after=None
[2026-04-15T03:49:34.695+0000] {logging_mixin.py:190} INFO - [2026-04-15T03:49:34.695+0000] {dag.py:4180} INFO - Setting next_dagrun for dataset_s3_bucket_producer_with_no_taskflow to None, run_after=None
[2026-04-15T03:49:34.712+0000] {processor.py:208} INFO - Processing /home/airflow/.local/lib/python3.12/site-packages/airflow/example_dags/example_dataset_alias_with_no_taskflow.py took 0.326 seconds
[2026-04-15T03:50:05.709+0000] {processor.py:186} INFO - Started process (PID=47318) to work on /home/airflow/.local/lib/python3.12/site-packages/airflow/example_dags/example_dataset_alias_with_no_taskflow.py
[2026-04-15T03:50:05.712+0000] {processor.py:914} INFO - Processing file /home/airflow/.local/lib/python3.12/site-packages/airflow/example_dags/example_dataset_alias_with_no_taskflow.py for tasks to queue
[2026-04-15T03:50:05.712+0000] {logging_mixin.py:190} INFO - [2026-04-15T03:50:05.712+0000] {dagbag.py:588} INFO - Filling up the DagBag from /home/airflow/.local/lib/python3.12/site-packages/airflow/example_dags/example_dataset_alias_with_no_taskflow.py
[2026-04-15T03:50:05.860+0000] {processor.py:925} INFO - DAG(s) 'dataset_alias_example_alias_consumer_with_no_taskflow', 'dataset_s3_bucket_producer_with_no_taskflow', 'dataset_alias_example_alias_producer_with_no_taskflow', 'dataset_s3_bucket_consumer_with_no_taskflow' retrieved from /home/airflow/.local/lib/python3.12/site-packages/airflow/example_dags/example_dataset_alias_with_no_taskflow.py
[2026-04-15T03:50:05.869+0000] {logging_mixin.py:190} INFO - [2026-04-15T03:50:05.869+0000] {dag.py:3239} INFO - Sync 4 DAGs
[2026-04-15T03:50:05.878+0000] {logging_mixin.py:190} INFO - [2026-04-15T03:50:05.878+0000] {dag.py:4180} INFO - Setting next_dagrun for dataset_alias_example_alias_consumer_with_no_taskflow to None, run_after=None
[2026-04-15T03:50:05.879+0000] {logging_mixin.py:190} INFO - [2026-04-15T03:50:05.879+0000] {dag.py:4180} INFO - Setting next_dagrun for dataset_alias_example_alias_producer_with_no_taskflow to None, run_after=None
[2026-04-15T03:50:05.880+0000] {logging_mixin.py:190} INFO - [2026-04-15T03:50:05.880+0000] {dag.py:4180} INFO - Setting next_dagrun for dataset_s3_bucket_consumer_with_no_taskflow to None, run_after=None
[2026-04-15T03:50:05.882+0000] {logging_mixin.py:190} INFO - [2026-04-15T03:50:05.882+0000] {dag.py:4180} INFO - Setting next_dagrun for dataset_s3_bucket_producer_with_no_taskflow to None, run_after=None
[2026-04-15T03:50:05.891+0000] {processor.py:208} INFO - Processing /home/airflow/.local/lib/python3.12/site-packages/airflow/example_dags/example_dataset_alias_with_no_taskflow.py took 0.186 seconds
[2026-04-15T03:50:36.653+0000] {processor.py:186} INFO - Started process (PID=47382) to work on /home/airflow/.local/lib/python3.12/site-packages/airflow/example_dags/example_dataset_alias_with_no_taskflow.py
[2026-04-15T03:50:36.654+0000] {processor.py:914} INFO - Processing file /home/airflow/.local/lib/python3.12/site-packages/airflow/example_dags/example_dataset_alias_with_no_taskflow.py for tasks to queue
[2026-04-15T03:50:36.656+0000] {logging_mixin.py:190} INFO - [2026-04-15T03:50:36.656+0000] {dagbag.py:588} INFO - Filling up the DagBag from /home/airflow/.local/lib/python3.12/site-packages/airflow/example_dags/example_dataset_alias_with_no_taskflow.py
[2026-04-15T03:50:36.826+0000] {processor.py:925} INFO - DAG(s) 'dataset_alias_example_alias_producer_with_no_taskflow', 'dataset_s3_bucket_consumer_with_no_taskflow', 'dataset_s3_bucket_producer_with_no_taskflow', 'dataset_alias_example_alias_consumer_with_no_taskflow' retrieved from /home/airflow/.local/lib/python3.12/site-packages/airflow/example_dags/example_dataset_alias_with_no_taskflow.py
[2026-04-15T03:50:36.837+0000] {logging_mixin.py:190} INFO - [2026-04-15T03:50:36.837+0000] {dag.py:3239} INFO - Sync 4 DAGs
[2026-04-15T03:50:36.850+0000] {logging_mixin.py:190} INFO - [2026-04-15T03:50:36.850+0000] {dag.py:4180} INFO - Setting next_dagrun for dataset_alias_example_alias_consumer_with_no_taskflow to None, run_after=None
[2026-04-15T03:50:36.851+0000] {logging_mixin.py:190} INFO - [2026-04-15T03:50:36.851+0000] {dag.py:4180} INFO - Setting next_dagrun for dataset_alias_example_alias_producer_with_no_taskflow to None, run_after=None
[2026-04-15T03:50:36.852+0000] {logging_mixin.py:190} INFO - [2026-04-15T03:50:36.852+0000] {dag.py:4180} INFO - Setting next_dagrun for dataset_s3_bucket_consumer_with_no_taskflow to None, run_after=None
[2026-04-15T03:50:36.852+0000] {logging_mixin.py:190} INFO - [2026-04-15T03:50:36.852+0000] {dag.py:4180} INFO - Setting next_dagrun for dataset_s3_bucket_producer_with_no_taskflow to None, run_after=None
[2026-04-15T03:50:36.864+0000] {processor.py:208} INFO - Processing /home/airflow/.local/lib/python3.12/site-packages/airflow/example_dags/example_dataset_alias_with_no_taskflow.py took 0.218 seconds
[2026-04-15T03:51:07.647+0000] {processor.py:186} INFO - Started process (PID=47446) to work on /home/airflow/.local/lib/python3.12/site-packages/airflow/example_dags/example_dataset_alias_with_no_taskflow.py
[2026-04-15T03:51:07.649+0000] {processor.py:914} INFO - Processing file /home/airflow/.local/lib/python3.12/site-packages/airflow/example_dags/example_dataset_alias_with_no_taskflow.py for tasks to queue
[2026-04-15T03:51:07.650+0000] {logging_mixin.py:190} INFO - [2026-04-15T03:51:07.649+0000] {dagbag.py:588} INFO - Filling up the DagBag from /home/airflow/.local/lib/python3.12/site-packages/airflow/example_dags/example_dataset_alias_with_no_taskflow.py
[2026-04-15T03:51:07.795+0000] {processor.py:925} INFO - DAG(s) 'dataset_s3_bucket_consumer_with_no_taskflow', 'dataset_alias_example_alias_producer_with_no_taskflow', 'dataset_s3_bucket_producer_with_no_taskflow', 'dataset_alias_example_alias_consumer_with_no_taskflow' retrieved from /home/airflow/.local/lib/python3.12/site-packages/airflow/example_dags/example_dataset_alias_with_no_taskflow.py
[2026-04-15T03:51:07.808+0000] {logging_mixin.py:190} INFO - [2026-04-15T03:51:07.808+0000] {dag.py:3239} INFO - Sync 4 DAGs
[2026-04-15T03:51:07.819+0000] {logging_mixin.py:190} INFO - [2026-04-15T03:51:07.819+0000] {dag.py:4180} INFO - Setting next_dagrun for dataset_alias_example_alias_consumer_with_no_taskflow to None, run_after=None
[2026-04-15T03:51:07.821+0000] {logging_mixin.py:190} INFO - [2026-04-15T03:51:07.821+0000] {dag.py:4180} INFO - Setting next_dagrun for dataset_alias_example_alias_producer_with_no_taskflow to None, run_after=None
[2026-04-15T03:51:07.823+0000] {logging_mixin.py:190} INFO - [2026-04-15T03:51:07.822+0000] {dag.py:4180} INFO - Setting next_dagrun for dataset_s3_bucket_consumer_with_no_taskflow to None, run_after=None
[2026-04-15T03:51:07.823+0000] {logging_mixin.py:190} INFO - [2026-04-15T03:51:07.823+0000] {dag.py:4180} INFO - Setting next_dagrun for dataset_s3_bucket_producer_with_no_taskflow to None, run_after=None
[2026-04-15T03:51:07.833+0000] {processor.py:208} INFO - Processing /home/airflow/.local/lib/python3.12/site-packages/airflow/example_dags/example_dataset_alias_with_no_taskflow.py took 0.192 seconds
[2026-04-15T03:51:38.771+0000] {processor.py:186} INFO - Started process (PID=47510) to work on /home/airflow/.local/lib/python3.12/site-packages/airflow/example_dags/example_dataset_alias_with_no_taskflow.py
[2026-04-15T03:51:38.772+0000] {processor.py:914} INFO - Processing file /home/airflow/.local/lib/python3.12/site-packages/airflow/example_dags/example_dataset_alias_with_no_taskflow.py for tasks to queue
[2026-04-15T03:51:38.772+0000] {logging_mixin.py:190} INFO - [2026-04-15T03:51:38.772+0000] {dagbag.py:588} INFO - Filling up the DagBag from /home/airflow/.local/lib/python3.12/site-packages/airflow/example_dags/example_dataset_alias_with_no_taskflow.py
[2026-04-15T03:51:38.910+0000] {processor.py:925} INFO - DAG(s) 'dataset_alias_example_alias_producer_with_no_taskflow', 'dataset_alias_example_alias_consumer_with_no_taskflow', 'dataset_s3_bucket_producer_with_no_taskflow', 'dataset_s3_bucket_consumer_with_no_taskflow' retrieved from /home/airflow/.local/lib/python3.12/site-packages/airflow/example_dags/example_dataset_alias_with_no_taskflow.py
[2026-04-15T03:51:38.921+0000] {logging_mixin.py:190} INFO - [2026-04-15T03:51:38.921+0000] {dag.py:3239} INFO - Sync 4 DAGs
[2026-04-15T03:51:38.929+0000] {logging_mixin.py:190} INFO - [2026-04-15T03:51:38.929+0000] {dag.py:4180} INFO - Setting next_dagrun for dataset_alias_example_alias_consumer_with_no_taskflow to None, run_after=None
[2026-04-15T03:51:38.930+0000] {logging_mixin.py:190} INFO - [2026-04-15T03:51:38.930+0000] {dag.py:4180} INFO - Setting next_dagrun for dataset_alias_example_alias_producer_with_no_taskflow to None, run_after=None
[2026-04-15T03:51:38.930+0000] {logging_mixin.py:190} INFO - [2026-04-15T03:51:38.930+0000] {dag.py:4180} INFO - Setting next_dagrun for dataset_s3_bucket_consumer_with_no_taskflow to None, run_after=None
[2026-04-15T03:51:38.931+0000] {logging_mixin.py:190} INFO - [2026-04-15T03:51:38.931+0000] {dag.py:4180} INFO - Setting next_dagrun for dataset_s3_bucket_producer_with_no_taskflow to None, run_after=None
[2026-04-15T03:51:38.941+0000] {processor.py:208} INFO - Processing /home/airflow/.local/lib/python3.12/site-packages/airflow/example_dags/example_dataset_alias_with_no_taskflow.py took 0.175 seconds
[2026-04-15T03:52:08.999+0000] {processor.py:186} INFO - Started process (PID=47573) to work on /home/airflow/.local/lib/python3.12/site-packages/airflow/example_dags/example_dataset_alias_with_no_taskflow.py
[2026-04-15T03:52:08.999+0000] {processor.py:914} INFO - Processing file /home/airflow/.local/lib/python3.12/site-packages/airflow/example_dags/example_dataset_alias_with_no_taskflow.py for tasks to queue
[2026-04-15T03:52:09.000+0000] {logging_mixin.py:190} INFO - [2026-04-15T03:52:09.000+0000] {dagbag.py:588} INFO - Filling up the DagBag from /home/airflow/.local/lib/python3.12/site-packages/airflow/example_dags/example_dataset_alias_with_no_taskflow.py
[2026-04-15T03:52:09.174+0000] {processor.py:925} INFO - DAG(s) 'dataset_alias_example_alias_producer_with_no_taskflow', 'dataset_alias_example_alias_consumer_with_no_taskflow', 'dataset_s3_bucket_consumer_with_no_taskflow', 'dataset_s3_bucket_producer_with_no_taskflow' retrieved from /home/airflow/.local/lib/python3.12/site-packages/airflow/example_dags/example_dataset_alias_with_no_taskflow.py
[2026-04-15T03:52:09.184+0000] {logging_mixin.py:190} INFO - [2026-04-15T03:52:09.184+0000] {dag.py:3239} INFO - Sync 4 DAGs
[2026-04-15T03:52:09.194+0000] {logging_mixin.py:190} INFO - [2026-04-15T03:52:09.194+0000] {dag.py:4180} INFO - Setting next_dagrun for dataset_alias_example_alias_consumer_with_no_taskflow to None, run_after=None
[2026-04-15T03:52:09.195+0000] {logging_mixin.py:190} INFO - [2026-04-15T03:52:09.195+0000] {dag.py:4180} INFO - Setting next_dagrun for dataset_alias_example_alias_producer_with_no_taskflow to None, run_after=None
[2026-04-15T03:52:09.196+0000] {logging_mixin.py:190} INFO - [2026-04-15T03:52:09.196+0000] {dag.py:4180} INFO - Setting next_dagrun for dataset_s3_bucket_consumer_with_no_taskflow to None, run_after=None
[2026-04-15T03:52:09.196+0000] {logging_mixin.py:190} INFO - [2026-04-15T03:52:09.196+0000] {dag.py:4180} INFO - Setting next_dagrun for dataset_s3_bucket_producer_with_no_taskflow to None, run_after=None
[2026-04-15T03:52:09.339+0000] {processor.py:208} INFO - Processing /home/airflow/.local/lib/python3.12/site-packages/airflow/example_dags/example_dataset_alias_with_no_taskflow.py took 0.347 seconds
[2026-04-15T03:52:40.335+0000] {processor.py:186} INFO - Started process (PID=47637) to work on /home/airflow/.local/lib/python3.12/site-packages/airflow/example_dags/example_dataset_alias_with_no_taskflow.py
[2026-04-15T03:52:40.337+0000] {processor.py:914} INFO - Processing file /home/airflow/.local/lib/python3.12/site-packages/airflow/example_dags/example_dataset_alias_with_no_taskflow.py for tasks to queue
[2026-04-15T03:52:40.337+0000] {logging_mixin.py:190} INFO - [2026-04-15T03:52:40.337+0000] {dagbag.py:588} INFO - Filling up the DagBag from /home/airflow/.local/lib/python3.12/site-packages/airflow/example_dags/example_dataset_alias_with_no_taskflow.py
[2026-04-15T03:52:40.498+0000] {processor.py:925} INFO - DAG(s) 'dataset_alias_example_alias_producer_with_no_taskflow', 'dataset_s3_bucket_consumer_with_no_taskflow', 'dataset_s3_bucket_producer_with_no_taskflow', 'dataset_alias_example_alias_consumer_with_no_taskflow' retrieved from /home/airflow/.local/lib/python3.12/site-packages/airflow/example_dags/example_dataset_alias_with_no_taskflow.py
[2026-04-15T03:52:40.509+0000] {logging_mixin.py:190} INFO - [2026-04-15T03:52:40.509+0000] {dag.py:3239} INFO - Sync 4 DAGs
[2026-04-15T03:52:40.518+0000] {logging_mixin.py:190} INFO - [2026-04-15T03:52:40.518+0000] {dag.py:4180} INFO - Setting next_dagrun for dataset_alias_example_alias_consumer_with_no_taskflow to None, run_after=None
[2026-04-15T03:52:40.519+0000] {logging_mixin.py:190} INFO - [2026-04-15T03:52:40.519+0000] {dag.py:4180} INFO - Setting next_dagrun for dataset_alias_example_alias_producer_with_no_taskflow to None, run_after=None
[2026-04-15T03:52:40.520+0000] {logging_mixin.py:190} INFO - [2026-04-15T03:52:40.520+0000] {dag.py:4180} INFO - Setting next_dagrun for dataset_s3_bucket_consumer_with_no_taskflow to None, run_after=None
[2026-04-15T03:52:40.520+0000] {logging_mixin.py:190} INFO - [2026-04-15T03:52:40.520+0000] {dag.py:4180} INFO - Setting next_dagrun for dataset_s3_bucket_producer_with_no_taskflow to None, run_after=None
[2026-04-15T03:52:40.530+0000] {processor.py:208} INFO - Processing /home/airflow/.local/lib/python3.12/site-packages/airflow/example_dags/example_dataset_alias_with_no_taskflow.py took 0.200 seconds
[2026-04-15T03:53:11.393+0000] {processor.py:186} INFO - Started process (PID=47701) to work on /home/airflow/.local/lib/python3.12/site-packages/airflow/example_dags/example_dataset_alias_with_no_taskflow.py
[2026-04-15T03:53:11.394+0000] {processor.py:914} INFO - Processing file /home/airflow/.local/lib/python3.12/site-packages/airflow/example_dags/example_dataset_alias_with_no_taskflow.py for tasks to queue
[2026-04-15T03:53:11.398+0000] {logging_mixin.py:190} INFO - [2026-04-15T03:53:11.397+0000] {dagbag.py:588} INFO - Filling up the DagBag from /home/airflow/.local/lib/python3.12/site-packages/airflow/example_dags/example_dataset_alias_with_no_taskflow.py
[2026-04-15T03:53:11.596+0000] {processor.py:925} INFO - DAG(s) 'dataset_alias_example_alias_producer_with_no_taskflow', 'dataset_s3_bucket_consumer_with_no_taskflow', 'dataset_s3_bucket_producer_with_no_taskflow', 'dataset_alias_example_alias_consumer_with_no_taskflow' retrieved from /home/airflow/.local/lib/python3.12/site-packages/airflow/example_dags/example_dataset_alias_with_no_taskflow.py
[2026-04-15T03:53:11.608+0000] {logging_mixin.py:190} INFO - [2026-04-15T03:53:11.607+0000] {dag.py:3239} INFO - Sync 4 DAGs
[2026-04-15T03:53:11.620+0000] {logging_mixin.py:190} INFO - [2026-04-15T03:53:11.620+0000] {dag.py:4180} INFO - Setting next_dagrun for dataset_alias_example_alias_consumer_with_no_taskflow to None, run_after=None
[2026-04-15T03:53:11.621+0000] {logging_mixin.py:190} INFO - [2026-04-15T03:53:11.621+0000] {dag.py:4180} INFO - Setting next_dagrun for dataset_alias_example_alias_producer_with_no_taskflow to None, run_after=None
[2026-04-15T03:53:11.623+0000] {logging_mixin.py:190} INFO - [2026-04-15T03:53:11.623+0000] {dag.py:4180} INFO - Setting next_dagrun for dataset_s3_bucket_consumer_with_no_taskflow to None, run_after=None
[2026-04-15T03:53:11.625+0000] {logging_mixin.py:190} INFO - [2026-04-15T03:53:11.624+0000] {dag.py:4180} INFO - Setting next_dagrun for dataset_s3_bucket_producer_with_no_taskflow to None, run_after=None
[2026-04-15T03:53:11.634+0000] {processor.py:208} INFO - Processing /home/airflow/.local/lib/python3.12/site-packages/airflow/example_dags/example_dataset_alias_with_no_taskflow.py took 0.244 seconds
[2026-04-15T03:53:41.833+0000] {processor.py:186} INFO - Started process (PID=47765) to work on /home/airflow/.local/lib/python3.12/site-packages/airflow/example_dags/example_dataset_alias_with_no_taskflow.py
[2026-04-15T03:53:41.835+0000] {processor.py:914} INFO - Processing file /home/airflow/.local/lib/python3.12/site-packages/airflow/example_dags/example_dataset_alias_with_no_taskflow.py for tasks to queue
[2026-04-15T03:53:41.836+0000] {logging_mixin.py:190} INFO - [2026-04-15T03:53:41.836+0000] {dagbag.py:588} INFO - Filling up the DagBag from /home/airflow/.local/lib/python3.12/site-packages/airflow/example_dags/example_dataset_alias_with_no_taskflow.py
[2026-04-15T03:53:42.052+0000] {processor.py:925} INFO - DAG(s) 'dataset_s3_bucket_producer_with_no_taskflow', 'dataset_alias_example_alias_consumer_with_no_taskflow', 'dataset_s3_bucket_consumer_with_no_taskflow', 'dataset_alias_example_alias_producer_with_no_taskflow' retrieved from /home/airflow/.local/lib/python3.12/site-packages/airflow/example_dags/example_dataset_alias_with_no_taskflow.py
[2026-04-15T03:53:42.065+0000] {logging_mixin.py:190} INFO - [2026-04-15T03:53:42.065+0000] {dag.py:3239} INFO - Sync 4 DAGs
[2026-04-15T03:53:42.077+0000] {logging_mixin.py:190} INFO - [2026-04-15T03:53:42.077+0000] {dag.py:4180} INFO - Setting next_dagrun for dataset_alias_example_alias_consumer_with_no_taskflow to None, run_after=None
[2026-04-15T03:53:42.080+0000] {logging_mixin.py:190} INFO - [2026-04-15T03:53:42.080+0000] {dag.py:4180} INFO - Setting next_dagrun for dataset_alias_example_alias_producer_with_no_taskflow to None, run_after=None
[2026-04-15T03:53:42.083+0000] {logging_mixin.py:190} INFO - [2026-04-15T03:53:42.083+0000] {dag.py:4180} INFO - Setting next_dagrun for dataset_s3_bucket_consumer_with_no_taskflow to None, run_after=None
[2026-04-15T03:53:42.084+0000] {logging_mixin.py:190} INFO - [2026-04-15T03:53:42.084+0000] {dag.py:4180} INFO - Setting next_dagrun for dataset_s3_bucket_producer_with_no_taskflow to None, run_after=None
[2026-04-15T03:53:42.097+0000] {processor.py:208} INFO - Processing /home/airflow/.local/lib/python3.12/site-packages/airflow/example_dags/example_dataset_alias_with_no_taskflow.py took 0.271 seconds
[2026-04-15T03:54:12.319+0000] {processor.py:186} INFO - Started process (PID=47829) to work on /home/airflow/.local/lib/python3.12/site-packages/airflow/example_dags/example_dataset_alias_with_no_taskflow.py
[2026-04-15T03:54:12.320+0000] {processor.py:914} INFO - Processing file /home/airflow/.local/lib/python3.12/site-packages/airflow/example_dags/example_dataset_alias_with_no_taskflow.py for tasks to queue
[2026-04-15T03:54:12.321+0000] {logging_mixin.py:190} INFO - [2026-04-15T03:54:12.321+0000] {dagbag.py:588} INFO - Filling up the DagBag from /home/airflow/.local/lib/python3.12/site-packages/airflow/example_dags/example_dataset_alias_with_no_taskflow.py
[2026-04-15T03:54:12.480+0000] {processor.py:925} INFO - DAG(s) 'dataset_alias_example_alias_consumer_with_no_taskflow', 'dataset_alias_example_alias_producer_with_no_taskflow', 'dataset_s3_bucket_producer_with_no_taskflow', 'dataset_s3_bucket_consumer_with_no_taskflow' retrieved from /home/airflow/.local/lib/python3.12/site-packages/airflow/example_dags/example_dataset_alias_with_no_taskflow.py
[2026-04-15T03:54:12.491+0000] {logging_mixin.py:190} INFO - [2026-04-15T03:54:12.491+0000] {dag.py:3239} INFO - Sync 4 DAGs
[2026-04-15T03:54:12.658+0000] {logging_mixin.py:190} INFO - [2026-04-15T03:54:12.658+0000] {dag.py:4180} INFO - Setting next_dagrun for dataset_alias_example_alias_consumer_with_no_taskflow to None, run_after=None
[2026-04-15T03:54:12.659+0000] {logging_mixin.py:190} INFO - [2026-04-15T03:54:12.659+0000] {dag.py:4180} INFO - Setting next_dagrun for dataset_alias_example_alias_producer_with_no_taskflow to None, run_after=None
[2026-04-15T03:54:12.660+0000] {logging_mixin.py:190} INFO - [2026-04-15T03:54:12.660+0000] {dag.py:4180} INFO - Setting next_dagrun for dataset_s3_bucket_consumer_with_no_taskflow to None, run_after=None
[2026-04-15T03:54:12.661+0000] {logging_mixin.py:190} INFO - [2026-04-15T03:54:12.661+0000] {dag.py:4180} INFO - Setting next_dagrun for dataset_s3_bucket_producer_with_no_taskflow to None, run_after=None
[2026-04-15T03:54:12.672+0000] {processor.py:208} INFO - Processing /home/airflow/.local/lib/python3.12/site-packages/airflow/example_dags/example_dataset_alias_with_no_taskflow.py took 0.358 seconds
[2026-04-15T03:54:43.053+0000] {processor.py:186} INFO - Started process (PID=47893) to work on /home/airflow/.local/lib/python3.12/site-packages/airflow/example_dags/example_dataset_alias_with_no_taskflow.py
[2026-04-15T03:54:43.054+0000] {processor.py:914} INFO - Processing file /home/airflow/.local/lib/python3.12/site-packages/airflow/example_dags/example_dataset_alias_with_no_taskflow.py for tasks to queue
[2026-04-15T03:54:43.058+0000] {logging_mixin.py:190} INFO - [2026-04-15T03:54:43.058+0000] {dagbag.py:588} INFO - Filling up the DagBag from /home/airflow/.local/lib/python3.12/site-packages/airflow/example_dags/example_dataset_alias_with_no_taskflow.py
[2026-04-15T03:54:43.227+0000] {processor.py:925} INFO - DAG(s) 'dataset_s3_bucket_consumer_with_no_taskflow', 'dataset_alias_example_alias_producer_with_no_taskflow', 'dataset_s3_bucket_producer_with_no_taskflow', 'dataset_alias_example_alias_consumer_with_no_taskflow' retrieved from /home/airflow/.local/lib/python3.12/site-packages/airflow/example_dags/example_dataset_alias_with_no_taskflow.py
[2026-04-15T03:54:43.238+0000] {logging_mixin.py:190} INFO - [2026-04-15T03:54:43.238+0000] {dag.py:3239} INFO - Sync 4 DAGs
[2026-04-15T03:54:43.248+0000] {logging_mixin.py:190} INFO - [2026-04-15T03:54:43.248+0000] {dag.py:4180} INFO - Setting next_dagrun for dataset_alias_example_alias_consumer_with_no_taskflow to None, run_after=None
[2026-04-15T03:54:43.249+0000] {logging_mixin.py:190} INFO - [2026-04-15T03:54:43.249+0000] {dag.py:4180} INFO - Setting next_dagrun for dataset_alias_example_alias_producer_with_no_taskflow to None, run_after=None
[2026-04-15T03:54:43.250+0000] {logging_mixin.py:190} INFO - [2026-04-15T03:54:43.250+0000] {dag.py:4180} INFO - Setting next_dagrun for dataset_s3_bucket_consumer_with_no_taskflow to None, run_after=None
[2026-04-15T03:54:43.251+0000] {logging_mixin.py:190} INFO - [2026-04-15T03:54:43.251+0000] {dag.py:4180} INFO - Setting next_dagrun for dataset_s3_bucket_producer_with_no_taskflow to None, run_after=None
[2026-04-15T03:54:43.262+0000] {processor.py:208} INFO - Processing /home/airflow/.local/lib/python3.12/site-packages/airflow/example_dags/example_dataset_alias_with_no_taskflow.py took 0.214 seconds
[2026-04-15T03:55:13.299+0000] {processor.py:186} INFO - Started process (PID=47956) to work on /home/airflow/.local/lib/python3.12/site-packages/airflow/example_dags/example_dataset_alias_with_no_taskflow.py
[2026-04-15T03:55:13.300+0000] {processor.py:914} INFO - Processing file /home/airflow/.local/lib/python3.12/site-packages/airflow/example_dags/example_dataset_alias_with_no_taskflow.py for tasks to queue
[2026-04-15T03:55:13.301+0000] {logging_mixin.py:190} INFO - [2026-04-15T03:55:13.301+0000] {dagbag.py:588} INFO - Filling up the DagBag from /home/airflow/.local/lib/python3.12/site-packages/airflow/example_dags/example_dataset_alias_with_no_taskflow.py
[2026-04-15T03:55:13.437+0000] {processor.py:925} INFO - DAG(s) 'dataset_s3_bucket_producer_with_no_taskflow', 'dataset_alias_example_alias_consumer_with_no_taskflow', 'dataset_s3_bucket_consumer_with_no_taskflow', 'dataset_alias_example_alias_producer_with_no_taskflow' retrieved from /home/airflow/.local/lib/python3.12/site-packages/airflow/example_dags/example_dataset_alias_with_no_taskflow.py
[2026-04-15T03:55:13.443+0000] {logging_mixin.py:190} INFO - [2026-04-15T03:55:13.442+0000] {dag.py:3239} INFO - Sync 4 DAGs
[2026-04-15T03:55:13.449+0000] {logging_mixin.py:190} INFO - [2026-04-15T03:55:13.449+0000] {dag.py:4180} INFO - Setting next_dagrun for dataset_alias_example_alias_consumer_with_no_taskflow to None, run_after=None
[2026-04-15T03:55:13.450+0000] {logging_mixin.py:190} INFO - [2026-04-15T03:55:13.450+0000] {dag.py:4180} INFO - Setting next_dagrun for dataset_alias_example_alias_producer_with_no_taskflow to None, run_after=None
[2026-04-15T03:55:13.450+0000] {logging_mixin.py:190} INFO - [2026-04-15T03:55:13.450+0000] {dag.py:4180} INFO - Setting next_dagrun for dataset_s3_bucket_consumer_with_no_taskflow to None, run_after=None
[2026-04-15T03:55:13.451+0000] {logging_mixin.py:190} INFO - [2026-04-15T03:55:13.450+0000] {dag.py:4180} INFO - Setting next_dagrun for dataset_s3_bucket_producer_with_no_taskflow to None, run_after=None
[2026-04-15T03:55:13.457+0000] {processor.py:208} INFO - Processing /home/airflow/.local/lib/python3.12/site-packages/airflow/example_dags/example_dataset_alias_with_no_taskflow.py took 0.164 seconds
[2026-04-15T03:55:43.500+0000] {processor.py:186} INFO - Started process (PID=48020) to work on /home/airflow/.local/lib/python3.12/site-packages/airflow/example_dags/example_dataset_alias_with_no_taskflow.py
[2026-04-15T03:55:43.501+0000] {processor.py:914} INFO - Processing file /home/airflow/.local/lib/python3.12/site-packages/airflow/example_dags/example_dataset_alias_with_no_taskflow.py for tasks to queue
[2026-04-15T03:55:43.502+0000] {logging_mixin.py:190} INFO - [2026-04-15T03:55:43.502+0000] {dagbag.py:588} INFO - Filling up the DagBag from /home/airflow/.local/lib/python3.12/site-packages/airflow/example_dags/example_dataset_alias_with_no_taskflow.py
[2026-04-15T03:55:43.653+0000] {processor.py:925} INFO - DAG(s) 'dataset_alias_example_alias_consumer_with_no_taskflow', 'dataset_alias_example_alias_producer_with_no_taskflow', 'dataset_s3_bucket_producer_with_no_taskflow', 'dataset_s3_bucket_consumer_with_no_taskflow' retrieved from /home/airflow/.local/lib/python3.12/site-packages/airflow/example_dags/example_dataset_alias_with_no_taskflow.py
[2026-04-15T03:55:43.731+0000] {logging_mixin.py:190} INFO - [2026-04-15T03:55:43.730+0000] {dag.py:3239} INFO - Sync 4 DAGs
[2026-04-15T03:55:43.737+0000] {logging_mixin.py:190} INFO - [2026-04-15T03:55:43.737+0000] {dag.py:4180} INFO - Setting next_dagrun for dataset_alias_example_alias_consumer_with_no_taskflow to None, run_after=None
[2026-04-15T03:55:43.737+0000] {logging_mixin.py:190} INFO - [2026-04-15T03:55:43.737+0000] {dag.py:4180} INFO - Setting next_dagrun for dataset_alias_example_alias_producer_with_no_taskflow to None, run_after=None
[2026-04-15T03:55:43.738+0000] {logging_mixin.py:190} INFO - [2026-04-15T03:55:43.738+0000] {dag.py:4180} INFO - Setting next_dagrun for dataset_s3_bucket_consumer_with_no_taskflow to None, run_after=None
[2026-04-15T03:55:43.738+0000] {logging_mixin.py:190} INFO - [2026-04-15T03:55:43.738+0000] {dag.py:4180} INFO - Setting next_dagrun for dataset_s3_bucket_producer_with_no_taskflow to None, run_after=None
[2026-04-15T03:55:43.744+0000] {processor.py:208} INFO - Processing /home/airflow/.local/lib/python3.12/site-packages/airflow/example_dags/example_dataset_alias_with_no_taskflow.py took 0.249 seconds
[2026-04-15T03:56:14.704+0000] {processor.py:186} INFO - Started process (PID=48085) to work on /home/airflow/.local/lib/python3.12/site-packages/airflow/example_dags/example_dataset_alias_with_no_taskflow.py
[2026-04-15T03:56:14.706+0000] {processor.py:914} INFO - Processing file /home/airflow/.local/lib/python3.12/site-packages/airflow/example_dags/example_dataset_alias_with_no_taskflow.py for tasks to queue
[2026-04-15T03:56:14.708+0000] {logging_mixin.py:190} INFO - [2026-04-15T03:56:14.708+0000] {dagbag.py:588} INFO - Filling up the DagBag from /home/airflow/.local/lib/python3.12/site-packages/airflow/example_dags/example_dataset_alias_with_no_taskflow.py
[2026-04-15T03:56:14.875+0000] {processor.py:925} INFO - DAG(s) 'dataset_alias_example_alias_consumer_with_no_taskflow', 'dataset_s3_bucket_producer_with_no_taskflow', 'dataset_alias_example_alias_producer_with_no_taskflow', 'dataset_s3_bucket_consumer_with_no_taskflow' retrieved from /home/airflow/.local/lib/python3.12/site-packages/airflow/example_dags/example_dataset_alias_with_no_taskflow.py
[2026-04-15T03:56:14.885+0000] {logging_mixin.py:190} INFO - [2026-04-15T03:56:14.884+0000] {dag.py:3239} INFO - Sync 4 DAGs
[2026-04-15T03:56:15.017+0000] {logging_mixin.py:190} INFO - [2026-04-15T03:56:15.017+0000] {dag.py:4180} INFO - Setting next_dagrun for dataset_alias_example_alias_consumer_with_no_taskflow to None, run_after=None
[2026-04-15T03:56:15.018+0000] {logging_mixin.py:190} INFO - [2026-04-15T03:56:15.018+0000] {dag.py:4180} INFO - Setting next_dagrun for dataset_alias_example_alias_producer_with_no_taskflow to None, run_after=None
[2026-04-15T03:56:15.020+0000] {logging_mixin.py:190} INFO - [2026-04-15T03:56:15.020+0000] {dag.py:4180} INFO - Setting next_dagrun for dataset_s3_bucket_consumer_with_no_taskflow to None, run_after=None
[2026-04-15T03:56:15.021+0000] {logging_mixin.py:190} INFO - [2026-04-15T03:56:15.021+0000] {dag.py:4180} INFO - Setting next_dagrun for dataset_s3_bucket_producer_with_no_taskflow to None, run_after=None
[2026-04-15T03:56:15.031+0000] {processor.py:208} INFO - Processing /home/airflow/.local/lib/python3.12/site-packages/airflow/example_dags/example_dataset_alias_with_no_taskflow.py took 0.333 seconds
[2026-04-15T03:56:45.091+0000] {processor.py:186} INFO - Started process (PID=48149) to work on /home/airflow/.local/lib/python3.12/site-packages/airflow/example_dags/example_dataset_alias_with_no_taskflow.py
[2026-04-15T03:56:45.091+0000] {processor.py:914} INFO - Processing file /home/airflow/.local/lib/python3.12/site-packages/airflow/example_dags/example_dataset_alias_with_no_taskflow.py for tasks to queue
[2026-04-15T03:56:45.093+0000] {logging_mixin.py:190} INFO - [2026-04-15T03:56:45.093+0000] {dagbag.py:588} INFO - Filling up the DagBag from /home/airflow/.local/lib/python3.12/site-packages/airflow/example_dags/example_dataset_alias_with_no_taskflow.py
[2026-04-15T03:56:45.250+0000] {processor.py:925} INFO - DAG(s) 'dataset_alias_example_alias_consumer_with_no_taskflow', 'dataset_s3_bucket_consumer_with_no_taskflow', 'dataset_alias_example_alias_producer_with_no_taskflow', 'dataset_s3_bucket_producer_with_no_taskflow' retrieved from /home/airflow/.local/lib/python3.12/site-packages/airflow/example_dags/example_dataset_alias_with_no_taskflow.py
[2026-04-15T03:56:45.263+0000] {logging_mixin.py:190} INFO - [2026-04-15T03:56:45.263+0000] {dag.py:3239} INFO - Sync 4 DAGs
[2026-04-15T03:56:45.365+0000] {logging_mixin.py:190} INFO - [2026-04-15T03:56:45.365+0000] {dag.py:4180} INFO - Setting next_dagrun for dataset_alias_example_alias_consumer_with_no_taskflow to None, run_after=None
[2026-04-15T03:56:45.367+0000] {logging_mixin.py:190} INFO - [2026-04-15T03:56:45.367+0000] {dag.py:4180} INFO - Setting next_dagrun for dataset_alias_example_alias_producer_with_no_taskflow to None, run_after=None
[2026-04-15T03:56:45.367+0000] {logging_mixin.py:190} INFO - [2026-04-15T03:56:45.367+0000] {dag.py:4180} INFO - Setting next_dagrun for dataset_s3_bucket_consumer_with_no_taskflow to None, run_after=None
[2026-04-15T03:56:45.368+0000] {logging_mixin.py:190} INFO - [2026-04-15T03:56:45.368+0000] {dag.py:4180} INFO - Setting next_dagrun for dataset_s3_bucket_producer_with_no_taskflow to None, run_after=None
[2026-04-15T03:56:45.377+0000] {processor.py:208} INFO - Processing /home/airflow/.local/lib/python3.12/site-packages/airflow/example_dags/example_dataset_alias_with_no_taskflow.py took 0.289 seconds
[2026-04-15T03:57:16.363+0000] {processor.py:186} INFO - Started process (PID=48213) to work on /home/airflow/.local/lib/python3.12/site-packages/airflow/example_dags/example_dataset_alias_with_no_taskflow.py
[2026-04-15T03:57:16.364+0000] {processor.py:914} INFO - Processing file /home/airflow/.local/lib/python3.12/site-packages/airflow/example_dags/example_dataset_alias_with_no_taskflow.py for tasks to queue
[2026-04-15T03:57:16.367+0000] {logging_mixin.py:190} INFO - [2026-04-15T03:57:16.367+0000] {dagbag.py:588} INFO - Filling up the DagBag from /home/airflow/.local/lib/python3.12/site-packages/airflow/example_dags/example_dataset_alias_with_no_taskflow.py
[2026-04-15T03:57:16.595+0000] {processor.py:925} INFO - DAG(s) 'dataset_alias_example_alias_consumer_with_no_taskflow', 'dataset_s3_bucket_producer_with_no_taskflow', 'dataset_s3_bucket_consumer_with_no_taskflow', 'dataset_alias_example_alias_producer_with_no_taskflow' retrieved from /home/airflow/.local/lib/python3.12/site-packages/airflow/example_dags/example_dataset_alias_with_no_taskflow.py
[2026-04-15T03:57:16.605+0000] {logging_mixin.py:190} INFO - [2026-04-15T03:57:16.605+0000] {dag.py:3239} INFO - Sync 4 DAGs
[2026-04-15T03:57:16.781+0000] {logging_mixin.py:190} INFO - [2026-04-15T03:57:16.781+0000] {dag.py:4180} INFO - Setting next_dagrun for dataset_alias_example_alias_consumer_with_no_taskflow to None, run_after=None
[2026-04-15T03:57:16.782+0000] {logging_mixin.py:190} INFO - [2026-04-15T03:57:16.782+0000] {dag.py:4180} INFO - Setting next_dagrun for dataset_alias_example_alias_producer_with_no_taskflow to None, run_after=None
[2026-04-15T03:57:16.783+0000] {logging_mixin.py:190} INFO - [2026-04-15T03:57:16.783+0000] {dag.py:4180} INFO - Setting next_dagrun for dataset_s3_bucket_consumer_with_no_taskflow to None, run_after=None
[2026-04-15T03:57:16.783+0000] {logging_mixin.py:190} INFO - [2026-04-15T03:57:16.783+0000] {dag.py:4180} INFO - Setting next_dagrun for dataset_s3_bucket_producer_with_no_taskflow to None, run_after=None
[2026-04-15T03:57:16.794+0000] {processor.py:208} INFO - Processing /home/airflow/.local/lib/python3.12/site-packages/airflow/example_dags/example_dataset_alias_with_no_taskflow.py took 0.435 seconds
[2026-04-15T03:57:47.106+0000] {processor.py:186} INFO - Started process (PID=48277) to work on /home/airflow/.local/lib/python3.12/site-packages/airflow/example_dags/example_dataset_alias_with_no_taskflow.py
[2026-04-15T03:57:47.108+0000] {processor.py:914} INFO - Processing file /home/airflow/.local/lib/python3.12/site-packages/airflow/example_dags/example_dataset_alias_with_no_taskflow.py for tasks to queue
[2026-04-15T03:57:47.109+0000] {logging_mixin.py:190} INFO - [2026-04-15T03:57:47.109+0000] {dagbag.py:588} INFO - Filling up the DagBag from /home/airflow/.local/lib/python3.12/site-packages/airflow/example_dags/example_dataset_alias_with_no_taskflow.py
[2026-04-15T03:57:47.292+0000] {processor.py:925} INFO - DAG(s) 'dataset_alias_example_alias_consumer_with_no_taskflow', 'dataset_alias_example_alias_producer_with_no_taskflow', 'dataset_s3_bucket_producer_with_no_taskflow', 'dataset_s3_bucket_consumer_with_no_taskflow' retrieved from /home/airflow/.local/lib/python3.12/site-packages/airflow/example_dags/example_dataset_alias_with_no_taskflow.py
[2026-04-15T03:57:47.300+0000] {logging_mixin.py:190} INFO - [2026-04-15T03:57:47.300+0000] {dag.py:3239} INFO - Sync 4 DAGs
[2026-04-15T03:57:47.315+0000] {logging_mixin.py:190} INFO - [2026-04-15T03:57:47.315+0000] {dag.py:4180} INFO - Setting next_dagrun for dataset_alias_example_alias_consumer_with_no_taskflow to None, run_after=None
[2026-04-15T03:57:47.317+0000] {logging_mixin.py:190} INFO - [2026-04-15T03:57:47.317+0000] {dag.py:4180} INFO - Setting next_dagrun for dataset_alias_example_alias_producer_with_no_taskflow to None, run_after=None
[2026-04-15T03:57:47.321+0000] {logging_mixin.py:190} INFO - [2026-04-15T03:57:47.321+0000] {dag.py:4180} INFO - Setting next_dagrun for dataset_s3_bucket_consumer_with_no_taskflow to None, run_after=None
[2026-04-15T03:57:47.321+0000] {logging_mixin.py:190} INFO - [2026-04-15T03:57:47.321+0000] {dag.py:4180} INFO - Setting next_dagrun for dataset_s3_bucket_producer_with_no_taskflow to None, run_after=None
[2026-04-15T03:57:47.443+0000] {processor.py:208} INFO - Processing /home/airflow/.local/lib/python3.12/site-packages/airflow/example_dags/example_dataset_alias_with_no_taskflow.py took 0.343 seconds
[2026-04-15T03:58:18.288+0000] {processor.py:186} INFO - Started process (PID=48341) to work on /home/airflow/.local/lib/python3.12/site-packages/airflow/example_dags/example_dataset_alias_with_no_taskflow.py
[2026-04-15T03:58:18.290+0000] {processor.py:914} INFO - Processing file /home/airflow/.local/lib/python3.12/site-packages/airflow/example_dags/example_dataset_alias_with_no_taskflow.py for tasks to queue
[2026-04-15T03:58:18.293+0000] {logging_mixin.py:190} INFO - [2026-04-15T03:58:18.292+0000] {dagbag.py:588} INFO - Filling up the DagBag from /home/airflow/.local/lib/python3.12/site-packages/airflow/example_dags/example_dataset_alias_with_no_taskflow.py
[2026-04-15T03:58:18.595+0000] {processor.py:925} INFO - DAG(s) 'dataset_alias_example_alias_consumer_with_no_taskflow', 'dataset_s3_bucket_producer_with_no_taskflow', 'dataset_s3_bucket_consumer_with_no_taskflow', 'dataset_alias_example_alias_producer_with_no_taskflow' retrieved from /home/airflow/.local/lib/python3.12/site-packages/airflow/example_dags/example_dataset_alias_with_no_taskflow.py
[2026-04-15T03:58:18.603+0000] {logging_mixin.py:190} INFO - [2026-04-15T03:58:18.602+0000] {dag.py:3239} INFO - Sync 4 DAGs
[2026-04-15T03:58:18.612+0000] {logging_mixin.py:190} INFO - [2026-04-15T03:58:18.611+0000] {dag.py:4180} INFO - Setting next_dagrun for dataset_alias_example_alias_consumer_with_no_taskflow to None, run_after=None
[2026-04-15T03:58:18.615+0000] {logging_mixin.py:190} INFO - [2026-04-15T03:58:18.615+0000] {dag.py:4180} INFO - Setting next_dagrun for dataset_alias_example_alias_producer_with_no_taskflow to None, run_after=None
[2026-04-15T03:58:18.615+0000] {logging_mixin.py:190} INFO - [2026-04-15T03:58:18.615+0000] {dag.py:4180} INFO - Setting next_dagrun for dataset_s3_bucket_consumer_with_no_taskflow to None, run_after=None
[2026-04-15T03:58:18.617+0000] {logging_mixin.py:190} INFO - [2026-04-15T03:58:18.617+0000] {dag.py:4180} INFO - Setting next_dagrun for dataset_s3_bucket_producer_with_no_taskflow to None, run_after=None
[2026-04-15T03:58:18.625+0000] {processor.py:208} INFO - Processing /home/airflow/.local/lib/python3.12/site-packages/airflow/example_dags/example_dataset_alias_with_no_taskflow.py took 0.343 seconds
[2026-04-15T03:58:48.658+0000] {processor.py:186} INFO - Started process (PID=48404) to work on /home/airflow/.local/lib/python3.12/site-packages/airflow/example_dags/example_dataset_alias_with_no_taskflow.py
[2026-04-15T03:58:48.658+0000] {processor.py:914} INFO - Processing file /home/airflow/.local/lib/python3.12/site-packages/airflow/example_dags/example_dataset_alias_with_no_taskflow.py for tasks to queue
[2026-04-15T03:58:48.660+0000] {logging_mixin.py:190} INFO - [2026-04-15T03:58:48.659+0000] {dagbag.py:588} INFO - Filling up the DagBag from /home/airflow/.local/lib/python3.12/site-packages/airflow/example_dags/example_dataset_alias_with_no_taskflow.py
[2026-04-15T03:58:48.855+0000] {processor.py:925} INFO - DAG(s) 'dataset_s3_bucket_producer_with_no_taskflow', 'dataset_alias_example_alias_consumer_with_no_taskflow', 'dataset_alias_example_alias_producer_with_no_taskflow', 'dataset_s3_bucket_consumer_with_no_taskflow' retrieved from /home/airflow/.local/lib/python3.12/site-packages/airflow/example_dags/example_dataset_alias_with_no_taskflow.py
[2026-04-15T03:58:48.967+0000] {logging_mixin.py:190} INFO - [2026-04-15T03:58:48.966+0000] {dag.py:3239} INFO - Sync 4 DAGs
[2026-04-15T03:58:48.976+0000] {logging_mixin.py:190} INFO - [2026-04-15T03:58:48.976+0000] {dag.py:4180} INFO - Setting next_dagrun for dataset_alias_example_alias_consumer_with_no_taskflow to None, run_after=None
[2026-04-15T03:58:48.977+0000] {logging_mixin.py:190} INFO - [2026-04-15T03:58:48.977+0000] {dag.py:4180} INFO - Setting next_dagrun for dataset_alias_example_alias_producer_with_no_taskflow to None, run_after=None
[2026-04-15T03:58:48.979+0000] {logging_mixin.py:190} INFO - [2026-04-15T03:58:48.979+0000] {dag.py:4180} INFO - Setting next_dagrun for dataset_s3_bucket_consumer_with_no_taskflow to None, run_after=None
[2026-04-15T03:58:48.980+0000] {logging_mixin.py:190} INFO - [2026-04-15T03:58:48.980+0000] {dag.py:4180} INFO - Setting next_dagrun for dataset_s3_bucket_producer_with_no_taskflow to None, run_after=None
[2026-04-15T03:58:48.990+0000] {processor.py:208} INFO - Processing /home/airflow/.local/lib/python3.12/site-packages/airflow/example_dags/example_dataset_alias_with_no_taskflow.py took 0.337 seconds
[2026-04-15T03:59:19.987+0000] {processor.py:186} INFO - Started process (PID=48469) to work on /home/airflow/.local/lib/python3.12/site-packages/airflow/example_dags/example_dataset_alias_with_no_taskflow.py
[2026-04-15T03:59:19.988+0000] {processor.py:914} INFO - Processing file /home/airflow/.local/lib/python3.12/site-packages/airflow/example_dags/example_dataset_alias_with_no_taskflow.py for tasks to queue
[2026-04-15T03:59:19.992+0000] {logging_mixin.py:190} INFO - [2026-04-15T03:59:19.992+0000] {dagbag.py:588} INFO - Filling up the DagBag from /home/airflow/.local/lib/python3.12/site-packages/airflow/example_dags/example_dataset_alias_with_no_taskflow.py
[2026-04-15T03:59:20.179+0000] {processor.py:925} INFO - DAG(s) 'dataset_alias_example_alias_consumer_with_no_taskflow', 'dataset_s3_bucket_consumer_with_no_taskflow', 'dataset_alias_example_alias_producer_with_no_taskflow', 'dataset_s3_bucket_producer_with_no_taskflow' retrieved from /home/airflow/.local/lib/python3.12/site-packages/airflow/example_dags/example_dataset_alias_with_no_taskflow.py
[2026-04-15T03:59:20.189+0000] {logging_mixin.py:190} INFO - [2026-04-15T03:59:20.188+0000] {dag.py:3239} INFO - Sync 4 DAGs
[2026-04-15T03:59:20.295+0000] {logging_mixin.py:190} INFO - [2026-04-15T03:59:20.294+0000] {dag.py:4180} INFO - Setting next_dagrun for dataset_alias_example_alias_consumer_with_no_taskflow to None, run_after=None
[2026-04-15T03:59:20.296+0000] {logging_mixin.py:190} INFO - [2026-04-15T03:59:20.296+0000] {dag.py:4180} INFO - Setting next_dagrun for dataset_alias_example_alias_producer_with_no_taskflow to None, run_after=None
[2026-04-15T03:59:20.296+0000] {logging_mixin.py:190} INFO - [2026-04-15T03:59:20.296+0000] {dag.py:4180} INFO - Setting next_dagrun for dataset_s3_bucket_consumer_with_no_taskflow to None, run_after=None
[2026-04-15T03:59:20.297+0000] {logging_mixin.py:190} INFO - [2026-04-15T03:59:20.296+0000] {dag.py:4180} INFO - Setting next_dagrun for dataset_s3_bucket_producer_with_no_taskflow to None, run_after=None
[2026-04-15T03:59:20.305+0000] {processor.py:208} INFO - Processing /home/airflow/.local/lib/python3.12/site-packages/airflow/example_dags/example_dataset_alias_with_no_taskflow.py took 0.325 seconds
[2026-04-15T03:59:50.413+0000] {processor.py:186} INFO - Started process (PID=48533) to work on /home/airflow/.local/lib/python3.12/site-packages/airflow/example_dags/example_dataset_alias_with_no_taskflow.py
[2026-04-15T03:59:50.414+0000] {processor.py:914} INFO - Processing file /home/airflow/.local/lib/python3.12/site-packages/airflow/example_dags/example_dataset_alias_with_no_taskflow.py for tasks to queue
[2026-04-15T03:59:50.416+0000] {logging_mixin.py:190} INFO - [2026-04-15T03:59:50.415+0000] {dagbag.py:588} INFO - Filling up the DagBag from /home/airflow/.local/lib/python3.12/site-packages/airflow/example_dags/example_dataset_alias_with_no_taskflow.py
[2026-04-15T03:59:50.700+0000] {processor.py:925} INFO - DAG(s) 'dataset_alias_example_alias_producer_with_no_taskflow', 'dataset_s3_bucket_consumer_with_no_taskflow', 'dataset_s3_bucket_producer_with_no_taskflow', 'dataset_alias_example_alias_consumer_with_no_taskflow' retrieved from /home/airflow/.local/lib/python3.12/site-packages/airflow/example_dags/example_dataset_alias_with_no_taskflow.py
[2026-04-15T03:59:50.711+0000] {logging_mixin.py:190} INFO - [2026-04-15T03:59:50.711+0000] {dag.py:3239} INFO - Sync 4 DAGs
[2026-04-15T03:59:50.721+0000] {logging_mixin.py:190} INFO - [2026-04-15T03:59:50.721+0000] {dag.py:4180} INFO - Setting next_dagrun for dataset_alias_example_alias_consumer_with_no_taskflow to None, run_after=None
[2026-04-15T03:59:50.723+0000] {logging_mixin.py:190} INFO - [2026-04-15T03:59:50.723+0000] {dag.py:4180} INFO - Setting next_dagrun for dataset_alias_example_alias_producer_with_no_taskflow to None, run_after=None
[2026-04-15T03:59:50.724+0000] {logging_mixin.py:190} INFO - [2026-04-15T03:59:50.724+0000] {dag.py:4180} INFO - Setting next_dagrun for dataset_s3_bucket_consumer_with_no_taskflow to None, run_after=None
[2026-04-15T03:59:50.724+0000] {logging_mixin.py:190} INFO - [2026-04-15T03:59:50.724+0000] {dag.py:4180} INFO - Setting next_dagrun for dataset_s3_bucket_producer_with_no_taskflow to None, run_after=None
[2026-04-15T03:59:50.734+0000] {processor.py:208} INFO - Processing /home/airflow/.local/lib/python3.12/site-packages/airflow/example_dags/example_dataset_alias_with_no_taskflow.py took 0.327 seconds
[2026-04-15T04:00:20.826+0000] {processor.py:186} INFO - Started process (PID=48597) to work on /home/airflow/.local/lib/python3.12/site-packages/airflow/example_dags/example_dataset_alias_with_no_taskflow.py
[2026-04-15T04:00:20.828+0000] {processor.py:914} INFO - Processing file /home/airflow/.local/lib/python3.12/site-packages/airflow/example_dags/example_dataset_alias_with_no_taskflow.py for tasks to queue
[2026-04-15T04:00:20.831+0000] {logging_mixin.py:190} INFO - [2026-04-15T04:00:20.830+0000] {dagbag.py:588} INFO - Filling up the DagBag from /home/airflow/.local/lib/python3.12/site-packages/airflow/example_dags/example_dataset_alias_with_no_taskflow.py
[2026-04-15T04:00:21.151+0000] {processor.py:925} INFO - DAG(s) 'dataset_alias_example_alias_producer_with_no_taskflow', 'dataset_alias_example_alias_consumer_with_no_taskflow', 'dataset_s3_bucket_producer_with_no_taskflow', 'dataset_s3_bucket_consumer_with_no_taskflow' retrieved from /home/airflow/.local/lib/python3.12/site-packages/airflow/example_dags/example_dataset_alias_with_no_taskflow.py
[2026-04-15T04:00:21.161+0000] {logging_mixin.py:190} INFO - [2026-04-15T04:00:21.160+0000] {dag.py:3239} INFO - Sync 4 DAGs
[2026-04-15T04:00:21.172+0000] {logging_mixin.py:190} INFO - [2026-04-15T04:00:21.172+0000] {dag.py:4180} INFO - Setting next_dagrun for dataset_alias_example_alias_consumer_with_no_taskflow to None, run_after=None
[2026-04-15T04:00:21.174+0000] {logging_mixin.py:190} INFO - [2026-04-15T04:00:21.173+0000] {dag.py:4180} INFO - Setting next_dagrun for dataset_alias_example_alias_producer_with_no_taskflow to None, run_after=None
[2026-04-15T04:00:21.177+0000] {logging_mixin.py:190} INFO - [2026-04-15T04:00:21.177+0000] {dag.py:4180} INFO - Setting next_dagrun for dataset_s3_bucket_consumer_with_no_taskflow to None, run_after=None
[2026-04-15T04:00:21.178+0000] {logging_mixin.py:190} INFO - [2026-04-15T04:00:21.178+0000] {dag.py:4180} INFO - Setting next_dagrun for dataset_s3_bucket_producer_with_no_taskflow to None, run_after=None
[2026-04-15T04:00:21.190+0000] {processor.py:208} INFO - Processing /home/airflow/.local/lib/python3.12/site-packages/airflow/example_dags/example_dataset_alias_with_no_taskflow.py took 0.368 seconds
[2026-04-15T04:00:51.450+0000] {processor.py:186} INFO - Started process (PID=48661) to work on /home/airflow/.local/lib/python3.12/site-packages/airflow/example_dags/example_dataset_alias_with_no_taskflow.py
[2026-04-15T04:00:51.453+0000] {processor.py:914} INFO - Processing file /home/airflow/.local/lib/python3.12/site-packages/airflow/example_dags/example_dataset_alias_with_no_taskflow.py for tasks to queue
[2026-04-15T04:00:51.455+0000] {logging_mixin.py:190} INFO - [2026-04-15T04:00:51.455+0000] {dagbag.py:588} INFO - Filling up the DagBag from /home/airflow/.local/lib/python3.12/site-packages/airflow/example_dags/example_dataset_alias_with_no_taskflow.py
[2026-04-15T04:00:51.733+0000] {processor.py:925} INFO - DAG(s) 'dataset_alias_example_alias_consumer_with_no_taskflow', 'dataset_alias_example_alias_producer_with_no_taskflow', 'dataset_s3_bucket_consumer_with_no_taskflow', 'dataset_s3_bucket_producer_with_no_taskflow' retrieved from /home/airflow/.local/lib/python3.12/site-packages/airflow/example_dags/example_dataset_alias_with_no_taskflow.py
[2026-04-15T04:00:51.743+0000] {logging_mixin.py:190} INFO - [2026-04-15T04:00:51.743+0000] {dag.py:3239} INFO - Sync 4 DAGs
[2026-04-15T04:00:51.753+0000] {logging_mixin.py:190} INFO - [2026-04-15T04:00:51.752+0000] {dag.py:4180} INFO - Setting next_dagrun for dataset_alias_example_alias_consumer_with_no_taskflow to None, run_after=None
[2026-04-15T04:00:51.756+0000] {logging_mixin.py:190} INFO - [2026-04-15T04:00:51.756+0000] {dag.py:4180} INFO - Setting next_dagrun for dataset_alias_example_alias_producer_with_no_taskflow to None, run_after=None
[2026-04-15T04:00:51.756+0000] {logging_mixin.py:190} INFO - [2026-04-15T04:00:51.756+0000] {dag.py:4180} INFO - Setting next_dagrun for dataset_s3_bucket_consumer_with_no_taskflow to None, run_after=None
[2026-04-15T04:00:51.758+0000] {logging_mixin.py:190} INFO - [2026-04-15T04:00:51.758+0000] {dag.py:4180} INFO - Setting next_dagrun for dataset_s3_bucket_producer_with_no_taskflow to None, run_after=None
[2026-04-15T04:00:51.769+0000] {processor.py:208} INFO - Processing /home/airflow/.local/lib/python3.12/site-packages/airflow/example_dags/example_dataset_alias_with_no_taskflow.py took 0.328 seconds
[2026-04-15T04:01:21.932+0000] {processor.py:186} INFO - Started process (PID=48725) to work on /home/airflow/.local/lib/python3.12/site-packages/airflow/example_dags/example_dataset_alias_with_no_taskflow.py
[2026-04-15T04:01:21.934+0000] {processor.py:914} INFO - Processing file /home/airflow/.local/lib/python3.12/site-packages/airflow/example_dags/example_dataset_alias_with_no_taskflow.py for tasks to queue
[2026-04-15T04:01:21.936+0000] {logging_mixin.py:190} INFO - [2026-04-15T04:01:21.935+0000] {dagbag.py:588} INFO - Filling up the DagBag from /home/airflow/.local/lib/python3.12/site-packages/airflow/example_dags/example_dataset_alias_with_no_taskflow.py
[2026-04-15T04:01:22.198+0000] {processor.py:925} INFO - DAG(s) 'dataset_alias_example_alias_consumer_with_no_taskflow', 'dataset_s3_bucket_producer_with_no_taskflow', 'dataset_s3_bucket_consumer_with_no_taskflow', 'dataset_alias_example_alias_producer_with_no_taskflow' retrieved from /home/airflow/.local/lib/python3.12/site-packages/airflow/example_dags/example_dataset_alias_with_no_taskflow.py
[2026-04-15T04:01:22.208+0000] {logging_mixin.py:190} INFO - [2026-04-15T04:01:22.208+0000] {dag.py:3239} INFO - Sync 4 DAGs
[2026-04-15T04:01:22.216+0000] {logging_mixin.py:190} INFO - [2026-04-15T04:01:22.216+0000] {dag.py:4180} INFO - Setting next_dagrun for dataset_alias_example_alias_consumer_with_no_taskflow to None, run_after=None
[2026-04-15T04:01:22.218+0000] {logging_mixin.py:190} INFO - [2026-04-15T04:01:22.218+0000] {dag.py:4180} INFO - Setting next_dagrun for dataset_alias_example_alias_producer_with_no_taskflow to None, run_after=None
[2026-04-15T04:01:22.218+0000] {logging_mixin.py:190} INFO - [2026-04-15T04:01:22.218+0000] {dag.py:4180} INFO - Setting next_dagrun for dataset_s3_bucket_consumer_with_no_taskflow to None, run_after=None
[2026-04-15T04:01:22.219+0000] {logging_mixin.py:190} INFO - [2026-04-15T04:01:22.219+0000] {dag.py:4180} INFO - Setting next_dagrun for dataset_s3_bucket_producer_with_no_taskflow to None, run_after=None
[2026-04-15T04:01:22.230+0000] {processor.py:208} INFO - Processing /home/airflow/.local/lib/python3.12/site-packages/airflow/example_dags/example_dataset_alias_with_no_taskflow.py took 0.304 seconds
[2026-04-15T04:01:52.414+0000] {processor.py:186} INFO - Started process (PID=48789) to work on /home/airflow/.local/lib/python3.12/site-packages/airflow/example_dags/example_dataset_alias_with_no_taskflow.py
[2026-04-15T04:01:52.415+0000] {processor.py:914} INFO - Processing file /home/airflow/.local/lib/python3.12/site-packages/airflow/example_dags/example_dataset_alias_with_no_taskflow.py for tasks to queue
[2026-04-15T04:01:52.418+0000] {logging_mixin.py:190} INFO - [2026-04-15T04:01:52.418+0000] {dagbag.py:588} INFO - Filling up the DagBag from /home/airflow/.local/lib/python3.12/site-packages/airflow/example_dags/example_dataset_alias_with_no_taskflow.py
[2026-04-15T04:01:52.684+0000] {processor.py:925} INFO - DAG(s) 'dataset_s3_bucket_consumer_with_no_taskflow', 'dataset_alias_example_alias_consumer_with_no_taskflow', 'dataset_s3_bucket_producer_with_no_taskflow', 'dataset_alias_example_alias_producer_with_no_taskflow' retrieved from /home/airflow/.local/lib/python3.12/site-packages/airflow/example_dags/example_dataset_alias_with_no_taskflow.py
[2026-04-15T04:01:52.693+0000] {logging_mixin.py:190} INFO - [2026-04-15T04:01:52.693+0000] {dag.py:3239} INFO - Sync 4 DAGs
[2026-04-15T04:01:52.701+0000] {logging_mixin.py:190} INFO - [2026-04-15T04:01:52.701+0000] {dag.py:4180} INFO - Setting next_dagrun for dataset_alias_example_alias_consumer_with_no_taskflow to None, run_after=None
[2026-04-15T04:01:52.702+0000] {logging_mixin.py:190} INFO - [2026-04-15T04:01:52.702+0000] {dag.py:4180} INFO - Setting next_dagrun for dataset_alias_example_alias_producer_with_no_taskflow to None, run_after=None
[2026-04-15T04:01:52.705+0000] {logging_mixin.py:190} INFO - [2026-04-15T04:01:52.705+0000] {dag.py:4180} INFO - Setting next_dagrun for dataset_s3_bucket_consumer_with_no_taskflow to None, run_after=None
[2026-04-15T04:01:52.706+0000] {logging_mixin.py:190} INFO - [2026-04-15T04:01:52.706+0000] {dag.py:4180} INFO - Setting next_dagrun for dataset_s3_bucket_producer_with_no_taskflow to None, run_after=None
[2026-04-15T04:01:52.714+0000] {processor.py:208} INFO - Processing /home/airflow/.local/lib/python3.12/site-packages/airflow/example_dags/example_dataset_alias_with_no_taskflow.py took 0.305 seconds
[2026-04-15T04:02:22.790+0000] {processor.py:186} INFO - Started process (PID=48853) to work on /home/airflow/.local/lib/python3.12/site-packages/airflow/example_dags/example_dataset_alias_with_no_taskflow.py
[2026-04-15T04:02:22.793+0000] {processor.py:914} INFO - Processing file /home/airflow/.local/lib/python3.12/site-packages/airflow/example_dags/example_dataset_alias_with_no_taskflow.py for tasks to queue
[2026-04-15T04:02:22.796+0000] {logging_mixin.py:190} INFO - [2026-04-15T04:02:22.795+0000] {dagbag.py:588} INFO - Filling up the DagBag from /home/airflow/.local/lib/python3.12/site-packages/airflow/example_dags/example_dataset_alias_with_no_taskflow.py
[2026-04-15T04:02:23.126+0000] {processor.py:925} INFO - DAG(s) 'dataset_s3_bucket_producer_with_no_taskflow', 'dataset_s3_bucket_consumer_with_no_taskflow', 'dataset_alias_example_alias_consumer_with_no_taskflow', 'dataset_alias_example_alias_producer_with_no_taskflow' retrieved from /home/airflow/.local/lib/python3.12/site-packages/airflow/example_dags/example_dataset_alias_with_no_taskflow.py
[2026-04-15T04:02:23.140+0000] {logging_mixin.py:190} INFO - [2026-04-15T04:02:23.139+0000] {dag.py:3239} INFO - Sync 4 DAGs
[2026-04-15T04:02:23.149+0000] {logging_mixin.py:190} INFO - [2026-04-15T04:02:23.149+0000] {dag.py:4180} INFO - Setting next_dagrun for dataset_alias_example_alias_consumer_with_no_taskflow to None, run_after=None
[2026-04-15T04:02:23.150+0000] {logging_mixin.py:190} INFO - [2026-04-15T04:02:23.150+0000] {dag.py:4180} INFO - Setting next_dagrun for dataset_alias_example_alias_producer_with_no_taskflow to None, run_after=None
[2026-04-15T04:02:23.151+0000] {logging_mixin.py:190} INFO - [2026-04-15T04:02:23.151+0000] {dag.py:4180} INFO - Setting next_dagrun for dataset_s3_bucket_consumer_with_no_taskflow to None, run_after=None
[2026-04-15T04:02:23.151+0000] {logging_mixin.py:190} INFO - [2026-04-15T04:02:23.151+0000] {dag.py:4180} INFO - Setting next_dagrun for dataset_s3_bucket_producer_with_no_taskflow to None, run_after=None
[2026-04-15T04:02:23.165+0000] {processor.py:208} INFO - Processing /home/airflow/.local/lib/python3.12/site-packages/airflow/example_dags/example_dataset_alias_with_no_taskflow.py took 0.381 seconds
[2026-04-15T04:02:53.478+0000] {processor.py:186} INFO - Started process (PID=48917) to work on /home/airflow/.local/lib/python3.12/site-packages/airflow/example_dags/example_dataset_alias_with_no_taskflow.py
[2026-04-15T04:02:53.480+0000] {processor.py:914} INFO - Processing file /home/airflow/.local/lib/python3.12/site-packages/airflow/example_dags/example_dataset_alias_with_no_taskflow.py for tasks to queue
[2026-04-15T04:02:53.482+0000] {logging_mixin.py:190} INFO - [2026-04-15T04:02:53.481+0000] {dagbag.py:588} INFO - Filling up the DagBag from /home/airflow/.local/lib/python3.12/site-packages/airflow/example_dags/example_dataset_alias_with_no_taskflow.py
[2026-04-15T04:02:53.885+0000] {processor.py:925} INFO - DAG(s) 'dataset_alias_example_alias_producer_with_no_taskflow', 'dataset_s3_bucket_producer_with_no_taskflow', 'dataset_alias_example_alias_consumer_with_no_taskflow', 'dataset_s3_bucket_consumer_with_no_taskflow' retrieved from /home/airflow/.local/lib/python3.12/site-packages/airflow/example_dags/example_dataset_alias_with_no_taskflow.py
[2026-04-15T04:02:53.895+0000] {logging_mixin.py:190} INFO - [2026-04-15T04:02:53.895+0000] {dag.py:3239} INFO - Sync 4 DAGs
[2026-04-15T04:02:53.904+0000] {logging_mixin.py:190} INFO - [2026-04-15T04:02:53.904+0000] {dag.py:4180} INFO - Setting next_dagrun for dataset_alias_example_alias_consumer_with_no_taskflow to None, run_after=None
[2026-04-15T04:02:53.907+0000] {logging_mixin.py:190} INFO - [2026-04-15T04:02:53.906+0000] {dag.py:4180} INFO - Setting next_dagrun for dataset_alias_example_alias_producer_with_no_taskflow to None, run_after=None
[2026-04-15T04:02:53.908+0000] {logging_mixin.py:190} INFO - [2026-04-15T04:02:53.907+0000] {dag.py:4180} INFO - Setting next_dagrun for dataset_s3_bucket_consumer_with_no_taskflow to None, run_after=None
[2026-04-15T04:02:53.908+0000] {logging_mixin.py:190} INFO - [2026-04-15T04:02:53.908+0000] {dag.py:4180} INFO - Setting next_dagrun for dataset_s3_bucket_producer_with_no_taskflow to None, run_after=None
[2026-04-15T04:02:53.921+0000] {processor.py:208} INFO - Processing /home/airflow/.local/lib/python3.12/site-packages/airflow/example_dags/example_dataset_alias_with_no_taskflow.py took 0.451 seconds
[2026-04-15T04:03:24.281+0000] {processor.py:186} INFO - Started process (PID=48987) to work on /home/airflow/.local/lib/python3.12/site-packages/airflow/example_dags/example_dataset_alias_with_no_taskflow.py
[2026-04-15T04:03:24.284+0000] {processor.py:914} INFO - Processing file /home/airflow/.local/lib/python3.12/site-packages/airflow/example_dags/example_dataset_alias_with_no_taskflow.py for tasks to queue
[2026-04-15T04:03:24.285+0000] {logging_mixin.py:190} INFO - [2026-04-15T04:03:24.285+0000] {dagbag.py:588} INFO - Filling up the DagBag from /home/airflow/.local/lib/python3.12/site-packages/airflow/example_dags/example_dataset_alias_with_no_taskflow.py
[2026-04-15T04:03:24.632+0000] {processor.py:925} INFO - DAG(s) 'dataset_s3_bucket_producer_with_no_taskflow', 'dataset_s3_bucket_consumer_with_no_taskflow', 'dataset_alias_example_alias_consumer_with_no_taskflow', 'dataset_alias_example_alias_producer_with_no_taskflow' retrieved from /home/airflow/.local/lib/python3.12/site-packages/airflow/example_dags/example_dataset_alias_with_no_taskflow.py
[2026-04-15T04:03:24.643+0000] {logging_mixin.py:190} INFO - [2026-04-15T04:03:24.643+0000] {dag.py:3239} INFO - Sync 4 DAGs
[2026-04-15T04:03:24.654+0000] {logging_mixin.py:190} INFO - [2026-04-15T04:03:24.653+0000] {dag.py:4180} INFO - Setting next_dagrun for dataset_alias_example_alias_consumer_with_no_taskflow to None, run_after=None
[2026-04-15T04:03:24.655+0000] {logging_mixin.py:190} INFO - [2026-04-15T04:03:24.654+0000] {dag.py:4180} INFO - Setting next_dagrun for dataset_alias_example_alias_producer_with_no_taskflow to None, run_after=None
[2026-04-15T04:03:24.656+0000] {logging_mixin.py:190} INFO - [2026-04-15T04:03:24.656+0000] {dag.py:4180} INFO - Setting next_dagrun for dataset_s3_bucket_consumer_with_no_taskflow to None, run_after=None
[2026-04-15T04:03:24.657+0000] {logging_mixin.py:190} INFO - [2026-04-15T04:03:24.657+0000] {dag.py:4180} INFO - Setting next_dagrun for dataset_s3_bucket_producer_with_no_taskflow to None, run_after=None
[2026-04-15T04:03:24.672+0000] {processor.py:208} INFO - Processing /home/airflow/.local/lib/python3.12/site-packages/airflow/example_dags/example_dataset_alias_with_no_taskflow.py took 0.398 seconds
[2026-04-15T04:03:54.958+0000] {processor.py:186} INFO - Started process (PID=49051) to work on /home/airflow/.local/lib/python3.12/site-packages/airflow/example_dags/example_dataset_alias_with_no_taskflow.py
[2026-04-15T04:03:54.959+0000] {processor.py:914} INFO - Processing file /home/airflow/.local/lib/python3.12/site-packages/airflow/example_dags/example_dataset_alias_with_no_taskflow.py for tasks to queue
[2026-04-15T04:03:54.963+0000] {logging_mixin.py:190} INFO - [2026-04-15T04:03:54.963+0000] {dagbag.py:588} INFO - Filling up the DagBag from /home/airflow/.local/lib/python3.12/site-packages/airflow/example_dags/example_dataset_alias_with_no_taskflow.py
[2026-04-15T04:03:55.480+0000] {processor.py:925} INFO - DAG(s) 'dataset_alias_example_alias_consumer_with_no_taskflow', 'dataset_alias_example_alias_producer_with_no_taskflow', 'dataset_s3_bucket_producer_with_no_taskflow', 'dataset_s3_bucket_consumer_with_no_taskflow' retrieved from /home/airflow/.local/lib/python3.12/site-packages/airflow/example_dags/example_dataset_alias_with_no_taskflow.py
[2026-04-15T04:03:55.494+0000] {logging_mixin.py:190} INFO - [2026-04-15T04:03:55.493+0000] {dag.py:3239} INFO - Sync 4 DAGs
[2026-04-15T04:03:55.505+0000] {logging_mixin.py:190} INFO - [2026-04-15T04:03:55.505+0000] {dag.py:4180} INFO - Setting next_dagrun for dataset_alias_example_alias_consumer_with_no_taskflow to None, run_after=None
[2026-04-15T04:03:55.506+0000] {logging_mixin.py:190} INFO - [2026-04-15T04:03:55.506+0000] {dag.py:4180} INFO - Setting next_dagrun for dataset_alias_example_alias_producer_with_no_taskflow to None, run_after=None
[2026-04-15T04:03:55.507+0000] {logging_mixin.py:190} INFO - [2026-04-15T04:03:55.507+0000] {dag.py:4180} INFO - Setting next_dagrun for dataset_s3_bucket_consumer_with_no_taskflow to None, run_after=None
[2026-04-15T04:03:55.507+0000] {logging_mixin.py:190} INFO - [2026-04-15T04:03:55.507+0000] {dag.py:4180} INFO - Setting next_dagrun for dataset_s3_bucket_producer_with_no_taskflow to None, run_after=None
[2026-04-15T04:03:55.519+0000] {processor.py:208} INFO - Processing /home/airflow/.local/lib/python3.12/site-packages/airflow/example_dags/example_dataset_alias_with_no_taskflow.py took 0.567 seconds
[2026-04-15T04:04:25.842+0000] {processor.py:186} INFO - Started process (PID=49115) to work on /home/airflow/.local/lib/python3.12/site-packages/airflow/example_dags/example_dataset_alias_with_no_taskflow.py
[2026-04-15T04:04:25.843+0000] {processor.py:914} INFO - Processing file /home/airflow/.local/lib/python3.12/site-packages/airflow/example_dags/example_dataset_alias_with_no_taskflow.py for tasks to queue
[2026-04-15T04:04:25.844+0000] {logging_mixin.py:190} INFO - [2026-04-15T04:04:25.844+0000] {dagbag.py:588} INFO - Filling up the DagBag from /home/airflow/.local/lib/python3.12/site-packages/airflow/example_dags/example_dataset_alias_with_no_taskflow.py
[2026-04-15T04:04:26.148+0000] {processor.py:925} INFO - DAG(s) 'dataset_s3_bucket_producer_with_no_taskflow', 'dataset_alias_example_alias_consumer_with_no_taskflow', 'dataset_alias_example_alias_producer_with_no_taskflow', 'dataset_s3_bucket_consumer_with_no_taskflow' retrieved from /home/airflow/.local/lib/python3.12/site-packages/airflow/example_dags/example_dataset_alias_with_no_taskflow.py
[2026-04-15T04:04:26.158+0000] {logging_mixin.py:190} INFO - [2026-04-15T04:04:26.158+0000] {dag.py:3239} INFO - Sync 4 DAGs
[2026-04-15T04:04:26.170+0000] {logging_mixin.py:190} INFO - [2026-04-15T04:04:26.170+0000] {dag.py:4180} INFO - Setting next_dagrun for dataset_alias_example_alias_consumer_with_no_taskflow to None, run_after=None
[2026-04-15T04:04:26.172+0000] {logging_mixin.py:190} INFO - [2026-04-15T04:04:26.172+0000] {dag.py:4180} INFO - Setting next_dagrun for dataset_alias_example_alias_producer_with_no_taskflow to None, run_after=None
[2026-04-15T04:04:26.173+0000] {logging_mixin.py:190} INFO - [2026-04-15T04:04:26.173+0000] {dag.py:4180} INFO - Setting next_dagrun for dataset_s3_bucket_consumer_with_no_taskflow to None, run_after=None
[2026-04-15T04:04:26.174+0000] {logging_mixin.py:190} INFO - [2026-04-15T04:04:26.174+0000] {dag.py:4180} INFO - Setting next_dagrun for dataset_s3_bucket_producer_with_no_taskflow to None, run_after=None
[2026-04-15T04:04:26.185+0000] {processor.py:208} INFO - Processing /home/airflow/.local/lib/python3.12/site-packages/airflow/example_dags/example_dataset_alias_with_no_taskflow.py took 0.350 seconds
[2026-04-15T04:04:56.392+0000] {processor.py:186} INFO - Started process (PID=49179) to work on /home/airflow/.local/lib/python3.12/site-packages/airflow/example_dags/example_dataset_alias_with_no_taskflow.py
[2026-04-15T04:04:56.393+0000] {processor.py:914} INFO - Processing file /home/airflow/.local/lib/python3.12/site-packages/airflow/example_dags/example_dataset_alias_with_no_taskflow.py for tasks to queue
[2026-04-15T04:04:56.394+0000] {logging_mixin.py:190} INFO - [2026-04-15T04:04:56.394+0000] {dagbag.py:588} INFO - Filling up the DagBag from /home/airflow/.local/lib/python3.12/site-packages/airflow/example_dags/example_dataset_alias_with_no_taskflow.py
[2026-04-15T04:04:56.719+0000] {processor.py:925} INFO - DAG(s) 'dataset_s3_bucket_consumer_with_no_taskflow', 'dataset_alias_example_alias_producer_with_no_taskflow', 'dataset_alias_example_alias_consumer_with_no_taskflow', 'dataset_s3_bucket_producer_with_no_taskflow' retrieved from /home/airflow/.local/lib/python3.12/site-packages/airflow/example_dags/example_dataset_alias_with_no_taskflow.py
[2026-04-15T04:04:56.730+0000] {logging_mixin.py:190} INFO - [2026-04-15T04:04:56.729+0000] {dag.py:3239} INFO - Sync 4 DAGs
[2026-04-15T04:04:56.741+0000] {logging_mixin.py:190} INFO - [2026-04-15T04:04:56.741+0000] {dag.py:4180} INFO - Setting next_dagrun for dataset_alias_example_alias_consumer_with_no_taskflow to None, run_after=None
[2026-04-15T04:04:56.745+0000] {logging_mixin.py:190} INFO - [2026-04-15T04:04:56.744+0000] {dag.py:4180} INFO - Setting next_dagrun for dataset_alias_example_alias_producer_with_no_taskflow to None, run_after=None
[2026-04-15T04:04:56.746+0000] {logging_mixin.py:190} INFO - [2026-04-15T04:04:56.746+0000] {dag.py:4180} INFO - Setting next_dagrun for dataset_s3_bucket_consumer_with_no_taskflow to None, run_after=None
[2026-04-15T04:04:56.748+0000] {logging_mixin.py:190} INFO - [2026-04-15T04:04:56.748+0000] {dag.py:4180} INFO - Setting next_dagrun for dataset_s3_bucket_producer_with_no_taskflow to None, run_after=None
[2026-04-15T04:04:56.758+0000] {processor.py:208} INFO - Processing /home/airflow/.local/lib/python3.12/site-packages/airflow/example_dags/example_dataset_alias_with_no_taskflow.py took 0.374 seconds
[2026-04-15T04:05:26.964+0000] {processor.py:186} INFO - Started process (PID=49243) to work on /home/airflow/.local/lib/python3.12/site-packages/airflow/example_dags/example_dataset_alias_with_no_taskflow.py
[2026-04-15T04:05:26.965+0000] {processor.py:914} INFO - Processing file /home/airflow/.local/lib/python3.12/site-packages/airflow/example_dags/example_dataset_alias_with_no_taskflow.py for tasks to queue
[2026-04-15T04:05:26.967+0000] {logging_mixin.py:190} INFO - [2026-04-15T04:05:26.967+0000] {dagbag.py:588} INFO - Filling up the DagBag from /home/airflow/.local/lib/python3.12/site-packages/airflow/example_dags/example_dataset_alias_with_no_taskflow.py
[2026-04-15T04:05:27.225+0000] {processor.py:925} INFO - DAG(s) 'dataset_alias_example_alias_producer_with_no_taskflow', 'dataset_s3_bucket_consumer_with_no_taskflow', 'dataset_s3_bucket_producer_with_no_taskflow', 'dataset_alias_example_alias_consumer_with_no_taskflow' retrieved from /home/airflow/.local/lib/python3.12/site-packages/airflow/example_dags/example_dataset_alias_with_no_taskflow.py
[2026-04-15T04:05:27.235+0000] {logging_mixin.py:190} INFO - [2026-04-15T04:05:27.235+0000] {dag.py:3239} INFO - Sync 4 DAGs
[2026-04-15T04:05:27.243+0000] {logging_mixin.py:190} INFO - [2026-04-15T04:05:27.243+0000] {dag.py:4180} INFO - Setting next_dagrun for dataset_alias_example_alias_consumer_with_no_taskflow to None, run_after=None
[2026-04-15T04:05:27.244+0000] {logging_mixin.py:190} INFO - [2026-04-15T04:05:27.244+0000] {dag.py:4180} INFO - Setting next_dagrun for dataset_alias_example_alias_producer_with_no_taskflow to None, run_after=None
[2026-04-15T04:05:27.244+0000] {logging_mixin.py:190} INFO - [2026-04-15T04:05:27.244+0000] {dag.py:4180} INFO - Setting next_dagrun for dataset_s3_bucket_consumer_with_no_taskflow to None, run_after=None
[2026-04-15T04:05:27.247+0000] {logging_mixin.py:190} INFO - [2026-04-15T04:05:27.247+0000] {dag.py:4180} INFO - Setting next_dagrun for dataset_s3_bucket_producer_with_no_taskflow to None, run_after=None
[2026-04-15T04:05:27.257+0000] {processor.py:208} INFO - Processing /home/airflow/.local/lib/python3.12/site-packages/airflow/example_dags/example_dataset_alias_with_no_taskflow.py took 0.298 seconds
[2026-04-15T04:05:57.352+0000] {processor.py:186} INFO - Started process (PID=49307) to work on /home/airflow/.local/lib/python3.12/site-packages/airflow/example_dags/example_dataset_alias_with_no_taskflow.py
[2026-04-15T04:05:57.355+0000] {processor.py:914} INFO - Processing file /home/airflow/.local/lib/python3.12/site-packages/airflow/example_dags/example_dataset_alias_with_no_taskflow.py for tasks to queue
[2026-04-15T04:05:57.356+0000] {logging_mixin.py:190} INFO - [2026-04-15T04:05:57.356+0000] {dagbag.py:588} INFO - Filling up the DagBag from /home/airflow/.local/lib/python3.12/site-packages/airflow/example_dags/example_dataset_alias_with_no_taskflow.py
[2026-04-15T04:05:57.705+0000] {processor.py:925} INFO - DAG(s) 'dataset_s3_bucket_consumer_with_no_taskflow', 'dataset_alias_example_alias_producer_with_no_taskflow', 'dataset_alias_example_alias_consumer_with_no_taskflow', 'dataset_s3_bucket_producer_with_no_taskflow' retrieved from /home/airflow/.local/lib/python3.12/site-packages/airflow/example_dags/example_dataset_alias_with_no_taskflow.py
[2026-04-15T04:05:57.717+0000] {logging_mixin.py:190} INFO - [2026-04-15T04:05:57.716+0000] {dag.py:3239} INFO - Sync 4 DAGs
[2026-04-15T04:05:57.752+0000] {logging_mixin.py:190} INFO - [2026-04-15T04:05:57.752+0000] {dag.py:4180} INFO - Setting next_dagrun for dataset_alias_example_alias_consumer_with_no_taskflow to None, run_after=None
[2026-04-15T04:05:57.758+0000] {logging_mixin.py:190} INFO - [2026-04-15T04:05:57.757+0000] {dag.py:4180} INFO - Setting next_dagrun for dataset_alias_example_alias_producer_with_no_taskflow to None, run_after=None
[2026-04-15T04:05:57.759+0000] {logging_mixin.py:190} INFO - [2026-04-15T04:05:57.759+0000] {dag.py:4180} INFO - Setting next_dagrun for dataset_s3_bucket_consumer_with_no_taskflow to None, run_after=None
[2026-04-15T04:05:57.761+0000] {logging_mixin.py:190} INFO - [2026-04-15T04:05:57.761+0000] {dag.py:4180} INFO - Setting next_dagrun for dataset_s3_bucket_producer_with_no_taskflow to None, run_after=None
[2026-04-15T04:05:57.781+0000] {processor.py:208} INFO - Processing /home/airflow/.local/lib/python3.12/site-packages/airflow/example_dags/example_dataset_alias_with_no_taskflow.py took 0.435 seconds
[2026-04-15T04:06:28.728+0000] {processor.py:186} INFO - Started process (PID=49371) to work on /home/airflow/.local/lib/python3.12/site-packages/airflow/example_dags/example_dataset_alias_with_no_taskflow.py
[2026-04-15T04:06:28.729+0000] {processor.py:914} INFO - Processing file /home/airflow/.local/lib/python3.12/site-packages/airflow/example_dags/example_dataset_alias_with_no_taskflow.py for tasks to queue
[2026-04-15T04:06:28.730+0000] {logging_mixin.py:190} INFO - [2026-04-15T04:06:28.730+0000] {dagbag.py:588} INFO - Filling up the DagBag from /home/airflow/.local/lib/python3.12/site-packages/airflow/example_dags/example_dataset_alias_with_no_taskflow.py
[2026-04-15T04:06:28.974+0000] {processor.py:925} INFO - DAG(s) 'dataset_s3_bucket_consumer_with_no_taskflow', 'dataset_alias_example_alias_consumer_with_no_taskflow', 'dataset_alias_example_alias_producer_with_no_taskflow', 'dataset_s3_bucket_producer_with_no_taskflow' retrieved from /home/airflow/.local/lib/python3.12/site-packages/airflow/example_dags/example_dataset_alias_with_no_taskflow.py
[2026-04-15T04:06:28.986+0000] {logging_mixin.py:190} INFO - [2026-04-15T04:06:28.986+0000] {dag.py:3239} INFO - Sync 4 DAGs
[2026-04-15T04:06:28.998+0000] {logging_mixin.py:190} INFO - [2026-04-15T04:06:28.998+0000] {dag.py:4180} INFO - Setting next_dagrun for dataset_alias_example_alias_consumer_with_no_taskflow to None, run_after=None
[2026-04-15T04:06:29.000+0000] {logging_mixin.py:190} INFO - [2026-04-15T04:06:29.000+0000] {dag.py:4180} INFO - Setting next_dagrun for dataset_alias_example_alias_producer_with_no_taskflow to None, run_after=None
[2026-04-15T04:06:29.000+0000] {logging_mixin.py:190} INFO - [2026-04-15T04:06:29.000+0000] {dag.py:4180} INFO - Setting next_dagrun for dataset_s3_bucket_consumer_with_no_taskflow to None, run_after=None
[2026-04-15T04:06:29.000+0000] {logging_mixin.py:190} INFO - [2026-04-15T04:06:29.000+0000] {dag.py:4180} INFO - Setting next_dagrun for dataset_s3_bucket_producer_with_no_taskflow to None, run_after=None
[2026-04-15T04:06:29.010+0000] {processor.py:208} INFO - Processing /home/airflow/.local/lib/python3.12/site-packages/airflow/example_dags/example_dataset_alias_with_no_taskflow.py took 0.287 seconds
[2026-04-15T04:07:00.007+0000] {processor.py:186} INFO - Started process (PID=49435) to work on /home/airflow/.local/lib/python3.12/site-packages/airflow/example_dags/example_dataset_alias_with_no_taskflow.py
[2026-04-15T04:07:00.008+0000] {processor.py:914} INFO - Processing file /home/airflow/.local/lib/python3.12/site-packages/airflow/example_dags/example_dataset_alias_with_no_taskflow.py for tasks to queue
[2026-04-15T04:07:00.012+0000] {logging_mixin.py:190} INFO - [2026-04-15T04:07:00.012+0000] {dagbag.py:588} INFO - Filling up the DagBag from /home/airflow/.local/lib/python3.12/site-packages/airflow/example_dags/example_dataset_alias_with_no_taskflow.py
[2026-04-15T04:07:00.412+0000] {processor.py:925} INFO - DAG(s) 'dataset_alias_example_alias_consumer_with_no_taskflow', 'dataset_alias_example_alias_producer_with_no_taskflow', 'dataset_s3_bucket_producer_with_no_taskflow', 'dataset_s3_bucket_consumer_with_no_taskflow' retrieved from /home/airflow/.local/lib/python3.12/site-packages/airflow/example_dags/example_dataset_alias_with_no_taskflow.py
[2026-04-15T04:07:00.423+0000] {logging_mixin.py:190} INFO - [2026-04-15T04:07:00.423+0000] {dag.py:3239} INFO - Sync 4 DAGs
[2026-04-15T04:07:00.433+0000] {logging_mixin.py:190} INFO - [2026-04-15T04:07:00.432+0000] {dag.py:4180} INFO - Setting next_dagrun for dataset_alias_example_alias_consumer_with_no_taskflow to None, run_after=None
[2026-04-15T04:07:00.434+0000] {logging_mixin.py:190} INFO - [2026-04-15T04:07:00.434+0000] {dag.py:4180} INFO - Setting next_dagrun for dataset_alias_example_alias_producer_with_no_taskflow to None, run_after=None
[2026-04-15T04:07:00.435+0000] {logging_mixin.py:190} INFO - [2026-04-15T04:07:00.434+0000] {dag.py:4180} INFO - Setting next_dagrun for dataset_s3_bucket_consumer_with_no_taskflow to None, run_after=None
[2026-04-15T04:07:00.435+0000] {logging_mixin.py:190} INFO - [2026-04-15T04:07:00.435+0000] {dag.py:4180} INFO - Setting next_dagrun for dataset_s3_bucket_producer_with_no_taskflow to None, run_after=None
[2026-04-15T04:07:00.446+0000] {processor.py:208} INFO - Processing /home/airflow/.local/lib/python3.12/site-packages/airflow/example_dags/example_dataset_alias_with_no_taskflow.py took 0.447 seconds
[2026-04-15T04:07:31.477+0000] {processor.py:186} INFO - Started process (PID=49499) to work on /home/airflow/.local/lib/python3.12/site-packages/airflow/example_dags/example_dataset_alias_with_no_taskflow.py
[2026-04-15T04:07:31.478+0000] {processor.py:914} INFO - Processing file /home/airflow/.local/lib/python3.12/site-packages/airflow/example_dags/example_dataset_alias_with_no_taskflow.py for tasks to queue
[2026-04-15T04:07:31.479+0000] {logging_mixin.py:190} INFO - [2026-04-15T04:07:31.479+0000] {dagbag.py:588} INFO - Filling up the DagBag from /home/airflow/.local/lib/python3.12/site-packages/airflow/example_dags/example_dataset_alias_with_no_taskflow.py
[2026-04-15T04:07:31.730+0000] {processor.py:925} INFO - DAG(s) 'dataset_alias_example_alias_producer_with_no_taskflow', 'dataset_s3_bucket_producer_with_no_taskflow', 'dataset_alias_example_alias_consumer_with_no_taskflow', 'dataset_s3_bucket_consumer_with_no_taskflow' retrieved from /home/airflow/.local/lib/python3.12/site-packages/airflow/example_dags/example_dataset_alias_with_no_taskflow.py
[2026-04-15T04:07:31.744+0000] {logging_mixin.py:190} INFO - [2026-04-15T04:07:31.743+0000] {dag.py:3239} INFO - Sync 4 DAGs
[2026-04-15T04:07:31.755+0000] {logging_mixin.py:190} INFO - [2026-04-15T04:07:31.755+0000] {dag.py:4180} INFO - Setting next_dagrun for dataset_alias_example_alias_consumer_with_no_taskflow to None, run_after=None
[2026-04-15T04:07:31.758+0000] {logging_mixin.py:190} INFO - [2026-04-15T04:07:31.758+0000] {dag.py:4180} INFO - Setting next_dagrun for dataset_alias_example_alias_producer_with_no_taskflow to None, run_after=None
[2026-04-15T04:07:31.758+0000] {logging_mixin.py:190} INFO - [2026-04-15T04:07:31.758+0000] {dag.py:4180} INFO - Setting next_dagrun for dataset_s3_bucket_consumer_with_no_taskflow to None, run_after=None
[2026-04-15T04:07:31.759+0000] {logging_mixin.py:190} INFO - [2026-04-15T04:07:31.759+0000] {dag.py:4180} INFO - Setting next_dagrun for dataset_s3_bucket_producer_with_no_taskflow to None, run_after=None
[2026-04-15T04:07:31.768+0000] {processor.py:208} INFO - Processing /home/airflow/.local/lib/python3.12/site-packages/airflow/example_dags/example_dataset_alias_with_no_taskflow.py took 0.297 seconds
[2026-04-15T04:08:01.819+0000] {processor.py:186} INFO - Started process (PID=49563) to work on /home/airflow/.local/lib/python3.12/site-packages/airflow/example_dags/example_dataset_alias_with_no_taskflow.py
[2026-04-15T04:08:01.822+0000] {processor.py:914} INFO - Processing file /home/airflow/.local/lib/python3.12/site-packages/airflow/example_dags/example_dataset_alias_with_no_taskflow.py for tasks to queue
[2026-04-15T04:08:01.822+0000] {logging_mixin.py:190} INFO - [2026-04-15T04:08:01.822+0000] {dagbag.py:588} INFO - Filling up the DagBag from /home/airflow/.local/lib/python3.12/site-packages/airflow/example_dags/example_dataset_alias_with_no_taskflow.py
[2026-04-15T04:08:02.116+0000] {processor.py:925} INFO - DAG(s) 'dataset_s3_bucket_consumer_with_no_taskflow', 'dataset_alias_example_alias_consumer_with_no_taskflow', 'dataset_alias_example_alias_producer_with_no_taskflow', 'dataset_s3_bucket_producer_with_no_taskflow' retrieved from /home/airflow/.local/lib/python3.12/site-packages/airflow/example_dags/example_dataset_alias_with_no_taskflow.py
[2026-04-15T04:08:02.123+0000] {logging_mixin.py:190} INFO - [2026-04-15T04:08:02.123+0000] {dag.py:3239} INFO - Sync 4 DAGs
[2026-04-15T04:08:02.133+0000] {logging_mixin.py:190} INFO - [2026-04-15T04:08:02.133+0000] {dag.py:4180} INFO - Setting next_dagrun for dataset_alias_example_alias_consumer_with_no_taskflow to None, run_after=None
[2026-04-15T04:08:02.135+0000] {logging_mixin.py:190} INFO - [2026-04-15T04:08:02.135+0000] {dag.py:4180} INFO - Setting next_dagrun for dataset_alias_example_alias_producer_with_no_taskflow to None, run_after=None
[2026-04-15T04:08:02.137+0000] {logging_mixin.py:190} INFO - [2026-04-15T04:08:02.137+0000] {dag.py:4180} INFO - Setting next_dagrun for dataset_s3_bucket_consumer_with_no_taskflow to None, run_after=None
[2026-04-15T04:08:02.138+0000] {logging_mixin.py:190} INFO - [2026-04-15T04:08:02.138+0000] {dag.py:4180} INFO - Setting next_dagrun for dataset_s3_bucket_producer_with_no_taskflow to None, run_after=None
[2026-04-15T04:08:02.147+0000] {processor.py:208} INFO - Processing /home/airflow/.local/lib/python3.12/site-packages/airflow/example_dags/example_dataset_alias_with_no_taskflow.py took 0.333 seconds
[2026-04-15T04:08:32.201+0000] {processor.py:186} INFO - Started process (PID=49627) to work on /home/airflow/.local/lib/python3.12/site-packages/airflow/example_dags/example_dataset_alias_with_no_taskflow.py
[2026-04-15T04:08:32.203+0000] {processor.py:914} INFO - Processing file /home/airflow/.local/lib/python3.12/site-packages/airflow/example_dags/example_dataset_alias_with_no_taskflow.py for tasks to queue
[2026-04-15T04:08:32.204+0000] {logging_mixin.py:190} INFO - [2026-04-15T04:08:32.204+0000] {dagbag.py:588} INFO - Filling up the DagBag from /home/airflow/.local/lib/python3.12/site-packages/airflow/example_dags/example_dataset_alias_with_no_taskflow.py
[2026-04-15T04:08:32.449+0000] {processor.py:925} INFO - DAG(s) 'dataset_s3_bucket_consumer_with_no_taskflow', 'dataset_alias_example_alias_producer_with_no_taskflow', 'dataset_s3_bucket_producer_with_no_taskflow', 'dataset_alias_example_alias_consumer_with_no_taskflow' retrieved from /home/airflow/.local/lib/python3.12/site-packages/airflow/example_dags/example_dataset_alias_with_no_taskflow.py
[2026-04-15T04:08:32.457+0000] {logging_mixin.py:190} INFO - [2026-04-15T04:08:32.457+0000] {dag.py:3239} INFO - Sync 4 DAGs
[2026-04-15T04:08:32.467+0000] {logging_mixin.py:190} INFO - [2026-04-15T04:08:32.467+0000] {dag.py:4180} INFO - Setting next_dagrun for dataset_alias_example_alias_consumer_with_no_taskflow to None, run_after=None
[2026-04-15T04:08:32.468+0000] {logging_mixin.py:190} INFO - [2026-04-15T04:08:32.468+0000] {dag.py:4180} INFO - Setting next_dagrun for dataset_alias_example_alias_producer_with_no_taskflow to None, run_after=None
[2026-04-15T04:08:32.469+0000] {logging_mixin.py:190} INFO - [2026-04-15T04:08:32.469+0000] {dag.py:4180} INFO - Setting next_dagrun for dataset_s3_bucket_consumer_with_no_taskflow to None, run_after=None
[2026-04-15T04:08:32.470+0000] {logging_mixin.py:190} INFO - [2026-04-15T04:08:32.470+0000] {dag.py:4180} INFO - Setting next_dagrun for dataset_s3_bucket_producer_with_no_taskflow to None, run_after=None
[2026-04-15T04:08:32.479+0000] {processor.py:208} INFO - Processing /home/airflow/.local/lib/python3.12/site-packages/airflow/example_dags/example_dataset_alias_with_no_taskflow.py took 0.282 seconds
[2026-04-15T04:09:02.589+0000] {processor.py:186} INFO - Started process (PID=49691) to work on /home/airflow/.local/lib/python3.12/site-packages/airflow/example_dags/example_dataset_alias_with_no_taskflow.py
[2026-04-15T04:09:02.591+0000] {processor.py:914} INFO - Processing file /home/airflow/.local/lib/python3.12/site-packages/airflow/example_dags/example_dataset_alias_with_no_taskflow.py for tasks to queue
[2026-04-15T04:09:02.592+0000] {logging_mixin.py:190} INFO - [2026-04-15T04:09:02.592+0000] {dagbag.py:588} INFO - Filling up the DagBag from /home/airflow/.local/lib/python3.12/site-packages/airflow/example_dags/example_dataset_alias_with_no_taskflow.py
[2026-04-15T04:09:02.975+0000] {processor.py:925} INFO - DAG(s) 'dataset_s3_bucket_consumer_with_no_taskflow', 'dataset_alias_example_alias_consumer_with_no_taskflow', 'dataset_alias_example_alias_producer_with_no_taskflow', 'dataset_s3_bucket_producer_with_no_taskflow' retrieved from /home/airflow/.local/lib/python3.12/site-packages/airflow/example_dags/example_dataset_alias_with_no_taskflow.py
[2026-04-15T04:09:02.984+0000] {logging_mixin.py:190} INFO - [2026-04-15T04:09:02.983+0000] {dag.py:3239} INFO - Sync 4 DAGs
[2026-04-15T04:09:02.997+0000] {logging_mixin.py:190} INFO - [2026-04-15T04:09:02.996+0000] {dag.py:4180} INFO - Setting next_dagrun for dataset_alias_example_alias_consumer_with_no_taskflow to None, run_after=None
[2026-04-15T04:09:02.998+0000] {logging_mixin.py:190} INFO - [2026-04-15T04:09:02.998+0000] {dag.py:4180} INFO - Setting next_dagrun for dataset_alias_example_alias_producer_with_no_taskflow to None, run_after=None
[2026-04-15T04:09:02.999+0000] {logging_mixin.py:190} INFO - [2026-04-15T04:09:02.999+0000] {dag.py:4180} INFO - Setting next_dagrun for dataset_s3_bucket_consumer_with_no_taskflow to None, run_after=None
[2026-04-15T04:09:02.999+0000] {logging_mixin.py:190} INFO - [2026-04-15T04:09:02.999+0000] {dag.py:4180} INFO - Setting next_dagrun for dataset_s3_bucket_producer_with_no_taskflow to None, run_after=None
[2026-04-15T04:09:03.009+0000] {processor.py:208} INFO - Processing /home/airflow/.local/lib/python3.12/site-packages/airflow/example_dags/example_dataset_alias_with_no_taskflow.py took 0.427 seconds
[2026-04-15T04:09:34.026+0000] {processor.py:186} INFO - Started process (PID=49755) to work on /home/airflow/.local/lib/python3.12/site-packages/airflow/example_dags/example_dataset_alias_with_no_taskflow.py
[2026-04-15T04:09:34.027+0000] {processor.py:914} INFO - Processing file /home/airflow/.local/lib/python3.12/site-packages/airflow/example_dags/example_dataset_alias_with_no_taskflow.py for tasks to queue
[2026-04-15T04:09:34.030+0000] {logging_mixin.py:190} INFO - [2026-04-15T04:09:34.029+0000] {dagbag.py:588} INFO - Filling up the DagBag from /home/airflow/.local/lib/python3.12/site-packages/airflow/example_dags/example_dataset_alias_with_no_taskflow.py
[2026-04-15T04:09:34.251+0000] {processor.py:925} INFO - DAG(s) 'dataset_alias_example_alias_producer_with_no_taskflow', 'dataset_s3_bucket_consumer_with_no_taskflow', 'dataset_s3_bucket_producer_with_no_taskflow', 'dataset_alias_example_alias_consumer_with_no_taskflow' retrieved from /home/airflow/.local/lib/python3.12/site-packages/airflow/example_dags/example_dataset_alias_with_no_taskflow.py
[2026-04-15T04:09:34.260+0000] {logging_mixin.py:190} INFO - [2026-04-15T04:09:34.260+0000] {dag.py:3239} INFO - Sync 4 DAGs
[2026-04-15T04:09:34.269+0000] {logging_mixin.py:190} INFO - [2026-04-15T04:09:34.269+0000] {dag.py:4180} INFO - Setting next_dagrun for dataset_alias_example_alias_consumer_with_no_taskflow to None, run_after=None
[2026-04-15T04:09:34.270+0000] {logging_mixin.py:190} INFO - [2026-04-15T04:09:34.270+0000] {dag.py:4180} INFO - Setting next_dagrun for dataset_alias_example_alias_producer_with_no_taskflow to None, run_after=None
[2026-04-15T04:09:34.272+0000] {logging_mixin.py:190} INFO - [2026-04-15T04:09:34.272+0000] {dag.py:4180} INFO - Setting next_dagrun for dataset_s3_bucket_consumer_with_no_taskflow to None, run_after=None
[2026-04-15T04:09:34.273+0000] {logging_mixin.py:190} INFO - [2026-04-15T04:09:34.273+0000] {dag.py:4180} INFO - Setting next_dagrun for dataset_s3_bucket_producer_with_no_taskflow to None, run_after=None
[2026-04-15T04:09:34.282+0000] {processor.py:208} INFO - Processing /home/airflow/.local/lib/python3.12/site-packages/airflow/example_dags/example_dataset_alias_with_no_taskflow.py took 0.261 seconds
[2026-04-15T04:10:05.254+0000] {processor.py:186} INFO - Started process (PID=49819) to work on /home/airflow/.local/lib/python3.12/site-packages/airflow/example_dags/example_dataset_alias_with_no_taskflow.py
[2026-04-15T04:10:05.255+0000] {processor.py:914} INFO - Processing file /home/airflow/.local/lib/python3.12/site-packages/airflow/example_dags/example_dataset_alias_with_no_taskflow.py for tasks to queue
[2026-04-15T04:10:05.257+0000] {logging_mixin.py:190} INFO - [2026-04-15T04:10:05.256+0000] {dagbag.py:588} INFO - Filling up the DagBag from /home/airflow/.local/lib/python3.12/site-packages/airflow/example_dags/example_dataset_alias_with_no_taskflow.py
[2026-04-15T04:10:05.551+0000] {processor.py:925} INFO - DAG(s) 'dataset_alias_example_alias_producer_with_no_taskflow', 'dataset_s3_bucket_producer_with_no_taskflow', 'dataset_alias_example_alias_consumer_with_no_taskflow', 'dataset_s3_bucket_consumer_with_no_taskflow' retrieved from /home/airflow/.local/lib/python3.12/site-packages/airflow/example_dags/example_dataset_alias_with_no_taskflow.py
[2026-04-15T04:10:05.562+0000] {logging_mixin.py:190} INFO - [2026-04-15T04:10:05.562+0000] {dag.py:3239} INFO - Sync 4 DAGs
[2026-04-15T04:10:05.571+0000] {logging_mixin.py:190} INFO - [2026-04-15T04:10:05.571+0000] {dag.py:4180} INFO - Setting next_dagrun for dataset_alias_example_alias_consumer_with_no_taskflow to None, run_after=None
[2026-04-15T04:10:05.573+0000] {logging_mixin.py:190} INFO - [2026-04-15T04:10:05.573+0000] {dag.py:4180} INFO - Setting next_dagrun for dataset_alias_example_alias_producer_with_no_taskflow to None, run_after=None
[2026-04-15T04:10:05.573+0000] {logging_mixin.py:190} INFO - [2026-04-15T04:10:05.573+0000] {dag.py:4180} INFO - Setting next_dagrun for dataset_s3_bucket_consumer_with_no_taskflow to None, run_after=None
[2026-04-15T04:10:05.574+0000] {logging_mixin.py:190} INFO - [2026-04-15T04:10:05.574+0000] {dag.py:4180} INFO - Setting next_dagrun for dataset_s3_bucket_producer_with_no_taskflow to None, run_after=None
[2026-04-15T04:10:05.587+0000] {processor.py:208} INFO - Processing /home/airflow/.local/lib/python3.12/site-packages/airflow/example_dags/example_dataset_alias_with_no_taskflow.py took 0.339 seconds
[2026-04-15T04:10:35.796+0000] {processor.py:186} INFO - Started process (PID=49883) to work on /home/airflow/.local/lib/python3.12/site-packages/airflow/example_dags/example_dataset_alias_with_no_taskflow.py
[2026-04-15T04:10:35.799+0000] {processor.py:914} INFO - Processing file /home/airflow/.local/lib/python3.12/site-packages/airflow/example_dags/example_dataset_alias_with_no_taskflow.py for tasks to queue
[2026-04-15T04:10:35.799+0000] {logging_mixin.py:190} INFO - [2026-04-15T04:10:35.799+0000] {dagbag.py:588} INFO - Filling up the DagBag from /home/airflow/.local/lib/python3.12/site-packages/airflow/example_dags/example_dataset_alias_with_no_taskflow.py
[2026-04-15T04:10:36.024+0000] {processor.py:925} INFO - DAG(s) 'dataset_s3_bucket_consumer_with_no_taskflow', 'dataset_s3_bucket_producer_with_no_taskflow', 'dataset_alias_example_alias_consumer_with_no_taskflow', 'dataset_alias_example_alias_producer_with_no_taskflow' retrieved from /home/airflow/.local/lib/python3.12/site-packages/airflow/example_dags/example_dataset_alias_with_no_taskflow.py
[2026-04-15T04:10:36.034+0000] {logging_mixin.py:190} INFO - [2026-04-15T04:10:36.033+0000] {dag.py:3239} INFO - Sync 4 DAGs
[2026-04-15T04:10:36.040+0000] {logging_mixin.py:190} INFO - [2026-04-15T04:10:36.040+0000] {dag.py:4180} INFO - Setting next_dagrun for dataset_alias_example_alias_consumer_with_no_taskflow to None, run_after=None
[2026-04-15T04:10:36.041+0000] {logging_mixin.py:190} INFO - [2026-04-15T04:10:36.041+0000] {dag.py:4180} INFO - Setting next_dagrun for dataset_alias_example_alias_producer_with_no_taskflow to None, run_after=None
[2026-04-15T04:10:36.044+0000] {logging_mixin.py:190} INFO - [2026-04-15T04:10:36.044+0000] {dag.py:4180} INFO - Setting next_dagrun for dataset_s3_bucket_consumer_with_no_taskflow to None, run_after=None
[2026-04-15T04:10:36.044+0000] {logging_mixin.py:190} INFO - [2026-04-15T04:10:36.044+0000] {dag.py:4180} INFO - Setting next_dagrun for dataset_s3_bucket_producer_with_no_taskflow to None, run_after=None
[2026-04-15T04:10:36.055+0000] {processor.py:208} INFO - Processing /home/airflow/.local/lib/python3.12/site-packages/airflow/example_dags/example_dataset_alias_with_no_taskflow.py took 0.264 seconds
[2026-04-15T04:11:06.861+0000] {processor.py:186} INFO - Started process (PID=49947) to work on /home/airflow/.local/lib/python3.12/site-packages/airflow/example_dags/example_dataset_alias_with_no_taskflow.py
[2026-04-15T04:11:06.864+0000] {processor.py:914} INFO - Processing file /home/airflow/.local/lib/python3.12/site-packages/airflow/example_dags/example_dataset_alias_with_no_taskflow.py for tasks to queue
[2026-04-15T04:11:06.865+0000] {logging_mixin.py:190} INFO - [2026-04-15T04:11:06.865+0000] {dagbag.py:588} INFO - Filling up the DagBag from /home/airflow/.local/lib/python3.12/site-packages/airflow/example_dags/example_dataset_alias_with_no_taskflow.py
[2026-04-15T04:11:07.221+0000] {processor.py:925} INFO - DAG(s) 'dataset_alias_example_alias_consumer_with_no_taskflow', 'dataset_s3_bucket_consumer_with_no_taskflow', 'dataset_s3_bucket_producer_with_no_taskflow', 'dataset_alias_example_alias_producer_with_no_taskflow' retrieved from /home/airflow/.local/lib/python3.12/site-packages/airflow/example_dags/example_dataset_alias_with_no_taskflow.py
[2026-04-15T04:11:07.232+0000] {logging_mixin.py:190} INFO - [2026-04-15T04:11:07.232+0000] {dag.py:3239} INFO - Sync 4 DAGs
[2026-04-15T04:11:07.239+0000] {logging_mixin.py:190} INFO - [2026-04-15T04:11:07.239+0000] {dag.py:4180} INFO - Setting next_dagrun for dataset_alias_example_alias_consumer_with_no_taskflow to None, run_after=None
[2026-04-15T04:11:07.240+0000] {logging_mixin.py:190} INFO - [2026-04-15T04:11:07.240+0000] {dag.py:4180} INFO - Setting next_dagrun for dataset_alias_example_alias_producer_with_no_taskflow to None, run_after=None
[2026-04-15T04:11:07.240+0000] {logging_mixin.py:190} INFO - [2026-04-15T04:11:07.240+0000] {dag.py:4180} INFO - Setting next_dagrun for dataset_s3_bucket_consumer_with_no_taskflow to None, run_after=None
[2026-04-15T04:11:07.241+0000] {logging_mixin.py:190} INFO - [2026-04-15T04:11:07.241+0000] {dag.py:4180} INFO - Setting next_dagrun for dataset_s3_bucket_producer_with_no_taskflow to None, run_after=None
[2026-04-15T04:11:07.252+0000] {processor.py:208} INFO - Processing /home/airflow/.local/lib/python3.12/site-packages/airflow/example_dags/example_dataset_alias_with_no_taskflow.py took 0.399 seconds
[2026-04-15T04:11:38.188+0000] {processor.py:186} INFO - Started process (PID=50011) to work on /home/airflow/.local/lib/python3.12/site-packages/airflow/example_dags/example_dataset_alias_with_no_taskflow.py
[2026-04-15T04:11:38.189+0000] {processor.py:914} INFO - Processing file /home/airflow/.local/lib/python3.12/site-packages/airflow/example_dags/example_dataset_alias_with_no_taskflow.py for tasks to queue
[2026-04-15T04:11:38.190+0000] {logging_mixin.py:190} INFO - [2026-04-15T04:11:38.190+0000] {dagbag.py:588} INFO - Filling up the DagBag from /home/airflow/.local/lib/python3.12/site-packages/airflow/example_dags/example_dataset_alias_with_no_taskflow.py
[2026-04-15T04:11:38.405+0000] {processor.py:925} INFO - DAG(s) 'dataset_alias_example_alias_producer_with_no_taskflow', 'dataset_alias_example_alias_consumer_with_no_taskflow', 'dataset_s3_bucket_consumer_with_no_taskflow', 'dataset_s3_bucket_producer_with_no_taskflow' retrieved from /home/airflow/.local/lib/python3.12/site-packages/airflow/example_dags/example_dataset_alias_with_no_taskflow.py
[2026-04-15T04:11:38.415+0000] {logging_mixin.py:190} INFO - [2026-04-15T04:11:38.414+0000] {dag.py:3239} INFO - Sync 4 DAGs
[2026-04-15T04:11:38.422+0000] {logging_mixin.py:190} INFO - [2026-04-15T04:11:38.422+0000] {dag.py:4180} INFO - Setting next_dagrun for dataset_alias_example_alias_consumer_with_no_taskflow to None, run_after=None
[2026-04-15T04:11:38.423+0000] {logging_mixin.py:190} INFO - [2026-04-15T04:11:38.423+0000] {dag.py:4180} INFO - Setting next_dagrun for dataset_alias_example_alias_producer_with_no_taskflow to None, run_after=None
[2026-04-15T04:11:38.423+0000] {logging_mixin.py:190} INFO - [2026-04-15T04:11:38.423+0000] {dag.py:4180} INFO - Setting next_dagrun for dataset_s3_bucket_consumer_with_no_taskflow to None, run_after=None
[2026-04-15T04:11:38.426+0000] {logging_mixin.py:190} INFO - [2026-04-15T04:11:38.426+0000] {dag.py:4180} INFO - Setting next_dagrun for dataset_s3_bucket_producer_with_no_taskflow to None, run_after=None
[2026-04-15T04:11:38.435+0000] {processor.py:208} INFO - Processing /home/airflow/.local/lib/python3.12/site-packages/airflow/example_dags/example_dataset_alias_with_no_taskflow.py took 0.251 seconds
[2026-04-15T04:12:09.330+0000] {processor.py:186} INFO - Started process (PID=50075) to work on /home/airflow/.local/lib/python3.12/site-packages/airflow/example_dags/example_dataset_alias_with_no_taskflow.py
[2026-04-15T04:12:09.330+0000] {processor.py:914} INFO - Processing file /home/airflow/.local/lib/python3.12/site-packages/airflow/example_dags/example_dataset_alias_with_no_taskflow.py for tasks to queue
[2026-04-15T04:12:09.332+0000] {logging_mixin.py:190} INFO - [2026-04-15T04:12:09.331+0000] {dagbag.py:588} INFO - Filling up the DagBag from /home/airflow/.local/lib/python3.12/site-packages/airflow/example_dags/example_dataset_alias_with_no_taskflow.py
[2026-04-15T04:12:09.570+0000] {processor.py:925} INFO - DAG(s) 'dataset_s3_bucket_producer_with_no_taskflow', 'dataset_s3_bucket_consumer_with_no_taskflow', 'dataset_alias_example_alias_producer_with_no_taskflow', 'dataset_alias_example_alias_consumer_with_no_taskflow' retrieved from /home/airflow/.local/lib/python3.12/site-packages/airflow/example_dags/example_dataset_alias_with_no_taskflow.py
[2026-04-15T04:12:09.579+0000] {logging_mixin.py:190} INFO - [2026-04-15T04:12:09.579+0000] {dag.py:3239} INFO - Sync 4 DAGs
[2026-04-15T04:12:09.586+0000] {logging_mixin.py:190} INFO - [2026-04-15T04:12:09.586+0000] {dag.py:4180} INFO - Setting next_dagrun for dataset_alias_example_alias_consumer_with_no_taskflow to None, run_after=None
[2026-04-15T04:12:09.588+0000] {logging_mixin.py:190} INFO - [2026-04-15T04:12:09.588+0000] {dag.py:4180} INFO - Setting next_dagrun for dataset_alias_example_alias_producer_with_no_taskflow to None, run_after=None
[2026-04-15T04:12:09.589+0000] {logging_mixin.py:190} INFO - [2026-04-15T04:12:09.589+0000] {dag.py:4180} INFO - Setting next_dagrun for dataset_s3_bucket_consumer_with_no_taskflow to None, run_after=None
[2026-04-15T04:12:09.590+0000] {logging_mixin.py:190} INFO - [2026-04-15T04:12:09.589+0000] {dag.py:4180} INFO - Setting next_dagrun for dataset_s3_bucket_producer_with_no_taskflow to None, run_after=None
[2026-04-15T04:12:09.602+0000] {processor.py:208} INFO - Processing /home/airflow/.local/lib/python3.12/site-packages/airflow/example_dags/example_dataset_alias_with_no_taskflow.py took 0.280 seconds
[2026-04-15T04:12:40.566+0000] {processor.py:186} INFO - Started process (PID=50139) to work on /home/airflow/.local/lib/python3.12/site-packages/airflow/example_dags/example_dataset_alias_with_no_taskflow.py
[2026-04-15T04:12:40.568+0000] {processor.py:914} INFO - Processing file /home/airflow/.local/lib/python3.12/site-packages/airflow/example_dags/example_dataset_alias_with_no_taskflow.py for tasks to queue
[2026-04-15T04:12:40.573+0000] {logging_mixin.py:190} INFO - [2026-04-15T04:12:40.572+0000] {dagbag.py:588} INFO - Filling up the DagBag from /home/airflow/.local/lib/python3.12/site-packages/airflow/example_dags/example_dataset_alias_with_no_taskflow.py
[2026-04-15T04:12:40.927+0000] {processor.py:925} INFO - DAG(s) 'dataset_s3_bucket_producer_with_no_taskflow', 'dataset_alias_example_alias_consumer_with_no_taskflow', 'dataset_alias_example_alias_producer_with_no_taskflow', 'dataset_s3_bucket_consumer_with_no_taskflow' retrieved from /home/airflow/.local/lib/python3.12/site-packages/airflow/example_dags/example_dataset_alias_with_no_taskflow.py
[2026-04-15T04:12:40.938+0000] {logging_mixin.py:190} INFO - [2026-04-15T04:12:40.938+0000] {dag.py:3239} INFO - Sync 4 DAGs
[2026-04-15T04:12:40.950+0000] {logging_mixin.py:190} INFO - [2026-04-15T04:12:40.950+0000] {dag.py:4180} INFO - Setting next_dagrun for dataset_alias_example_alias_consumer_with_no_taskflow to None, run_after=None
[2026-04-15T04:12:40.953+0000] {logging_mixin.py:190} INFO - [2026-04-15T04:12:40.953+0000] {dag.py:4180} INFO - Setting next_dagrun for dataset_alias_example_alias_producer_with_no_taskflow to None, run_after=None
[2026-04-15T04:12:40.954+0000] {logging_mixin.py:190} INFO - [2026-04-15T04:12:40.954+0000] {dag.py:4180} INFO - Setting next_dagrun for dataset_s3_bucket_consumer_with_no_taskflow to None, run_after=None
[2026-04-15T04:12:40.955+0000] {logging_mixin.py:190} INFO - [2026-04-15T04:12:40.955+0000] {dag.py:4180} INFO - Setting next_dagrun for dataset_s3_bucket_producer_with_no_taskflow to None, run_after=None
[2026-04-15T04:12:40.964+0000] {processor.py:208} INFO - Processing /home/airflow/.local/lib/python3.12/site-packages/airflow/example_dags/example_dataset_alias_with_no_taskflow.py took 0.405 seconds
[2026-04-15T04:13:11.002+0000] {processor.py:186} INFO - Started process (PID=50202) to work on /home/airflow/.local/lib/python3.12/site-packages/airflow/example_dags/example_dataset_alias_with_no_taskflow.py
[2026-04-15T04:13:11.003+0000] {processor.py:914} INFO - Processing file /home/airflow/.local/lib/python3.12/site-packages/airflow/example_dags/example_dataset_alias_with_no_taskflow.py for tasks to queue
[2026-04-15T04:13:11.004+0000] {logging_mixin.py:190} INFO - [2026-04-15T04:13:11.003+0000] {dagbag.py:588} INFO - Filling up the DagBag from /home/airflow/.local/lib/python3.12/site-packages/airflow/example_dags/example_dataset_alias_with_no_taskflow.py
[2026-04-15T04:13:11.291+0000] {processor.py:925} INFO - DAG(s) 'dataset_alias_example_alias_consumer_with_no_taskflow', 'dataset_alias_example_alias_producer_with_no_taskflow', 'dataset_s3_bucket_consumer_with_no_taskflow', 'dataset_s3_bucket_producer_with_no_taskflow' retrieved from /home/airflow/.local/lib/python3.12/site-packages/airflow/example_dags/example_dataset_alias_with_no_taskflow.py
[2026-04-15T04:13:11.297+0000] {logging_mixin.py:190} INFO - [2026-04-15T04:13:11.297+0000] {dag.py:3239} INFO - Sync 4 DAGs
[2026-04-15T04:13:11.304+0000] {logging_mixin.py:190} INFO - [2026-04-15T04:13:11.304+0000] {dag.py:4180} INFO - Setting next_dagrun for dataset_alias_example_alias_consumer_with_no_taskflow to None, run_after=None
[2026-04-15T04:13:11.305+0000] {logging_mixin.py:190} INFO - [2026-04-15T04:13:11.305+0000] {dag.py:4180} INFO - Setting next_dagrun for dataset_alias_example_alias_producer_with_no_taskflow to None, run_after=None
[2026-04-15T04:13:11.305+0000] {logging_mixin.py:190} INFO - [2026-04-15T04:13:11.305+0000] {dag.py:4180} INFO - Setting next_dagrun for dataset_s3_bucket_consumer_with_no_taskflow to None, run_after=None
[2026-04-15T04:13:11.305+0000] {logging_mixin.py:190} INFO - [2026-04-15T04:13:11.305+0000] {dag.py:4180} INFO - Setting next_dagrun for dataset_s3_bucket_producer_with_no_taskflow to None, run_after=None
[2026-04-15T04:13:11.311+0000] {processor.py:208} INFO - Processing /home/airflow/.local/lib/python3.12/site-packages/airflow/example_dags/example_dataset_alias_with_no_taskflow.py took 0.318 seconds
[2026-04-15T04:13:41.810+0000] {processor.py:186} INFO - Started process (PID=50267) to work on /home/airflow/.local/lib/python3.12/site-packages/airflow/example_dags/example_dataset_alias_with_no_taskflow.py
[2026-04-15T04:13:41.811+0000] {processor.py:914} INFO - Processing file /home/airflow/.local/lib/python3.12/site-packages/airflow/example_dags/example_dataset_alias_with_no_taskflow.py for tasks to queue
[2026-04-15T04:13:41.813+0000] {logging_mixin.py:190} INFO - [2026-04-15T04:13:41.812+0000] {dagbag.py:588} INFO - Filling up the DagBag from /home/airflow/.local/lib/python3.12/site-packages/airflow/example_dags/example_dataset_alias_with_no_taskflow.py
[2026-04-15T04:13:42.150+0000] {processor.py:925} INFO - DAG(s) 'dataset_s3_bucket_producer_with_no_taskflow', 'dataset_alias_example_alias_consumer_with_no_taskflow', 'dataset_alias_example_alias_producer_with_no_taskflow', 'dataset_s3_bucket_consumer_with_no_taskflow' retrieved from /home/airflow/.local/lib/python3.12/site-packages/airflow/example_dags/example_dataset_alias_with_no_taskflow.py
[2026-04-15T04:13:42.160+0000] {logging_mixin.py:190} INFO - [2026-04-15T04:13:42.160+0000] {dag.py:3239} INFO - Sync 4 DAGs
[2026-04-15T04:13:42.168+0000] {logging_mixin.py:190} INFO - [2026-04-15T04:13:42.168+0000] {dag.py:4180} INFO - Setting next_dagrun for dataset_alias_example_alias_consumer_with_no_taskflow to None, run_after=None
[2026-04-15T04:13:42.170+0000] {logging_mixin.py:190} INFO - [2026-04-15T04:13:42.170+0000] {dag.py:4180} INFO - Setting next_dagrun for dataset_alias_example_alias_producer_with_no_taskflow to None, run_after=None
[2026-04-15T04:13:42.172+0000] {logging_mixin.py:190} INFO - [2026-04-15T04:13:42.172+0000] {dag.py:4180} INFO - Setting next_dagrun for dataset_s3_bucket_consumer_with_no_taskflow to None, run_after=None
[2026-04-15T04:13:42.173+0000] {logging_mixin.py:190} INFO - [2026-04-15T04:13:42.173+0000] {dag.py:4180} INFO - Setting next_dagrun for dataset_s3_bucket_producer_with_no_taskflow to None, run_after=None
[2026-04-15T04:13:42.182+0000] {processor.py:208} INFO - Processing /home/airflow/.local/lib/python3.12/site-packages/airflow/example_dags/example_dataset_alias_with_no_taskflow.py took 0.379 seconds
[2026-04-15T04:14:13.161+0000] {processor.py:186} INFO - Started process (PID=50330) to work on /home/airflow/.local/lib/python3.12/site-packages/airflow/example_dags/example_dataset_alias_with_no_taskflow.py
[2026-04-15T04:14:13.164+0000] {processor.py:914} INFO - Processing file /home/airflow/.local/lib/python3.12/site-packages/airflow/example_dags/example_dataset_alias_with_no_taskflow.py for tasks to queue
[2026-04-15T04:14:13.164+0000] {logging_mixin.py:190} INFO - [2026-04-15T04:14:13.164+0000] {dagbag.py:588} INFO - Filling up the DagBag from /home/airflow/.local/lib/python3.12/site-packages/airflow/example_dags/example_dataset_alias_with_no_taskflow.py
[2026-04-15T04:14:13.382+0000] {processor.py:925} INFO - DAG(s) 'dataset_alias_example_alias_producer_with_no_taskflow', 'dataset_alias_example_alias_consumer_with_no_taskflow', 'dataset_s3_bucket_producer_with_no_taskflow', 'dataset_s3_bucket_consumer_with_no_taskflow' retrieved from /home/airflow/.local/lib/python3.12/site-packages/airflow/example_dags/example_dataset_alias_with_no_taskflow.py
[2026-04-15T04:14:13.392+0000] {logging_mixin.py:190} INFO - [2026-04-15T04:14:13.392+0000] {dag.py:3239} INFO - Sync 4 DAGs
[2026-04-15T04:14:13.399+0000] {logging_mixin.py:190} INFO - [2026-04-15T04:14:13.399+0000] {dag.py:4180} INFO - Setting next_dagrun for dataset_alias_example_alias_consumer_with_no_taskflow to None, run_after=None
[2026-04-15T04:14:13.400+0000] {logging_mixin.py:190} INFO - [2026-04-15T04:14:13.400+0000] {dag.py:4180} INFO - Setting next_dagrun for dataset_alias_example_alias_producer_with_no_taskflow to None, run_after=None
[2026-04-15T04:14:13.402+0000] {logging_mixin.py:190} INFO - [2026-04-15T04:14:13.402+0000] {dag.py:4180} INFO - Setting next_dagrun for dataset_s3_bucket_consumer_with_no_taskflow to None, run_after=None
[2026-04-15T04:14:13.403+0000] {logging_mixin.py:190} INFO - [2026-04-15T04:14:13.403+0000] {dag.py:4180} INFO - Setting next_dagrun for dataset_s3_bucket_producer_with_no_taskflow to None, run_after=None
[2026-04-15T04:14:13.412+0000] {processor.py:208} INFO - Processing /home/airflow/.local/lib/python3.12/site-packages/airflow/example_dags/example_dataset_alias_with_no_taskflow.py took 0.254 seconds
[2026-04-15T04:14:44.282+0000] {processor.py:186} INFO - Started process (PID=50394) to work on /home/airflow/.local/lib/python3.12/site-packages/airflow/example_dags/example_dataset_alias_with_no_taskflow.py
[2026-04-15T04:14:44.283+0000] {processor.py:914} INFO - Processing file /home/airflow/.local/lib/python3.12/site-packages/airflow/example_dags/example_dataset_alias_with_no_taskflow.py for tasks to queue
[2026-04-15T04:14:44.284+0000] {logging_mixin.py:190} INFO - [2026-04-15T04:14:44.284+0000] {dagbag.py:588} INFO - Filling up the DagBag from /home/airflow/.local/lib/python3.12/site-packages/airflow/example_dags/example_dataset_alias_with_no_taskflow.py
[2026-04-15T04:14:44.493+0000] {processor.py:925} INFO - DAG(s) 'dataset_alias_example_alias_producer_with_no_taskflow', 'dataset_s3_bucket_producer_with_no_taskflow', 'dataset_s3_bucket_consumer_with_no_taskflow', 'dataset_alias_example_alias_consumer_with_no_taskflow' retrieved from /home/airflow/.local/lib/python3.12/site-packages/airflow/example_dags/example_dataset_alias_with_no_taskflow.py
[2026-04-15T04:14:44.504+0000] {logging_mixin.py:190} INFO - [2026-04-15T04:14:44.503+0000] {dag.py:3239} INFO - Sync 4 DAGs
[2026-04-15T04:14:44.511+0000] {logging_mixin.py:190} INFO - [2026-04-15T04:14:44.511+0000] {dag.py:4180} INFO - Setting next_dagrun for dataset_alias_example_alias_consumer_with_no_taskflow to None, run_after=None
[2026-04-15T04:14:44.512+0000] {logging_mixin.py:190} INFO - [2026-04-15T04:14:44.512+0000] {dag.py:4180} INFO - Setting next_dagrun for dataset_alias_example_alias_producer_with_no_taskflow to None, run_after=None
[2026-04-15T04:14:44.515+0000] {logging_mixin.py:190} INFO - [2026-04-15T04:14:44.514+0000] {dag.py:4180} INFO - Setting next_dagrun for dataset_s3_bucket_consumer_with_no_taskflow to None, run_after=None
[2026-04-15T04:14:44.515+0000] {logging_mixin.py:190} INFO - [2026-04-15T04:14:44.515+0000] {dag.py:4180} INFO - Setting next_dagrun for dataset_s3_bucket_producer_with_no_taskflow to None, run_after=None
[2026-04-15T04:14:44.524+0000] {processor.py:208} INFO - Processing /home/airflow/.local/lib/python3.12/site-packages/airflow/example_dags/example_dataset_alias_with_no_taskflow.py took 0.246 seconds
[2026-04-15T04:15:15.403+0000] {processor.py:186} INFO - Started process (PID=50458) to work on /home/airflow/.local/lib/python3.12/site-packages/airflow/example_dags/example_dataset_alias_with_no_taskflow.py
[2026-04-15T04:15:15.404+0000] {processor.py:914} INFO - Processing file /home/airflow/.local/lib/python3.12/site-packages/airflow/example_dags/example_dataset_alias_with_no_taskflow.py for tasks to queue
[2026-04-15T04:15:15.405+0000] {logging_mixin.py:190} INFO - [2026-04-15T04:15:15.404+0000] {dagbag.py:588} INFO - Filling up the DagBag from /home/airflow/.local/lib/python3.12/site-packages/airflow/example_dags/example_dataset_alias_with_no_taskflow.py
[2026-04-15T04:15:15.611+0000] {processor.py:925} INFO - DAG(s) 'dataset_s3_bucket_producer_with_no_taskflow', 'dataset_alias_example_alias_producer_with_no_taskflow', 'dataset_alias_example_alias_consumer_with_no_taskflow', 'dataset_s3_bucket_consumer_with_no_taskflow' retrieved from /home/airflow/.local/lib/python3.12/site-packages/airflow/example_dags/example_dataset_alias_with_no_taskflow.py
[2026-04-15T04:15:15.621+0000] {logging_mixin.py:190} INFO - [2026-04-15T04:15:15.621+0000] {dag.py:3239} INFO - Sync 4 DAGs
[2026-04-15T04:15:15.628+0000] {logging_mixin.py:190} INFO - [2026-04-15T04:15:15.628+0000] {dag.py:4180} INFO - Setting next_dagrun for dataset_alias_example_alias_consumer_with_no_taskflow to None, run_after=None
[2026-04-15T04:15:15.630+0000] {logging_mixin.py:190} INFO - [2026-04-15T04:15:15.630+0000] {dag.py:4180} INFO - Setting next_dagrun for dataset_alias_example_alias_producer_with_no_taskflow to None, run_after=None
[2026-04-15T04:15:15.631+0000] {logging_mixin.py:190} INFO - [2026-04-15T04:15:15.631+0000] {dag.py:4180} INFO - Setting next_dagrun for dataset_s3_bucket_consumer_with_no_taskflow to None, run_after=None
[2026-04-15T04:15:15.631+0000] {logging_mixin.py:190} INFO - [2026-04-15T04:15:15.631+0000] {dag.py:4180} INFO - Setting next_dagrun for dataset_s3_bucket_producer_with_no_taskflow to None, run_after=None
[2026-04-15T04:15:15.642+0000] {processor.py:208} INFO - Processing /home/airflow/.local/lib/python3.12/site-packages/airflow/example_dags/example_dataset_alias_with_no_taskflow.py took 0.243 seconds
[2026-04-15T04:15:46.494+0000] {processor.py:186} INFO - Started process (PID=50522) to work on /home/airflow/.local/lib/python3.12/site-packages/airflow/example_dags/example_dataset_alias_with_no_taskflow.py
[2026-04-15T04:15:46.495+0000] {processor.py:914} INFO - Processing file /home/airflow/.local/lib/python3.12/site-packages/airflow/example_dags/example_dataset_alias_with_no_taskflow.py for tasks to queue
[2026-04-15T04:15:46.496+0000] {logging_mixin.py:190} INFO - [2026-04-15T04:15:46.496+0000] {dagbag.py:588} INFO - Filling up the DagBag from /home/airflow/.local/lib/python3.12/site-packages/airflow/example_dags/example_dataset_alias_with_no_taskflow.py
[2026-04-15T04:15:46.769+0000] {processor.py:925} INFO - DAG(s) 'dataset_s3_bucket_producer_with_no_taskflow', 'dataset_alias_example_alias_consumer_with_no_taskflow', 'dataset_s3_bucket_consumer_with_no_taskflow', 'dataset_alias_example_alias_producer_with_no_taskflow' retrieved from /home/airflow/.local/lib/python3.12/site-packages/airflow/example_dags/example_dataset_alias_with_no_taskflow.py
[2026-04-15T04:15:46.778+0000] {logging_mixin.py:190} INFO - [2026-04-15T04:15:46.777+0000] {dag.py:3239} INFO - Sync 4 DAGs
[2026-04-15T04:15:46.787+0000] {logging_mixin.py:190} INFO - [2026-04-15T04:15:46.787+0000] {dag.py:4180} INFO - Setting next_dagrun for dataset_alias_example_alias_consumer_with_no_taskflow to None, run_after=None
[2026-04-15T04:15:46.788+0000] {logging_mixin.py:190} INFO - [2026-04-15T04:15:46.788+0000] {dag.py:4180} INFO - Setting next_dagrun for dataset_alias_example_alias_producer_with_no_taskflow to None, run_after=None
[2026-04-15T04:15:46.789+0000] {logging_mixin.py:190} INFO - [2026-04-15T04:15:46.789+0000] {dag.py:4180} INFO - Setting next_dagrun for dataset_s3_bucket_consumer_with_no_taskflow to None, run_after=None
[2026-04-15T04:15:46.791+0000] {logging_mixin.py:190} INFO - [2026-04-15T04:15:46.789+0000] {dag.py:4180} INFO - Setting next_dagrun for dataset_s3_bucket_producer_with_no_taskflow to None, run_after=None
[2026-04-15T04:15:46.800+0000] {processor.py:208} INFO - Processing /home/airflow/.local/lib/python3.12/site-packages/airflow/example_dags/example_dataset_alias_with_no_taskflow.py took 0.312 seconds
[2026-04-15T04:16:17.805+0000] {processor.py:186} INFO - Started process (PID=50586) to work on /home/airflow/.local/lib/python3.12/site-packages/airflow/example_dags/example_dataset_alias_with_no_taskflow.py
[2026-04-15T04:16:17.806+0000] {processor.py:914} INFO - Processing file /home/airflow/.local/lib/python3.12/site-packages/airflow/example_dags/example_dataset_alias_with_no_taskflow.py for tasks to queue
[2026-04-15T04:16:17.807+0000] {logging_mixin.py:190} INFO - [2026-04-15T04:16:17.807+0000] {dagbag.py:588} INFO - Filling up the DagBag from /home/airflow/.local/lib/python3.12/site-packages/airflow/example_dags/example_dataset_alias_with_no_taskflow.py
[2026-04-15T04:16:18.022+0000] {processor.py:925} INFO - DAG(s) 'dataset_alias_example_alias_producer_with_no_taskflow', 'dataset_alias_example_alias_consumer_with_no_taskflow', 'dataset_s3_bucket_consumer_with_no_taskflow', 'dataset_s3_bucket_producer_with_no_taskflow' retrieved from /home/airflow/.local/lib/python3.12/site-packages/airflow/example_dags/example_dataset_alias_with_no_taskflow.py
[2026-04-15T04:16:18.033+0000] {logging_mixin.py:190} INFO - [2026-04-15T04:16:18.033+0000] {dag.py:3239} INFO - Sync 4 DAGs
[2026-04-15T04:16:18.041+0000] {logging_mixin.py:190} INFO - [2026-04-15T04:16:18.041+0000] {dag.py:4180} INFO - Setting next_dagrun for dataset_alias_example_alias_consumer_with_no_taskflow to None, run_after=None
[2026-04-15T04:16:18.044+0000] {logging_mixin.py:190} INFO - [2026-04-15T04:16:18.044+0000] {dag.py:4180} INFO - Setting next_dagrun for dataset_alias_example_alias_producer_with_no_taskflow to None, run_after=None
[2026-04-15T04:16:18.044+0000] {logging_mixin.py:190} INFO - [2026-04-15T04:16:18.044+0000] {dag.py:4180} INFO - Setting next_dagrun for dataset_s3_bucket_consumer_with_no_taskflow to None, run_after=None
[2026-04-15T04:16:18.046+0000] {logging_mixin.py:190} INFO - [2026-04-15T04:16:18.046+0000] {dag.py:4180} INFO - Setting next_dagrun for dataset_s3_bucket_producer_with_no_taskflow to None, run_after=None
[2026-04-15T04:16:18.055+0000] {processor.py:208} INFO - Processing /home/airflow/.local/lib/python3.12/site-packages/airflow/example_dags/example_dataset_alias_with_no_taskflow.py took 0.255 seconds
[2026-04-15T04:31:36.710+0000] {processor.py:186} INFO - Started process (PID=50658) to work on /home/airflow/.local/lib/python3.12/site-packages/airflow/example_dags/example_dataset_alias_with_no_taskflow.py
[2026-04-15T04:31:36.710+0000] {processor.py:914} INFO - Processing file /home/airflow/.local/lib/python3.12/site-packages/airflow/example_dags/example_dataset_alias_with_no_taskflow.py for tasks to queue
[2026-04-15T04:31:36.710+0000] {logging_mixin.py:190} INFO - [2026-04-15T04:31:36.710+0000] {dagbag.py:588} INFO - Filling up the DagBag from /home/airflow/.local/lib/python3.12/site-packages/airflow/example_dags/example_dataset_alias_with_no_taskflow.py
[2026-04-15T04:31:36.910+0000] {processor.py:925} INFO - DAG(s) 'dataset_alias_example_alias_producer_with_no_taskflow', 'dataset_alias_example_alias_consumer_with_no_taskflow', 'dataset_s3_bucket_consumer_with_no_taskflow', 'dataset_s3_bucket_producer_with_no_taskflow' retrieved from /home/airflow/.local/lib/python3.12/site-packages/airflow/example_dags/example_dataset_alias_with_no_taskflow.py
[2026-04-15T04:31:36.919+0000] {logging_mixin.py:190} INFO - [2026-04-15T04:31:36.919+0000] {dag.py:3239} INFO - Sync 4 DAGs
[2026-04-15T04:31:36.928+0000] {logging_mixin.py:190} INFO - [2026-04-15T04:31:36.928+0000] {dag.py:4180} INFO - Setting next_dagrun for dataset_alias_example_alias_consumer_with_no_taskflow to None, run_after=None
[2026-04-15T04:31:36.928+0000] {logging_mixin.py:190} INFO - [2026-04-15T04:31:36.928+0000] {dag.py:4180} INFO - Setting next_dagrun for dataset_alias_example_alias_producer_with_no_taskflow to None, run_after=None
[2026-04-15T04:31:36.929+0000] {logging_mixin.py:190} INFO - [2026-04-15T04:31:36.929+0000] {dag.py:4180} INFO - Setting next_dagrun for dataset_s3_bucket_consumer_with_no_taskflow to None, run_after=None
[2026-04-15T04:31:36.929+0000] {logging_mixin.py:190} INFO - [2026-04-15T04:31:36.929+0000] {dag.py:4180} INFO - Setting next_dagrun for dataset_s3_bucket_producer_with_no_taskflow to None, run_after=None
[2026-04-15T04:31:36.935+0000] {processor.py:208} INFO - Processing /home/airflow/.local/lib/python3.12/site-packages/airflow/example_dags/example_dataset_alias_with_no_taskflow.py took 0.227 seconds
[2026-04-15T04:38:46.016+0000] {processor.py:186} INFO - Started process (PID=50722) to work on /home/airflow/.local/lib/python3.12/site-packages/airflow/example_dags/example_dataset_alias_with_no_taskflow.py
[2026-04-15T04:38:46.017+0000] {processor.py:914} INFO - Processing file /home/airflow/.local/lib/python3.12/site-packages/airflow/example_dags/example_dataset_alias_with_no_taskflow.py for tasks to queue
[2026-04-15T04:38:46.017+0000] {logging_mixin.py:190} INFO - [2026-04-15T04:38:46.017+0000] {dagbag.py:588} INFO - Filling up the DagBag from /home/airflow/.local/lib/python3.12/site-packages/airflow/example_dags/example_dataset_alias_with_no_taskflow.py
[2026-04-15T04:38:46.561+0000] {processor.py:925} INFO - DAG(s) 'dataset_alias_example_alias_producer_with_no_taskflow', 'dataset_s3_bucket_producer_with_no_taskflow', 'dataset_alias_example_alias_consumer_with_no_taskflow', 'dataset_s3_bucket_consumer_with_no_taskflow' retrieved from /home/airflow/.local/lib/python3.12/site-packages/airflow/example_dags/example_dataset_alias_with_no_taskflow.py
[2026-04-15T04:38:46.574+0000] {logging_mixin.py:190} INFO - [2026-04-15T04:38:46.574+0000] {dag.py:3239} INFO - Sync 4 DAGs
[2026-04-15T04:38:46.584+0000] {logging_mixin.py:190} INFO - [2026-04-15T04:38:46.584+0000] {dag.py:4180} INFO - Setting next_dagrun for dataset_alias_example_alias_consumer_with_no_taskflow to None, run_after=None
[2026-04-15T04:38:46.585+0000] {logging_mixin.py:190} INFO - [2026-04-15T04:38:46.585+0000] {dag.py:4180} INFO - Setting next_dagrun for dataset_alias_example_alias_producer_with_no_taskflow to None, run_after=None
[2026-04-15T04:38:46.585+0000] {logging_mixin.py:190} INFO - [2026-04-15T04:38:46.585+0000] {dag.py:4180} INFO - Setting next_dagrun for dataset_s3_bucket_consumer_with_no_taskflow to None, run_after=None
[2026-04-15T04:38:46.586+0000] {logging_mixin.py:190} INFO - [2026-04-15T04:38:46.586+0000] {dag.py:4180} INFO - Setting next_dagrun for dataset_s3_bucket_producer_with_no_taskflow to None, run_after=None
[2026-04-15T04:38:46.596+0000] {processor.py:208} INFO - Processing /home/airflow/.local/lib/python3.12/site-packages/airflow/example_dags/example_dataset_alias_with_no_taskflow.py took 0.583 seconds
