[2026-04-14T00:00:29.764+0000] {processor.py:186} INFO - Started process (PID=93808) to work on /home/airflow/.local/lib/python3.12/site-packages/airflow/example_dags/tutorial_dag.py
[2026-04-14T00:00:29.765+0000] {processor.py:914} INFO - Processing file /home/airflow/.local/lib/python3.12/site-packages/airflow/example_dags/tutorial_dag.py for tasks to queue
[2026-04-14T00:00:29.765+0000] {logging_mixin.py:190} INFO - [2026-04-14T00:00:29.765+0000] {dagbag.py:588} INFO - Filling up the DagBag from /home/airflow/.local/lib/python3.12/site-packages/airflow/example_dags/tutorial_dag.py
[2026-04-14T00:00:29.770+0000] {processor.py:925} INFO - DAG(s) 'tutorial_dag' retrieved from /home/airflow/.local/lib/python3.12/site-packages/airflow/example_dags/tutorial_dag.py
[2026-04-14T00:00:29.781+0000] {logging_mixin.py:190} INFO - [2026-04-14T00:00:29.781+0000] {dag.py:3239} INFO - Sync 1 DAGs
[2026-04-14T00:00:29.786+0000] {logging_mixin.py:190} INFO - [2026-04-14T00:00:29.786+0000] {dag.py:4180} INFO - Setting next_dagrun for tutorial_dag to None, run_after=None
[2026-04-14T00:00:29.792+0000] {processor.py:208} INFO - Processing /home/airflow/.local/lib/python3.12/site-packages/airflow/example_dags/tutorial_dag.py took 0.030 seconds
[2026-04-14T00:13:21.251+0000] {processor.py:186} INFO - Started process (PID=93872) to work on /home/airflow/.local/lib/python3.12/site-packages/airflow/example_dags/tutorial_dag.py
[2026-04-14T00:13:21.251+0000] {processor.py:914} INFO - Processing file /home/airflow/.local/lib/python3.12/site-packages/airflow/example_dags/tutorial_dag.py for tasks to queue
[2026-04-14T00:13:21.253+0000] {logging_mixin.py:190} INFO - [2026-04-14T00:13:21.253+0000] {dagbag.py:588} INFO - Filling up the DagBag from /home/airflow/.local/lib/python3.12/site-packages/airflow/example_dags/tutorial_dag.py
[2026-04-14T00:13:21.257+0000] {processor.py:925} INFO - DAG(s) 'tutorial_dag' retrieved from /home/airflow/.local/lib/python3.12/site-packages/airflow/example_dags/tutorial_dag.py
[2026-04-14T00:13:21.267+0000] {logging_mixin.py:190} INFO - [2026-04-14T00:13:21.267+0000] {dag.py:3239} INFO - Sync 1 DAGs
[2026-04-14T00:13:21.273+0000] {logging_mixin.py:190} INFO - [2026-04-14T00:13:21.273+0000] {dag.py:4180} INFO - Setting next_dagrun for tutorial_dag to None, run_after=None
[2026-04-14T00:13:21.281+0000] {processor.py:208} INFO - Processing /home/airflow/.local/lib/python3.12/site-packages/airflow/example_dags/tutorial_dag.py took 0.032 seconds
[2026-04-14T00:30:01.007+0000] {processor.py:186} INFO - Started process (PID=93936) to work on /home/airflow/.local/lib/python3.12/site-packages/airflow/example_dags/tutorial_dag.py
[2026-04-14T00:30:01.008+0000] {processor.py:914} INFO - Processing file /home/airflow/.local/lib/python3.12/site-packages/airflow/example_dags/tutorial_dag.py for tasks to queue
[2026-04-14T00:30:01.008+0000] {logging_mixin.py:190} INFO - [2026-04-14T00:30:01.008+0000] {dagbag.py:588} INFO - Filling up the DagBag from /home/airflow/.local/lib/python3.12/site-packages/airflow/example_dags/tutorial_dag.py
[2026-04-14T00:30:01.011+0000] {processor.py:925} INFO - DAG(s) 'tutorial_dag' retrieved from /home/airflow/.local/lib/python3.12/site-packages/airflow/example_dags/tutorial_dag.py
[2026-04-14T00:30:01.017+0000] {logging_mixin.py:190} INFO - [2026-04-14T00:30:01.017+0000] {dag.py:3239} INFO - Sync 1 DAGs
[2026-04-14T00:30:01.022+0000] {logging_mixin.py:190} INFO - [2026-04-14T00:30:01.022+0000] {dag.py:4180} INFO - Setting next_dagrun for tutorial_dag to None, run_after=None
[2026-04-14T00:30:01.027+0000] {processor.py:208} INFO - Processing /home/airflow/.local/lib/python3.12/site-packages/airflow/example_dags/tutorial_dag.py took 0.022 seconds
[2026-04-14T01:15:15.671+0000] {processor.py:186} INFO - Started process (PID=94000) to work on /home/airflow/.local/lib/python3.12/site-packages/airflow/example_dags/tutorial_dag.py
[2026-04-14T01:15:15.673+0000] {processor.py:914} INFO - Processing file /home/airflow/.local/lib/python3.12/site-packages/airflow/example_dags/tutorial_dag.py for tasks to queue
[2026-04-14T01:15:15.674+0000] {logging_mixin.py:190} INFO - [2026-04-14T01:15:15.674+0000] {dagbag.py:588} INFO - Filling up the DagBag from /home/airflow/.local/lib/python3.12/site-packages/airflow/example_dags/tutorial_dag.py
[2026-04-14T01:15:15.680+0000] {processor.py:925} INFO - DAG(s) 'tutorial_dag' retrieved from /home/airflow/.local/lib/python3.12/site-packages/airflow/example_dags/tutorial_dag.py
[2026-04-14T01:15:15.690+0000] {logging_mixin.py:190} INFO - [2026-04-14T01:15:15.690+0000] {dag.py:3239} INFO - Sync 1 DAGs
[2026-04-14T01:15:15.697+0000] {logging_mixin.py:190} INFO - [2026-04-14T01:15:15.697+0000] {dag.py:4180} INFO - Setting next_dagrun for tutorial_dag to None, run_after=None
[2026-04-14T01:15:15.704+0000] {processor.py:208} INFO - Processing /home/airflow/.local/lib/python3.12/site-packages/airflow/example_dags/tutorial_dag.py took 0.035 seconds
[2026-04-14T01:15:45.973+0000] {processor.py:186} INFO - Started process (PID=94064) to work on /home/airflow/.local/lib/python3.12/site-packages/airflow/example_dags/tutorial_dag.py
[2026-04-14T01:15:45.974+0000] {processor.py:914} INFO - Processing file /home/airflow/.local/lib/python3.12/site-packages/airflow/example_dags/tutorial_dag.py for tasks to queue
[2026-04-14T01:15:45.974+0000] {logging_mixin.py:190} INFO - [2026-04-14T01:15:45.974+0000] {dagbag.py:588} INFO - Filling up the DagBag from /home/airflow/.local/lib/python3.12/site-packages/airflow/example_dags/tutorial_dag.py
[2026-04-14T01:15:45.977+0000] {processor.py:925} INFO - DAG(s) 'tutorial_dag' retrieved from /home/airflow/.local/lib/python3.12/site-packages/airflow/example_dags/tutorial_dag.py
[2026-04-14T01:15:45.985+0000] {logging_mixin.py:190} INFO - [2026-04-14T01:15:45.984+0000] {dag.py:3239} INFO - Sync 1 DAGs
[2026-04-14T01:15:45.989+0000] {logging_mixin.py:190} INFO - [2026-04-14T01:15:45.989+0000] {dag.py:4180} INFO - Setting next_dagrun for tutorial_dag to None, run_after=None
[2026-04-14T01:15:45.994+0000] {processor.py:208} INFO - Processing /home/airflow/.local/lib/python3.12/site-packages/airflow/example_dags/tutorial_dag.py took 0.023 seconds
[2026-04-14T02:14:15.811+0000] {processor.py:186} INFO - Started process (PID=94128) to work on /home/airflow/.local/lib/python3.12/site-packages/airflow/example_dags/tutorial_dag.py
[2026-04-14T02:14:15.813+0000] {processor.py:914} INFO - Processing file /home/airflow/.local/lib/python3.12/site-packages/airflow/example_dags/tutorial_dag.py for tasks to queue
[2026-04-14T02:14:15.814+0000] {logging_mixin.py:190} INFO - [2026-04-14T02:14:15.814+0000] {dagbag.py:588} INFO - Filling up the DagBag from /home/airflow/.local/lib/python3.12/site-packages/airflow/example_dags/tutorial_dag.py
[2026-04-14T02:14:15.819+0000] {processor.py:925} INFO - DAG(s) 'tutorial_dag' retrieved from /home/airflow/.local/lib/python3.12/site-packages/airflow/example_dags/tutorial_dag.py
[2026-04-14T02:14:15.829+0000] {logging_mixin.py:190} INFO - [2026-04-14T02:14:15.828+0000] {dag.py:3239} INFO - Sync 1 DAGs
[2026-04-14T02:14:15.836+0000] {logging_mixin.py:190} INFO - [2026-04-14T02:14:15.836+0000] {dag.py:4180} INFO - Setting next_dagrun for tutorial_dag to None, run_after=None
[2026-04-14T02:14:15.842+0000] {processor.py:208} INFO - Processing /home/airflow/.local/lib/python3.12/site-packages/airflow/example_dags/tutorial_dag.py took 0.033 seconds
[2026-04-14T02:14:46.224+0000] {processor.py:186} INFO - Started process (PID=94192) to work on /home/airflow/.local/lib/python3.12/site-packages/airflow/example_dags/tutorial_dag.py
[2026-04-14T02:14:46.226+0000] {processor.py:914} INFO - Processing file /home/airflow/.local/lib/python3.12/site-packages/airflow/example_dags/tutorial_dag.py for tasks to queue
[2026-04-14T02:14:46.227+0000] {logging_mixin.py:190} INFO - [2026-04-14T02:14:46.227+0000] {dagbag.py:588} INFO - Filling up the DagBag from /home/airflow/.local/lib/python3.12/site-packages/airflow/example_dags/tutorial_dag.py
[2026-04-14T02:14:46.232+0000] {processor.py:925} INFO - DAG(s) 'tutorial_dag' retrieved from /home/airflow/.local/lib/python3.12/site-packages/airflow/example_dags/tutorial_dag.py
[2026-04-14T02:14:46.242+0000] {logging_mixin.py:190} INFO - [2026-04-14T02:14:46.241+0000] {dag.py:3239} INFO - Sync 1 DAGs
[2026-04-14T02:14:46.248+0000] {logging_mixin.py:190} INFO - [2026-04-14T02:14:46.248+0000] {dag.py:4180} INFO - Setting next_dagrun for tutorial_dag to None, run_after=None
[2026-04-14T02:14:46.254+0000] {processor.py:208} INFO - Processing /home/airflow/.local/lib/python3.12/site-packages/airflow/example_dags/tutorial_dag.py took 0.032 seconds
[2026-04-14T02:31:55.537+0000] {processor.py:186} INFO - Started process (PID=94256) to work on /home/airflow/.local/lib/python3.12/site-packages/airflow/example_dags/tutorial_dag.py
[2026-04-14T02:31:55.538+0000] {processor.py:914} INFO - Processing file /home/airflow/.local/lib/python3.12/site-packages/airflow/example_dags/tutorial_dag.py for tasks to queue
[2026-04-14T02:31:55.538+0000] {logging_mixin.py:190} INFO - [2026-04-14T02:31:55.538+0000] {dagbag.py:588} INFO - Filling up the DagBag from /home/airflow/.local/lib/python3.12/site-packages/airflow/example_dags/tutorial_dag.py
[2026-04-14T02:31:55.541+0000] {processor.py:925} INFO - DAG(s) 'tutorial_dag' retrieved from /home/airflow/.local/lib/python3.12/site-packages/airflow/example_dags/tutorial_dag.py
[2026-04-14T02:31:55.549+0000] {logging_mixin.py:190} INFO - [2026-04-14T02:31:55.548+0000] {dag.py:3239} INFO - Sync 1 DAGs
[2026-04-14T02:31:55.554+0000] {logging_mixin.py:190} INFO - [2026-04-14T02:31:55.554+0000] {dag.py:4180} INFO - Setting next_dagrun for tutorial_dag to None, run_after=None
[2026-04-14T02:31:55.560+0000] {processor.py:208} INFO - Processing /home/airflow/.local/lib/python3.12/site-packages/airflow/example_dags/tutorial_dag.py took 0.025 seconds
[2026-04-14T02:47:27.062+0000] {processor.py:186} INFO - Started process (PID=94320) to work on /home/airflow/.local/lib/python3.12/site-packages/airflow/example_dags/tutorial_dag.py
[2026-04-14T02:47:27.064+0000] {processor.py:914} INFO - Processing file /home/airflow/.local/lib/python3.12/site-packages/airflow/example_dags/tutorial_dag.py for tasks to queue
[2026-04-14T02:47:27.065+0000] {logging_mixin.py:190} INFO - [2026-04-14T02:47:27.065+0000] {dagbag.py:588} INFO - Filling up the DagBag from /home/airflow/.local/lib/python3.12/site-packages/airflow/example_dags/tutorial_dag.py
[2026-04-14T02:47:27.068+0000] {processor.py:925} INFO - DAG(s) 'tutorial_dag' retrieved from /home/airflow/.local/lib/python3.12/site-packages/airflow/example_dags/tutorial_dag.py
[2026-04-14T02:47:27.079+0000] {logging_mixin.py:190} INFO - [2026-04-14T02:47:27.079+0000] {dag.py:3239} INFO - Sync 1 DAGs
[2026-04-14T02:47:27.086+0000] {logging_mixin.py:190} INFO - [2026-04-14T02:47:27.086+0000] {dag.py:4180} INFO - Setting next_dagrun for tutorial_dag to None, run_after=None
[2026-04-14T02:47:27.092+0000] {processor.py:208} INFO - Processing /home/airflow/.local/lib/python3.12/site-packages/airflow/example_dags/tutorial_dag.py took 0.032 seconds
[2026-04-14T02:47:57.482+0000] {processor.py:186} INFO - Started process (PID=94384) to work on /home/airflow/.local/lib/python3.12/site-packages/airflow/example_dags/tutorial_dag.py
[2026-04-14T02:47:57.483+0000] {processor.py:914} INFO - Processing file /home/airflow/.local/lib/python3.12/site-packages/airflow/example_dags/tutorial_dag.py for tasks to queue
[2026-04-14T02:47:57.483+0000] {logging_mixin.py:190} INFO - [2026-04-14T02:47:57.483+0000] {dagbag.py:588} INFO - Filling up the DagBag from /home/airflow/.local/lib/python3.12/site-packages/airflow/example_dags/tutorial_dag.py
[2026-04-14T02:47:57.488+0000] {processor.py:925} INFO - DAG(s) 'tutorial_dag' retrieved from /home/airflow/.local/lib/python3.12/site-packages/airflow/example_dags/tutorial_dag.py
[2026-04-14T02:47:57.495+0000] {logging_mixin.py:190} INFO - [2026-04-14T02:47:57.495+0000] {dag.py:3239} INFO - Sync 1 DAGs
[2026-04-14T02:47:57.501+0000] {logging_mixin.py:190} INFO - [2026-04-14T02:47:57.501+0000] {dag.py:4180} INFO - Setting next_dagrun for tutorial_dag to None, run_after=None
[2026-04-14T02:47:57.510+0000] {processor.py:208} INFO - Processing /home/airflow/.local/lib/python3.12/site-packages/airflow/example_dags/tutorial_dag.py took 0.030 seconds
[2026-04-14T03:03:27.413+0000] {processor.py:186} INFO - Started process (PID=94448) to work on /home/airflow/.local/lib/python3.12/site-packages/airflow/example_dags/tutorial_dag.py
[2026-04-14T03:03:27.413+0000] {processor.py:914} INFO - Processing file /home/airflow/.local/lib/python3.12/site-packages/airflow/example_dags/tutorial_dag.py for tasks to queue
[2026-04-14T03:03:27.414+0000] {logging_mixin.py:190} INFO - [2026-04-14T03:03:27.413+0000] {dagbag.py:588} INFO - Filling up the DagBag from /home/airflow/.local/lib/python3.12/site-packages/airflow/example_dags/tutorial_dag.py
[2026-04-14T03:03:27.417+0000] {processor.py:925} INFO - DAG(s) 'tutorial_dag' retrieved from /home/airflow/.local/lib/python3.12/site-packages/airflow/example_dags/tutorial_dag.py
[2026-04-14T03:03:27.426+0000] {logging_mixin.py:190} INFO - [2026-04-14T03:03:27.426+0000] {dag.py:3239} INFO - Sync 1 DAGs
[2026-04-14T03:03:27.432+0000] {logging_mixin.py:190} INFO - [2026-04-14T03:03:27.432+0000] {dag.py:4180} INFO - Setting next_dagrun for tutorial_dag to None, run_after=None
[2026-04-14T03:03:27.439+0000] {processor.py:208} INFO - Processing /home/airflow/.local/lib/python3.12/site-packages/airflow/example_dags/tutorial_dag.py took 0.029 seconds
[2026-04-14T03:03:57.987+0000] {processor.py:186} INFO - Started process (PID=94512) to work on /home/airflow/.local/lib/python3.12/site-packages/airflow/example_dags/tutorial_dag.py
[2026-04-14T03:03:57.987+0000] {processor.py:914} INFO - Processing file /home/airflow/.local/lib/python3.12/site-packages/airflow/example_dags/tutorial_dag.py for tasks to queue
[2026-04-14T03:03:57.988+0000] {logging_mixin.py:190} INFO - [2026-04-14T03:03:57.988+0000] {dagbag.py:588} INFO - Filling up the DagBag from /home/airflow/.local/lib/python3.12/site-packages/airflow/example_dags/tutorial_dag.py
[2026-04-14T03:03:57.992+0000] {processor.py:925} INFO - DAG(s) 'tutorial_dag' retrieved from /home/airflow/.local/lib/python3.12/site-packages/airflow/example_dags/tutorial_dag.py
[2026-04-14T03:03:58.020+0000] {logging_mixin.py:190} INFO - [2026-04-14T03:03:58.020+0000] {dag.py:3239} INFO - Sync 1 DAGs
[2026-04-14T03:03:58.030+0000] {logging_mixin.py:190} INFO - [2026-04-14T03:03:58.030+0000] {dag.py:4180} INFO - Setting next_dagrun for tutorial_dag to None, run_after=None
[2026-04-14T03:03:58.044+0000] {processor.py:208} INFO - Processing /home/airflow/.local/lib/python3.12/site-packages/airflow/example_dags/tutorial_dag.py took 0.060 seconds
[2026-04-14T03:15:32.144+0000] {processor.py:186} INFO - Started process (PID=94576) to work on /home/airflow/.local/lib/python3.12/site-packages/airflow/example_dags/tutorial_dag.py
[2026-04-14T03:15:32.144+0000] {processor.py:914} INFO - Processing file /home/airflow/.local/lib/python3.12/site-packages/airflow/example_dags/tutorial_dag.py for tasks to queue
[2026-04-14T03:15:32.145+0000] {logging_mixin.py:190} INFO - [2026-04-14T03:15:32.145+0000] {dagbag.py:588} INFO - Filling up the DagBag from /home/airflow/.local/lib/python3.12/site-packages/airflow/example_dags/tutorial_dag.py
[2026-04-14T03:15:32.148+0000] {processor.py:925} INFO - DAG(s) 'tutorial_dag' retrieved from /home/airflow/.local/lib/python3.12/site-packages/airflow/example_dags/tutorial_dag.py
[2026-04-14T03:15:32.158+0000] {logging_mixin.py:190} INFO - [2026-04-14T03:15:32.158+0000] {dag.py:3239} INFO - Sync 1 DAGs
[2026-04-14T03:15:32.164+0000] {logging_mixin.py:190} INFO - [2026-04-14T03:15:32.164+0000] {dag.py:4180} INFO - Setting next_dagrun for tutorial_dag to None, run_after=None
[2026-04-14T03:15:32.172+0000] {processor.py:208} INFO - Processing /home/airflow/.local/lib/python3.12/site-packages/airflow/example_dags/tutorial_dag.py took 0.031 seconds
[2026-04-14T03:31:03.709+0000] {processor.py:186} INFO - Started process (PID=94640) to work on /home/airflow/.local/lib/python3.12/site-packages/airflow/example_dags/tutorial_dag.py
[2026-04-14T03:31:03.710+0000] {processor.py:914} INFO - Processing file /home/airflow/.local/lib/python3.12/site-packages/airflow/example_dags/tutorial_dag.py for tasks to queue
[2026-04-14T03:31:03.711+0000] {logging_mixin.py:190} INFO - [2026-04-14T03:31:03.711+0000] {dagbag.py:588} INFO - Filling up the DagBag from /home/airflow/.local/lib/python3.12/site-packages/airflow/example_dags/tutorial_dag.py
[2026-04-14T03:31:03.714+0000] {processor.py:925} INFO - DAG(s) 'tutorial_dag' retrieved from /home/airflow/.local/lib/python3.12/site-packages/airflow/example_dags/tutorial_dag.py
[2026-04-14T03:31:03.721+0000] {logging_mixin.py:190} INFO - [2026-04-14T03:31:03.721+0000] {dag.py:3239} INFO - Sync 1 DAGs
[2026-04-14T03:31:03.727+0000] {logging_mixin.py:190} INFO - [2026-04-14T03:31:03.727+0000] {dag.py:4180} INFO - Setting next_dagrun for tutorial_dag to None, run_after=None
[2026-04-14T03:31:03.732+0000] {processor.py:208} INFO - Processing /home/airflow/.local/lib/python3.12/site-packages/airflow/example_dags/tutorial_dag.py took 0.025 seconds
[2026-04-14T03:31:33.827+0000] {processor.py:186} INFO - Started process (PID=94704) to work on /home/airflow/.local/lib/python3.12/site-packages/airflow/example_dags/tutorial_dag.py
[2026-04-14T03:31:33.827+0000] {processor.py:914} INFO - Processing file /home/airflow/.local/lib/python3.12/site-packages/airflow/example_dags/tutorial_dag.py for tasks to queue
[2026-04-14T03:31:33.828+0000] {logging_mixin.py:190} INFO - [2026-04-14T03:31:33.827+0000] {dagbag.py:588} INFO - Filling up the DagBag from /home/airflow/.local/lib/python3.12/site-packages/airflow/example_dags/tutorial_dag.py
[2026-04-14T03:31:33.831+0000] {processor.py:925} INFO - DAG(s) 'tutorial_dag' retrieved from /home/airflow/.local/lib/python3.12/site-packages/airflow/example_dags/tutorial_dag.py
[2026-04-14T03:31:33.838+0000] {logging_mixin.py:190} INFO - [2026-04-14T03:31:33.838+0000] {dag.py:3239} INFO - Sync 1 DAGs
[2026-04-14T03:31:33.843+0000] {logging_mixin.py:190} INFO - [2026-04-14T03:31:33.843+0000] {dag.py:4180} INFO - Setting next_dagrun for tutorial_dag to None, run_after=None
[2026-04-14T03:31:33.849+0000] {processor.py:208} INFO - Processing /home/airflow/.local/lib/python3.12/site-packages/airflow/example_dags/tutorial_dag.py took 0.025 seconds
[2026-04-14T03:47:04.295+0000] {processor.py:186} INFO - Started process (PID=94768) to work on /home/airflow/.local/lib/python3.12/site-packages/airflow/example_dags/tutorial_dag.py
[2026-04-14T03:47:04.295+0000] {processor.py:914} INFO - Processing file /home/airflow/.local/lib/python3.12/site-packages/airflow/example_dags/tutorial_dag.py for tasks to queue
[2026-04-14T03:47:04.295+0000] {logging_mixin.py:190} INFO - [2026-04-14T03:47:04.295+0000] {dagbag.py:588} INFO - Filling up the DagBag from /home/airflow/.local/lib/python3.12/site-packages/airflow/example_dags/tutorial_dag.py
[2026-04-14T03:47:04.300+0000] {processor.py:925} INFO - DAG(s) 'tutorial_dag' retrieved from /home/airflow/.local/lib/python3.12/site-packages/airflow/example_dags/tutorial_dag.py
[2026-04-14T03:47:04.311+0000] {logging_mixin.py:190} INFO - [2026-04-14T03:47:04.310+0000] {dag.py:3239} INFO - Sync 1 DAGs
[2026-04-14T03:47:04.319+0000] {logging_mixin.py:190} INFO - [2026-04-14T03:47:04.319+0000] {dag.py:4180} INFO - Setting next_dagrun for tutorial_dag to None, run_after=None
[2026-04-14T03:47:04.327+0000] {processor.py:208} INFO - Processing /home/airflow/.local/lib/python3.12/site-packages/airflow/example_dags/tutorial_dag.py took 0.035 seconds
[2026-04-14T04:02:35.062+0000] {processor.py:186} INFO - Started process (PID=94832) to work on /home/airflow/.local/lib/python3.12/site-packages/airflow/example_dags/tutorial_dag.py
[2026-04-14T04:02:35.062+0000] {processor.py:914} INFO - Processing file /home/airflow/.local/lib/python3.12/site-packages/airflow/example_dags/tutorial_dag.py for tasks to queue
[2026-04-14T04:02:35.063+0000] {logging_mixin.py:190} INFO - [2026-04-14T04:02:35.063+0000] {dagbag.py:588} INFO - Filling up the DagBag from /home/airflow/.local/lib/python3.12/site-packages/airflow/example_dags/tutorial_dag.py
[2026-04-14T04:02:35.066+0000] {processor.py:925} INFO - DAG(s) 'tutorial_dag' retrieved from /home/airflow/.local/lib/python3.12/site-packages/airflow/example_dags/tutorial_dag.py
[2026-04-14T04:02:35.080+0000] {logging_mixin.py:190} INFO - [2026-04-14T04:02:35.080+0000] {dag.py:3239} INFO - Sync 1 DAGs
[2026-04-14T04:02:35.088+0000] {logging_mixin.py:190} INFO - [2026-04-14T04:02:35.088+0000] {dag.py:4180} INFO - Setting next_dagrun for tutorial_dag to None, run_after=None
[2026-04-14T04:02:35.095+0000] {processor.py:208} INFO - Processing /home/airflow/.local/lib/python3.12/site-packages/airflow/example_dags/tutorial_dag.py took 0.036 seconds
[2026-04-14T04:03:05.333+0000] {processor.py:186} INFO - Started process (PID=94896) to work on /home/airflow/.local/lib/python3.12/site-packages/airflow/example_dags/tutorial_dag.py
[2026-04-14T04:03:05.333+0000] {processor.py:914} INFO - Processing file /home/airflow/.local/lib/python3.12/site-packages/airflow/example_dags/tutorial_dag.py for tasks to queue
[2026-04-14T04:03:05.334+0000] {logging_mixin.py:190} INFO - [2026-04-14T04:03:05.333+0000] {dagbag.py:588} INFO - Filling up the DagBag from /home/airflow/.local/lib/python3.12/site-packages/airflow/example_dags/tutorial_dag.py
[2026-04-14T04:03:05.337+0000] {processor.py:925} INFO - DAG(s) 'tutorial_dag' retrieved from /home/airflow/.local/lib/python3.12/site-packages/airflow/example_dags/tutorial_dag.py
[2026-04-14T04:03:05.344+0000] {logging_mixin.py:190} INFO - [2026-04-14T04:03:05.344+0000] {dag.py:3239} INFO - Sync 1 DAGs
[2026-04-14T04:03:05.349+0000] {logging_mixin.py:190} INFO - [2026-04-14T04:03:05.349+0000] {dag.py:4180} INFO - Setting next_dagrun for tutorial_dag to None, run_after=None
[2026-04-14T04:03:05.355+0000] {processor.py:208} INFO - Processing /home/airflow/.local/lib/python3.12/site-packages/airflow/example_dags/tutorial_dag.py took 0.024 seconds
[2026-04-14T04:16:24.301+0000] {processor.py:186} INFO - Started process (PID=94960) to work on /home/airflow/.local/lib/python3.12/site-packages/airflow/example_dags/tutorial_dag.py
[2026-04-14T04:16:24.301+0000] {processor.py:914} INFO - Processing file /home/airflow/.local/lib/python3.12/site-packages/airflow/example_dags/tutorial_dag.py for tasks to queue
[2026-04-14T04:16:24.302+0000] {logging_mixin.py:190} INFO - [2026-04-14T04:16:24.302+0000] {dagbag.py:588} INFO - Filling up the DagBag from /home/airflow/.local/lib/python3.12/site-packages/airflow/example_dags/tutorial_dag.py
[2026-04-14T04:16:24.305+0000] {processor.py:925} INFO - DAG(s) 'tutorial_dag' retrieved from /home/airflow/.local/lib/python3.12/site-packages/airflow/example_dags/tutorial_dag.py
[2026-04-14T04:16:24.313+0000] {logging_mixin.py:190} INFO - [2026-04-14T04:16:24.313+0000] {dag.py:3239} INFO - Sync 1 DAGs
[2026-04-14T04:16:24.319+0000] {logging_mixin.py:190} INFO - [2026-04-14T04:16:24.319+0000] {dag.py:4180} INFO - Setting next_dagrun for tutorial_dag to None, run_after=None
[2026-04-14T04:16:24.325+0000] {processor.py:208} INFO - Processing /home/airflow/.local/lib/python3.12/site-packages/airflow/example_dags/tutorial_dag.py took 0.027 seconds
[2026-04-14T04:26:30.195+0000] {processor.py:186} INFO - Started process (PID=95024) to work on /home/airflow/.local/lib/python3.12/site-packages/airflow/example_dags/tutorial_dag.py
[2026-04-14T04:26:30.196+0000] {processor.py:914} INFO - Processing file /home/airflow/.local/lib/python3.12/site-packages/airflow/example_dags/tutorial_dag.py for tasks to queue
[2026-04-14T04:26:30.196+0000] {logging_mixin.py:190} INFO - [2026-04-14T04:26:30.196+0000] {dagbag.py:588} INFO - Filling up the DagBag from /home/airflow/.local/lib/python3.12/site-packages/airflow/example_dags/tutorial_dag.py
[2026-04-14T04:26:30.200+0000] {processor.py:925} INFO - DAG(s) 'tutorial_dag' retrieved from /home/airflow/.local/lib/python3.12/site-packages/airflow/example_dags/tutorial_dag.py
[2026-04-14T04:26:30.206+0000] {logging_mixin.py:190} INFO - [2026-04-14T04:26:30.206+0000] {dag.py:3239} INFO - Sync 1 DAGs
[2026-04-14T04:26:30.211+0000] {logging_mixin.py:190} INFO - [2026-04-14T04:26:30.211+0000] {dag.py:4180} INFO - Setting next_dagrun for tutorial_dag to None, run_after=None
[2026-04-14T04:26:30.216+0000] {processor.py:208} INFO - Processing /home/airflow/.local/lib/python3.12/site-packages/airflow/example_dags/tutorial_dag.py took 0.023 seconds
[2026-04-14T04:27:00.773+0000] {processor.py:186} INFO - Started process (PID=95088) to work on /home/airflow/.local/lib/python3.12/site-packages/airflow/example_dags/tutorial_dag.py
[2026-04-14T04:27:00.773+0000] {processor.py:914} INFO - Processing file /home/airflow/.local/lib/python3.12/site-packages/airflow/example_dags/tutorial_dag.py for tasks to queue
[2026-04-14T04:27:00.774+0000] {logging_mixin.py:190} INFO - [2026-04-14T04:27:00.774+0000] {dagbag.py:588} INFO - Filling up the DagBag from /home/airflow/.local/lib/python3.12/site-packages/airflow/example_dags/tutorial_dag.py
[2026-04-14T04:27:00.777+0000] {processor.py:925} INFO - DAG(s) 'tutorial_dag' retrieved from /home/airflow/.local/lib/python3.12/site-packages/airflow/example_dags/tutorial_dag.py
[2026-04-14T04:27:00.784+0000] {logging_mixin.py:190} INFO - [2026-04-14T04:27:00.784+0000] {dag.py:3239} INFO - Sync 1 DAGs
[2026-04-14T04:27:00.789+0000] {logging_mixin.py:190} INFO - [2026-04-14T04:27:00.789+0000] {dag.py:4180} INFO - Setting next_dagrun for tutorial_dag to None, run_after=None
[2026-04-14T04:27:00.796+0000] {processor.py:208} INFO - Processing /home/airflow/.local/lib/python3.12/site-packages/airflow/example_dags/tutorial_dag.py took 0.026 seconds
[2026-04-14T04:27:31.204+0000] {processor.py:186} INFO - Started process (PID=95152) to work on /home/airflow/.local/lib/python3.12/site-packages/airflow/example_dags/tutorial_dag.py
[2026-04-14T04:27:31.205+0000] {processor.py:914} INFO - Processing file /home/airflow/.local/lib/python3.12/site-packages/airflow/example_dags/tutorial_dag.py for tasks to queue
[2026-04-14T04:27:31.205+0000] {logging_mixin.py:190} INFO - [2026-04-14T04:27:31.205+0000] {dagbag.py:588} INFO - Filling up the DagBag from /home/airflow/.local/lib/python3.12/site-packages/airflow/example_dags/tutorial_dag.py
[2026-04-14T04:27:31.210+0000] {processor.py:925} INFO - DAG(s) 'tutorial_dag' retrieved from /home/airflow/.local/lib/python3.12/site-packages/airflow/example_dags/tutorial_dag.py
[2026-04-14T04:27:31.225+0000] {logging_mixin.py:190} INFO - [2026-04-14T04:27:31.225+0000] {dag.py:3239} INFO - Sync 1 DAGs
[2026-04-14T04:27:31.232+0000] {logging_mixin.py:190} INFO - [2026-04-14T04:27:31.232+0000] {dag.py:4180} INFO - Setting next_dagrun for tutorial_dag to None, run_after=None
[2026-04-14T04:27:31.239+0000] {processor.py:208} INFO - Processing /home/airflow/.local/lib/python3.12/site-packages/airflow/example_dags/tutorial_dag.py took 0.038 seconds
[2026-04-14T04:28:01.611+0000] {processor.py:186} INFO - Started process (PID=95216) to work on /home/airflow/.local/lib/python3.12/site-packages/airflow/example_dags/tutorial_dag.py
[2026-04-14T04:28:01.611+0000] {processor.py:914} INFO - Processing file /home/airflow/.local/lib/python3.12/site-packages/airflow/example_dags/tutorial_dag.py for tasks to queue
[2026-04-14T04:28:01.612+0000] {logging_mixin.py:190} INFO - [2026-04-14T04:28:01.612+0000] {dagbag.py:588} INFO - Filling up the DagBag from /home/airflow/.local/lib/python3.12/site-packages/airflow/example_dags/tutorial_dag.py
[2026-04-14T04:28:01.615+0000] {processor.py:925} INFO - DAG(s) 'tutorial_dag' retrieved from /home/airflow/.local/lib/python3.12/site-packages/airflow/example_dags/tutorial_dag.py
[2026-04-14T04:28:01.621+0000] {logging_mixin.py:190} INFO - [2026-04-14T04:28:01.621+0000] {dag.py:3239} INFO - Sync 1 DAGs
[2026-04-14T04:28:01.625+0000] {logging_mixin.py:190} INFO - [2026-04-14T04:28:01.625+0000] {dag.py:4180} INFO - Setting next_dagrun for tutorial_dag to None, run_after=None
[2026-04-14T04:28:01.630+0000] {processor.py:208} INFO - Processing /home/airflow/.local/lib/python3.12/site-packages/airflow/example_dags/tutorial_dag.py took 0.021 seconds
[2026-04-14T04:28:32.004+0000] {processor.py:186} INFO - Started process (PID=95280) to work on /home/airflow/.local/lib/python3.12/site-packages/airflow/example_dags/tutorial_dag.py
[2026-04-14T04:28:32.005+0000] {processor.py:914} INFO - Processing file /home/airflow/.local/lib/python3.12/site-packages/airflow/example_dags/tutorial_dag.py for tasks to queue
[2026-04-14T04:28:32.006+0000] {logging_mixin.py:190} INFO - [2026-04-14T04:28:32.006+0000] {dagbag.py:588} INFO - Filling up the DagBag from /home/airflow/.local/lib/python3.12/site-packages/airflow/example_dags/tutorial_dag.py
[2026-04-14T04:28:32.009+0000] {processor.py:925} INFO - DAG(s) 'tutorial_dag' retrieved from /home/airflow/.local/lib/python3.12/site-packages/airflow/example_dags/tutorial_dag.py
[2026-04-14T04:28:32.021+0000] {logging_mixin.py:190} INFO - [2026-04-14T04:28:32.021+0000] {dag.py:3239} INFO - Sync 1 DAGs
[2026-04-14T04:28:32.028+0000] {logging_mixin.py:190} INFO - [2026-04-14T04:28:32.028+0000] {dag.py:4180} INFO - Setting next_dagrun for tutorial_dag to None, run_after=None
[2026-04-14T04:28:32.036+0000] {processor.py:208} INFO - Processing /home/airflow/.local/lib/python3.12/site-packages/airflow/example_dags/tutorial_dag.py took 0.034 seconds
[2026-04-14T04:29:02.390+0000] {processor.py:186} INFO - Started process (PID=95344) to work on /home/airflow/.local/lib/python3.12/site-packages/airflow/example_dags/tutorial_dag.py
[2026-04-14T04:29:02.390+0000] {processor.py:914} INFO - Processing file /home/airflow/.local/lib/python3.12/site-packages/airflow/example_dags/tutorial_dag.py for tasks to queue
[2026-04-14T04:29:02.391+0000] {logging_mixin.py:190} INFO - [2026-04-14T04:29:02.391+0000] {dagbag.py:588} INFO - Filling up the DagBag from /home/airflow/.local/lib/python3.12/site-packages/airflow/example_dags/tutorial_dag.py
[2026-04-14T04:29:02.394+0000] {processor.py:925} INFO - DAG(s) 'tutorial_dag' retrieved from /home/airflow/.local/lib/python3.12/site-packages/airflow/example_dags/tutorial_dag.py
[2026-04-14T04:29:02.403+0000] {logging_mixin.py:190} INFO - [2026-04-14T04:29:02.403+0000] {dag.py:3239} INFO - Sync 1 DAGs
[2026-04-14T04:29:02.409+0000] {logging_mixin.py:190} INFO - [2026-04-14T04:29:02.408+0000] {dag.py:4180} INFO - Setting next_dagrun for tutorial_dag to None, run_after=None
[2026-04-14T04:29:02.415+0000] {processor.py:208} INFO - Processing /home/airflow/.local/lib/python3.12/site-packages/airflow/example_dags/tutorial_dag.py took 0.028 seconds
[2026-04-14T04:29:33.114+0000] {processor.py:186} INFO - Started process (PID=95408) to work on /home/airflow/.local/lib/python3.12/site-packages/airflow/example_dags/tutorial_dag.py
[2026-04-14T04:29:33.114+0000] {processor.py:914} INFO - Processing file /home/airflow/.local/lib/python3.12/site-packages/airflow/example_dags/tutorial_dag.py for tasks to queue
[2026-04-14T04:29:33.114+0000] {logging_mixin.py:190} INFO - [2026-04-14T04:29:33.114+0000] {dagbag.py:588} INFO - Filling up the DagBag from /home/airflow/.local/lib/python3.12/site-packages/airflow/example_dags/tutorial_dag.py
[2026-04-14T04:29:33.119+0000] {processor.py:925} INFO - DAG(s) 'tutorial_dag' retrieved from /home/airflow/.local/lib/python3.12/site-packages/airflow/example_dags/tutorial_dag.py
[2026-04-14T04:29:33.130+0000] {logging_mixin.py:190} INFO - [2026-04-14T04:29:33.130+0000] {dag.py:3239} INFO - Sync 1 DAGs
[2026-04-14T04:29:33.137+0000] {logging_mixin.py:190} INFO - [2026-04-14T04:29:33.136+0000] {dag.py:4180} INFO - Setting next_dagrun for tutorial_dag to None, run_after=None
[2026-04-14T04:29:33.149+0000] {processor.py:208} INFO - Processing /home/airflow/.local/lib/python3.12/site-packages/airflow/example_dags/tutorial_dag.py took 0.038 seconds
[2026-04-14T04:30:03.776+0000] {processor.py:186} INFO - Started process (PID=95472) to work on /home/airflow/.local/lib/python3.12/site-packages/airflow/example_dags/tutorial_dag.py
[2026-04-14T04:30:03.776+0000] {processor.py:914} INFO - Processing file /home/airflow/.local/lib/python3.12/site-packages/airflow/example_dags/tutorial_dag.py for tasks to queue
[2026-04-14T04:30:03.777+0000] {logging_mixin.py:190} INFO - [2026-04-14T04:30:03.776+0000] {dagbag.py:588} INFO - Filling up the DagBag from /home/airflow/.local/lib/python3.12/site-packages/airflow/example_dags/tutorial_dag.py
[2026-04-14T04:30:03.780+0000] {processor.py:925} INFO - DAG(s) 'tutorial_dag' retrieved from /home/airflow/.local/lib/python3.12/site-packages/airflow/example_dags/tutorial_dag.py
[2026-04-14T04:30:03.790+0000] {logging_mixin.py:190} INFO - [2026-04-14T04:30:03.790+0000] {dag.py:3239} INFO - Sync 1 DAGs
[2026-04-14T04:30:03.794+0000] {logging_mixin.py:190} INFO - [2026-04-14T04:30:03.794+0000] {dag.py:4180} INFO - Setting next_dagrun for tutorial_dag to None, run_after=None
[2026-04-14T04:30:03.803+0000] {processor.py:208} INFO - Processing /home/airflow/.local/lib/python3.12/site-packages/airflow/example_dags/tutorial_dag.py took 0.031 seconds
[2026-04-14T04:30:34.212+0000] {processor.py:186} INFO - Started process (PID=95536) to work on /home/airflow/.local/lib/python3.12/site-packages/airflow/example_dags/tutorial_dag.py
[2026-04-14T04:30:34.213+0000] {processor.py:914} INFO - Processing file /home/airflow/.local/lib/python3.12/site-packages/airflow/example_dags/tutorial_dag.py for tasks to queue
[2026-04-14T04:30:34.213+0000] {logging_mixin.py:190} INFO - [2026-04-14T04:30:34.213+0000] {dagbag.py:588} INFO - Filling up the DagBag from /home/airflow/.local/lib/python3.12/site-packages/airflow/example_dags/tutorial_dag.py
[2026-04-14T04:30:34.216+0000] {processor.py:925} INFO - DAG(s) 'tutorial_dag' retrieved from /home/airflow/.local/lib/python3.12/site-packages/airflow/example_dags/tutorial_dag.py
[2026-04-14T04:30:34.223+0000] {logging_mixin.py:190} INFO - [2026-04-14T04:30:34.223+0000] {dag.py:3239} INFO - Sync 1 DAGs
[2026-04-14T04:30:34.229+0000] {logging_mixin.py:190} INFO - [2026-04-14T04:30:34.229+0000] {dag.py:4180} INFO - Setting next_dagrun for tutorial_dag to None, run_after=None
[2026-04-14T04:30:34.234+0000] {processor.py:208} INFO - Processing /home/airflow/.local/lib/python3.12/site-packages/airflow/example_dags/tutorial_dag.py took 0.024 seconds
[2026-04-14T04:31:05.052+0000] {processor.py:186} INFO - Started process (PID=95600) to work on /home/airflow/.local/lib/python3.12/site-packages/airflow/example_dags/tutorial_dag.py
[2026-04-14T04:31:05.052+0000] {processor.py:914} INFO - Processing file /home/airflow/.local/lib/python3.12/site-packages/airflow/example_dags/tutorial_dag.py for tasks to queue
[2026-04-14T04:31:05.053+0000] {logging_mixin.py:190} INFO - [2026-04-14T04:31:05.052+0000] {dagbag.py:588} INFO - Filling up the DagBag from /home/airflow/.local/lib/python3.12/site-packages/airflow/example_dags/tutorial_dag.py
[2026-04-14T04:31:05.056+0000] {processor.py:925} INFO - DAG(s) 'tutorial_dag' retrieved from /home/airflow/.local/lib/python3.12/site-packages/airflow/example_dags/tutorial_dag.py
[2026-04-14T04:31:05.066+0000] {logging_mixin.py:190} INFO - [2026-04-14T04:31:05.066+0000] {dag.py:3239} INFO - Sync 1 DAGs
[2026-04-14T04:31:05.071+0000] {logging_mixin.py:190} INFO - [2026-04-14T04:31:05.071+0000] {dag.py:4180} INFO - Setting next_dagrun for tutorial_dag to None, run_after=None
[2026-04-14T04:31:05.083+0000] {processor.py:208} INFO - Processing /home/airflow/.local/lib/python3.12/site-packages/airflow/example_dags/tutorial_dag.py took 0.034 seconds
[2026-04-14T04:31:35.908+0000] {processor.py:186} INFO - Started process (PID=95664) to work on /home/airflow/.local/lib/python3.12/site-packages/airflow/example_dags/tutorial_dag.py
[2026-04-14T04:31:35.909+0000] {processor.py:914} INFO - Processing file /home/airflow/.local/lib/python3.12/site-packages/airflow/example_dags/tutorial_dag.py for tasks to queue
[2026-04-14T04:31:35.910+0000] {logging_mixin.py:190} INFO - [2026-04-14T04:31:35.910+0000] {dagbag.py:588} INFO - Filling up the DagBag from /home/airflow/.local/lib/python3.12/site-packages/airflow/example_dags/tutorial_dag.py
[2026-04-14T04:31:35.913+0000] {processor.py:925} INFO - DAG(s) 'tutorial_dag' retrieved from /home/airflow/.local/lib/python3.12/site-packages/airflow/example_dags/tutorial_dag.py
[2026-04-14T04:31:35.923+0000] {logging_mixin.py:190} INFO - [2026-04-14T04:31:35.923+0000] {dag.py:3239} INFO - Sync 1 DAGs
[2026-04-14T04:31:35.928+0000] {logging_mixin.py:190} INFO - [2026-04-14T04:31:35.928+0000] {dag.py:4180} INFO - Setting next_dagrun for tutorial_dag to None, run_after=None
[2026-04-14T04:31:35.937+0000] {processor.py:208} INFO - Processing /home/airflow/.local/lib/python3.12/site-packages/airflow/example_dags/tutorial_dag.py took 0.031 seconds
[2026-04-14T04:32:06.709+0000] {processor.py:186} INFO - Started process (PID=95728) to work on /home/airflow/.local/lib/python3.12/site-packages/airflow/example_dags/tutorial_dag.py
[2026-04-14T04:32:06.709+0000] {processor.py:914} INFO - Processing file /home/airflow/.local/lib/python3.12/site-packages/airflow/example_dags/tutorial_dag.py for tasks to queue
[2026-04-14T04:32:06.709+0000] {logging_mixin.py:190} INFO - [2026-04-14T04:32:06.709+0000] {dagbag.py:588} INFO - Filling up the DagBag from /home/airflow/.local/lib/python3.12/site-packages/airflow/example_dags/tutorial_dag.py
[2026-04-14T04:32:06.714+0000] {processor.py:925} INFO - DAG(s) 'tutorial_dag' retrieved from /home/airflow/.local/lib/python3.12/site-packages/airflow/example_dags/tutorial_dag.py
[2026-04-14T04:32:06.744+0000] {logging_mixin.py:190} INFO - [2026-04-14T04:32:06.742+0000] {dag.py:3239} INFO - Sync 1 DAGs
[2026-04-14T04:32:06.764+0000] {logging_mixin.py:190} INFO - [2026-04-14T04:32:06.764+0000] {dag.py:4180} INFO - Setting next_dagrun for tutorial_dag to None, run_after=None
[2026-04-14T04:32:06.849+0000] {processor.py:208} INFO - Processing /home/airflow/.local/lib/python3.12/site-packages/airflow/example_dags/tutorial_dag.py took 0.143 seconds
[2026-04-14T04:32:37.126+0000] {processor.py:186} INFO - Started process (PID=95792) to work on /home/airflow/.local/lib/python3.12/site-packages/airflow/example_dags/tutorial_dag.py
[2026-04-14T04:32:37.127+0000] {processor.py:914} INFO - Processing file /home/airflow/.local/lib/python3.12/site-packages/airflow/example_dags/tutorial_dag.py for tasks to queue
[2026-04-14T04:32:37.130+0000] {logging_mixin.py:190} INFO - [2026-04-14T04:32:37.127+0000] {dagbag.py:588} INFO - Filling up the DagBag from /home/airflow/.local/lib/python3.12/site-packages/airflow/example_dags/tutorial_dag.py
[2026-04-14T04:32:37.133+0000] {processor.py:925} INFO - DAG(s) 'tutorial_dag' retrieved from /home/airflow/.local/lib/python3.12/site-packages/airflow/example_dags/tutorial_dag.py
[2026-04-14T04:32:37.143+0000] {logging_mixin.py:190} INFO - [2026-04-14T04:32:37.143+0000] {dag.py:3239} INFO - Sync 1 DAGs
[2026-04-14T04:32:37.151+0000] {logging_mixin.py:190} INFO - [2026-04-14T04:32:37.151+0000] {dag.py:4180} INFO - Setting next_dagrun for tutorial_dag to None, run_after=None
[2026-04-14T04:32:37.162+0000] {processor.py:208} INFO - Processing /home/airflow/.local/lib/python3.12/site-packages/airflow/example_dags/tutorial_dag.py took 0.039 seconds
[2026-04-14T04:33:08.132+0000] {processor.py:186} INFO - Started process (PID=95856) to work on /home/airflow/.local/lib/python3.12/site-packages/airflow/example_dags/tutorial_dag.py
[2026-04-14T04:33:08.136+0000] {processor.py:914} INFO - Processing file /home/airflow/.local/lib/python3.12/site-packages/airflow/example_dags/tutorial_dag.py for tasks to queue
[2026-04-14T04:33:08.136+0000] {logging_mixin.py:190} INFO - [2026-04-14T04:33:08.136+0000] {dagbag.py:588} INFO - Filling up the DagBag from /home/airflow/.local/lib/python3.12/site-packages/airflow/example_dags/tutorial_dag.py
[2026-04-14T04:33:08.140+0000] {processor.py:925} INFO - DAG(s) 'tutorial_dag' retrieved from /home/airflow/.local/lib/python3.12/site-packages/airflow/example_dags/tutorial_dag.py
[2026-04-14T04:33:08.150+0000] {logging_mixin.py:190} INFO - [2026-04-14T04:33:08.150+0000] {dag.py:3239} INFO - Sync 1 DAGs
[2026-04-14T04:33:08.159+0000] {logging_mixin.py:190} INFO - [2026-04-14T04:33:08.159+0000] {dag.py:4180} INFO - Setting next_dagrun for tutorial_dag to None, run_after=None
[2026-04-14T04:33:08.167+0000] {processor.py:208} INFO - Processing /home/airflow/.local/lib/python3.12/site-packages/airflow/example_dags/tutorial_dag.py took 0.038 seconds
[2026-04-14T04:33:38.661+0000] {processor.py:186} INFO - Started process (PID=95920) to work on /home/airflow/.local/lib/python3.12/site-packages/airflow/example_dags/tutorial_dag.py
[2026-04-14T04:33:38.662+0000] {processor.py:914} INFO - Processing file /home/airflow/.local/lib/python3.12/site-packages/airflow/example_dags/tutorial_dag.py for tasks to queue
[2026-04-14T04:33:38.663+0000] {logging_mixin.py:190} INFO - [2026-04-14T04:33:38.663+0000] {dagbag.py:588} INFO - Filling up the DagBag from /home/airflow/.local/lib/python3.12/site-packages/airflow/example_dags/tutorial_dag.py
[2026-04-14T04:33:38.666+0000] {processor.py:925} INFO - DAG(s) 'tutorial_dag' retrieved from /home/airflow/.local/lib/python3.12/site-packages/airflow/example_dags/tutorial_dag.py
[2026-04-14T04:33:38.676+0000] {logging_mixin.py:190} INFO - [2026-04-14T04:33:38.675+0000] {dag.py:3239} INFO - Sync 1 DAGs
[2026-04-14T04:33:38.681+0000] {logging_mixin.py:190} INFO - [2026-04-14T04:33:38.681+0000] {dag.py:4180} INFO - Setting next_dagrun for tutorial_dag to None, run_after=None
[2026-04-14T04:33:38.688+0000] {processor.py:208} INFO - Processing /home/airflow/.local/lib/python3.12/site-packages/airflow/example_dags/tutorial_dag.py took 0.030 seconds
[2026-04-14T04:34:08.976+0000] {processor.py:186} INFO - Started process (PID=95984) to work on /home/airflow/.local/lib/python3.12/site-packages/airflow/example_dags/tutorial_dag.py
[2026-04-14T04:34:08.977+0000] {processor.py:914} INFO - Processing file /home/airflow/.local/lib/python3.12/site-packages/airflow/example_dags/tutorial_dag.py for tasks to queue
[2026-04-14T04:34:08.977+0000] {logging_mixin.py:190} INFO - [2026-04-14T04:34:08.977+0000] {dagbag.py:588} INFO - Filling up the DagBag from /home/airflow/.local/lib/python3.12/site-packages/airflow/example_dags/tutorial_dag.py
[2026-04-14T04:34:08.980+0000] {processor.py:925} INFO - DAG(s) 'tutorial_dag' retrieved from /home/airflow/.local/lib/python3.12/site-packages/airflow/example_dags/tutorial_dag.py
[2026-04-14T04:34:08.986+0000] {logging_mixin.py:190} INFO - [2026-04-14T04:34:08.986+0000] {dag.py:3239} INFO - Sync 1 DAGs
[2026-04-14T04:34:08.991+0000] {logging_mixin.py:190} INFO - [2026-04-14T04:34:08.991+0000] {dag.py:4180} INFO - Setting next_dagrun for tutorial_dag to None, run_after=None
[2026-04-14T04:34:08.996+0000] {processor.py:208} INFO - Processing /home/airflow/.local/lib/python3.12/site-packages/airflow/example_dags/tutorial_dag.py took 0.022 seconds
[2026-04-14T04:34:39.476+0000] {processor.py:186} INFO - Started process (PID=96048) to work on /home/airflow/.local/lib/python3.12/site-packages/airflow/example_dags/tutorial_dag.py
[2026-04-14T04:34:39.477+0000] {processor.py:914} INFO - Processing file /home/airflow/.local/lib/python3.12/site-packages/airflow/example_dags/tutorial_dag.py for tasks to queue
[2026-04-14T04:34:39.477+0000] {logging_mixin.py:190} INFO - [2026-04-14T04:34:39.477+0000] {dagbag.py:588} INFO - Filling up the DagBag from /home/airflow/.local/lib/python3.12/site-packages/airflow/example_dags/tutorial_dag.py
[2026-04-14T04:34:39.482+0000] {processor.py:925} INFO - DAG(s) 'tutorial_dag' retrieved from /home/airflow/.local/lib/python3.12/site-packages/airflow/example_dags/tutorial_dag.py
[2026-04-14T04:34:39.490+0000] {logging_mixin.py:190} INFO - [2026-04-14T04:34:39.490+0000] {dag.py:3239} INFO - Sync 1 DAGs
[2026-04-14T04:34:39.496+0000] {logging_mixin.py:190} INFO - [2026-04-14T04:34:39.496+0000] {dag.py:4180} INFO - Setting next_dagrun for tutorial_dag to None, run_after=None
[2026-04-14T04:34:39.504+0000] {processor.py:208} INFO - Processing /home/airflow/.local/lib/python3.12/site-packages/airflow/example_dags/tutorial_dag.py took 0.030 seconds
[2026-04-14T04:35:09.753+0000] {processor.py:186} INFO - Started process (PID=96112) to work on /home/airflow/.local/lib/python3.12/site-packages/airflow/example_dags/tutorial_dag.py
[2026-04-14T04:35:09.753+0000] {processor.py:914} INFO - Processing file /home/airflow/.local/lib/python3.12/site-packages/airflow/example_dags/tutorial_dag.py for tasks to queue
[2026-04-14T04:35:09.754+0000] {logging_mixin.py:190} INFO - [2026-04-14T04:35:09.754+0000] {dagbag.py:588} INFO - Filling up the DagBag from /home/airflow/.local/lib/python3.12/site-packages/airflow/example_dags/tutorial_dag.py
[2026-04-14T04:35:09.757+0000] {processor.py:925} INFO - DAG(s) 'tutorial_dag' retrieved from /home/airflow/.local/lib/python3.12/site-packages/airflow/example_dags/tutorial_dag.py
[2026-04-14T04:35:09.764+0000] {logging_mixin.py:190} INFO - [2026-04-14T04:35:09.764+0000] {dag.py:3239} INFO - Sync 1 DAGs
[2026-04-14T04:35:09.769+0000] {logging_mixin.py:190} INFO - [2026-04-14T04:35:09.769+0000] {dag.py:4180} INFO - Setting next_dagrun for tutorial_dag to None, run_after=None
[2026-04-14T04:35:09.781+0000] {processor.py:208} INFO - Processing /home/airflow/.local/lib/python3.12/site-packages/airflow/example_dags/tutorial_dag.py took 0.031 seconds
[2026-04-14T04:35:40.701+0000] {processor.py:186} INFO - Started process (PID=96176) to work on /home/airflow/.local/lib/python3.12/site-packages/airflow/example_dags/tutorial_dag.py
[2026-04-14T04:35:40.702+0000] {processor.py:914} INFO - Processing file /home/airflow/.local/lib/python3.12/site-packages/airflow/example_dags/tutorial_dag.py for tasks to queue
[2026-04-14T04:35:40.703+0000] {logging_mixin.py:190} INFO - [2026-04-14T04:35:40.702+0000] {dagbag.py:588} INFO - Filling up the DagBag from /home/airflow/.local/lib/python3.12/site-packages/airflow/example_dags/tutorial_dag.py
[2026-04-14T04:35:40.708+0000] {processor.py:925} INFO - DAG(s) 'tutorial_dag' retrieved from /home/airflow/.local/lib/python3.12/site-packages/airflow/example_dags/tutorial_dag.py
[2026-04-14T04:35:40.717+0000] {logging_mixin.py:190} INFO - [2026-04-14T04:35:40.717+0000] {dag.py:3239} INFO - Sync 1 DAGs
[2026-04-14T04:35:40.725+0000] {logging_mixin.py:190} INFO - [2026-04-14T04:35:40.725+0000] {dag.py:4180} INFO - Setting next_dagrun for tutorial_dag to None, run_after=None
[2026-04-14T04:35:40.734+0000] {processor.py:208} INFO - Processing /home/airflow/.local/lib/python3.12/site-packages/airflow/example_dags/tutorial_dag.py took 0.035 seconds
[2026-04-14T04:36:12.107+0000] {processor.py:186} INFO - Started process (PID=96239) to work on /home/airflow/.local/lib/python3.12/site-packages/airflow/example_dags/tutorial_dag.py
[2026-04-14T04:36:12.108+0000] {processor.py:914} INFO - Processing file /home/airflow/.local/lib/python3.12/site-packages/airflow/example_dags/tutorial_dag.py for tasks to queue
[2026-04-14T04:36:12.108+0000] {logging_mixin.py:190} INFO - [2026-04-14T04:36:12.108+0000] {dagbag.py:588} INFO - Filling up the DagBag from /home/airflow/.local/lib/python3.12/site-packages/airflow/example_dags/tutorial_dag.py
[2026-04-14T04:36:12.113+0000] {processor.py:925} INFO - DAG(s) 'tutorial_dag' retrieved from /home/airflow/.local/lib/python3.12/site-packages/airflow/example_dags/tutorial_dag.py
[2026-04-14T04:36:12.122+0000] {logging_mixin.py:190} INFO - [2026-04-14T04:36:12.122+0000] {dag.py:3239} INFO - Sync 1 DAGs
[2026-04-14T04:36:12.234+0000] {logging_mixin.py:190} INFO - [2026-04-14T04:36:12.234+0000] {dag.py:4180} INFO - Setting next_dagrun for tutorial_dag to None, run_after=None
[2026-04-14T04:36:12.246+0000] {processor.py:208} INFO - Processing /home/airflow/.local/lib/python3.12/site-packages/airflow/example_dags/tutorial_dag.py took 0.143 seconds
[2026-04-14T04:36:42.574+0000] {processor.py:186} INFO - Started process (PID=96303) to work on /home/airflow/.local/lib/python3.12/site-packages/airflow/example_dags/tutorial_dag.py
[2026-04-14T04:36:42.574+0000] {processor.py:914} INFO - Processing file /home/airflow/.local/lib/python3.12/site-packages/airflow/example_dags/tutorial_dag.py for tasks to queue
[2026-04-14T04:36:42.575+0000] {logging_mixin.py:190} INFO - [2026-04-14T04:36:42.575+0000] {dagbag.py:588} INFO - Filling up the DagBag from /home/airflow/.local/lib/python3.12/site-packages/airflow/example_dags/tutorial_dag.py
[2026-04-14T04:36:42.579+0000] {processor.py:925} INFO - DAG(s) 'tutorial_dag' retrieved from /home/airflow/.local/lib/python3.12/site-packages/airflow/example_dags/tutorial_dag.py
[2026-04-14T04:36:42.586+0000] {logging_mixin.py:190} INFO - [2026-04-14T04:36:42.586+0000] {dag.py:3239} INFO - Sync 1 DAGs
[2026-04-14T04:36:42.593+0000] {logging_mixin.py:190} INFO - [2026-04-14T04:36:42.592+0000] {dag.py:4180} INFO - Setting next_dagrun for tutorial_dag to None, run_after=None
[2026-04-14T04:36:42.704+0000] {processor.py:208} INFO - Processing /home/airflow/.local/lib/python3.12/site-packages/airflow/example_dags/tutorial_dag.py took 0.133 seconds
[2026-04-14T04:37:12.919+0000] {processor.py:186} INFO - Started process (PID=96367) to work on /home/airflow/.local/lib/python3.12/site-packages/airflow/example_dags/tutorial_dag.py
[2026-04-14T04:37:12.919+0000] {processor.py:914} INFO - Processing file /home/airflow/.local/lib/python3.12/site-packages/airflow/example_dags/tutorial_dag.py for tasks to queue
[2026-04-14T04:37:12.920+0000] {logging_mixin.py:190} INFO - [2026-04-14T04:37:12.920+0000] {dagbag.py:588} INFO - Filling up the DagBag from /home/airflow/.local/lib/python3.12/site-packages/airflow/example_dags/tutorial_dag.py
[2026-04-14T04:37:12.924+0000] {processor.py:925} INFO - DAG(s) 'tutorial_dag' retrieved from /home/airflow/.local/lib/python3.12/site-packages/airflow/example_dags/tutorial_dag.py
[2026-04-14T04:37:12.934+0000] {logging_mixin.py:190} INFO - [2026-04-14T04:37:12.934+0000] {dag.py:3239} INFO - Sync 1 DAGs
[2026-04-14T04:37:12.940+0000] {logging_mixin.py:190} INFO - [2026-04-14T04:37:12.940+0000] {dag.py:4180} INFO - Setting next_dagrun for tutorial_dag to None, run_after=None
[2026-04-14T04:37:12.952+0000] {processor.py:208} INFO - Processing /home/airflow/.local/lib/python3.12/site-packages/airflow/example_dags/tutorial_dag.py took 0.035 seconds
[2026-04-14T04:37:43.451+0000] {processor.py:186} INFO - Started process (PID=96431) to work on /home/airflow/.local/lib/python3.12/site-packages/airflow/example_dags/tutorial_dag.py
[2026-04-14T04:37:43.452+0000] {processor.py:914} INFO - Processing file /home/airflow/.local/lib/python3.12/site-packages/airflow/example_dags/tutorial_dag.py for tasks to queue
[2026-04-14T04:37:43.454+0000] {logging_mixin.py:190} INFO - [2026-04-14T04:37:43.454+0000] {dagbag.py:588} INFO - Filling up the DagBag from /home/airflow/.local/lib/python3.12/site-packages/airflow/example_dags/tutorial_dag.py
[2026-04-14T04:37:43.458+0000] {processor.py:925} INFO - DAG(s) 'tutorial_dag' retrieved from /home/airflow/.local/lib/python3.12/site-packages/airflow/example_dags/tutorial_dag.py
[2026-04-14T04:37:43.467+0000] {logging_mixin.py:190} INFO - [2026-04-14T04:37:43.466+0000] {dag.py:3239} INFO - Sync 1 DAGs
[2026-04-14T04:37:43.472+0000] {logging_mixin.py:190} INFO - [2026-04-14T04:37:43.472+0000] {dag.py:4180} INFO - Setting next_dagrun for tutorial_dag to None, run_after=None
[2026-04-14T04:37:43.479+0000] {processor.py:208} INFO - Processing /home/airflow/.local/lib/python3.12/site-packages/airflow/example_dags/tutorial_dag.py took 0.031 seconds
[2026-04-14T04:38:14.419+0000] {processor.py:186} INFO - Started process (PID=96495) to work on /home/airflow/.local/lib/python3.12/site-packages/airflow/example_dags/tutorial_dag.py
[2026-04-14T04:38:14.420+0000] {processor.py:914} INFO - Processing file /home/airflow/.local/lib/python3.12/site-packages/airflow/example_dags/tutorial_dag.py for tasks to queue
[2026-04-14T04:38:14.421+0000] {logging_mixin.py:190} INFO - [2026-04-14T04:38:14.420+0000] {dagbag.py:588} INFO - Filling up the DagBag from /home/airflow/.local/lib/python3.12/site-packages/airflow/example_dags/tutorial_dag.py
[2026-04-14T04:38:14.425+0000] {processor.py:925} INFO - DAG(s) 'tutorial_dag' retrieved from /home/airflow/.local/lib/python3.12/site-packages/airflow/example_dags/tutorial_dag.py
[2026-04-14T04:38:14.441+0000] {logging_mixin.py:190} INFO - [2026-04-14T04:38:14.441+0000] {dag.py:3239} INFO - Sync 1 DAGs
[2026-04-14T04:38:14.448+0000] {logging_mixin.py:190} INFO - [2026-04-14T04:38:14.448+0000] {dag.py:4180} INFO - Setting next_dagrun for tutorial_dag to None, run_after=None
[2026-04-14T04:38:14.459+0000] {processor.py:208} INFO - Processing /home/airflow/.local/lib/python3.12/site-packages/airflow/example_dags/tutorial_dag.py took 0.043 seconds
[2026-04-14T04:38:44.907+0000] {processor.py:186} INFO - Started process (PID=96559) to work on /home/airflow/.local/lib/python3.12/site-packages/airflow/example_dags/tutorial_dag.py
[2026-04-14T04:38:44.908+0000] {processor.py:914} INFO - Processing file /home/airflow/.local/lib/python3.12/site-packages/airflow/example_dags/tutorial_dag.py for tasks to queue
[2026-04-14T04:38:44.909+0000] {logging_mixin.py:190} INFO - [2026-04-14T04:38:44.909+0000] {dagbag.py:588} INFO - Filling up the DagBag from /home/airflow/.local/lib/python3.12/site-packages/airflow/example_dags/tutorial_dag.py
[2026-04-14T04:38:44.913+0000] {processor.py:925} INFO - DAG(s) 'tutorial_dag' retrieved from /home/airflow/.local/lib/python3.12/site-packages/airflow/example_dags/tutorial_dag.py
[2026-04-14T04:38:44.921+0000] {logging_mixin.py:190} INFO - [2026-04-14T04:38:44.921+0000] {dag.py:3239} INFO - Sync 1 DAGs
[2026-04-14T04:38:44.930+0000] {logging_mixin.py:190} INFO - [2026-04-14T04:38:44.930+0000] {dag.py:4180} INFO - Setting next_dagrun for tutorial_dag to None, run_after=None
[2026-04-14T04:38:44.946+0000] {processor.py:208} INFO - Processing /home/airflow/.local/lib/python3.12/site-packages/airflow/example_dags/tutorial_dag.py took 0.042 seconds
[2026-04-14T04:39:15.602+0000] {processor.py:186} INFO - Started process (PID=96624) to work on /home/airflow/.local/lib/python3.12/site-packages/airflow/example_dags/tutorial_dag.py
[2026-04-14T04:39:15.605+0000] {processor.py:914} INFO - Processing file /home/airflow/.local/lib/python3.12/site-packages/airflow/example_dags/tutorial_dag.py for tasks to queue
[2026-04-14T04:39:15.606+0000] {logging_mixin.py:190} INFO - [2026-04-14T04:39:15.606+0000] {dagbag.py:588} INFO - Filling up the DagBag from /home/airflow/.local/lib/python3.12/site-packages/airflow/example_dags/tutorial_dag.py
[2026-04-14T04:39:15.612+0000] {processor.py:925} INFO - DAG(s) 'tutorial_dag' retrieved from /home/airflow/.local/lib/python3.12/site-packages/airflow/example_dags/tutorial_dag.py
[2026-04-14T04:39:15.628+0000] {logging_mixin.py:190} INFO - [2026-04-14T04:39:15.627+0000] {dag.py:3239} INFO - Sync 1 DAGs
[2026-04-14T04:39:15.639+0000] {logging_mixin.py:190} INFO - [2026-04-14T04:39:15.639+0000] {dag.py:4180} INFO - Setting next_dagrun for tutorial_dag to None, run_after=None
[2026-04-14T04:39:15.651+0000] {processor.py:208} INFO - Processing /home/airflow/.local/lib/python3.12/site-packages/airflow/example_dags/tutorial_dag.py took 0.051 seconds
[2026-04-14T04:39:46.250+0000] {processor.py:186} INFO - Started process (PID=96688) to work on /home/airflow/.local/lib/python3.12/site-packages/airflow/example_dags/tutorial_dag.py
[2026-04-14T04:39:46.250+0000] {processor.py:914} INFO - Processing file /home/airflow/.local/lib/python3.12/site-packages/airflow/example_dags/tutorial_dag.py for tasks to queue
[2026-04-14T04:39:46.250+0000] {logging_mixin.py:190} INFO - [2026-04-14T04:39:46.250+0000] {dagbag.py:588} INFO - Filling up the DagBag from /home/airflow/.local/lib/python3.12/site-packages/airflow/example_dags/tutorial_dag.py
[2026-04-14T04:39:46.254+0000] {processor.py:925} INFO - DAG(s) 'tutorial_dag' retrieved from /home/airflow/.local/lib/python3.12/site-packages/airflow/example_dags/tutorial_dag.py
[2026-04-14T04:39:46.262+0000] {logging_mixin.py:190} INFO - [2026-04-14T04:39:46.262+0000] {dag.py:3239} INFO - Sync 1 DAGs
[2026-04-14T04:39:46.268+0000] {logging_mixin.py:190} INFO - [2026-04-14T04:39:46.268+0000] {dag.py:4180} INFO - Setting next_dagrun for tutorial_dag to None, run_after=None
[2026-04-14T04:39:46.273+0000] {processor.py:208} INFO - Processing /home/airflow/.local/lib/python3.12/site-packages/airflow/example_dags/tutorial_dag.py took 0.026 seconds
[2026-04-14T04:40:16.945+0000] {processor.py:186} INFO - Started process (PID=96752) to work on /home/airflow/.local/lib/python3.12/site-packages/airflow/example_dags/tutorial_dag.py
[2026-04-14T04:40:16.946+0000] {processor.py:914} INFO - Processing file /home/airflow/.local/lib/python3.12/site-packages/airflow/example_dags/tutorial_dag.py for tasks to queue
[2026-04-14T04:40:16.946+0000] {logging_mixin.py:190} INFO - [2026-04-14T04:40:16.946+0000] {dagbag.py:588} INFO - Filling up the DagBag from /home/airflow/.local/lib/python3.12/site-packages/airflow/example_dags/tutorial_dag.py
[2026-04-14T04:40:16.952+0000] {processor.py:925} INFO - DAG(s) 'tutorial_dag' retrieved from /home/airflow/.local/lib/python3.12/site-packages/airflow/example_dags/tutorial_dag.py
[2026-04-14T04:40:16.959+0000] {logging_mixin.py:190} INFO - [2026-04-14T04:40:16.959+0000] {dag.py:3239} INFO - Sync 1 DAGs
[2026-04-14T04:40:16.968+0000] {logging_mixin.py:190} INFO - [2026-04-14T04:40:16.967+0000] {dag.py:4180} INFO - Setting next_dagrun for tutorial_dag to None, run_after=None
[2026-04-14T04:40:16.979+0000] {processor.py:208} INFO - Processing /home/airflow/.local/lib/python3.12/site-packages/airflow/example_dags/tutorial_dag.py took 0.037 seconds
[2026-04-14T04:40:47.207+0000] {processor.py:186} INFO - Started process (PID=96817) to work on /home/airflow/.local/lib/python3.12/site-packages/airflow/example_dags/tutorial_dag.py
[2026-04-14T04:40:47.208+0000] {processor.py:914} INFO - Processing file /home/airflow/.local/lib/python3.12/site-packages/airflow/example_dags/tutorial_dag.py for tasks to queue
[2026-04-14T04:40:47.209+0000] {logging_mixin.py:190} INFO - [2026-04-14T04:40:47.209+0000] {dagbag.py:588} INFO - Filling up the DagBag from /home/airflow/.local/lib/python3.12/site-packages/airflow/example_dags/tutorial_dag.py
[2026-04-14T04:40:47.213+0000] {processor.py:925} INFO - DAG(s) 'tutorial_dag' retrieved from /home/airflow/.local/lib/python3.12/site-packages/airflow/example_dags/tutorial_dag.py
[2026-04-14T04:40:47.221+0000] {logging_mixin.py:190} INFO - [2026-04-14T04:40:47.220+0000] {dag.py:3239} INFO - Sync 1 DAGs
[2026-04-14T04:40:47.227+0000] {logging_mixin.py:190} INFO - [2026-04-14T04:40:47.227+0000] {dag.py:4180} INFO - Setting next_dagrun for tutorial_dag to None, run_after=None
[2026-04-14T04:40:47.236+0000] {processor.py:208} INFO - Processing /home/airflow/.local/lib/python3.12/site-packages/airflow/example_dags/tutorial_dag.py took 0.031 seconds
[2026-04-14T04:41:18.012+0000] {processor.py:186} INFO - Started process (PID=96881) to work on /home/airflow/.local/lib/python3.12/site-packages/airflow/example_dags/tutorial_dag.py
[2026-04-14T04:41:18.013+0000] {processor.py:914} INFO - Processing file /home/airflow/.local/lib/python3.12/site-packages/airflow/example_dags/tutorial_dag.py for tasks to queue
[2026-04-14T04:41:18.013+0000] {logging_mixin.py:190} INFO - [2026-04-14T04:41:18.013+0000] {dagbag.py:588} INFO - Filling up the DagBag from /home/airflow/.local/lib/python3.12/site-packages/airflow/example_dags/tutorial_dag.py
[2026-04-14T04:41:18.017+0000] {processor.py:925} INFO - DAG(s) 'tutorial_dag' retrieved from /home/airflow/.local/lib/python3.12/site-packages/airflow/example_dags/tutorial_dag.py
[2026-04-14T04:41:18.026+0000] {logging_mixin.py:190} INFO - [2026-04-14T04:41:18.026+0000] {dag.py:3239} INFO - Sync 1 DAGs
[2026-04-14T04:41:18.033+0000] {logging_mixin.py:190} INFO - [2026-04-14T04:41:18.033+0000] {dag.py:4180} INFO - Setting next_dagrun for tutorial_dag to None, run_after=None
[2026-04-14T04:41:18.040+0000] {processor.py:208} INFO - Processing /home/airflow/.local/lib/python3.12/site-packages/airflow/example_dags/tutorial_dag.py took 0.031 seconds
[2026-04-14T04:41:48.702+0000] {processor.py:186} INFO - Started process (PID=96945) to work on /home/airflow/.local/lib/python3.12/site-packages/airflow/example_dags/tutorial_dag.py
[2026-04-14T04:41:48.704+0000] {processor.py:914} INFO - Processing file /home/airflow/.local/lib/python3.12/site-packages/airflow/example_dags/tutorial_dag.py for tasks to queue
[2026-04-14T04:41:48.704+0000] {logging_mixin.py:190} INFO - [2026-04-14T04:41:48.704+0000] {dagbag.py:588} INFO - Filling up the DagBag from /home/airflow/.local/lib/python3.12/site-packages/airflow/example_dags/tutorial_dag.py
[2026-04-14T04:41:48.713+0000] {processor.py:925} INFO - DAG(s) 'tutorial_dag' retrieved from /home/airflow/.local/lib/python3.12/site-packages/airflow/example_dags/tutorial_dag.py
[2026-04-14T04:41:48.725+0000] {logging_mixin.py:190} INFO - [2026-04-14T04:41:48.725+0000] {dag.py:3239} INFO - Sync 1 DAGs
[2026-04-14T04:41:48.731+0000] {logging_mixin.py:190} INFO - [2026-04-14T04:41:48.731+0000] {dag.py:4180} INFO - Setting next_dagrun for tutorial_dag to None, run_after=None
[2026-04-14T04:41:48.746+0000] {processor.py:208} INFO - Processing /home/airflow/.local/lib/python3.12/site-packages/airflow/example_dags/tutorial_dag.py took 0.046 seconds
[2026-04-14T04:42:19.562+0000] {processor.py:186} INFO - Started process (PID=97009) to work on /home/airflow/.local/lib/python3.12/site-packages/airflow/example_dags/tutorial_dag.py
[2026-04-14T04:42:19.564+0000] {processor.py:914} INFO - Processing file /home/airflow/.local/lib/python3.12/site-packages/airflow/example_dags/tutorial_dag.py for tasks to queue
[2026-04-14T04:42:19.564+0000] {logging_mixin.py:190} INFO - [2026-04-14T04:42:19.564+0000] {dagbag.py:588} INFO - Filling up the DagBag from /home/airflow/.local/lib/python3.12/site-packages/airflow/example_dags/tutorial_dag.py
[2026-04-14T04:42:19.569+0000] {processor.py:925} INFO - DAG(s) 'tutorial_dag' retrieved from /home/airflow/.local/lib/python3.12/site-packages/airflow/example_dags/tutorial_dag.py
[2026-04-14T04:42:19.582+0000] {logging_mixin.py:190} INFO - [2026-04-14T04:42:19.582+0000] {dag.py:3239} INFO - Sync 1 DAGs
[2026-04-14T04:42:19.589+0000] {logging_mixin.py:190} INFO - [2026-04-14T04:42:19.589+0000] {dag.py:4180} INFO - Setting next_dagrun for tutorial_dag to None, run_after=None
[2026-04-14T04:42:19.599+0000] {processor.py:208} INFO - Processing /home/airflow/.local/lib/python3.12/site-packages/airflow/example_dags/tutorial_dag.py took 0.039 seconds
[2026-04-14T04:42:50.254+0000] {processor.py:186} INFO - Started process (PID=97073) to work on /home/airflow/.local/lib/python3.12/site-packages/airflow/example_dags/tutorial_dag.py
[2026-04-14T04:42:50.254+0000] {processor.py:914} INFO - Processing file /home/airflow/.local/lib/python3.12/site-packages/airflow/example_dags/tutorial_dag.py for tasks to queue
[2026-04-14T04:42:50.255+0000] {logging_mixin.py:190} INFO - [2026-04-14T04:42:50.254+0000] {dagbag.py:588} INFO - Filling up the DagBag from /home/airflow/.local/lib/python3.12/site-packages/airflow/example_dags/tutorial_dag.py
[2026-04-14T04:42:50.259+0000] {processor.py:925} INFO - DAG(s) 'tutorial_dag' retrieved from /home/airflow/.local/lib/python3.12/site-packages/airflow/example_dags/tutorial_dag.py
[2026-04-14T04:42:50.270+0000] {logging_mixin.py:190} INFO - [2026-04-14T04:42:50.270+0000] {dag.py:3239} INFO - Sync 1 DAGs
[2026-04-14T04:42:50.277+0000] {logging_mixin.py:190} INFO - [2026-04-14T04:42:50.277+0000] {dag.py:4180} INFO - Setting next_dagrun for tutorial_dag to None, run_after=None
[2026-04-14T04:42:50.287+0000] {processor.py:208} INFO - Processing /home/airflow/.local/lib/python3.12/site-packages/airflow/example_dags/tutorial_dag.py took 0.036 seconds
[2026-04-14T04:43:21.229+0000] {processor.py:186} INFO - Started process (PID=97137) to work on /home/airflow/.local/lib/python3.12/site-packages/airflow/example_dags/tutorial_dag.py
[2026-04-14T04:43:21.231+0000] {processor.py:914} INFO - Processing file /home/airflow/.local/lib/python3.12/site-packages/airflow/example_dags/tutorial_dag.py for tasks to queue
[2026-04-14T04:43:21.231+0000] {logging_mixin.py:190} INFO - [2026-04-14T04:43:21.231+0000] {dagbag.py:588} INFO - Filling up the DagBag from /home/airflow/.local/lib/python3.12/site-packages/airflow/example_dags/tutorial_dag.py
[2026-04-14T04:43:21.241+0000] {processor.py:925} INFO - DAG(s) 'tutorial_dag' retrieved from /home/airflow/.local/lib/python3.12/site-packages/airflow/example_dags/tutorial_dag.py
[2026-04-14T04:43:21.254+0000] {logging_mixin.py:190} INFO - [2026-04-14T04:43:21.254+0000] {dag.py:3239} INFO - Sync 1 DAGs
[2026-04-14T04:43:21.263+0000] {logging_mixin.py:190} INFO - [2026-04-14T04:43:21.263+0000] {dag.py:4180} INFO - Setting next_dagrun for tutorial_dag to None, run_after=None
[2026-04-14T04:43:21.272+0000] {processor.py:208} INFO - Processing /home/airflow/.local/lib/python3.12/site-packages/airflow/example_dags/tutorial_dag.py took 0.046 seconds
[2026-04-14T04:43:51.796+0000] {processor.py:186} INFO - Started process (PID=97201) to work on /home/airflow/.local/lib/python3.12/site-packages/airflow/example_dags/tutorial_dag.py
[2026-04-14T04:43:51.797+0000] {processor.py:914} INFO - Processing file /home/airflow/.local/lib/python3.12/site-packages/airflow/example_dags/tutorial_dag.py for tasks to queue
[2026-04-14T04:43:51.797+0000] {logging_mixin.py:190} INFO - [2026-04-14T04:43:51.797+0000] {dagbag.py:588} INFO - Filling up the DagBag from /home/airflow/.local/lib/python3.12/site-packages/airflow/example_dags/tutorial_dag.py
[2026-04-14T04:43:51.804+0000] {processor.py:925} INFO - DAG(s) 'tutorial_dag' retrieved from /home/airflow/.local/lib/python3.12/site-packages/airflow/example_dags/tutorial_dag.py
[2026-04-14T04:43:51.817+0000] {logging_mixin.py:190} INFO - [2026-04-14T04:43:51.817+0000] {dag.py:3239} INFO - Sync 1 DAGs
[2026-04-14T04:43:51.824+0000] {logging_mixin.py:190} INFO - [2026-04-14T04:43:51.824+0000] {dag.py:4180} INFO - Setting next_dagrun for tutorial_dag to None, run_after=None
[2026-04-14T04:43:51.834+0000] {processor.py:208} INFO - Processing /home/airflow/.local/lib/python3.12/site-packages/airflow/example_dags/tutorial_dag.py took 0.042 seconds
[2026-04-14T04:44:22.521+0000] {processor.py:186} INFO - Started process (PID=97265) to work on /home/airflow/.local/lib/python3.12/site-packages/airflow/example_dags/tutorial_dag.py
[2026-04-14T04:44:22.522+0000] {processor.py:914} INFO - Processing file /home/airflow/.local/lib/python3.12/site-packages/airflow/example_dags/tutorial_dag.py for tasks to queue
[2026-04-14T04:44:22.522+0000] {logging_mixin.py:190} INFO - [2026-04-14T04:44:22.522+0000] {dagbag.py:588} INFO - Filling up the DagBag from /home/airflow/.local/lib/python3.12/site-packages/airflow/example_dags/tutorial_dag.py
[2026-04-14T04:44:22.526+0000] {processor.py:925} INFO - DAG(s) 'tutorial_dag' retrieved from /home/airflow/.local/lib/python3.12/site-packages/airflow/example_dags/tutorial_dag.py
[2026-04-14T04:44:22.537+0000] {logging_mixin.py:190} INFO - [2026-04-14T04:44:22.537+0000] {dag.py:3239} INFO - Sync 1 DAGs
[2026-04-14T04:44:22.543+0000] {logging_mixin.py:190} INFO - [2026-04-14T04:44:22.543+0000] {dag.py:4180} INFO - Setting next_dagrun for tutorial_dag to None, run_after=None
[2026-04-14T04:44:22.555+0000] {processor.py:208} INFO - Processing /home/airflow/.local/lib/python3.12/site-packages/airflow/example_dags/tutorial_dag.py took 0.037 seconds
[2026-04-14T04:44:53.269+0000] {processor.py:186} INFO - Started process (PID=97329) to work on /home/airflow/.local/lib/python3.12/site-packages/airflow/example_dags/tutorial_dag.py
[2026-04-14T04:44:53.270+0000] {processor.py:914} INFO - Processing file /home/airflow/.local/lib/python3.12/site-packages/airflow/example_dags/tutorial_dag.py for tasks to queue
[2026-04-14T04:44:53.270+0000] {logging_mixin.py:190} INFO - [2026-04-14T04:44:53.270+0000] {dagbag.py:588} INFO - Filling up the DagBag from /home/airflow/.local/lib/python3.12/site-packages/airflow/example_dags/tutorial_dag.py
[2026-04-14T04:44:53.273+0000] {processor.py:925} INFO - DAG(s) 'tutorial_dag' retrieved from /home/airflow/.local/lib/python3.12/site-packages/airflow/example_dags/tutorial_dag.py
[2026-04-14T04:44:53.280+0000] {logging_mixin.py:190} INFO - [2026-04-14T04:44:53.280+0000] {dag.py:3239} INFO - Sync 1 DAGs
[2026-04-14T04:44:53.286+0000] {logging_mixin.py:190} INFO - [2026-04-14T04:44:53.285+0000] {dag.py:4180} INFO - Setting next_dagrun for tutorial_dag to None, run_after=None
[2026-04-14T04:44:53.295+0000] {processor.py:208} INFO - Processing /home/airflow/.local/lib/python3.12/site-packages/airflow/example_dags/tutorial_dag.py took 0.029 seconds
[2026-04-14T04:45:23.822+0000] {processor.py:186} INFO - Started process (PID=97393) to work on /home/airflow/.local/lib/python3.12/site-packages/airflow/example_dags/tutorial_dag.py
[2026-04-14T04:45:23.823+0000] {processor.py:914} INFO - Processing file /home/airflow/.local/lib/python3.12/site-packages/airflow/example_dags/tutorial_dag.py for tasks to queue
[2026-04-14T04:45:23.823+0000] {logging_mixin.py:190} INFO - [2026-04-14T04:45:23.823+0000] {dagbag.py:588} INFO - Filling up the DagBag from /home/airflow/.local/lib/python3.12/site-packages/airflow/example_dags/tutorial_dag.py
[2026-04-14T04:45:23.827+0000] {processor.py:925} INFO - DAG(s) 'tutorial_dag' retrieved from /home/airflow/.local/lib/python3.12/site-packages/airflow/example_dags/tutorial_dag.py
[2026-04-14T04:45:23.835+0000] {logging_mixin.py:190} INFO - [2026-04-14T04:45:23.834+0000] {dag.py:3239} INFO - Sync 1 DAGs
[2026-04-14T04:45:23.840+0000] {logging_mixin.py:190} INFO - [2026-04-14T04:45:23.840+0000] {dag.py:4180} INFO - Setting next_dagrun for tutorial_dag to None, run_after=None
[2026-04-14T04:45:23.852+0000] {processor.py:208} INFO - Processing /home/airflow/.local/lib/python3.12/site-packages/airflow/example_dags/tutorial_dag.py took 0.032 seconds
[2026-04-14T04:45:54.535+0000] {processor.py:186} INFO - Started process (PID=97463) to work on /home/airflow/.local/lib/python3.12/site-packages/airflow/example_dags/tutorial_dag.py
[2026-04-14T04:45:54.537+0000] {processor.py:914} INFO - Processing file /home/airflow/.local/lib/python3.12/site-packages/airflow/example_dags/tutorial_dag.py for tasks to queue
[2026-04-14T04:45:54.538+0000] {logging_mixin.py:190} INFO - [2026-04-14T04:45:54.538+0000] {dagbag.py:588} INFO - Filling up the DagBag from /home/airflow/.local/lib/python3.12/site-packages/airflow/example_dags/tutorial_dag.py
[2026-04-14T04:45:54.543+0000] {processor.py:925} INFO - DAG(s) 'tutorial_dag' retrieved from /home/airflow/.local/lib/python3.12/site-packages/airflow/example_dags/tutorial_dag.py
[2026-04-14T04:45:54.555+0000] {logging_mixin.py:190} INFO - [2026-04-14T04:45:54.555+0000] {dag.py:3239} INFO - Sync 1 DAGs
[2026-04-14T04:45:54.561+0000] {logging_mixin.py:190} INFO - [2026-04-14T04:45:54.561+0000] {dag.py:4180} INFO - Setting next_dagrun for tutorial_dag to None, run_after=None
[2026-04-14T04:45:54.567+0000] {processor.py:208} INFO - Processing /home/airflow/.local/lib/python3.12/site-packages/airflow/example_dags/tutorial_dag.py took 0.034 seconds
[2026-04-14T04:46:24.975+0000] {processor.py:186} INFO - Started process (PID=97527) to work on /home/airflow/.local/lib/python3.12/site-packages/airflow/example_dags/tutorial_dag.py
[2026-04-14T04:46:24.976+0000] {processor.py:914} INFO - Processing file /home/airflow/.local/lib/python3.12/site-packages/airflow/example_dags/tutorial_dag.py for tasks to queue
[2026-04-14T04:46:24.976+0000] {logging_mixin.py:190} INFO - [2026-04-14T04:46:24.976+0000] {dagbag.py:588} INFO - Filling up the DagBag from /home/airflow/.local/lib/python3.12/site-packages/airflow/example_dags/tutorial_dag.py
[2026-04-14T04:46:24.979+0000] {processor.py:925} INFO - DAG(s) 'tutorial_dag' retrieved from /home/airflow/.local/lib/python3.12/site-packages/airflow/example_dags/tutorial_dag.py
[2026-04-14T04:46:24.988+0000] {logging_mixin.py:190} INFO - [2026-04-14T04:46:24.988+0000] {dag.py:3239} INFO - Sync 1 DAGs
[2026-04-14T04:46:24.996+0000] {logging_mixin.py:190} INFO - [2026-04-14T04:46:24.996+0000] {dag.py:4180} INFO - Setting next_dagrun for tutorial_dag to None, run_after=None
[2026-04-14T04:46:25.007+0000] {processor.py:208} INFO - Processing /home/airflow/.local/lib/python3.12/site-packages/airflow/example_dags/tutorial_dag.py took 0.035 seconds
[2026-04-14T04:46:55.945+0000] {processor.py:186} INFO - Started process (PID=97591) to work on /home/airflow/.local/lib/python3.12/site-packages/airflow/example_dags/tutorial_dag.py
[2026-04-14T04:46:55.946+0000] {processor.py:914} INFO - Processing file /home/airflow/.local/lib/python3.12/site-packages/airflow/example_dags/tutorial_dag.py for tasks to queue
[2026-04-14T04:46:55.946+0000] {logging_mixin.py:190} INFO - [2026-04-14T04:46:55.946+0000] {dagbag.py:588} INFO - Filling up the DagBag from /home/airflow/.local/lib/python3.12/site-packages/airflow/example_dags/tutorial_dag.py
[2026-04-14T04:46:55.949+0000] {processor.py:925} INFO - DAG(s) 'tutorial_dag' retrieved from /home/airflow/.local/lib/python3.12/site-packages/airflow/example_dags/tutorial_dag.py
[2026-04-14T04:46:55.956+0000] {logging_mixin.py:190} INFO - [2026-04-14T04:46:55.956+0000] {dag.py:3239} INFO - Sync 1 DAGs
[2026-04-14T04:46:55.961+0000] {logging_mixin.py:190} INFO - [2026-04-14T04:46:55.961+0000] {dag.py:4180} INFO - Setting next_dagrun for tutorial_dag to None, run_after=None
[2026-04-14T04:46:55.966+0000] {processor.py:208} INFO - Processing /home/airflow/.local/lib/python3.12/site-packages/airflow/example_dags/tutorial_dag.py took 0.023 seconds
[2026-04-14T04:47:26.238+0000] {processor.py:186} INFO - Started process (PID=97655) to work on /home/airflow/.local/lib/python3.12/site-packages/airflow/example_dags/tutorial_dag.py
[2026-04-14T04:47:26.239+0000] {processor.py:914} INFO - Processing file /home/airflow/.local/lib/python3.12/site-packages/airflow/example_dags/tutorial_dag.py for tasks to queue
[2026-04-14T04:47:26.239+0000] {logging_mixin.py:190} INFO - [2026-04-14T04:47:26.239+0000] {dagbag.py:588} INFO - Filling up the DagBag from /home/airflow/.local/lib/python3.12/site-packages/airflow/example_dags/tutorial_dag.py
[2026-04-14T04:47:26.242+0000] {processor.py:925} INFO - DAG(s) 'tutorial_dag' retrieved from /home/airflow/.local/lib/python3.12/site-packages/airflow/example_dags/tutorial_dag.py
[2026-04-14T04:47:26.251+0000] {logging_mixin.py:190} INFO - [2026-04-14T04:47:26.251+0000] {dag.py:3239} INFO - Sync 1 DAGs
[2026-04-14T04:47:26.257+0000] {logging_mixin.py:190} INFO - [2026-04-14T04:47:26.257+0000] {dag.py:4180} INFO - Setting next_dagrun for tutorial_dag to None, run_after=None
[2026-04-14T04:47:26.267+0000] {processor.py:208} INFO - Processing /home/airflow/.local/lib/python3.12/site-packages/airflow/example_dags/tutorial_dag.py took 0.031 seconds
[2026-04-14T04:47:57.306+0000] {processor.py:186} INFO - Started process (PID=97719) to work on /home/airflow/.local/lib/python3.12/site-packages/airflow/example_dags/tutorial_dag.py
[2026-04-14T04:47:57.307+0000] {processor.py:914} INFO - Processing file /home/airflow/.local/lib/python3.12/site-packages/airflow/example_dags/tutorial_dag.py for tasks to queue
[2026-04-14T04:47:57.308+0000] {logging_mixin.py:190} INFO - [2026-04-14T04:47:57.308+0000] {dagbag.py:588} INFO - Filling up the DagBag from /home/airflow/.local/lib/python3.12/site-packages/airflow/example_dags/tutorial_dag.py
[2026-04-14T04:47:57.315+0000] {processor.py:925} INFO - DAG(s) 'tutorial_dag' retrieved from /home/airflow/.local/lib/python3.12/site-packages/airflow/example_dags/tutorial_dag.py
[2026-04-14T04:47:57.331+0000] {logging_mixin.py:190} INFO - [2026-04-14T04:47:57.331+0000] {dag.py:3239} INFO - Sync 1 DAGs
[2026-04-14T04:47:57.344+0000] {logging_mixin.py:190} INFO - [2026-04-14T04:47:57.343+0000] {dag.py:4180} INFO - Setting next_dagrun for tutorial_dag to None, run_after=None
[2026-04-14T04:47:57.356+0000] {processor.py:208} INFO - Processing /home/airflow/.local/lib/python3.12/site-packages/airflow/example_dags/tutorial_dag.py took 0.056 seconds
[2026-04-14T04:57:55.893+0000] {processor.py:186} INFO - Started process (PID=97777) to work on /home/airflow/.local/lib/python3.12/site-packages/airflow/example_dags/tutorial_dag.py
[2026-04-14T04:57:55.894+0000] {processor.py:914} INFO - Processing file /home/airflow/.local/lib/python3.12/site-packages/airflow/example_dags/tutorial_dag.py for tasks to queue
[2026-04-14T04:57:55.895+0000] {logging_mixin.py:190} INFO - [2026-04-14T04:57:55.894+0000] {dagbag.py:588} INFO - Filling up the DagBag from /home/airflow/.local/lib/python3.12/site-packages/airflow/example_dags/tutorial_dag.py
[2026-04-14T04:57:55.902+0000] {processor.py:925} INFO - DAG(s) 'tutorial_dag' retrieved from /home/airflow/.local/lib/python3.12/site-packages/airflow/example_dags/tutorial_dag.py
[2026-04-14T04:57:55.920+0000] {logging_mixin.py:190} INFO - [2026-04-14T04:57:55.920+0000] {dag.py:3239} INFO - Sync 1 DAGs
[2026-04-14T04:57:55.932+0000] {logging_mixin.py:190} INFO - [2026-04-14T04:57:55.932+0000] {dag.py:4180} INFO - Setting next_dagrun for tutorial_dag to None, run_after=None
[2026-04-14T04:57:55.945+0000] {processor.py:208} INFO - Processing /home/airflow/.local/lib/python3.12/site-packages/airflow/example_dags/tutorial_dag.py took 0.057 seconds
[2026-04-14T04:58:26.448+0000] {processor.py:186} INFO - Started process (PID=97841) to work on /home/airflow/.local/lib/python3.12/site-packages/airflow/example_dags/tutorial_dag.py
[2026-04-14T04:58:26.448+0000] {processor.py:914} INFO - Processing file /home/airflow/.local/lib/python3.12/site-packages/airflow/example_dags/tutorial_dag.py for tasks to queue
[2026-04-14T04:58:26.449+0000] {logging_mixin.py:190} INFO - [2026-04-14T04:58:26.449+0000] {dagbag.py:588} INFO - Filling up the DagBag from /home/airflow/.local/lib/python3.12/site-packages/airflow/example_dags/tutorial_dag.py
[2026-04-14T04:58:26.455+0000] {processor.py:925} INFO - DAG(s) 'tutorial_dag' retrieved from /home/airflow/.local/lib/python3.12/site-packages/airflow/example_dags/tutorial_dag.py
[2026-04-14T04:58:26.467+0000] {logging_mixin.py:190} INFO - [2026-04-14T04:58:26.467+0000] {dag.py:3239} INFO - Sync 1 DAGs
[2026-04-14T04:58:26.473+0000] {logging_mixin.py:190} INFO - [2026-04-14T04:58:26.473+0000] {dag.py:4180} INFO - Setting next_dagrun for tutorial_dag to None, run_after=None
[2026-04-14T04:58:26.479+0000] {processor.py:208} INFO - Processing /home/airflow/.local/lib/python3.12/site-packages/airflow/example_dags/tutorial_dag.py took 0.034 seconds
[2026-04-14T05:16:43.400+0000] {processor.py:186} INFO - Started process (PID=97891) to work on /home/airflow/.local/lib/python3.12/site-packages/airflow/example_dags/tutorial_dag.py
[2026-04-14T05:16:43.402+0000] {processor.py:914} INFO - Processing file /home/airflow/.local/lib/python3.12/site-packages/airflow/example_dags/tutorial_dag.py for tasks to queue
[2026-04-14T05:16:43.404+0000] {logging_mixin.py:190} INFO - [2026-04-14T05:16:43.403+0000] {dagbag.py:588} INFO - Filling up the DagBag from /home/airflow/.local/lib/python3.12/site-packages/airflow/example_dags/tutorial_dag.py
[2026-04-14T05:16:43.407+0000] {processor.py:925} INFO - DAG(s) 'tutorial_dag' retrieved from /home/airflow/.local/lib/python3.12/site-packages/airflow/example_dags/tutorial_dag.py
[2026-04-14T05:16:43.419+0000] {logging_mixin.py:190} INFO - [2026-04-14T05:16:43.419+0000] {dag.py:3239} INFO - Sync 1 DAGs
[2026-04-14T05:16:43.426+0000] {logging_mixin.py:190} INFO - [2026-04-14T05:16:43.426+0000] {dag.py:4180} INFO - Setting next_dagrun for tutorial_dag to None, run_after=None
[2026-04-14T05:16:43.437+0000] {processor.py:208} INFO - Processing /home/airflow/.local/lib/python3.12/site-packages/airflow/example_dags/tutorial_dag.py took 0.040 seconds
[2026-04-14T05:32:37.916+0000] {processor.py:186} INFO - Started process (PID=97955) to work on /home/airflow/.local/lib/python3.12/site-packages/airflow/example_dags/tutorial_dag.py
[2026-04-14T05:32:37.916+0000] {processor.py:914} INFO - Processing file /home/airflow/.local/lib/python3.12/site-packages/airflow/example_dags/tutorial_dag.py for tasks to queue
[2026-04-14T05:32:37.917+0000] {logging_mixin.py:190} INFO - [2026-04-14T05:32:37.917+0000] {dagbag.py:588} INFO - Filling up the DagBag from /home/airflow/.local/lib/python3.12/site-packages/airflow/example_dags/tutorial_dag.py
[2026-04-14T05:32:37.920+0000] {processor.py:925} INFO - DAG(s) 'tutorial_dag' retrieved from /home/airflow/.local/lib/python3.12/site-packages/airflow/example_dags/tutorial_dag.py
[2026-04-14T05:32:37.930+0000] {logging_mixin.py:190} INFO - [2026-04-14T05:32:37.930+0000] {dag.py:3239} INFO - Sync 1 DAGs
[2026-04-14T05:32:37.937+0000] {logging_mixin.py:190} INFO - [2026-04-14T05:32:37.937+0000] {dag.py:4180} INFO - Setting next_dagrun for tutorial_dag to None, run_after=None
[2026-04-14T05:32:37.945+0000] {processor.py:208} INFO - Processing /home/airflow/.local/lib/python3.12/site-packages/airflow/example_dags/tutorial_dag.py took 0.031 seconds
[2026-04-14T05:33:11.102+0000] {processor.py:186} INFO - Started process (PID=98019) to work on /home/airflow/.local/lib/python3.12/site-packages/airflow/example_dags/tutorial_dag.py
[2026-04-14T05:33:11.103+0000] {processor.py:914} INFO - Processing file /home/airflow/.local/lib/python3.12/site-packages/airflow/example_dags/tutorial_dag.py for tasks to queue
[2026-04-14T05:33:11.106+0000] {logging_mixin.py:190} INFO - [2026-04-14T05:33:11.105+0000] {dagbag.py:588} INFO - Filling up the DagBag from /home/airflow/.local/lib/python3.12/site-packages/airflow/example_dags/tutorial_dag.py
[2026-04-14T05:33:11.119+0000] {processor.py:925} INFO - DAG(s) 'tutorial_dag' retrieved from /home/airflow/.local/lib/python3.12/site-packages/airflow/example_dags/tutorial_dag.py
[2026-04-14T05:33:11.157+0000] {logging_mixin.py:190} INFO - [2026-04-14T05:33:11.157+0000] {dag.py:3239} INFO - Sync 1 DAGs
[2026-04-14T05:33:11.182+0000] {logging_mixin.py:190} INFO - [2026-04-14T05:33:11.182+0000] {dag.py:4180} INFO - Setting next_dagrun for tutorial_dag to None, run_after=None
[2026-04-14T05:33:11.217+0000] {processor.py:208} INFO - Processing /home/airflow/.local/lib/python3.12/site-packages/airflow/example_dags/tutorial_dag.py took 0.122 seconds
[2026-04-14T05:33:42.173+0000] {processor.py:186} INFO - Started process (PID=98083) to work on /home/airflow/.local/lib/python3.12/site-packages/airflow/example_dags/tutorial_dag.py
[2026-04-14T05:33:42.174+0000] {processor.py:914} INFO - Processing file /home/airflow/.local/lib/python3.12/site-packages/airflow/example_dags/tutorial_dag.py for tasks to queue
[2026-04-14T05:33:42.175+0000] {logging_mixin.py:190} INFO - [2026-04-14T05:33:42.175+0000] {dagbag.py:588} INFO - Filling up the DagBag from /home/airflow/.local/lib/python3.12/site-packages/airflow/example_dags/tutorial_dag.py
[2026-04-14T05:33:42.180+0000] {processor.py:925} INFO - DAG(s) 'tutorial_dag' retrieved from /home/airflow/.local/lib/python3.12/site-packages/airflow/example_dags/tutorial_dag.py
[2026-04-14T05:33:42.188+0000] {logging_mixin.py:190} INFO - [2026-04-14T05:33:42.188+0000] {dag.py:3239} INFO - Sync 1 DAGs
[2026-04-14T05:33:42.197+0000] {logging_mixin.py:190} INFO - [2026-04-14T05:33:42.197+0000] {dag.py:4180} INFO - Setting next_dagrun for tutorial_dag to None, run_after=None
[2026-04-14T05:33:42.206+0000] {processor.py:208} INFO - Processing /home/airflow/.local/lib/python3.12/site-packages/airflow/example_dags/tutorial_dag.py took 0.037 seconds
[2026-04-14T05:49:10.827+0000] {processor.py:186} INFO - Started process (PID=98147) to work on /home/airflow/.local/lib/python3.12/site-packages/airflow/example_dags/tutorial_dag.py
[2026-04-14T05:49:10.828+0000] {processor.py:914} INFO - Processing file /home/airflow/.local/lib/python3.12/site-packages/airflow/example_dags/tutorial_dag.py for tasks to queue
[2026-04-14T05:49:10.829+0000] {logging_mixin.py:190} INFO - [2026-04-14T05:49:10.828+0000] {dagbag.py:588} INFO - Filling up the DagBag from /home/airflow/.local/lib/python3.12/site-packages/airflow/example_dags/tutorial_dag.py
[2026-04-14T05:49:10.833+0000] {processor.py:925} INFO - DAG(s) 'tutorial_dag' retrieved from /home/airflow/.local/lib/python3.12/site-packages/airflow/example_dags/tutorial_dag.py
[2026-04-14T05:49:10.843+0000] {logging_mixin.py:190} INFO - [2026-04-14T05:49:10.843+0000] {dag.py:3239} INFO - Sync 1 DAGs
[2026-04-14T05:49:10.850+0000] {logging_mixin.py:190} INFO - [2026-04-14T05:49:10.850+0000] {dag.py:4180} INFO - Setting next_dagrun for tutorial_dag to None, run_after=None
[2026-04-14T05:49:10.863+0000] {processor.py:208} INFO - Processing /home/airflow/.local/lib/python3.12/site-packages/airflow/example_dags/tutorial_dag.py took 0.038 seconds
[2026-04-14T06:04:41.493+0000] {processor.py:186} INFO - Started process (PID=98211) to work on /home/airflow/.local/lib/python3.12/site-packages/airflow/example_dags/tutorial_dag.py
[2026-04-14T06:04:41.493+0000] {processor.py:914} INFO - Processing file /home/airflow/.local/lib/python3.12/site-packages/airflow/example_dags/tutorial_dag.py for tasks to queue
[2026-04-14T06:04:41.494+0000] {logging_mixin.py:190} INFO - [2026-04-14T06:04:41.493+0000] {dagbag.py:588} INFO - Filling up the DagBag from /home/airflow/.local/lib/python3.12/site-packages/airflow/example_dags/tutorial_dag.py
[2026-04-14T06:04:41.497+0000] {processor.py:925} INFO - DAG(s) 'tutorial_dag' retrieved from /home/airflow/.local/lib/python3.12/site-packages/airflow/example_dags/tutorial_dag.py
[2026-04-14T06:04:41.503+0000] {logging_mixin.py:190} INFO - [2026-04-14T06:04:41.503+0000] {dag.py:3239} INFO - Sync 1 DAGs
[2026-04-14T06:04:41.509+0000] {logging_mixin.py:190} INFO - [2026-04-14T06:04:41.509+0000] {dag.py:4180} INFO - Setting next_dagrun for tutorial_dag to None, run_after=None
[2026-04-14T06:04:41.514+0000] {processor.py:208} INFO - Processing /home/airflow/.local/lib/python3.12/site-packages/airflow/example_dags/tutorial_dag.py took 0.024 seconds
[2026-04-14T06:05:12.158+0000] {processor.py:186} INFO - Started process (PID=98275) to work on /home/airflow/.local/lib/python3.12/site-packages/airflow/example_dags/tutorial_dag.py
[2026-04-14T06:05:12.159+0000] {processor.py:914} INFO - Processing file /home/airflow/.local/lib/python3.12/site-packages/airflow/example_dags/tutorial_dag.py for tasks to queue
[2026-04-14T06:05:12.160+0000] {logging_mixin.py:190} INFO - [2026-04-14T06:05:12.159+0000] {dagbag.py:588} INFO - Filling up the DagBag from /home/airflow/.local/lib/python3.12/site-packages/airflow/example_dags/tutorial_dag.py
[2026-04-14T06:05:12.163+0000] {processor.py:925} INFO - DAG(s) 'tutorial_dag' retrieved from /home/airflow/.local/lib/python3.12/site-packages/airflow/example_dags/tutorial_dag.py
[2026-04-14T06:05:12.171+0000] {logging_mixin.py:190} INFO - [2026-04-14T06:05:12.171+0000] {dag.py:3239} INFO - Sync 1 DAGs
[2026-04-14T06:05:12.176+0000] {logging_mixin.py:190} INFO - [2026-04-14T06:05:12.176+0000] {dag.py:4180} INFO - Setting next_dagrun for tutorial_dag to None, run_after=None
[2026-04-14T06:05:12.185+0000] {processor.py:208} INFO - Processing /home/airflow/.local/lib/python3.12/site-packages/airflow/example_dags/tutorial_dag.py took 0.030 seconds
[2026-04-14T06:08:48.723+0000] {processor.py:186} INFO - Started process (PID=98339) to work on /home/airflow/.local/lib/python3.12/site-packages/airflow/example_dags/tutorial_dag.py
[2026-04-14T06:08:48.724+0000] {processor.py:914} INFO - Processing file /home/airflow/.local/lib/python3.12/site-packages/airflow/example_dags/tutorial_dag.py for tasks to queue
[2026-04-14T06:08:48.724+0000] {logging_mixin.py:190} INFO - [2026-04-14T06:08:48.724+0000] {dagbag.py:588} INFO - Filling up the DagBag from /home/airflow/.local/lib/python3.12/site-packages/airflow/example_dags/tutorial_dag.py
[2026-04-14T06:08:48.728+0000] {processor.py:925} INFO - DAG(s) 'tutorial_dag' retrieved from /home/airflow/.local/lib/python3.12/site-packages/airflow/example_dags/tutorial_dag.py
[2026-04-14T06:08:48.735+0000] {logging_mixin.py:190} INFO - [2026-04-14T06:08:48.734+0000] {dag.py:3239} INFO - Sync 1 DAGs
[2026-04-14T06:08:48.740+0000] {logging_mixin.py:190} INFO - [2026-04-14T06:08:48.740+0000] {dag.py:4180} INFO - Setting next_dagrun for tutorial_dag to None, run_after=None
[2026-04-14T06:08:48.749+0000] {processor.py:208} INFO - Processing /home/airflow/.local/lib/python3.12/site-packages/airflow/example_dags/tutorial_dag.py took 0.028 seconds
[2026-04-14T06:22:34.472+0000] {processor.py:186} INFO - Started process (PID=98403) to work on /home/airflow/.local/lib/python3.12/site-packages/airflow/example_dags/tutorial_dag.py
[2026-04-14T06:22:34.473+0000] {processor.py:914} INFO - Processing file /home/airflow/.local/lib/python3.12/site-packages/airflow/example_dags/tutorial_dag.py for tasks to queue
[2026-04-14T06:22:34.474+0000] {logging_mixin.py:190} INFO - [2026-04-14T06:22:34.474+0000] {dagbag.py:588} INFO - Filling up the DagBag from /home/airflow/.local/lib/python3.12/site-packages/airflow/example_dags/tutorial_dag.py
[2026-04-14T06:22:34.477+0000] {processor.py:925} INFO - DAG(s) 'tutorial_dag' retrieved from /home/airflow/.local/lib/python3.12/site-packages/airflow/example_dags/tutorial_dag.py
[2026-04-14T06:22:34.484+0000] {logging_mixin.py:190} INFO - [2026-04-14T06:22:34.484+0000] {dag.py:3239} INFO - Sync 1 DAGs
[2026-04-14T06:22:34.491+0000] {logging_mixin.py:190} INFO - [2026-04-14T06:22:34.491+0000] {dag.py:4180} INFO - Setting next_dagrun for tutorial_dag to None, run_after=None
[2026-04-14T06:22:34.498+0000] {processor.py:208} INFO - Processing /home/airflow/.local/lib/python3.12/site-packages/airflow/example_dags/tutorial_dag.py took 0.029 seconds
[2026-04-14T06:23:06.045+0000] {processor.py:186} INFO - Started process (PID=98467) to work on /home/airflow/.local/lib/python3.12/site-packages/airflow/example_dags/tutorial_dag.py
[2026-04-14T06:23:06.047+0000] {processor.py:914} INFO - Processing file /home/airflow/.local/lib/python3.12/site-packages/airflow/example_dags/tutorial_dag.py for tasks to queue
[2026-04-14T06:23:06.048+0000] {logging_mixin.py:190} INFO - [2026-04-14T06:23:06.048+0000] {dagbag.py:588} INFO - Filling up the DagBag from /home/airflow/.local/lib/python3.12/site-packages/airflow/example_dags/tutorial_dag.py
[2026-04-14T06:23:06.051+0000] {processor.py:925} INFO - DAG(s) 'tutorial_dag' retrieved from /home/airflow/.local/lib/python3.12/site-packages/airflow/example_dags/tutorial_dag.py
[2026-04-14T06:23:06.065+0000] {logging_mixin.py:190} INFO - [2026-04-14T06:23:06.064+0000] {dag.py:3239} INFO - Sync 1 DAGs
[2026-04-14T06:23:06.076+0000] {logging_mixin.py:190} INFO - [2026-04-14T06:23:06.076+0000] {dag.py:4180} INFO - Setting next_dagrun for tutorial_dag to None, run_after=None
[2026-04-14T06:23:06.086+0000] {processor.py:208} INFO - Processing /home/airflow/.local/lib/python3.12/site-packages/airflow/example_dags/tutorial_dag.py took 0.045 seconds
[2026-04-14T06:23:36.433+0000] {processor.py:186} INFO - Started process (PID=98531) to work on /home/airflow/.local/lib/python3.12/site-packages/airflow/example_dags/tutorial_dag.py
[2026-04-14T06:23:36.434+0000] {processor.py:914} INFO - Processing file /home/airflow/.local/lib/python3.12/site-packages/airflow/example_dags/tutorial_dag.py for tasks to queue
[2026-04-14T06:23:36.435+0000] {logging_mixin.py:190} INFO - [2026-04-14T06:23:36.434+0000] {dagbag.py:588} INFO - Filling up the DagBag from /home/airflow/.local/lib/python3.12/site-packages/airflow/example_dags/tutorial_dag.py
[2026-04-14T06:23:36.439+0000] {processor.py:925} INFO - DAG(s) 'tutorial_dag' retrieved from /home/airflow/.local/lib/python3.12/site-packages/airflow/example_dags/tutorial_dag.py
[2026-04-14T06:23:36.454+0000] {logging_mixin.py:190} INFO - [2026-04-14T06:23:36.454+0000] {dag.py:3239} INFO - Sync 1 DAGs
[2026-04-14T06:23:36.464+0000] {logging_mixin.py:190} INFO - [2026-04-14T06:23:36.464+0000] {dag.py:4180} INFO - Setting next_dagrun for tutorial_dag to None, run_after=None
[2026-04-14T06:23:36.476+0000] {processor.py:208} INFO - Processing /home/airflow/.local/lib/python3.12/site-packages/airflow/example_dags/tutorial_dag.py took 0.046 seconds
[2026-04-14T06:24:07.404+0000] {processor.py:186} INFO - Started process (PID=98595) to work on /home/airflow/.local/lib/python3.12/site-packages/airflow/example_dags/tutorial_dag.py
[2026-04-14T06:24:07.404+0000] {processor.py:914} INFO - Processing file /home/airflow/.local/lib/python3.12/site-packages/airflow/example_dags/tutorial_dag.py for tasks to queue
[2026-04-14T06:24:07.407+0000] {logging_mixin.py:190} INFO - [2026-04-14T06:24:07.407+0000] {dagbag.py:588} INFO - Filling up the DagBag from /home/airflow/.local/lib/python3.12/site-packages/airflow/example_dags/tutorial_dag.py
[2026-04-14T06:24:07.410+0000] {processor.py:925} INFO - DAG(s) 'tutorial_dag' retrieved from /home/airflow/.local/lib/python3.12/site-packages/airflow/example_dags/tutorial_dag.py
[2026-04-14T06:24:07.422+0000] {logging_mixin.py:190} INFO - [2026-04-14T06:24:07.422+0000] {dag.py:3239} INFO - Sync 1 DAGs
[2026-04-14T06:24:07.430+0000] {logging_mixin.py:190} INFO - [2026-04-14T06:24:07.430+0000] {dag.py:4180} INFO - Setting next_dagrun for tutorial_dag to None, run_after=None
[2026-04-14T06:24:07.438+0000] {processor.py:208} INFO - Processing /home/airflow/.local/lib/python3.12/site-packages/airflow/example_dags/tutorial_dag.py took 0.037 seconds
[2026-04-14T06:24:38.428+0000] {processor.py:186} INFO - Started process (PID=98659) to work on /home/airflow/.local/lib/python3.12/site-packages/airflow/example_dags/tutorial_dag.py
[2026-04-14T06:24:38.429+0000] {processor.py:914} INFO - Processing file /home/airflow/.local/lib/python3.12/site-packages/airflow/example_dags/tutorial_dag.py for tasks to queue
[2026-04-14T06:24:38.430+0000] {logging_mixin.py:190} INFO - [2026-04-14T06:24:38.430+0000] {dagbag.py:588} INFO - Filling up the DagBag from /home/airflow/.local/lib/python3.12/site-packages/airflow/example_dags/tutorial_dag.py
[2026-04-14T06:24:38.434+0000] {processor.py:925} INFO - DAG(s) 'tutorial_dag' retrieved from /home/airflow/.local/lib/python3.12/site-packages/airflow/example_dags/tutorial_dag.py
[2026-04-14T06:24:38.443+0000] {logging_mixin.py:190} INFO - [2026-04-14T06:24:38.443+0000] {dag.py:3239} INFO - Sync 1 DAGs
[2026-04-14T06:24:38.452+0000] {logging_mixin.py:190} INFO - [2026-04-14T06:24:38.452+0000] {dag.py:4180} INFO - Setting next_dagrun for tutorial_dag to None, run_after=None
[2026-04-14T06:24:38.462+0000] {processor.py:208} INFO - Processing /home/airflow/.local/lib/python3.12/site-packages/airflow/example_dags/tutorial_dag.py took 0.038 seconds
[2026-04-14T06:25:09.219+0000] {processor.py:186} INFO - Started process (PID=98723) to work on /home/airflow/.local/lib/python3.12/site-packages/airflow/example_dags/tutorial_dag.py
[2026-04-14T06:25:09.220+0000] {processor.py:914} INFO - Processing file /home/airflow/.local/lib/python3.12/site-packages/airflow/example_dags/tutorial_dag.py for tasks to queue
[2026-04-14T06:25:09.220+0000] {logging_mixin.py:190} INFO - [2026-04-14T06:25:09.220+0000] {dagbag.py:588} INFO - Filling up the DagBag from /home/airflow/.local/lib/python3.12/site-packages/airflow/example_dags/tutorial_dag.py
[2026-04-14T06:25:09.227+0000] {processor.py:925} INFO - DAG(s) 'tutorial_dag' retrieved from /home/airflow/.local/lib/python3.12/site-packages/airflow/example_dags/tutorial_dag.py
[2026-04-14T06:25:09.237+0000] {logging_mixin.py:190} INFO - [2026-04-14T06:25:09.237+0000] {dag.py:3239} INFO - Sync 1 DAGs
[2026-04-14T06:25:09.245+0000] {logging_mixin.py:190} INFO - [2026-04-14T06:25:09.245+0000] {dag.py:4180} INFO - Setting next_dagrun for tutorial_dag to None, run_after=None
[2026-04-14T06:25:09.258+0000] {processor.py:208} INFO - Processing /home/airflow/.local/lib/python3.12/site-packages/airflow/example_dags/tutorial_dag.py took 0.042 seconds
[2026-04-14T06:25:39.902+0000] {processor.py:186} INFO - Started process (PID=98787) to work on /home/airflow/.local/lib/python3.12/site-packages/airflow/example_dags/tutorial_dag.py
[2026-04-14T06:25:39.903+0000] {processor.py:914} INFO - Processing file /home/airflow/.local/lib/python3.12/site-packages/airflow/example_dags/tutorial_dag.py for tasks to queue
[2026-04-14T06:25:39.903+0000] {logging_mixin.py:190} INFO - [2026-04-14T06:25:39.903+0000] {dagbag.py:588} INFO - Filling up the DagBag from /home/airflow/.local/lib/python3.12/site-packages/airflow/example_dags/tutorial_dag.py
[2026-04-14T06:25:39.911+0000] {processor.py:925} INFO - DAG(s) 'tutorial_dag' retrieved from /home/airflow/.local/lib/python3.12/site-packages/airflow/example_dags/tutorial_dag.py
[2026-04-14T06:25:39.920+0000] {logging_mixin.py:190} INFO - [2026-04-14T06:25:39.920+0000] {dag.py:3239} INFO - Sync 1 DAGs
[2026-04-14T06:25:39.930+0000] {logging_mixin.py:190} INFO - [2026-04-14T06:25:39.929+0000] {dag.py:4180} INFO - Setting next_dagrun for tutorial_dag to None, run_after=None
[2026-04-14T06:25:39.939+0000] {processor.py:208} INFO - Processing /home/airflow/.local/lib/python3.12/site-packages/airflow/example_dags/tutorial_dag.py took 0.040 seconds
[2026-04-14T06:26:10.478+0000] {processor.py:186} INFO - Started process (PID=98851) to work on /home/airflow/.local/lib/python3.12/site-packages/airflow/example_dags/tutorial_dag.py
[2026-04-14T06:26:10.479+0000] {processor.py:914} INFO - Processing file /home/airflow/.local/lib/python3.12/site-packages/airflow/example_dags/tutorial_dag.py for tasks to queue
[2026-04-14T06:26:10.479+0000] {logging_mixin.py:190} INFO - [2026-04-14T06:26:10.479+0000] {dagbag.py:588} INFO - Filling up the DagBag from /home/airflow/.local/lib/python3.12/site-packages/airflow/example_dags/tutorial_dag.py
[2026-04-14T06:26:10.482+0000] {processor.py:925} INFO - DAG(s) 'tutorial_dag' retrieved from /home/airflow/.local/lib/python3.12/site-packages/airflow/example_dags/tutorial_dag.py
[2026-04-14T06:26:10.492+0000] {logging_mixin.py:190} INFO - [2026-04-14T06:26:10.492+0000] {dag.py:3239} INFO - Sync 1 DAGs
[2026-04-14T06:26:10.497+0000] {logging_mixin.py:190} INFO - [2026-04-14T06:26:10.497+0000] {dag.py:4180} INFO - Setting next_dagrun for tutorial_dag to None, run_after=None
[2026-04-14T06:26:10.509+0000] {processor.py:208} INFO - Processing /home/airflow/.local/lib/python3.12/site-packages/airflow/example_dags/tutorial_dag.py took 0.033 seconds
[2026-04-14T06:26:40.963+0000] {processor.py:186} INFO - Started process (PID=98915) to work on /home/airflow/.local/lib/python3.12/site-packages/airflow/example_dags/tutorial_dag.py
[2026-04-14T06:26:40.964+0000] {processor.py:914} INFO - Processing file /home/airflow/.local/lib/python3.12/site-packages/airflow/example_dags/tutorial_dag.py for tasks to queue
[2026-04-14T06:26:40.965+0000] {logging_mixin.py:190} INFO - [2026-04-14T06:26:40.964+0000] {dagbag.py:588} INFO - Filling up the DagBag from /home/airflow/.local/lib/python3.12/site-packages/airflow/example_dags/tutorial_dag.py
[2026-04-14T06:26:40.969+0000] {processor.py:925} INFO - DAG(s) 'tutorial_dag' retrieved from /home/airflow/.local/lib/python3.12/site-packages/airflow/example_dags/tutorial_dag.py
[2026-04-14T06:26:40.980+0000] {logging_mixin.py:190} INFO - [2026-04-14T06:26:40.980+0000] {dag.py:3239} INFO - Sync 1 DAGs
[2026-04-14T06:26:40.987+0000] {logging_mixin.py:190} INFO - [2026-04-14T06:26:40.987+0000] {dag.py:4180} INFO - Setting next_dagrun for tutorial_dag to None, run_after=None
[2026-04-14T06:26:40.997+0000] {processor.py:208} INFO - Processing /home/airflow/.local/lib/python3.12/site-packages/airflow/example_dags/tutorial_dag.py took 0.037 seconds
[2026-04-14T06:27:11.647+0000] {processor.py:186} INFO - Started process (PID=98979) to work on /home/airflow/.local/lib/python3.12/site-packages/airflow/example_dags/tutorial_dag.py
[2026-04-14T06:27:11.648+0000] {processor.py:914} INFO - Processing file /home/airflow/.local/lib/python3.12/site-packages/airflow/example_dags/tutorial_dag.py for tasks to queue
[2026-04-14T06:27:11.648+0000] {logging_mixin.py:190} INFO - [2026-04-14T06:27:11.648+0000] {dagbag.py:588} INFO - Filling up the DagBag from /home/airflow/.local/lib/python3.12/site-packages/airflow/example_dags/tutorial_dag.py
[2026-04-14T06:27:11.651+0000] {processor.py:925} INFO - DAG(s) 'tutorial_dag' retrieved from /home/airflow/.local/lib/python3.12/site-packages/airflow/example_dags/tutorial_dag.py
[2026-04-14T06:27:11.663+0000] {logging_mixin.py:190} INFO - [2026-04-14T06:27:11.662+0000] {dag.py:3239} INFO - Sync 1 DAGs
[2026-04-14T06:27:11.670+0000] {logging_mixin.py:190} INFO - [2026-04-14T06:27:11.670+0000] {dag.py:4180} INFO - Setting next_dagrun for tutorial_dag to None, run_after=None
[2026-04-14T06:27:11.680+0000] {processor.py:208} INFO - Processing /home/airflow/.local/lib/python3.12/site-packages/airflow/example_dags/tutorial_dag.py took 0.035 seconds
[2026-04-14T06:27:42.402+0000] {processor.py:186} INFO - Started process (PID=99043) to work on /home/airflow/.local/lib/python3.12/site-packages/airflow/example_dags/tutorial_dag.py
[2026-04-14T06:27:42.403+0000] {processor.py:914} INFO - Processing file /home/airflow/.local/lib/python3.12/site-packages/airflow/example_dags/tutorial_dag.py for tasks to queue
[2026-04-14T06:27:42.403+0000] {logging_mixin.py:190} INFO - [2026-04-14T06:27:42.403+0000] {dagbag.py:588} INFO - Filling up the DagBag from /home/airflow/.local/lib/python3.12/site-packages/airflow/example_dags/tutorial_dag.py
[2026-04-14T06:27:42.406+0000] {processor.py:925} INFO - DAG(s) 'tutorial_dag' retrieved from /home/airflow/.local/lib/python3.12/site-packages/airflow/example_dags/tutorial_dag.py
[2026-04-14T06:27:42.415+0000] {logging_mixin.py:190} INFO - [2026-04-14T06:27:42.415+0000] {dag.py:3239} INFO - Sync 1 DAGs
[2026-04-14T06:27:42.424+0000] {logging_mixin.py:190} INFO - [2026-04-14T06:27:42.423+0000] {dag.py:4180} INFO - Setting next_dagrun for tutorial_dag to None, run_after=None
[2026-04-14T06:27:42.431+0000] {processor.py:208} INFO - Processing /home/airflow/.local/lib/python3.12/site-packages/airflow/example_dags/tutorial_dag.py took 0.032 seconds
[2026-04-14T06:28:12.978+0000] {processor.py:186} INFO - Started process (PID=99107) to work on /home/airflow/.local/lib/python3.12/site-packages/airflow/example_dags/tutorial_dag.py
[2026-04-14T06:28:12.980+0000] {processor.py:914} INFO - Processing file /home/airflow/.local/lib/python3.12/site-packages/airflow/example_dags/tutorial_dag.py for tasks to queue
[2026-04-14T06:28:12.980+0000] {logging_mixin.py:190} INFO - [2026-04-14T06:28:12.980+0000] {dagbag.py:588} INFO - Filling up the DagBag from /home/airflow/.local/lib/python3.12/site-packages/airflow/example_dags/tutorial_dag.py
[2026-04-14T06:28:12.985+0000] {processor.py:925} INFO - DAG(s) 'tutorial_dag' retrieved from /home/airflow/.local/lib/python3.12/site-packages/airflow/example_dags/tutorial_dag.py
[2026-04-14T06:28:12.994+0000] {logging_mixin.py:190} INFO - [2026-04-14T06:28:12.993+0000] {dag.py:3239} INFO - Sync 1 DAGs
[2026-04-14T06:28:13.002+0000] {logging_mixin.py:190} INFO - [2026-04-14T06:28:13.002+0000] {dag.py:4180} INFO - Setting next_dagrun for tutorial_dag to None, run_after=None
[2026-04-14T06:28:13.012+0000] {processor.py:208} INFO - Processing /home/airflow/.local/lib/python3.12/site-packages/airflow/example_dags/tutorial_dag.py took 0.036 seconds
[2026-04-14T06:28:43.665+0000] {processor.py:186} INFO - Started process (PID=99171) to work on /home/airflow/.local/lib/python3.12/site-packages/airflow/example_dags/tutorial_dag.py
[2026-04-14T06:28:43.666+0000] {processor.py:914} INFO - Processing file /home/airflow/.local/lib/python3.12/site-packages/airflow/example_dags/tutorial_dag.py for tasks to queue
[2026-04-14T06:28:43.666+0000] {logging_mixin.py:190} INFO - [2026-04-14T06:28:43.666+0000] {dagbag.py:588} INFO - Filling up the DagBag from /home/airflow/.local/lib/python3.12/site-packages/airflow/example_dags/tutorial_dag.py
[2026-04-14T06:28:43.673+0000] {processor.py:925} INFO - DAG(s) 'tutorial_dag' retrieved from /home/airflow/.local/lib/python3.12/site-packages/airflow/example_dags/tutorial_dag.py
[2026-04-14T06:28:43.684+0000] {logging_mixin.py:190} INFO - [2026-04-14T06:28:43.684+0000] {dag.py:3239} INFO - Sync 1 DAGs
[2026-04-14T06:28:43.690+0000] {logging_mixin.py:190} INFO - [2026-04-14T06:28:43.690+0000] {dag.py:4180} INFO - Setting next_dagrun for tutorial_dag to None, run_after=None
[2026-04-14T06:28:43.698+0000] {processor.py:208} INFO - Processing /home/airflow/.local/lib/python3.12/site-packages/airflow/example_dags/tutorial_dag.py took 0.035 seconds
[2026-04-14T06:29:14.331+0000] {processor.py:186} INFO - Started process (PID=99235) to work on /home/airflow/.local/lib/python3.12/site-packages/airflow/example_dags/tutorial_dag.py
[2026-04-14T06:29:14.333+0000] {processor.py:914} INFO - Processing file /home/airflow/.local/lib/python3.12/site-packages/airflow/example_dags/tutorial_dag.py for tasks to queue
[2026-04-14T06:29:14.333+0000] {logging_mixin.py:190} INFO - [2026-04-14T06:29:14.333+0000] {dagbag.py:588} INFO - Filling up the DagBag from /home/airflow/.local/lib/python3.12/site-packages/airflow/example_dags/tutorial_dag.py
[2026-04-14T06:29:14.338+0000] {processor.py:925} INFO - DAG(s) 'tutorial_dag' retrieved from /home/airflow/.local/lib/python3.12/site-packages/airflow/example_dags/tutorial_dag.py
[2026-04-14T06:29:14.348+0000] {logging_mixin.py:190} INFO - [2026-04-14T06:29:14.348+0000] {dag.py:3239} INFO - Sync 1 DAGs
[2026-04-14T06:29:14.354+0000] {logging_mixin.py:190} INFO - [2026-04-14T06:29:14.354+0000] {dag.py:4180} INFO - Setting next_dagrun for tutorial_dag to None, run_after=None
[2026-04-14T06:29:14.363+0000] {processor.py:208} INFO - Processing /home/airflow/.local/lib/python3.12/site-packages/airflow/example_dags/tutorial_dag.py took 0.034 seconds
[2026-04-14T06:29:44.928+0000] {processor.py:186} INFO - Started process (PID=99299) to work on /home/airflow/.local/lib/python3.12/site-packages/airflow/example_dags/tutorial_dag.py
[2026-04-14T06:29:44.928+0000] {processor.py:914} INFO - Processing file /home/airflow/.local/lib/python3.12/site-packages/airflow/example_dags/tutorial_dag.py for tasks to queue
[2026-04-14T06:29:44.929+0000] {logging_mixin.py:190} INFO - [2026-04-14T06:29:44.929+0000] {dagbag.py:588} INFO - Filling up the DagBag from /home/airflow/.local/lib/python3.12/site-packages/airflow/example_dags/tutorial_dag.py
[2026-04-14T06:29:44.932+0000] {processor.py:925} INFO - DAG(s) 'tutorial_dag' retrieved from /home/airflow/.local/lib/python3.12/site-packages/airflow/example_dags/tutorial_dag.py
[2026-04-14T06:29:44.943+0000] {logging_mixin.py:190} INFO - [2026-04-14T06:29:44.943+0000] {dag.py:3239} INFO - Sync 1 DAGs
[2026-04-14T06:29:44.950+0000] {logging_mixin.py:190} INFO - [2026-04-14T06:29:44.950+0000] {dag.py:4180} INFO - Setting next_dagrun for tutorial_dag to None, run_after=None
[2026-04-14T06:29:44.959+0000] {processor.py:208} INFO - Processing /home/airflow/.local/lib/python3.12/site-packages/airflow/example_dags/tutorial_dag.py took 0.033 seconds
[2026-04-14T06:30:15.764+0000] {processor.py:186} INFO - Started process (PID=99363) to work on /home/airflow/.local/lib/python3.12/site-packages/airflow/example_dags/tutorial_dag.py
[2026-04-14T06:30:15.770+0000] {processor.py:914} INFO - Processing file /home/airflow/.local/lib/python3.12/site-packages/airflow/example_dags/tutorial_dag.py for tasks to queue
[2026-04-14T06:30:15.772+0000] {logging_mixin.py:190} INFO - [2026-04-14T06:30:15.772+0000] {dagbag.py:588} INFO - Filling up the DagBag from /home/airflow/.local/lib/python3.12/site-packages/airflow/example_dags/tutorial_dag.py
[2026-04-14T06:30:15.775+0000] {processor.py:925} INFO - DAG(s) 'tutorial_dag' retrieved from /home/airflow/.local/lib/python3.12/site-packages/airflow/example_dags/tutorial_dag.py
[2026-04-14T06:30:15.786+0000] {logging_mixin.py:190} INFO - [2026-04-14T06:30:15.785+0000] {dag.py:3239} INFO - Sync 1 DAGs
[2026-04-14T06:30:15.791+0000] {logging_mixin.py:190} INFO - [2026-04-14T06:30:15.791+0000] {dag.py:4180} INFO - Setting next_dagrun for tutorial_dag to None, run_after=None
[2026-04-14T06:30:15.804+0000] {processor.py:208} INFO - Processing /home/airflow/.local/lib/python3.12/site-packages/airflow/example_dags/tutorial_dag.py took 0.043 seconds
[2026-04-14T06:30:46.096+0000] {processor.py:186} INFO - Started process (PID=99427) to work on /home/airflow/.local/lib/python3.12/site-packages/airflow/example_dags/tutorial_dag.py
[2026-04-14T06:30:46.097+0000] {processor.py:914} INFO - Processing file /home/airflow/.local/lib/python3.12/site-packages/airflow/example_dags/tutorial_dag.py for tasks to queue
[2026-04-14T06:30:46.097+0000] {logging_mixin.py:190} INFO - [2026-04-14T06:30:46.097+0000] {dagbag.py:588} INFO - Filling up the DagBag from /home/airflow/.local/lib/python3.12/site-packages/airflow/example_dags/tutorial_dag.py
[2026-04-14T06:30:46.102+0000] {processor.py:925} INFO - DAG(s) 'tutorial_dag' retrieved from /home/airflow/.local/lib/python3.12/site-packages/airflow/example_dags/tutorial_dag.py
[2026-04-14T06:30:46.116+0000] {logging_mixin.py:190} INFO - [2026-04-14T06:30:46.116+0000] {dag.py:3239} INFO - Sync 1 DAGs
[2026-04-14T06:30:46.122+0000] {logging_mixin.py:190} INFO - [2026-04-14T06:30:46.122+0000] {dag.py:4180} INFO - Setting next_dagrun for tutorial_dag to None, run_after=None
[2026-04-14T06:30:46.128+0000] {processor.py:208} INFO - Processing /home/airflow/.local/lib/python3.12/site-packages/airflow/example_dags/tutorial_dag.py took 0.035 seconds
[2026-04-14T06:31:17.285+0000] {processor.py:186} INFO - Started process (PID=99491) to work on /home/airflow/.local/lib/python3.12/site-packages/airflow/example_dags/tutorial_dag.py
[2026-04-14T06:31:17.285+0000] {processor.py:914} INFO - Processing file /home/airflow/.local/lib/python3.12/site-packages/airflow/example_dags/tutorial_dag.py for tasks to queue
[2026-04-14T06:31:17.286+0000] {logging_mixin.py:190} INFO - [2026-04-14T06:31:17.285+0000] {dagbag.py:588} INFO - Filling up the DagBag from /home/airflow/.local/lib/python3.12/site-packages/airflow/example_dags/tutorial_dag.py
[2026-04-14T06:31:17.289+0000] {processor.py:925} INFO - DAG(s) 'tutorial_dag' retrieved from /home/airflow/.local/lib/python3.12/site-packages/airflow/example_dags/tutorial_dag.py
[2026-04-14T06:31:17.296+0000] {logging_mixin.py:190} INFO - [2026-04-14T06:31:17.296+0000] {dag.py:3239} INFO - Sync 1 DAGs
[2026-04-14T06:31:17.303+0000] {logging_mixin.py:190} INFO - [2026-04-14T06:31:17.303+0000] {dag.py:4180} INFO - Setting next_dagrun for tutorial_dag to None, run_after=None
[2026-04-14T06:31:17.309+0000] {processor.py:208} INFO - Processing /home/airflow/.local/lib/python3.12/site-packages/airflow/example_dags/tutorial_dag.py took 0.027 seconds
[2026-04-14T06:31:47.597+0000] {processor.py:186} INFO - Started process (PID=99555) to work on /home/airflow/.local/lib/python3.12/site-packages/airflow/example_dags/tutorial_dag.py
[2026-04-14T06:31:47.597+0000] {processor.py:914} INFO - Processing file /home/airflow/.local/lib/python3.12/site-packages/airflow/example_dags/tutorial_dag.py for tasks to queue
[2026-04-14T06:31:47.597+0000] {logging_mixin.py:190} INFO - [2026-04-14T06:31:47.597+0000] {dagbag.py:588} INFO - Filling up the DagBag from /home/airflow/.local/lib/python3.12/site-packages/airflow/example_dags/tutorial_dag.py
[2026-04-14T06:31:47.601+0000] {processor.py:925} INFO - DAG(s) 'tutorial_dag' retrieved from /home/airflow/.local/lib/python3.12/site-packages/airflow/example_dags/tutorial_dag.py
[2026-04-14T06:31:47.611+0000] {logging_mixin.py:190} INFO - [2026-04-14T06:31:47.611+0000] {dag.py:3239} INFO - Sync 1 DAGs
[2026-04-14T06:31:47.617+0000] {logging_mixin.py:190} INFO - [2026-04-14T06:31:47.617+0000] {dag.py:4180} INFO - Setting next_dagrun for tutorial_dag to None, run_after=None
[2026-04-14T06:31:47.628+0000] {processor.py:208} INFO - Processing /home/airflow/.local/lib/python3.12/site-packages/airflow/example_dags/tutorial_dag.py took 0.034 seconds
[2026-04-14T06:32:18.000+0000] {processor.py:186} INFO - Started process (PID=99619) to work on /home/airflow/.local/lib/python3.12/site-packages/airflow/example_dags/tutorial_dag.py
[2026-04-14T06:32:18.000+0000] {processor.py:914} INFO - Processing file /home/airflow/.local/lib/python3.12/site-packages/airflow/example_dags/tutorial_dag.py for tasks to queue
[2026-04-14T06:32:18.001+0000] {logging_mixin.py:190} INFO - [2026-04-14T06:32:18.001+0000] {dagbag.py:588} INFO - Filling up the DagBag from /home/airflow/.local/lib/python3.12/site-packages/airflow/example_dags/tutorial_dag.py
[2026-04-14T06:32:18.004+0000] {processor.py:925} INFO - DAG(s) 'tutorial_dag' retrieved from /home/airflow/.local/lib/python3.12/site-packages/airflow/example_dags/tutorial_dag.py
[2026-04-14T06:32:18.011+0000] {logging_mixin.py:190} INFO - [2026-04-14T06:32:18.011+0000] {dag.py:3239} INFO - Sync 1 DAGs
[2026-04-14T06:32:18.019+0000] {logging_mixin.py:190} INFO - [2026-04-14T06:32:18.018+0000] {dag.py:4180} INFO - Setting next_dagrun for tutorial_dag to None, run_after=None
[2026-04-14T06:32:18.030+0000] {processor.py:208} INFO - Processing /home/airflow/.local/lib/python3.12/site-packages/airflow/example_dags/tutorial_dag.py took 0.033 seconds
[2026-04-14T06:32:48.309+0000] {processor.py:186} INFO - Started process (PID=99683) to work on /home/airflow/.local/lib/python3.12/site-packages/airflow/example_dags/tutorial_dag.py
[2026-04-14T06:32:48.309+0000] {processor.py:914} INFO - Processing file /home/airflow/.local/lib/python3.12/site-packages/airflow/example_dags/tutorial_dag.py for tasks to queue
[2026-04-14T06:32:48.310+0000] {logging_mixin.py:190} INFO - [2026-04-14T06:32:48.310+0000] {dagbag.py:588} INFO - Filling up the DagBag from /home/airflow/.local/lib/python3.12/site-packages/airflow/example_dags/tutorial_dag.py
[2026-04-14T06:32:48.313+0000] {processor.py:925} INFO - DAG(s) 'tutorial_dag' retrieved from /home/airflow/.local/lib/python3.12/site-packages/airflow/example_dags/tutorial_dag.py
[2026-04-14T06:32:48.323+0000] {logging_mixin.py:190} INFO - [2026-04-14T06:32:48.323+0000] {dag.py:3239} INFO - Sync 1 DAGs
[2026-04-14T06:32:48.329+0000] {logging_mixin.py:190} INFO - [2026-04-14T06:32:48.329+0000] {dag.py:4180} INFO - Setting next_dagrun for tutorial_dag to None, run_after=None
[2026-04-14T06:32:48.338+0000] {processor.py:208} INFO - Processing /home/airflow/.local/lib/python3.12/site-packages/airflow/example_dags/tutorial_dag.py took 0.031 seconds
[2026-04-14T06:33:18.752+0000] {processor.py:186} INFO - Started process (PID=99747) to work on /home/airflow/.local/lib/python3.12/site-packages/airflow/example_dags/tutorial_dag.py
[2026-04-14T06:33:18.753+0000] {processor.py:914} INFO - Processing file /home/airflow/.local/lib/python3.12/site-packages/airflow/example_dags/tutorial_dag.py for tasks to queue
[2026-04-14T06:33:18.754+0000] {logging_mixin.py:190} INFO - [2026-04-14T06:33:18.753+0000] {dagbag.py:588} INFO - Filling up the DagBag from /home/airflow/.local/lib/python3.12/site-packages/airflow/example_dags/tutorial_dag.py
[2026-04-14T06:33:18.756+0000] {processor.py:925} INFO - DAG(s) 'tutorial_dag' retrieved from /home/airflow/.local/lib/python3.12/site-packages/airflow/example_dags/tutorial_dag.py
[2026-04-14T06:33:18.770+0000] {logging_mixin.py:190} INFO - [2026-04-14T06:33:18.770+0000] {dag.py:3239} INFO - Sync 1 DAGs
[2026-04-14T06:33:18.777+0000] {logging_mixin.py:190} INFO - [2026-04-14T06:33:18.777+0000] {dag.py:4180} INFO - Setting next_dagrun for tutorial_dag to None, run_after=None
[2026-04-14T06:33:18.785+0000] {processor.py:208} INFO - Processing /home/airflow/.local/lib/python3.12/site-packages/airflow/example_dags/tutorial_dag.py took 0.035 seconds
[2026-04-14T06:33:49.052+0000] {processor.py:186} INFO - Started process (PID=99811) to work on /home/airflow/.local/lib/python3.12/site-packages/airflow/example_dags/tutorial_dag.py
[2026-04-14T06:33:49.055+0000] {processor.py:914} INFO - Processing file /home/airflow/.local/lib/python3.12/site-packages/airflow/example_dags/tutorial_dag.py for tasks to queue
[2026-04-14T06:33:49.055+0000] {logging_mixin.py:190} INFO - [2026-04-14T06:33:49.055+0000] {dagbag.py:588} INFO - Filling up the DagBag from /home/airflow/.local/lib/python3.12/site-packages/airflow/example_dags/tutorial_dag.py
[2026-04-14T06:33:49.058+0000] {processor.py:925} INFO - DAG(s) 'tutorial_dag' retrieved from /home/airflow/.local/lib/python3.12/site-packages/airflow/example_dags/tutorial_dag.py
[2026-04-14T06:33:49.068+0000] {logging_mixin.py:190} INFO - [2026-04-14T06:33:49.068+0000] {dag.py:3239} INFO - Sync 1 DAGs
[2026-04-14T06:33:49.074+0000] {logging_mixin.py:190} INFO - [2026-04-14T06:33:49.074+0000] {dag.py:4180} INFO - Setting next_dagrun for tutorial_dag to None, run_after=None
[2026-04-14T06:33:49.080+0000] {processor.py:208} INFO - Processing /home/airflow/.local/lib/python3.12/site-packages/airflow/example_dags/tutorial_dag.py took 0.030 seconds
[2026-04-14T06:34:19.713+0000] {processor.py:186} INFO - Started process (PID=99875) to work on /home/airflow/.local/lib/python3.12/site-packages/airflow/example_dags/tutorial_dag.py
[2026-04-14T06:34:19.714+0000] {processor.py:914} INFO - Processing file /home/airflow/.local/lib/python3.12/site-packages/airflow/example_dags/tutorial_dag.py for tasks to queue
[2026-04-14T06:34:19.714+0000] {logging_mixin.py:190} INFO - [2026-04-14T06:34:19.714+0000] {dagbag.py:588} INFO - Filling up the DagBag from /home/airflow/.local/lib/python3.12/site-packages/airflow/example_dags/tutorial_dag.py
[2026-04-14T06:34:19.717+0000] {processor.py:925} INFO - DAG(s) 'tutorial_dag' retrieved from /home/airflow/.local/lib/python3.12/site-packages/airflow/example_dags/tutorial_dag.py
[2026-04-14T06:34:19.724+0000] {logging_mixin.py:190} INFO - [2026-04-14T06:34:19.724+0000] {dag.py:3239} INFO - Sync 1 DAGs
[2026-04-14T06:34:19.730+0000] {logging_mixin.py:190} INFO - [2026-04-14T06:34:19.729+0000] {dag.py:4180} INFO - Setting next_dagrun for tutorial_dag to None, run_after=None
[2026-04-14T06:34:19.735+0000] {processor.py:208} INFO - Processing /home/airflow/.local/lib/python3.12/site-packages/airflow/example_dags/tutorial_dag.py took 0.024 seconds
[2026-04-14T06:34:50.317+0000] {processor.py:186} INFO - Started process (PID=99939) to work on /home/airflow/.local/lib/python3.12/site-packages/airflow/example_dags/tutorial_dag.py
[2026-04-14T06:34:50.319+0000] {processor.py:914} INFO - Processing file /home/airflow/.local/lib/python3.12/site-packages/airflow/example_dags/tutorial_dag.py for tasks to queue
[2026-04-14T06:34:50.319+0000] {logging_mixin.py:190} INFO - [2026-04-14T06:34:50.319+0000] {dagbag.py:588} INFO - Filling up the DagBag from /home/airflow/.local/lib/python3.12/site-packages/airflow/example_dags/tutorial_dag.py
[2026-04-14T06:34:50.323+0000] {processor.py:925} INFO - DAG(s) 'tutorial_dag' retrieved from /home/airflow/.local/lib/python3.12/site-packages/airflow/example_dags/tutorial_dag.py
[2026-04-14T06:34:50.336+0000] {logging_mixin.py:190} INFO - [2026-04-14T06:34:50.336+0000] {dag.py:3239} INFO - Sync 1 DAGs
[2026-04-14T06:34:50.343+0000] {logging_mixin.py:190} INFO - [2026-04-14T06:34:50.343+0000] {dag.py:4180} INFO - Setting next_dagrun for tutorial_dag to None, run_after=None
[2026-04-14T06:34:50.352+0000] {processor.py:208} INFO - Processing /home/airflow/.local/lib/python3.12/site-packages/airflow/example_dags/tutorial_dag.py took 0.037 seconds
[2026-04-14T06:35:20.844+0000] {processor.py:186} INFO - Started process (PID=304) to work on /home/airflow/.local/lib/python3.12/site-packages/airflow/example_dags/tutorial_dag.py
[2026-04-14T06:35:20.844+0000] {processor.py:914} INFO - Processing file /home/airflow/.local/lib/python3.12/site-packages/airflow/example_dags/tutorial_dag.py for tasks to queue
[2026-04-14T06:35:20.845+0000] {logging_mixin.py:190} INFO - [2026-04-14T06:35:20.845+0000] {dagbag.py:588} INFO - Filling up the DagBag from /home/airflow/.local/lib/python3.12/site-packages/airflow/example_dags/tutorial_dag.py
[2026-04-14T06:35:20.848+0000] {processor.py:925} INFO - DAG(s) 'tutorial_dag' retrieved from /home/airflow/.local/lib/python3.12/site-packages/airflow/example_dags/tutorial_dag.py
[2026-04-14T06:35:20.856+0000] {logging_mixin.py:190} INFO - [2026-04-14T06:35:20.856+0000] {dag.py:3239} INFO - Sync 1 DAGs
[2026-04-14T06:35:20.862+0000] {logging_mixin.py:190} INFO - [2026-04-14T06:35:20.862+0000] {dag.py:4180} INFO - Setting next_dagrun for tutorial_dag to None, run_after=None
[2026-04-14T06:35:20.868+0000] {processor.py:208} INFO - Processing /home/airflow/.local/lib/python3.12/site-packages/airflow/example_dags/tutorial_dag.py took 0.027 seconds
[2026-04-14T06:35:51.309+0000] {processor.py:186} INFO - Started process (PID=368) to work on /home/airflow/.local/lib/python3.12/site-packages/airflow/example_dags/tutorial_dag.py
[2026-04-14T06:35:51.310+0000] {processor.py:914} INFO - Processing file /home/airflow/.local/lib/python3.12/site-packages/airflow/example_dags/tutorial_dag.py for tasks to queue
[2026-04-14T06:35:51.310+0000] {logging_mixin.py:190} INFO - [2026-04-14T06:35:51.310+0000] {dagbag.py:588} INFO - Filling up the DagBag from /home/airflow/.local/lib/python3.12/site-packages/airflow/example_dags/tutorial_dag.py
[2026-04-14T06:35:51.313+0000] {processor.py:925} INFO - DAG(s) 'tutorial_dag' retrieved from /home/airflow/.local/lib/python3.12/site-packages/airflow/example_dags/tutorial_dag.py
[2026-04-14T06:35:51.322+0000] {logging_mixin.py:190} INFO - [2026-04-14T06:35:51.322+0000] {dag.py:3239} INFO - Sync 1 DAGs
[2026-04-14T06:35:51.327+0000] {logging_mixin.py:190} INFO - [2026-04-14T06:35:51.327+0000] {dag.py:4180} INFO - Setting next_dagrun for tutorial_dag to None, run_after=None
[2026-04-14T06:35:51.334+0000] {processor.py:208} INFO - Processing /home/airflow/.local/lib/python3.12/site-packages/airflow/example_dags/tutorial_dag.py took 0.027 seconds
[2026-04-14T06:36:21.759+0000] {processor.py:186} INFO - Started process (PID=432) to work on /home/airflow/.local/lib/python3.12/site-packages/airflow/example_dags/tutorial_dag.py
[2026-04-14T06:36:21.761+0000] {processor.py:914} INFO - Processing file /home/airflow/.local/lib/python3.12/site-packages/airflow/example_dags/tutorial_dag.py for tasks to queue
[2026-04-14T06:36:21.761+0000] {logging_mixin.py:190} INFO - [2026-04-14T06:36:21.761+0000] {dagbag.py:588} INFO - Filling up the DagBag from /home/airflow/.local/lib/python3.12/site-packages/airflow/example_dags/tutorial_dag.py
[2026-04-14T06:36:21.764+0000] {processor.py:925} INFO - DAG(s) 'tutorial_dag' retrieved from /home/airflow/.local/lib/python3.12/site-packages/airflow/example_dags/tutorial_dag.py
[2026-04-14T06:36:21.776+0000] {logging_mixin.py:190} INFO - [2026-04-14T06:36:21.776+0000] {dag.py:3239} INFO - Sync 1 DAGs
[2026-04-14T06:36:21.783+0000] {logging_mixin.py:190} INFO - [2026-04-14T06:36:21.783+0000] {dag.py:4180} INFO - Setting next_dagrun for tutorial_dag to None, run_after=None
[2026-04-14T06:36:21.791+0000] {processor.py:208} INFO - Processing /home/airflow/.local/lib/python3.12/site-packages/airflow/example_dags/tutorial_dag.py took 0.034 seconds
[2026-04-14T06:36:52.307+0000] {processor.py:186} INFO - Started process (PID=496) to work on /home/airflow/.local/lib/python3.12/site-packages/airflow/example_dags/tutorial_dag.py
[2026-04-14T06:36:52.309+0000] {processor.py:914} INFO - Processing file /home/airflow/.local/lib/python3.12/site-packages/airflow/example_dags/tutorial_dag.py for tasks to queue
[2026-04-14T06:36:52.310+0000] {logging_mixin.py:190} INFO - [2026-04-14T06:36:52.310+0000] {dagbag.py:588} INFO - Filling up the DagBag from /home/airflow/.local/lib/python3.12/site-packages/airflow/example_dags/tutorial_dag.py
[2026-04-14T06:36:52.314+0000] {processor.py:925} INFO - DAG(s) 'tutorial_dag' retrieved from /home/airflow/.local/lib/python3.12/site-packages/airflow/example_dags/tutorial_dag.py
[2026-04-14T06:36:52.322+0000] {logging_mixin.py:190} INFO - [2026-04-14T06:36:52.322+0000] {dag.py:3239} INFO - Sync 1 DAGs
[2026-04-14T06:36:52.327+0000] {logging_mixin.py:190} INFO - [2026-04-14T06:36:52.327+0000] {dag.py:4180} INFO - Setting next_dagrun for tutorial_dag to None, run_after=None
[2026-04-14T06:36:52.337+0000] {processor.py:208} INFO - Processing /home/airflow/.local/lib/python3.12/site-packages/airflow/example_dags/tutorial_dag.py took 0.033 seconds
[2026-04-14T06:37:23.526+0000] {processor.py:186} INFO - Started process (PID=560) to work on /home/airflow/.local/lib/python3.12/site-packages/airflow/example_dags/tutorial_dag.py
[2026-04-14T06:37:23.527+0000] {processor.py:914} INFO - Processing file /home/airflow/.local/lib/python3.12/site-packages/airflow/example_dags/tutorial_dag.py for tasks to queue
[2026-04-14T06:37:23.527+0000] {logging_mixin.py:190} INFO - [2026-04-14T06:37:23.527+0000] {dagbag.py:588} INFO - Filling up the DagBag from /home/airflow/.local/lib/python3.12/site-packages/airflow/example_dags/tutorial_dag.py
[2026-04-14T06:37:23.531+0000] {processor.py:925} INFO - DAG(s) 'tutorial_dag' retrieved from /home/airflow/.local/lib/python3.12/site-packages/airflow/example_dags/tutorial_dag.py
[2026-04-14T06:37:23.537+0000] {logging_mixin.py:190} INFO - [2026-04-14T06:37:23.537+0000] {dag.py:3239} INFO - Sync 1 DAGs
[2026-04-14T06:37:23.543+0000] {logging_mixin.py:190} INFO - [2026-04-14T06:37:23.543+0000] {dag.py:4180} INFO - Setting next_dagrun for tutorial_dag to None, run_after=None
[2026-04-14T06:37:23.551+0000] {processor.py:208} INFO - Processing /home/airflow/.local/lib/python3.12/site-packages/airflow/example_dags/tutorial_dag.py took 0.027 seconds
[2026-04-14T06:37:54.782+0000] {processor.py:186} INFO - Started process (PID=624) to work on /home/airflow/.local/lib/python3.12/site-packages/airflow/example_dags/tutorial_dag.py
[2026-04-14T06:37:54.782+0000] {processor.py:914} INFO - Processing file /home/airflow/.local/lib/python3.12/site-packages/airflow/example_dags/tutorial_dag.py for tasks to queue
[2026-04-14T06:37:54.783+0000] {logging_mixin.py:190} INFO - [2026-04-14T06:37:54.783+0000] {dagbag.py:588} INFO - Filling up the DagBag from /home/airflow/.local/lib/python3.12/site-packages/airflow/example_dags/tutorial_dag.py
[2026-04-14T06:37:54.786+0000] {processor.py:925} INFO - DAG(s) 'tutorial_dag' retrieved from /home/airflow/.local/lib/python3.12/site-packages/airflow/example_dags/tutorial_dag.py
[2026-04-14T06:37:54.792+0000] {logging_mixin.py:190} INFO - [2026-04-14T06:37:54.792+0000] {dag.py:3239} INFO - Sync 1 DAGs
[2026-04-14T06:37:54.796+0000] {logging_mixin.py:190} INFO - [2026-04-14T06:37:54.796+0000] {dag.py:4180} INFO - Setting next_dagrun for tutorial_dag to None, run_after=None
[2026-04-14T06:37:54.801+0000] {processor.py:208} INFO - Processing /home/airflow/.local/lib/python3.12/site-packages/airflow/example_dags/tutorial_dag.py took 0.021 seconds
[2026-04-14T06:38:26.028+0000] {processor.py:186} INFO - Started process (PID=688) to work on /home/airflow/.local/lib/python3.12/site-packages/airflow/example_dags/tutorial_dag.py
[2026-04-14T06:38:26.028+0000] {processor.py:914} INFO - Processing file /home/airflow/.local/lib/python3.12/site-packages/airflow/example_dags/tutorial_dag.py for tasks to queue
[2026-04-14T06:38:26.029+0000] {logging_mixin.py:190} INFO - [2026-04-14T06:38:26.029+0000] {dagbag.py:588} INFO - Filling up the DagBag from /home/airflow/.local/lib/python3.12/site-packages/airflow/example_dags/tutorial_dag.py
[2026-04-14T06:38:26.032+0000] {processor.py:925} INFO - DAG(s) 'tutorial_dag' retrieved from /home/airflow/.local/lib/python3.12/site-packages/airflow/example_dags/tutorial_dag.py
[2026-04-14T06:38:26.041+0000] {logging_mixin.py:190} INFO - [2026-04-14T06:38:26.041+0000] {dag.py:3239} INFO - Sync 1 DAGs
[2026-04-14T06:38:26.047+0000] {logging_mixin.py:190} INFO - [2026-04-14T06:38:26.047+0000] {dag.py:4180} INFO - Setting next_dagrun for tutorial_dag to None, run_after=None
[2026-04-14T06:38:26.058+0000] {processor.py:208} INFO - Processing /home/airflow/.local/lib/python3.12/site-packages/airflow/example_dags/tutorial_dag.py took 0.032 seconds
[2026-04-14T06:38:57.199+0000] {processor.py:186} INFO - Started process (PID=752) to work on /home/airflow/.local/lib/python3.12/site-packages/airflow/example_dags/tutorial_dag.py
[2026-04-14T06:38:57.200+0000] {processor.py:914} INFO - Processing file /home/airflow/.local/lib/python3.12/site-packages/airflow/example_dags/tutorial_dag.py for tasks to queue
[2026-04-14T06:38:57.200+0000] {logging_mixin.py:190} INFO - [2026-04-14T06:38:57.200+0000] {dagbag.py:588} INFO - Filling up the DagBag from /home/airflow/.local/lib/python3.12/site-packages/airflow/example_dags/tutorial_dag.py
[2026-04-14T06:38:57.204+0000] {processor.py:925} INFO - DAG(s) 'tutorial_dag' retrieved from /home/airflow/.local/lib/python3.12/site-packages/airflow/example_dags/tutorial_dag.py
[2026-04-14T06:38:57.211+0000] {logging_mixin.py:190} INFO - [2026-04-14T06:38:57.210+0000] {dag.py:3239} INFO - Sync 1 DAGs
[2026-04-14T06:38:57.215+0000] {logging_mixin.py:190} INFO - [2026-04-14T06:38:57.215+0000] {dag.py:4180} INFO - Setting next_dagrun for tutorial_dag to None, run_after=None
[2026-04-14T06:38:57.224+0000] {processor.py:208} INFO - Processing /home/airflow/.local/lib/python3.12/site-packages/airflow/example_dags/tutorial_dag.py took 0.027 seconds
[2026-04-14T06:39:28.433+0000] {processor.py:186} INFO - Started process (PID=816) to work on /home/airflow/.local/lib/python3.12/site-packages/airflow/example_dags/tutorial_dag.py
[2026-04-14T06:39:28.434+0000] {processor.py:914} INFO - Processing file /home/airflow/.local/lib/python3.12/site-packages/airflow/example_dags/tutorial_dag.py for tasks to queue
[2026-04-14T06:39:28.434+0000] {logging_mixin.py:190} INFO - [2026-04-14T06:39:28.434+0000] {dagbag.py:588} INFO - Filling up the DagBag from /home/airflow/.local/lib/python3.12/site-packages/airflow/example_dags/tutorial_dag.py
[2026-04-14T06:39:28.437+0000] {processor.py:925} INFO - DAG(s) 'tutorial_dag' retrieved from /home/airflow/.local/lib/python3.12/site-packages/airflow/example_dags/tutorial_dag.py
[2026-04-14T06:39:28.446+0000] {logging_mixin.py:190} INFO - [2026-04-14T06:39:28.446+0000] {dag.py:3239} INFO - Sync 1 DAGs
[2026-04-14T06:39:28.453+0000] {logging_mixin.py:190} INFO - [2026-04-14T06:39:28.453+0000] {dag.py:4180} INFO - Setting next_dagrun for tutorial_dag to None, run_after=None
[2026-04-14T06:39:28.461+0000] {processor.py:208} INFO - Processing /home/airflow/.local/lib/python3.12/site-packages/airflow/example_dags/tutorial_dag.py took 0.030 seconds
[2026-04-14T06:39:58.963+0000] {processor.py:186} INFO - Started process (PID=880) to work on /home/airflow/.local/lib/python3.12/site-packages/airflow/example_dags/tutorial_dag.py
[2026-04-14T06:39:58.963+0000] {processor.py:914} INFO - Processing file /home/airflow/.local/lib/python3.12/site-packages/airflow/example_dags/tutorial_dag.py for tasks to queue
[2026-04-14T06:39:58.964+0000] {logging_mixin.py:190} INFO - [2026-04-14T06:39:58.964+0000] {dagbag.py:588} INFO - Filling up the DagBag from /home/airflow/.local/lib/python3.12/site-packages/airflow/example_dags/tutorial_dag.py
[2026-04-14T06:39:58.967+0000] {processor.py:925} INFO - DAG(s) 'tutorial_dag' retrieved from /home/airflow/.local/lib/python3.12/site-packages/airflow/example_dags/tutorial_dag.py
[2026-04-14T06:39:58.978+0000] {logging_mixin.py:190} INFO - [2026-04-14T06:39:58.978+0000] {dag.py:3239} INFO - Sync 1 DAGs
[2026-04-14T06:39:58.986+0000] {logging_mixin.py:190} INFO - [2026-04-14T06:39:58.986+0000] {dag.py:4180} INFO - Setting next_dagrun for tutorial_dag to None, run_after=None
[2026-04-14T06:39:58.996+0000] {processor.py:208} INFO - Processing /home/airflow/.local/lib/python3.12/site-packages/airflow/example_dags/tutorial_dag.py took 0.035 seconds
[2026-04-14T06:40:29.308+0000] {processor.py:186} INFO - Started process (PID=944) to work on /home/airflow/.local/lib/python3.12/site-packages/airflow/example_dags/tutorial_dag.py
[2026-04-14T06:40:29.308+0000] {processor.py:914} INFO - Processing file /home/airflow/.local/lib/python3.12/site-packages/airflow/example_dags/tutorial_dag.py for tasks to queue
[2026-04-14T06:40:29.309+0000] {logging_mixin.py:190} INFO - [2026-04-14T06:40:29.308+0000] {dagbag.py:588} INFO - Filling up the DagBag from /home/airflow/.local/lib/python3.12/site-packages/airflow/example_dags/tutorial_dag.py
[2026-04-14T06:40:29.311+0000] {processor.py:925} INFO - DAG(s) 'tutorial_dag' retrieved from /home/airflow/.local/lib/python3.12/site-packages/airflow/example_dags/tutorial_dag.py
[2026-04-14T06:40:29.319+0000] {logging_mixin.py:190} INFO - [2026-04-14T06:40:29.318+0000] {dag.py:3239} INFO - Sync 1 DAGs
[2026-04-14T06:40:29.324+0000] {logging_mixin.py:190} INFO - [2026-04-14T06:40:29.324+0000] {dag.py:4180} INFO - Setting next_dagrun for tutorial_dag to None, run_after=None
[2026-04-14T06:40:29.335+0000] {processor.py:208} INFO - Processing /home/airflow/.local/lib/python3.12/site-packages/airflow/example_dags/tutorial_dag.py took 0.029 seconds
[2026-04-14T06:40:59.689+0000] {processor.py:186} INFO - Started process (PID=1008) to work on /home/airflow/.local/lib/python3.12/site-packages/airflow/example_dags/tutorial_dag.py
[2026-04-14T06:40:59.689+0000] {processor.py:914} INFO - Processing file /home/airflow/.local/lib/python3.12/site-packages/airflow/example_dags/tutorial_dag.py for tasks to queue
[2026-04-14T06:40:59.689+0000] {logging_mixin.py:190} INFO - [2026-04-14T06:40:59.689+0000] {dagbag.py:588} INFO - Filling up the DagBag from /home/airflow/.local/lib/python3.12/site-packages/airflow/example_dags/tutorial_dag.py
[2026-04-14T06:40:59.692+0000] {processor.py:925} INFO - DAG(s) 'tutorial_dag' retrieved from /home/airflow/.local/lib/python3.12/site-packages/airflow/example_dags/tutorial_dag.py
[2026-04-14T06:40:59.700+0000] {logging_mixin.py:190} INFO - [2026-04-14T06:40:59.700+0000] {dag.py:3239} INFO - Sync 1 DAGs
[2026-04-14T06:40:59.705+0000] {logging_mixin.py:190} INFO - [2026-04-14T06:40:59.705+0000] {dag.py:4180} INFO - Setting next_dagrun for tutorial_dag to None, run_after=None
[2026-04-14T06:40:59.710+0000] {processor.py:208} INFO - Processing /home/airflow/.local/lib/python3.12/site-packages/airflow/example_dags/tutorial_dag.py took 0.024 seconds
[2026-04-14T06:41:30.065+0000] {processor.py:186} INFO - Started process (PID=1072) to work on /home/airflow/.local/lib/python3.12/site-packages/airflow/example_dags/tutorial_dag.py
[2026-04-14T06:41:30.065+0000] {processor.py:914} INFO - Processing file /home/airflow/.local/lib/python3.12/site-packages/airflow/example_dags/tutorial_dag.py for tasks to queue
[2026-04-14T06:41:30.066+0000] {logging_mixin.py:190} INFO - [2026-04-14T06:41:30.066+0000] {dagbag.py:588} INFO - Filling up the DagBag from /home/airflow/.local/lib/python3.12/site-packages/airflow/example_dags/tutorial_dag.py
[2026-04-14T06:41:30.071+0000] {processor.py:925} INFO - DAG(s) 'tutorial_dag' retrieved from /home/airflow/.local/lib/python3.12/site-packages/airflow/example_dags/tutorial_dag.py
[2026-04-14T06:41:30.082+0000] {logging_mixin.py:190} INFO - [2026-04-14T06:41:30.081+0000] {dag.py:3239} INFO - Sync 1 DAGs
[2026-04-14T06:41:30.088+0000] {logging_mixin.py:190} INFO - [2026-04-14T06:41:30.087+0000] {dag.py:4180} INFO - Setting next_dagrun for tutorial_dag to None, run_after=None
[2026-04-14T06:41:30.098+0000] {processor.py:208} INFO - Processing /home/airflow/.local/lib/python3.12/site-packages/airflow/example_dags/tutorial_dag.py took 0.036 seconds
[2026-04-14T06:42:00.439+0000] {processor.py:186} INFO - Started process (PID=1136) to work on /home/airflow/.local/lib/python3.12/site-packages/airflow/example_dags/tutorial_dag.py
[2026-04-14T06:42:00.439+0000] {processor.py:914} INFO - Processing file /home/airflow/.local/lib/python3.12/site-packages/airflow/example_dags/tutorial_dag.py for tasks to queue
[2026-04-14T06:42:00.440+0000] {logging_mixin.py:190} INFO - [2026-04-14T06:42:00.440+0000] {dagbag.py:588} INFO - Filling up the DagBag from /home/airflow/.local/lib/python3.12/site-packages/airflow/example_dags/tutorial_dag.py
[2026-04-14T06:42:00.443+0000] {processor.py:925} INFO - DAG(s) 'tutorial_dag' retrieved from /home/airflow/.local/lib/python3.12/site-packages/airflow/example_dags/tutorial_dag.py
[2026-04-14T06:42:00.450+0000] {logging_mixin.py:190} INFO - [2026-04-14T06:42:00.450+0000] {dag.py:3239} INFO - Sync 1 DAGs
[2026-04-14T06:42:00.455+0000] {logging_mixin.py:190} INFO - [2026-04-14T06:42:00.455+0000] {dag.py:4180} INFO - Setting next_dagrun for tutorial_dag to None, run_after=None
[2026-04-14T06:42:00.460+0000] {processor.py:208} INFO - Processing /home/airflow/.local/lib/python3.12/site-packages/airflow/example_dags/tutorial_dag.py took 0.024 seconds
[2026-04-14T06:42:30.791+0000] {processor.py:186} INFO - Started process (PID=1200) to work on /home/airflow/.local/lib/python3.12/site-packages/airflow/example_dags/tutorial_dag.py
[2026-04-14T06:42:30.791+0000] {processor.py:914} INFO - Processing file /home/airflow/.local/lib/python3.12/site-packages/airflow/example_dags/tutorial_dag.py for tasks to queue
[2026-04-14T06:42:30.791+0000] {logging_mixin.py:190} INFO - [2026-04-14T06:42:30.791+0000] {dagbag.py:588} INFO - Filling up the DagBag from /home/airflow/.local/lib/python3.12/site-packages/airflow/example_dags/tutorial_dag.py
[2026-04-14T06:42:30.794+0000] {processor.py:925} INFO - DAG(s) 'tutorial_dag' retrieved from /home/airflow/.local/lib/python3.12/site-packages/airflow/example_dags/tutorial_dag.py
[2026-04-14T06:42:30.803+0000] {logging_mixin.py:190} INFO - [2026-04-14T06:42:30.803+0000] {dag.py:3239} INFO - Sync 1 DAGs
[2026-04-14T06:42:30.808+0000] {logging_mixin.py:190} INFO - [2026-04-14T06:42:30.808+0000] {dag.py:4180} INFO - Setting next_dagrun for tutorial_dag to None, run_after=None
[2026-04-14T06:42:30.816+0000] {processor.py:208} INFO - Processing /home/airflow/.local/lib/python3.12/site-packages/airflow/example_dags/tutorial_dag.py took 0.028 seconds
[2026-04-14T06:43:01.227+0000] {processor.py:186} INFO - Started process (PID=1264) to work on /home/airflow/.local/lib/python3.12/site-packages/airflow/example_dags/tutorial_dag.py
[2026-04-14T06:43:01.227+0000] {processor.py:914} INFO - Processing file /home/airflow/.local/lib/python3.12/site-packages/airflow/example_dags/tutorial_dag.py for tasks to queue
[2026-04-14T06:43:01.227+0000] {logging_mixin.py:190} INFO - [2026-04-14T06:43:01.227+0000] {dagbag.py:588} INFO - Filling up the DagBag from /home/airflow/.local/lib/python3.12/site-packages/airflow/example_dags/tutorial_dag.py
[2026-04-14T06:43:01.230+0000] {processor.py:925} INFO - DAG(s) 'tutorial_dag' retrieved from /home/airflow/.local/lib/python3.12/site-packages/airflow/example_dags/tutorial_dag.py
[2026-04-14T06:43:01.238+0000] {logging_mixin.py:190} INFO - [2026-04-14T06:43:01.238+0000] {dag.py:3239} INFO - Sync 1 DAGs
[2026-04-14T06:43:01.243+0000] {logging_mixin.py:190} INFO - [2026-04-14T06:43:01.243+0000] {dag.py:4180} INFO - Setting next_dagrun for tutorial_dag to None, run_after=None
[2026-04-14T06:43:01.249+0000] {processor.py:208} INFO - Processing /home/airflow/.local/lib/python3.12/site-packages/airflow/example_dags/tutorial_dag.py took 0.025 seconds
[2026-04-14T06:43:31.572+0000] {processor.py:186} INFO - Started process (PID=1328) to work on /home/airflow/.local/lib/python3.12/site-packages/airflow/example_dags/tutorial_dag.py
[2026-04-14T06:43:31.572+0000] {processor.py:914} INFO - Processing file /home/airflow/.local/lib/python3.12/site-packages/airflow/example_dags/tutorial_dag.py for tasks to queue
[2026-04-14T06:43:31.573+0000] {logging_mixin.py:190} INFO - [2026-04-14T06:43:31.573+0000] {dagbag.py:588} INFO - Filling up the DagBag from /home/airflow/.local/lib/python3.12/site-packages/airflow/example_dags/tutorial_dag.py
[2026-04-14T06:43:31.577+0000] {processor.py:925} INFO - DAG(s) 'tutorial_dag' retrieved from /home/airflow/.local/lib/python3.12/site-packages/airflow/example_dags/tutorial_dag.py
[2026-04-14T06:43:31.587+0000] {logging_mixin.py:190} INFO - [2026-04-14T06:43:31.587+0000] {dag.py:3239} INFO - Sync 1 DAGs
[2026-04-14T06:43:31.593+0000] {logging_mixin.py:190} INFO - [2026-04-14T06:43:31.593+0000] {dag.py:4180} INFO - Setting next_dagrun for tutorial_dag to None, run_after=None
[2026-04-14T06:43:31.604+0000] {processor.py:208} INFO - Processing /home/airflow/.local/lib/python3.12/site-packages/airflow/example_dags/tutorial_dag.py took 0.035 seconds
[2026-04-14T06:44:01.994+0000] {processor.py:186} INFO - Started process (PID=1392) to work on /home/airflow/.local/lib/python3.12/site-packages/airflow/example_dags/tutorial_dag.py
[2026-04-14T06:44:01.995+0000] {processor.py:914} INFO - Processing file /home/airflow/.local/lib/python3.12/site-packages/airflow/example_dags/tutorial_dag.py for tasks to queue
[2026-04-14T06:44:01.995+0000] {logging_mixin.py:190} INFO - [2026-04-14T06:44:01.995+0000] {dagbag.py:588} INFO - Filling up the DagBag from /home/airflow/.local/lib/python3.12/site-packages/airflow/example_dags/tutorial_dag.py
[2026-04-14T06:44:01.999+0000] {processor.py:925} INFO - DAG(s) 'tutorial_dag' retrieved from /home/airflow/.local/lib/python3.12/site-packages/airflow/example_dags/tutorial_dag.py
[2026-04-14T06:44:02.006+0000] {logging_mixin.py:190} INFO - [2026-04-14T06:44:02.006+0000] {dag.py:3239} INFO - Sync 1 DAGs
[2026-04-14T06:44:02.011+0000] {logging_mixin.py:190} INFO - [2026-04-14T06:44:02.011+0000] {dag.py:4180} INFO - Setting next_dagrun for tutorial_dag to None, run_after=None
[2026-04-14T06:44:02.017+0000] {processor.py:208} INFO - Processing /home/airflow/.local/lib/python3.12/site-packages/airflow/example_dags/tutorial_dag.py took 0.025 seconds
[2026-04-14T06:44:32.333+0000] {processor.py:186} INFO - Started process (PID=1456) to work on /home/airflow/.local/lib/python3.12/site-packages/airflow/example_dags/tutorial_dag.py
[2026-04-14T06:44:32.333+0000] {processor.py:914} INFO - Processing file /home/airflow/.local/lib/python3.12/site-packages/airflow/example_dags/tutorial_dag.py for tasks to queue
[2026-04-14T06:44:32.334+0000] {logging_mixin.py:190} INFO - [2026-04-14T06:44:32.333+0000] {dagbag.py:588} INFO - Filling up the DagBag from /home/airflow/.local/lib/python3.12/site-packages/airflow/example_dags/tutorial_dag.py
[2026-04-14T06:44:32.337+0000] {processor.py:925} INFO - DAG(s) 'tutorial_dag' retrieved from /home/airflow/.local/lib/python3.12/site-packages/airflow/example_dags/tutorial_dag.py
[2026-04-14T06:44:32.345+0000] {logging_mixin.py:190} INFO - [2026-04-14T06:44:32.345+0000] {dag.py:3239} INFO - Sync 1 DAGs
[2026-04-14T06:44:32.350+0000] {logging_mixin.py:190} INFO - [2026-04-14T06:44:32.350+0000] {dag.py:4180} INFO - Setting next_dagrun for tutorial_dag to None, run_after=None
[2026-04-14T06:44:32.355+0000] {processor.py:208} INFO - Processing /home/airflow/.local/lib/python3.12/site-packages/airflow/example_dags/tutorial_dag.py took 0.025 seconds
[2026-04-14T06:45:02.839+0000] {processor.py:186} INFO - Started process (PID=1526) to work on /home/airflow/.local/lib/python3.12/site-packages/airflow/example_dags/tutorial_dag.py
[2026-04-14T06:45:02.840+0000] {processor.py:914} INFO - Processing file /home/airflow/.local/lib/python3.12/site-packages/airflow/example_dags/tutorial_dag.py for tasks to queue
[2026-04-14T06:45:02.840+0000] {logging_mixin.py:190} INFO - [2026-04-14T06:45:02.840+0000] {dagbag.py:588} INFO - Filling up the DagBag from /home/airflow/.local/lib/python3.12/site-packages/airflow/example_dags/tutorial_dag.py
[2026-04-14T06:45:02.846+0000] {processor.py:925} INFO - DAG(s) 'tutorial_dag' retrieved from /home/airflow/.local/lib/python3.12/site-packages/airflow/example_dags/tutorial_dag.py
[2026-04-14T06:45:02.855+0000] {logging_mixin.py:190} INFO - [2026-04-14T06:45:02.855+0000] {dag.py:3239} INFO - Sync 1 DAGs
[2026-04-14T06:45:02.861+0000] {logging_mixin.py:190} INFO - [2026-04-14T06:45:02.860+0000] {dag.py:4180} INFO - Setting next_dagrun for tutorial_dag to None, run_after=None
[2026-04-14T06:45:02.869+0000] {processor.py:208} INFO - Processing /home/airflow/.local/lib/python3.12/site-packages/airflow/example_dags/tutorial_dag.py took 0.033 seconds
[2026-04-14T06:45:33.116+0000] {processor.py:186} INFO - Started process (PID=1590) to work on /home/airflow/.local/lib/python3.12/site-packages/airflow/example_dags/tutorial_dag.py
[2026-04-14T06:45:33.117+0000] {processor.py:914} INFO - Processing file /home/airflow/.local/lib/python3.12/site-packages/airflow/example_dags/tutorial_dag.py for tasks to queue
[2026-04-14T06:45:33.117+0000] {logging_mixin.py:190} INFO - [2026-04-14T06:45:33.117+0000] {dagbag.py:588} INFO - Filling up the DagBag from /home/airflow/.local/lib/python3.12/site-packages/airflow/example_dags/tutorial_dag.py
[2026-04-14T06:45:33.121+0000] {processor.py:925} INFO - DAG(s) 'tutorial_dag' retrieved from /home/airflow/.local/lib/python3.12/site-packages/airflow/example_dags/tutorial_dag.py
[2026-04-14T06:45:33.129+0000] {logging_mixin.py:190} INFO - [2026-04-14T06:45:33.129+0000] {dag.py:3239} INFO - Sync 1 DAGs
[2026-04-14T06:45:33.137+0000] {logging_mixin.py:190} INFO - [2026-04-14T06:45:33.137+0000] {dag.py:4180} INFO - Setting next_dagrun for tutorial_dag to None, run_after=None
[2026-04-14T06:45:33.148+0000] {processor.py:208} INFO - Processing /home/airflow/.local/lib/python3.12/site-packages/airflow/example_dags/tutorial_dag.py took 0.034 seconds
[2026-04-14T06:46:03.413+0000] {processor.py:186} INFO - Started process (PID=1654) to work on /home/airflow/.local/lib/python3.12/site-packages/airflow/example_dags/tutorial_dag.py
[2026-04-14T06:46:03.414+0000] {processor.py:914} INFO - Processing file /home/airflow/.local/lib/python3.12/site-packages/airflow/example_dags/tutorial_dag.py for tasks to queue
[2026-04-14T06:46:03.416+0000] {logging_mixin.py:190} INFO - [2026-04-14T06:46:03.415+0000] {dagbag.py:588} INFO - Filling up the DagBag from /home/airflow/.local/lib/python3.12/site-packages/airflow/example_dags/tutorial_dag.py
[2026-04-14T06:46:03.419+0000] {processor.py:925} INFO - DAG(s) 'tutorial_dag' retrieved from /home/airflow/.local/lib/python3.12/site-packages/airflow/example_dags/tutorial_dag.py
[2026-04-14T06:46:03.428+0000] {logging_mixin.py:190} INFO - [2026-04-14T06:46:03.428+0000] {dag.py:3239} INFO - Sync 1 DAGs
[2026-04-14T06:46:03.434+0000] {logging_mixin.py:190} INFO - [2026-04-14T06:46:03.434+0000] {dag.py:4180} INFO - Setting next_dagrun for tutorial_dag to None, run_after=None
[2026-04-14T06:46:03.440+0000] {processor.py:208} INFO - Processing /home/airflow/.local/lib/python3.12/site-packages/airflow/example_dags/tutorial_dag.py took 0.029 seconds
[2026-04-14T06:46:33.696+0000] {processor.py:186} INFO - Started process (PID=1718) to work on /home/airflow/.local/lib/python3.12/site-packages/airflow/example_dags/tutorial_dag.py
[2026-04-14T06:46:33.696+0000] {processor.py:914} INFO - Processing file /home/airflow/.local/lib/python3.12/site-packages/airflow/example_dags/tutorial_dag.py for tasks to queue
[2026-04-14T06:46:33.696+0000] {logging_mixin.py:190} INFO - [2026-04-14T06:46:33.696+0000] {dagbag.py:588} INFO - Filling up the DagBag from /home/airflow/.local/lib/python3.12/site-packages/airflow/example_dags/tutorial_dag.py
[2026-04-14T06:46:33.700+0000] {processor.py:925} INFO - DAG(s) 'tutorial_dag' retrieved from /home/airflow/.local/lib/python3.12/site-packages/airflow/example_dags/tutorial_dag.py
[2026-04-14T06:46:33.706+0000] {logging_mixin.py:190} INFO - [2026-04-14T06:46:33.706+0000] {dag.py:3239} INFO - Sync 1 DAGs
[2026-04-14T06:46:33.712+0000] {logging_mixin.py:190} INFO - [2026-04-14T06:46:33.712+0000] {dag.py:4180} INFO - Setting next_dagrun for tutorial_dag to None, run_after=None
[2026-04-14T06:46:33.718+0000] {processor.py:208} INFO - Processing /home/airflow/.local/lib/python3.12/site-packages/airflow/example_dags/tutorial_dag.py took 0.024 seconds
[2026-04-14T06:47:04.170+0000] {processor.py:186} INFO - Started process (PID=1782) to work on /home/airflow/.local/lib/python3.12/site-packages/airflow/example_dags/tutorial_dag.py
[2026-04-14T06:47:04.170+0000] {processor.py:914} INFO - Processing file /home/airflow/.local/lib/python3.12/site-packages/airflow/example_dags/tutorial_dag.py for tasks to queue
[2026-04-14T06:47:04.171+0000] {logging_mixin.py:190} INFO - [2026-04-14T06:47:04.171+0000] {dagbag.py:588} INFO - Filling up the DagBag from /home/airflow/.local/lib/python3.12/site-packages/airflow/example_dags/tutorial_dag.py
[2026-04-14T06:47:04.176+0000] {processor.py:925} INFO - DAG(s) 'tutorial_dag' retrieved from /home/airflow/.local/lib/python3.12/site-packages/airflow/example_dags/tutorial_dag.py
[2026-04-14T06:47:04.186+0000] {logging_mixin.py:190} INFO - [2026-04-14T06:47:04.186+0000] {dag.py:3239} INFO - Sync 1 DAGs
[2026-04-14T06:47:04.192+0000] {logging_mixin.py:190} INFO - [2026-04-14T06:47:04.192+0000] {dag.py:4180} INFO - Setting next_dagrun for tutorial_dag to None, run_after=None
[2026-04-14T06:47:04.198+0000] {processor.py:208} INFO - Processing /home/airflow/.local/lib/python3.12/site-packages/airflow/example_dags/tutorial_dag.py took 0.031 seconds
[2026-04-14T06:47:34.415+0000] {processor.py:186} INFO - Started process (PID=1846) to work on /home/airflow/.local/lib/python3.12/site-packages/airflow/example_dags/tutorial_dag.py
[2026-04-14T06:47:34.415+0000] {processor.py:914} INFO - Processing file /home/airflow/.local/lib/python3.12/site-packages/airflow/example_dags/tutorial_dag.py for tasks to queue
[2026-04-14T06:47:34.416+0000] {logging_mixin.py:190} INFO - [2026-04-14T06:47:34.416+0000] {dagbag.py:588} INFO - Filling up the DagBag from /home/airflow/.local/lib/python3.12/site-packages/airflow/example_dags/tutorial_dag.py
[2026-04-14T06:47:34.418+0000] {processor.py:925} INFO - DAG(s) 'tutorial_dag' retrieved from /home/airflow/.local/lib/python3.12/site-packages/airflow/example_dags/tutorial_dag.py
[2026-04-14T06:47:34.426+0000] {logging_mixin.py:190} INFO - [2026-04-14T06:47:34.425+0000] {dag.py:3239} INFO - Sync 1 DAGs
[2026-04-14T06:47:34.430+0000] {logging_mixin.py:190} INFO - [2026-04-14T06:47:34.430+0000] {dag.py:4180} INFO - Setting next_dagrun for tutorial_dag to None, run_after=None
[2026-04-14T06:47:34.436+0000] {processor.py:208} INFO - Processing /home/airflow/.local/lib/python3.12/site-packages/airflow/example_dags/tutorial_dag.py took 0.024 seconds
[2026-04-14T06:48:05.059+0000] {processor.py:186} INFO - Started process (PID=1910) to work on /home/airflow/.local/lib/python3.12/site-packages/airflow/example_dags/tutorial_dag.py
[2026-04-14T06:48:05.061+0000] {processor.py:914} INFO - Processing file /home/airflow/.local/lib/python3.12/site-packages/airflow/example_dags/tutorial_dag.py for tasks to queue
[2026-04-14T06:48:05.062+0000] {logging_mixin.py:190} INFO - [2026-04-14T06:48:05.061+0000] {dagbag.py:588} INFO - Filling up the DagBag from /home/airflow/.local/lib/python3.12/site-packages/airflow/example_dags/tutorial_dag.py
[2026-04-14T06:48:05.066+0000] {processor.py:925} INFO - DAG(s) 'tutorial_dag' retrieved from /home/airflow/.local/lib/python3.12/site-packages/airflow/example_dags/tutorial_dag.py
[2026-04-14T06:48:05.075+0000] {logging_mixin.py:190} INFO - [2026-04-14T06:48:05.074+0000] {dag.py:3239} INFO - Sync 1 DAGs
[2026-04-14T06:48:05.082+0000] {logging_mixin.py:190} INFO - [2026-04-14T06:48:05.081+0000] {dag.py:4180} INFO - Setting next_dagrun for tutorial_dag to None, run_after=None
[2026-04-14T06:48:05.090+0000] {processor.py:208} INFO - Processing /home/airflow/.local/lib/python3.12/site-packages/airflow/example_dags/tutorial_dag.py took 0.033 seconds
[2026-04-14T06:48:36.493+0000] {processor.py:186} INFO - Started process (PID=1974) to work on /home/airflow/.local/lib/python3.12/site-packages/airflow/example_dags/tutorial_dag.py
[2026-04-14T06:48:36.494+0000] {processor.py:914} INFO - Processing file /home/airflow/.local/lib/python3.12/site-packages/airflow/example_dags/tutorial_dag.py for tasks to queue
[2026-04-14T06:48:36.494+0000] {logging_mixin.py:190} INFO - [2026-04-14T06:48:36.494+0000] {dagbag.py:588} INFO - Filling up the DagBag from /home/airflow/.local/lib/python3.12/site-packages/airflow/example_dags/tutorial_dag.py
[2026-04-14T06:48:36.498+0000] {processor.py:925} INFO - DAG(s) 'tutorial_dag' retrieved from /home/airflow/.local/lib/python3.12/site-packages/airflow/example_dags/tutorial_dag.py
[2026-04-14T06:48:36.505+0000] {logging_mixin.py:190} INFO - [2026-04-14T06:48:36.505+0000] {dag.py:3239} INFO - Sync 1 DAGs
[2026-04-14T06:48:36.511+0000] {logging_mixin.py:190} INFO - [2026-04-14T06:48:36.511+0000] {dag.py:4180} INFO - Setting next_dagrun for tutorial_dag to None, run_after=None
[2026-04-14T06:48:36.520+0000] {processor.py:208} INFO - Processing /home/airflow/.local/lib/python3.12/site-packages/airflow/example_dags/tutorial_dag.py took 0.029 seconds
[2026-04-14T06:49:06.965+0000] {processor.py:186} INFO - Started process (PID=2038) to work on /home/airflow/.local/lib/python3.12/site-packages/airflow/example_dags/tutorial_dag.py
[2026-04-14T06:49:06.966+0000] {processor.py:914} INFO - Processing file /home/airflow/.local/lib/python3.12/site-packages/airflow/example_dags/tutorial_dag.py for tasks to queue
[2026-04-14T06:49:06.966+0000] {logging_mixin.py:190} INFO - [2026-04-14T06:49:06.966+0000] {dagbag.py:588} INFO - Filling up the DagBag from /home/airflow/.local/lib/python3.12/site-packages/airflow/example_dags/tutorial_dag.py
[2026-04-14T06:49:06.970+0000] {processor.py:925} INFO - DAG(s) 'tutorial_dag' retrieved from /home/airflow/.local/lib/python3.12/site-packages/airflow/example_dags/tutorial_dag.py
[2026-04-14T06:49:06.982+0000] {logging_mixin.py:190} INFO - [2026-04-14T06:49:06.982+0000] {dag.py:3239} INFO - Sync 1 DAGs
[2026-04-14T06:49:06.992+0000] {logging_mixin.py:190} INFO - [2026-04-14T06:49:06.992+0000] {dag.py:4180} INFO - Setting next_dagrun for tutorial_dag to None, run_after=None
[2026-04-14T06:49:07.003+0000] {processor.py:208} INFO - Processing /home/airflow/.local/lib/python3.12/site-packages/airflow/example_dags/tutorial_dag.py took 0.042 seconds
[2026-04-14T06:49:37.469+0000] {processor.py:186} INFO - Started process (PID=2102) to work on /home/airflow/.local/lib/python3.12/site-packages/airflow/example_dags/tutorial_dag.py
[2026-04-14T06:49:37.470+0000] {processor.py:914} INFO - Processing file /home/airflow/.local/lib/python3.12/site-packages/airflow/example_dags/tutorial_dag.py for tasks to queue
[2026-04-14T06:49:37.470+0000] {logging_mixin.py:190} INFO - [2026-04-14T06:49:37.470+0000] {dagbag.py:588} INFO - Filling up the DagBag from /home/airflow/.local/lib/python3.12/site-packages/airflow/example_dags/tutorial_dag.py
[2026-04-14T06:49:37.474+0000] {processor.py:925} INFO - DAG(s) 'tutorial_dag' retrieved from /home/airflow/.local/lib/python3.12/site-packages/airflow/example_dags/tutorial_dag.py
[2026-04-14T06:49:37.484+0000] {logging_mixin.py:190} INFO - [2026-04-14T06:49:37.484+0000] {dag.py:3239} INFO - Sync 1 DAGs
[2026-04-14T06:49:37.493+0000] {logging_mixin.py:190} INFO - [2026-04-14T06:49:37.493+0000] {dag.py:4180} INFO - Setting next_dagrun for tutorial_dag to None, run_after=None
[2026-04-14T06:49:37.504+0000] {processor.py:208} INFO - Processing /home/airflow/.local/lib/python3.12/site-packages/airflow/example_dags/tutorial_dag.py took 0.038 seconds
[2026-04-14T06:50:07.961+0000] {processor.py:186} INFO - Started process (PID=2166) to work on /home/airflow/.local/lib/python3.12/site-packages/airflow/example_dags/tutorial_dag.py
[2026-04-14T06:50:07.962+0000] {processor.py:914} INFO - Processing file /home/airflow/.local/lib/python3.12/site-packages/airflow/example_dags/tutorial_dag.py for tasks to queue
[2026-04-14T06:50:07.963+0000] {logging_mixin.py:190} INFO - [2026-04-14T06:50:07.962+0000] {dagbag.py:588} INFO - Filling up the DagBag from /home/airflow/.local/lib/python3.12/site-packages/airflow/example_dags/tutorial_dag.py
[2026-04-14T06:50:07.966+0000] {processor.py:925} INFO - DAG(s) 'tutorial_dag' retrieved from /home/airflow/.local/lib/python3.12/site-packages/airflow/example_dags/tutorial_dag.py
[2026-04-14T06:50:07.974+0000] {logging_mixin.py:190} INFO - [2026-04-14T06:50:07.974+0000] {dag.py:3239} INFO - Sync 1 DAGs
[2026-04-14T06:50:07.979+0000] {logging_mixin.py:190} INFO - [2026-04-14T06:50:07.979+0000] {dag.py:4180} INFO - Setting next_dagrun for tutorial_dag to None, run_after=None
[2026-04-14T06:50:07.989+0000] {processor.py:208} INFO - Processing /home/airflow/.local/lib/python3.12/site-packages/airflow/example_dags/tutorial_dag.py took 0.030 seconds
[2026-04-14T06:50:39.325+0000] {processor.py:186} INFO - Started process (PID=2230) to work on /home/airflow/.local/lib/python3.12/site-packages/airflow/example_dags/tutorial_dag.py
[2026-04-14T06:50:39.325+0000] {processor.py:914} INFO - Processing file /home/airflow/.local/lib/python3.12/site-packages/airflow/example_dags/tutorial_dag.py for tasks to queue
[2026-04-14T06:50:39.326+0000] {logging_mixin.py:190} INFO - [2026-04-14T06:50:39.326+0000] {dagbag.py:588} INFO - Filling up the DagBag from /home/airflow/.local/lib/python3.12/site-packages/airflow/example_dags/tutorial_dag.py
[2026-04-14T06:50:39.328+0000] {processor.py:925} INFO - DAG(s) 'tutorial_dag' retrieved from /home/airflow/.local/lib/python3.12/site-packages/airflow/example_dags/tutorial_dag.py
[2026-04-14T06:50:39.335+0000] {logging_mixin.py:190} INFO - [2026-04-14T06:50:39.335+0000] {dag.py:3239} INFO - Sync 1 DAGs
[2026-04-14T06:50:39.340+0000] {logging_mixin.py:190} INFO - [2026-04-14T06:50:39.340+0000] {dag.py:4180} INFO - Setting next_dagrun for tutorial_dag to None, run_after=None
[2026-04-14T06:50:39.345+0000] {processor.py:208} INFO - Processing /home/airflow/.local/lib/python3.12/site-packages/airflow/example_dags/tutorial_dag.py took 0.022 seconds
[2026-04-14T06:51:09.769+0000] {processor.py:186} INFO - Started process (PID=2294) to work on /home/airflow/.local/lib/python3.12/site-packages/airflow/example_dags/tutorial_dag.py
[2026-04-14T06:51:09.771+0000] {processor.py:914} INFO - Processing file /home/airflow/.local/lib/python3.12/site-packages/airflow/example_dags/tutorial_dag.py for tasks to queue
[2026-04-14T06:51:09.772+0000] {logging_mixin.py:190} INFO - [2026-04-14T06:51:09.772+0000] {dagbag.py:588} INFO - Filling up the DagBag from /home/airflow/.local/lib/python3.12/site-packages/airflow/example_dags/tutorial_dag.py
[2026-04-14T06:51:09.778+0000] {processor.py:925} INFO - DAG(s) 'tutorial_dag' retrieved from /home/airflow/.local/lib/python3.12/site-packages/airflow/example_dags/tutorial_dag.py
[2026-04-14T06:51:09.788+0000] {logging_mixin.py:190} INFO - [2026-04-14T06:51:09.788+0000] {dag.py:3239} INFO - Sync 1 DAGs
[2026-04-14T06:51:09.794+0000] {logging_mixin.py:190} INFO - [2026-04-14T06:51:09.794+0000] {dag.py:4180} INFO - Setting next_dagrun for tutorial_dag to None, run_after=None
[2026-04-14T06:51:09.800+0000] {processor.py:208} INFO - Processing /home/airflow/.local/lib/python3.12/site-packages/airflow/example_dags/tutorial_dag.py took 0.033 seconds
[2026-04-14T06:51:40.287+0000] {processor.py:186} INFO - Started process (PID=2358) to work on /home/airflow/.local/lib/python3.12/site-packages/airflow/example_dags/tutorial_dag.py
[2026-04-14T06:51:40.287+0000] {processor.py:914} INFO - Processing file /home/airflow/.local/lib/python3.12/site-packages/airflow/example_dags/tutorial_dag.py for tasks to queue
[2026-04-14T06:51:40.288+0000] {logging_mixin.py:190} INFO - [2026-04-14T06:51:40.287+0000] {dagbag.py:588} INFO - Filling up the DagBag from /home/airflow/.local/lib/python3.12/site-packages/airflow/example_dags/tutorial_dag.py
[2026-04-14T06:51:40.290+0000] {processor.py:925} INFO - DAG(s) 'tutorial_dag' retrieved from /home/airflow/.local/lib/python3.12/site-packages/airflow/example_dags/tutorial_dag.py
[2026-04-14T06:51:40.297+0000] {logging_mixin.py:190} INFO - [2026-04-14T06:51:40.296+0000] {dag.py:3239} INFO - Sync 1 DAGs
[2026-04-14T06:51:40.301+0000] {logging_mixin.py:190} INFO - [2026-04-14T06:51:40.301+0000] {dag.py:4180} INFO - Setting next_dagrun for tutorial_dag to None, run_after=None
[2026-04-14T06:51:40.306+0000] {processor.py:208} INFO - Processing /home/airflow/.local/lib/python3.12/site-packages/airflow/example_dags/tutorial_dag.py took 0.022 seconds
[2026-04-14T06:52:10.901+0000] {processor.py:186} INFO - Started process (PID=2422) to work on /home/airflow/.local/lib/python3.12/site-packages/airflow/example_dags/tutorial_dag.py
[2026-04-14T06:52:10.902+0000] {processor.py:914} INFO - Processing file /home/airflow/.local/lib/python3.12/site-packages/airflow/example_dags/tutorial_dag.py for tasks to queue
[2026-04-14T06:52:10.902+0000] {logging_mixin.py:190} INFO - [2026-04-14T06:52:10.902+0000] {dagbag.py:588} INFO - Filling up the DagBag from /home/airflow/.local/lib/python3.12/site-packages/airflow/example_dags/tutorial_dag.py
[2026-04-14T06:52:10.905+0000] {processor.py:925} INFO - DAG(s) 'tutorial_dag' retrieved from /home/airflow/.local/lib/python3.12/site-packages/airflow/example_dags/tutorial_dag.py
[2026-04-14T06:52:10.915+0000] {logging_mixin.py:190} INFO - [2026-04-14T06:52:10.915+0000] {dag.py:3239} INFO - Sync 1 DAGs
[2026-04-14T06:52:10.922+0000] {logging_mixin.py:190} INFO - [2026-04-14T06:52:10.922+0000] {dag.py:4180} INFO - Setting next_dagrun for tutorial_dag to None, run_after=None
[2026-04-14T06:52:10.930+0000] {processor.py:208} INFO - Processing /home/airflow/.local/lib/python3.12/site-packages/airflow/example_dags/tutorial_dag.py took 0.031 seconds
[2026-04-14T06:52:41.355+0000] {processor.py:186} INFO - Started process (PID=2486) to work on /home/airflow/.local/lib/python3.12/site-packages/airflow/example_dags/tutorial_dag.py
[2026-04-14T06:52:41.357+0000] {processor.py:914} INFO - Processing file /home/airflow/.local/lib/python3.12/site-packages/airflow/example_dags/tutorial_dag.py for tasks to queue
[2026-04-14T06:52:41.358+0000] {logging_mixin.py:190} INFO - [2026-04-14T06:52:41.358+0000] {dagbag.py:588} INFO - Filling up the DagBag from /home/airflow/.local/lib/python3.12/site-packages/airflow/example_dags/tutorial_dag.py
[2026-04-14T06:52:41.362+0000] {processor.py:925} INFO - DAG(s) 'tutorial_dag' retrieved from /home/airflow/.local/lib/python3.12/site-packages/airflow/example_dags/tutorial_dag.py
[2026-04-14T06:52:41.370+0000] {logging_mixin.py:190} INFO - [2026-04-14T06:52:41.370+0000] {dag.py:3239} INFO - Sync 1 DAGs
[2026-04-14T06:52:41.375+0000] {logging_mixin.py:190} INFO - [2026-04-14T06:52:41.375+0000] {dag.py:4180} INFO - Setting next_dagrun for tutorial_dag to None, run_after=None
[2026-04-14T06:52:41.385+0000] {processor.py:208} INFO - Processing /home/airflow/.local/lib/python3.12/site-packages/airflow/example_dags/tutorial_dag.py took 0.033 seconds
[2026-04-14T06:53:11.653+0000] {processor.py:186} INFO - Started process (PID=2550) to work on /home/airflow/.local/lib/python3.12/site-packages/airflow/example_dags/tutorial_dag.py
[2026-04-14T06:53:11.653+0000] {processor.py:914} INFO - Processing file /home/airflow/.local/lib/python3.12/site-packages/airflow/example_dags/tutorial_dag.py for tasks to queue
[2026-04-14T06:53:11.654+0000] {logging_mixin.py:190} INFO - [2026-04-14T06:53:11.653+0000] {dagbag.py:588} INFO - Filling up the DagBag from /home/airflow/.local/lib/python3.12/site-packages/airflow/example_dags/tutorial_dag.py
[2026-04-14T06:53:11.656+0000] {processor.py:925} INFO - DAG(s) 'tutorial_dag' retrieved from /home/airflow/.local/lib/python3.12/site-packages/airflow/example_dags/tutorial_dag.py
[2026-04-14T06:53:11.663+0000] {logging_mixin.py:190} INFO - [2026-04-14T06:53:11.663+0000] {dag.py:3239} INFO - Sync 1 DAGs
[2026-04-14T06:53:11.667+0000] {logging_mixin.py:190} INFO - [2026-04-14T06:53:11.667+0000] {dag.py:4180} INFO - Setting next_dagrun for tutorial_dag to None, run_after=None
[2026-04-14T06:53:11.672+0000] {processor.py:208} INFO - Processing /home/airflow/.local/lib/python3.12/site-packages/airflow/example_dags/tutorial_dag.py took 0.021 seconds
[2026-04-14T06:53:42.059+0000] {processor.py:186} INFO - Started process (PID=2614) to work on /home/airflow/.local/lib/python3.12/site-packages/airflow/example_dags/tutorial_dag.py
[2026-04-14T06:53:42.059+0000] {processor.py:914} INFO - Processing file /home/airflow/.local/lib/python3.12/site-packages/airflow/example_dags/tutorial_dag.py for tasks to queue
[2026-04-14T06:53:42.060+0000] {logging_mixin.py:190} INFO - [2026-04-14T06:53:42.060+0000] {dagbag.py:588} INFO - Filling up the DagBag from /home/airflow/.local/lib/python3.12/site-packages/airflow/example_dags/tutorial_dag.py
[2026-04-14T06:53:42.063+0000] {processor.py:925} INFO - DAG(s) 'tutorial_dag' retrieved from /home/airflow/.local/lib/python3.12/site-packages/airflow/example_dags/tutorial_dag.py
[2026-04-14T06:53:42.075+0000] {logging_mixin.py:190} INFO - [2026-04-14T06:53:42.075+0000] {dag.py:3239} INFO - Sync 1 DAGs
[2026-04-14T06:53:42.082+0000] {logging_mixin.py:190} INFO - [2026-04-14T06:53:42.082+0000] {dag.py:4180} INFO - Setting next_dagrun for tutorial_dag to None, run_after=None
[2026-04-14T06:53:42.093+0000] {processor.py:208} INFO - Processing /home/airflow/.local/lib/python3.12/site-packages/airflow/example_dags/tutorial_dag.py took 0.036 seconds
[2026-04-14T06:54:13.243+0000] {processor.py:186} INFO - Started process (PID=2678) to work on /home/airflow/.local/lib/python3.12/site-packages/airflow/example_dags/tutorial_dag.py
[2026-04-14T06:54:13.243+0000] {processor.py:914} INFO - Processing file /home/airflow/.local/lib/python3.12/site-packages/airflow/example_dags/tutorial_dag.py for tasks to queue
[2026-04-14T06:54:13.244+0000] {logging_mixin.py:190} INFO - [2026-04-14T06:54:13.243+0000] {dagbag.py:588} INFO - Filling up the DagBag from /home/airflow/.local/lib/python3.12/site-packages/airflow/example_dags/tutorial_dag.py
[2026-04-14T06:54:13.247+0000] {processor.py:925} INFO - DAG(s) 'tutorial_dag' retrieved from /home/airflow/.local/lib/python3.12/site-packages/airflow/example_dags/tutorial_dag.py
[2026-04-14T06:54:13.258+0000] {logging_mixin.py:190} INFO - [2026-04-14T06:54:13.258+0000] {dag.py:3239} INFO - Sync 1 DAGs
[2026-04-14T06:54:13.265+0000] {logging_mixin.py:190} INFO - [2026-04-14T06:54:13.265+0000] {dag.py:4180} INFO - Setting next_dagrun for tutorial_dag to None, run_after=None
[2026-04-14T06:54:13.277+0000] {processor.py:208} INFO - Processing /home/airflow/.local/lib/python3.12/site-packages/airflow/example_dags/tutorial_dag.py took 0.036 seconds
[2026-04-14T06:54:44.068+0000] {processor.py:186} INFO - Started process (PID=2742) to work on /home/airflow/.local/lib/python3.12/site-packages/airflow/example_dags/tutorial_dag.py
[2026-04-14T06:54:44.069+0000] {processor.py:914} INFO - Processing file /home/airflow/.local/lib/python3.12/site-packages/airflow/example_dags/tutorial_dag.py for tasks to queue
[2026-04-14T06:54:44.070+0000] {logging_mixin.py:190} INFO - [2026-04-14T06:54:44.070+0000] {dagbag.py:588} INFO - Filling up the DagBag from /home/airflow/.local/lib/python3.12/site-packages/airflow/example_dags/tutorial_dag.py
[2026-04-14T06:54:44.074+0000] {processor.py:925} INFO - DAG(s) 'tutorial_dag' retrieved from /home/airflow/.local/lib/python3.12/site-packages/airflow/example_dags/tutorial_dag.py
[2026-04-14T06:54:44.084+0000] {logging_mixin.py:190} INFO - [2026-04-14T06:54:44.084+0000] {dag.py:3239} INFO - Sync 1 DAGs
[2026-04-14T06:54:44.181+0000] {logging_mixin.py:190} INFO - [2026-04-14T06:54:44.180+0000] {dag.py:4180} INFO - Setting next_dagrun for tutorial_dag to None, run_after=None
[2026-04-14T06:54:44.189+0000] {processor.py:208} INFO - Processing /home/airflow/.local/lib/python3.12/site-packages/airflow/example_dags/tutorial_dag.py took 0.123 seconds
[2026-04-14T06:55:15.042+0000] {processor.py:186} INFO - Started process (PID=2806) to work on /home/airflow/.local/lib/python3.12/site-packages/airflow/example_dags/tutorial_dag.py
[2026-04-14T06:55:15.044+0000] {processor.py:914} INFO - Processing file /home/airflow/.local/lib/python3.12/site-packages/airflow/example_dags/tutorial_dag.py for tasks to queue
[2026-04-14T06:55:15.044+0000] {logging_mixin.py:190} INFO - [2026-04-14T06:55:15.044+0000] {dagbag.py:588} INFO - Filling up the DagBag from /home/airflow/.local/lib/python3.12/site-packages/airflow/example_dags/tutorial_dag.py
[2026-04-14T06:55:15.048+0000] {processor.py:925} INFO - DAG(s) 'tutorial_dag' retrieved from /home/airflow/.local/lib/python3.12/site-packages/airflow/example_dags/tutorial_dag.py
[2026-04-14T06:55:15.055+0000] {logging_mixin.py:190} INFO - [2026-04-14T06:55:15.055+0000] {dag.py:3239} INFO - Sync 1 DAGs
[2026-04-14T06:55:15.065+0000] {logging_mixin.py:190} INFO - [2026-04-14T06:55:15.064+0000] {dag.py:4180} INFO - Setting next_dagrun for tutorial_dag to None, run_after=None
[2026-04-14T06:55:15.076+0000] {processor.py:208} INFO - Processing /home/airflow/.local/lib/python3.12/site-packages/airflow/example_dags/tutorial_dag.py took 0.037 seconds
[2026-04-14T06:55:46.097+0000] {processor.py:186} INFO - Started process (PID=2870) to work on /home/airflow/.local/lib/python3.12/site-packages/airflow/example_dags/tutorial_dag.py
[2026-04-14T06:55:46.098+0000] {processor.py:914} INFO - Processing file /home/airflow/.local/lib/python3.12/site-packages/airflow/example_dags/tutorial_dag.py for tasks to queue
[2026-04-14T06:55:46.098+0000] {logging_mixin.py:190} INFO - [2026-04-14T06:55:46.098+0000] {dagbag.py:588} INFO - Filling up the DagBag from /home/airflow/.local/lib/python3.12/site-packages/airflow/example_dags/tutorial_dag.py
[2026-04-14T06:55:46.101+0000] {processor.py:925} INFO - DAG(s) 'tutorial_dag' retrieved from /home/airflow/.local/lib/python3.12/site-packages/airflow/example_dags/tutorial_dag.py
[2026-04-14T06:55:46.113+0000] {logging_mixin.py:190} INFO - [2026-04-14T06:55:46.113+0000] {dag.py:3239} INFO - Sync 1 DAGs
[2026-04-14T06:55:46.118+0000] {logging_mixin.py:190} INFO - [2026-04-14T06:55:46.118+0000] {dag.py:4180} INFO - Setting next_dagrun for tutorial_dag to None, run_after=None
[2026-04-14T06:55:46.127+0000] {processor.py:208} INFO - Processing /home/airflow/.local/lib/python3.12/site-packages/airflow/example_dags/tutorial_dag.py took 0.033 seconds
[2026-04-14T06:56:17.105+0000] {processor.py:186} INFO - Started process (PID=2934) to work on /home/airflow/.local/lib/python3.12/site-packages/airflow/example_dags/tutorial_dag.py
[2026-04-14T06:56:17.106+0000] {processor.py:914} INFO - Processing file /home/airflow/.local/lib/python3.12/site-packages/airflow/example_dags/tutorial_dag.py for tasks to queue
[2026-04-14T06:56:17.106+0000] {logging_mixin.py:190} INFO - [2026-04-14T06:56:17.106+0000] {dagbag.py:588} INFO - Filling up the DagBag from /home/airflow/.local/lib/python3.12/site-packages/airflow/example_dags/tutorial_dag.py
[2026-04-14T06:56:17.109+0000] {processor.py:925} INFO - DAG(s) 'tutorial_dag' retrieved from /home/airflow/.local/lib/python3.12/site-packages/airflow/example_dags/tutorial_dag.py
[2026-04-14T06:56:17.118+0000] {logging_mixin.py:190} INFO - [2026-04-14T06:56:17.118+0000] {dag.py:3239} INFO - Sync 1 DAGs
[2026-04-14T06:56:17.124+0000] {logging_mixin.py:190} INFO - [2026-04-14T06:56:17.124+0000] {dag.py:4180} INFO - Setting next_dagrun for tutorial_dag to None, run_after=None
[2026-04-14T06:56:17.135+0000] {processor.py:208} INFO - Processing /home/airflow/.local/lib/python3.12/site-packages/airflow/example_dags/tutorial_dag.py took 0.032 seconds
[2026-04-14T06:56:47.395+0000] {processor.py:186} INFO - Started process (PID=2998) to work on /home/airflow/.local/lib/python3.12/site-packages/airflow/example_dags/tutorial_dag.py
[2026-04-14T06:56:47.396+0000] {processor.py:914} INFO - Processing file /home/airflow/.local/lib/python3.12/site-packages/airflow/example_dags/tutorial_dag.py for tasks to queue
[2026-04-14T06:56:47.396+0000] {logging_mixin.py:190} INFO - [2026-04-14T06:56:47.396+0000] {dagbag.py:588} INFO - Filling up the DagBag from /home/airflow/.local/lib/python3.12/site-packages/airflow/example_dags/tutorial_dag.py
[2026-04-14T06:56:47.400+0000] {processor.py:925} INFO - DAG(s) 'tutorial_dag' retrieved from /home/airflow/.local/lib/python3.12/site-packages/airflow/example_dags/tutorial_dag.py
[2026-04-14T06:56:47.406+0000] {logging_mixin.py:190} INFO - [2026-04-14T06:56:47.406+0000] {dag.py:3239} INFO - Sync 1 DAGs
[2026-04-14T06:56:47.411+0000] {logging_mixin.py:190} INFO - [2026-04-14T06:56:47.411+0000] {dag.py:4180} INFO - Setting next_dagrun for tutorial_dag to None, run_after=None
[2026-04-14T06:56:47.416+0000] {processor.py:208} INFO - Processing /home/airflow/.local/lib/python3.12/site-packages/airflow/example_dags/tutorial_dag.py took 0.023 seconds
[2026-04-14T06:57:18.555+0000] {processor.py:186} INFO - Started process (PID=3062) to work on /home/airflow/.local/lib/python3.12/site-packages/airflow/example_dags/tutorial_dag.py
[2026-04-14T06:57:18.556+0000] {processor.py:914} INFO - Processing file /home/airflow/.local/lib/python3.12/site-packages/airflow/example_dags/tutorial_dag.py for tasks to queue
[2026-04-14T06:57:18.556+0000] {logging_mixin.py:190} INFO - [2026-04-14T06:57:18.556+0000] {dagbag.py:588} INFO - Filling up the DagBag from /home/airflow/.local/lib/python3.12/site-packages/airflow/example_dags/tutorial_dag.py
[2026-04-14T06:57:18.559+0000] {processor.py:925} INFO - DAG(s) 'tutorial_dag' retrieved from /home/airflow/.local/lib/python3.12/site-packages/airflow/example_dags/tutorial_dag.py
[2026-04-14T06:57:18.570+0000] {logging_mixin.py:190} INFO - [2026-04-14T06:57:18.570+0000] {dag.py:3239} INFO - Sync 1 DAGs
[2026-04-14T06:57:18.576+0000] {logging_mixin.py:190} INFO - [2026-04-14T06:57:18.576+0000] {dag.py:4180} INFO - Setting next_dagrun for tutorial_dag to None, run_after=None
[2026-04-14T06:57:18.586+0000] {processor.py:208} INFO - Processing /home/airflow/.local/lib/python3.12/site-packages/airflow/example_dags/tutorial_dag.py took 0.033 seconds
[2026-04-14T06:57:49.733+0000] {processor.py:186} INFO - Started process (PID=3126) to work on /home/airflow/.local/lib/python3.12/site-packages/airflow/example_dags/tutorial_dag.py
[2026-04-14T06:57:49.734+0000] {processor.py:914} INFO - Processing file /home/airflow/.local/lib/python3.12/site-packages/airflow/example_dags/tutorial_dag.py for tasks to queue
[2026-04-14T06:57:49.735+0000] {logging_mixin.py:190} INFO - [2026-04-14T06:57:49.735+0000] {dagbag.py:588} INFO - Filling up the DagBag from /home/airflow/.local/lib/python3.12/site-packages/airflow/example_dags/tutorial_dag.py
[2026-04-14T06:57:49.739+0000] {processor.py:925} INFO - DAG(s) 'tutorial_dag' retrieved from /home/airflow/.local/lib/python3.12/site-packages/airflow/example_dags/tutorial_dag.py
[2026-04-14T06:57:49.750+0000] {logging_mixin.py:190} INFO - [2026-04-14T06:57:49.750+0000] {dag.py:3239} INFO - Sync 1 DAGs
[2026-04-14T06:57:49.756+0000] {logging_mixin.py:190} INFO - [2026-04-14T06:57:49.755+0000] {dag.py:4180} INFO - Setting next_dagrun for tutorial_dag to None, run_after=None
[2026-04-14T06:57:49.765+0000] {processor.py:208} INFO - Processing /home/airflow/.local/lib/python3.12/site-packages/airflow/example_dags/tutorial_dag.py took 0.035 seconds
[2026-04-14T06:58:20.887+0000] {processor.py:186} INFO - Started process (PID=3190) to work on /home/airflow/.local/lib/python3.12/site-packages/airflow/example_dags/tutorial_dag.py
[2026-04-14T06:58:20.887+0000] {processor.py:914} INFO - Processing file /home/airflow/.local/lib/python3.12/site-packages/airflow/example_dags/tutorial_dag.py for tasks to queue
[2026-04-14T06:58:20.887+0000] {logging_mixin.py:190} INFO - [2026-04-14T06:58:20.887+0000] {dagbag.py:588} INFO - Filling up the DagBag from /home/airflow/.local/lib/python3.12/site-packages/airflow/example_dags/tutorial_dag.py
[2026-04-14T06:58:20.891+0000] {processor.py:925} INFO - DAG(s) 'tutorial_dag' retrieved from /home/airflow/.local/lib/python3.12/site-packages/airflow/example_dags/tutorial_dag.py
[2026-04-14T06:58:20.898+0000] {logging_mixin.py:190} INFO - [2026-04-14T06:58:20.898+0000] {dag.py:3239} INFO - Sync 1 DAGs
[2026-04-14T06:58:20.903+0000] {logging_mixin.py:190} INFO - [2026-04-14T06:58:20.903+0000] {dag.py:4180} INFO - Setting next_dagrun for tutorial_dag to None, run_after=None
[2026-04-14T06:58:20.909+0000] {processor.py:208} INFO - Processing /home/airflow/.local/lib/python3.12/site-packages/airflow/example_dags/tutorial_dag.py took 0.025 seconds
[2026-04-14T06:58:52.022+0000] {processor.py:186} INFO - Started process (PID=3254) to work on /home/airflow/.local/lib/python3.12/site-packages/airflow/example_dags/tutorial_dag.py
[2026-04-14T06:58:52.022+0000] {processor.py:914} INFO - Processing file /home/airflow/.local/lib/python3.12/site-packages/airflow/example_dags/tutorial_dag.py for tasks to queue
[2026-04-14T06:58:52.023+0000] {logging_mixin.py:190} INFO - [2026-04-14T06:58:52.023+0000] {dagbag.py:588} INFO - Filling up the DagBag from /home/airflow/.local/lib/python3.12/site-packages/airflow/example_dags/tutorial_dag.py
[2026-04-14T06:58:52.026+0000] {processor.py:925} INFO - DAG(s) 'tutorial_dag' retrieved from /home/airflow/.local/lib/python3.12/site-packages/airflow/example_dags/tutorial_dag.py
[2026-04-14T06:58:52.032+0000] {logging_mixin.py:190} INFO - [2026-04-14T06:58:52.032+0000] {dag.py:3239} INFO - Sync 1 DAGs
[2026-04-14T06:58:52.037+0000] {logging_mixin.py:190} INFO - [2026-04-14T06:58:52.037+0000] {dag.py:4180} INFO - Setting next_dagrun for tutorial_dag to None, run_after=None
[2026-04-14T06:58:52.042+0000] {processor.py:208} INFO - Processing /home/airflow/.local/lib/python3.12/site-packages/airflow/example_dags/tutorial_dag.py took 0.022 seconds
[2026-04-14T06:59:23.194+0000] {processor.py:186} INFO - Started process (PID=3318) to work on /home/airflow/.local/lib/python3.12/site-packages/airflow/example_dags/tutorial_dag.py
[2026-04-14T06:59:23.195+0000] {processor.py:914} INFO - Processing file /home/airflow/.local/lib/python3.12/site-packages/airflow/example_dags/tutorial_dag.py for tasks to queue
[2026-04-14T06:59:23.195+0000] {logging_mixin.py:190} INFO - [2026-04-14T06:59:23.195+0000] {dagbag.py:588} INFO - Filling up the DagBag from /home/airflow/.local/lib/python3.12/site-packages/airflow/example_dags/tutorial_dag.py
[2026-04-14T06:59:23.198+0000] {processor.py:925} INFO - DAG(s) 'tutorial_dag' retrieved from /home/airflow/.local/lib/python3.12/site-packages/airflow/example_dags/tutorial_dag.py
[2026-04-14T06:59:23.205+0000] {logging_mixin.py:190} INFO - [2026-04-14T06:59:23.205+0000] {dag.py:3239} INFO - Sync 1 DAGs
[2026-04-14T06:59:23.210+0000] {logging_mixin.py:190} INFO - [2026-04-14T06:59:23.210+0000] {dag.py:4180} INFO - Setting next_dagrun for tutorial_dag to None, run_after=None
[2026-04-14T06:59:23.215+0000] {processor.py:208} INFO - Processing /home/airflow/.local/lib/python3.12/site-packages/airflow/example_dags/tutorial_dag.py took 0.023 seconds
[2026-04-14T06:59:54.351+0000] {processor.py:186} INFO - Started process (PID=3382) to work on /home/airflow/.local/lib/python3.12/site-packages/airflow/example_dags/tutorial_dag.py
[2026-04-14T06:59:54.352+0000] {processor.py:914} INFO - Processing file /home/airflow/.local/lib/python3.12/site-packages/airflow/example_dags/tutorial_dag.py for tasks to queue
[2026-04-14T06:59:54.352+0000] {logging_mixin.py:190} INFO - [2026-04-14T06:59:54.352+0000] {dagbag.py:588} INFO - Filling up the DagBag from /home/airflow/.local/lib/python3.12/site-packages/airflow/example_dags/tutorial_dag.py
[2026-04-14T06:59:54.356+0000] {processor.py:925} INFO - DAG(s) 'tutorial_dag' retrieved from /home/airflow/.local/lib/python3.12/site-packages/airflow/example_dags/tutorial_dag.py
[2026-04-14T06:59:54.367+0000] {logging_mixin.py:190} INFO - [2026-04-14T06:59:54.366+0000] {dag.py:3239} INFO - Sync 1 DAGs
[2026-04-14T06:59:54.373+0000] {logging_mixin.py:190} INFO - [2026-04-14T06:59:54.373+0000] {dag.py:4180} INFO - Setting next_dagrun for tutorial_dag to None, run_after=None
[2026-04-14T06:59:54.382+0000] {processor.py:208} INFO - Processing /home/airflow/.local/lib/python3.12/site-packages/airflow/example_dags/tutorial_dag.py took 0.033 seconds
[2026-04-14T07:00:25.611+0000] {processor.py:186} INFO - Started process (PID=3446) to work on /home/airflow/.local/lib/python3.12/site-packages/airflow/example_dags/tutorial_dag.py
[2026-04-14T07:00:25.611+0000] {processor.py:914} INFO - Processing file /home/airflow/.local/lib/python3.12/site-packages/airflow/example_dags/tutorial_dag.py for tasks to queue
[2026-04-14T07:00:25.616+0000] {logging_mixin.py:190} INFO - [2026-04-14T07:00:25.616+0000] {dagbag.py:588} INFO - Filling up the DagBag from /home/airflow/.local/lib/python3.12/site-packages/airflow/example_dags/tutorial_dag.py
[2026-04-14T07:00:25.620+0000] {processor.py:925} INFO - DAG(s) 'tutorial_dag' retrieved from /home/airflow/.local/lib/python3.12/site-packages/airflow/example_dags/tutorial_dag.py
[2026-04-14T07:00:25.632+0000] {logging_mixin.py:190} INFO - [2026-04-14T07:00:25.631+0000] {dag.py:3239} INFO - Sync 1 DAGs
[2026-04-14T07:00:25.637+0000] {logging_mixin.py:190} INFO - [2026-04-14T07:00:25.637+0000] {dag.py:4180} INFO - Setting next_dagrun for tutorial_dag to None, run_after=None
[2026-04-14T07:00:25.647+0000] {processor.py:208} INFO - Processing /home/airflow/.local/lib/python3.12/site-packages/airflow/example_dags/tutorial_dag.py took 0.039 seconds
[2026-04-14T07:00:56.312+0000] {processor.py:186} INFO - Started process (PID=3511) to work on /home/airflow/.local/lib/python3.12/site-packages/airflow/example_dags/tutorial_dag.py
[2026-04-14T07:00:56.313+0000] {processor.py:914} INFO - Processing file /home/airflow/.local/lib/python3.12/site-packages/airflow/example_dags/tutorial_dag.py for tasks to queue
[2026-04-14T07:00:56.313+0000] {logging_mixin.py:190} INFO - [2026-04-14T07:00:56.313+0000] {dagbag.py:588} INFO - Filling up the DagBag from /home/airflow/.local/lib/python3.12/site-packages/airflow/example_dags/tutorial_dag.py
[2026-04-14T07:00:56.317+0000] {processor.py:925} INFO - DAG(s) 'tutorial_dag' retrieved from /home/airflow/.local/lib/python3.12/site-packages/airflow/example_dags/tutorial_dag.py
[2026-04-14T07:00:56.325+0000] {logging_mixin.py:190} INFO - [2026-04-14T07:00:56.325+0000] {dag.py:3239} INFO - Sync 1 DAGs
[2026-04-14T07:00:56.330+0000] {logging_mixin.py:190} INFO - [2026-04-14T07:00:56.330+0000] {dag.py:4180} INFO - Setting next_dagrun for tutorial_dag to None, run_after=None
[2026-04-14T07:00:56.335+0000] {processor.py:208} INFO - Processing /home/airflow/.local/lib/python3.12/site-packages/airflow/example_dags/tutorial_dag.py took 0.026 seconds
[2026-04-14T07:01:26.487+0000] {processor.py:186} INFO - Started process (PID=3575) to work on /home/airflow/.local/lib/python3.12/site-packages/airflow/example_dags/tutorial_dag.py
[2026-04-14T07:01:26.488+0000] {processor.py:914} INFO - Processing file /home/airflow/.local/lib/python3.12/site-packages/airflow/example_dags/tutorial_dag.py for tasks to queue
[2026-04-14T07:01:26.489+0000] {logging_mixin.py:190} INFO - [2026-04-14T07:01:26.489+0000] {dagbag.py:588} INFO - Filling up the DagBag from /home/airflow/.local/lib/python3.12/site-packages/airflow/example_dags/tutorial_dag.py
[2026-04-14T07:01:26.493+0000] {processor.py:925} INFO - DAG(s) 'tutorial_dag' retrieved from /home/airflow/.local/lib/python3.12/site-packages/airflow/example_dags/tutorial_dag.py
[2026-04-14T07:01:26.506+0000] {logging_mixin.py:190} INFO - [2026-04-14T07:01:26.506+0000] {dag.py:3239} INFO - Sync 1 DAGs
[2026-04-14T07:01:26.513+0000] {logging_mixin.py:190} INFO - [2026-04-14T07:01:26.513+0000] {dag.py:4180} INFO - Setting next_dagrun for tutorial_dag to None, run_after=None
[2026-04-14T07:01:26.518+0000] {processor.py:208} INFO - Processing /home/airflow/.local/lib/python3.12/site-packages/airflow/example_dags/tutorial_dag.py took 0.034 seconds
[2026-04-14T07:01:57.542+0000] {processor.py:186} INFO - Started process (PID=3639) to work on /home/airflow/.local/lib/python3.12/site-packages/airflow/example_dags/tutorial_dag.py
[2026-04-14T07:01:57.542+0000] {processor.py:914} INFO - Processing file /home/airflow/.local/lib/python3.12/site-packages/airflow/example_dags/tutorial_dag.py for tasks to queue
[2026-04-14T07:01:57.542+0000] {logging_mixin.py:190} INFO - [2026-04-14T07:01:57.542+0000] {dagbag.py:588} INFO - Filling up the DagBag from /home/airflow/.local/lib/python3.12/site-packages/airflow/example_dags/tutorial_dag.py
[2026-04-14T07:01:57.546+0000] {processor.py:925} INFO - DAG(s) 'tutorial_dag' retrieved from /home/airflow/.local/lib/python3.12/site-packages/airflow/example_dags/tutorial_dag.py
[2026-04-14T07:01:57.552+0000] {logging_mixin.py:190} INFO - [2026-04-14T07:01:57.552+0000] {dag.py:3239} INFO - Sync 1 DAGs
[2026-04-14T07:01:57.557+0000] {logging_mixin.py:190} INFO - [2026-04-14T07:01:57.557+0000] {dag.py:4180} INFO - Setting next_dagrun for tutorial_dag to None, run_after=None
[2026-04-14T07:01:57.562+0000] {processor.py:208} INFO - Processing /home/airflow/.local/lib/python3.12/site-packages/airflow/example_dags/tutorial_dag.py took 0.022 seconds
[2026-04-14T07:02:28.815+0000] {processor.py:186} INFO - Started process (PID=3703) to work on /home/airflow/.local/lib/python3.12/site-packages/airflow/example_dags/tutorial_dag.py
[2026-04-14T07:02:28.815+0000] {processor.py:914} INFO - Processing file /home/airflow/.local/lib/python3.12/site-packages/airflow/example_dags/tutorial_dag.py for tasks to queue
[2026-04-14T07:02:28.816+0000] {logging_mixin.py:190} INFO - [2026-04-14T07:02:28.816+0000] {dagbag.py:588} INFO - Filling up the DagBag from /home/airflow/.local/lib/python3.12/site-packages/airflow/example_dags/tutorial_dag.py
[2026-04-14T07:02:28.820+0000] {processor.py:925} INFO - DAG(s) 'tutorial_dag' retrieved from /home/airflow/.local/lib/python3.12/site-packages/airflow/example_dags/tutorial_dag.py
[2026-04-14T07:02:28.830+0000] {logging_mixin.py:190} INFO - [2026-04-14T07:02:28.830+0000] {dag.py:3239} INFO - Sync 1 DAGs
[2026-04-14T07:02:28.836+0000] {logging_mixin.py:190} INFO - [2026-04-14T07:02:28.836+0000] {dag.py:4180} INFO - Setting next_dagrun for tutorial_dag to None, run_after=None
[2026-04-14T07:02:28.843+0000] {processor.py:208} INFO - Processing /home/airflow/.local/lib/python3.12/site-packages/airflow/example_dags/tutorial_dag.py took 0.031 seconds
[2026-04-14T07:02:59.122+0000] {processor.py:186} INFO - Started process (PID=3767) to work on /home/airflow/.local/lib/python3.12/site-packages/airflow/example_dags/tutorial_dag.py
[2026-04-14T07:02:59.123+0000] {processor.py:914} INFO - Processing file /home/airflow/.local/lib/python3.12/site-packages/airflow/example_dags/tutorial_dag.py for tasks to queue
[2026-04-14T07:02:59.123+0000] {logging_mixin.py:190} INFO - [2026-04-14T07:02:59.123+0000] {dagbag.py:588} INFO - Filling up the DagBag from /home/airflow/.local/lib/python3.12/site-packages/airflow/example_dags/tutorial_dag.py
[2026-04-14T07:02:59.126+0000] {processor.py:925} INFO - DAG(s) 'tutorial_dag' retrieved from /home/airflow/.local/lib/python3.12/site-packages/airflow/example_dags/tutorial_dag.py
[2026-04-14T07:02:59.135+0000] {logging_mixin.py:190} INFO - [2026-04-14T07:02:59.135+0000] {dag.py:3239} INFO - Sync 1 DAGs
[2026-04-14T07:02:59.141+0000] {logging_mixin.py:190} INFO - [2026-04-14T07:02:59.141+0000] {dag.py:4180} INFO - Setting next_dagrun for tutorial_dag to None, run_after=None
[2026-04-14T07:02:59.150+0000] {processor.py:208} INFO - Processing /home/airflow/.local/lib/python3.12/site-packages/airflow/example_dags/tutorial_dag.py took 0.030 seconds
[2026-04-14T07:03:30.223+0000] {processor.py:186} INFO - Started process (PID=3831) to work on /home/airflow/.local/lib/python3.12/site-packages/airflow/example_dags/tutorial_dag.py
[2026-04-14T07:03:30.223+0000] {processor.py:914} INFO - Processing file /home/airflow/.local/lib/python3.12/site-packages/airflow/example_dags/tutorial_dag.py for tasks to queue
[2026-04-14T07:03:30.224+0000] {logging_mixin.py:190} INFO - [2026-04-14T07:03:30.224+0000] {dagbag.py:588} INFO - Filling up the DagBag from /home/airflow/.local/lib/python3.12/site-packages/airflow/example_dags/tutorial_dag.py
[2026-04-14T07:03:30.227+0000] {processor.py:925} INFO - DAG(s) 'tutorial_dag' retrieved from /home/airflow/.local/lib/python3.12/site-packages/airflow/example_dags/tutorial_dag.py
[2026-04-14T07:03:30.241+0000] {logging_mixin.py:190} INFO - [2026-04-14T07:03:30.241+0000] {dag.py:3239} INFO - Sync 1 DAGs
[2026-04-14T07:03:30.247+0000] {logging_mixin.py:190} INFO - [2026-04-14T07:03:30.247+0000] {dag.py:4180} INFO - Setting next_dagrun for tutorial_dag to None, run_after=None
[2026-04-14T07:03:30.256+0000] {processor.py:208} INFO - Processing /home/airflow/.local/lib/python3.12/site-packages/airflow/example_dags/tutorial_dag.py took 0.036 seconds
[2026-04-14T07:04:01.483+0000] {processor.py:186} INFO - Started process (PID=3895) to work on /home/airflow/.local/lib/python3.12/site-packages/airflow/example_dags/tutorial_dag.py
[2026-04-14T07:04:01.483+0000] {processor.py:914} INFO - Processing file /home/airflow/.local/lib/python3.12/site-packages/airflow/example_dags/tutorial_dag.py for tasks to queue
[2026-04-14T07:04:01.485+0000] {logging_mixin.py:190} INFO - [2026-04-14T07:04:01.485+0000] {dagbag.py:588} INFO - Filling up the DagBag from /home/airflow/.local/lib/python3.12/site-packages/airflow/example_dags/tutorial_dag.py
[2026-04-14T07:04:01.490+0000] {processor.py:925} INFO - DAG(s) 'tutorial_dag' retrieved from /home/airflow/.local/lib/python3.12/site-packages/airflow/example_dags/tutorial_dag.py
[2026-04-14T07:04:01.498+0000] {logging_mixin.py:190} INFO - [2026-04-14T07:04:01.498+0000] {dag.py:3239} INFO - Sync 1 DAGs
[2026-04-14T07:04:01.507+0000] {logging_mixin.py:190} INFO - [2026-04-14T07:04:01.507+0000] {dag.py:4180} INFO - Setting next_dagrun for tutorial_dag to None, run_after=None
[2026-04-14T07:04:01.521+0000] {processor.py:208} INFO - Processing /home/airflow/.local/lib/python3.12/site-packages/airflow/example_dags/tutorial_dag.py took 0.041 seconds
[2026-04-14T07:04:31.672+0000] {processor.py:186} INFO - Started process (PID=3959) to work on /home/airflow/.local/lib/python3.12/site-packages/airflow/example_dags/tutorial_dag.py
[2026-04-14T07:04:31.673+0000] {processor.py:914} INFO - Processing file /home/airflow/.local/lib/python3.12/site-packages/airflow/example_dags/tutorial_dag.py for tasks to queue
[2026-04-14T07:04:31.674+0000] {logging_mixin.py:190} INFO - [2026-04-14T07:04:31.674+0000] {dagbag.py:588} INFO - Filling up the DagBag from /home/airflow/.local/lib/python3.12/site-packages/airflow/example_dags/tutorial_dag.py
[2026-04-14T07:04:31.676+0000] {processor.py:925} INFO - DAG(s) 'tutorial_dag' retrieved from /home/airflow/.local/lib/python3.12/site-packages/airflow/example_dags/tutorial_dag.py
[2026-04-14T07:04:31.690+0000] {logging_mixin.py:190} INFO - [2026-04-14T07:04:31.690+0000] {dag.py:3239} INFO - Sync 1 DAGs
[2026-04-14T07:04:31.697+0000] {logging_mixin.py:190} INFO - [2026-04-14T07:04:31.697+0000] {dag.py:4180} INFO - Setting next_dagrun for tutorial_dag to None, run_after=None
[2026-04-14T07:04:31.705+0000] {processor.py:208} INFO - Processing /home/airflow/.local/lib/python3.12/site-packages/airflow/example_dags/tutorial_dag.py took 0.036 seconds
[2026-04-14T07:05:02.769+0000] {processor.py:186} INFO - Started process (PID=4023) to work on /home/airflow/.local/lib/python3.12/site-packages/airflow/example_dags/tutorial_dag.py
[2026-04-14T07:05:02.770+0000] {processor.py:914} INFO - Processing file /home/airflow/.local/lib/python3.12/site-packages/airflow/example_dags/tutorial_dag.py for tasks to queue
[2026-04-14T07:05:02.770+0000] {logging_mixin.py:190} INFO - [2026-04-14T07:05:02.770+0000] {dagbag.py:588} INFO - Filling up the DagBag from /home/airflow/.local/lib/python3.12/site-packages/airflow/example_dags/tutorial_dag.py
[2026-04-14T07:05:02.775+0000] {processor.py:925} INFO - DAG(s) 'tutorial_dag' retrieved from /home/airflow/.local/lib/python3.12/site-packages/airflow/example_dags/tutorial_dag.py
[2026-04-14T07:05:02.785+0000] {logging_mixin.py:190} INFO - [2026-04-14T07:05:02.785+0000] {dag.py:3239} INFO - Sync 1 DAGs
[2026-04-14T07:05:02.792+0000] {logging_mixin.py:190} INFO - [2026-04-14T07:05:02.792+0000] {dag.py:4180} INFO - Setting next_dagrun for tutorial_dag to None, run_after=None
[2026-04-14T07:05:02.798+0000] {processor.py:208} INFO - Processing /home/airflow/.local/lib/python3.12/site-packages/airflow/example_dags/tutorial_dag.py took 0.032 seconds
[2026-04-14T07:05:34.127+0000] {processor.py:186} INFO - Started process (PID=4087) to work on /home/airflow/.local/lib/python3.12/site-packages/airflow/example_dags/tutorial_dag.py
[2026-04-14T07:05:34.128+0000] {processor.py:914} INFO - Processing file /home/airflow/.local/lib/python3.12/site-packages/airflow/example_dags/tutorial_dag.py for tasks to queue
[2026-04-14T07:05:34.129+0000] {logging_mixin.py:190} INFO - [2026-04-14T07:05:34.128+0000] {dagbag.py:588} INFO - Filling up the DagBag from /home/airflow/.local/lib/python3.12/site-packages/airflow/example_dags/tutorial_dag.py
[2026-04-14T07:05:34.133+0000] {processor.py:925} INFO - DAG(s) 'tutorial_dag' retrieved from /home/airflow/.local/lib/python3.12/site-packages/airflow/example_dags/tutorial_dag.py
[2026-04-14T07:05:34.142+0000] {logging_mixin.py:190} INFO - [2026-04-14T07:05:34.142+0000] {dag.py:3239} INFO - Sync 1 DAGs
[2026-04-14T07:05:34.151+0000] {logging_mixin.py:190} INFO - [2026-04-14T07:05:34.151+0000] {dag.py:4180} INFO - Setting next_dagrun for tutorial_dag to None, run_after=None
[2026-04-14T07:05:34.164+0000] {processor.py:208} INFO - Processing /home/airflow/.local/lib/python3.12/site-packages/airflow/example_dags/tutorial_dag.py took 0.040 seconds
[2026-04-14T07:06:04.498+0000] {processor.py:186} INFO - Started process (PID=4151) to work on /home/airflow/.local/lib/python3.12/site-packages/airflow/example_dags/tutorial_dag.py
[2026-04-14T07:06:04.498+0000] {processor.py:914} INFO - Processing file /home/airflow/.local/lib/python3.12/site-packages/airflow/example_dags/tutorial_dag.py for tasks to queue
[2026-04-14T07:06:04.498+0000] {logging_mixin.py:190} INFO - [2026-04-14T07:06:04.498+0000] {dagbag.py:588} INFO - Filling up the DagBag from /home/airflow/.local/lib/python3.12/site-packages/airflow/example_dags/tutorial_dag.py
[2026-04-14T07:06:04.502+0000] {processor.py:925} INFO - DAG(s) 'tutorial_dag' retrieved from /home/airflow/.local/lib/python3.12/site-packages/airflow/example_dags/tutorial_dag.py
[2026-04-14T07:06:04.511+0000] {logging_mixin.py:190} INFO - [2026-04-14T07:06:04.510+0000] {dag.py:3239} INFO - Sync 1 DAGs
[2026-04-14T07:06:04.516+0000] {logging_mixin.py:190} INFO - [2026-04-14T07:06:04.516+0000] {dag.py:4180} INFO - Setting next_dagrun for tutorial_dag to None, run_after=None
[2026-04-14T07:06:04.523+0000] {processor.py:208} INFO - Processing /home/airflow/.local/lib/python3.12/site-packages/airflow/example_dags/tutorial_dag.py took 0.027 seconds
[2026-04-14T07:06:35.583+0000] {processor.py:186} INFO - Started process (PID=4215) to work on /home/airflow/.local/lib/python3.12/site-packages/airflow/example_dags/tutorial_dag.py
[2026-04-14T07:06:35.583+0000] {processor.py:914} INFO - Processing file /home/airflow/.local/lib/python3.12/site-packages/airflow/example_dags/tutorial_dag.py for tasks to queue
[2026-04-14T07:06:35.584+0000] {logging_mixin.py:190} INFO - [2026-04-14T07:06:35.584+0000] {dagbag.py:588} INFO - Filling up the DagBag from /home/airflow/.local/lib/python3.12/site-packages/airflow/example_dags/tutorial_dag.py
[2026-04-14T07:06:35.587+0000] {processor.py:925} INFO - DAG(s) 'tutorial_dag' retrieved from /home/airflow/.local/lib/python3.12/site-packages/airflow/example_dags/tutorial_dag.py
[2026-04-14T07:06:35.594+0000] {logging_mixin.py:190} INFO - [2026-04-14T07:06:35.594+0000] {dag.py:3239} INFO - Sync 1 DAGs
[2026-04-14T07:06:35.599+0000] {logging_mixin.py:190} INFO - [2026-04-14T07:06:35.599+0000] {dag.py:4180} INFO - Setting next_dagrun for tutorial_dag to None, run_after=None
[2026-04-14T07:06:35.609+0000] {processor.py:208} INFO - Processing /home/airflow/.local/lib/python3.12/site-packages/airflow/example_dags/tutorial_dag.py took 0.028 seconds
[2026-04-14T07:07:06.754+0000] {processor.py:186} INFO - Started process (PID=4284) to work on /home/airflow/.local/lib/python3.12/site-packages/airflow/example_dags/tutorial_dag.py
[2026-04-14T07:07:06.755+0000] {processor.py:914} INFO - Processing file /home/airflow/.local/lib/python3.12/site-packages/airflow/example_dags/tutorial_dag.py for tasks to queue
[2026-04-14T07:07:06.756+0000] {logging_mixin.py:190} INFO - [2026-04-14T07:07:06.756+0000] {dagbag.py:588} INFO - Filling up the DagBag from /home/airflow/.local/lib/python3.12/site-packages/airflow/example_dags/tutorial_dag.py
[2026-04-14T07:07:06.759+0000] {processor.py:925} INFO - DAG(s) 'tutorial_dag' retrieved from /home/airflow/.local/lib/python3.12/site-packages/airflow/example_dags/tutorial_dag.py
[2026-04-14T07:07:06.766+0000] {logging_mixin.py:190} INFO - [2026-04-14T07:07:06.766+0000] {dag.py:3239} INFO - Sync 1 DAGs
[2026-04-14T07:07:06.773+0000] {logging_mixin.py:190} INFO - [2026-04-14T07:07:06.773+0000] {dag.py:4180} INFO - Setting next_dagrun for tutorial_dag to None, run_after=None
[2026-04-14T07:07:06.784+0000] {processor.py:208} INFO - Processing /home/airflow/.local/lib/python3.12/site-packages/airflow/example_dags/tutorial_dag.py took 0.032 seconds
[2026-04-14T07:07:38.030+0000] {processor.py:186} INFO - Started process (PID=4348) to work on /home/airflow/.local/lib/python3.12/site-packages/airflow/example_dags/tutorial_dag.py
[2026-04-14T07:07:38.031+0000] {processor.py:914} INFO - Processing file /home/airflow/.local/lib/python3.12/site-packages/airflow/example_dags/tutorial_dag.py for tasks to queue
[2026-04-14T07:07:38.031+0000] {logging_mixin.py:190} INFO - [2026-04-14T07:07:38.031+0000] {dagbag.py:588} INFO - Filling up the DagBag from /home/airflow/.local/lib/python3.12/site-packages/airflow/example_dags/tutorial_dag.py
[2026-04-14T07:07:38.034+0000] {processor.py:925} INFO - DAG(s) 'tutorial_dag' retrieved from /home/airflow/.local/lib/python3.12/site-packages/airflow/example_dags/tutorial_dag.py
[2026-04-14T07:07:38.041+0000] {logging_mixin.py:190} INFO - [2026-04-14T07:07:38.040+0000] {dag.py:3239} INFO - Sync 1 DAGs
[2026-04-14T07:07:38.045+0000] {logging_mixin.py:190} INFO - [2026-04-14T07:07:38.045+0000] {dag.py:4180} INFO - Setting next_dagrun for tutorial_dag to None, run_after=None
[2026-04-14T07:07:38.050+0000] {processor.py:208} INFO - Processing /home/airflow/.local/lib/python3.12/site-packages/airflow/example_dags/tutorial_dag.py took 0.022 seconds
[2026-04-14T07:08:09.362+0000] {processor.py:186} INFO - Started process (PID=4412) to work on /home/airflow/.local/lib/python3.12/site-packages/airflow/example_dags/tutorial_dag.py
[2026-04-14T07:08:09.363+0000] {processor.py:914} INFO - Processing file /home/airflow/.local/lib/python3.12/site-packages/airflow/example_dags/tutorial_dag.py for tasks to queue
[2026-04-14T07:08:09.363+0000] {logging_mixin.py:190} INFO - [2026-04-14T07:08:09.363+0000] {dagbag.py:588} INFO - Filling up the DagBag from /home/airflow/.local/lib/python3.12/site-packages/airflow/example_dags/tutorial_dag.py
[2026-04-14T07:08:09.367+0000] {processor.py:925} INFO - DAG(s) 'tutorial_dag' retrieved from /home/airflow/.local/lib/python3.12/site-packages/airflow/example_dags/tutorial_dag.py
[2026-04-14T07:08:09.375+0000] {logging_mixin.py:190} INFO - [2026-04-14T07:08:09.375+0000] {dag.py:3239} INFO - Sync 1 DAGs
[2026-04-14T07:08:09.383+0000] {logging_mixin.py:190} INFO - [2026-04-14T07:08:09.383+0000] {dag.py:4180} INFO - Setting next_dagrun for tutorial_dag to None, run_after=None
[2026-04-14T07:08:09.396+0000] {processor.py:208} INFO - Processing /home/airflow/.local/lib/python3.12/site-packages/airflow/example_dags/tutorial_dag.py took 0.037 seconds
[2026-04-14T07:08:39.915+0000] {processor.py:186} INFO - Started process (PID=4476) to work on /home/airflow/.local/lib/python3.12/site-packages/airflow/example_dags/tutorial_dag.py
[2026-04-14T07:08:39.915+0000] {processor.py:914} INFO - Processing file /home/airflow/.local/lib/python3.12/site-packages/airflow/example_dags/tutorial_dag.py for tasks to queue
[2026-04-14T07:08:39.916+0000] {logging_mixin.py:190} INFO - [2026-04-14T07:08:39.916+0000] {dagbag.py:588} INFO - Filling up the DagBag from /home/airflow/.local/lib/python3.12/site-packages/airflow/example_dags/tutorial_dag.py
[2026-04-14T07:08:39.919+0000] {processor.py:925} INFO - DAG(s) 'tutorial_dag' retrieved from /home/airflow/.local/lib/python3.12/site-packages/airflow/example_dags/tutorial_dag.py
[2026-04-14T07:08:39.928+0000] {logging_mixin.py:190} INFO - [2026-04-14T07:08:39.927+0000] {dag.py:3239} INFO - Sync 1 DAGs
[2026-04-14T07:08:39.936+0000] {logging_mixin.py:190} INFO - [2026-04-14T07:08:39.935+0000] {dag.py:4180} INFO - Setting next_dagrun for tutorial_dag to None, run_after=None
[2026-04-14T07:08:39.944+0000] {processor.py:208} INFO - Processing /home/airflow/.local/lib/python3.12/site-packages/airflow/example_dags/tutorial_dag.py took 0.031 seconds
[2026-04-14T07:09:10.242+0000] {processor.py:186} INFO - Started process (PID=4540) to work on /home/airflow/.local/lib/python3.12/site-packages/airflow/example_dags/tutorial_dag.py
[2026-04-14T07:09:10.242+0000] {processor.py:914} INFO - Processing file /home/airflow/.local/lib/python3.12/site-packages/airflow/example_dags/tutorial_dag.py for tasks to queue
[2026-04-14T07:09:10.242+0000] {logging_mixin.py:190} INFO - [2026-04-14T07:09:10.242+0000] {dagbag.py:588} INFO - Filling up the DagBag from /home/airflow/.local/lib/python3.12/site-packages/airflow/example_dags/tutorial_dag.py
[2026-04-14T07:09:10.246+0000] {processor.py:925} INFO - DAG(s) 'tutorial_dag' retrieved from /home/airflow/.local/lib/python3.12/site-packages/airflow/example_dags/tutorial_dag.py
[2026-04-14T07:09:10.257+0000] {logging_mixin.py:190} INFO - [2026-04-14T07:09:10.257+0000] {dag.py:3239} INFO - Sync 1 DAGs
[2026-04-14T07:09:10.267+0000] {logging_mixin.py:190} INFO - [2026-04-14T07:09:10.267+0000] {dag.py:4180} INFO - Setting next_dagrun for tutorial_dag to None, run_after=None
[2026-04-14T07:09:10.279+0000] {processor.py:208} INFO - Processing /home/airflow/.local/lib/python3.12/site-packages/airflow/example_dags/tutorial_dag.py took 0.040 seconds
[2026-04-14T07:09:41.521+0000] {processor.py:186} INFO - Started process (PID=4604) to work on /home/airflow/.local/lib/python3.12/site-packages/airflow/example_dags/tutorial_dag.py
[2026-04-14T07:09:41.521+0000] {processor.py:914} INFO - Processing file /home/airflow/.local/lib/python3.12/site-packages/airflow/example_dags/tutorial_dag.py for tasks to queue
[2026-04-14T07:09:41.523+0000] {logging_mixin.py:190} INFO - [2026-04-14T07:09:41.523+0000] {dagbag.py:588} INFO - Filling up the DagBag from /home/airflow/.local/lib/python3.12/site-packages/airflow/example_dags/tutorial_dag.py
[2026-04-14T07:09:41.527+0000] {processor.py:925} INFO - DAG(s) 'tutorial_dag' retrieved from /home/airflow/.local/lib/python3.12/site-packages/airflow/example_dags/tutorial_dag.py
[2026-04-14T07:09:41.534+0000] {logging_mixin.py:190} INFO - [2026-04-14T07:09:41.534+0000] {dag.py:3239} INFO - Sync 1 DAGs
[2026-04-14T07:09:41.541+0000] {logging_mixin.py:190} INFO - [2026-04-14T07:09:41.540+0000] {dag.py:4180} INFO - Setting next_dagrun for tutorial_dag to None, run_after=None
[2026-04-14T07:09:41.549+0000] {processor.py:208} INFO - Processing /home/airflow/.local/lib/python3.12/site-packages/airflow/example_dags/tutorial_dag.py took 0.030 seconds
[2026-04-14T07:10:12.838+0000] {processor.py:186} INFO - Started process (PID=4668) to work on /home/airflow/.local/lib/python3.12/site-packages/airflow/example_dags/tutorial_dag.py
[2026-04-14T07:10:12.839+0000] {processor.py:914} INFO - Processing file /home/airflow/.local/lib/python3.12/site-packages/airflow/example_dags/tutorial_dag.py for tasks to queue
[2026-04-14T07:10:12.839+0000] {logging_mixin.py:190} INFO - [2026-04-14T07:10:12.839+0000] {dagbag.py:588} INFO - Filling up the DagBag from /home/airflow/.local/lib/python3.12/site-packages/airflow/example_dags/tutorial_dag.py
[2026-04-14T07:10:12.842+0000] {processor.py:925} INFO - DAG(s) 'tutorial_dag' retrieved from /home/airflow/.local/lib/python3.12/site-packages/airflow/example_dags/tutorial_dag.py
[2026-04-14T07:10:12.851+0000] {logging_mixin.py:190} INFO - [2026-04-14T07:10:12.851+0000] {dag.py:3239} INFO - Sync 1 DAGs
[2026-04-14T07:10:12.858+0000] {logging_mixin.py:190} INFO - [2026-04-14T07:10:12.858+0000] {dag.py:4180} INFO - Setting next_dagrun for tutorial_dag to None, run_after=None
[2026-04-14T07:10:12.868+0000] {processor.py:208} INFO - Processing /home/airflow/.local/lib/python3.12/site-packages/airflow/example_dags/tutorial_dag.py took 0.032 seconds
[2026-04-14T07:10:43.463+0000] {processor.py:186} INFO - Started process (PID=4732) to work on /home/airflow/.local/lib/python3.12/site-packages/airflow/example_dags/tutorial_dag.py
[2026-04-14T07:10:43.464+0000] {processor.py:914} INFO - Processing file /home/airflow/.local/lib/python3.12/site-packages/airflow/example_dags/tutorial_dag.py for tasks to queue
[2026-04-14T07:10:43.465+0000] {logging_mixin.py:190} INFO - [2026-04-14T07:10:43.465+0000] {dagbag.py:588} INFO - Filling up the DagBag from /home/airflow/.local/lib/python3.12/site-packages/airflow/example_dags/tutorial_dag.py
[2026-04-14T07:10:43.468+0000] {processor.py:925} INFO - DAG(s) 'tutorial_dag' retrieved from /home/airflow/.local/lib/python3.12/site-packages/airflow/example_dags/tutorial_dag.py
[2026-04-14T07:10:43.476+0000] {logging_mixin.py:190} INFO - [2026-04-14T07:10:43.475+0000] {dag.py:3239} INFO - Sync 1 DAGs
[2026-04-14T07:10:43.485+0000] {logging_mixin.py:190} INFO - [2026-04-14T07:10:43.484+0000] {dag.py:4180} INFO - Setting next_dagrun for tutorial_dag to None, run_after=None
[2026-04-14T07:10:43.495+0000] {processor.py:208} INFO - Processing /home/airflow/.local/lib/python3.12/site-packages/airflow/example_dags/tutorial_dag.py took 0.034 seconds
[2026-04-14T07:11:14.158+0000] {processor.py:186} INFO - Started process (PID=4796) to work on /home/airflow/.local/lib/python3.12/site-packages/airflow/example_dags/tutorial_dag.py
[2026-04-14T07:11:14.159+0000] {processor.py:914} INFO - Processing file /home/airflow/.local/lib/python3.12/site-packages/airflow/example_dags/tutorial_dag.py for tasks to queue
[2026-04-14T07:11:14.159+0000] {logging_mixin.py:190} INFO - [2026-04-14T07:11:14.159+0000] {dagbag.py:588} INFO - Filling up the DagBag from /home/airflow/.local/lib/python3.12/site-packages/airflow/example_dags/tutorial_dag.py
[2026-04-14T07:11:14.162+0000] {processor.py:925} INFO - DAG(s) 'tutorial_dag' retrieved from /home/airflow/.local/lib/python3.12/site-packages/airflow/example_dags/tutorial_dag.py
[2026-04-14T07:11:14.169+0000] {logging_mixin.py:190} INFO - [2026-04-14T07:11:14.169+0000] {dag.py:3239} INFO - Sync 1 DAGs
[2026-04-14T07:11:14.174+0000] {logging_mixin.py:190} INFO - [2026-04-14T07:11:14.174+0000] {dag.py:4180} INFO - Setting next_dagrun for tutorial_dag to None, run_after=None
[2026-04-14T07:11:14.179+0000] {processor.py:208} INFO - Processing /home/airflow/.local/lib/python3.12/site-packages/airflow/example_dags/tutorial_dag.py took 0.022 seconds
[2026-04-14T07:11:44.838+0000] {processor.py:186} INFO - Started process (PID=4860) to work on /home/airflow/.local/lib/python3.12/site-packages/airflow/example_dags/tutorial_dag.py
[2026-04-14T07:11:44.840+0000] {processor.py:914} INFO - Processing file /home/airflow/.local/lib/python3.12/site-packages/airflow/example_dags/tutorial_dag.py for tasks to queue
[2026-04-14T07:11:44.841+0000] {logging_mixin.py:190} INFO - [2026-04-14T07:11:44.841+0000] {dagbag.py:588} INFO - Filling up the DagBag from /home/airflow/.local/lib/python3.12/site-packages/airflow/example_dags/tutorial_dag.py
[2026-04-14T07:11:44.846+0000] {processor.py:925} INFO - DAG(s) 'tutorial_dag' retrieved from /home/airflow/.local/lib/python3.12/site-packages/airflow/example_dags/tutorial_dag.py
[2026-04-14T07:11:44.857+0000] {logging_mixin.py:190} INFO - [2026-04-14T07:11:44.857+0000] {dag.py:3239} INFO - Sync 1 DAGs
[2026-04-14T07:11:44.865+0000] {logging_mixin.py:190} INFO - [2026-04-14T07:11:44.865+0000] {dag.py:4180} INFO - Setting next_dagrun for tutorial_dag to None, run_after=None
[2026-04-14T07:11:44.875+0000] {processor.py:208} INFO - Processing /home/airflow/.local/lib/python3.12/site-packages/airflow/example_dags/tutorial_dag.py took 0.040 seconds
[2026-04-14T07:12:15.153+0000] {processor.py:186} INFO - Started process (PID=4924) to work on /home/airflow/.local/lib/python3.12/site-packages/airflow/example_dags/tutorial_dag.py
[2026-04-14T07:12:15.154+0000] {processor.py:914} INFO - Processing file /home/airflow/.local/lib/python3.12/site-packages/airflow/example_dags/tutorial_dag.py for tasks to queue
[2026-04-14T07:12:15.154+0000] {logging_mixin.py:190} INFO - [2026-04-14T07:12:15.154+0000] {dagbag.py:588} INFO - Filling up the DagBag from /home/airflow/.local/lib/python3.12/site-packages/airflow/example_dags/tutorial_dag.py
[2026-04-14T07:12:15.158+0000] {processor.py:925} INFO - DAG(s) 'tutorial_dag' retrieved from /home/airflow/.local/lib/python3.12/site-packages/airflow/example_dags/tutorial_dag.py
[2026-04-14T07:12:15.165+0000] {logging_mixin.py:190} INFO - [2026-04-14T07:12:15.165+0000] {dag.py:3239} INFO - Sync 1 DAGs
[2026-04-14T07:12:15.171+0000] {logging_mixin.py:190} INFO - [2026-04-14T07:12:15.171+0000] {dag.py:4180} INFO - Setting next_dagrun for tutorial_dag to None, run_after=None
[2026-04-14T07:12:15.177+0000] {processor.py:208} INFO - Processing /home/airflow/.local/lib/python3.12/site-packages/airflow/example_dags/tutorial_dag.py took 0.026 seconds
[2026-04-14T07:12:45.430+0000] {processor.py:186} INFO - Started process (PID=4987) to work on /home/airflow/.local/lib/python3.12/site-packages/airflow/example_dags/tutorial_dag.py
[2026-04-14T07:12:45.431+0000] {processor.py:914} INFO - Processing file /home/airflow/.local/lib/python3.12/site-packages/airflow/example_dags/tutorial_dag.py for tasks to queue
[2026-04-14T07:12:45.431+0000] {logging_mixin.py:190} INFO - [2026-04-14T07:12:45.431+0000] {dagbag.py:588} INFO - Filling up the DagBag from /home/airflow/.local/lib/python3.12/site-packages/airflow/example_dags/tutorial_dag.py
[2026-04-14T07:12:45.435+0000] {processor.py:925} INFO - DAG(s) 'tutorial_dag' retrieved from /home/airflow/.local/lib/python3.12/site-packages/airflow/example_dags/tutorial_dag.py
[2026-04-14T07:12:45.442+0000] {logging_mixin.py:190} INFO - [2026-04-14T07:12:45.442+0000] {dag.py:3239} INFO - Sync 1 DAGs
[2026-04-14T07:12:45.447+0000] {logging_mixin.py:190} INFO - [2026-04-14T07:12:45.447+0000] {dag.py:4180} INFO - Setting next_dagrun for tutorial_dag to None, run_after=None
[2026-04-14T07:12:45.454+0000] {processor.py:208} INFO - Processing /home/airflow/.local/lib/python3.12/site-packages/airflow/example_dags/tutorial_dag.py took 0.025 seconds
[2026-04-14T07:13:15.744+0000] {processor.py:186} INFO - Started process (PID=5051) to work on /home/airflow/.local/lib/python3.12/site-packages/airflow/example_dags/tutorial_dag.py
[2026-04-14T07:13:15.744+0000] {processor.py:914} INFO - Processing file /home/airflow/.local/lib/python3.12/site-packages/airflow/example_dags/tutorial_dag.py for tasks to queue
[2026-04-14T07:13:15.745+0000] {logging_mixin.py:190} INFO - [2026-04-14T07:13:15.745+0000] {dagbag.py:588} INFO - Filling up the DagBag from /home/airflow/.local/lib/python3.12/site-packages/airflow/example_dags/tutorial_dag.py
[2026-04-14T07:13:15.748+0000] {processor.py:925} INFO - DAG(s) 'tutorial_dag' retrieved from /home/airflow/.local/lib/python3.12/site-packages/airflow/example_dags/tutorial_dag.py
[2026-04-14T07:13:15.756+0000] {logging_mixin.py:190} INFO - [2026-04-14T07:13:15.755+0000] {dag.py:3239} INFO - Sync 1 DAGs
[2026-04-14T07:13:15.763+0000] {logging_mixin.py:190} INFO - [2026-04-14T07:13:15.763+0000] {dag.py:4180} INFO - Setting next_dagrun for tutorial_dag to None, run_after=None
[2026-04-14T07:13:15.771+0000] {processor.py:208} INFO - Processing /home/airflow/.local/lib/python3.12/site-packages/airflow/example_dags/tutorial_dag.py took 0.029 seconds
[2026-04-14T07:13:47.161+0000] {processor.py:186} INFO - Started process (PID=5116) to work on /home/airflow/.local/lib/python3.12/site-packages/airflow/example_dags/tutorial_dag.py
[2026-04-14T07:13:47.162+0000] {processor.py:914} INFO - Processing file /home/airflow/.local/lib/python3.12/site-packages/airflow/example_dags/tutorial_dag.py for tasks to queue
[2026-04-14T07:13:47.164+0000] {logging_mixin.py:190} INFO - [2026-04-14T07:13:47.163+0000] {dagbag.py:588} INFO - Filling up the DagBag from /home/airflow/.local/lib/python3.12/site-packages/airflow/example_dags/tutorial_dag.py
[2026-04-14T07:13:47.167+0000] {processor.py:925} INFO - DAG(s) 'tutorial_dag' retrieved from /home/airflow/.local/lib/python3.12/site-packages/airflow/example_dags/tutorial_dag.py
[2026-04-14T07:13:47.177+0000] {logging_mixin.py:190} INFO - [2026-04-14T07:13:47.176+0000] {dag.py:3239} INFO - Sync 1 DAGs
[2026-04-14T07:13:47.182+0000] {logging_mixin.py:190} INFO - [2026-04-14T07:13:47.182+0000] {dag.py:4180} INFO - Setting next_dagrun for tutorial_dag to None, run_after=None
[2026-04-14T07:13:47.189+0000] {processor.py:208} INFO - Processing /home/airflow/.local/lib/python3.12/site-packages/airflow/example_dags/tutorial_dag.py took 0.030 seconds
[2026-04-14T07:14:18.562+0000] {processor.py:186} INFO - Started process (PID=5180) to work on /home/airflow/.local/lib/python3.12/site-packages/airflow/example_dags/tutorial_dag.py
[2026-04-14T07:14:18.563+0000] {processor.py:914} INFO - Processing file /home/airflow/.local/lib/python3.12/site-packages/airflow/example_dags/tutorial_dag.py for tasks to queue
[2026-04-14T07:14:18.563+0000] {logging_mixin.py:190} INFO - [2026-04-14T07:14:18.563+0000] {dagbag.py:588} INFO - Filling up the DagBag from /home/airflow/.local/lib/python3.12/site-packages/airflow/example_dags/tutorial_dag.py
[2026-04-14T07:14:18.566+0000] {processor.py:925} INFO - DAG(s) 'tutorial_dag' retrieved from /home/airflow/.local/lib/python3.12/site-packages/airflow/example_dags/tutorial_dag.py
[2026-04-14T07:14:18.574+0000] {logging_mixin.py:190} INFO - [2026-04-14T07:14:18.574+0000] {dag.py:3239} INFO - Sync 1 DAGs
[2026-04-14T07:14:18.579+0000] {logging_mixin.py:190} INFO - [2026-04-14T07:14:18.579+0000] {dag.py:4180} INFO - Setting next_dagrun for tutorial_dag to None, run_after=None
[2026-04-14T07:14:18.588+0000] {processor.py:208} INFO - Processing /home/airflow/.local/lib/python3.12/site-packages/airflow/example_dags/tutorial_dag.py took 0.027 seconds
[2026-04-14T07:14:49.408+0000] {processor.py:186} INFO - Started process (PID=5244) to work on /home/airflow/.local/lib/python3.12/site-packages/airflow/example_dags/tutorial_dag.py
[2026-04-14T07:14:49.409+0000] {processor.py:914} INFO - Processing file /home/airflow/.local/lib/python3.12/site-packages/airflow/example_dags/tutorial_dag.py for tasks to queue
[2026-04-14T07:14:49.409+0000] {logging_mixin.py:190} INFO - [2026-04-14T07:14:49.409+0000] {dagbag.py:588} INFO - Filling up the DagBag from /home/airflow/.local/lib/python3.12/site-packages/airflow/example_dags/tutorial_dag.py
[2026-04-14T07:14:49.415+0000] {processor.py:925} INFO - DAG(s) 'tutorial_dag' retrieved from /home/airflow/.local/lib/python3.12/site-packages/airflow/example_dags/tutorial_dag.py
[2026-04-14T07:14:49.425+0000] {logging_mixin.py:190} INFO - [2026-04-14T07:14:49.425+0000] {dag.py:3239} INFO - Sync 1 DAGs
[2026-04-14T07:14:49.439+0000] {logging_mixin.py:190} INFO - [2026-04-14T07:14:49.438+0000] {dag.py:4180} INFO - Setting next_dagrun for tutorial_dag to None, run_after=None
[2026-04-14T07:14:49.450+0000] {processor.py:208} INFO - Processing /home/airflow/.local/lib/python3.12/site-packages/airflow/example_dags/tutorial_dag.py took 0.045 seconds
[2026-04-14T07:15:20.086+0000] {processor.py:186} INFO - Started process (PID=5308) to work on /home/airflow/.local/lib/python3.12/site-packages/airflow/example_dags/tutorial_dag.py
[2026-04-14T07:15:20.087+0000] {processor.py:914} INFO - Processing file /home/airflow/.local/lib/python3.12/site-packages/airflow/example_dags/tutorial_dag.py for tasks to queue
[2026-04-14T07:15:20.088+0000] {logging_mixin.py:190} INFO - [2026-04-14T07:15:20.088+0000] {dagbag.py:588} INFO - Filling up the DagBag from /home/airflow/.local/lib/python3.12/site-packages/airflow/example_dags/tutorial_dag.py
[2026-04-14T07:15:20.091+0000] {processor.py:925} INFO - DAG(s) 'tutorial_dag' retrieved from /home/airflow/.local/lib/python3.12/site-packages/airflow/example_dags/tutorial_dag.py
[2026-04-14T07:15:20.100+0000] {logging_mixin.py:190} INFO - [2026-04-14T07:15:20.100+0000] {dag.py:3239} INFO - Sync 1 DAGs
[2026-04-14T07:15:20.106+0000] {logging_mixin.py:190} INFO - [2026-04-14T07:15:20.106+0000] {dag.py:4180} INFO - Setting next_dagrun for tutorial_dag to None, run_after=None
[2026-04-14T07:15:20.117+0000] {processor.py:208} INFO - Processing /home/airflow/.local/lib/python3.12/site-packages/airflow/example_dags/tutorial_dag.py took 0.033 seconds
[2026-04-14T07:15:50.596+0000] {processor.py:186} INFO - Started process (PID=5372) to work on /home/airflow/.local/lib/python3.12/site-packages/airflow/example_dags/tutorial_dag.py
[2026-04-14T07:15:50.597+0000] {processor.py:914} INFO - Processing file /home/airflow/.local/lib/python3.12/site-packages/airflow/example_dags/tutorial_dag.py for tasks to queue
[2026-04-14T07:15:50.597+0000] {logging_mixin.py:190} INFO - [2026-04-14T07:15:50.597+0000] {dagbag.py:588} INFO - Filling up the DagBag from /home/airflow/.local/lib/python3.12/site-packages/airflow/example_dags/tutorial_dag.py
[2026-04-14T07:15:50.601+0000] {processor.py:925} INFO - DAG(s) 'tutorial_dag' retrieved from /home/airflow/.local/lib/python3.12/site-packages/airflow/example_dags/tutorial_dag.py
[2026-04-14T07:15:50.610+0000] {logging_mixin.py:190} INFO - [2026-04-14T07:15:50.610+0000] {dag.py:3239} INFO - Sync 1 DAGs
[2026-04-14T07:15:50.617+0000] {logging_mixin.py:190} INFO - [2026-04-14T07:15:50.617+0000] {dag.py:4180} INFO - Setting next_dagrun for tutorial_dag to None, run_after=None
[2026-04-14T07:15:50.626+0000] {processor.py:208} INFO - Processing /home/airflow/.local/lib/python3.12/site-packages/airflow/example_dags/tutorial_dag.py took 0.034 seconds
[2026-04-14T07:16:20.970+0000] {processor.py:186} INFO - Started process (PID=5436) to work on /home/airflow/.local/lib/python3.12/site-packages/airflow/example_dags/tutorial_dag.py
[2026-04-14T07:16:20.971+0000] {processor.py:914} INFO - Processing file /home/airflow/.local/lib/python3.12/site-packages/airflow/example_dags/tutorial_dag.py for tasks to queue
[2026-04-14T07:16:20.972+0000] {logging_mixin.py:190} INFO - [2026-04-14T07:16:20.972+0000] {dagbag.py:588} INFO - Filling up the DagBag from /home/airflow/.local/lib/python3.12/site-packages/airflow/example_dags/tutorial_dag.py
[2026-04-14T07:16:20.976+0000] {processor.py:925} INFO - DAG(s) 'tutorial_dag' retrieved from /home/airflow/.local/lib/python3.12/site-packages/airflow/example_dags/tutorial_dag.py
[2026-04-14T07:16:20.982+0000] {logging_mixin.py:190} INFO - [2026-04-14T07:16:20.982+0000] {dag.py:3239} INFO - Sync 1 DAGs
[2026-04-14T07:16:20.988+0000] {logging_mixin.py:190} INFO - [2026-04-14T07:16:20.988+0000] {dag.py:4180} INFO - Setting next_dagrun for tutorial_dag to None, run_after=None
[2026-04-14T07:16:20.997+0000] {processor.py:208} INFO - Processing /home/airflow/.local/lib/python3.12/site-packages/airflow/example_dags/tutorial_dag.py took 0.029 seconds
[2026-04-14T07:16:52.653+0000] {processor.py:186} INFO - Started process (PID=5515) to work on /home/airflow/.local/lib/python3.12/site-packages/airflow/example_dags/tutorial_dag.py
[2026-04-14T07:16:52.654+0000] {processor.py:914} INFO - Processing file /home/airflow/.local/lib/python3.12/site-packages/airflow/example_dags/tutorial_dag.py for tasks to queue
[2026-04-14T07:16:52.655+0000] {logging_mixin.py:190} INFO - [2026-04-14T07:16:52.655+0000] {dagbag.py:588} INFO - Filling up the DagBag from /home/airflow/.local/lib/python3.12/site-packages/airflow/example_dags/tutorial_dag.py
[2026-04-14T07:16:52.657+0000] {processor.py:925} INFO - DAG(s) 'tutorial_dag' retrieved from /home/airflow/.local/lib/python3.12/site-packages/airflow/example_dags/tutorial_dag.py
[2026-04-14T07:16:52.668+0000] {logging_mixin.py:190} INFO - [2026-04-14T07:16:52.668+0000] {dag.py:3239} INFO - Sync 1 DAGs
[2026-04-14T07:16:52.674+0000] {logging_mixin.py:190} INFO - [2026-04-14T07:16:52.674+0000] {dag.py:4180} INFO - Setting next_dagrun for tutorial_dag to None, run_after=None
[2026-04-14T07:16:52.683+0000] {processor.py:208} INFO - Processing /home/airflow/.local/lib/python3.12/site-packages/airflow/example_dags/tutorial_dag.py took 0.033 seconds
[2026-04-14T07:17:24.007+0000] {processor.py:186} INFO - Started process (PID=5585) to work on /home/airflow/.local/lib/python3.12/site-packages/airflow/example_dags/tutorial_dag.py
[2026-04-14T07:17:24.007+0000] {processor.py:914} INFO - Processing file /home/airflow/.local/lib/python3.12/site-packages/airflow/example_dags/tutorial_dag.py for tasks to queue
[2026-04-14T07:17:24.008+0000] {logging_mixin.py:190} INFO - [2026-04-14T07:17:24.008+0000] {dagbag.py:588} INFO - Filling up the DagBag from /home/airflow/.local/lib/python3.12/site-packages/airflow/example_dags/tutorial_dag.py
[2026-04-14T07:17:24.013+0000] {processor.py:925} INFO - DAG(s) 'tutorial_dag' retrieved from /home/airflow/.local/lib/python3.12/site-packages/airflow/example_dags/tutorial_dag.py
[2026-04-14T07:17:24.021+0000] {logging_mixin.py:190} INFO - [2026-04-14T07:17:24.021+0000] {dag.py:3239} INFO - Sync 1 DAGs
[2026-04-14T07:17:24.030+0000] {logging_mixin.py:190} INFO - [2026-04-14T07:17:24.030+0000] {dag.py:4180} INFO - Setting next_dagrun for tutorial_dag to None, run_after=None
[2026-04-14T07:17:24.038+0000] {processor.py:208} INFO - Processing /home/airflow/.local/lib/python3.12/site-packages/airflow/example_dags/tutorial_dag.py took 0.034 seconds
[2026-04-14T07:17:54.408+0000] {processor.py:186} INFO - Started process (PID=5649) to work on /home/airflow/.local/lib/python3.12/site-packages/airflow/example_dags/tutorial_dag.py
[2026-04-14T07:17:54.410+0000] {processor.py:914} INFO - Processing file /home/airflow/.local/lib/python3.12/site-packages/airflow/example_dags/tutorial_dag.py for tasks to queue
[2026-04-14T07:17:54.410+0000] {logging_mixin.py:190} INFO - [2026-04-14T07:17:54.410+0000] {dagbag.py:588} INFO - Filling up the DagBag from /home/airflow/.local/lib/python3.12/site-packages/airflow/example_dags/tutorial_dag.py
[2026-04-14T07:17:54.414+0000] {processor.py:925} INFO - DAG(s) 'tutorial_dag' retrieved from /home/airflow/.local/lib/python3.12/site-packages/airflow/example_dags/tutorial_dag.py
[2026-04-14T07:17:54.421+0000] {logging_mixin.py:190} INFO - [2026-04-14T07:17:54.420+0000] {dag.py:3239} INFO - Sync 1 DAGs
[2026-04-14T07:17:54.426+0000] {logging_mixin.py:190} INFO - [2026-04-14T07:17:54.426+0000] {dag.py:4180} INFO - Setting next_dagrun for tutorial_dag to None, run_after=None
[2026-04-14T07:17:54.437+0000] {processor.py:208} INFO - Processing /home/airflow/.local/lib/python3.12/site-packages/airflow/example_dags/tutorial_dag.py took 0.031 seconds
[2026-04-14T07:18:25.244+0000] {processor.py:186} INFO - Started process (PID=5713) to work on /home/airflow/.local/lib/python3.12/site-packages/airflow/example_dags/tutorial_dag.py
[2026-04-14T07:18:25.246+0000] {processor.py:914} INFO - Processing file /home/airflow/.local/lib/python3.12/site-packages/airflow/example_dags/tutorial_dag.py for tasks to queue
[2026-04-14T07:18:25.246+0000] {logging_mixin.py:190} INFO - [2026-04-14T07:18:25.246+0000] {dagbag.py:588} INFO - Filling up the DagBag from /home/airflow/.local/lib/python3.12/site-packages/airflow/example_dags/tutorial_dag.py
[2026-04-14T07:18:25.250+0000] {processor.py:925} INFO - DAG(s) 'tutorial_dag' retrieved from /home/airflow/.local/lib/python3.12/site-packages/airflow/example_dags/tutorial_dag.py
[2026-04-14T07:18:25.259+0000] {logging_mixin.py:190} INFO - [2026-04-14T07:18:25.259+0000] {dag.py:3239} INFO - Sync 1 DAGs
[2026-04-14T07:18:25.265+0000] {logging_mixin.py:190} INFO - [2026-04-14T07:18:25.265+0000] {dag.py:4180} INFO - Setting next_dagrun for tutorial_dag to None, run_after=None
[2026-04-14T07:18:25.276+0000] {processor.py:208} INFO - Processing /home/airflow/.local/lib/python3.12/site-packages/airflow/example_dags/tutorial_dag.py took 0.036 seconds
[2026-04-14T07:18:56.095+0000] {processor.py:186} INFO - Started process (PID=5777) to work on /home/airflow/.local/lib/python3.12/site-packages/airflow/example_dags/tutorial_dag.py
[2026-04-14T07:18:56.096+0000] {processor.py:914} INFO - Processing file /home/airflow/.local/lib/python3.12/site-packages/airflow/example_dags/tutorial_dag.py for tasks to queue
[2026-04-14T07:18:56.096+0000] {logging_mixin.py:190} INFO - [2026-04-14T07:18:56.096+0000] {dagbag.py:588} INFO - Filling up the DagBag from /home/airflow/.local/lib/python3.12/site-packages/airflow/example_dags/tutorial_dag.py
[2026-04-14T07:18:56.100+0000] {processor.py:925} INFO - DAG(s) 'tutorial_dag' retrieved from /home/airflow/.local/lib/python3.12/site-packages/airflow/example_dags/tutorial_dag.py
[2026-04-14T07:18:56.107+0000] {logging_mixin.py:190} INFO - [2026-04-14T07:18:56.107+0000] {dag.py:3239} INFO - Sync 1 DAGs
[2026-04-14T07:18:56.114+0000] {logging_mixin.py:190} INFO - [2026-04-14T07:18:56.113+0000] {dag.py:4180} INFO - Setting next_dagrun for tutorial_dag to None, run_after=None
[2026-04-14T07:18:56.124+0000] {processor.py:208} INFO - Processing /home/airflow/.local/lib/python3.12/site-packages/airflow/example_dags/tutorial_dag.py took 0.031 seconds
[2026-04-14T07:19:26.887+0000] {processor.py:186} INFO - Started process (PID=5841) to work on /home/airflow/.local/lib/python3.12/site-packages/airflow/example_dags/tutorial_dag.py
[2026-04-14T07:19:26.888+0000] {processor.py:914} INFO - Processing file /home/airflow/.local/lib/python3.12/site-packages/airflow/example_dags/tutorial_dag.py for tasks to queue
[2026-04-14T07:19:26.888+0000] {logging_mixin.py:190} INFO - [2026-04-14T07:19:26.888+0000] {dagbag.py:588} INFO - Filling up the DagBag from /home/airflow/.local/lib/python3.12/site-packages/airflow/example_dags/tutorial_dag.py
[2026-04-14T07:19:26.894+0000] {processor.py:925} INFO - DAG(s) 'tutorial_dag' retrieved from /home/airflow/.local/lib/python3.12/site-packages/airflow/example_dags/tutorial_dag.py
[2026-04-14T07:19:26.908+0000] {logging_mixin.py:190} INFO - [2026-04-14T07:19:26.908+0000] {dag.py:3239} INFO - Sync 1 DAGs
[2026-04-14T07:19:26.916+0000] {logging_mixin.py:190} INFO - [2026-04-14T07:19:26.916+0000] {dag.py:4180} INFO - Setting next_dagrun for tutorial_dag to None, run_after=None
[2026-04-14T07:19:26.926+0000] {processor.py:208} INFO - Processing /home/airflow/.local/lib/python3.12/site-packages/airflow/example_dags/tutorial_dag.py took 0.042 seconds
[2026-04-14T07:19:57.312+0000] {processor.py:186} INFO - Started process (PID=5905) to work on /home/airflow/.local/lib/python3.12/site-packages/airflow/example_dags/tutorial_dag.py
[2026-04-14T07:19:57.313+0000] {processor.py:914} INFO - Processing file /home/airflow/.local/lib/python3.12/site-packages/airflow/example_dags/tutorial_dag.py for tasks to queue
[2026-04-14T07:19:57.314+0000] {logging_mixin.py:190} INFO - [2026-04-14T07:19:57.314+0000] {dagbag.py:588} INFO - Filling up the DagBag from /home/airflow/.local/lib/python3.12/site-packages/airflow/example_dags/tutorial_dag.py
[2026-04-14T07:19:57.317+0000] {processor.py:925} INFO - DAG(s) 'tutorial_dag' retrieved from /home/airflow/.local/lib/python3.12/site-packages/airflow/example_dags/tutorial_dag.py
[2026-04-14T07:19:57.324+0000] {logging_mixin.py:190} INFO - [2026-04-14T07:19:57.324+0000] {dag.py:3239} INFO - Sync 1 DAGs
[2026-04-14T07:19:57.329+0000] {logging_mixin.py:190} INFO - [2026-04-14T07:19:57.329+0000] {dag.py:4180} INFO - Setting next_dagrun for tutorial_dag to None, run_after=None
[2026-04-14T07:19:57.337+0000] {processor.py:208} INFO - Processing /home/airflow/.local/lib/python3.12/site-packages/airflow/example_dags/tutorial_dag.py took 0.028 seconds
[2026-04-14T07:20:27.726+0000] {processor.py:186} INFO - Started process (PID=5969) to work on /home/airflow/.local/lib/python3.12/site-packages/airflow/example_dags/tutorial_dag.py
[2026-04-14T07:20:27.726+0000] {processor.py:914} INFO - Processing file /home/airflow/.local/lib/python3.12/site-packages/airflow/example_dags/tutorial_dag.py for tasks to queue
[2026-04-14T07:20:27.727+0000] {logging_mixin.py:190} INFO - [2026-04-14T07:20:27.727+0000] {dagbag.py:588} INFO - Filling up the DagBag from /home/airflow/.local/lib/python3.12/site-packages/airflow/example_dags/tutorial_dag.py
[2026-04-14T07:20:27.730+0000] {processor.py:925} INFO - DAG(s) 'tutorial_dag' retrieved from /home/airflow/.local/lib/python3.12/site-packages/airflow/example_dags/tutorial_dag.py
[2026-04-14T07:20:27.737+0000] {logging_mixin.py:190} INFO - [2026-04-14T07:20:27.737+0000] {dag.py:3239} INFO - Sync 1 DAGs
[2026-04-14T07:20:27.743+0000] {logging_mixin.py:190} INFO - [2026-04-14T07:20:27.743+0000] {dag.py:4180} INFO - Setting next_dagrun for tutorial_dag to None, run_after=None
[2026-04-14T07:20:27.755+0000] {processor.py:208} INFO - Processing /home/airflow/.local/lib/python3.12/site-packages/airflow/example_dags/tutorial_dag.py took 0.032 seconds
[2026-04-14T07:20:58.141+0000] {processor.py:186} INFO - Started process (PID=6033) to work on /home/airflow/.local/lib/python3.12/site-packages/airflow/example_dags/tutorial_dag.py
[2026-04-14T07:20:58.141+0000] {processor.py:914} INFO - Processing file /home/airflow/.local/lib/python3.12/site-packages/airflow/example_dags/tutorial_dag.py for tasks to queue
[2026-04-14T07:20:58.142+0000] {logging_mixin.py:190} INFO - [2026-04-14T07:20:58.142+0000] {dagbag.py:588} INFO - Filling up the DagBag from /home/airflow/.local/lib/python3.12/site-packages/airflow/example_dags/tutorial_dag.py
[2026-04-14T07:20:58.145+0000] {processor.py:925} INFO - DAG(s) 'tutorial_dag' retrieved from /home/airflow/.local/lib/python3.12/site-packages/airflow/example_dags/tutorial_dag.py
[2026-04-14T07:20:58.153+0000] {logging_mixin.py:190} INFO - [2026-04-14T07:20:58.153+0000] {dag.py:3239} INFO - Sync 1 DAGs
[2026-04-14T07:20:58.158+0000] {logging_mixin.py:190} INFO - [2026-04-14T07:20:58.158+0000] {dag.py:4180} INFO - Setting next_dagrun for tutorial_dag to None, run_after=None
[2026-04-14T07:20:58.170+0000] {processor.py:208} INFO - Processing /home/airflow/.local/lib/python3.12/site-packages/airflow/example_dags/tutorial_dag.py took 0.032 seconds
[2026-04-14T07:21:29.463+0000] {processor.py:186} INFO - Started process (PID=6097) to work on /home/airflow/.local/lib/python3.12/site-packages/airflow/example_dags/tutorial_dag.py
[2026-04-14T07:21:29.464+0000] {processor.py:914} INFO - Processing file /home/airflow/.local/lib/python3.12/site-packages/airflow/example_dags/tutorial_dag.py for tasks to queue
[2026-04-14T07:21:29.464+0000] {logging_mixin.py:190} INFO - [2026-04-14T07:21:29.464+0000] {dagbag.py:588} INFO - Filling up the DagBag from /home/airflow/.local/lib/python3.12/site-packages/airflow/example_dags/tutorial_dag.py
[2026-04-14T07:21:29.468+0000] {processor.py:925} INFO - DAG(s) 'tutorial_dag' retrieved from /home/airflow/.local/lib/python3.12/site-packages/airflow/example_dags/tutorial_dag.py
[2026-04-14T07:21:29.476+0000] {logging_mixin.py:190} INFO - [2026-04-14T07:21:29.476+0000] {dag.py:3239} INFO - Sync 1 DAGs
[2026-04-14T07:21:29.484+0000] {logging_mixin.py:190} INFO - [2026-04-14T07:21:29.484+0000] {dag.py:4180} INFO - Setting next_dagrun for tutorial_dag to None, run_after=None
[2026-04-14T07:21:29.496+0000] {processor.py:208} INFO - Processing /home/airflow/.local/lib/python3.12/site-packages/airflow/example_dags/tutorial_dag.py took 0.036 seconds
[2026-04-14T07:22:00.904+0000] {processor.py:186} INFO - Started process (PID=6161) to work on /home/airflow/.local/lib/python3.12/site-packages/airflow/example_dags/tutorial_dag.py
[2026-04-14T07:22:00.905+0000] {processor.py:914} INFO - Processing file /home/airflow/.local/lib/python3.12/site-packages/airflow/example_dags/tutorial_dag.py for tasks to queue
[2026-04-14T07:22:00.906+0000] {logging_mixin.py:190} INFO - [2026-04-14T07:22:00.905+0000] {dagbag.py:588} INFO - Filling up the DagBag from /home/airflow/.local/lib/python3.12/site-packages/airflow/example_dags/tutorial_dag.py
[2026-04-14T07:22:00.910+0000] {processor.py:925} INFO - DAG(s) 'tutorial_dag' retrieved from /home/airflow/.local/lib/python3.12/site-packages/airflow/example_dags/tutorial_dag.py
[2026-04-14T07:22:00.921+0000] {logging_mixin.py:190} INFO - [2026-04-14T07:22:00.921+0000] {dag.py:3239} INFO - Sync 1 DAGs
[2026-04-14T07:22:00.928+0000] {logging_mixin.py:190} INFO - [2026-04-14T07:22:00.928+0000] {dag.py:4180} INFO - Setting next_dagrun for tutorial_dag to None, run_after=None
[2026-04-14T07:22:00.933+0000] {processor.py:208} INFO - Processing /home/airflow/.local/lib/python3.12/site-packages/airflow/example_dags/tutorial_dag.py took 0.033 seconds
[2026-04-14T07:22:31.560+0000] {processor.py:186} INFO - Started process (PID=6225) to work on /home/airflow/.local/lib/python3.12/site-packages/airflow/example_dags/tutorial_dag.py
[2026-04-14T07:22:31.561+0000] {processor.py:914} INFO - Processing file /home/airflow/.local/lib/python3.12/site-packages/airflow/example_dags/tutorial_dag.py for tasks to queue
[2026-04-14T07:22:31.561+0000] {logging_mixin.py:190} INFO - [2026-04-14T07:22:31.561+0000] {dagbag.py:588} INFO - Filling up the DagBag from /home/airflow/.local/lib/python3.12/site-packages/airflow/example_dags/tutorial_dag.py
[2026-04-14T07:22:31.566+0000] {processor.py:925} INFO - DAG(s) 'tutorial_dag' retrieved from /home/airflow/.local/lib/python3.12/site-packages/airflow/example_dags/tutorial_dag.py
[2026-04-14T07:22:31.575+0000] {logging_mixin.py:190} INFO - [2026-04-14T07:22:31.575+0000] {dag.py:3239} INFO - Sync 1 DAGs
[2026-04-14T07:22:31.585+0000] {logging_mixin.py:190} INFO - [2026-04-14T07:22:31.585+0000] {dag.py:4180} INFO - Setting next_dagrun for tutorial_dag to None, run_after=None
[2026-04-14T07:22:31.597+0000] {processor.py:208} INFO - Processing /home/airflow/.local/lib/python3.12/site-packages/airflow/example_dags/tutorial_dag.py took 0.039 seconds
[2026-04-14T07:23:02.067+0000] {processor.py:186} INFO - Started process (PID=6289) to work on /home/airflow/.local/lib/python3.12/site-packages/airflow/example_dags/tutorial_dag.py
[2026-04-14T07:23:02.068+0000] {processor.py:914} INFO - Processing file /home/airflow/.local/lib/python3.12/site-packages/airflow/example_dags/tutorial_dag.py for tasks to queue
[2026-04-14T07:23:02.068+0000] {logging_mixin.py:190} INFO - [2026-04-14T07:23:02.068+0000] {dagbag.py:588} INFO - Filling up the DagBag from /home/airflow/.local/lib/python3.12/site-packages/airflow/example_dags/tutorial_dag.py
[2026-04-14T07:23:02.072+0000] {processor.py:925} INFO - DAG(s) 'tutorial_dag' retrieved from /home/airflow/.local/lib/python3.12/site-packages/airflow/example_dags/tutorial_dag.py
[2026-04-14T07:23:02.079+0000] {logging_mixin.py:190} INFO - [2026-04-14T07:23:02.079+0000] {dag.py:3239} INFO - Sync 1 DAGs
[2026-04-14T07:23:02.084+0000] {logging_mixin.py:190} INFO - [2026-04-14T07:23:02.084+0000] {dag.py:4180} INFO - Setting next_dagrun for tutorial_dag to None, run_after=None
[2026-04-14T07:23:02.093+0000] {processor.py:208} INFO - Processing /home/airflow/.local/lib/python3.12/site-packages/airflow/example_dags/tutorial_dag.py took 0.028 seconds
[2026-04-14T07:23:33.040+0000] {processor.py:186} INFO - Started process (PID=6353) to work on /home/airflow/.local/lib/python3.12/site-packages/airflow/example_dags/tutorial_dag.py
[2026-04-14T07:23:33.041+0000] {processor.py:914} INFO - Processing file /home/airflow/.local/lib/python3.12/site-packages/airflow/example_dags/tutorial_dag.py for tasks to queue
[2026-04-14T07:23:33.043+0000] {logging_mixin.py:190} INFO - [2026-04-14T07:23:33.043+0000] {dagbag.py:588} INFO - Filling up the DagBag from /home/airflow/.local/lib/python3.12/site-packages/airflow/example_dags/tutorial_dag.py
[2026-04-14T07:23:33.048+0000] {processor.py:925} INFO - DAG(s) 'tutorial_dag' retrieved from /home/airflow/.local/lib/python3.12/site-packages/airflow/example_dags/tutorial_dag.py
[2026-04-14T07:23:33.056+0000] {logging_mixin.py:190} INFO - [2026-04-14T07:23:33.056+0000] {dag.py:3239} INFO - Sync 1 DAGs
[2026-04-14T07:23:33.062+0000] {logging_mixin.py:190} INFO - [2026-04-14T07:23:33.062+0000] {dag.py:4180} INFO - Setting next_dagrun for tutorial_dag to None, run_after=None
[2026-04-14T07:23:33.069+0000] {processor.py:208} INFO - Processing /home/airflow/.local/lib/python3.12/site-packages/airflow/example_dags/tutorial_dag.py took 0.032 seconds
[2026-04-14T07:24:03.755+0000] {processor.py:186} INFO - Started process (PID=6417) to work on /home/airflow/.local/lib/python3.12/site-packages/airflow/example_dags/tutorial_dag.py
[2026-04-14T07:24:03.755+0000] {processor.py:914} INFO - Processing file /home/airflow/.local/lib/python3.12/site-packages/airflow/example_dags/tutorial_dag.py for tasks to queue
[2026-04-14T07:24:03.756+0000] {logging_mixin.py:190} INFO - [2026-04-14T07:24:03.756+0000] {dagbag.py:588} INFO - Filling up the DagBag from /home/airflow/.local/lib/python3.12/site-packages/airflow/example_dags/tutorial_dag.py
[2026-04-14T07:24:03.760+0000] {processor.py:925} INFO - DAG(s) 'tutorial_dag' retrieved from /home/airflow/.local/lib/python3.12/site-packages/airflow/example_dags/tutorial_dag.py
[2026-04-14T07:24:03.771+0000] {logging_mixin.py:190} INFO - [2026-04-14T07:24:03.771+0000] {dag.py:3239} INFO - Sync 1 DAGs
[2026-04-14T07:24:03.777+0000] {logging_mixin.py:190} INFO - [2026-04-14T07:24:03.777+0000] {dag.py:4180} INFO - Setting next_dagrun for tutorial_dag to None, run_after=None
[2026-04-14T07:24:03.790+0000] {processor.py:208} INFO - Processing /home/airflow/.local/lib/python3.12/site-packages/airflow/example_dags/tutorial_dag.py took 0.038 seconds
[2026-04-14T07:24:34.270+0000] {processor.py:186} INFO - Started process (PID=6481) to work on /home/airflow/.local/lib/python3.12/site-packages/airflow/example_dags/tutorial_dag.py
[2026-04-14T07:24:34.271+0000] {processor.py:914} INFO - Processing file /home/airflow/.local/lib/python3.12/site-packages/airflow/example_dags/tutorial_dag.py for tasks to queue
[2026-04-14T07:24:34.271+0000] {logging_mixin.py:190} INFO - [2026-04-14T07:24:34.271+0000] {dagbag.py:588} INFO - Filling up the DagBag from /home/airflow/.local/lib/python3.12/site-packages/airflow/example_dags/tutorial_dag.py
[2026-04-14T07:24:34.275+0000] {processor.py:925} INFO - DAG(s) 'tutorial_dag' retrieved from /home/airflow/.local/lib/python3.12/site-packages/airflow/example_dags/tutorial_dag.py
[2026-04-14T07:24:34.286+0000] {logging_mixin.py:190} INFO - [2026-04-14T07:24:34.286+0000] {dag.py:3239} INFO - Sync 1 DAGs
[2026-04-14T07:24:34.294+0000] {logging_mixin.py:190} INFO - [2026-04-14T07:24:34.294+0000] {dag.py:4180} INFO - Setting next_dagrun for tutorial_dag to None, run_after=None
[2026-04-14T07:24:34.301+0000] {processor.py:208} INFO - Processing /home/airflow/.local/lib/python3.12/site-packages/airflow/example_dags/tutorial_dag.py took 0.033 seconds
[2026-04-14T07:25:05.093+0000] {processor.py:186} INFO - Started process (PID=6545) to work on /home/airflow/.local/lib/python3.12/site-packages/airflow/example_dags/tutorial_dag.py
[2026-04-14T07:25:05.094+0000] {processor.py:914} INFO - Processing file /home/airflow/.local/lib/python3.12/site-packages/airflow/example_dags/tutorial_dag.py for tasks to queue
[2026-04-14T07:25:05.096+0000] {logging_mixin.py:190} INFO - [2026-04-14T07:25:05.096+0000] {dagbag.py:588} INFO - Filling up the DagBag from /home/airflow/.local/lib/python3.12/site-packages/airflow/example_dags/tutorial_dag.py
[2026-04-14T07:25:05.100+0000] {processor.py:925} INFO - DAG(s) 'tutorial_dag' retrieved from /home/airflow/.local/lib/python3.12/site-packages/airflow/example_dags/tutorial_dag.py
[2026-04-14T07:25:05.115+0000] {logging_mixin.py:190} INFO - [2026-04-14T07:25:05.115+0000] {dag.py:3239} INFO - Sync 1 DAGs
[2026-04-14T07:25:05.124+0000] {logging_mixin.py:190} INFO - [2026-04-14T07:25:05.124+0000] {dag.py:4180} INFO - Setting next_dagrun for tutorial_dag to None, run_after=None
[2026-04-14T07:25:05.136+0000] {processor.py:208} INFO - Processing /home/airflow/.local/lib/python3.12/site-packages/airflow/example_dags/tutorial_dag.py took 0.047 seconds
[2026-04-14T07:25:35.567+0000] {processor.py:186} INFO - Started process (PID=6609) to work on /home/airflow/.local/lib/python3.12/site-packages/airflow/example_dags/tutorial_dag.py
[2026-04-14T07:25:35.568+0000] {processor.py:914} INFO - Processing file /home/airflow/.local/lib/python3.12/site-packages/airflow/example_dags/tutorial_dag.py for tasks to queue
[2026-04-14T07:25:35.569+0000] {logging_mixin.py:190} INFO - [2026-04-14T07:25:35.569+0000] {dagbag.py:588} INFO - Filling up the DagBag from /home/airflow/.local/lib/python3.12/site-packages/airflow/example_dags/tutorial_dag.py
[2026-04-14T07:25:35.572+0000] {processor.py:925} INFO - DAG(s) 'tutorial_dag' retrieved from /home/airflow/.local/lib/python3.12/site-packages/airflow/example_dags/tutorial_dag.py
[2026-04-14T07:25:35.579+0000] {logging_mixin.py:190} INFO - [2026-04-14T07:25:35.579+0000] {dag.py:3239} INFO - Sync 1 DAGs
[2026-04-14T07:25:35.585+0000] {logging_mixin.py:190} INFO - [2026-04-14T07:25:35.584+0000] {dag.py:4180} INFO - Setting next_dagrun for tutorial_dag to None, run_after=None
[2026-04-14T07:25:35.591+0000] {processor.py:208} INFO - Processing /home/airflow/.local/lib/python3.12/site-packages/airflow/example_dags/tutorial_dag.py took 0.026 seconds
[2026-04-14T07:26:05.952+0000] {processor.py:186} INFO - Started process (PID=6673) to work on /home/airflow/.local/lib/python3.12/site-packages/airflow/example_dags/tutorial_dag.py
[2026-04-14T07:26:05.953+0000] {processor.py:914} INFO - Processing file /home/airflow/.local/lib/python3.12/site-packages/airflow/example_dags/tutorial_dag.py for tasks to queue
[2026-04-14T07:26:05.953+0000] {logging_mixin.py:190} INFO - [2026-04-14T07:26:05.953+0000] {dagbag.py:588} INFO - Filling up the DagBag from /home/airflow/.local/lib/python3.12/site-packages/airflow/example_dags/tutorial_dag.py
[2026-04-14T07:26:05.957+0000] {processor.py:925} INFO - DAG(s) 'tutorial_dag' retrieved from /home/airflow/.local/lib/python3.12/site-packages/airflow/example_dags/tutorial_dag.py
[2026-04-14T07:26:05.967+0000] {logging_mixin.py:190} INFO - [2026-04-14T07:26:05.967+0000] {dag.py:3239} INFO - Sync 1 DAGs
[2026-04-14T07:26:05.974+0000] {logging_mixin.py:190} INFO - [2026-04-14T07:26:05.974+0000] {dag.py:4180} INFO - Setting next_dagrun for tutorial_dag to None, run_after=None
[2026-04-14T07:26:05.982+0000] {processor.py:208} INFO - Processing /home/airflow/.local/lib/python3.12/site-packages/airflow/example_dags/tutorial_dag.py took 0.033 seconds
[2026-04-14T07:26:36.464+0000] {processor.py:186} INFO - Started process (PID=6737) to work on /home/airflow/.local/lib/python3.12/site-packages/airflow/example_dags/tutorial_dag.py
[2026-04-14T07:26:36.464+0000] {processor.py:914} INFO - Processing file /home/airflow/.local/lib/python3.12/site-packages/airflow/example_dags/tutorial_dag.py for tasks to queue
[2026-04-14T07:26:36.465+0000] {logging_mixin.py:190} INFO - [2026-04-14T07:26:36.465+0000] {dagbag.py:588} INFO - Filling up the DagBag from /home/airflow/.local/lib/python3.12/site-packages/airflow/example_dags/tutorial_dag.py
[2026-04-14T07:26:36.468+0000] {processor.py:925} INFO - DAG(s) 'tutorial_dag' retrieved from /home/airflow/.local/lib/python3.12/site-packages/airflow/example_dags/tutorial_dag.py
[2026-04-14T07:26:36.477+0000] {logging_mixin.py:190} INFO - [2026-04-14T07:26:36.477+0000] {dag.py:3239} INFO - Sync 1 DAGs
[2026-04-14T07:26:36.485+0000] {logging_mixin.py:190} INFO - [2026-04-14T07:26:36.485+0000] {dag.py:4180} INFO - Setting next_dagrun for tutorial_dag to None, run_after=None
[2026-04-14T07:26:36.494+0000] {processor.py:208} INFO - Processing /home/airflow/.local/lib/python3.12/site-packages/airflow/example_dags/tutorial_dag.py took 0.032 seconds
[2026-04-14T07:27:06.893+0000] {processor.py:186} INFO - Started process (PID=6801) to work on /home/airflow/.local/lib/python3.12/site-packages/airflow/example_dags/tutorial_dag.py
[2026-04-14T07:27:06.893+0000] {processor.py:914} INFO - Processing file /home/airflow/.local/lib/python3.12/site-packages/airflow/example_dags/tutorial_dag.py for tasks to queue
[2026-04-14T07:27:06.893+0000] {logging_mixin.py:190} INFO - [2026-04-14T07:27:06.893+0000] {dagbag.py:588} INFO - Filling up the DagBag from /home/airflow/.local/lib/python3.12/site-packages/airflow/example_dags/tutorial_dag.py
[2026-04-14T07:27:06.897+0000] {processor.py:925} INFO - DAG(s) 'tutorial_dag' retrieved from /home/airflow/.local/lib/python3.12/site-packages/airflow/example_dags/tutorial_dag.py
[2026-04-14T07:27:06.907+0000] {logging_mixin.py:190} INFO - [2026-04-14T07:27:06.907+0000] {dag.py:3239} INFO - Sync 1 DAGs
[2026-04-14T07:27:06.912+0000] {logging_mixin.py:190} INFO - [2026-04-14T07:27:06.912+0000] {dag.py:4180} INFO - Setting next_dagrun for tutorial_dag to None, run_after=None
[2026-04-14T07:27:06.923+0000] {processor.py:208} INFO - Processing /home/airflow/.local/lib/python3.12/site-packages/airflow/example_dags/tutorial_dag.py took 0.033 seconds
[2026-04-14T07:27:37.529+0000] {processor.py:186} INFO - Started process (PID=6865) to work on /home/airflow/.local/lib/python3.12/site-packages/airflow/example_dags/tutorial_dag.py
[2026-04-14T07:27:37.530+0000] {processor.py:914} INFO - Processing file /home/airflow/.local/lib/python3.12/site-packages/airflow/example_dags/tutorial_dag.py for tasks to queue
[2026-04-14T07:27:37.530+0000] {logging_mixin.py:190} INFO - [2026-04-14T07:27:37.530+0000] {dagbag.py:588} INFO - Filling up the DagBag from /home/airflow/.local/lib/python3.12/site-packages/airflow/example_dags/tutorial_dag.py
[2026-04-14T07:27:37.534+0000] {processor.py:925} INFO - DAG(s) 'tutorial_dag' retrieved from /home/airflow/.local/lib/python3.12/site-packages/airflow/example_dags/tutorial_dag.py
[2026-04-14T07:27:37.545+0000] {logging_mixin.py:190} INFO - [2026-04-14T07:27:37.545+0000] {dag.py:3239} INFO - Sync 1 DAGs
[2026-04-14T07:27:37.551+0000] {logging_mixin.py:190} INFO - [2026-04-14T07:27:37.551+0000] {dag.py:4180} INFO - Setting next_dagrun for tutorial_dag to None, run_after=None
[2026-04-14T07:27:37.561+0000] {processor.py:208} INFO - Processing /home/airflow/.local/lib/python3.12/site-packages/airflow/example_dags/tutorial_dag.py took 0.034 seconds
[2026-04-14T07:28:08.197+0000] {processor.py:186} INFO - Started process (PID=6929) to work on /home/airflow/.local/lib/python3.12/site-packages/airflow/example_dags/tutorial_dag.py
[2026-04-14T07:28:08.198+0000] {processor.py:914} INFO - Processing file /home/airflow/.local/lib/python3.12/site-packages/airflow/example_dags/tutorial_dag.py for tasks to queue
[2026-04-14T07:28:08.199+0000] {logging_mixin.py:190} INFO - [2026-04-14T07:28:08.199+0000] {dagbag.py:588} INFO - Filling up the DagBag from /home/airflow/.local/lib/python3.12/site-packages/airflow/example_dags/tutorial_dag.py
[2026-04-14T07:28:08.203+0000] {processor.py:925} INFO - DAG(s) 'tutorial_dag' retrieved from /home/airflow/.local/lib/python3.12/site-packages/airflow/example_dags/tutorial_dag.py
[2026-04-14T07:28:08.213+0000] {logging_mixin.py:190} INFO - [2026-04-14T07:28:08.213+0000] {dag.py:3239} INFO - Sync 1 DAGs
[2026-04-14T07:28:08.221+0000] {logging_mixin.py:190} INFO - [2026-04-14T07:28:08.221+0000] {dag.py:4180} INFO - Setting next_dagrun for tutorial_dag to None, run_after=None
[2026-04-14T07:28:08.232+0000] {processor.py:208} INFO - Processing /home/airflow/.local/lib/python3.12/site-packages/airflow/example_dags/tutorial_dag.py took 0.041 seconds
[2026-04-14T07:28:38.832+0000] {processor.py:186} INFO - Started process (PID=6993) to work on /home/airflow/.local/lib/python3.12/site-packages/airflow/example_dags/tutorial_dag.py
[2026-04-14T07:28:38.833+0000] {processor.py:914} INFO - Processing file /home/airflow/.local/lib/python3.12/site-packages/airflow/example_dags/tutorial_dag.py for tasks to queue
[2026-04-14T07:28:38.833+0000] {logging_mixin.py:190} INFO - [2026-04-14T07:28:38.833+0000] {dagbag.py:588} INFO - Filling up the DagBag from /home/airflow/.local/lib/python3.12/site-packages/airflow/example_dags/tutorial_dag.py
[2026-04-14T07:28:38.836+0000] {processor.py:925} INFO - DAG(s) 'tutorial_dag' retrieved from /home/airflow/.local/lib/python3.12/site-packages/airflow/example_dags/tutorial_dag.py
[2026-04-14T07:28:38.845+0000] {logging_mixin.py:190} INFO - [2026-04-14T07:28:38.845+0000] {dag.py:3239} INFO - Sync 1 DAGs
[2026-04-14T07:28:38.853+0000] {logging_mixin.py:190} INFO - [2026-04-14T07:28:38.853+0000] {dag.py:4180} INFO - Setting next_dagrun for tutorial_dag to None, run_after=None
[2026-04-14T07:28:38.861+0000] {processor.py:208} INFO - Processing /home/airflow/.local/lib/python3.12/site-packages/airflow/example_dags/tutorial_dag.py took 0.031 seconds
[2026-04-14T07:29:09.412+0000] {processor.py:186} INFO - Started process (PID=7057) to work on /home/airflow/.local/lib/python3.12/site-packages/airflow/example_dags/tutorial_dag.py
[2026-04-14T07:29:09.412+0000] {processor.py:914} INFO - Processing file /home/airflow/.local/lib/python3.12/site-packages/airflow/example_dags/tutorial_dag.py for tasks to queue
[2026-04-14T07:29:09.414+0000] {logging_mixin.py:190} INFO - [2026-04-14T07:29:09.414+0000] {dagbag.py:588} INFO - Filling up the DagBag from /home/airflow/.local/lib/python3.12/site-packages/airflow/example_dags/tutorial_dag.py
[2026-04-14T07:29:09.417+0000] {processor.py:925} INFO - DAG(s) 'tutorial_dag' retrieved from /home/airflow/.local/lib/python3.12/site-packages/airflow/example_dags/tutorial_dag.py
[2026-04-14T07:29:09.428+0000] {logging_mixin.py:190} INFO - [2026-04-14T07:29:09.427+0000] {dag.py:3239} INFO - Sync 1 DAGs
[2026-04-14T07:29:09.432+0000] {logging_mixin.py:190} INFO - [2026-04-14T07:29:09.432+0000] {dag.py:4180} INFO - Setting next_dagrun for tutorial_dag to None, run_after=None
[2026-04-14T07:29:09.441+0000] {processor.py:208} INFO - Processing /home/airflow/.local/lib/python3.12/site-packages/airflow/example_dags/tutorial_dag.py took 0.031 seconds
[2026-04-14T07:29:40.001+0000] {processor.py:186} INFO - Started process (PID=7127) to work on /home/airflow/.local/lib/python3.12/site-packages/airflow/example_dags/tutorial_dag.py
[2026-04-14T07:29:40.001+0000] {processor.py:914} INFO - Processing file /home/airflow/.local/lib/python3.12/site-packages/airflow/example_dags/tutorial_dag.py for tasks to queue
[2026-04-14T07:29:40.002+0000] {logging_mixin.py:190} INFO - [2026-04-14T07:29:40.002+0000] {dagbag.py:588} INFO - Filling up the DagBag from /home/airflow/.local/lib/python3.12/site-packages/airflow/example_dags/tutorial_dag.py
[2026-04-14T07:29:40.006+0000] {processor.py:925} INFO - DAG(s) 'tutorial_dag' retrieved from /home/airflow/.local/lib/python3.12/site-packages/airflow/example_dags/tutorial_dag.py
[2026-04-14T07:29:40.016+0000] {logging_mixin.py:190} INFO - [2026-04-14T07:29:40.016+0000] {dag.py:3239} INFO - Sync 1 DAGs
[2026-04-14T07:29:40.024+0000] {logging_mixin.py:190} INFO - [2026-04-14T07:29:40.024+0000] {dag.py:4180} INFO - Setting next_dagrun for tutorial_dag to None, run_after=None
[2026-04-14T07:29:40.035+0000] {processor.py:208} INFO - Processing /home/airflow/.local/lib/python3.12/site-packages/airflow/example_dags/tutorial_dag.py took 0.037 seconds
[2026-04-14T07:30:10.676+0000] {processor.py:186} INFO - Started process (PID=7191) to work on /home/airflow/.local/lib/python3.12/site-packages/airflow/example_dags/tutorial_dag.py
[2026-04-14T07:30:10.677+0000] {processor.py:914} INFO - Processing file /home/airflow/.local/lib/python3.12/site-packages/airflow/example_dags/tutorial_dag.py for tasks to queue
[2026-04-14T07:30:10.678+0000] {logging_mixin.py:190} INFO - [2026-04-14T07:30:10.678+0000] {dagbag.py:588} INFO - Filling up the DagBag from /home/airflow/.local/lib/python3.12/site-packages/airflow/example_dags/tutorial_dag.py
[2026-04-14T07:30:10.683+0000] {processor.py:925} INFO - DAG(s) 'tutorial_dag' retrieved from /home/airflow/.local/lib/python3.12/site-packages/airflow/example_dags/tutorial_dag.py
[2026-04-14T07:30:10.699+0000] {logging_mixin.py:190} INFO - [2026-04-14T07:30:10.699+0000] {dag.py:3239} INFO - Sync 1 DAGs
[2026-04-14T07:30:10.708+0000] {logging_mixin.py:190} INFO - [2026-04-14T07:30:10.708+0000] {dag.py:4180} INFO - Setting next_dagrun for tutorial_dag to None, run_after=None
[2026-04-14T07:30:10.719+0000] {processor.py:208} INFO - Processing /home/airflow/.local/lib/python3.12/site-packages/airflow/example_dags/tutorial_dag.py took 0.046 seconds
[2026-04-14T07:30:41.765+0000] {processor.py:186} INFO - Started process (PID=7255) to work on /home/airflow/.local/lib/python3.12/site-packages/airflow/example_dags/tutorial_dag.py
[2026-04-14T07:30:41.765+0000] {processor.py:914} INFO - Processing file /home/airflow/.local/lib/python3.12/site-packages/airflow/example_dags/tutorial_dag.py for tasks to queue
[2026-04-14T07:30:41.766+0000] {logging_mixin.py:190} INFO - [2026-04-14T07:30:41.766+0000] {dagbag.py:588} INFO - Filling up the DagBag from /home/airflow/.local/lib/python3.12/site-packages/airflow/example_dags/tutorial_dag.py
[2026-04-14T07:30:41.769+0000] {processor.py:925} INFO - DAG(s) 'tutorial_dag' retrieved from /home/airflow/.local/lib/python3.12/site-packages/airflow/example_dags/tutorial_dag.py
[2026-04-14T07:30:41.777+0000] {logging_mixin.py:190} INFO - [2026-04-14T07:30:41.777+0000] {dag.py:3239} INFO - Sync 1 DAGs
[2026-04-14T07:30:41.783+0000] {logging_mixin.py:190} INFO - [2026-04-14T07:30:41.783+0000] {dag.py:4180} INFO - Setting next_dagrun for tutorial_dag to None, run_after=None
[2026-04-14T07:30:41.795+0000] {processor.py:208} INFO - Processing /home/airflow/.local/lib/python3.12/site-packages/airflow/example_dags/tutorial_dag.py took 0.033 seconds
[2026-04-14T07:31:12.576+0000] {processor.py:186} INFO - Started process (PID=7319) to work on /home/airflow/.local/lib/python3.12/site-packages/airflow/example_dags/tutorial_dag.py
[2026-04-14T07:31:12.577+0000] {processor.py:914} INFO - Processing file /home/airflow/.local/lib/python3.12/site-packages/airflow/example_dags/tutorial_dag.py for tasks to queue
[2026-04-14T07:31:12.577+0000] {logging_mixin.py:190} INFO - [2026-04-14T07:31:12.577+0000] {dagbag.py:588} INFO - Filling up the DagBag from /home/airflow/.local/lib/python3.12/site-packages/airflow/example_dags/tutorial_dag.py
[2026-04-14T07:31:12.581+0000] {processor.py:925} INFO - DAG(s) 'tutorial_dag' retrieved from /home/airflow/.local/lib/python3.12/site-packages/airflow/example_dags/tutorial_dag.py
[2026-04-14T07:31:12.589+0000] {logging_mixin.py:190} INFO - [2026-04-14T07:31:12.589+0000] {dag.py:3239} INFO - Sync 1 DAGs
[2026-04-14T07:31:12.597+0000] {logging_mixin.py:190} INFO - [2026-04-14T07:31:12.597+0000] {dag.py:4180} INFO - Setting next_dagrun for tutorial_dag to None, run_after=None
[2026-04-14T07:31:12.612+0000] {processor.py:208} INFO - Processing /home/airflow/.local/lib/python3.12/site-packages/airflow/example_dags/tutorial_dag.py took 0.039 seconds
[2026-04-14T07:31:43.173+0000] {processor.py:186} INFO - Started process (PID=7383) to work on /home/airflow/.local/lib/python3.12/site-packages/airflow/example_dags/tutorial_dag.py
[2026-04-14T07:31:43.173+0000] {processor.py:914} INFO - Processing file /home/airflow/.local/lib/python3.12/site-packages/airflow/example_dags/tutorial_dag.py for tasks to queue
[2026-04-14T07:31:43.174+0000] {logging_mixin.py:190} INFO - [2026-04-14T07:31:43.174+0000] {dagbag.py:588} INFO - Filling up the DagBag from /home/airflow/.local/lib/python3.12/site-packages/airflow/example_dags/tutorial_dag.py
[2026-04-14T07:31:43.178+0000] {processor.py:925} INFO - DAG(s) 'tutorial_dag' retrieved from /home/airflow/.local/lib/python3.12/site-packages/airflow/example_dags/tutorial_dag.py
[2026-04-14T07:31:43.187+0000] {logging_mixin.py:190} INFO - [2026-04-14T07:31:43.187+0000] {dag.py:3239} INFO - Sync 1 DAGs
[2026-04-14T07:31:43.192+0000] {logging_mixin.py:190} INFO - [2026-04-14T07:31:43.192+0000] {dag.py:4180} INFO - Setting next_dagrun for tutorial_dag to None, run_after=None
[2026-04-14T07:31:43.202+0000] {processor.py:208} INFO - Processing /home/airflow/.local/lib/python3.12/site-packages/airflow/example_dags/tutorial_dag.py took 0.032 seconds
[2026-04-14T07:32:13.482+0000] {processor.py:186} INFO - Started process (PID=7447) to work on /home/airflow/.local/lib/python3.12/site-packages/airflow/example_dags/tutorial_dag.py
[2026-04-14T07:32:13.482+0000] {processor.py:914} INFO - Processing file /home/airflow/.local/lib/python3.12/site-packages/airflow/example_dags/tutorial_dag.py for tasks to queue
[2026-04-14T07:32:13.482+0000] {logging_mixin.py:190} INFO - [2026-04-14T07:32:13.482+0000] {dagbag.py:588} INFO - Filling up the DagBag from /home/airflow/.local/lib/python3.12/site-packages/airflow/example_dags/tutorial_dag.py
[2026-04-14T07:32:13.486+0000] {processor.py:925} INFO - DAG(s) 'tutorial_dag' retrieved from /home/airflow/.local/lib/python3.12/site-packages/airflow/example_dags/tutorial_dag.py
[2026-04-14T07:32:13.493+0000] {logging_mixin.py:190} INFO - [2026-04-14T07:32:13.493+0000] {dag.py:3239} INFO - Sync 1 DAGs
[2026-04-14T07:32:13.499+0000] {logging_mixin.py:190} INFO - [2026-04-14T07:32:13.498+0000] {dag.py:4180} INFO - Setting next_dagrun for tutorial_dag to None, run_after=None
[2026-04-14T07:32:13.511+0000] {processor.py:208} INFO - Processing /home/airflow/.local/lib/python3.12/site-packages/airflow/example_dags/tutorial_dag.py took 0.032 seconds
[2026-04-14T07:32:44.057+0000] {processor.py:186} INFO - Started process (PID=7511) to work on /home/airflow/.local/lib/python3.12/site-packages/airflow/example_dags/tutorial_dag.py
[2026-04-14T07:32:44.058+0000] {processor.py:914} INFO - Processing file /home/airflow/.local/lib/python3.12/site-packages/airflow/example_dags/tutorial_dag.py for tasks to queue
[2026-04-14T07:32:44.059+0000] {logging_mixin.py:190} INFO - [2026-04-14T07:32:44.059+0000] {dagbag.py:588} INFO - Filling up the DagBag from /home/airflow/.local/lib/python3.12/site-packages/airflow/example_dags/tutorial_dag.py
[2026-04-14T07:32:44.063+0000] {processor.py:925} INFO - DAG(s) 'tutorial_dag' retrieved from /home/airflow/.local/lib/python3.12/site-packages/airflow/example_dags/tutorial_dag.py
[2026-04-14T07:32:44.073+0000] {logging_mixin.py:190} INFO - [2026-04-14T07:32:44.073+0000] {dag.py:3239} INFO - Sync 1 DAGs
[2026-04-14T07:32:44.080+0000] {logging_mixin.py:190} INFO - [2026-04-14T07:32:44.080+0000] {dag.py:4180} INFO - Setting next_dagrun for tutorial_dag to None, run_after=None
[2026-04-14T07:32:44.095+0000] {processor.py:208} INFO - Processing /home/airflow/.local/lib/python3.12/site-packages/airflow/example_dags/tutorial_dag.py took 0.041 seconds
[2026-04-14T07:33:14.544+0000] {processor.py:186} INFO - Started process (PID=7575) to work on /home/airflow/.local/lib/python3.12/site-packages/airflow/example_dags/tutorial_dag.py
[2026-04-14T07:33:14.544+0000] {processor.py:914} INFO - Processing file /home/airflow/.local/lib/python3.12/site-packages/airflow/example_dags/tutorial_dag.py for tasks to queue
[2026-04-14T07:33:14.545+0000] {logging_mixin.py:190} INFO - [2026-04-14T07:33:14.545+0000] {dagbag.py:588} INFO - Filling up the DagBag from /home/airflow/.local/lib/python3.12/site-packages/airflow/example_dags/tutorial_dag.py
[2026-04-14T07:33:14.548+0000] {processor.py:925} INFO - DAG(s) 'tutorial_dag' retrieved from /home/airflow/.local/lib/python3.12/site-packages/airflow/example_dags/tutorial_dag.py
[2026-04-14T07:33:14.558+0000] {logging_mixin.py:190} INFO - [2026-04-14T07:33:14.558+0000] {dag.py:3239} INFO - Sync 1 DAGs
[2026-04-14T07:33:14.565+0000] {logging_mixin.py:190} INFO - [2026-04-14T07:33:14.565+0000] {dag.py:4180} INFO - Setting next_dagrun for tutorial_dag to None, run_after=None
[2026-04-14T07:33:14.577+0000] {processor.py:208} INFO - Processing /home/airflow/.local/lib/python3.12/site-packages/airflow/example_dags/tutorial_dag.py took 0.036 seconds
[2026-04-14T07:33:46.152+0000] {processor.py:186} INFO - Started process (PID=7639) to work on /home/airflow/.local/lib/python3.12/site-packages/airflow/example_dags/tutorial_dag.py
[2026-04-14T07:33:46.152+0000] {processor.py:914} INFO - Processing file /home/airflow/.local/lib/python3.12/site-packages/airflow/example_dags/tutorial_dag.py for tasks to queue
[2026-04-14T07:33:46.152+0000] {logging_mixin.py:190} INFO - [2026-04-14T07:33:46.152+0000] {dagbag.py:588} INFO - Filling up the DagBag from /home/airflow/.local/lib/python3.12/site-packages/airflow/example_dags/tutorial_dag.py
[2026-04-14T07:33:46.158+0000] {processor.py:925} INFO - DAG(s) 'tutorial_dag' retrieved from /home/airflow/.local/lib/python3.12/site-packages/airflow/example_dags/tutorial_dag.py
[2026-04-14T07:33:46.168+0000] {logging_mixin.py:190} INFO - [2026-04-14T07:33:46.168+0000] {dag.py:3239} INFO - Sync 1 DAGs
[2026-04-14T07:33:46.178+0000] {logging_mixin.py:190} INFO - [2026-04-14T07:33:46.178+0000] {dag.py:4180} INFO - Setting next_dagrun for tutorial_dag to None, run_after=None
[2026-04-14T07:33:46.193+0000] {processor.py:208} INFO - Processing /home/airflow/.local/lib/python3.12/site-packages/airflow/example_dags/tutorial_dag.py took 0.049 seconds
[2026-04-14T07:34:16.834+0000] {processor.py:186} INFO - Started process (PID=7703) to work on /home/airflow/.local/lib/python3.12/site-packages/airflow/example_dags/tutorial_dag.py
[2026-04-14T07:34:16.834+0000] {processor.py:914} INFO - Processing file /home/airflow/.local/lib/python3.12/site-packages/airflow/example_dags/tutorial_dag.py for tasks to queue
[2026-04-14T07:34:16.835+0000] {logging_mixin.py:190} INFO - [2026-04-14T07:34:16.834+0000] {dagbag.py:588} INFO - Filling up the DagBag from /home/airflow/.local/lib/python3.12/site-packages/airflow/example_dags/tutorial_dag.py
[2026-04-14T07:34:16.838+0000] {processor.py:925} INFO - DAG(s) 'tutorial_dag' retrieved from /home/airflow/.local/lib/python3.12/site-packages/airflow/example_dags/tutorial_dag.py
[2026-04-14T07:34:16.848+0000] {logging_mixin.py:190} INFO - [2026-04-14T07:34:16.848+0000] {dag.py:3239} INFO - Sync 1 DAGs
[2026-04-14T07:34:16.858+0000] {logging_mixin.py:190} INFO - [2026-04-14T07:34:16.858+0000] {dag.py:4180} INFO - Setting next_dagrun for tutorial_dag to None, run_after=None
[2026-04-14T07:34:16.871+0000] {processor.py:208} INFO - Processing /home/airflow/.local/lib/python3.12/site-packages/airflow/example_dags/tutorial_dag.py took 0.040 seconds
[2026-04-14T07:34:48.384+0000] {processor.py:186} INFO - Started process (PID=7767) to work on /home/airflow/.local/lib/python3.12/site-packages/airflow/example_dags/tutorial_dag.py
[2026-04-14T07:34:48.385+0000] {processor.py:914} INFO - Processing file /home/airflow/.local/lib/python3.12/site-packages/airflow/example_dags/tutorial_dag.py for tasks to queue
[2026-04-14T07:34:48.386+0000] {logging_mixin.py:190} INFO - [2026-04-14T07:34:48.386+0000] {dagbag.py:588} INFO - Filling up the DagBag from /home/airflow/.local/lib/python3.12/site-packages/airflow/example_dags/tutorial_dag.py
[2026-04-14T07:34:48.389+0000] {processor.py:925} INFO - DAG(s) 'tutorial_dag' retrieved from /home/airflow/.local/lib/python3.12/site-packages/airflow/example_dags/tutorial_dag.py
[2026-04-14T07:34:48.397+0000] {logging_mixin.py:190} INFO - [2026-04-14T07:34:48.397+0000] {dag.py:3239} INFO - Sync 1 DAGs
[2026-04-14T07:34:48.404+0000] {logging_mixin.py:190} INFO - [2026-04-14T07:34:48.403+0000] {dag.py:4180} INFO - Setting next_dagrun for tutorial_dag to None, run_after=None
[2026-04-14T07:34:48.410+0000] {processor.py:208} INFO - Processing /home/airflow/.local/lib/python3.12/site-packages/airflow/example_dags/tutorial_dag.py took 0.029 seconds
[2026-04-14T07:35:18.668+0000] {processor.py:186} INFO - Started process (PID=7831) to work on /home/airflow/.local/lib/python3.12/site-packages/airflow/example_dags/tutorial_dag.py
[2026-04-14T07:35:18.668+0000] {processor.py:914} INFO - Processing file /home/airflow/.local/lib/python3.12/site-packages/airflow/example_dags/tutorial_dag.py for tasks to queue
[2026-04-14T07:35:18.670+0000] {logging_mixin.py:190} INFO - [2026-04-14T07:35:18.669+0000] {dagbag.py:588} INFO - Filling up the DagBag from /home/airflow/.local/lib/python3.12/site-packages/airflow/example_dags/tutorial_dag.py
[2026-04-14T07:35:18.673+0000] {processor.py:925} INFO - DAG(s) 'tutorial_dag' retrieved from /home/airflow/.local/lib/python3.12/site-packages/airflow/example_dags/tutorial_dag.py
[2026-04-14T07:35:18.681+0000] {logging_mixin.py:190} INFO - [2026-04-14T07:35:18.681+0000] {dag.py:3239} INFO - Sync 1 DAGs
[2026-04-14T07:35:18.688+0000] {logging_mixin.py:190} INFO - [2026-04-14T07:35:18.688+0000] {dag.py:4180} INFO - Setting next_dagrun for tutorial_dag to None, run_after=None
[2026-04-14T07:35:18.697+0000] {processor.py:208} INFO - Processing /home/airflow/.local/lib/python3.12/site-packages/airflow/example_dags/tutorial_dag.py took 0.032 seconds
[2026-04-14T07:35:49.804+0000] {processor.py:186} INFO - Started process (PID=7895) to work on /home/airflow/.local/lib/python3.12/site-packages/airflow/example_dags/tutorial_dag.py
[2026-04-14T07:35:49.804+0000] {processor.py:914} INFO - Processing file /home/airflow/.local/lib/python3.12/site-packages/airflow/example_dags/tutorial_dag.py for tasks to queue
[2026-04-14T07:35:49.805+0000] {logging_mixin.py:190} INFO - [2026-04-14T07:35:49.805+0000] {dagbag.py:588} INFO - Filling up the DagBag from /home/airflow/.local/lib/python3.12/site-packages/airflow/example_dags/tutorial_dag.py
[2026-04-14T07:35:49.811+0000] {processor.py:925} INFO - DAG(s) 'tutorial_dag' retrieved from /home/airflow/.local/lib/python3.12/site-packages/airflow/example_dags/tutorial_dag.py
[2026-04-14T07:35:49.821+0000] {logging_mixin.py:190} INFO - [2026-04-14T07:35:49.821+0000] {dag.py:3239} INFO - Sync 1 DAGs
[2026-04-14T07:35:49.826+0000] {logging_mixin.py:190} INFO - [2026-04-14T07:35:49.826+0000] {dag.py:4180} INFO - Setting next_dagrun for tutorial_dag to None, run_after=None
[2026-04-14T07:35:49.837+0000] {processor.py:208} INFO - Processing /home/airflow/.local/lib/python3.12/site-packages/airflow/example_dags/tutorial_dag.py took 0.036 seconds
[2026-04-14T07:36:20.908+0000] {processor.py:186} INFO - Started process (PID=7959) to work on /home/airflow/.local/lib/python3.12/site-packages/airflow/example_dags/tutorial_dag.py
[2026-04-14T07:36:20.908+0000] {processor.py:914} INFO - Processing file /home/airflow/.local/lib/python3.12/site-packages/airflow/example_dags/tutorial_dag.py for tasks to queue
[2026-04-14T07:36:20.908+0000] {logging_mixin.py:190} INFO - [2026-04-14T07:36:20.908+0000] {dagbag.py:588} INFO - Filling up the DagBag from /home/airflow/.local/lib/python3.12/site-packages/airflow/example_dags/tutorial_dag.py
[2026-04-14T07:36:20.911+0000] {processor.py:925} INFO - DAG(s) 'tutorial_dag' retrieved from /home/airflow/.local/lib/python3.12/site-packages/airflow/example_dags/tutorial_dag.py
[2026-04-14T07:36:20.922+0000] {logging_mixin.py:190} INFO - [2026-04-14T07:36:20.922+0000] {dag.py:3239} INFO - Sync 1 DAGs
[2026-04-14T07:36:20.930+0000] {logging_mixin.py:190} INFO - [2026-04-14T07:36:20.930+0000] {dag.py:4180} INFO - Setting next_dagrun for tutorial_dag to None, run_after=None
[2026-04-14T07:36:20.940+0000] {processor.py:208} INFO - Processing /home/airflow/.local/lib/python3.12/site-packages/airflow/example_dags/tutorial_dag.py took 0.035 seconds
[2026-04-14T07:36:52.226+0000] {processor.py:186} INFO - Started process (PID=8023) to work on /home/airflow/.local/lib/python3.12/site-packages/airflow/example_dags/tutorial_dag.py
[2026-04-14T07:36:52.227+0000] {processor.py:914} INFO - Processing file /home/airflow/.local/lib/python3.12/site-packages/airflow/example_dags/tutorial_dag.py for tasks to queue
[2026-04-14T07:36:52.227+0000] {logging_mixin.py:190} INFO - [2026-04-14T07:36:52.227+0000] {dagbag.py:588} INFO - Filling up the DagBag from /home/airflow/.local/lib/python3.12/site-packages/airflow/example_dags/tutorial_dag.py
[2026-04-14T07:36:52.231+0000] {processor.py:925} INFO - DAG(s) 'tutorial_dag' retrieved from /home/airflow/.local/lib/python3.12/site-packages/airflow/example_dags/tutorial_dag.py
[2026-04-14T07:36:52.238+0000] {logging_mixin.py:190} INFO - [2026-04-14T07:36:52.238+0000] {dag.py:3239} INFO - Sync 1 DAGs
[2026-04-14T07:36:52.244+0000] {logging_mixin.py:190} INFO - [2026-04-14T07:36:52.244+0000] {dag.py:4180} INFO - Setting next_dagrun for tutorial_dag to None, run_after=None
[2026-04-14T07:36:52.250+0000] {processor.py:208} INFO - Processing /home/airflow/.local/lib/python3.12/site-packages/airflow/example_dags/tutorial_dag.py took 0.026 seconds
[2026-04-14T07:37:23.191+0000] {processor.py:186} INFO - Started process (PID=8087) to work on /home/airflow/.local/lib/python3.12/site-packages/airflow/example_dags/tutorial_dag.py
[2026-04-14T07:37:23.192+0000] {processor.py:914} INFO - Processing file /home/airflow/.local/lib/python3.12/site-packages/airflow/example_dags/tutorial_dag.py for tasks to queue
[2026-04-14T07:37:23.194+0000] {logging_mixin.py:190} INFO - [2026-04-14T07:37:23.193+0000] {dagbag.py:588} INFO - Filling up the DagBag from /home/airflow/.local/lib/python3.12/site-packages/airflow/example_dags/tutorial_dag.py
[2026-04-14T07:37:23.197+0000] {processor.py:925} INFO - DAG(s) 'tutorial_dag' retrieved from /home/airflow/.local/lib/python3.12/site-packages/airflow/example_dags/tutorial_dag.py
[2026-04-14T07:37:23.210+0000] {logging_mixin.py:190} INFO - [2026-04-14T07:37:23.210+0000] {dag.py:3239} INFO - Sync 1 DAGs
[2026-04-14T07:37:23.217+0000] {logging_mixin.py:190} INFO - [2026-04-14T07:37:23.217+0000] {dag.py:4180} INFO - Setting next_dagrun for tutorial_dag to None, run_after=None
[2026-04-14T07:37:23.225+0000] {processor.py:208} INFO - Processing /home/airflow/.local/lib/python3.12/site-packages/airflow/example_dags/tutorial_dag.py took 0.037 seconds
[2026-04-14T07:52:10.121+0000] {processor.py:186} INFO - Started process (PID=8145) to work on /home/airflow/.local/lib/python3.12/site-packages/airflow/example_dags/tutorial_dag.py
[2026-04-14T07:52:10.121+0000] {processor.py:914} INFO - Processing file /home/airflow/.local/lib/python3.12/site-packages/airflow/example_dags/tutorial_dag.py for tasks to queue
[2026-04-14T07:52:10.121+0000] {logging_mixin.py:190} INFO - [2026-04-14T07:52:10.121+0000] {dagbag.py:588} INFO - Filling up the DagBag from /home/airflow/.local/lib/python3.12/site-packages/airflow/example_dags/tutorial_dag.py
[2026-04-14T07:52:10.125+0000] {processor.py:925} INFO - DAG(s) 'tutorial_dag' retrieved from /home/airflow/.local/lib/python3.12/site-packages/airflow/example_dags/tutorial_dag.py
[2026-04-14T07:52:10.135+0000] {logging_mixin.py:190} INFO - [2026-04-14T07:52:10.135+0000] {dag.py:3239} INFO - Sync 1 DAGs
[2026-04-14T07:52:10.141+0000] {logging_mixin.py:190} INFO - [2026-04-14T07:52:10.141+0000] {dag.py:4180} INFO - Setting next_dagrun for tutorial_dag to None, run_after=None
[2026-04-14T07:52:10.149+0000] {processor.py:208} INFO - Processing /home/airflow/.local/lib/python3.12/site-packages/airflow/example_dags/tutorial_dag.py took 0.030 seconds
[2026-04-14T07:52:41.552+0000] {processor.py:186} INFO - Started process (PID=8209) to work on /home/airflow/.local/lib/python3.12/site-packages/airflow/example_dags/tutorial_dag.py
[2026-04-14T07:52:41.553+0000] {processor.py:914} INFO - Processing file /home/airflow/.local/lib/python3.12/site-packages/airflow/example_dags/tutorial_dag.py for tasks to queue
[2026-04-14T07:52:41.555+0000] {logging_mixin.py:190} INFO - [2026-04-14T07:52:41.555+0000] {dagbag.py:588} INFO - Filling up the DagBag from /home/airflow/.local/lib/python3.12/site-packages/airflow/example_dags/tutorial_dag.py
[2026-04-14T07:52:41.562+0000] {processor.py:925} INFO - DAG(s) 'tutorial_dag' retrieved from /home/airflow/.local/lib/python3.12/site-packages/airflow/example_dags/tutorial_dag.py
[2026-04-14T07:52:41.579+0000] {logging_mixin.py:190} INFO - [2026-04-14T07:52:41.579+0000] {dag.py:3239} INFO - Sync 1 DAGs
[2026-04-14T07:52:41.586+0000] {logging_mixin.py:190} INFO - [2026-04-14T07:52:41.586+0000] {dag.py:4180} INFO - Setting next_dagrun for tutorial_dag to None, run_after=None
[2026-04-14T07:52:41.595+0000] {processor.py:208} INFO - Processing /home/airflow/.local/lib/python3.12/site-packages/airflow/example_dags/tutorial_dag.py took 0.047 seconds
[2026-04-14T07:53:12.172+0000] {processor.py:186} INFO - Started process (PID=8273) to work on /home/airflow/.local/lib/python3.12/site-packages/airflow/example_dags/tutorial_dag.py
[2026-04-14T07:53:12.172+0000] {processor.py:914} INFO - Processing file /home/airflow/.local/lib/python3.12/site-packages/airflow/example_dags/tutorial_dag.py for tasks to queue
[2026-04-14T07:53:12.173+0000] {logging_mixin.py:190} INFO - [2026-04-14T07:53:12.173+0000] {dagbag.py:588} INFO - Filling up the DagBag from /home/airflow/.local/lib/python3.12/site-packages/airflow/example_dags/tutorial_dag.py
[2026-04-14T07:53:12.177+0000] {processor.py:925} INFO - DAG(s) 'tutorial_dag' retrieved from /home/airflow/.local/lib/python3.12/site-packages/airflow/example_dags/tutorial_dag.py
[2026-04-14T07:53:12.188+0000] {logging_mixin.py:190} INFO - [2026-04-14T07:53:12.188+0000] {dag.py:3239} INFO - Sync 1 DAGs
[2026-04-14T07:53:12.195+0000] {logging_mixin.py:190} INFO - [2026-04-14T07:53:12.195+0000] {dag.py:4180} INFO - Setting next_dagrun for tutorial_dag to None, run_after=None
[2026-04-14T07:53:12.205+0000] {processor.py:208} INFO - Processing /home/airflow/.local/lib/python3.12/site-packages/airflow/example_dags/tutorial_dag.py took 0.035 seconds
[2026-04-14T07:53:42.736+0000] {processor.py:186} INFO - Started process (PID=8337) to work on /home/airflow/.local/lib/python3.12/site-packages/airflow/example_dags/tutorial_dag.py
[2026-04-14T07:53:42.737+0000] {processor.py:914} INFO - Processing file /home/airflow/.local/lib/python3.12/site-packages/airflow/example_dags/tutorial_dag.py for tasks to queue
[2026-04-14T07:53:42.737+0000] {logging_mixin.py:190} INFO - [2026-04-14T07:53:42.737+0000] {dagbag.py:588} INFO - Filling up the DagBag from /home/airflow/.local/lib/python3.12/site-packages/airflow/example_dags/tutorial_dag.py
[2026-04-14T07:53:42.740+0000] {processor.py:925} INFO - DAG(s) 'tutorial_dag' retrieved from /home/airflow/.local/lib/python3.12/site-packages/airflow/example_dags/tutorial_dag.py
[2026-04-14T07:53:42.748+0000] {logging_mixin.py:190} INFO - [2026-04-14T07:53:42.748+0000] {dag.py:3239} INFO - Sync 1 DAGs
[2026-04-14T07:53:42.756+0000] {logging_mixin.py:190} INFO - [2026-04-14T07:53:42.756+0000] {dag.py:4180} INFO - Setting next_dagrun for tutorial_dag to None, run_after=None
[2026-04-14T07:53:42.766+0000] {processor.py:208} INFO - Processing /home/airflow/.local/lib/python3.12/site-packages/airflow/example_dags/tutorial_dag.py took 0.032 seconds
[2026-04-14T07:54:13.205+0000] {processor.py:186} INFO - Started process (PID=8401) to work on /home/airflow/.local/lib/python3.12/site-packages/airflow/example_dags/tutorial_dag.py
[2026-04-14T07:54:13.206+0000] {processor.py:914} INFO - Processing file /home/airflow/.local/lib/python3.12/site-packages/airflow/example_dags/tutorial_dag.py for tasks to queue
[2026-04-14T07:54:13.206+0000] {logging_mixin.py:190} INFO - [2026-04-14T07:54:13.206+0000] {dagbag.py:588} INFO - Filling up the DagBag from /home/airflow/.local/lib/python3.12/site-packages/airflow/example_dags/tutorial_dag.py
[2026-04-14T07:54:13.209+0000] {processor.py:925} INFO - DAG(s) 'tutorial_dag' retrieved from /home/airflow/.local/lib/python3.12/site-packages/airflow/example_dags/tutorial_dag.py
[2026-04-14T07:54:13.215+0000] {logging_mixin.py:190} INFO - [2026-04-14T07:54:13.215+0000] {dag.py:3239} INFO - Sync 1 DAGs
[2026-04-14T07:54:13.220+0000] {logging_mixin.py:190} INFO - [2026-04-14T07:54:13.220+0000] {dag.py:4180} INFO - Setting next_dagrun for tutorial_dag to None, run_after=None
[2026-04-14T07:54:13.225+0000] {processor.py:208} INFO - Processing /home/airflow/.local/lib/python3.12/site-packages/airflow/example_dags/tutorial_dag.py took 0.022 seconds
[2026-04-14T07:54:43.677+0000] {processor.py:186} INFO - Started process (PID=8465) to work on /home/airflow/.local/lib/python3.12/site-packages/airflow/example_dags/tutorial_dag.py
[2026-04-14T07:54:43.678+0000] {processor.py:914} INFO - Processing file /home/airflow/.local/lib/python3.12/site-packages/airflow/example_dags/tutorial_dag.py for tasks to queue
[2026-04-14T07:54:43.679+0000] {logging_mixin.py:190} INFO - [2026-04-14T07:54:43.679+0000] {dagbag.py:588} INFO - Filling up the DagBag from /home/airflow/.local/lib/python3.12/site-packages/airflow/example_dags/tutorial_dag.py
[2026-04-14T07:54:43.682+0000] {processor.py:925} INFO - DAG(s) 'tutorial_dag' retrieved from /home/airflow/.local/lib/python3.12/site-packages/airflow/example_dags/tutorial_dag.py
[2026-04-14T07:54:43.690+0000] {logging_mixin.py:190} INFO - [2026-04-14T07:54:43.690+0000] {dag.py:3239} INFO - Sync 1 DAGs
[2026-04-14T07:54:43.696+0000] {logging_mixin.py:190} INFO - [2026-04-14T07:54:43.696+0000] {dag.py:4180} INFO - Setting next_dagrun for tutorial_dag to None, run_after=None
[2026-04-14T07:54:43.707+0000] {processor.py:208} INFO - Processing /home/airflow/.local/lib/python3.12/site-packages/airflow/example_dags/tutorial_dag.py took 0.032 seconds
[2026-04-14T07:55:14.573+0000] {processor.py:186} INFO - Started process (PID=8535) to work on /home/airflow/.local/lib/python3.12/site-packages/airflow/example_dags/tutorial_dag.py
[2026-04-14T07:55:14.574+0000] {processor.py:914} INFO - Processing file /home/airflow/.local/lib/python3.12/site-packages/airflow/example_dags/tutorial_dag.py for tasks to queue
[2026-04-14T07:55:14.574+0000] {logging_mixin.py:190} INFO - [2026-04-14T07:55:14.574+0000] {dagbag.py:588} INFO - Filling up the DagBag from /home/airflow/.local/lib/python3.12/site-packages/airflow/example_dags/tutorial_dag.py
[2026-04-14T07:55:14.579+0000] {processor.py:925} INFO - DAG(s) 'tutorial_dag' retrieved from /home/airflow/.local/lib/python3.12/site-packages/airflow/example_dags/tutorial_dag.py
[2026-04-14T07:55:14.588+0000] {logging_mixin.py:190} INFO - [2026-04-14T07:55:14.588+0000] {dag.py:3239} INFO - Sync 1 DAGs
[2026-04-14T07:55:14.595+0000] {logging_mixin.py:190} INFO - [2026-04-14T07:55:14.595+0000] {dag.py:4180} INFO - Setting next_dagrun for tutorial_dag to None, run_after=None
[2026-04-14T07:55:14.602+0000] {processor.py:208} INFO - Processing /home/airflow/.local/lib/python3.12/site-packages/airflow/example_dags/tutorial_dag.py took 0.032 seconds
[2026-04-14T07:55:45.313+0000] {processor.py:186} INFO - Started process (PID=8599) to work on /home/airflow/.local/lib/python3.12/site-packages/airflow/example_dags/tutorial_dag.py
[2026-04-14T07:55:45.313+0000] {processor.py:914} INFO - Processing file /home/airflow/.local/lib/python3.12/site-packages/airflow/example_dags/tutorial_dag.py for tasks to queue
[2026-04-14T07:55:45.314+0000] {logging_mixin.py:190} INFO - [2026-04-14T07:55:45.313+0000] {dagbag.py:588} INFO - Filling up the DagBag from /home/airflow/.local/lib/python3.12/site-packages/airflow/example_dags/tutorial_dag.py
[2026-04-14T07:55:45.317+0000] {processor.py:925} INFO - DAG(s) 'tutorial_dag' retrieved from /home/airflow/.local/lib/python3.12/site-packages/airflow/example_dags/tutorial_dag.py
[2026-04-14T07:55:45.327+0000] {logging_mixin.py:190} INFO - [2026-04-14T07:55:45.326+0000] {dag.py:3239} INFO - Sync 1 DAGs
[2026-04-14T07:55:45.332+0000] {logging_mixin.py:190} INFO - [2026-04-14T07:55:45.332+0000] {dag.py:4180} INFO - Setting next_dagrun for tutorial_dag to None, run_after=None
[2026-04-14T07:55:45.343+0000] {processor.py:208} INFO - Processing /home/airflow/.local/lib/python3.12/site-packages/airflow/example_dags/tutorial_dag.py took 0.033 seconds
[2026-04-14T07:56:16.363+0000] {processor.py:186} INFO - Started process (PID=8663) to work on /home/airflow/.local/lib/python3.12/site-packages/airflow/example_dags/tutorial_dag.py
[2026-04-14T07:56:16.363+0000] {processor.py:914} INFO - Processing file /home/airflow/.local/lib/python3.12/site-packages/airflow/example_dags/tutorial_dag.py for tasks to queue
[2026-04-14T07:56:16.364+0000] {logging_mixin.py:190} INFO - [2026-04-14T07:56:16.364+0000] {dagbag.py:588} INFO - Filling up the DagBag from /home/airflow/.local/lib/python3.12/site-packages/airflow/example_dags/tutorial_dag.py
[2026-04-14T07:56:16.368+0000] {processor.py:925} INFO - DAG(s) 'tutorial_dag' retrieved from /home/airflow/.local/lib/python3.12/site-packages/airflow/example_dags/tutorial_dag.py
[2026-04-14T07:56:16.381+0000] {logging_mixin.py:190} INFO - [2026-04-14T07:56:16.381+0000] {dag.py:3239} INFO - Sync 1 DAGs
[2026-04-14T07:56:16.389+0000] {logging_mixin.py:190} INFO - [2026-04-14T07:56:16.389+0000] {dag.py:4180} INFO - Setting next_dagrun for tutorial_dag to None, run_after=None
[2026-04-14T07:56:16.403+0000] {processor.py:208} INFO - Processing /home/airflow/.local/lib/python3.12/site-packages/airflow/example_dags/tutorial_dag.py took 0.044 seconds
[2026-04-14T07:56:47.441+0000] {processor.py:186} INFO - Started process (PID=8727) to work on /home/airflow/.local/lib/python3.12/site-packages/airflow/example_dags/tutorial_dag.py
[2026-04-14T07:56:47.442+0000] {processor.py:914} INFO - Processing file /home/airflow/.local/lib/python3.12/site-packages/airflow/example_dags/tutorial_dag.py for tasks to queue
[2026-04-14T07:56:47.442+0000] {logging_mixin.py:190} INFO - [2026-04-14T07:56:47.442+0000] {dagbag.py:588} INFO - Filling up the DagBag from /home/airflow/.local/lib/python3.12/site-packages/airflow/example_dags/tutorial_dag.py
[2026-04-14T07:56:47.445+0000] {processor.py:925} INFO - DAG(s) 'tutorial_dag' retrieved from /home/airflow/.local/lib/python3.12/site-packages/airflow/example_dags/tutorial_dag.py
[2026-04-14T07:56:47.452+0000] {logging_mixin.py:190} INFO - [2026-04-14T07:56:47.452+0000] {dag.py:3239} INFO - Sync 1 DAGs
[2026-04-14T07:56:47.456+0000] {logging_mixin.py:190} INFO - [2026-04-14T07:56:47.456+0000] {dag.py:4180} INFO - Setting next_dagrun for tutorial_dag to None, run_after=None
[2026-04-14T07:56:47.461+0000] {processor.py:208} INFO - Processing /home/airflow/.local/lib/python3.12/site-packages/airflow/example_dags/tutorial_dag.py took 0.023 seconds
[2026-04-14T07:57:18.196+0000] {processor.py:186} INFO - Started process (PID=8791) to work on /home/airflow/.local/lib/python3.12/site-packages/airflow/example_dags/tutorial_dag.py
[2026-04-14T07:57:18.196+0000] {processor.py:914} INFO - Processing file /home/airflow/.local/lib/python3.12/site-packages/airflow/example_dags/tutorial_dag.py for tasks to queue
[2026-04-14T07:57:18.197+0000] {logging_mixin.py:190} INFO - [2026-04-14T07:57:18.196+0000] {dagbag.py:588} INFO - Filling up the DagBag from /home/airflow/.local/lib/python3.12/site-packages/airflow/example_dags/tutorial_dag.py
[2026-04-14T07:57:18.199+0000] {processor.py:925} INFO - DAG(s) 'tutorial_dag' retrieved from /home/airflow/.local/lib/python3.12/site-packages/airflow/example_dags/tutorial_dag.py
[2026-04-14T07:57:18.206+0000] {logging_mixin.py:190} INFO - [2026-04-14T07:57:18.206+0000] {dag.py:3239} INFO - Sync 1 DAGs
[2026-04-14T07:57:18.211+0000] {logging_mixin.py:190} INFO - [2026-04-14T07:57:18.211+0000] {dag.py:4180} INFO - Setting next_dagrun for tutorial_dag to None, run_after=None
[2026-04-14T07:57:18.216+0000] {processor.py:208} INFO - Processing /home/airflow/.local/lib/python3.12/site-packages/airflow/example_dags/tutorial_dag.py took 0.022 seconds
[2026-04-14T07:57:48.997+0000] {processor.py:186} INFO - Started process (PID=8855) to work on /home/airflow/.local/lib/python3.12/site-packages/airflow/example_dags/tutorial_dag.py
[2026-04-14T07:57:48.997+0000] {processor.py:914} INFO - Processing file /home/airflow/.local/lib/python3.12/site-packages/airflow/example_dags/tutorial_dag.py for tasks to queue
[2026-04-14T07:57:48.997+0000] {logging_mixin.py:190} INFO - [2026-04-14T07:57:48.997+0000] {dagbag.py:588} INFO - Filling up the DagBag from /home/airflow/.local/lib/python3.12/site-packages/airflow/example_dags/tutorial_dag.py
[2026-04-14T07:57:49.000+0000] {processor.py:925} INFO - DAG(s) 'tutorial_dag' retrieved from /home/airflow/.local/lib/python3.12/site-packages/airflow/example_dags/tutorial_dag.py
[2026-04-14T07:57:49.009+0000] {logging_mixin.py:190} INFO - [2026-04-14T07:57:49.009+0000] {dag.py:3239} INFO - Sync 1 DAGs
[2026-04-14T07:57:49.017+0000] {logging_mixin.py:190} INFO - [2026-04-14T07:57:49.016+0000] {dag.py:4180} INFO - Setting next_dagrun for tutorial_dag to None, run_after=None
[2026-04-14T07:57:49.025+0000] {processor.py:208} INFO - Processing /home/airflow/.local/lib/python3.12/site-packages/airflow/example_dags/tutorial_dag.py took 0.031 seconds
[2026-04-14T07:58:20.616+0000] {processor.py:186} INFO - Started process (PID=8919) to work on /home/airflow/.local/lib/python3.12/site-packages/airflow/example_dags/tutorial_dag.py
[2026-04-14T07:58:20.616+0000] {processor.py:914} INFO - Processing file /home/airflow/.local/lib/python3.12/site-packages/airflow/example_dags/tutorial_dag.py for tasks to queue
[2026-04-14T07:58:20.618+0000] {logging_mixin.py:190} INFO - [2026-04-14T07:58:20.618+0000] {dagbag.py:588} INFO - Filling up the DagBag from /home/airflow/.local/lib/python3.12/site-packages/airflow/example_dags/tutorial_dag.py
[2026-04-14T07:58:20.625+0000] {processor.py:925} INFO - DAG(s) 'tutorial_dag' retrieved from /home/airflow/.local/lib/python3.12/site-packages/airflow/example_dags/tutorial_dag.py
[2026-04-14T07:58:20.634+0000] {logging_mixin.py:190} INFO - [2026-04-14T07:58:20.634+0000] {dag.py:3239} INFO - Sync 1 DAGs
[2026-04-14T07:58:20.639+0000] {logging_mixin.py:190} INFO - [2026-04-14T07:58:20.638+0000] {dag.py:4180} INFO - Setting next_dagrun for tutorial_dag to None, run_after=None
[2026-04-14T07:58:20.646+0000] {processor.py:208} INFO - Processing /home/airflow/.local/lib/python3.12/site-packages/airflow/example_dags/tutorial_dag.py took 0.034 seconds
[2026-04-14T07:58:51.038+0000] {processor.py:186} INFO - Started process (PID=8983) to work on /home/airflow/.local/lib/python3.12/site-packages/airflow/example_dags/tutorial_dag.py
[2026-04-14T07:58:51.039+0000] {processor.py:914} INFO - Processing file /home/airflow/.local/lib/python3.12/site-packages/airflow/example_dags/tutorial_dag.py for tasks to queue
[2026-04-14T07:58:51.040+0000] {logging_mixin.py:190} INFO - [2026-04-14T07:58:51.040+0000] {dagbag.py:588} INFO - Filling up the DagBag from /home/airflow/.local/lib/python3.12/site-packages/airflow/example_dags/tutorial_dag.py
[2026-04-14T07:58:51.043+0000] {processor.py:925} INFO - DAG(s) 'tutorial_dag' retrieved from /home/airflow/.local/lib/python3.12/site-packages/airflow/example_dags/tutorial_dag.py
[2026-04-14T07:58:51.053+0000] {logging_mixin.py:190} INFO - [2026-04-14T07:58:51.052+0000] {dag.py:3239} INFO - Sync 1 DAGs
[2026-04-14T07:58:51.135+0000] {logging_mixin.py:190} INFO - [2026-04-14T07:58:51.135+0000] {dag.py:4180} INFO - Setting next_dagrun for tutorial_dag to None, run_after=None
[2026-04-14T07:58:51.144+0000] {processor.py:208} INFO - Processing /home/airflow/.local/lib/python3.12/site-packages/airflow/example_dags/tutorial_dag.py took 0.108 seconds
[2026-04-14T07:59:21.656+0000] {processor.py:186} INFO - Started process (PID=9047) to work on /home/airflow/.local/lib/python3.12/site-packages/airflow/example_dags/tutorial_dag.py
[2026-04-14T07:59:21.656+0000] {processor.py:914} INFO - Processing file /home/airflow/.local/lib/python3.12/site-packages/airflow/example_dags/tutorial_dag.py for tasks to queue
[2026-04-14T07:59:21.659+0000] {logging_mixin.py:190} INFO - [2026-04-14T07:59:21.656+0000] {dagbag.py:588} INFO - Filling up the DagBag from /home/airflow/.local/lib/python3.12/site-packages/airflow/example_dags/tutorial_dag.py
[2026-04-14T07:59:21.662+0000] {processor.py:925} INFO - DAG(s) 'tutorial_dag' retrieved from /home/airflow/.local/lib/python3.12/site-packages/airflow/example_dags/tutorial_dag.py
[2026-04-14T07:59:21.674+0000] {logging_mixin.py:190} INFO - [2026-04-14T07:59:21.673+0000] {dag.py:3239} INFO - Sync 1 DAGs
[2026-04-14T07:59:21.679+0000] {logging_mixin.py:190} INFO - [2026-04-14T07:59:21.679+0000] {dag.py:4180} INFO - Setting next_dagrun for tutorial_dag to None, run_after=None
[2026-04-14T07:59:21.686+0000] {processor.py:208} INFO - Processing /home/airflow/.local/lib/python3.12/site-packages/airflow/example_dags/tutorial_dag.py took 0.033 seconds
[2026-04-14T07:59:52.108+0000] {processor.py:186} INFO - Started process (PID=9111) to work on /home/airflow/.local/lib/python3.12/site-packages/airflow/example_dags/tutorial_dag.py
[2026-04-14T07:59:52.110+0000] {processor.py:914} INFO - Processing file /home/airflow/.local/lib/python3.12/site-packages/airflow/example_dags/tutorial_dag.py for tasks to queue
[2026-04-14T07:59:52.111+0000] {logging_mixin.py:190} INFO - [2026-04-14T07:59:52.111+0000] {dagbag.py:588} INFO - Filling up the DagBag from /home/airflow/.local/lib/python3.12/site-packages/airflow/example_dags/tutorial_dag.py
[2026-04-14T07:59:52.115+0000] {processor.py:925} INFO - DAG(s) 'tutorial_dag' retrieved from /home/airflow/.local/lib/python3.12/site-packages/airflow/example_dags/tutorial_dag.py
[2026-04-14T07:59:52.123+0000] {logging_mixin.py:190} INFO - [2026-04-14T07:59:52.123+0000] {dag.py:3239} INFO - Sync 1 DAGs
[2026-04-14T07:59:52.130+0000] {logging_mixin.py:190} INFO - [2026-04-14T07:59:52.130+0000] {dag.py:4180} INFO - Setting next_dagrun for tutorial_dag to None, run_after=None
[2026-04-14T07:59:52.136+0000] {processor.py:208} INFO - Processing /home/airflow/.local/lib/python3.12/site-packages/airflow/example_dags/tutorial_dag.py took 0.031 seconds
[2026-04-14T08:00:22.453+0000] {processor.py:186} INFO - Started process (PID=9175) to work on /home/airflow/.local/lib/python3.12/site-packages/airflow/example_dags/tutorial_dag.py
[2026-04-14T08:00:22.454+0000] {processor.py:914} INFO - Processing file /home/airflow/.local/lib/python3.12/site-packages/airflow/example_dags/tutorial_dag.py for tasks to queue
[2026-04-14T08:00:22.454+0000] {logging_mixin.py:190} INFO - [2026-04-14T08:00:22.454+0000] {dagbag.py:588} INFO - Filling up the DagBag from /home/airflow/.local/lib/python3.12/site-packages/airflow/example_dags/tutorial_dag.py
[2026-04-14T08:00:22.459+0000] {processor.py:925} INFO - DAG(s) 'tutorial_dag' retrieved from /home/airflow/.local/lib/python3.12/site-packages/airflow/example_dags/tutorial_dag.py
[2026-04-14T08:00:22.470+0000] {logging_mixin.py:190} INFO - [2026-04-14T08:00:22.469+0000] {dag.py:3239} INFO - Sync 1 DAGs
[2026-04-14T08:00:22.477+0000] {logging_mixin.py:190} INFO - [2026-04-14T08:00:22.477+0000] {dag.py:4180} INFO - Setting next_dagrun for tutorial_dag to None, run_after=None
[2026-04-14T08:00:22.487+0000] {processor.py:208} INFO - Processing /home/airflow/.local/lib/python3.12/site-packages/airflow/example_dags/tutorial_dag.py took 0.036 seconds
[2026-04-14T08:00:53.009+0000] {processor.py:186} INFO - Started process (PID=9239) to work on /home/airflow/.local/lib/python3.12/site-packages/airflow/example_dags/tutorial_dag.py
[2026-04-14T08:00:53.010+0000] {processor.py:914} INFO - Processing file /home/airflow/.local/lib/python3.12/site-packages/airflow/example_dags/tutorial_dag.py for tasks to queue
[2026-04-14T08:00:53.010+0000] {logging_mixin.py:190} INFO - [2026-04-14T08:00:53.010+0000] {dagbag.py:588} INFO - Filling up the DagBag from /home/airflow/.local/lib/python3.12/site-packages/airflow/example_dags/tutorial_dag.py
[2026-04-14T08:00:53.018+0000] {processor.py:925} INFO - DAG(s) 'tutorial_dag' retrieved from /home/airflow/.local/lib/python3.12/site-packages/airflow/example_dags/tutorial_dag.py
[2026-04-14T08:00:53.028+0000] {logging_mixin.py:190} INFO - [2026-04-14T08:00:53.028+0000] {dag.py:3239} INFO - Sync 1 DAGs
[2026-04-14T08:00:53.036+0000] {logging_mixin.py:190} INFO - [2026-04-14T08:00:53.036+0000] {dag.py:4180} INFO - Setting next_dagrun for tutorial_dag to None, run_after=None
[2026-04-14T08:00:53.045+0000] {processor.py:208} INFO - Processing /home/airflow/.local/lib/python3.12/site-packages/airflow/example_dags/tutorial_dag.py took 0.041 seconds
[2026-04-14T08:01:23.472+0000] {processor.py:186} INFO - Started process (PID=9303) to work on /home/airflow/.local/lib/python3.12/site-packages/airflow/example_dags/tutorial_dag.py
[2026-04-14T08:01:23.473+0000] {processor.py:914} INFO - Processing file /home/airflow/.local/lib/python3.12/site-packages/airflow/example_dags/tutorial_dag.py for tasks to queue
[2026-04-14T08:01:23.473+0000] {logging_mixin.py:190} INFO - [2026-04-14T08:01:23.473+0000] {dagbag.py:588} INFO - Filling up the DagBag from /home/airflow/.local/lib/python3.12/site-packages/airflow/example_dags/tutorial_dag.py
[2026-04-14T08:01:23.476+0000] {processor.py:925} INFO - DAG(s) 'tutorial_dag' retrieved from /home/airflow/.local/lib/python3.12/site-packages/airflow/example_dags/tutorial_dag.py
[2026-04-14T08:01:23.484+0000] {logging_mixin.py:190} INFO - [2026-04-14T08:01:23.484+0000] {dag.py:3239} INFO - Sync 1 DAGs
[2026-04-14T08:01:23.490+0000] {logging_mixin.py:190} INFO - [2026-04-14T08:01:23.489+0000] {dag.py:4180} INFO - Setting next_dagrun for tutorial_dag to None, run_after=None
[2026-04-14T08:01:23.496+0000] {processor.py:208} INFO - Processing /home/airflow/.local/lib/python3.12/site-packages/airflow/example_dags/tutorial_dag.py took 0.026 seconds
[2026-04-14T08:01:53.892+0000] {processor.py:186} INFO - Started process (PID=9367) to work on /home/airflow/.local/lib/python3.12/site-packages/airflow/example_dags/tutorial_dag.py
[2026-04-14T08:01:53.893+0000] {processor.py:914} INFO - Processing file /home/airflow/.local/lib/python3.12/site-packages/airflow/example_dags/tutorial_dag.py for tasks to queue
[2026-04-14T08:01:53.893+0000] {logging_mixin.py:190} INFO - [2026-04-14T08:01:53.893+0000] {dagbag.py:588} INFO - Filling up the DagBag from /home/airflow/.local/lib/python3.12/site-packages/airflow/example_dags/tutorial_dag.py
[2026-04-14T08:01:53.897+0000] {processor.py:925} INFO - DAG(s) 'tutorial_dag' retrieved from /home/airflow/.local/lib/python3.12/site-packages/airflow/example_dags/tutorial_dag.py
[2026-04-14T08:01:53.907+0000] {logging_mixin.py:190} INFO - [2026-04-14T08:01:53.907+0000] {dag.py:3239} INFO - Sync 1 DAGs
[2026-04-14T08:01:53.914+0000] {logging_mixin.py:190} INFO - [2026-04-14T08:01:53.914+0000] {dag.py:4180} INFO - Setting next_dagrun for tutorial_dag to None, run_after=None
[2026-04-14T08:01:53.925+0000] {processor.py:208} INFO - Processing /home/airflow/.local/lib/python3.12/site-packages/airflow/example_dags/tutorial_dag.py took 0.036 seconds
[2026-04-14T08:02:24.640+0000] {processor.py:186} INFO - Started process (PID=9431) to work on /home/airflow/.local/lib/python3.12/site-packages/airflow/example_dags/tutorial_dag.py
[2026-04-14T08:02:24.641+0000] {processor.py:914} INFO - Processing file /home/airflow/.local/lib/python3.12/site-packages/airflow/example_dags/tutorial_dag.py for tasks to queue
[2026-04-14T08:02:24.642+0000] {logging_mixin.py:190} INFO - [2026-04-14T08:02:24.641+0000] {dagbag.py:588} INFO - Filling up the DagBag from /home/airflow/.local/lib/python3.12/site-packages/airflow/example_dags/tutorial_dag.py
[2026-04-14T08:02:24.646+0000] {processor.py:925} INFO - DAG(s) 'tutorial_dag' retrieved from /home/airflow/.local/lib/python3.12/site-packages/airflow/example_dags/tutorial_dag.py
[2026-04-14T08:02:24.660+0000] {logging_mixin.py:190} INFO - [2026-04-14T08:02:24.660+0000] {dag.py:3239} INFO - Sync 1 DAGs
[2026-04-14T08:02:24.668+0000] {logging_mixin.py:190} INFO - [2026-04-14T08:02:24.668+0000] {dag.py:4180} INFO - Setting next_dagrun for tutorial_dag to None, run_after=None
[2026-04-14T08:02:24.679+0000] {processor.py:208} INFO - Processing /home/airflow/.local/lib/python3.12/site-packages/airflow/example_dags/tutorial_dag.py took 0.041 seconds
[2026-04-14T08:02:54.980+0000] {processor.py:186} INFO - Started process (PID=9495) to work on /home/airflow/.local/lib/python3.12/site-packages/airflow/example_dags/tutorial_dag.py
[2026-04-14T08:02:54.982+0000] {processor.py:914} INFO - Processing file /home/airflow/.local/lib/python3.12/site-packages/airflow/example_dags/tutorial_dag.py for tasks to queue
[2026-04-14T08:02:54.982+0000] {logging_mixin.py:190} INFO - [2026-04-14T08:02:54.982+0000] {dagbag.py:588} INFO - Filling up the DagBag from /home/airflow/.local/lib/python3.12/site-packages/airflow/example_dags/tutorial_dag.py
[2026-04-14T08:02:54.988+0000] {processor.py:925} INFO - DAG(s) 'tutorial_dag' retrieved from /home/airflow/.local/lib/python3.12/site-packages/airflow/example_dags/tutorial_dag.py
[2026-04-14T08:02:55.000+0000] {logging_mixin.py:190} INFO - [2026-04-14T08:02:54.999+0000] {dag.py:3239} INFO - Sync 1 DAGs
[2026-04-14T08:02:55.005+0000] {logging_mixin.py:190} INFO - [2026-04-14T08:02:55.005+0000] {dag.py:4180} INFO - Setting next_dagrun for tutorial_dag to None, run_after=None
[2026-04-14T08:02:55.014+0000] {processor.py:208} INFO - Processing /home/airflow/.local/lib/python3.12/site-packages/airflow/example_dags/tutorial_dag.py took 0.037 seconds
[2026-04-14T08:03:25.318+0000] {processor.py:186} INFO - Started process (PID=9559) to work on /home/airflow/.local/lib/python3.12/site-packages/airflow/example_dags/tutorial_dag.py
[2026-04-14T08:03:25.319+0000] {processor.py:914} INFO - Processing file /home/airflow/.local/lib/python3.12/site-packages/airflow/example_dags/tutorial_dag.py for tasks to queue
[2026-04-14T08:03:25.320+0000] {logging_mixin.py:190} INFO - [2026-04-14T08:03:25.319+0000] {dagbag.py:588} INFO - Filling up the DagBag from /home/airflow/.local/lib/python3.12/site-packages/airflow/example_dags/tutorial_dag.py
[2026-04-14T08:03:25.325+0000] {processor.py:925} INFO - DAG(s) 'tutorial_dag' retrieved from /home/airflow/.local/lib/python3.12/site-packages/airflow/example_dags/tutorial_dag.py
[2026-04-14T08:03:25.335+0000] {logging_mixin.py:190} INFO - [2026-04-14T08:03:25.335+0000] {dag.py:3239} INFO - Sync 1 DAGs
[2026-04-14T08:03:25.341+0000] {logging_mixin.py:190} INFO - [2026-04-14T08:03:25.341+0000] {dag.py:4180} INFO - Setting next_dagrun for tutorial_dag to None, run_after=None
[2026-04-14T08:03:25.350+0000] {processor.py:208} INFO - Processing /home/airflow/.local/lib/python3.12/site-packages/airflow/example_dags/tutorial_dag.py took 0.034 seconds
[2026-04-14T08:03:55.605+0000] {processor.py:186} INFO - Started process (PID=9623) to work on /home/airflow/.local/lib/python3.12/site-packages/airflow/example_dags/tutorial_dag.py
[2026-04-14T08:03:55.605+0000] {processor.py:914} INFO - Processing file /home/airflow/.local/lib/python3.12/site-packages/airflow/example_dags/tutorial_dag.py for tasks to queue
[2026-04-14T08:03:55.606+0000] {logging_mixin.py:190} INFO - [2026-04-14T08:03:55.605+0000] {dagbag.py:588} INFO - Filling up the DagBag from /home/airflow/.local/lib/python3.12/site-packages/airflow/example_dags/tutorial_dag.py
[2026-04-14T08:03:55.609+0000] {processor.py:925} INFO - DAG(s) 'tutorial_dag' retrieved from /home/airflow/.local/lib/python3.12/site-packages/airflow/example_dags/tutorial_dag.py
[2026-04-14T08:03:55.617+0000] {logging_mixin.py:190} INFO - [2026-04-14T08:03:55.617+0000] {dag.py:3239} INFO - Sync 1 DAGs
[2026-04-14T08:03:55.627+0000] {logging_mixin.py:190} INFO - [2026-04-14T08:03:55.627+0000] {dag.py:4180} INFO - Setting next_dagrun for tutorial_dag to None, run_after=None
[2026-04-14T08:03:55.635+0000] {processor.py:208} INFO - Processing /home/airflow/.local/lib/python3.12/site-packages/airflow/example_dags/tutorial_dag.py took 0.033 seconds
[2026-04-14T08:04:26.038+0000] {processor.py:186} INFO - Started process (PID=9687) to work on /home/airflow/.local/lib/python3.12/site-packages/airflow/example_dags/tutorial_dag.py
[2026-04-14T08:04:26.039+0000] {processor.py:914} INFO - Processing file /home/airflow/.local/lib/python3.12/site-packages/airflow/example_dags/tutorial_dag.py for tasks to queue
[2026-04-14T08:04:26.040+0000] {logging_mixin.py:190} INFO - [2026-04-14T08:04:26.040+0000] {dagbag.py:588} INFO - Filling up the DagBag from /home/airflow/.local/lib/python3.12/site-packages/airflow/example_dags/tutorial_dag.py
[2026-04-14T08:04:26.046+0000] {processor.py:925} INFO - DAG(s) 'tutorial_dag' retrieved from /home/airflow/.local/lib/python3.12/site-packages/airflow/example_dags/tutorial_dag.py
[2026-04-14T08:04:26.054+0000] {logging_mixin.py:190} INFO - [2026-04-14T08:04:26.054+0000] {dag.py:3239} INFO - Sync 1 DAGs
[2026-04-14T08:04:26.063+0000] {logging_mixin.py:190} INFO - [2026-04-14T08:04:26.062+0000] {dag.py:4180} INFO - Setting next_dagrun for tutorial_dag to None, run_after=None
[2026-04-14T08:04:26.072+0000] {processor.py:208} INFO - Processing /home/airflow/.local/lib/python3.12/site-packages/airflow/example_dags/tutorial_dag.py took 0.037 seconds
[2026-04-14T08:04:56.812+0000] {processor.py:186} INFO - Started process (PID=9751) to work on /home/airflow/.local/lib/python3.12/site-packages/airflow/example_dags/tutorial_dag.py
[2026-04-14T08:04:56.813+0000] {processor.py:914} INFO - Processing file /home/airflow/.local/lib/python3.12/site-packages/airflow/example_dags/tutorial_dag.py for tasks to queue
[2026-04-14T08:04:56.814+0000] {logging_mixin.py:190} INFO - [2026-04-14T08:04:56.814+0000] {dagbag.py:588} INFO - Filling up the DagBag from /home/airflow/.local/lib/python3.12/site-packages/airflow/example_dags/tutorial_dag.py
[2026-04-14T08:04:56.817+0000] {processor.py:925} INFO - DAG(s) 'tutorial_dag' retrieved from /home/airflow/.local/lib/python3.12/site-packages/airflow/example_dags/tutorial_dag.py
[2026-04-14T08:04:56.831+0000] {logging_mixin.py:190} INFO - [2026-04-14T08:04:56.831+0000] {dag.py:3239} INFO - Sync 1 DAGs
[2026-04-14T08:04:56.838+0000] {logging_mixin.py:190} INFO - [2026-04-14T08:04:56.838+0000] {dag.py:4180} INFO - Setting next_dagrun for tutorial_dag to None, run_after=None
[2026-04-14T08:04:56.848+0000] {processor.py:208} INFO - Processing /home/airflow/.local/lib/python3.12/site-packages/airflow/example_dags/tutorial_dag.py took 0.038 seconds
[2026-04-14T08:05:27.354+0000] {processor.py:186} INFO - Started process (PID=9814) to work on /home/airflow/.local/lib/python3.12/site-packages/airflow/example_dags/tutorial_dag.py
[2026-04-14T08:05:27.355+0000] {processor.py:914} INFO - Processing file /home/airflow/.local/lib/python3.12/site-packages/airflow/example_dags/tutorial_dag.py for tasks to queue
[2026-04-14T08:05:27.355+0000] {logging_mixin.py:190} INFO - [2026-04-14T08:05:27.355+0000] {dagbag.py:588} INFO - Filling up the DagBag from /home/airflow/.local/lib/python3.12/site-packages/airflow/example_dags/tutorial_dag.py
[2026-04-14T08:05:27.361+0000] {processor.py:925} INFO - DAG(s) 'tutorial_dag' retrieved from /home/airflow/.local/lib/python3.12/site-packages/airflow/example_dags/tutorial_dag.py
[2026-04-14T08:05:27.371+0000] {logging_mixin.py:190} INFO - [2026-04-14T08:05:27.371+0000] {dag.py:3239} INFO - Sync 1 DAGs
[2026-04-14T08:05:27.378+0000] {logging_mixin.py:190} INFO - [2026-04-14T08:05:27.378+0000] {dag.py:4180} INFO - Setting next_dagrun for tutorial_dag to None, run_after=None
[2026-04-14T08:05:27.388+0000] {processor.py:208} INFO - Processing /home/airflow/.local/lib/python3.12/site-packages/airflow/example_dags/tutorial_dag.py took 0.036 seconds
[2026-04-14T08:05:57.841+0000] {processor.py:186} INFO - Started process (PID=9878) to work on /home/airflow/.local/lib/python3.12/site-packages/airflow/example_dags/tutorial_dag.py
[2026-04-14T08:05:57.842+0000] {processor.py:914} INFO - Processing file /home/airflow/.local/lib/python3.12/site-packages/airflow/example_dags/tutorial_dag.py for tasks to queue
[2026-04-14T08:05:57.842+0000] {logging_mixin.py:190} INFO - [2026-04-14T08:05:57.842+0000] {dagbag.py:588} INFO - Filling up the DagBag from /home/airflow/.local/lib/python3.12/site-packages/airflow/example_dags/tutorial_dag.py
[2026-04-14T08:05:57.846+0000] {processor.py:925} INFO - DAG(s) 'tutorial_dag' retrieved from /home/airflow/.local/lib/python3.12/site-packages/airflow/example_dags/tutorial_dag.py
[2026-04-14T08:05:57.856+0000] {logging_mixin.py:190} INFO - [2026-04-14T08:05:57.856+0000] {dag.py:3239} INFO - Sync 1 DAGs
[2026-04-14T08:05:57.860+0000] {logging_mixin.py:190} INFO - [2026-04-14T08:05:57.860+0000] {dag.py:4180} INFO - Setting next_dagrun for tutorial_dag to None, run_after=None
[2026-04-14T08:05:57.868+0000] {processor.py:208} INFO - Processing /home/airflow/.local/lib/python3.12/site-packages/airflow/example_dags/tutorial_dag.py took 0.029 seconds
[2026-04-14T08:06:28.062+0000] {processor.py:186} INFO - Started process (PID=9942) to work on /home/airflow/.local/lib/python3.12/site-packages/airflow/example_dags/tutorial_dag.py
[2026-04-14T08:06:28.062+0000] {processor.py:914} INFO - Processing file /home/airflow/.local/lib/python3.12/site-packages/airflow/example_dags/tutorial_dag.py for tasks to queue
[2026-04-14T08:06:28.063+0000] {logging_mixin.py:190} INFO - [2026-04-14T08:06:28.063+0000] {dagbag.py:588} INFO - Filling up the DagBag from /home/airflow/.local/lib/python3.12/site-packages/airflow/example_dags/tutorial_dag.py
[2026-04-14T08:06:28.066+0000] {processor.py:925} INFO - DAG(s) 'tutorial_dag' retrieved from /home/airflow/.local/lib/python3.12/site-packages/airflow/example_dags/tutorial_dag.py
[2026-04-14T08:06:28.073+0000] {logging_mixin.py:190} INFO - [2026-04-14T08:06:28.072+0000] {dag.py:3239} INFO - Sync 1 DAGs
[2026-04-14T08:06:28.077+0000] {logging_mixin.py:190} INFO - [2026-04-14T08:06:28.077+0000] {dag.py:4180} INFO - Setting next_dagrun for tutorial_dag to None, run_after=None
[2026-04-14T08:06:28.082+0000] {processor.py:208} INFO - Processing /home/airflow/.local/lib/python3.12/site-packages/airflow/example_dags/tutorial_dag.py took 0.023 seconds
[2026-04-14T08:06:59.290+0000] {processor.py:186} INFO - Started process (PID=10006) to work on /home/airflow/.local/lib/python3.12/site-packages/airflow/example_dags/tutorial_dag.py
[2026-04-14T08:06:59.291+0000] {processor.py:914} INFO - Processing file /home/airflow/.local/lib/python3.12/site-packages/airflow/example_dags/tutorial_dag.py for tasks to queue
[2026-04-14T08:06:59.291+0000] {logging_mixin.py:190} INFO - [2026-04-14T08:06:59.291+0000] {dagbag.py:588} INFO - Filling up the DagBag from /home/airflow/.local/lib/python3.12/site-packages/airflow/example_dags/tutorial_dag.py
[2026-04-14T08:06:59.294+0000] {processor.py:925} INFO - DAG(s) 'tutorial_dag' retrieved from /home/airflow/.local/lib/python3.12/site-packages/airflow/example_dags/tutorial_dag.py
[2026-04-14T08:06:59.306+0000] {logging_mixin.py:190} INFO - [2026-04-14T08:06:59.306+0000] {dag.py:3239} INFO - Sync 1 DAGs
[2026-04-14T08:06:59.312+0000] {logging_mixin.py:190} INFO - [2026-04-14T08:06:59.311+0000] {dag.py:4180} INFO - Setting next_dagrun for tutorial_dag to None, run_after=None
[2026-04-14T08:06:59.320+0000] {processor.py:208} INFO - Processing /home/airflow/.local/lib/python3.12/site-packages/airflow/example_dags/tutorial_dag.py took 0.032 seconds
[2026-04-14T08:07:30.532+0000] {processor.py:186} INFO - Started process (PID=10070) to work on /home/airflow/.local/lib/python3.12/site-packages/airflow/example_dags/tutorial_dag.py
[2026-04-14T08:07:30.532+0000] {processor.py:914} INFO - Processing file /home/airflow/.local/lib/python3.12/site-packages/airflow/example_dags/tutorial_dag.py for tasks to queue
[2026-04-14T08:07:30.533+0000] {logging_mixin.py:190} INFO - [2026-04-14T08:07:30.533+0000] {dagbag.py:588} INFO - Filling up the DagBag from /home/airflow/.local/lib/python3.12/site-packages/airflow/example_dags/tutorial_dag.py
[2026-04-14T08:07:30.536+0000] {processor.py:925} INFO - DAG(s) 'tutorial_dag' retrieved from /home/airflow/.local/lib/python3.12/site-packages/airflow/example_dags/tutorial_dag.py
[2026-04-14T08:07:30.548+0000] {logging_mixin.py:190} INFO - [2026-04-14T08:07:30.548+0000] {dag.py:3239} INFO - Sync 1 DAGs
[2026-04-14T08:07:30.553+0000] {logging_mixin.py:190} INFO - [2026-04-14T08:07:30.553+0000] {dag.py:4180} INFO - Setting next_dagrun for tutorial_dag to None, run_after=None
[2026-04-14T08:07:30.562+0000] {processor.py:208} INFO - Processing /home/airflow/.local/lib/python3.12/site-packages/airflow/example_dags/tutorial_dag.py took 0.032 seconds
[2026-04-14T08:08:01.612+0000] {processor.py:186} INFO - Started process (PID=10134) to work on /home/airflow/.local/lib/python3.12/site-packages/airflow/example_dags/tutorial_dag.py
[2026-04-14T08:08:01.612+0000] {processor.py:914} INFO - Processing file /home/airflow/.local/lib/python3.12/site-packages/airflow/example_dags/tutorial_dag.py for tasks to queue
[2026-04-14T08:08:01.613+0000] {logging_mixin.py:190} INFO - [2026-04-14T08:08:01.613+0000] {dagbag.py:588} INFO - Filling up the DagBag from /home/airflow/.local/lib/python3.12/site-packages/airflow/example_dags/tutorial_dag.py
[2026-04-14T08:08:01.616+0000] {processor.py:925} INFO - DAG(s) 'tutorial_dag' retrieved from /home/airflow/.local/lib/python3.12/site-packages/airflow/example_dags/tutorial_dag.py
[2026-04-14T08:08:01.623+0000] {logging_mixin.py:190} INFO - [2026-04-14T08:08:01.623+0000] {dag.py:3239} INFO - Sync 1 DAGs
[2026-04-14T08:08:01.628+0000] {logging_mixin.py:190} INFO - [2026-04-14T08:08:01.628+0000] {dag.py:4180} INFO - Setting next_dagrun for tutorial_dag to None, run_after=None
[2026-04-14T08:08:01.633+0000] {processor.py:208} INFO - Processing /home/airflow/.local/lib/python3.12/site-packages/airflow/example_dags/tutorial_dag.py took 0.023 seconds
[2026-04-14T08:08:32.779+0000] {processor.py:186} INFO - Started process (PID=10198) to work on /home/airflow/.local/lib/python3.12/site-packages/airflow/example_dags/tutorial_dag.py
[2026-04-14T08:08:32.781+0000] {processor.py:914} INFO - Processing file /home/airflow/.local/lib/python3.12/site-packages/airflow/example_dags/tutorial_dag.py for tasks to queue
[2026-04-14T08:08:32.784+0000] {logging_mixin.py:190} INFO - [2026-04-14T08:08:32.783+0000] {dagbag.py:588} INFO - Filling up the DagBag from /home/airflow/.local/lib/python3.12/site-packages/airflow/example_dags/tutorial_dag.py
[2026-04-14T08:08:32.787+0000] {processor.py:925} INFO - DAG(s) 'tutorial_dag' retrieved from /home/airflow/.local/lib/python3.12/site-packages/airflow/example_dags/tutorial_dag.py
[2026-04-14T08:08:32.797+0000] {logging_mixin.py:190} INFO - [2026-04-14T08:08:32.797+0000] {dag.py:3239} INFO - Sync 1 DAGs
[2026-04-14T08:08:32.803+0000] {logging_mixin.py:190} INFO - [2026-04-14T08:08:32.803+0000] {dag.py:4180} INFO - Setting next_dagrun for tutorial_dag to None, run_after=None
[2026-04-14T08:08:32.813+0000] {processor.py:208} INFO - Processing /home/airflow/.local/lib/python3.12/site-packages/airflow/example_dags/tutorial_dag.py took 0.036 seconds
[2026-04-14T08:09:04.034+0000] {processor.py:186} INFO - Started process (PID=10262) to work on /home/airflow/.local/lib/python3.12/site-packages/airflow/example_dags/tutorial_dag.py
[2026-04-14T08:09:04.036+0000] {processor.py:914} INFO - Processing file /home/airflow/.local/lib/python3.12/site-packages/airflow/example_dags/tutorial_dag.py for tasks to queue
[2026-04-14T08:09:04.036+0000] {logging_mixin.py:190} INFO - [2026-04-14T08:09:04.036+0000] {dagbag.py:588} INFO - Filling up the DagBag from /home/airflow/.local/lib/python3.12/site-packages/airflow/example_dags/tutorial_dag.py
[2026-04-14T08:09:04.039+0000] {processor.py:925} INFO - DAG(s) 'tutorial_dag' retrieved from /home/airflow/.local/lib/python3.12/site-packages/airflow/example_dags/tutorial_dag.py
[2026-04-14T08:09:04.051+0000] {logging_mixin.py:190} INFO - [2026-04-14T08:09:04.051+0000] {dag.py:3239} INFO - Sync 1 DAGs
[2026-04-14T08:09:04.057+0000] {logging_mixin.py:190} INFO - [2026-04-14T08:09:04.057+0000] {dag.py:4180} INFO - Setting next_dagrun for tutorial_dag to None, run_after=None
[2026-04-14T08:09:04.063+0000] {processor.py:208} INFO - Processing /home/airflow/.local/lib/python3.12/site-packages/airflow/example_dags/tutorial_dag.py took 0.032 seconds
[2026-04-14T08:11:00.374+0000] {processor.py:186} INFO - Started process (PID=10320) to work on /home/airflow/.local/lib/python3.12/site-packages/airflow/example_dags/tutorial_dag.py
[2026-04-14T08:11:00.374+0000] {processor.py:914} INFO - Processing file /home/airflow/.local/lib/python3.12/site-packages/airflow/example_dags/tutorial_dag.py for tasks to queue
[2026-04-14T08:11:00.375+0000] {logging_mixin.py:190} INFO - [2026-04-14T08:11:00.375+0000] {dagbag.py:588} INFO - Filling up the DagBag from /home/airflow/.local/lib/python3.12/site-packages/airflow/example_dags/tutorial_dag.py
[2026-04-14T08:11:00.378+0000] {processor.py:925} INFO - DAG(s) 'tutorial_dag' retrieved from /home/airflow/.local/lib/python3.12/site-packages/airflow/example_dags/tutorial_dag.py
[2026-04-14T08:11:00.388+0000] {logging_mixin.py:190} INFO - [2026-04-14T08:11:00.388+0000] {dag.py:3239} INFO - Sync 1 DAGs
[2026-04-14T08:11:00.393+0000] {logging_mixin.py:190} INFO - [2026-04-14T08:11:00.393+0000] {dag.py:4180} INFO - Setting next_dagrun for tutorial_dag to None, run_after=None
[2026-04-14T08:11:00.405+0000] {processor.py:208} INFO - Processing /home/airflow/.local/lib/python3.12/site-packages/airflow/example_dags/tutorial_dag.py took 0.033 seconds
[2026-04-14T08:11:31.548+0000] {processor.py:186} INFO - Started process (PID=10384) to work on /home/airflow/.local/lib/python3.12/site-packages/airflow/example_dags/tutorial_dag.py
[2026-04-14T08:11:31.549+0000] {processor.py:914} INFO - Processing file /home/airflow/.local/lib/python3.12/site-packages/airflow/example_dags/tutorial_dag.py for tasks to queue
[2026-04-14T08:11:31.549+0000] {logging_mixin.py:190} INFO - [2026-04-14T08:11:31.549+0000] {dagbag.py:588} INFO - Filling up the DagBag from /home/airflow/.local/lib/python3.12/site-packages/airflow/example_dags/tutorial_dag.py
[2026-04-14T08:11:31.553+0000] {processor.py:925} INFO - DAG(s) 'tutorial_dag' retrieved from /home/airflow/.local/lib/python3.12/site-packages/airflow/example_dags/tutorial_dag.py
[2026-04-14T08:11:31.565+0000] {logging_mixin.py:190} INFO - [2026-04-14T08:11:31.565+0000] {dag.py:3239} INFO - Sync 1 DAGs
[2026-04-14T08:11:31.571+0000] {logging_mixin.py:190} INFO - [2026-04-14T08:11:31.571+0000] {dag.py:4180} INFO - Setting next_dagrun for tutorial_dag to None, run_after=None
[2026-04-14T08:11:31.583+0000] {processor.py:208} INFO - Processing /home/airflow/.local/lib/python3.12/site-packages/airflow/example_dags/tutorial_dag.py took 0.038 seconds
[2026-04-14T08:12:01.926+0000] {processor.py:186} INFO - Started process (PID=10448) to work on /home/airflow/.local/lib/python3.12/site-packages/airflow/example_dags/tutorial_dag.py
[2026-04-14T08:12:01.930+0000] {processor.py:914} INFO - Processing file /home/airflow/.local/lib/python3.12/site-packages/airflow/example_dags/tutorial_dag.py for tasks to queue
[2026-04-14T08:12:01.930+0000] {logging_mixin.py:190} INFO - [2026-04-14T08:12:01.930+0000] {dagbag.py:588} INFO - Filling up the DagBag from /home/airflow/.local/lib/python3.12/site-packages/airflow/example_dags/tutorial_dag.py
[2026-04-14T08:12:01.934+0000] {processor.py:925} INFO - DAG(s) 'tutorial_dag' retrieved from /home/airflow/.local/lib/python3.12/site-packages/airflow/example_dags/tutorial_dag.py
[2026-04-14T08:12:01.946+0000] {logging_mixin.py:190} INFO - [2026-04-14T08:12:01.946+0000] {dag.py:3239} INFO - Sync 1 DAGs
[2026-04-14T08:12:01.953+0000] {logging_mixin.py:190} INFO - [2026-04-14T08:12:01.953+0000] {dag.py:4180} INFO - Setting next_dagrun for tutorial_dag to None, run_after=None
[2026-04-14T08:12:01.962+0000] {processor.py:208} INFO - Processing /home/airflow/.local/lib/python3.12/site-packages/airflow/example_dags/tutorial_dag.py took 0.038 seconds
[2026-04-14T08:26:27.310+0000] {processor.py:186} INFO - Started process (PID=10512) to work on /home/airflow/.local/lib/python3.12/site-packages/airflow/example_dags/tutorial_dag.py
[2026-04-14T08:26:27.311+0000] {processor.py:914} INFO - Processing file /home/airflow/.local/lib/python3.12/site-packages/airflow/example_dags/tutorial_dag.py for tasks to queue
[2026-04-14T08:26:27.312+0000] {logging_mixin.py:190} INFO - [2026-04-14T08:26:27.312+0000] {dagbag.py:588} INFO - Filling up the DagBag from /home/airflow/.local/lib/python3.12/site-packages/airflow/example_dags/tutorial_dag.py
[2026-04-14T08:26:27.317+0000] {processor.py:925} INFO - DAG(s) 'tutorial_dag' retrieved from /home/airflow/.local/lib/python3.12/site-packages/airflow/example_dags/tutorial_dag.py
[2026-04-14T08:26:27.329+0000] {logging_mixin.py:190} INFO - [2026-04-14T08:26:27.328+0000] {dag.py:3239} INFO - Sync 1 DAGs
[2026-04-14T08:26:27.337+0000] {logging_mixin.py:190} INFO - [2026-04-14T08:26:27.337+0000] {dag.py:4180} INFO - Setting next_dagrun for tutorial_dag to None, run_after=None
[2026-04-14T08:26:27.345+0000] {processor.py:208} INFO - Processing /home/airflow/.local/lib/python3.12/site-packages/airflow/example_dags/tutorial_dag.py took 0.038 seconds
[2026-04-14T08:26:58.017+0000] {processor.py:186} INFO - Started process (PID=10576) to work on /home/airflow/.local/lib/python3.12/site-packages/airflow/example_dags/tutorial_dag.py
[2026-04-14T08:26:58.018+0000] {processor.py:914} INFO - Processing file /home/airflow/.local/lib/python3.12/site-packages/airflow/example_dags/tutorial_dag.py for tasks to queue
[2026-04-14T08:26:58.018+0000] {logging_mixin.py:190} INFO - [2026-04-14T08:26:58.018+0000] {dagbag.py:588} INFO - Filling up the DagBag from /home/airflow/.local/lib/python3.12/site-packages/airflow/example_dags/tutorial_dag.py
[2026-04-14T08:26:58.022+0000] {processor.py:925} INFO - DAG(s) 'tutorial_dag' retrieved from /home/airflow/.local/lib/python3.12/site-packages/airflow/example_dags/tutorial_dag.py
[2026-04-14T08:26:58.037+0000] {logging_mixin.py:190} INFO - [2026-04-14T08:26:58.036+0000] {dag.py:3239} INFO - Sync 1 DAGs
[2026-04-14T08:26:58.045+0000] {logging_mixin.py:190} INFO - [2026-04-14T08:26:58.045+0000] {dag.py:4180} INFO - Setting next_dagrun for tutorial_dag to None, run_after=None
[2026-04-14T08:26:58.099+0000] {processor.py:208} INFO - Processing /home/airflow/.local/lib/python3.12/site-packages/airflow/example_dags/tutorial_dag.py took 0.084 seconds
[2026-04-14T08:27:28.699+0000] {processor.py:186} INFO - Started process (PID=10640) to work on /home/airflow/.local/lib/python3.12/site-packages/airflow/example_dags/tutorial_dag.py
[2026-04-14T08:27:28.701+0000] {processor.py:914} INFO - Processing file /home/airflow/.local/lib/python3.12/site-packages/airflow/example_dags/tutorial_dag.py for tasks to queue
[2026-04-14T08:27:28.701+0000] {logging_mixin.py:190} INFO - [2026-04-14T08:27:28.701+0000] {dagbag.py:588} INFO - Filling up the DagBag from /home/airflow/.local/lib/python3.12/site-packages/airflow/example_dags/tutorial_dag.py
[2026-04-14T08:27:28.706+0000] {processor.py:925} INFO - DAG(s) 'tutorial_dag' retrieved from /home/airflow/.local/lib/python3.12/site-packages/airflow/example_dags/tutorial_dag.py
[2026-04-14T08:27:28.716+0000] {logging_mixin.py:190} INFO - [2026-04-14T08:27:28.716+0000] {dag.py:3239} INFO - Sync 1 DAGs
[2026-04-14T08:27:28.725+0000] {logging_mixin.py:190} INFO - [2026-04-14T08:27:28.725+0000] {dag.py:4180} INFO - Setting next_dagrun for tutorial_dag to None, run_after=None
[2026-04-14T08:27:28.738+0000] {processor.py:208} INFO - Processing /home/airflow/.local/lib/python3.12/site-packages/airflow/example_dags/tutorial_dag.py took 0.041 seconds
[2026-04-14T08:27:59.709+0000] {processor.py:186} INFO - Started process (PID=10704) to work on /home/airflow/.local/lib/python3.12/site-packages/airflow/example_dags/tutorial_dag.py
[2026-04-14T08:27:59.710+0000] {processor.py:914} INFO - Processing file /home/airflow/.local/lib/python3.12/site-packages/airflow/example_dags/tutorial_dag.py for tasks to queue
[2026-04-14T08:27:59.710+0000] {logging_mixin.py:190} INFO - [2026-04-14T08:27:59.710+0000] {dagbag.py:588} INFO - Filling up the DagBag from /home/airflow/.local/lib/python3.12/site-packages/airflow/example_dags/tutorial_dag.py
[2026-04-14T08:27:59.714+0000] {processor.py:925} INFO - DAG(s) 'tutorial_dag' retrieved from /home/airflow/.local/lib/python3.12/site-packages/airflow/example_dags/tutorial_dag.py
[2026-04-14T08:27:59.721+0000] {logging_mixin.py:190} INFO - [2026-04-14T08:27:59.721+0000] {dag.py:3239} INFO - Sync 1 DAGs
[2026-04-14T08:27:59.729+0000] {logging_mixin.py:190} INFO - [2026-04-14T08:27:59.728+0000] {dag.py:4180} INFO - Setting next_dagrun for tutorial_dag to None, run_after=None
[2026-04-14T08:27:59.735+0000] {processor.py:208} INFO - Processing /home/airflow/.local/lib/python3.12/site-packages/airflow/example_dags/tutorial_dag.py took 0.028 seconds
[2026-04-14T08:28:30.305+0000] {processor.py:186} INFO - Started process (PID=10768) to work on /home/airflow/.local/lib/python3.12/site-packages/airflow/example_dags/tutorial_dag.py
[2026-04-14T08:28:30.307+0000] {processor.py:914} INFO - Processing file /home/airflow/.local/lib/python3.12/site-packages/airflow/example_dags/tutorial_dag.py for tasks to queue
[2026-04-14T08:28:30.307+0000] {logging_mixin.py:190} INFO - [2026-04-14T08:28:30.307+0000] {dagbag.py:588} INFO - Filling up the DagBag from /home/airflow/.local/lib/python3.12/site-packages/airflow/example_dags/tutorial_dag.py
[2026-04-14T08:28:30.311+0000] {processor.py:925} INFO - DAG(s) 'tutorial_dag' retrieved from /home/airflow/.local/lib/python3.12/site-packages/airflow/example_dags/tutorial_dag.py
[2026-04-14T08:28:30.321+0000] {logging_mixin.py:190} INFO - [2026-04-14T08:28:30.321+0000] {dag.py:3239} INFO - Sync 1 DAGs
[2026-04-14T08:28:30.327+0000] {logging_mixin.py:190} INFO - [2026-04-14T08:28:30.327+0000] {dag.py:4180} INFO - Setting next_dagrun for tutorial_dag to None, run_after=None
[2026-04-14T08:28:30.337+0000] {processor.py:208} INFO - Processing /home/airflow/.local/lib/python3.12/site-packages/airflow/example_dags/tutorial_dag.py took 0.034 seconds
[2026-04-14T08:29:00.647+0000] {processor.py:186} INFO - Started process (PID=10832) to work on /home/airflow/.local/lib/python3.12/site-packages/airflow/example_dags/tutorial_dag.py
[2026-04-14T08:29:00.647+0000] {processor.py:914} INFO - Processing file /home/airflow/.local/lib/python3.12/site-packages/airflow/example_dags/tutorial_dag.py for tasks to queue
[2026-04-14T08:29:00.648+0000] {logging_mixin.py:190} INFO - [2026-04-14T08:29:00.648+0000] {dagbag.py:588} INFO - Filling up the DagBag from /home/airflow/.local/lib/python3.12/site-packages/airflow/example_dags/tutorial_dag.py
[2026-04-14T08:29:00.651+0000] {processor.py:925} INFO - DAG(s) 'tutorial_dag' retrieved from /home/airflow/.local/lib/python3.12/site-packages/airflow/example_dags/tutorial_dag.py
[2026-04-14T08:29:00.661+0000] {logging_mixin.py:190} INFO - [2026-04-14T08:29:00.660+0000] {dag.py:3239} INFO - Sync 1 DAGs
[2026-04-14T08:29:00.667+0000] {logging_mixin.py:190} INFO - [2026-04-14T08:29:00.667+0000] {dag.py:4180} INFO - Setting next_dagrun for tutorial_dag to None, run_after=None
[2026-04-14T08:29:00.678+0000] {processor.py:208} INFO - Processing /home/airflow/.local/lib/python3.12/site-packages/airflow/example_dags/tutorial_dag.py took 0.034 seconds
[2026-04-14T08:29:31.308+0000] {processor.py:186} INFO - Started process (PID=10896) to work on /home/airflow/.local/lib/python3.12/site-packages/airflow/example_dags/tutorial_dag.py
[2026-04-14T08:29:31.309+0000] {processor.py:914} INFO - Processing file /home/airflow/.local/lib/python3.12/site-packages/airflow/example_dags/tutorial_dag.py for tasks to queue
[2026-04-14T08:29:31.309+0000] {logging_mixin.py:190} INFO - [2026-04-14T08:29:31.309+0000] {dagbag.py:588} INFO - Filling up the DagBag from /home/airflow/.local/lib/python3.12/site-packages/airflow/example_dags/tutorial_dag.py
[2026-04-14T08:29:31.314+0000] {processor.py:925} INFO - DAG(s) 'tutorial_dag' retrieved from /home/airflow/.local/lib/python3.12/site-packages/airflow/example_dags/tutorial_dag.py
[2026-04-14T08:29:31.327+0000] {logging_mixin.py:190} INFO - [2026-04-14T08:29:31.327+0000] {dag.py:3239} INFO - Sync 1 DAGs
[2026-04-14T08:29:31.335+0000] {logging_mixin.py:190} INFO - [2026-04-14T08:29:31.335+0000] {dag.py:4180} INFO - Setting next_dagrun for tutorial_dag to None, run_after=None
[2026-04-14T08:29:31.345+0000] {processor.py:208} INFO - Processing /home/airflow/.local/lib/python3.12/site-packages/airflow/example_dags/tutorial_dag.py took 0.040 seconds
[2026-04-14T08:30:01.894+0000] {processor.py:186} INFO - Started process (PID=10960) to work on /home/airflow/.local/lib/python3.12/site-packages/airflow/example_dags/tutorial_dag.py
[2026-04-14T08:30:01.895+0000] {processor.py:914} INFO - Processing file /home/airflow/.local/lib/python3.12/site-packages/airflow/example_dags/tutorial_dag.py for tasks to queue
[2026-04-14T08:30:01.895+0000] {logging_mixin.py:190} INFO - [2026-04-14T08:30:01.895+0000] {dagbag.py:588} INFO - Filling up the DagBag from /home/airflow/.local/lib/python3.12/site-packages/airflow/example_dags/tutorial_dag.py
[2026-04-14T08:30:01.898+0000] {processor.py:925} INFO - DAG(s) 'tutorial_dag' retrieved from /home/airflow/.local/lib/python3.12/site-packages/airflow/example_dags/tutorial_dag.py
[2026-04-14T08:30:01.905+0000] {logging_mixin.py:190} INFO - [2026-04-14T08:30:01.905+0000] {dag.py:3239} INFO - Sync 1 DAGs
[2026-04-14T08:30:01.910+0000] {logging_mixin.py:190} INFO - [2026-04-14T08:30:01.910+0000] {dag.py:4180} INFO - Setting next_dagrun for tutorial_dag to None, run_after=None
[2026-04-14T08:30:01.915+0000] {processor.py:208} INFO - Processing /home/airflow/.local/lib/python3.12/site-packages/airflow/example_dags/tutorial_dag.py took 0.023 seconds
[2026-04-14T08:30:32.443+0000] {processor.py:186} INFO - Started process (PID=11024) to work on /home/airflow/.local/lib/python3.12/site-packages/airflow/example_dags/tutorial_dag.py
[2026-04-14T08:30:32.444+0000] {processor.py:914} INFO - Processing file /home/airflow/.local/lib/python3.12/site-packages/airflow/example_dags/tutorial_dag.py for tasks to queue
[2026-04-14T08:30:32.444+0000] {logging_mixin.py:190} INFO - [2026-04-14T08:30:32.444+0000] {dagbag.py:588} INFO - Filling up the DagBag from /home/airflow/.local/lib/python3.12/site-packages/airflow/example_dags/tutorial_dag.py
[2026-04-14T08:30:32.447+0000] {processor.py:925} INFO - DAG(s) 'tutorial_dag' retrieved from /home/airflow/.local/lib/python3.12/site-packages/airflow/example_dags/tutorial_dag.py
[2026-04-14T08:30:32.455+0000] {logging_mixin.py:190} INFO - [2026-04-14T08:30:32.455+0000] {dag.py:3239} INFO - Sync 1 DAGs
[2026-04-14T08:30:32.460+0000] {logging_mixin.py:190} INFO - [2026-04-14T08:30:32.460+0000] {dag.py:4180} INFO - Setting next_dagrun for tutorial_dag to None, run_after=None
[2026-04-14T08:30:32.465+0000] {processor.py:208} INFO - Processing /home/airflow/.local/lib/python3.12/site-packages/airflow/example_dags/tutorial_dag.py took 0.024 seconds
[2026-04-14T08:31:03.591+0000] {processor.py:186} INFO - Started process (PID=11088) to work on /home/airflow/.local/lib/python3.12/site-packages/airflow/example_dags/tutorial_dag.py
[2026-04-14T08:31:03.593+0000] {processor.py:914} INFO - Processing file /home/airflow/.local/lib/python3.12/site-packages/airflow/example_dags/tutorial_dag.py for tasks to queue
[2026-04-14T08:31:03.593+0000] {logging_mixin.py:190} INFO - [2026-04-14T08:31:03.593+0000] {dagbag.py:588} INFO - Filling up the DagBag from /home/airflow/.local/lib/python3.12/site-packages/airflow/example_dags/tutorial_dag.py
[2026-04-14T08:31:03.598+0000] {processor.py:925} INFO - DAG(s) 'tutorial_dag' retrieved from /home/airflow/.local/lib/python3.12/site-packages/airflow/example_dags/tutorial_dag.py
[2026-04-14T08:31:03.613+0000] {logging_mixin.py:190} INFO - [2026-04-14T08:31:03.612+0000] {dag.py:3239} INFO - Sync 1 DAGs
[2026-04-14T08:31:03.619+0000] {logging_mixin.py:190} INFO - [2026-04-14T08:31:03.619+0000] {dag.py:4180} INFO - Setting next_dagrun for tutorial_dag to None, run_after=None
[2026-04-14T08:31:03.628+0000] {processor.py:208} INFO - Processing /home/airflow/.local/lib/python3.12/site-packages/airflow/example_dags/tutorial_dag.py took 0.039 seconds
[2026-04-14T08:31:34.055+0000] {processor.py:186} INFO - Started process (PID=11152) to work on /home/airflow/.local/lib/python3.12/site-packages/airflow/example_dags/tutorial_dag.py
[2026-04-14T08:31:34.056+0000] {processor.py:914} INFO - Processing file /home/airflow/.local/lib/python3.12/site-packages/airflow/example_dags/tutorial_dag.py for tasks to queue
[2026-04-14T08:31:34.058+0000] {logging_mixin.py:190} INFO - [2026-04-14T08:31:34.057+0000] {dagbag.py:588} INFO - Filling up the DagBag from /home/airflow/.local/lib/python3.12/site-packages/airflow/example_dags/tutorial_dag.py
[2026-04-14T08:31:34.061+0000] {processor.py:925} INFO - DAG(s) 'tutorial_dag' retrieved from /home/airflow/.local/lib/python3.12/site-packages/airflow/example_dags/tutorial_dag.py
[2026-04-14T08:31:34.069+0000] {logging_mixin.py:190} INFO - [2026-04-14T08:31:34.069+0000] {dag.py:3239} INFO - Sync 1 DAGs
[2026-04-14T08:31:34.076+0000] {logging_mixin.py:190} INFO - [2026-04-14T08:31:34.076+0000] {dag.py:4180} INFO - Setting next_dagrun for tutorial_dag to None, run_after=None
[2026-04-14T08:31:34.086+0000] {processor.py:208} INFO - Processing /home/airflow/.local/lib/python3.12/site-packages/airflow/example_dags/tutorial_dag.py took 0.033 seconds
[2026-04-14T08:32:04.480+0000] {processor.py:186} INFO - Started process (PID=11216) to work on /home/airflow/.local/lib/python3.12/site-packages/airflow/example_dags/tutorial_dag.py
[2026-04-14T08:32:04.480+0000] {processor.py:914} INFO - Processing file /home/airflow/.local/lib/python3.12/site-packages/airflow/example_dags/tutorial_dag.py for tasks to queue
[2026-04-14T08:32:04.481+0000] {logging_mixin.py:190} INFO - [2026-04-14T08:32:04.481+0000] {dagbag.py:588} INFO - Filling up the DagBag from /home/airflow/.local/lib/python3.12/site-packages/airflow/example_dags/tutorial_dag.py
[2026-04-14T08:32:04.485+0000] {processor.py:925} INFO - DAG(s) 'tutorial_dag' retrieved from /home/airflow/.local/lib/python3.12/site-packages/airflow/example_dags/tutorial_dag.py
[2026-04-14T08:32:04.495+0000] {logging_mixin.py:190} INFO - [2026-04-14T08:32:04.495+0000] {dag.py:3239} INFO - Sync 1 DAGs
[2026-04-14T08:32:04.503+0000] {logging_mixin.py:190} INFO - [2026-04-14T08:32:04.503+0000] {dag.py:4180} INFO - Setting next_dagrun for tutorial_dag to None, run_after=None
[2026-04-14T08:32:04.512+0000] {processor.py:208} INFO - Processing /home/airflow/.local/lib/python3.12/site-packages/airflow/example_dags/tutorial_dag.py took 0.035 seconds
[2026-04-14T08:32:35.479+0000] {processor.py:186} INFO - Started process (PID=11286) to work on /home/airflow/.local/lib/python3.12/site-packages/airflow/example_dags/tutorial_dag.py
[2026-04-14T08:32:35.479+0000] {processor.py:914} INFO - Processing file /home/airflow/.local/lib/python3.12/site-packages/airflow/example_dags/tutorial_dag.py for tasks to queue
[2026-04-14T08:32:35.480+0000] {logging_mixin.py:190} INFO - [2026-04-14T08:32:35.480+0000] {dagbag.py:588} INFO - Filling up the DagBag from /home/airflow/.local/lib/python3.12/site-packages/airflow/example_dags/tutorial_dag.py
[2026-04-14T08:32:35.484+0000] {processor.py:925} INFO - DAG(s) 'tutorial_dag' retrieved from /home/airflow/.local/lib/python3.12/site-packages/airflow/example_dags/tutorial_dag.py
[2026-04-14T08:32:35.491+0000] {logging_mixin.py:190} INFO - [2026-04-14T08:32:35.491+0000] {dag.py:3239} INFO - Sync 1 DAGs
[2026-04-14T08:32:35.497+0000] {logging_mixin.py:190} INFO - [2026-04-14T08:32:35.497+0000] {dag.py:4180} INFO - Setting next_dagrun for tutorial_dag to None, run_after=None
[2026-04-14T08:32:35.504+0000] {processor.py:208} INFO - Processing /home/airflow/.local/lib/python3.12/site-packages/airflow/example_dags/tutorial_dag.py took 0.027 seconds
[2026-04-14T08:33:06.364+0000] {processor.py:186} INFO - Started process (PID=11350) to work on /home/airflow/.local/lib/python3.12/site-packages/airflow/example_dags/tutorial_dag.py
[2026-04-14T08:33:06.365+0000] {processor.py:914} INFO - Processing file /home/airflow/.local/lib/python3.12/site-packages/airflow/example_dags/tutorial_dag.py for tasks to queue
[2026-04-14T08:33:06.366+0000] {logging_mixin.py:190} INFO - [2026-04-14T08:33:06.366+0000] {dagbag.py:588} INFO - Filling up the DagBag from /home/airflow/.local/lib/python3.12/site-packages/airflow/example_dags/tutorial_dag.py
[2026-04-14T08:33:06.372+0000] {processor.py:925} INFO - DAG(s) 'tutorial_dag' retrieved from /home/airflow/.local/lib/python3.12/site-packages/airflow/example_dags/tutorial_dag.py
[2026-04-14T08:33:06.384+0000] {logging_mixin.py:190} INFO - [2026-04-14T08:33:06.384+0000] {dag.py:3239} INFO - Sync 1 DAGs
[2026-04-14T08:33:06.389+0000] {logging_mixin.py:190} INFO - [2026-04-14T08:33:06.389+0000] {dag.py:4180} INFO - Setting next_dagrun for tutorial_dag to None, run_after=None
[2026-04-14T08:33:06.397+0000] {processor.py:208} INFO - Processing /home/airflow/.local/lib/python3.12/site-packages/airflow/example_dags/tutorial_dag.py took 0.035 seconds
[2026-04-14T08:33:37.331+0000] {processor.py:186} INFO - Started process (PID=11414) to work on /home/airflow/.local/lib/python3.12/site-packages/airflow/example_dags/tutorial_dag.py
[2026-04-14T08:33:37.331+0000] {processor.py:914} INFO - Processing file /home/airflow/.local/lib/python3.12/site-packages/airflow/example_dags/tutorial_dag.py for tasks to queue
[2026-04-14T08:33:37.331+0000] {logging_mixin.py:190} INFO - [2026-04-14T08:33:37.331+0000] {dagbag.py:588} INFO - Filling up the DagBag from /home/airflow/.local/lib/python3.12/site-packages/airflow/example_dags/tutorial_dag.py
[2026-04-14T08:33:37.334+0000] {processor.py:925} INFO - DAG(s) 'tutorial_dag' retrieved from /home/airflow/.local/lib/python3.12/site-packages/airflow/example_dags/tutorial_dag.py
[2026-04-14T08:33:37.341+0000] {logging_mixin.py:190} INFO - [2026-04-14T08:33:37.341+0000] {dag.py:3239} INFO - Sync 1 DAGs
[2026-04-14T08:33:37.346+0000] {logging_mixin.py:190} INFO - [2026-04-14T08:33:37.346+0000] {dag.py:4180} INFO - Setting next_dagrun for tutorial_dag to None, run_after=None
[2026-04-14T08:33:37.351+0000] {processor.py:208} INFO - Processing /home/airflow/.local/lib/python3.12/site-packages/airflow/example_dags/tutorial_dag.py took 0.023 seconds
[2026-04-14T08:34:08.124+0000] {processor.py:186} INFO - Started process (PID=11478) to work on /home/airflow/.local/lib/python3.12/site-packages/airflow/example_dags/tutorial_dag.py
[2026-04-14T08:34:08.125+0000] {processor.py:914} INFO - Processing file /home/airflow/.local/lib/python3.12/site-packages/airflow/example_dags/tutorial_dag.py for tasks to queue
[2026-04-14T08:34:08.125+0000] {logging_mixin.py:190} INFO - [2026-04-14T08:34:08.125+0000] {dagbag.py:588} INFO - Filling up the DagBag from /home/airflow/.local/lib/python3.12/site-packages/airflow/example_dags/tutorial_dag.py
[2026-04-14T08:34:08.128+0000] {processor.py:925} INFO - DAG(s) 'tutorial_dag' retrieved from /home/airflow/.local/lib/python3.12/site-packages/airflow/example_dags/tutorial_dag.py
[2026-04-14T08:34:08.135+0000] {logging_mixin.py:190} INFO - [2026-04-14T08:34:08.135+0000] {dag.py:3239} INFO - Sync 1 DAGs
[2026-04-14T08:34:08.140+0000] {logging_mixin.py:190} INFO - [2026-04-14T08:34:08.140+0000] {dag.py:4180} INFO - Setting next_dagrun for tutorial_dag to None, run_after=None
[2026-04-14T08:34:08.145+0000] {processor.py:208} INFO - Processing /home/airflow/.local/lib/python3.12/site-packages/airflow/example_dags/tutorial_dag.py took 0.023 seconds
[2026-04-14T08:34:39.041+0000] {processor.py:186} INFO - Started process (PID=11542) to work on /home/airflow/.local/lib/python3.12/site-packages/airflow/example_dags/tutorial_dag.py
[2026-04-14T08:34:39.042+0000] {processor.py:914} INFO - Processing file /home/airflow/.local/lib/python3.12/site-packages/airflow/example_dags/tutorial_dag.py for tasks to queue
[2026-04-14T08:34:39.042+0000] {logging_mixin.py:190} INFO - [2026-04-14T08:34:39.042+0000] {dagbag.py:588} INFO - Filling up the DagBag from /home/airflow/.local/lib/python3.12/site-packages/airflow/example_dags/tutorial_dag.py
[2026-04-14T08:34:39.045+0000] {processor.py:925} INFO - DAG(s) 'tutorial_dag' retrieved from /home/airflow/.local/lib/python3.12/site-packages/airflow/example_dags/tutorial_dag.py
[2026-04-14T08:34:39.052+0000] {logging_mixin.py:190} INFO - [2026-04-14T08:34:39.051+0000] {dag.py:3239} INFO - Sync 1 DAGs
[2026-04-14T08:34:39.056+0000] {logging_mixin.py:190} INFO - [2026-04-14T08:34:39.056+0000] {dag.py:4180} INFO - Setting next_dagrun for tutorial_dag to None, run_after=None
[2026-04-14T08:34:39.062+0000] {processor.py:208} INFO - Processing /home/airflow/.local/lib/python3.12/site-packages/airflow/example_dags/tutorial_dag.py took 0.023 seconds
[2026-04-14T08:35:09.643+0000] {processor.py:186} INFO - Started process (PID=11606) to work on /home/airflow/.local/lib/python3.12/site-packages/airflow/example_dags/tutorial_dag.py
[2026-04-14T08:35:09.644+0000] {processor.py:914} INFO - Processing file /home/airflow/.local/lib/python3.12/site-packages/airflow/example_dags/tutorial_dag.py for tasks to queue
[2026-04-14T08:35:09.644+0000] {logging_mixin.py:190} INFO - [2026-04-14T08:35:09.644+0000] {dagbag.py:588} INFO - Filling up the DagBag from /home/airflow/.local/lib/python3.12/site-packages/airflow/example_dags/tutorial_dag.py
[2026-04-14T08:35:09.647+0000] {processor.py:925} INFO - DAG(s) 'tutorial_dag' retrieved from /home/airflow/.local/lib/python3.12/site-packages/airflow/example_dags/tutorial_dag.py
[2026-04-14T08:35:09.654+0000] {logging_mixin.py:190} INFO - [2026-04-14T08:35:09.654+0000] {dag.py:3239} INFO - Sync 1 DAGs
[2026-04-14T08:35:09.658+0000] {logging_mixin.py:190} INFO - [2026-04-14T08:35:09.658+0000] {dag.py:4180} INFO - Setting next_dagrun for tutorial_dag to None, run_after=None
[2026-04-14T08:35:09.663+0000] {processor.py:208} INFO - Processing /home/airflow/.local/lib/python3.12/site-packages/airflow/example_dags/tutorial_dag.py took 0.022 seconds
[2026-04-14T08:35:40.930+0000] {processor.py:186} INFO - Started process (PID=11670) to work on /home/airflow/.local/lib/python3.12/site-packages/airflow/example_dags/tutorial_dag.py
[2026-04-14T08:35:40.931+0000] {processor.py:914} INFO - Processing file /home/airflow/.local/lib/python3.12/site-packages/airflow/example_dags/tutorial_dag.py for tasks to queue
[2026-04-14T08:35:40.931+0000] {logging_mixin.py:190} INFO - [2026-04-14T08:35:40.931+0000] {dagbag.py:588} INFO - Filling up the DagBag from /home/airflow/.local/lib/python3.12/site-packages/airflow/example_dags/tutorial_dag.py
[2026-04-14T08:35:40.934+0000] {processor.py:925} INFO - DAG(s) 'tutorial_dag' retrieved from /home/airflow/.local/lib/python3.12/site-packages/airflow/example_dags/tutorial_dag.py
[2026-04-14T08:35:40.944+0000] {logging_mixin.py:190} INFO - [2026-04-14T08:35:40.944+0000] {dag.py:3239} INFO - Sync 1 DAGs
[2026-04-14T08:35:40.950+0000] {logging_mixin.py:190} INFO - [2026-04-14T08:35:40.950+0000] {dag.py:4180} INFO - Setting next_dagrun for tutorial_dag to None, run_after=None
[2026-04-14T08:35:40.961+0000] {processor.py:208} INFO - Processing /home/airflow/.local/lib/python3.12/site-packages/airflow/example_dags/tutorial_dag.py took 0.033 seconds
[2026-04-14T08:36:12.182+0000] {processor.py:186} INFO - Started process (PID=11734) to work on /home/airflow/.local/lib/python3.12/site-packages/airflow/example_dags/tutorial_dag.py
[2026-04-14T08:36:12.182+0000] {processor.py:914} INFO - Processing file /home/airflow/.local/lib/python3.12/site-packages/airflow/example_dags/tutorial_dag.py for tasks to queue
[2026-04-14T08:36:12.183+0000] {logging_mixin.py:190} INFO - [2026-04-14T08:36:12.182+0000] {dagbag.py:588} INFO - Filling up the DagBag from /home/airflow/.local/lib/python3.12/site-packages/airflow/example_dags/tutorial_dag.py
[2026-04-14T08:36:12.185+0000] {processor.py:925} INFO - DAG(s) 'tutorial_dag' retrieved from /home/airflow/.local/lib/python3.12/site-packages/airflow/example_dags/tutorial_dag.py
[2026-04-14T08:36:12.192+0000] {logging_mixin.py:190} INFO - [2026-04-14T08:36:12.192+0000] {dag.py:3239} INFO - Sync 1 DAGs
[2026-04-14T08:36:12.196+0000] {logging_mixin.py:190} INFO - [2026-04-14T08:36:12.196+0000] {dag.py:4180} INFO - Setting next_dagrun for tutorial_dag to None, run_after=None
[2026-04-14T08:36:12.201+0000] {processor.py:208} INFO - Processing /home/airflow/.local/lib/python3.12/site-packages/airflow/example_dags/tutorial_dag.py took 0.022 seconds
[2026-04-14T08:36:43.807+0000] {processor.py:186} INFO - Started process (PID=11798) to work on /home/airflow/.local/lib/python3.12/site-packages/airflow/example_dags/tutorial_dag.py
[2026-04-14T08:36:43.807+0000] {processor.py:914} INFO - Processing file /home/airflow/.local/lib/python3.12/site-packages/airflow/example_dags/tutorial_dag.py for tasks to queue
[2026-04-14T08:36:43.808+0000] {logging_mixin.py:190} INFO - [2026-04-14T08:36:43.807+0000] {dagbag.py:588} INFO - Filling up the DagBag from /home/airflow/.local/lib/python3.12/site-packages/airflow/example_dags/tutorial_dag.py
[2026-04-14T08:36:43.810+0000] {processor.py:925} INFO - DAG(s) 'tutorial_dag' retrieved from /home/airflow/.local/lib/python3.12/site-packages/airflow/example_dags/tutorial_dag.py
[2026-04-14T08:36:43.817+0000] {logging_mixin.py:190} INFO - [2026-04-14T08:36:43.817+0000] {dag.py:3239} INFO - Sync 1 DAGs
[2026-04-14T08:36:43.822+0000] {logging_mixin.py:190} INFO - [2026-04-14T08:36:43.822+0000] {dag.py:4180} INFO - Setting next_dagrun for tutorial_dag to None, run_after=None
[2026-04-14T08:36:43.827+0000] {processor.py:208} INFO - Processing /home/airflow/.local/lib/python3.12/site-packages/airflow/example_dags/tutorial_dag.py took 0.022 seconds
[2026-04-14T08:37:14.458+0000] {processor.py:186} INFO - Started process (PID=11862) to work on /home/airflow/.local/lib/python3.12/site-packages/airflow/example_dags/tutorial_dag.py
[2026-04-14T08:37:14.458+0000] {processor.py:914} INFO - Processing file /home/airflow/.local/lib/python3.12/site-packages/airflow/example_dags/tutorial_dag.py for tasks to queue
[2026-04-14T08:37:14.459+0000] {logging_mixin.py:190} INFO - [2026-04-14T08:37:14.459+0000] {dagbag.py:588} INFO - Filling up the DagBag from /home/airflow/.local/lib/python3.12/site-packages/airflow/example_dags/tutorial_dag.py
[2026-04-14T08:37:14.462+0000] {processor.py:925} INFO - DAG(s) 'tutorial_dag' retrieved from /home/airflow/.local/lib/python3.12/site-packages/airflow/example_dags/tutorial_dag.py
[2026-04-14T08:37:14.473+0000] {logging_mixin.py:190} INFO - [2026-04-14T08:37:14.472+0000] {dag.py:3239} INFO - Sync 1 DAGs
[2026-04-14T08:37:14.481+0000] {logging_mixin.py:190} INFO - [2026-04-14T08:37:14.481+0000] {dag.py:4180} INFO - Setting next_dagrun for tutorial_dag to None, run_after=None
[2026-04-14T08:37:14.490+0000] {processor.py:208} INFO - Processing /home/airflow/.local/lib/python3.12/site-packages/airflow/example_dags/tutorial_dag.py took 0.035 seconds
[2026-04-14T08:37:46.040+0000] {processor.py:186} INFO - Started process (PID=11926) to work on /home/airflow/.local/lib/python3.12/site-packages/airflow/example_dags/tutorial_dag.py
[2026-04-14T08:37:46.041+0000] {processor.py:914} INFO - Processing file /home/airflow/.local/lib/python3.12/site-packages/airflow/example_dags/tutorial_dag.py for tasks to queue
[2026-04-14T08:37:46.041+0000] {logging_mixin.py:190} INFO - [2026-04-14T08:37:46.041+0000] {dagbag.py:588} INFO - Filling up the DagBag from /home/airflow/.local/lib/python3.12/site-packages/airflow/example_dags/tutorial_dag.py
[2026-04-14T08:37:46.044+0000] {processor.py:925} INFO - DAG(s) 'tutorial_dag' retrieved from /home/airflow/.local/lib/python3.12/site-packages/airflow/example_dags/tutorial_dag.py
[2026-04-14T08:37:46.052+0000] {logging_mixin.py:190} INFO - [2026-04-14T08:37:46.052+0000] {dag.py:3239} INFO - Sync 1 DAGs
[2026-04-14T08:37:46.058+0000] {logging_mixin.py:190} INFO - [2026-04-14T08:37:46.058+0000] {dag.py:4180} INFO - Setting next_dagrun for tutorial_dag to None, run_after=None
[2026-04-14T08:37:46.069+0000] {processor.py:208} INFO - Processing /home/airflow/.local/lib/python3.12/site-packages/airflow/example_dags/tutorial_dag.py took 0.032 seconds
[2026-04-14T08:38:16.671+0000] {processor.py:186} INFO - Started process (PID=11990) to work on /home/airflow/.local/lib/python3.12/site-packages/airflow/example_dags/tutorial_dag.py
[2026-04-14T08:38:16.671+0000] {processor.py:914} INFO - Processing file /home/airflow/.local/lib/python3.12/site-packages/airflow/example_dags/tutorial_dag.py for tasks to queue
[2026-04-14T08:38:16.672+0000] {logging_mixin.py:190} INFO - [2026-04-14T08:38:16.672+0000] {dagbag.py:588} INFO - Filling up the DagBag from /home/airflow/.local/lib/python3.12/site-packages/airflow/example_dags/tutorial_dag.py
[2026-04-14T08:38:16.675+0000] {processor.py:925} INFO - DAG(s) 'tutorial_dag' retrieved from /home/airflow/.local/lib/python3.12/site-packages/airflow/example_dags/tutorial_dag.py
[2026-04-14T08:38:16.685+0000] {logging_mixin.py:190} INFO - [2026-04-14T08:38:16.685+0000] {dag.py:3239} INFO - Sync 1 DAGs
[2026-04-14T08:38:16.691+0000] {logging_mixin.py:190} INFO - [2026-04-14T08:38:16.691+0000] {dag.py:4180} INFO - Setting next_dagrun for tutorial_dag to None, run_after=None
[2026-04-14T08:38:16.701+0000] {processor.py:208} INFO - Processing /home/airflow/.local/lib/python3.12/site-packages/airflow/example_dags/tutorial_dag.py took 0.033 seconds
[2026-04-14T08:38:47.200+0000] {processor.py:186} INFO - Started process (PID=12054) to work on /home/airflow/.local/lib/python3.12/site-packages/airflow/example_dags/tutorial_dag.py
[2026-04-14T08:38:47.200+0000] {processor.py:914} INFO - Processing file /home/airflow/.local/lib/python3.12/site-packages/airflow/example_dags/tutorial_dag.py for tasks to queue
[2026-04-14T08:38:47.201+0000] {logging_mixin.py:190} INFO - [2026-04-14T08:38:47.200+0000] {dagbag.py:588} INFO - Filling up the DagBag from /home/airflow/.local/lib/python3.12/site-packages/airflow/example_dags/tutorial_dag.py
[2026-04-14T08:38:47.203+0000] {processor.py:925} INFO - DAG(s) 'tutorial_dag' retrieved from /home/airflow/.local/lib/python3.12/site-packages/airflow/example_dags/tutorial_dag.py
[2026-04-14T08:38:47.211+0000] {logging_mixin.py:190} INFO - [2026-04-14T08:38:47.211+0000] {dag.py:3239} INFO - Sync 1 DAGs
[2026-04-14T08:38:47.216+0000] {logging_mixin.py:190} INFO - [2026-04-14T08:38:47.215+0000] {dag.py:4180} INFO - Setting next_dagrun for tutorial_dag to None, run_after=None
[2026-04-14T08:38:47.221+0000] {processor.py:208} INFO - Processing /home/airflow/.local/lib/python3.12/site-packages/airflow/example_dags/tutorial_dag.py took 0.024 seconds
[2026-04-14T08:39:17.987+0000] {processor.py:186} INFO - Started process (PID=12118) to work on /home/airflow/.local/lib/python3.12/site-packages/airflow/example_dags/tutorial_dag.py
[2026-04-14T08:39:17.988+0000] {processor.py:914} INFO - Processing file /home/airflow/.local/lib/python3.12/site-packages/airflow/example_dags/tutorial_dag.py for tasks to queue
[2026-04-14T08:39:17.989+0000] {logging_mixin.py:190} INFO - [2026-04-14T08:39:17.989+0000] {dagbag.py:588} INFO - Filling up the DagBag from /home/airflow/.local/lib/python3.12/site-packages/airflow/example_dags/tutorial_dag.py
[2026-04-14T08:39:17.992+0000] {processor.py:925} INFO - DAG(s) 'tutorial_dag' retrieved from /home/airflow/.local/lib/python3.12/site-packages/airflow/example_dags/tutorial_dag.py
[2026-04-14T08:39:17.999+0000] {logging_mixin.py:190} INFO - [2026-04-14T08:39:17.999+0000] {dag.py:3239} INFO - Sync 1 DAGs
[2026-04-14T08:39:18.005+0000] {logging_mixin.py:190} INFO - [2026-04-14T08:39:18.005+0000] {dag.py:4180} INFO - Setting next_dagrun for tutorial_dag to None, run_after=None
[2026-04-14T08:39:18.017+0000] {processor.py:208} INFO - Processing /home/airflow/.local/lib/python3.12/site-packages/airflow/example_dags/tutorial_dag.py took 0.032 seconds
[2026-04-14T08:39:48.684+0000] {processor.py:186} INFO - Started process (PID=12182) to work on /home/airflow/.local/lib/python3.12/site-packages/airflow/example_dags/tutorial_dag.py
[2026-04-14T08:39:48.685+0000] {processor.py:914} INFO - Processing file /home/airflow/.local/lib/python3.12/site-packages/airflow/example_dags/tutorial_dag.py for tasks to queue
[2026-04-14T08:39:48.686+0000] {logging_mixin.py:190} INFO - [2026-04-14T08:39:48.685+0000] {dagbag.py:588} INFO - Filling up the DagBag from /home/airflow/.local/lib/python3.12/site-packages/airflow/example_dags/tutorial_dag.py
[2026-04-14T08:39:48.689+0000] {processor.py:925} INFO - DAG(s) 'tutorial_dag' retrieved from /home/airflow/.local/lib/python3.12/site-packages/airflow/example_dags/tutorial_dag.py
[2026-04-14T08:39:48.701+0000] {logging_mixin.py:190} INFO - [2026-04-14T08:39:48.701+0000] {dag.py:3239} INFO - Sync 1 DAGs
[2026-04-14T08:39:48.708+0000] {logging_mixin.py:190} INFO - [2026-04-14T08:39:48.708+0000] {dag.py:4180} INFO - Setting next_dagrun for tutorial_dag to None, run_after=None
[2026-04-14T08:39:48.717+0000] {processor.py:208} INFO - Processing /home/airflow/.local/lib/python3.12/site-packages/airflow/example_dags/tutorial_dag.py took 0.036 seconds
[2026-04-14T08:40:19.935+0000] {processor.py:186} INFO - Started process (PID=12246) to work on /home/airflow/.local/lib/python3.12/site-packages/airflow/example_dags/tutorial_dag.py
[2026-04-14T08:40:19.937+0000] {processor.py:914} INFO - Processing file /home/airflow/.local/lib/python3.12/site-packages/airflow/example_dags/tutorial_dag.py for tasks to queue
[2026-04-14T08:40:19.944+0000] {logging_mixin.py:190} INFO - [2026-04-14T08:40:19.943+0000] {dagbag.py:588} INFO - Filling up the DagBag from /home/airflow/.local/lib/python3.12/site-packages/airflow/example_dags/tutorial_dag.py
[2026-04-14T08:40:19.964+0000] {processor.py:925} INFO - DAG(s) 'tutorial_dag' retrieved from /home/airflow/.local/lib/python3.12/site-packages/airflow/example_dags/tutorial_dag.py
[2026-04-14T08:40:20.176+0000] {logging_mixin.py:190} INFO - [2026-04-14T08:40:20.175+0000] {dag.py:3239} INFO - Sync 1 DAGs
[2026-04-14T08:40:20.228+0000] {logging_mixin.py:190} INFO - [2026-04-14T08:40:20.226+0000] {dag.py:4180} INFO - Setting next_dagrun for tutorial_dag to None, run_after=None
[2026-04-14T08:40:20.278+0000] {processor.py:208} INFO - Processing /home/airflow/.local/lib/python3.12/site-packages/airflow/example_dags/tutorial_dag.py took 0.352 seconds
[2026-04-14T08:51:11.908+0000] {processor.py:186} INFO - Started process (PID=12304) to work on /home/airflow/.local/lib/python3.12/site-packages/airflow/example_dags/tutorial_dag.py
[2026-04-14T08:51:11.908+0000] {processor.py:914} INFO - Processing file /home/airflow/.local/lib/python3.12/site-packages/airflow/example_dags/tutorial_dag.py for tasks to queue
[2026-04-14T08:51:11.908+0000] {logging_mixin.py:190} INFO - [2026-04-14T08:51:11.908+0000] {dagbag.py:588} INFO - Filling up the DagBag from /home/airflow/.local/lib/python3.12/site-packages/airflow/example_dags/tutorial_dag.py
[2026-04-14T08:51:11.911+0000] {processor.py:925} INFO - DAG(s) 'tutorial_dag' retrieved from /home/airflow/.local/lib/python3.12/site-packages/airflow/example_dags/tutorial_dag.py
[2026-04-14T08:51:11.919+0000] {logging_mixin.py:190} INFO - [2026-04-14T08:51:11.919+0000] {dag.py:3239} INFO - Sync 1 DAGs
[2026-04-14T08:51:11.925+0000] {logging_mixin.py:190} INFO - [2026-04-14T08:51:11.925+0000] {dag.py:4180} INFO - Setting next_dagrun for tutorial_dag to None, run_after=None
[2026-04-14T08:51:11.933+0000] {processor.py:208} INFO - Processing /home/airflow/.local/lib/python3.12/site-packages/airflow/example_dags/tutorial_dag.py took 0.027 seconds
[2026-04-14T08:51:44.820+0000] {processor.py:186} INFO - Started process (PID=12368) to work on /home/airflow/.local/lib/python3.12/site-packages/airflow/example_dags/tutorial_dag.py
[2026-04-14T08:51:44.821+0000] {processor.py:914} INFO - Processing file /home/airflow/.local/lib/python3.12/site-packages/airflow/example_dags/tutorial_dag.py for tasks to queue
[2026-04-14T08:51:44.822+0000] {logging_mixin.py:190} INFO - [2026-04-14T08:51:44.822+0000] {dagbag.py:588} INFO - Filling up the DagBag from /home/airflow/.local/lib/python3.12/site-packages/airflow/example_dags/tutorial_dag.py
[2026-04-14T08:51:44.827+0000] {processor.py:925} INFO - DAG(s) 'tutorial_dag' retrieved from /home/airflow/.local/lib/python3.12/site-packages/airflow/example_dags/tutorial_dag.py
[2026-04-14T08:51:44.840+0000] {logging_mixin.py:190} INFO - [2026-04-14T08:51:44.840+0000] {dag.py:3239} INFO - Sync 1 DAGs
[2026-04-14T08:51:44.848+0000] {logging_mixin.py:190} INFO - [2026-04-14T08:51:44.847+0000] {dag.py:4180} INFO - Setting next_dagrun for tutorial_dag to None, run_after=None
[2026-04-14T08:51:44.863+0000] {processor.py:208} INFO - Processing /home/airflow/.local/lib/python3.12/site-packages/airflow/example_dags/tutorial_dag.py took 0.046 seconds
[2026-04-14T09:00:47.621+0000] {processor.py:186} INFO - Started process (PID=12432) to work on /home/airflow/.local/lib/python3.12/site-packages/airflow/example_dags/tutorial_dag.py
[2026-04-14T09:00:47.621+0000] {processor.py:914} INFO - Processing file /home/airflow/.local/lib/python3.12/site-packages/airflow/example_dags/tutorial_dag.py for tasks to queue
[2026-04-14T09:00:47.622+0000] {logging_mixin.py:190} INFO - [2026-04-14T09:00:47.622+0000] {dagbag.py:588} INFO - Filling up the DagBag from /home/airflow/.local/lib/python3.12/site-packages/airflow/example_dags/tutorial_dag.py
[2026-04-14T09:00:47.625+0000] {processor.py:925} INFO - DAG(s) 'tutorial_dag' retrieved from /home/airflow/.local/lib/python3.12/site-packages/airflow/example_dags/tutorial_dag.py
[2026-04-14T09:00:47.631+0000] {logging_mixin.py:190} INFO - [2026-04-14T09:00:47.631+0000] {dag.py:3239} INFO - Sync 1 DAGs
[2026-04-14T09:00:47.636+0000] {logging_mixin.py:190} INFO - [2026-04-14T09:00:47.636+0000] {dag.py:4180} INFO - Setting next_dagrun for tutorial_dag to None, run_after=None
[2026-04-14T09:00:47.641+0000] {processor.py:208} INFO - Processing /home/airflow/.local/lib/python3.12/site-packages/airflow/example_dags/tutorial_dag.py took 0.022 seconds
[2026-04-14T09:01:18.298+0000] {processor.py:186} INFO - Started process (PID=12496) to work on /home/airflow/.local/lib/python3.12/site-packages/airflow/example_dags/tutorial_dag.py
[2026-04-14T09:01:18.299+0000] {processor.py:914} INFO - Processing file /home/airflow/.local/lib/python3.12/site-packages/airflow/example_dags/tutorial_dag.py for tasks to queue
[2026-04-14T09:01:18.299+0000] {logging_mixin.py:190} INFO - [2026-04-14T09:01:18.299+0000] {dagbag.py:588} INFO - Filling up the DagBag from /home/airflow/.local/lib/python3.12/site-packages/airflow/example_dags/tutorial_dag.py
[2026-04-14T09:01:18.302+0000] {processor.py:925} INFO - DAG(s) 'tutorial_dag' retrieved from /home/airflow/.local/lib/python3.12/site-packages/airflow/example_dags/tutorial_dag.py
[2026-04-14T09:01:18.309+0000] {logging_mixin.py:190} INFO - [2026-04-14T09:01:18.309+0000] {dag.py:3239} INFO - Sync 1 DAGs
[2026-04-14T09:01:18.313+0000] {logging_mixin.py:190} INFO - [2026-04-14T09:01:18.313+0000] {dag.py:4180} INFO - Setting next_dagrun for tutorial_dag to None, run_after=None
[2026-04-14T09:01:18.318+0000] {processor.py:208} INFO - Processing /home/airflow/.local/lib/python3.12/site-packages/airflow/example_dags/tutorial_dag.py took 0.022 seconds
[2026-04-14T09:16:48.515+0000] {processor.py:186} INFO - Started process (PID=12560) to work on /home/airflow/.local/lib/python3.12/site-packages/airflow/example_dags/tutorial_dag.py
[2026-04-14T09:16:48.515+0000] {processor.py:914} INFO - Processing file /home/airflow/.local/lib/python3.12/site-packages/airflow/example_dags/tutorial_dag.py for tasks to queue
[2026-04-14T09:16:48.516+0000] {logging_mixin.py:190} INFO - [2026-04-14T09:16:48.516+0000] {dagbag.py:588} INFO - Filling up the DagBag from /home/airflow/.local/lib/python3.12/site-packages/airflow/example_dags/tutorial_dag.py
[2026-04-14T09:16:48.520+0000] {processor.py:925} INFO - DAG(s) 'tutorial_dag' retrieved from /home/airflow/.local/lib/python3.12/site-packages/airflow/example_dags/tutorial_dag.py
[2026-04-14T09:16:48.528+0000] {logging_mixin.py:190} INFO - [2026-04-14T09:16:48.528+0000] {dag.py:3239} INFO - Sync 1 DAGs
[2026-04-14T09:16:48.535+0000] {logging_mixin.py:190} INFO - [2026-04-14T09:16:48.535+0000] {dag.py:4180} INFO - Setting next_dagrun for tutorial_dag to None, run_after=None
[2026-04-14T09:16:48.544+0000] {processor.py:208} INFO - Processing /home/airflow/.local/lib/python3.12/site-packages/airflow/example_dags/tutorial_dag.py took 0.031 seconds
[2026-04-14T09:22:54.229+0000] {processor.py:186} INFO - Started process (PID=12624) to work on /home/airflow/.local/lib/python3.12/site-packages/airflow/example_dags/tutorial_dag.py
[2026-04-14T09:22:54.230+0000] {processor.py:914} INFO - Processing file /home/airflow/.local/lib/python3.12/site-packages/airflow/example_dags/tutorial_dag.py for tasks to queue
[2026-04-14T09:22:54.231+0000] {logging_mixin.py:190} INFO - [2026-04-14T09:22:54.230+0000] {dagbag.py:588} INFO - Filling up the DagBag from /home/airflow/.local/lib/python3.12/site-packages/airflow/example_dags/tutorial_dag.py
[2026-04-14T09:22:54.235+0000] {processor.py:925} INFO - DAG(s) 'tutorial_dag' retrieved from /home/airflow/.local/lib/python3.12/site-packages/airflow/example_dags/tutorial_dag.py
[2026-04-14T09:22:54.245+0000] {logging_mixin.py:190} INFO - [2026-04-14T09:22:54.244+0000] {dag.py:3239} INFO - Sync 1 DAGs
[2026-04-14T09:22:54.251+0000] {logging_mixin.py:190} INFO - [2026-04-14T09:22:54.251+0000] {dag.py:4180} INFO - Setting next_dagrun for tutorial_dag to None, run_after=None
[2026-04-14T09:22:54.263+0000] {processor.py:208} INFO - Processing /home/airflow/.local/lib/python3.12/site-packages/airflow/example_dags/tutorial_dag.py took 0.036 seconds
[2026-04-14T09:28:04.122+0000] {processor.py:186} INFO - Started process (PID=12688) to work on /home/airflow/.local/lib/python3.12/site-packages/airflow/example_dags/tutorial_dag.py
[2026-04-14T09:28:04.123+0000] {processor.py:914} INFO - Processing file /home/airflow/.local/lib/python3.12/site-packages/airflow/example_dags/tutorial_dag.py for tasks to queue
[2026-04-14T09:28:04.125+0000] {logging_mixin.py:190} INFO - [2026-04-14T09:28:04.125+0000] {dagbag.py:588} INFO - Filling up the DagBag from /home/airflow/.local/lib/python3.12/site-packages/airflow/example_dags/tutorial_dag.py
[2026-04-14T09:28:04.129+0000] {processor.py:925} INFO - DAG(s) 'tutorial_dag' retrieved from /home/airflow/.local/lib/python3.12/site-packages/airflow/example_dags/tutorial_dag.py
[2026-04-14T09:28:04.138+0000] {logging_mixin.py:190} INFO - [2026-04-14T09:28:04.138+0000] {dag.py:3239} INFO - Sync 1 DAGs
[2026-04-14T09:28:04.145+0000] {logging_mixin.py:190} INFO - [2026-04-14T09:28:04.145+0000] {dag.py:4180} INFO - Setting next_dagrun for tutorial_dag to None, run_after=None
[2026-04-14T09:28:04.164+0000] {processor.py:208} INFO - Processing /home/airflow/.local/lib/python3.12/site-packages/airflow/example_dags/tutorial_dag.py took 0.044 seconds
[2026-04-14T09:43:35.523+0000] {processor.py:186} INFO - Started process (PID=12752) to work on /home/airflow/.local/lib/python3.12/site-packages/airflow/example_dags/tutorial_dag.py
[2026-04-14T09:43:35.524+0000] {processor.py:914} INFO - Processing file /home/airflow/.local/lib/python3.12/site-packages/airflow/example_dags/tutorial_dag.py for tasks to queue
[2026-04-14T09:43:35.524+0000] {logging_mixin.py:190} INFO - [2026-04-14T09:43:35.524+0000] {dagbag.py:588} INFO - Filling up the DagBag from /home/airflow/.local/lib/python3.12/site-packages/airflow/example_dags/tutorial_dag.py
[2026-04-14T09:43:35.528+0000] {processor.py:925} INFO - DAG(s) 'tutorial_dag' retrieved from /home/airflow/.local/lib/python3.12/site-packages/airflow/example_dags/tutorial_dag.py
[2026-04-14T09:43:35.539+0000] {logging_mixin.py:190} INFO - [2026-04-14T09:43:35.539+0000] {dag.py:3239} INFO - Sync 1 DAGs
[2026-04-14T09:43:35.548+0000] {logging_mixin.py:190} INFO - [2026-04-14T09:43:35.548+0000] {dag.py:4180} INFO - Setting next_dagrun for tutorial_dag to None, run_after=None
[2026-04-14T09:43:35.557+0000] {processor.py:208} INFO - Processing /home/airflow/.local/lib/python3.12/site-packages/airflow/example_dags/tutorial_dag.py took 0.037 seconds
[2026-04-14T09:44:06.779+0000] {processor.py:186} INFO - Started process (PID=12816) to work on /home/airflow/.local/lib/python3.12/site-packages/airflow/example_dags/tutorial_dag.py
[2026-04-14T09:44:06.779+0000] {processor.py:914} INFO - Processing file /home/airflow/.local/lib/python3.12/site-packages/airflow/example_dags/tutorial_dag.py for tasks to queue
[2026-04-14T09:44:06.780+0000] {logging_mixin.py:190} INFO - [2026-04-14T09:44:06.780+0000] {dagbag.py:588} INFO - Filling up the DagBag from /home/airflow/.local/lib/python3.12/site-packages/airflow/example_dags/tutorial_dag.py
[2026-04-14T09:44:06.783+0000] {processor.py:925} INFO - DAG(s) 'tutorial_dag' retrieved from /home/airflow/.local/lib/python3.12/site-packages/airflow/example_dags/tutorial_dag.py
[2026-04-14T09:44:06.789+0000] {logging_mixin.py:190} INFO - [2026-04-14T09:44:06.789+0000] {dag.py:3239} INFO - Sync 1 DAGs
[2026-04-14T09:44:06.794+0000] {logging_mixin.py:190} INFO - [2026-04-14T09:44:06.794+0000] {dag.py:4180} INFO - Setting next_dagrun for tutorial_dag to None, run_after=None
[2026-04-14T09:44:06.799+0000] {processor.py:208} INFO - Processing /home/airflow/.local/lib/python3.12/site-packages/airflow/example_dags/tutorial_dag.py took 0.022 seconds
[2026-04-14T09:59:36.940+0000] {processor.py:186} INFO - Started process (PID=12880) to work on /home/airflow/.local/lib/python3.12/site-packages/airflow/example_dags/tutorial_dag.py
[2026-04-14T09:59:36.941+0000] {processor.py:914} INFO - Processing file /home/airflow/.local/lib/python3.12/site-packages/airflow/example_dags/tutorial_dag.py for tasks to queue
[2026-04-14T09:59:36.941+0000] {logging_mixin.py:190} INFO - [2026-04-14T09:59:36.941+0000] {dagbag.py:588} INFO - Filling up the DagBag from /home/airflow/.local/lib/python3.12/site-packages/airflow/example_dags/tutorial_dag.py
[2026-04-14T09:59:36.945+0000] {processor.py:925} INFO - DAG(s) 'tutorial_dag' retrieved from /home/airflow/.local/lib/python3.12/site-packages/airflow/example_dags/tutorial_dag.py
[2026-04-14T09:59:36.953+0000] {logging_mixin.py:190} INFO - [2026-04-14T09:59:36.953+0000] {dag.py:3239} INFO - Sync 1 DAGs
[2026-04-14T09:59:36.958+0000] {logging_mixin.py:190} INFO - [2026-04-14T09:59:36.958+0000] {dag.py:4180} INFO - Setting next_dagrun for tutorial_dag to None, run_after=None
[2026-04-14T09:59:36.964+0000] {processor.py:208} INFO - Processing /home/airflow/.local/lib/python3.12/site-packages/airflow/example_dags/tutorial_dag.py took 0.027 seconds
[2026-04-14T10:15:07.817+0000] {processor.py:186} INFO - Started process (PID=12944) to work on /home/airflow/.local/lib/python3.12/site-packages/airflow/example_dags/tutorial_dag.py
[2026-04-14T10:15:07.818+0000] {processor.py:914} INFO - Processing file /home/airflow/.local/lib/python3.12/site-packages/airflow/example_dags/tutorial_dag.py for tasks to queue
[2026-04-14T10:15:07.818+0000] {logging_mixin.py:190} INFO - [2026-04-14T10:15:07.818+0000] {dagbag.py:588} INFO - Filling up the DagBag from /home/airflow/.local/lib/python3.12/site-packages/airflow/example_dags/tutorial_dag.py
[2026-04-14T10:15:07.823+0000] {processor.py:925} INFO - DAG(s) 'tutorial_dag' retrieved from /home/airflow/.local/lib/python3.12/site-packages/airflow/example_dags/tutorial_dag.py
[2026-04-14T10:15:07.831+0000] {logging_mixin.py:190} INFO - [2026-04-14T10:15:07.831+0000] {dag.py:3239} INFO - Sync 1 DAGs
[2026-04-14T10:15:07.838+0000] {logging_mixin.py:190} INFO - [2026-04-14T10:15:07.838+0000] {dag.py:4180} INFO - Setting next_dagrun for tutorial_dag to None, run_after=None
[2026-04-14T10:15:07.849+0000] {processor.py:208} INFO - Processing /home/airflow/.local/lib/python3.12/site-packages/airflow/example_dags/tutorial_dag.py took 0.035 seconds
[2026-04-14T10:15:38.499+0000] {processor.py:186} INFO - Started process (PID=13008) to work on /home/airflow/.local/lib/python3.12/site-packages/airflow/example_dags/tutorial_dag.py
[2026-04-14T10:15:38.500+0000] {processor.py:914} INFO - Processing file /home/airflow/.local/lib/python3.12/site-packages/airflow/example_dags/tutorial_dag.py for tasks to queue
[2026-04-14T10:15:38.500+0000] {logging_mixin.py:190} INFO - [2026-04-14T10:15:38.500+0000] {dagbag.py:588} INFO - Filling up the DagBag from /home/airflow/.local/lib/python3.12/site-packages/airflow/example_dags/tutorial_dag.py
[2026-04-14T10:15:38.503+0000] {processor.py:925} INFO - DAG(s) 'tutorial_dag' retrieved from /home/airflow/.local/lib/python3.12/site-packages/airflow/example_dags/tutorial_dag.py
[2026-04-14T10:15:38.511+0000] {logging_mixin.py:190} INFO - [2026-04-14T10:15:38.511+0000] {dag.py:3239} INFO - Sync 1 DAGs
[2026-04-14T10:15:38.519+0000] {logging_mixin.py:190} INFO - [2026-04-14T10:15:38.519+0000] {dag.py:4180} INFO - Setting next_dagrun for tutorial_dag to None, run_after=None
[2026-04-14T10:15:38.526+0000] {processor.py:208} INFO - Processing /home/airflow/.local/lib/python3.12/site-packages/airflow/example_dags/tutorial_dag.py took 0.028 seconds
[2026-04-14T10:31:08.593+0000] {processor.py:186} INFO - Started process (PID=13072) to work on /home/airflow/.local/lib/python3.12/site-packages/airflow/example_dags/tutorial_dag.py
[2026-04-14T10:31:08.594+0000] {processor.py:914} INFO - Processing file /home/airflow/.local/lib/python3.12/site-packages/airflow/example_dags/tutorial_dag.py for tasks to queue
[2026-04-14T10:31:08.594+0000] {logging_mixin.py:190} INFO - [2026-04-14T10:31:08.594+0000] {dagbag.py:588} INFO - Filling up the DagBag from /home/airflow/.local/lib/python3.12/site-packages/airflow/example_dags/tutorial_dag.py
[2026-04-14T10:31:08.601+0000] {processor.py:925} INFO - DAG(s) 'tutorial_dag' retrieved from /home/airflow/.local/lib/python3.12/site-packages/airflow/example_dags/tutorial_dag.py
[2026-04-14T10:31:08.613+0000] {logging_mixin.py:190} INFO - [2026-04-14T10:31:08.613+0000] {dag.py:3239} INFO - Sync 1 DAGs
[2026-04-14T10:31:08.619+0000] {logging_mixin.py:190} INFO - [2026-04-14T10:31:08.618+0000] {dag.py:4180} INFO - Setting next_dagrun for tutorial_dag to None, run_after=None
[2026-04-14T10:31:08.625+0000] {processor.py:208} INFO - Processing /home/airflow/.local/lib/python3.12/site-packages/airflow/example_dags/tutorial_dag.py took 0.034 seconds
[2026-04-14T10:46:39.794+0000] {processor.py:186} INFO - Started process (PID=13136) to work on /home/airflow/.local/lib/python3.12/site-packages/airflow/example_dags/tutorial_dag.py
[2026-04-14T10:46:39.795+0000] {processor.py:914} INFO - Processing file /home/airflow/.local/lib/python3.12/site-packages/airflow/example_dags/tutorial_dag.py for tasks to queue
[2026-04-14T10:46:39.796+0000] {logging_mixin.py:190} INFO - [2026-04-14T10:46:39.795+0000] {dagbag.py:588} INFO - Filling up the DagBag from /home/airflow/.local/lib/python3.12/site-packages/airflow/example_dags/tutorial_dag.py
[2026-04-14T10:46:39.801+0000] {processor.py:925} INFO - DAG(s) 'tutorial_dag' retrieved from /home/airflow/.local/lib/python3.12/site-packages/airflow/example_dags/tutorial_dag.py
[2026-04-14T10:46:39.818+0000] {logging_mixin.py:190} INFO - [2026-04-14T10:46:39.818+0000] {dag.py:3239} INFO - Sync 1 DAGs
[2026-04-14T10:46:39.828+0000] {logging_mixin.py:190} INFO - [2026-04-14T10:46:39.828+0000] {dag.py:4180} INFO - Setting next_dagrun for tutorial_dag to None, run_after=None
[2026-04-14T10:46:39.842+0000] {processor.py:208} INFO - Processing /home/airflow/.local/lib/python3.12/site-packages/airflow/example_dags/tutorial_dag.py took 0.052 seconds
[2026-04-14T11:02:10.564+0000] {processor.py:186} INFO - Started process (PID=13200) to work on /home/airflow/.local/lib/python3.12/site-packages/airflow/example_dags/tutorial_dag.py
[2026-04-14T11:02:10.565+0000] {processor.py:914} INFO - Processing file /home/airflow/.local/lib/python3.12/site-packages/airflow/example_dags/tutorial_dag.py for tasks to queue
[2026-04-14T11:02:10.566+0000] {logging_mixin.py:190} INFO - [2026-04-14T11:02:10.566+0000] {dagbag.py:588} INFO - Filling up the DagBag from /home/airflow/.local/lib/python3.12/site-packages/airflow/example_dags/tutorial_dag.py
[2026-04-14T11:02:10.576+0000] {processor.py:925} INFO - DAG(s) 'tutorial_dag' retrieved from /home/airflow/.local/lib/python3.12/site-packages/airflow/example_dags/tutorial_dag.py
[2026-04-14T11:02:10.596+0000] {logging_mixin.py:190} INFO - [2026-04-14T11:02:10.596+0000] {dag.py:3239} INFO - Sync 1 DAGs
[2026-04-14T11:02:10.612+0000] {logging_mixin.py:190} INFO - [2026-04-14T11:02:10.612+0000] {dag.py:4180} INFO - Setting next_dagrun for tutorial_dag to None, run_after=None
[2026-04-14T11:02:10.629+0000] {processor.py:208} INFO - Processing /home/airflow/.local/lib/python3.12/site-packages/airflow/example_dags/tutorial_dag.py took 0.071 seconds
[2026-04-14T11:02:41.627+0000] {processor.py:186} INFO - Started process (PID=13264) to work on /home/airflow/.local/lib/python3.12/site-packages/airflow/example_dags/tutorial_dag.py
[2026-04-14T11:02:41.627+0000] {processor.py:914} INFO - Processing file /home/airflow/.local/lib/python3.12/site-packages/airflow/example_dags/tutorial_dag.py for tasks to queue
[2026-04-14T11:02:41.628+0000] {logging_mixin.py:190} INFO - [2026-04-14T11:02:41.628+0000] {dagbag.py:588} INFO - Filling up the DagBag from /home/airflow/.local/lib/python3.12/site-packages/airflow/example_dags/tutorial_dag.py
[2026-04-14T11:02:41.631+0000] {processor.py:925} INFO - DAG(s) 'tutorial_dag' retrieved from /home/airflow/.local/lib/python3.12/site-packages/airflow/example_dags/tutorial_dag.py
[2026-04-14T11:02:41.643+0000] {logging_mixin.py:190} INFO - [2026-04-14T11:02:41.643+0000] {dag.py:3239} INFO - Sync 1 DAGs
[2026-04-14T11:02:41.648+0000] {logging_mixin.py:190} INFO - [2026-04-14T11:02:41.648+0000] {dag.py:4180} INFO - Setting next_dagrun for tutorial_dag to None, run_after=None
[2026-04-14T11:02:41.655+0000] {processor.py:208} INFO - Processing /home/airflow/.local/lib/python3.12/site-packages/airflow/example_dags/tutorial_dag.py took 0.030 seconds
[2026-04-14T11:18:34.948+0000] {processor.py:186} INFO - Started process (PID=13328) to work on /home/airflow/.local/lib/python3.12/site-packages/airflow/example_dags/tutorial_dag.py
[2026-04-14T11:18:34.949+0000] {processor.py:914} INFO - Processing file /home/airflow/.local/lib/python3.12/site-packages/airflow/example_dags/tutorial_dag.py for tasks to queue
[2026-04-14T11:18:34.949+0000] {logging_mixin.py:190} INFO - [2026-04-14T11:18:34.949+0000] {dagbag.py:588} INFO - Filling up the DagBag from /home/airflow/.local/lib/python3.12/site-packages/airflow/example_dags/tutorial_dag.py
[2026-04-14T11:18:34.953+0000] {processor.py:925} INFO - DAG(s) 'tutorial_dag' retrieved from /home/airflow/.local/lib/python3.12/site-packages/airflow/example_dags/tutorial_dag.py
[2026-04-14T11:18:34.966+0000] {logging_mixin.py:190} INFO - [2026-04-14T11:18:34.966+0000] {dag.py:3239} INFO - Sync 1 DAGs
[2026-04-14T11:18:34.973+0000] {logging_mixin.py:190} INFO - [2026-04-14T11:18:34.973+0000] {dag.py:4180} INFO - Setting next_dagrun for tutorial_dag to None, run_after=None
[2026-04-14T11:18:34.980+0000] {processor.py:208} INFO - Processing /home/airflow/.local/lib/python3.12/site-packages/airflow/example_dags/tutorial_dag.py took 0.034 seconds
[2026-04-14T11:23:54.619+0000] {processor.py:186} INFO - Started process (PID=13392) to work on /home/airflow/.local/lib/python3.12/site-packages/airflow/example_dags/tutorial_dag.py
[2026-04-14T11:23:54.620+0000] {processor.py:914} INFO - Processing file /home/airflow/.local/lib/python3.12/site-packages/airflow/example_dags/tutorial_dag.py for tasks to queue
[2026-04-14T11:23:54.620+0000] {logging_mixin.py:190} INFO - [2026-04-14T11:23:54.620+0000] {dagbag.py:588} INFO - Filling up the DagBag from /home/airflow/.local/lib/python3.12/site-packages/airflow/example_dags/tutorial_dag.py
[2026-04-14T11:23:54.623+0000] {processor.py:925} INFO - DAG(s) 'tutorial_dag' retrieved from /home/airflow/.local/lib/python3.12/site-packages/airflow/example_dags/tutorial_dag.py
[2026-04-14T11:23:54.634+0000] {logging_mixin.py:190} INFO - [2026-04-14T11:23:54.633+0000] {dag.py:3239} INFO - Sync 1 DAGs
[2026-04-14T11:23:54.639+0000] {logging_mixin.py:190} INFO - [2026-04-14T11:23:54.639+0000] {dag.py:4180} INFO - Setting next_dagrun for tutorial_dag to None, run_after=None
[2026-04-14T11:23:54.650+0000] {processor.py:208} INFO - Processing /home/airflow/.local/lib/python3.12/site-packages/airflow/example_dags/tutorial_dag.py took 0.033 seconds
[2026-04-14T11:24:25.006+0000] {processor.py:186} INFO - Started process (PID=13456) to work on /home/airflow/.local/lib/python3.12/site-packages/airflow/example_dags/tutorial_dag.py
[2026-04-14T11:24:25.007+0000] {processor.py:914} INFO - Processing file /home/airflow/.local/lib/python3.12/site-packages/airflow/example_dags/tutorial_dag.py for tasks to queue
[2026-04-14T11:24:25.008+0000] {logging_mixin.py:190} INFO - [2026-04-14T11:24:25.007+0000] {dagbag.py:588} INFO - Filling up the DagBag from /home/airflow/.local/lib/python3.12/site-packages/airflow/example_dags/tutorial_dag.py
[2026-04-14T11:24:25.011+0000] {processor.py:925} INFO - DAG(s) 'tutorial_dag' retrieved from /home/airflow/.local/lib/python3.12/site-packages/airflow/example_dags/tutorial_dag.py
[2026-04-14T11:24:25.018+0000] {logging_mixin.py:190} INFO - [2026-04-14T11:24:25.018+0000] {dag.py:3239} INFO - Sync 1 DAGs
[2026-04-14T11:24:25.023+0000] {logging_mixin.py:190} INFO - [2026-04-14T11:24:25.023+0000] {dag.py:4180} INFO - Setting next_dagrun for tutorial_dag to None, run_after=None
[2026-04-14T11:24:25.036+0000] {processor.py:208} INFO - Processing /home/airflow/.local/lib/python3.12/site-packages/airflow/example_dags/tutorial_dag.py took 0.032 seconds
[2026-04-14T11:40:20.299+0000] {processor.py:186} INFO - Started process (PID=13520) to work on /home/airflow/.local/lib/python3.12/site-packages/airflow/example_dags/tutorial_dag.py
[2026-04-14T11:40:20.299+0000] {processor.py:914} INFO - Processing file /home/airflow/.local/lib/python3.12/site-packages/airflow/example_dags/tutorial_dag.py for tasks to queue
[2026-04-14T11:40:20.300+0000] {logging_mixin.py:190} INFO - [2026-04-14T11:40:20.300+0000] {dagbag.py:588} INFO - Filling up the DagBag from /home/airflow/.local/lib/python3.12/site-packages/airflow/example_dags/tutorial_dag.py
[2026-04-14T11:40:20.302+0000] {processor.py:925} INFO - DAG(s) 'tutorial_dag' retrieved from /home/airflow/.local/lib/python3.12/site-packages/airflow/example_dags/tutorial_dag.py
[2026-04-14T11:40:20.309+0000] {logging_mixin.py:190} INFO - [2026-04-14T11:40:20.309+0000] {dag.py:3239} INFO - Sync 1 DAGs
[2026-04-14T11:40:20.314+0000] {logging_mixin.py:190} INFO - [2026-04-14T11:40:20.314+0000] {dag.py:4180} INFO - Setting next_dagrun for tutorial_dag to None, run_after=None
[2026-04-14T11:40:20.319+0000] {processor.py:208} INFO - Processing /home/airflow/.local/lib/python3.12/site-packages/airflow/example_dags/tutorial_dag.py took 0.022 seconds
[2026-04-14T11:41:15.736+0000] {processor.py:186} INFO - Started process (PID=13584) to work on /home/airflow/.local/lib/python3.12/site-packages/airflow/example_dags/tutorial_dag.py
[2026-04-14T11:41:15.737+0000] {processor.py:914} INFO - Processing file /home/airflow/.local/lib/python3.12/site-packages/airflow/example_dags/tutorial_dag.py for tasks to queue
[2026-04-14T11:41:15.738+0000] {logging_mixin.py:190} INFO - [2026-04-14T11:41:15.738+0000] {dagbag.py:588} INFO - Filling up the DagBag from /home/airflow/.local/lib/python3.12/site-packages/airflow/example_dags/tutorial_dag.py
[2026-04-14T11:41:15.744+0000] {processor.py:925} INFO - DAG(s) 'tutorial_dag' retrieved from /home/airflow/.local/lib/python3.12/site-packages/airflow/example_dags/tutorial_dag.py
[2026-04-14T11:41:15.754+0000] {logging_mixin.py:190} INFO - [2026-04-14T11:41:15.754+0000] {dag.py:3239} INFO - Sync 1 DAGs
[2026-04-14T11:41:15.759+0000] {logging_mixin.py:190} INFO - [2026-04-14T11:41:15.759+0000] {dag.py:4180} INFO - Setting next_dagrun for tutorial_dag to None, run_after=None
[2026-04-14T11:41:15.770+0000] {processor.py:208} INFO - Processing /home/airflow/.local/lib/python3.12/site-packages/airflow/example_dags/tutorial_dag.py took 0.037 seconds
[2026-04-14T11:41:46.892+0000] {processor.py:186} INFO - Started process (PID=13648) to work on /home/airflow/.local/lib/python3.12/site-packages/airflow/example_dags/tutorial_dag.py
[2026-04-14T11:41:46.893+0000] {processor.py:914} INFO - Processing file /home/airflow/.local/lib/python3.12/site-packages/airflow/example_dags/tutorial_dag.py for tasks to queue
[2026-04-14T11:41:46.893+0000] {logging_mixin.py:190} INFO - [2026-04-14T11:41:46.893+0000] {dagbag.py:588} INFO - Filling up the DagBag from /home/airflow/.local/lib/python3.12/site-packages/airflow/example_dags/tutorial_dag.py
[2026-04-14T11:41:46.896+0000] {processor.py:925} INFO - DAG(s) 'tutorial_dag' retrieved from /home/airflow/.local/lib/python3.12/site-packages/airflow/example_dags/tutorial_dag.py
[2026-04-14T11:41:46.905+0000] {logging_mixin.py:190} INFO - [2026-04-14T11:41:46.905+0000] {dag.py:3239} INFO - Sync 1 DAGs
[2026-04-14T11:41:46.910+0000] {logging_mixin.py:190} INFO - [2026-04-14T11:41:46.910+0000] {dag.py:4180} INFO - Setting next_dagrun for tutorial_dag to None, run_after=None
[2026-04-14T11:41:46.922+0000] {processor.py:208} INFO - Processing /home/airflow/.local/lib/python3.12/site-packages/airflow/example_dags/tutorial_dag.py took 0.032 seconds
[2026-04-14T11:57:42.241+0000] {processor.py:186} INFO - Started process (PID=13712) to work on /home/airflow/.local/lib/python3.12/site-packages/airflow/example_dags/tutorial_dag.py
[2026-04-14T11:57:42.241+0000] {processor.py:914} INFO - Processing file /home/airflow/.local/lib/python3.12/site-packages/airflow/example_dags/tutorial_dag.py for tasks to queue
[2026-04-14T11:57:42.242+0000] {logging_mixin.py:190} INFO - [2026-04-14T11:57:42.242+0000] {dagbag.py:588} INFO - Filling up the DagBag from /home/airflow/.local/lib/python3.12/site-packages/airflow/example_dags/tutorial_dag.py
[2026-04-14T11:57:42.246+0000] {processor.py:925} INFO - DAG(s) 'tutorial_dag' retrieved from /home/airflow/.local/lib/python3.12/site-packages/airflow/example_dags/tutorial_dag.py
[2026-04-14T11:57:42.256+0000] {logging_mixin.py:190} INFO - [2026-04-14T11:57:42.256+0000] {dag.py:3239} INFO - Sync 1 DAGs
[2026-04-14T11:57:42.264+0000] {logging_mixin.py:190} INFO - [2026-04-14T11:57:42.264+0000] {dag.py:4180} INFO - Setting next_dagrun for tutorial_dag to None, run_after=None
[2026-04-14T11:57:42.274+0000] {processor.py:208} INFO - Processing /home/airflow/.local/lib/python3.12/site-packages/airflow/example_dags/tutorial_dag.py took 0.036 seconds
[2026-04-14T11:58:12.674+0000] {processor.py:186} INFO - Started process (PID=13776) to work on /home/airflow/.local/lib/python3.12/site-packages/airflow/example_dags/tutorial_dag.py
[2026-04-14T11:58:12.675+0000] {processor.py:914} INFO - Processing file /home/airflow/.local/lib/python3.12/site-packages/airflow/example_dags/tutorial_dag.py for tasks to queue
[2026-04-14T11:58:12.675+0000] {logging_mixin.py:190} INFO - [2026-04-14T11:58:12.675+0000] {dagbag.py:588} INFO - Filling up the DagBag from /home/airflow/.local/lib/python3.12/site-packages/airflow/example_dags/tutorial_dag.py
[2026-04-14T11:58:12.681+0000] {processor.py:925} INFO - DAG(s) 'tutorial_dag' retrieved from /home/airflow/.local/lib/python3.12/site-packages/airflow/example_dags/tutorial_dag.py
[2026-04-14T11:58:12.691+0000] {logging_mixin.py:190} INFO - [2026-04-14T11:58:12.691+0000] {dag.py:3239} INFO - Sync 1 DAGs
[2026-04-14T11:58:12.698+0000] {logging_mixin.py:190} INFO - [2026-04-14T11:58:12.698+0000] {dag.py:4180} INFO - Setting next_dagrun for tutorial_dag to None, run_after=None
[2026-04-14T11:58:12.707+0000] {processor.py:208} INFO - Processing /home/airflow/.local/lib/python3.12/site-packages/airflow/example_dags/tutorial_dag.py took 0.035 seconds
[2026-04-14T11:59:06.940+0000] {processor.py:186} INFO - Started process (PID=13840) to work on /home/airflow/.local/lib/python3.12/site-packages/airflow/example_dags/tutorial_dag.py
[2026-04-14T11:59:06.941+0000] {processor.py:914} INFO - Processing file /home/airflow/.local/lib/python3.12/site-packages/airflow/example_dags/tutorial_dag.py for tasks to queue
[2026-04-14T11:59:06.941+0000] {logging_mixin.py:190} INFO - [2026-04-14T11:59:06.941+0000] {dagbag.py:588} INFO - Filling up the DagBag from /home/airflow/.local/lib/python3.12/site-packages/airflow/example_dags/tutorial_dag.py
[2026-04-14T11:59:06.944+0000] {processor.py:925} INFO - DAG(s) 'tutorial_dag' retrieved from /home/airflow/.local/lib/python3.12/site-packages/airflow/example_dags/tutorial_dag.py
[2026-04-14T11:59:06.954+0000] {logging_mixin.py:190} INFO - [2026-04-14T11:59:06.954+0000] {dag.py:3239} INFO - Sync 1 DAGs
[2026-04-14T11:59:06.960+0000] {logging_mixin.py:190} INFO - [2026-04-14T11:59:06.960+0000] {dag.py:4180} INFO - Setting next_dagrun for tutorial_dag to None, run_after=None
[2026-04-14T11:59:06.969+0000] {processor.py:208} INFO - Processing /home/airflow/.local/lib/python3.12/site-packages/airflow/example_dags/tutorial_dag.py took 0.031 seconds
[2026-04-14T12:02:33.252+0000] {processor.py:186} INFO - Started process (PID=13904) to work on /home/airflow/.local/lib/python3.12/site-packages/airflow/example_dags/tutorial_dag.py
[2026-04-14T12:02:33.252+0000] {processor.py:914} INFO - Processing file /home/airflow/.local/lib/python3.12/site-packages/airflow/example_dags/tutorial_dag.py for tasks to queue
[2026-04-14T12:02:33.253+0000] {logging_mixin.py:190} INFO - [2026-04-14T12:02:33.253+0000] {dagbag.py:588} INFO - Filling up the DagBag from /home/airflow/.local/lib/python3.12/site-packages/airflow/example_dags/tutorial_dag.py
[2026-04-14T12:02:33.256+0000] {processor.py:925} INFO - DAG(s) 'tutorial_dag' retrieved from /home/airflow/.local/lib/python3.12/site-packages/airflow/example_dags/tutorial_dag.py
[2026-04-14T12:02:33.266+0000] {logging_mixin.py:190} INFO - [2026-04-14T12:02:33.266+0000] {dag.py:3239} INFO - Sync 1 DAGs
[2026-04-14T12:02:33.272+0000] {logging_mixin.py:190} INFO - [2026-04-14T12:02:33.272+0000] {dag.py:4180} INFO - Setting next_dagrun for tutorial_dag to None, run_after=None
[2026-04-14T12:02:33.286+0000] {processor.py:208} INFO - Processing /home/airflow/.local/lib/python3.12/site-packages/airflow/example_dags/tutorial_dag.py took 0.037 seconds
[2026-04-14T12:03:03.593+0000] {processor.py:186} INFO - Started process (PID=13968) to work on /home/airflow/.local/lib/python3.12/site-packages/airflow/example_dags/tutorial_dag.py
[2026-04-14T12:03:03.594+0000] {processor.py:914} INFO - Processing file /home/airflow/.local/lib/python3.12/site-packages/airflow/example_dags/tutorial_dag.py for tasks to queue
[2026-04-14T12:03:03.595+0000] {logging_mixin.py:190} INFO - [2026-04-14T12:03:03.595+0000] {dagbag.py:588} INFO - Filling up the DagBag from /home/airflow/.local/lib/python3.12/site-packages/airflow/example_dags/tutorial_dag.py
[2026-04-14T12:03:03.599+0000] {processor.py:925} INFO - DAG(s) 'tutorial_dag' retrieved from /home/airflow/.local/lib/python3.12/site-packages/airflow/example_dags/tutorial_dag.py
[2026-04-14T12:03:03.607+0000] {logging_mixin.py:190} INFO - [2026-04-14T12:03:03.607+0000] {dag.py:3239} INFO - Sync 1 DAGs
[2026-04-14T12:03:03.612+0000] {logging_mixin.py:190} INFO - [2026-04-14T12:03:03.612+0000] {dag.py:4180} INFO - Setting next_dagrun for tutorial_dag to None, run_after=None
[2026-04-14T12:03:03.619+0000] {processor.py:208} INFO - Processing /home/airflow/.local/lib/python3.12/site-packages/airflow/example_dags/tutorial_dag.py took 0.029 seconds
[2026-04-14T12:05:00.327+0000] {processor.py:186} INFO - Started process (PID=14032) to work on /home/airflow/.local/lib/python3.12/site-packages/airflow/example_dags/tutorial_dag.py
[2026-04-14T12:05:00.327+0000] {processor.py:914} INFO - Processing file /home/airflow/.local/lib/python3.12/site-packages/airflow/example_dags/tutorial_dag.py for tasks to queue
[2026-04-14T12:05:00.328+0000] {logging_mixin.py:190} INFO - [2026-04-14T12:05:00.328+0000] {dagbag.py:588} INFO - Filling up the DagBag from /home/airflow/.local/lib/python3.12/site-packages/airflow/example_dags/tutorial_dag.py
[2026-04-14T12:05:00.331+0000] {processor.py:925} INFO - DAG(s) 'tutorial_dag' retrieved from /home/airflow/.local/lib/python3.12/site-packages/airflow/example_dags/tutorial_dag.py
[2026-04-14T12:05:00.342+0000] {logging_mixin.py:190} INFO - [2026-04-14T12:05:00.342+0000] {dag.py:3239} INFO - Sync 1 DAGs
[2026-04-14T12:05:00.347+0000] {logging_mixin.py:190} INFO - [2026-04-14T12:05:00.347+0000] {dag.py:4180} INFO - Setting next_dagrun for tutorial_dag to None, run_after=None
[2026-04-14T12:05:00.358+0000] {processor.py:208} INFO - Processing /home/airflow/.local/lib/python3.12/site-packages/airflow/example_dags/tutorial_dag.py took 0.033 seconds
[2026-04-14T12:05:55.485+0000] {processor.py:186} INFO - Started process (PID=14096) to work on /home/airflow/.local/lib/python3.12/site-packages/airflow/example_dags/tutorial_dag.py
[2026-04-14T12:05:55.486+0000] {processor.py:914} INFO - Processing file /home/airflow/.local/lib/python3.12/site-packages/airflow/example_dags/tutorial_dag.py for tasks to queue
[2026-04-14T12:05:55.486+0000] {logging_mixin.py:190} INFO - [2026-04-14T12:05:55.486+0000] {dagbag.py:588} INFO - Filling up the DagBag from /home/airflow/.local/lib/python3.12/site-packages/airflow/example_dags/tutorial_dag.py
[2026-04-14T12:05:55.489+0000] {processor.py:925} INFO - DAG(s) 'tutorial_dag' retrieved from /home/airflow/.local/lib/python3.12/site-packages/airflow/example_dags/tutorial_dag.py
[2026-04-14T12:05:55.496+0000] {logging_mixin.py:190} INFO - [2026-04-14T12:05:55.496+0000] {dag.py:3239} INFO - Sync 1 DAGs
[2026-04-14T12:05:55.501+0000] {logging_mixin.py:190} INFO - [2026-04-14T12:05:55.501+0000] {dag.py:4180} INFO - Setting next_dagrun for tutorial_dag to None, run_after=None
[2026-04-14T12:05:55.507+0000] {processor.py:208} INFO - Processing /home/airflow/.local/lib/python3.12/site-packages/airflow/example_dags/tutorial_dag.py took 0.023 seconds
[2026-04-14T12:06:25.898+0000] {processor.py:186} INFO - Started process (PID=14160) to work on /home/airflow/.local/lib/python3.12/site-packages/airflow/example_dags/tutorial_dag.py
[2026-04-14T12:06:25.898+0000] {processor.py:914} INFO - Processing file /home/airflow/.local/lib/python3.12/site-packages/airflow/example_dags/tutorial_dag.py for tasks to queue
[2026-04-14T12:06:25.899+0000] {logging_mixin.py:190} INFO - [2026-04-14T12:06:25.899+0000] {dagbag.py:588} INFO - Filling up the DagBag from /home/airflow/.local/lib/python3.12/site-packages/airflow/example_dags/tutorial_dag.py
[2026-04-14T12:06:25.902+0000] {processor.py:925} INFO - DAG(s) 'tutorial_dag' retrieved from /home/airflow/.local/lib/python3.12/site-packages/airflow/example_dags/tutorial_dag.py
[2026-04-14T12:06:25.908+0000] {logging_mixin.py:190} INFO - [2026-04-14T12:06:25.908+0000] {dag.py:3239} INFO - Sync 1 DAGs
[2026-04-14T12:06:25.913+0000] {logging_mixin.py:190} INFO - [2026-04-14T12:06:25.913+0000] {dag.py:4180} INFO - Setting next_dagrun for tutorial_dag to None, run_after=None
[2026-04-14T12:06:25.918+0000] {processor.py:208} INFO - Processing /home/airflow/.local/lib/python3.12/site-packages/airflow/example_dags/tutorial_dag.py took 0.022 seconds
[2026-04-14T12:07:19.837+0000] {processor.py:186} INFO - Started process (PID=14224) to work on /home/airflow/.local/lib/python3.12/site-packages/airflow/example_dags/tutorial_dag.py
[2026-04-14T12:07:19.837+0000] {processor.py:914} INFO - Processing file /home/airflow/.local/lib/python3.12/site-packages/airflow/example_dags/tutorial_dag.py for tasks to queue
[2026-04-14T12:07:19.838+0000] {logging_mixin.py:190} INFO - [2026-04-14T12:07:19.838+0000] {dagbag.py:588} INFO - Filling up the DagBag from /home/airflow/.local/lib/python3.12/site-packages/airflow/example_dags/tutorial_dag.py
[2026-04-14T12:07:19.840+0000] {processor.py:925} INFO - DAG(s) 'tutorial_dag' retrieved from /home/airflow/.local/lib/python3.12/site-packages/airflow/example_dags/tutorial_dag.py
[2026-04-14T12:07:19.847+0000] {logging_mixin.py:190} INFO - [2026-04-14T12:07:19.847+0000] {dag.py:3239} INFO - Sync 1 DAGs
[2026-04-14T12:07:19.852+0000] {logging_mixin.py:190} INFO - [2026-04-14T12:07:19.852+0000] {dag.py:4180} INFO - Setting next_dagrun for tutorial_dag to None, run_after=None
[2026-04-14T12:07:19.857+0000] {processor.py:208} INFO - Processing /home/airflow/.local/lib/python3.12/site-packages/airflow/example_dags/tutorial_dag.py took 0.022 seconds
[2026-04-14T12:07:53.763+0000] {processor.py:186} INFO - Started process (PID=14288) to work on /home/airflow/.local/lib/python3.12/site-packages/airflow/example_dags/tutorial_dag.py
[2026-04-14T12:07:53.764+0000] {processor.py:914} INFO - Processing file /home/airflow/.local/lib/python3.12/site-packages/airflow/example_dags/tutorial_dag.py for tasks to queue
[2026-04-14T12:07:53.765+0000] {logging_mixin.py:190} INFO - [2026-04-14T12:07:53.765+0000] {dagbag.py:588} INFO - Filling up the DagBag from /home/airflow/.local/lib/python3.12/site-packages/airflow/example_dags/tutorial_dag.py
[2026-04-14T12:07:53.771+0000] {processor.py:925} INFO - DAG(s) 'tutorial_dag' retrieved from /home/airflow/.local/lib/python3.12/site-packages/airflow/example_dags/tutorial_dag.py
[2026-04-14T12:07:53.784+0000] {logging_mixin.py:190} INFO - [2026-04-14T12:07:53.784+0000] {dag.py:3239} INFO - Sync 1 DAGs
[2026-04-14T12:07:53.792+0000] {logging_mixin.py:190} INFO - [2026-04-14T12:07:53.792+0000] {dag.py:4180} INFO - Setting next_dagrun for tutorial_dag to None, run_after=None
[2026-04-14T12:07:53.808+0000] {processor.py:208} INFO - Processing /home/airflow/.local/lib/python3.12/site-packages/airflow/example_dags/tutorial_dag.py took 0.049 seconds
[2026-04-14T12:30:29.088+0000] {processor.py:186} INFO - Started process (PID=14352) to work on /home/airflow/.local/lib/python3.12/site-packages/airflow/example_dags/tutorial_dag.py
[2026-04-14T12:30:29.089+0000] {processor.py:914} INFO - Processing file /home/airflow/.local/lib/python3.12/site-packages/airflow/example_dags/tutorial_dag.py for tasks to queue
[2026-04-14T12:30:29.089+0000] {logging_mixin.py:190} INFO - [2026-04-14T12:30:29.089+0000] {dagbag.py:588} INFO - Filling up the DagBag from /home/airflow/.local/lib/python3.12/site-packages/airflow/example_dags/tutorial_dag.py
[2026-04-14T12:30:29.092+0000] {processor.py:925} INFO - DAG(s) 'tutorial_dag' retrieved from /home/airflow/.local/lib/python3.12/site-packages/airflow/example_dags/tutorial_dag.py
[2026-04-14T12:30:29.103+0000] {logging_mixin.py:190} INFO - [2026-04-14T12:30:29.103+0000] {dag.py:3239} INFO - Sync 1 DAGs
[2026-04-14T12:30:29.110+0000] {logging_mixin.py:190} INFO - [2026-04-14T12:30:29.110+0000] {dag.py:4180} INFO - Setting next_dagrun for tutorial_dag to None, run_after=None
[2026-04-14T12:30:29.116+0000] {processor.py:208} INFO - Processing /home/airflow/.local/lib/python3.12/site-packages/airflow/example_dags/tutorial_dag.py took 0.030 seconds
[2026-04-14T12:31:00.392+0000] {processor.py:186} INFO - Started process (PID=14416) to work on /home/airflow/.local/lib/python3.12/site-packages/airflow/example_dags/tutorial_dag.py
[2026-04-14T12:31:00.393+0000] {processor.py:914} INFO - Processing file /home/airflow/.local/lib/python3.12/site-packages/airflow/example_dags/tutorial_dag.py for tasks to queue
[2026-04-14T12:31:00.393+0000] {logging_mixin.py:190} INFO - [2026-04-14T12:31:00.393+0000] {dagbag.py:588} INFO - Filling up the DagBag from /home/airflow/.local/lib/python3.12/site-packages/airflow/example_dags/tutorial_dag.py
[2026-04-14T12:31:00.396+0000] {processor.py:925} INFO - DAG(s) 'tutorial_dag' retrieved from /home/airflow/.local/lib/python3.12/site-packages/airflow/example_dags/tutorial_dag.py
[2026-04-14T12:31:00.402+0000] {logging_mixin.py:190} INFO - [2026-04-14T12:31:00.402+0000] {dag.py:3239} INFO - Sync 1 DAGs
[2026-04-14T12:31:00.407+0000] {logging_mixin.py:190} INFO - [2026-04-14T12:31:00.407+0000] {dag.py:4180} INFO - Setting next_dagrun for tutorial_dag to None, run_after=None
[2026-04-14T12:31:00.412+0000] {processor.py:208} INFO - Processing /home/airflow/.local/lib/python3.12/site-packages/airflow/example_dags/tutorial_dag.py took 0.022 seconds
[2026-04-14T12:48:26.978+0000] {processor.py:186} INFO - Started process (PID=14480) to work on /home/airflow/.local/lib/python3.12/site-packages/airflow/example_dags/tutorial_dag.py
[2026-04-14T12:48:26.979+0000] {processor.py:914} INFO - Processing file /home/airflow/.local/lib/python3.12/site-packages/airflow/example_dags/tutorial_dag.py for tasks to queue
[2026-04-14T12:48:26.979+0000] {logging_mixin.py:190} INFO - [2026-04-14T12:48:26.979+0000] {dagbag.py:588} INFO - Filling up the DagBag from /home/airflow/.local/lib/python3.12/site-packages/airflow/example_dags/tutorial_dag.py
[2026-04-14T12:48:26.982+0000] {processor.py:925} INFO - DAG(s) 'tutorial_dag' retrieved from /home/airflow/.local/lib/python3.12/site-packages/airflow/example_dags/tutorial_dag.py
[2026-04-14T12:48:26.993+0000] {logging_mixin.py:190} INFO - [2026-04-14T12:48:26.993+0000] {dag.py:3239} INFO - Sync 1 DAGs
[2026-04-14T12:48:27.000+0000] {logging_mixin.py:190} INFO - [2026-04-14T12:48:27.000+0000] {dag.py:4180} INFO - Setting next_dagrun for tutorial_dag to None, run_after=None
[2026-04-14T12:48:27.012+0000] {processor.py:208} INFO - Processing /home/airflow/.local/lib/python3.12/site-packages/airflow/example_dags/tutorial_dag.py took 0.036 seconds
[2026-04-14T13:03:56.732+0000] {processor.py:186} INFO - Started process (PID=14544) to work on /home/airflow/.local/lib/python3.12/site-packages/airflow/example_dags/tutorial_dag.py
[2026-04-14T13:03:56.735+0000] {processor.py:914} INFO - Processing file /home/airflow/.local/lib/python3.12/site-packages/airflow/example_dags/tutorial_dag.py for tasks to queue
[2026-04-14T13:03:56.735+0000] {logging_mixin.py:190} INFO - [2026-04-14T13:03:56.735+0000] {dagbag.py:588} INFO - Filling up the DagBag from /home/airflow/.local/lib/python3.12/site-packages/airflow/example_dags/tutorial_dag.py
[2026-04-14T13:03:56.741+0000] {processor.py:925} INFO - DAG(s) 'tutorial_dag' retrieved from /home/airflow/.local/lib/python3.12/site-packages/airflow/example_dags/tutorial_dag.py
[2026-04-14T13:03:56.750+0000] {logging_mixin.py:190} INFO - [2026-04-14T13:03:56.750+0000] {dag.py:3239} INFO - Sync 1 DAGs
[2026-04-14T13:03:56.756+0000] {logging_mixin.py:190} INFO - [2026-04-14T13:03:56.756+0000] {dag.py:4180} INFO - Setting next_dagrun for tutorial_dag to None, run_after=None
[2026-04-14T13:03:56.762+0000] {processor.py:208} INFO - Processing /home/airflow/.local/lib/python3.12/site-packages/airflow/example_dags/tutorial_dag.py took 0.032 seconds
[2026-04-14T13:19:55.650+0000] {processor.py:186} INFO - Started process (PID=14608) to work on /home/airflow/.local/lib/python3.12/site-packages/airflow/example_dags/tutorial_dag.py
[2026-04-14T13:19:55.651+0000] {processor.py:914} INFO - Processing file /home/airflow/.local/lib/python3.12/site-packages/airflow/example_dags/tutorial_dag.py for tasks to queue
[2026-04-14T13:19:55.652+0000] {logging_mixin.py:190} INFO - [2026-04-14T13:19:55.652+0000] {dagbag.py:588} INFO - Filling up the DagBag from /home/airflow/.local/lib/python3.12/site-packages/airflow/example_dags/tutorial_dag.py
[2026-04-14T13:19:55.659+0000] {processor.py:925} INFO - DAG(s) 'tutorial_dag' retrieved from /home/airflow/.local/lib/python3.12/site-packages/airflow/example_dags/tutorial_dag.py
[2026-04-14T13:19:55.675+0000] {logging_mixin.py:190} INFO - [2026-04-14T13:19:55.675+0000] {dag.py:3239} INFO - Sync 1 DAGs
[2026-04-14T13:19:55.687+0000] {logging_mixin.py:190} INFO - [2026-04-14T13:19:55.687+0000] {dag.py:4180} INFO - Setting next_dagrun for tutorial_dag to None, run_after=None
[2026-04-14T13:19:55.699+0000] {processor.py:208} INFO - Processing /home/airflow/.local/lib/python3.12/site-packages/airflow/example_dags/tutorial_dag.py took 0.055 seconds
[2026-04-14T13:20:26.758+0000] {processor.py:186} INFO - Started process (PID=14672) to work on /home/airflow/.local/lib/python3.12/site-packages/airflow/example_dags/tutorial_dag.py
[2026-04-14T13:20:26.758+0000] {processor.py:914} INFO - Processing file /home/airflow/.local/lib/python3.12/site-packages/airflow/example_dags/tutorial_dag.py for tasks to queue
[2026-04-14T13:20:26.759+0000] {logging_mixin.py:190} INFO - [2026-04-14T13:20:26.759+0000] {dagbag.py:588} INFO - Filling up the DagBag from /home/airflow/.local/lib/python3.12/site-packages/airflow/example_dags/tutorial_dag.py
[2026-04-14T13:20:26.761+0000] {processor.py:925} INFO - DAG(s) 'tutorial_dag' retrieved from /home/airflow/.local/lib/python3.12/site-packages/airflow/example_dags/tutorial_dag.py
[2026-04-14T13:20:26.768+0000] {logging_mixin.py:190} INFO - [2026-04-14T13:20:26.768+0000] {dag.py:3239} INFO - Sync 1 DAGs
[2026-04-14T13:20:26.773+0000] {logging_mixin.py:190} INFO - [2026-04-14T13:20:26.772+0000] {dag.py:4180} INFO - Setting next_dagrun for tutorial_dag to None, run_after=None
[2026-04-14T13:20:26.777+0000] {processor.py:208} INFO - Processing /home/airflow/.local/lib/python3.12/site-packages/airflow/example_dags/tutorial_dag.py took 0.022 seconds
[2026-04-14T13:35:53.321+0000] {processor.py:186} INFO - Started process (PID=14736) to work on /home/airflow/.local/lib/python3.12/site-packages/airflow/example_dags/tutorial_dag.py
[2026-04-14T13:35:53.321+0000] {processor.py:914} INFO - Processing file /home/airflow/.local/lib/python3.12/site-packages/airflow/example_dags/tutorial_dag.py for tasks to queue
[2026-04-14T13:35:53.321+0000] {logging_mixin.py:190} INFO - [2026-04-14T13:35:53.321+0000] {dagbag.py:588} INFO - Filling up the DagBag from /home/airflow/.local/lib/python3.12/site-packages/airflow/example_dags/tutorial_dag.py
[2026-04-14T13:35:53.326+0000] {processor.py:925} INFO - DAG(s) 'tutorial_dag' retrieved from /home/airflow/.local/lib/python3.12/site-packages/airflow/example_dags/tutorial_dag.py
[2026-04-14T13:35:53.336+0000] {logging_mixin.py:190} INFO - [2026-04-14T13:35:53.336+0000] {dag.py:3239} INFO - Sync 1 DAGs
[2026-04-14T13:35:53.344+0000] {logging_mixin.py:190} INFO - [2026-04-14T13:35:53.344+0000] {dag.py:4180} INFO - Setting next_dagrun for tutorial_dag to None, run_after=None
[2026-04-14T13:35:53.355+0000] {processor.py:208} INFO - Processing /home/airflow/.local/lib/python3.12/site-packages/airflow/example_dags/tutorial_dag.py took 0.037 seconds
[2026-04-14T13:51:23.054+0000] {processor.py:186} INFO - Started process (PID=14800) to work on /home/airflow/.local/lib/python3.12/site-packages/airflow/example_dags/tutorial_dag.py
[2026-04-14T13:51:23.056+0000] {processor.py:914} INFO - Processing file /home/airflow/.local/lib/python3.12/site-packages/airflow/example_dags/tutorial_dag.py for tasks to queue
[2026-04-14T13:51:23.057+0000] {logging_mixin.py:190} INFO - [2026-04-14T13:51:23.057+0000] {dagbag.py:588} INFO - Filling up the DagBag from /home/airflow/.local/lib/python3.12/site-packages/airflow/example_dags/tutorial_dag.py
[2026-04-14T13:51:23.061+0000] {processor.py:925} INFO - DAG(s) 'tutorial_dag' retrieved from /home/airflow/.local/lib/python3.12/site-packages/airflow/example_dags/tutorial_dag.py
[2026-04-14T13:51:23.071+0000] {logging_mixin.py:190} INFO - [2026-04-14T13:51:23.071+0000] {dag.py:3239} INFO - Sync 1 DAGs
[2026-04-14T13:51:23.081+0000] {logging_mixin.py:190} INFO - [2026-04-14T13:51:23.081+0000] {dag.py:4180} INFO - Setting next_dagrun for tutorial_dag to None, run_after=None
[2026-04-14T13:51:23.092+0000] {processor.py:208} INFO - Processing /home/airflow/.local/lib/python3.12/site-packages/airflow/example_dags/tutorial_dag.py took 0.041 seconds
[2026-04-14T13:51:54.033+0000] {processor.py:186} INFO - Started process (PID=14864) to work on /home/airflow/.local/lib/python3.12/site-packages/airflow/example_dags/tutorial_dag.py
[2026-04-14T13:51:54.033+0000] {processor.py:914} INFO - Processing file /home/airflow/.local/lib/python3.12/site-packages/airflow/example_dags/tutorial_dag.py for tasks to queue
[2026-04-14T13:51:54.034+0000] {logging_mixin.py:190} INFO - [2026-04-14T13:51:54.033+0000] {dagbag.py:588} INFO - Filling up the DagBag from /home/airflow/.local/lib/python3.12/site-packages/airflow/example_dags/tutorial_dag.py
[2026-04-14T13:51:54.037+0000] {processor.py:925} INFO - DAG(s) 'tutorial_dag' retrieved from /home/airflow/.local/lib/python3.12/site-packages/airflow/example_dags/tutorial_dag.py
[2026-04-14T13:51:54.047+0000] {logging_mixin.py:190} INFO - [2026-04-14T13:51:54.047+0000] {dag.py:3239} INFO - Sync 1 DAGs
[2026-04-14T13:51:54.052+0000] {logging_mixin.py:190} INFO - [2026-04-14T13:51:54.052+0000] {dag.py:4180} INFO - Setting next_dagrun for tutorial_dag to None, run_after=None
[2026-04-14T13:51:54.061+0000] {processor.py:208} INFO - Processing /home/airflow/.local/lib/python3.12/site-packages/airflow/example_dags/tutorial_dag.py took 0.031 seconds
[2026-04-14T14:07:24.738+0000] {processor.py:186} INFO - Started process (PID=14928) to work on /home/airflow/.local/lib/python3.12/site-packages/airflow/example_dags/tutorial_dag.py
[2026-04-14T14:07:24.738+0000] {processor.py:914} INFO - Processing file /home/airflow/.local/lib/python3.12/site-packages/airflow/example_dags/tutorial_dag.py for tasks to queue
[2026-04-14T14:07:24.739+0000] {logging_mixin.py:190} INFO - [2026-04-14T14:07:24.739+0000] {dagbag.py:588} INFO - Filling up the DagBag from /home/airflow/.local/lib/python3.12/site-packages/airflow/example_dags/tutorial_dag.py
[2026-04-14T14:07:24.743+0000] {processor.py:925} INFO - DAG(s) 'tutorial_dag' retrieved from /home/airflow/.local/lib/python3.12/site-packages/airflow/example_dags/tutorial_dag.py
[2026-04-14T14:07:24.753+0000] {logging_mixin.py:190} INFO - [2026-04-14T14:07:24.752+0000] {dag.py:3239} INFO - Sync 1 DAGs
[2026-04-14T14:07:24.759+0000] {logging_mixin.py:190} INFO - [2026-04-14T14:07:24.759+0000] {dag.py:4180} INFO - Setting next_dagrun for tutorial_dag to None, run_after=None
[2026-04-14T14:07:24.769+0000] {processor.py:208} INFO - Processing /home/airflow/.local/lib/python3.12/site-packages/airflow/example_dags/tutorial_dag.py took 0.034 seconds
[2026-04-14T14:16:14.330+0000] {processor.py:186} INFO - Started process (PID=14992) to work on /home/airflow/.local/lib/python3.12/site-packages/airflow/example_dags/tutorial_dag.py
[2026-04-14T14:16:14.330+0000] {processor.py:914} INFO - Processing file /home/airflow/.local/lib/python3.12/site-packages/airflow/example_dags/tutorial_dag.py for tasks to queue
[2026-04-14T14:16:14.332+0000] {logging_mixin.py:190} INFO - [2026-04-14T14:16:14.331+0000] {dagbag.py:588} INFO - Filling up the DagBag from /home/airflow/.local/lib/python3.12/site-packages/airflow/example_dags/tutorial_dag.py
[2026-04-14T14:16:14.337+0000] {processor.py:925} INFO - DAG(s) 'tutorial_dag' retrieved from /home/airflow/.local/lib/python3.12/site-packages/airflow/example_dags/tutorial_dag.py
[2026-04-14T14:16:14.351+0000] {logging_mixin.py:190} INFO - [2026-04-14T14:16:14.351+0000] {dag.py:3239} INFO - Sync 1 DAGs
[2026-04-14T14:16:14.359+0000] {logging_mixin.py:190} INFO - [2026-04-14T14:16:14.359+0000] {dag.py:4180} INFO - Setting next_dagrun for tutorial_dag to None, run_after=None
[2026-04-14T14:16:14.366+0000] {processor.py:208} INFO - Processing /home/airflow/.local/lib/python3.12/site-packages/airflow/example_dags/tutorial_dag.py took 0.038 seconds
[2026-04-14T14:16:46.101+0000] {processor.py:186} INFO - Started process (PID=15056) to work on /home/airflow/.local/lib/python3.12/site-packages/airflow/example_dags/tutorial_dag.py
[2026-04-14T14:16:46.101+0000] {processor.py:914} INFO - Processing file /home/airflow/.local/lib/python3.12/site-packages/airflow/example_dags/tutorial_dag.py for tasks to queue
[2026-04-14T14:16:46.102+0000] {logging_mixin.py:190} INFO - [2026-04-14T14:16:46.102+0000] {dagbag.py:588} INFO - Filling up the DagBag from /home/airflow/.local/lib/python3.12/site-packages/airflow/example_dags/tutorial_dag.py
[2026-04-14T14:16:46.107+0000] {processor.py:925} INFO - DAG(s) 'tutorial_dag' retrieved from /home/airflow/.local/lib/python3.12/site-packages/airflow/example_dags/tutorial_dag.py
[2026-04-14T14:16:46.116+0000] {logging_mixin.py:190} INFO - [2026-04-14T14:16:46.116+0000] {dag.py:3239} INFO - Sync 1 DAGs
[2026-04-14T14:16:46.204+0000] {logging_mixin.py:190} INFO - [2026-04-14T14:16:46.203+0000] {dag.py:4180} INFO - Setting next_dagrun for tutorial_dag to None, run_after=None
[2026-04-14T14:16:46.211+0000] {processor.py:208} INFO - Processing /home/airflow/.local/lib/python3.12/site-packages/airflow/example_dags/tutorial_dag.py took 0.113 seconds
[2026-04-14T14:32:16.031+0000] {processor.py:186} INFO - Started process (PID=15119) to work on /home/airflow/.local/lib/python3.12/site-packages/airflow/example_dags/tutorial_dag.py
[2026-04-14T14:32:16.032+0000] {processor.py:914} INFO - Processing file /home/airflow/.local/lib/python3.12/site-packages/airflow/example_dags/tutorial_dag.py for tasks to queue
[2026-04-14T14:32:16.033+0000] {logging_mixin.py:190} INFO - [2026-04-14T14:32:16.032+0000] {dagbag.py:588} INFO - Filling up the DagBag from /home/airflow/.local/lib/python3.12/site-packages/airflow/example_dags/tutorial_dag.py
[2026-04-14T14:32:16.039+0000] {processor.py:925} INFO - DAG(s) 'tutorial_dag' retrieved from /home/airflow/.local/lib/python3.12/site-packages/airflow/example_dags/tutorial_dag.py
[2026-04-14T14:32:16.053+0000] {logging_mixin.py:190} INFO - [2026-04-14T14:32:16.053+0000] {dag.py:3239} INFO - Sync 1 DAGs
[2026-04-14T14:32:16.239+0000] {logging_mixin.py:190} INFO - [2026-04-14T14:32:16.239+0000] {dag.py:4180} INFO - Setting next_dagrun for tutorial_dag to None, run_after=None
[2026-04-14T14:32:16.259+0000] {processor.py:208} INFO - Processing /home/airflow/.local/lib/python3.12/site-packages/airflow/example_dags/tutorial_dag.py took 0.233 seconds
[2026-04-14T14:32:47.014+0000] {processor.py:186} INFO - Started process (PID=15183) to work on /home/airflow/.local/lib/python3.12/site-packages/airflow/example_dags/tutorial_dag.py
[2026-04-14T14:32:47.014+0000] {processor.py:914} INFO - Processing file /home/airflow/.local/lib/python3.12/site-packages/airflow/example_dags/tutorial_dag.py for tasks to queue
[2026-04-14T14:32:47.015+0000] {logging_mixin.py:190} INFO - [2026-04-14T14:32:47.015+0000] {dagbag.py:588} INFO - Filling up the DagBag from /home/airflow/.local/lib/python3.12/site-packages/airflow/example_dags/tutorial_dag.py
[2026-04-14T14:32:47.018+0000] {processor.py:925} INFO - DAG(s) 'tutorial_dag' retrieved from /home/airflow/.local/lib/python3.12/site-packages/airflow/example_dags/tutorial_dag.py
[2026-04-14T14:32:47.025+0000] {logging_mixin.py:190} INFO - [2026-04-14T14:32:47.025+0000] {dag.py:3239} INFO - Sync 1 DAGs
[2026-04-14T14:32:47.030+0000] {logging_mixin.py:190} INFO - [2026-04-14T14:32:47.030+0000] {dag.py:4180} INFO - Setting next_dagrun for tutorial_dag to None, run_after=None
[2026-04-14T14:32:47.035+0000] {processor.py:208} INFO - Processing /home/airflow/.local/lib/python3.12/site-packages/airflow/example_dags/tutorial_dag.py took 0.023 seconds
[2026-04-14T14:48:15.165+0000] {processor.py:186} INFO - Started process (PID=15247) to work on /home/airflow/.local/lib/python3.12/site-packages/airflow/example_dags/tutorial_dag.py
[2026-04-14T14:48:15.166+0000] {processor.py:914} INFO - Processing file /home/airflow/.local/lib/python3.12/site-packages/airflow/example_dags/tutorial_dag.py for tasks to queue
[2026-04-14T14:48:15.166+0000] {logging_mixin.py:190} INFO - [2026-04-14T14:48:15.166+0000] {dagbag.py:588} INFO - Filling up the DagBag from /home/airflow/.local/lib/python3.12/site-packages/airflow/example_dags/tutorial_dag.py
[2026-04-14T14:48:15.169+0000] {processor.py:925} INFO - DAG(s) 'tutorial_dag' retrieved from /home/airflow/.local/lib/python3.12/site-packages/airflow/example_dags/tutorial_dag.py
[2026-04-14T14:48:15.176+0000] {logging_mixin.py:190} INFO - [2026-04-14T14:48:15.176+0000] {dag.py:3239} INFO - Sync 1 DAGs
[2026-04-14T14:48:15.181+0000] {logging_mixin.py:190} INFO - [2026-04-14T14:48:15.181+0000] {dag.py:4180} INFO - Setting next_dagrun for tutorial_dag to None, run_after=None
[2026-04-14T14:48:15.186+0000] {processor.py:208} INFO - Processing /home/airflow/.local/lib/python3.12/site-packages/airflow/example_dags/tutorial_dag.py took 0.023 seconds
[2026-04-14T15:03:46.404+0000] {processor.py:186} INFO - Started process (PID=15311) to work on /home/airflow/.local/lib/python3.12/site-packages/airflow/example_dags/tutorial_dag.py
[2026-04-14T15:03:46.405+0000] {processor.py:914} INFO - Processing file /home/airflow/.local/lib/python3.12/site-packages/airflow/example_dags/tutorial_dag.py for tasks to queue
[2026-04-14T15:03:46.405+0000] {logging_mixin.py:190} INFO - [2026-04-14T15:03:46.405+0000] {dagbag.py:588} INFO - Filling up the DagBag from /home/airflow/.local/lib/python3.12/site-packages/airflow/example_dags/tutorial_dag.py
[2026-04-14T15:03:46.409+0000] {processor.py:925} INFO - DAG(s) 'tutorial_dag' retrieved from /home/airflow/.local/lib/python3.12/site-packages/airflow/example_dags/tutorial_dag.py
[2026-04-14T15:03:46.419+0000] {logging_mixin.py:190} INFO - [2026-04-14T15:03:46.419+0000] {dag.py:3239} INFO - Sync 1 DAGs
[2026-04-14T15:03:46.427+0000] {logging_mixin.py:190} INFO - [2026-04-14T15:03:46.427+0000] {dag.py:4180} INFO - Setting next_dagrun for tutorial_dag to None, run_after=None
[2026-04-14T15:03:46.436+0000] {processor.py:208} INFO - Processing /home/airflow/.local/lib/python3.12/site-packages/airflow/example_dags/tutorial_dag.py took 0.034 seconds
[2026-04-14T15:04:16.582+0000] {processor.py:186} INFO - Started process (PID=15375) to work on /home/airflow/.local/lib/python3.12/site-packages/airflow/example_dags/tutorial_dag.py
[2026-04-14T15:04:16.583+0000] {processor.py:914} INFO - Processing file /home/airflow/.local/lib/python3.12/site-packages/airflow/example_dags/tutorial_dag.py for tasks to queue
[2026-04-14T15:04:16.583+0000] {logging_mixin.py:190} INFO - [2026-04-14T15:04:16.583+0000] {dagbag.py:588} INFO - Filling up the DagBag from /home/airflow/.local/lib/python3.12/site-packages/airflow/example_dags/tutorial_dag.py
[2026-04-14T15:04:16.589+0000] {processor.py:925} INFO - DAG(s) 'tutorial_dag' retrieved from /home/airflow/.local/lib/python3.12/site-packages/airflow/example_dags/tutorial_dag.py
[2026-04-14T15:04:16.598+0000] {logging_mixin.py:190} INFO - [2026-04-14T15:04:16.597+0000] {dag.py:3239} INFO - Sync 1 DAGs
[2026-04-14T15:04:16.604+0000] {logging_mixin.py:190} INFO - [2026-04-14T15:04:16.604+0000] {dag.py:4180} INFO - Setting next_dagrun for tutorial_dag to None, run_after=None
[2026-04-14T15:04:16.612+0000] {processor.py:208} INFO - Processing /home/airflow/.local/lib/python3.12/site-packages/airflow/example_dags/tutorial_dag.py took 0.032 seconds
[2026-04-14T15:17:35.335+0000] {processor.py:186} INFO - Started process (PID=15439) to work on /home/airflow/.local/lib/python3.12/site-packages/airflow/example_dags/tutorial_dag.py
[2026-04-14T15:17:35.336+0000] {processor.py:914} INFO - Processing file /home/airflow/.local/lib/python3.12/site-packages/airflow/example_dags/tutorial_dag.py for tasks to queue
[2026-04-14T15:17:35.338+0000] {logging_mixin.py:190} INFO - [2026-04-14T15:17:35.338+0000] {dagbag.py:588} INFO - Filling up the DagBag from /home/airflow/.local/lib/python3.12/site-packages/airflow/example_dags/tutorial_dag.py
[2026-04-14T15:17:35.341+0000] {processor.py:925} INFO - DAG(s) 'tutorial_dag' retrieved from /home/airflow/.local/lib/python3.12/site-packages/airflow/example_dags/tutorial_dag.py
[2026-04-14T15:17:35.354+0000] {logging_mixin.py:190} INFO - [2026-04-14T15:17:35.354+0000] {dag.py:3239} INFO - Sync 1 DAGs
[2026-04-14T15:17:35.360+0000] {logging_mixin.py:190} INFO - [2026-04-14T15:17:35.360+0000] {dag.py:4180} INFO - Setting next_dagrun for tutorial_dag to None, run_after=None
[2026-04-14T15:17:35.366+0000] {processor.py:208} INFO - Processing /home/airflow/.local/lib/python3.12/site-packages/airflow/example_dags/tutorial_dag.py took 0.034 seconds
[2026-04-14T15:29:16.573+0000] {processor.py:186} INFO - Started process (PID=15503) to work on /home/airflow/.local/lib/python3.12/site-packages/airflow/example_dags/tutorial_dag.py
[2026-04-14T15:29:16.575+0000] {processor.py:914} INFO - Processing file /home/airflow/.local/lib/python3.12/site-packages/airflow/example_dags/tutorial_dag.py for tasks to queue
[2026-04-14T15:29:16.576+0000] {logging_mixin.py:190} INFO - [2026-04-14T15:29:16.576+0000] {dagbag.py:588} INFO - Filling up the DagBag from /home/airflow/.local/lib/python3.12/site-packages/airflow/example_dags/tutorial_dag.py
[2026-04-14T15:29:16.579+0000] {processor.py:925} INFO - DAG(s) 'tutorial_dag' retrieved from /home/airflow/.local/lib/python3.12/site-packages/airflow/example_dags/tutorial_dag.py
[2026-04-14T15:29:16.591+0000] {logging_mixin.py:190} INFO - [2026-04-14T15:29:16.591+0000] {dag.py:3239} INFO - Sync 1 DAGs
[2026-04-14T15:29:16.597+0000] {logging_mixin.py:190} INFO - [2026-04-14T15:29:16.597+0000] {dag.py:4180} INFO - Setting next_dagrun for tutorial_dag to None, run_after=None
[2026-04-14T15:29:16.606+0000] {processor.py:208} INFO - Processing /home/airflow/.local/lib/python3.12/site-packages/airflow/example_dags/tutorial_dag.py took 0.035 seconds
[2026-04-14T15:29:46.945+0000] {processor.py:186} INFO - Started process (PID=15567) to work on /home/airflow/.local/lib/python3.12/site-packages/airflow/example_dags/tutorial_dag.py
[2026-04-14T15:29:46.946+0000] {processor.py:914} INFO - Processing file /home/airflow/.local/lib/python3.12/site-packages/airflow/example_dags/tutorial_dag.py for tasks to queue
[2026-04-14T15:29:46.946+0000] {logging_mixin.py:190} INFO - [2026-04-14T15:29:46.946+0000] {dagbag.py:588} INFO - Filling up the DagBag from /home/airflow/.local/lib/python3.12/site-packages/airflow/example_dags/tutorial_dag.py
[2026-04-14T15:29:46.951+0000] {processor.py:925} INFO - DAG(s) 'tutorial_dag' retrieved from /home/airflow/.local/lib/python3.12/site-packages/airflow/example_dags/tutorial_dag.py
[2026-04-14T15:29:46.961+0000] {logging_mixin.py:190} INFO - [2026-04-14T15:29:46.961+0000] {dag.py:3239} INFO - Sync 1 DAGs
[2026-04-14T15:29:46.967+0000] {logging_mixin.py:190} INFO - [2026-04-14T15:29:46.967+0000] {dag.py:4180} INFO - Setting next_dagrun for tutorial_dag to None, run_after=None
[2026-04-14T15:29:46.979+0000] {processor.py:208} INFO - Processing /home/airflow/.local/lib/python3.12/site-packages/airflow/example_dags/tutorial_dag.py took 0.036 seconds
[2026-04-14T15:30:17.263+0000] {processor.py:186} INFO - Started process (PID=15631) to work on /home/airflow/.local/lib/python3.12/site-packages/airflow/example_dags/tutorial_dag.py
[2026-04-14T15:30:17.264+0000] {processor.py:914} INFO - Processing file /home/airflow/.local/lib/python3.12/site-packages/airflow/example_dags/tutorial_dag.py for tasks to queue
[2026-04-14T15:30:17.265+0000] {logging_mixin.py:190} INFO - [2026-04-14T15:30:17.265+0000] {dagbag.py:588} INFO - Filling up the DagBag from /home/airflow/.local/lib/python3.12/site-packages/airflow/example_dags/tutorial_dag.py
[2026-04-14T15:30:17.269+0000] {processor.py:925} INFO - DAG(s) 'tutorial_dag' retrieved from /home/airflow/.local/lib/python3.12/site-packages/airflow/example_dags/tutorial_dag.py
[2026-04-14T15:30:17.284+0000] {logging_mixin.py:190} INFO - [2026-04-14T15:30:17.284+0000] {dag.py:3239} INFO - Sync 1 DAGs
[2026-04-14T15:30:17.291+0000] {logging_mixin.py:190} INFO - [2026-04-14T15:30:17.291+0000] {dag.py:4180} INFO - Setting next_dagrun for tutorial_dag to None, run_after=None
[2026-04-14T15:30:17.297+0000] {processor.py:208} INFO - Processing /home/airflow/.local/lib/python3.12/site-packages/airflow/example_dags/tutorial_dag.py took 0.036 seconds
[2026-04-14T15:30:47.471+0000] {processor.py:186} INFO - Started process (PID=15695) to work on /home/airflow/.local/lib/python3.12/site-packages/airflow/example_dags/tutorial_dag.py
[2026-04-14T15:30:47.471+0000] {processor.py:914} INFO - Processing file /home/airflow/.local/lib/python3.12/site-packages/airflow/example_dags/tutorial_dag.py for tasks to queue
[2026-04-14T15:30:47.472+0000] {logging_mixin.py:190} INFO - [2026-04-14T15:30:47.472+0000] {dagbag.py:588} INFO - Filling up the DagBag from /home/airflow/.local/lib/python3.12/site-packages/airflow/example_dags/tutorial_dag.py
[2026-04-14T15:30:47.475+0000] {processor.py:925} INFO - DAG(s) 'tutorial_dag' retrieved from /home/airflow/.local/lib/python3.12/site-packages/airflow/example_dags/tutorial_dag.py
[2026-04-14T15:30:47.483+0000] {logging_mixin.py:190} INFO - [2026-04-14T15:30:47.483+0000] {dag.py:3239} INFO - Sync 1 DAGs
[2026-04-14T15:30:47.489+0000] {logging_mixin.py:190} INFO - [2026-04-14T15:30:47.489+0000] {dag.py:4180} INFO - Setting next_dagrun for tutorial_dag to None, run_after=None
[2026-04-14T15:30:47.501+0000] {processor.py:208} INFO - Processing /home/airflow/.local/lib/python3.12/site-packages/airflow/example_dags/tutorial_dag.py took 0.033 seconds
[2026-04-14T15:31:17.704+0000] {processor.py:186} INFO - Started process (PID=15759) to work on /home/airflow/.local/lib/python3.12/site-packages/airflow/example_dags/tutorial_dag.py
[2026-04-14T15:31:17.704+0000] {processor.py:914} INFO - Processing file /home/airflow/.local/lib/python3.12/site-packages/airflow/example_dags/tutorial_dag.py for tasks to queue
[2026-04-14T15:31:17.705+0000] {logging_mixin.py:190} INFO - [2026-04-14T15:31:17.705+0000] {dagbag.py:588} INFO - Filling up the DagBag from /home/airflow/.local/lib/python3.12/site-packages/airflow/example_dags/tutorial_dag.py
[2026-04-14T15:31:17.709+0000] {processor.py:925} INFO - DAG(s) 'tutorial_dag' retrieved from /home/airflow/.local/lib/python3.12/site-packages/airflow/example_dags/tutorial_dag.py
[2026-04-14T15:31:17.720+0000] {logging_mixin.py:190} INFO - [2026-04-14T15:31:17.719+0000] {dag.py:3239} INFO - Sync 1 DAGs
[2026-04-14T15:31:17.728+0000] {logging_mixin.py:190} INFO - [2026-04-14T15:31:17.728+0000] {dag.py:4180} INFO - Setting next_dagrun for tutorial_dag to None, run_after=None
[2026-04-14T15:31:17.738+0000] {processor.py:208} INFO - Processing /home/airflow/.local/lib/python3.12/site-packages/airflow/example_dags/tutorial_dag.py took 0.038 seconds
[2026-04-14T15:31:47.954+0000] {processor.py:186} INFO - Started process (PID=15823) to work on /home/airflow/.local/lib/python3.12/site-packages/airflow/example_dags/tutorial_dag.py
[2026-04-14T15:31:47.955+0000] {processor.py:914} INFO - Processing file /home/airflow/.local/lib/python3.12/site-packages/airflow/example_dags/tutorial_dag.py for tasks to queue
[2026-04-14T15:31:47.955+0000] {logging_mixin.py:190} INFO - [2026-04-14T15:31:47.955+0000] {dagbag.py:588} INFO - Filling up the DagBag from /home/airflow/.local/lib/python3.12/site-packages/airflow/example_dags/tutorial_dag.py
[2026-04-14T15:31:47.958+0000] {processor.py:925} INFO - DAG(s) 'tutorial_dag' retrieved from /home/airflow/.local/lib/python3.12/site-packages/airflow/example_dags/tutorial_dag.py
[2026-04-14T15:31:47.965+0000] {logging_mixin.py:190} INFO - [2026-04-14T15:31:47.965+0000] {dag.py:3239} INFO - Sync 1 DAGs
[2026-04-14T15:31:47.971+0000] {logging_mixin.py:190} INFO - [2026-04-14T15:31:47.971+0000] {dag.py:4180} INFO - Setting next_dagrun for tutorial_dag to None, run_after=None
[2026-04-14T15:31:47.981+0000] {processor.py:208} INFO - Processing /home/airflow/.local/lib/python3.12/site-packages/airflow/example_dags/tutorial_dag.py took 0.029 seconds
[2026-04-14T15:32:18.923+0000] {processor.py:186} INFO - Started process (PID=15887) to work on /home/airflow/.local/lib/python3.12/site-packages/airflow/example_dags/tutorial_dag.py
[2026-04-14T15:32:18.924+0000] {processor.py:914} INFO - Processing file /home/airflow/.local/lib/python3.12/site-packages/airflow/example_dags/tutorial_dag.py for tasks to queue
[2026-04-14T15:32:18.924+0000] {logging_mixin.py:190} INFO - [2026-04-14T15:32:18.924+0000] {dagbag.py:588} INFO - Filling up the DagBag from /home/airflow/.local/lib/python3.12/site-packages/airflow/example_dags/tutorial_dag.py
[2026-04-14T15:32:18.927+0000] {processor.py:925} INFO - DAG(s) 'tutorial_dag' retrieved from /home/airflow/.local/lib/python3.12/site-packages/airflow/example_dags/tutorial_dag.py
[2026-04-14T15:32:18.934+0000] {logging_mixin.py:190} INFO - [2026-04-14T15:32:18.934+0000] {dag.py:3239} INFO - Sync 1 DAGs
[2026-04-14T15:32:18.939+0000] {logging_mixin.py:190} INFO - [2026-04-14T15:32:18.939+0000] {dag.py:4180} INFO - Setting next_dagrun for tutorial_dag to None, run_after=None
[2026-04-14T15:32:18.945+0000] {processor.py:208} INFO - Processing /home/airflow/.local/lib/python3.12/site-packages/airflow/example_dags/tutorial_dag.py took 0.023 seconds
[2026-04-14T15:32:50.206+0000] {processor.py:186} INFO - Started process (PID=15951) to work on /home/airflow/.local/lib/python3.12/site-packages/airflow/example_dags/tutorial_dag.py
[2026-04-14T15:32:50.207+0000] {processor.py:914} INFO - Processing file /home/airflow/.local/lib/python3.12/site-packages/airflow/example_dags/tutorial_dag.py for tasks to queue
[2026-04-14T15:32:50.208+0000] {logging_mixin.py:190} INFO - [2026-04-14T15:32:50.208+0000] {dagbag.py:588} INFO - Filling up the DagBag from /home/airflow/.local/lib/python3.12/site-packages/airflow/example_dags/tutorial_dag.py
[2026-04-14T15:32:50.211+0000] {processor.py:925} INFO - DAG(s) 'tutorial_dag' retrieved from /home/airflow/.local/lib/python3.12/site-packages/airflow/example_dags/tutorial_dag.py
[2026-04-14T15:32:50.224+0000] {logging_mixin.py:190} INFO - [2026-04-14T15:32:50.224+0000] {dag.py:3239} INFO - Sync 1 DAGs
[2026-04-14T15:32:50.230+0000] {logging_mixin.py:190} INFO - [2026-04-14T15:32:50.230+0000] {dag.py:4180} INFO - Setting next_dagrun for tutorial_dag to None, run_after=None
[2026-04-14T15:32:50.239+0000] {processor.py:208} INFO - Processing /home/airflow/.local/lib/python3.12/site-packages/airflow/example_dags/tutorial_dag.py took 0.036 seconds
[2026-04-14T15:33:20.443+0000] {processor.py:186} INFO - Started process (PID=16015) to work on /home/airflow/.local/lib/python3.12/site-packages/airflow/example_dags/tutorial_dag.py
[2026-04-14T15:33:20.444+0000] {processor.py:914} INFO - Processing file /home/airflow/.local/lib/python3.12/site-packages/airflow/example_dags/tutorial_dag.py for tasks to queue
[2026-04-14T15:33:20.446+0000] {logging_mixin.py:190} INFO - [2026-04-14T15:33:20.446+0000] {dagbag.py:588} INFO - Filling up the DagBag from /home/airflow/.local/lib/python3.12/site-packages/airflow/example_dags/tutorial_dag.py
[2026-04-14T15:33:20.450+0000] {processor.py:925} INFO - DAG(s) 'tutorial_dag' retrieved from /home/airflow/.local/lib/python3.12/site-packages/airflow/example_dags/tutorial_dag.py
[2026-04-14T15:33:20.459+0000] {logging_mixin.py:190} INFO - [2026-04-14T15:33:20.458+0000] {dag.py:3239} INFO - Sync 1 DAGs
[2026-04-14T15:33:20.466+0000] {logging_mixin.py:190} INFO - [2026-04-14T15:33:20.466+0000] {dag.py:4180} INFO - Setting next_dagrun for tutorial_dag to None, run_after=None
[2026-04-14T15:33:20.472+0000] {processor.py:208} INFO - Processing /home/airflow/.local/lib/python3.12/site-packages/airflow/example_dags/tutorial_dag.py took 0.031 seconds
[2026-04-14T15:33:51.531+0000] {processor.py:186} INFO - Started process (PID=16079) to work on /home/airflow/.local/lib/python3.12/site-packages/airflow/example_dags/tutorial_dag.py
[2026-04-14T15:33:51.531+0000] {processor.py:914} INFO - Processing file /home/airflow/.local/lib/python3.12/site-packages/airflow/example_dags/tutorial_dag.py for tasks to queue
[2026-04-14T15:33:51.531+0000] {logging_mixin.py:190} INFO - [2026-04-14T15:33:51.531+0000] {dagbag.py:588} INFO - Filling up the DagBag from /home/airflow/.local/lib/python3.12/site-packages/airflow/example_dags/tutorial_dag.py
[2026-04-14T15:33:51.534+0000] {processor.py:925} INFO - DAG(s) 'tutorial_dag' retrieved from /home/airflow/.local/lib/python3.12/site-packages/airflow/example_dags/tutorial_dag.py
[2026-04-14T15:33:51.540+0000] {logging_mixin.py:190} INFO - [2026-04-14T15:33:51.540+0000] {dag.py:3239} INFO - Sync 1 DAGs
[2026-04-14T15:33:51.545+0000] {logging_mixin.py:190} INFO - [2026-04-14T15:33:51.545+0000] {dag.py:4180} INFO - Setting next_dagrun for tutorial_dag to None, run_after=None
[2026-04-14T15:33:51.550+0000] {processor.py:208} INFO - Processing /home/airflow/.local/lib/python3.12/site-packages/airflow/example_dags/tutorial_dag.py took 0.021 seconds
[2026-04-14T15:34:22.164+0000] {processor.py:186} INFO - Started process (PID=16143) to work on /home/airflow/.local/lib/python3.12/site-packages/airflow/example_dags/tutorial_dag.py
[2026-04-14T15:34:22.165+0000] {processor.py:914} INFO - Processing file /home/airflow/.local/lib/python3.12/site-packages/airflow/example_dags/tutorial_dag.py for tasks to queue
[2026-04-14T15:34:22.166+0000] {logging_mixin.py:190} INFO - [2026-04-14T15:34:22.166+0000] {dagbag.py:588} INFO - Filling up the DagBag from /home/airflow/.local/lib/python3.12/site-packages/airflow/example_dags/tutorial_dag.py
[2026-04-14T15:34:22.173+0000] {processor.py:925} INFO - DAG(s) 'tutorial_dag' retrieved from /home/airflow/.local/lib/python3.12/site-packages/airflow/example_dags/tutorial_dag.py
[2026-04-14T15:34:22.208+0000] {logging_mixin.py:190} INFO - [2026-04-14T15:34:22.208+0000] {dag.py:3239} INFO - Sync 1 DAGs
[2026-04-14T15:34:22.223+0000] {logging_mixin.py:190} INFO - [2026-04-14T15:34:22.223+0000] {dag.py:4180} INFO - Setting next_dagrun for tutorial_dag to None, run_after=None
[2026-04-14T15:34:22.233+0000] {processor.py:208} INFO - Processing /home/airflow/.local/lib/python3.12/site-packages/airflow/example_dags/tutorial_dag.py took 0.071 seconds
[2026-04-14T15:34:52.717+0000] {processor.py:186} INFO - Started process (PID=16207) to work on /home/airflow/.local/lib/python3.12/site-packages/airflow/example_dags/tutorial_dag.py
[2026-04-14T15:34:52.718+0000] {processor.py:914} INFO - Processing file /home/airflow/.local/lib/python3.12/site-packages/airflow/example_dags/tutorial_dag.py for tasks to queue
[2026-04-14T15:34:52.719+0000] {logging_mixin.py:190} INFO - [2026-04-14T15:34:52.718+0000] {dagbag.py:588} INFO - Filling up the DagBag from /home/airflow/.local/lib/python3.12/site-packages/airflow/example_dags/tutorial_dag.py
[2026-04-14T15:34:52.722+0000] {processor.py:925} INFO - DAG(s) 'tutorial_dag' retrieved from /home/airflow/.local/lib/python3.12/site-packages/airflow/example_dags/tutorial_dag.py
[2026-04-14T15:34:52.732+0000] {logging_mixin.py:190} INFO - [2026-04-14T15:34:52.732+0000] {dag.py:3239} INFO - Sync 1 DAGs
[2026-04-14T15:34:52.737+0000] {logging_mixin.py:190} INFO - [2026-04-14T15:34:52.737+0000] {dag.py:4180} INFO - Setting next_dagrun for tutorial_dag to None, run_after=None
[2026-04-14T15:34:52.746+0000] {processor.py:208} INFO - Processing /home/airflow/.local/lib/python3.12/site-packages/airflow/example_dags/tutorial_dag.py took 0.031 seconds
[2026-04-14T15:35:22.962+0000] {processor.py:186} INFO - Started process (PID=16271) to work on /home/airflow/.local/lib/python3.12/site-packages/airflow/example_dags/tutorial_dag.py
[2026-04-14T15:35:22.962+0000] {processor.py:914} INFO - Processing file /home/airflow/.local/lib/python3.12/site-packages/airflow/example_dags/tutorial_dag.py for tasks to queue
[2026-04-14T15:35:22.962+0000] {logging_mixin.py:190} INFO - [2026-04-14T15:35:22.962+0000] {dagbag.py:588} INFO - Filling up the DagBag from /home/airflow/.local/lib/python3.12/site-packages/airflow/example_dags/tutorial_dag.py
[2026-04-14T15:35:22.965+0000] {processor.py:925} INFO - DAG(s) 'tutorial_dag' retrieved from /home/airflow/.local/lib/python3.12/site-packages/airflow/example_dags/tutorial_dag.py
[2026-04-14T15:35:22.972+0000] {logging_mixin.py:190} INFO - [2026-04-14T15:35:22.972+0000] {dag.py:3239} INFO - Sync 1 DAGs
[2026-04-14T15:35:22.977+0000] {logging_mixin.py:190} INFO - [2026-04-14T15:35:22.977+0000] {dag.py:4180} INFO - Setting next_dagrun for tutorial_dag to None, run_after=None
[2026-04-14T15:35:22.982+0000] {processor.py:208} INFO - Processing /home/airflow/.local/lib/python3.12/site-packages/airflow/example_dags/tutorial_dag.py took 0.022 seconds
[2026-04-14T15:35:53.478+0000] {processor.py:186} INFO - Started process (PID=16335) to work on /home/airflow/.local/lib/python3.12/site-packages/airflow/example_dags/tutorial_dag.py
[2026-04-14T15:35:53.480+0000] {processor.py:914} INFO - Processing file /home/airflow/.local/lib/python3.12/site-packages/airflow/example_dags/tutorial_dag.py for tasks to queue
[2026-04-14T15:35:53.484+0000] {logging_mixin.py:190} INFO - [2026-04-14T15:35:53.483+0000] {dagbag.py:588} INFO - Filling up the DagBag from /home/airflow/.local/lib/python3.12/site-packages/airflow/example_dags/tutorial_dag.py
[2026-04-14T15:35:53.492+0000] {processor.py:925} INFO - DAG(s) 'tutorial_dag' retrieved from /home/airflow/.local/lib/python3.12/site-packages/airflow/example_dags/tutorial_dag.py
[2026-04-14T15:35:53.508+0000] {logging_mixin.py:190} INFO - [2026-04-14T15:35:53.508+0000] {dag.py:3239} INFO - Sync 1 DAGs
[2026-04-14T15:35:53.516+0000] {logging_mixin.py:190} INFO - [2026-04-14T15:35:53.515+0000] {dag.py:4180} INFO - Setting next_dagrun for tutorial_dag to None, run_after=None
[2026-04-14T15:35:53.526+0000] {processor.py:208} INFO - Processing /home/airflow/.local/lib/python3.12/site-packages/airflow/example_dags/tutorial_dag.py took 0.053 seconds
[2026-04-14T15:36:23.983+0000] {processor.py:186} INFO - Started process (PID=16399) to work on /home/airflow/.local/lib/python3.12/site-packages/airflow/example_dags/tutorial_dag.py
[2026-04-14T15:36:23.983+0000] {processor.py:914} INFO - Processing file /home/airflow/.local/lib/python3.12/site-packages/airflow/example_dags/tutorial_dag.py for tasks to queue
[2026-04-14T15:36:23.983+0000] {logging_mixin.py:190} INFO - [2026-04-14T15:36:23.983+0000] {dagbag.py:588} INFO - Filling up the DagBag from /home/airflow/.local/lib/python3.12/site-packages/airflow/example_dags/tutorial_dag.py
[2026-04-14T15:36:23.987+0000] {processor.py:925} INFO - DAG(s) 'tutorial_dag' retrieved from /home/airflow/.local/lib/python3.12/site-packages/airflow/example_dags/tutorial_dag.py
[2026-04-14T15:36:23.993+0000] {logging_mixin.py:190} INFO - [2026-04-14T15:36:23.993+0000] {dag.py:3239} INFO - Sync 1 DAGs
[2026-04-14T15:36:23.998+0000] {logging_mixin.py:190} INFO - [2026-04-14T15:36:23.998+0000] {dag.py:4180} INFO - Setting next_dagrun for tutorial_dag to None, run_after=None
[2026-04-14T15:36:24.003+0000] {processor.py:208} INFO - Processing /home/airflow/.local/lib/python3.12/site-packages/airflow/example_dags/tutorial_dag.py took 0.022 seconds
[2026-04-14T15:36:54.502+0000] {processor.py:186} INFO - Started process (PID=16463) to work on /home/airflow/.local/lib/python3.12/site-packages/airflow/example_dags/tutorial_dag.py
[2026-04-14T15:36:54.503+0000] {processor.py:914} INFO - Processing file /home/airflow/.local/lib/python3.12/site-packages/airflow/example_dags/tutorial_dag.py for tasks to queue
[2026-04-14T15:36:54.503+0000] {logging_mixin.py:190} INFO - [2026-04-14T15:36:54.503+0000] {dagbag.py:588} INFO - Filling up the DagBag from /home/airflow/.local/lib/python3.12/site-packages/airflow/example_dags/tutorial_dag.py
[2026-04-14T15:36:54.506+0000] {processor.py:925} INFO - DAG(s) 'tutorial_dag' retrieved from /home/airflow/.local/lib/python3.12/site-packages/airflow/example_dags/tutorial_dag.py
[2026-04-14T15:36:54.512+0000] {logging_mixin.py:190} INFO - [2026-04-14T15:36:54.512+0000] {dag.py:3239} INFO - Sync 1 DAGs
[2026-04-14T15:36:54.517+0000] {logging_mixin.py:190} INFO - [2026-04-14T15:36:54.517+0000] {dag.py:4180} INFO - Setting next_dagrun for tutorial_dag to None, run_after=None
[2026-04-14T15:36:54.522+0000] {processor.py:208} INFO - Processing /home/airflow/.local/lib/python3.12/site-packages/airflow/example_dags/tutorial_dag.py took 0.022 seconds
[2026-04-14T15:37:24.756+0000] {processor.py:186} INFO - Started process (PID=16527) to work on /home/airflow/.local/lib/python3.12/site-packages/airflow/example_dags/tutorial_dag.py
[2026-04-14T15:37:24.757+0000] {processor.py:914} INFO - Processing file /home/airflow/.local/lib/python3.12/site-packages/airflow/example_dags/tutorial_dag.py for tasks to queue
[2026-04-14T15:37:24.757+0000] {logging_mixin.py:190} INFO - [2026-04-14T15:37:24.757+0000] {dagbag.py:588} INFO - Filling up the DagBag from /home/airflow/.local/lib/python3.12/site-packages/airflow/example_dags/tutorial_dag.py
[2026-04-14T15:37:24.760+0000] {processor.py:925} INFO - DAG(s) 'tutorial_dag' retrieved from /home/airflow/.local/lib/python3.12/site-packages/airflow/example_dags/tutorial_dag.py
[2026-04-14T15:37:24.774+0000] {logging_mixin.py:190} INFO - [2026-04-14T15:37:24.774+0000] {dag.py:3239} INFO - Sync 1 DAGs
[2026-04-14T15:37:24.782+0000] {logging_mixin.py:190} INFO - [2026-04-14T15:37:24.782+0000] {dag.py:4180} INFO - Setting next_dagrun for tutorial_dag to None, run_after=None
[2026-04-14T15:37:24.791+0000] {processor.py:208} INFO - Processing /home/airflow/.local/lib/python3.12/site-packages/airflow/example_dags/tutorial_dag.py took 0.037 seconds
[2026-04-14T15:37:55.026+0000] {processor.py:186} INFO - Started process (PID=16591) to work on /home/airflow/.local/lib/python3.12/site-packages/airflow/example_dags/tutorial_dag.py
[2026-04-14T15:37:55.027+0000] {processor.py:914} INFO - Processing file /home/airflow/.local/lib/python3.12/site-packages/airflow/example_dags/tutorial_dag.py for tasks to queue
[2026-04-14T15:37:55.027+0000] {logging_mixin.py:190} INFO - [2026-04-14T15:37:55.027+0000] {dagbag.py:588} INFO - Filling up the DagBag from /home/airflow/.local/lib/python3.12/site-packages/airflow/example_dags/tutorial_dag.py
[2026-04-14T15:37:55.030+0000] {processor.py:925} INFO - DAG(s) 'tutorial_dag' retrieved from /home/airflow/.local/lib/python3.12/site-packages/airflow/example_dags/tutorial_dag.py
[2026-04-14T15:37:55.040+0000] {logging_mixin.py:190} INFO - [2026-04-14T15:37:55.040+0000] {dag.py:3239} INFO - Sync 1 DAGs
[2026-04-14T15:37:55.047+0000] {logging_mixin.py:190} INFO - [2026-04-14T15:37:55.047+0000] {dag.py:4180} INFO - Setting next_dagrun for tutorial_dag to None, run_after=None
[2026-04-14T15:37:55.057+0000] {processor.py:208} INFO - Processing /home/airflow/.local/lib/python3.12/site-packages/airflow/example_dags/tutorial_dag.py took 0.033 seconds
[2026-04-14T15:38:25.985+0000] {processor.py:186} INFO - Started process (PID=16655) to work on /home/airflow/.local/lib/python3.12/site-packages/airflow/example_dags/tutorial_dag.py
[2026-04-14T15:38:25.986+0000] {processor.py:914} INFO - Processing file /home/airflow/.local/lib/python3.12/site-packages/airflow/example_dags/tutorial_dag.py for tasks to queue
[2026-04-14T15:38:25.988+0000] {logging_mixin.py:190} INFO - [2026-04-14T15:38:25.988+0000] {dagbag.py:588} INFO - Filling up the DagBag from /home/airflow/.local/lib/python3.12/site-packages/airflow/example_dags/tutorial_dag.py
[2026-04-14T15:38:25.995+0000] {processor.py:925} INFO - DAG(s) 'tutorial_dag' retrieved from /home/airflow/.local/lib/python3.12/site-packages/airflow/example_dags/tutorial_dag.py
[2026-04-14T15:38:26.012+0000] {logging_mixin.py:190} INFO - [2026-04-14T15:38:26.012+0000] {dag.py:3239} INFO - Sync 1 DAGs
[2026-04-14T15:38:26.020+0000] {logging_mixin.py:190} INFO - [2026-04-14T15:38:26.020+0000] {dag.py:4180} INFO - Setting next_dagrun for tutorial_dag to None, run_after=None
[2026-04-14T15:38:26.032+0000] {processor.py:208} INFO - Processing /home/airflow/.local/lib/python3.12/site-packages/airflow/example_dags/tutorial_dag.py took 0.057 seconds
[2026-04-14T15:38:56.499+0000] {processor.py:186} INFO - Started process (PID=16719) to work on /home/airflow/.local/lib/python3.12/site-packages/airflow/example_dags/tutorial_dag.py
[2026-04-14T15:38:56.500+0000] {processor.py:914} INFO - Processing file /home/airflow/.local/lib/python3.12/site-packages/airflow/example_dags/tutorial_dag.py for tasks to queue
[2026-04-14T15:38:56.501+0000] {logging_mixin.py:190} INFO - [2026-04-14T15:38:56.501+0000] {dagbag.py:588} INFO - Filling up the DagBag from /home/airflow/.local/lib/python3.12/site-packages/airflow/example_dags/tutorial_dag.py
[2026-04-14T15:38:56.505+0000] {processor.py:925} INFO - DAG(s) 'tutorial_dag' retrieved from /home/airflow/.local/lib/python3.12/site-packages/airflow/example_dags/tutorial_dag.py
[2026-04-14T15:38:56.517+0000] {logging_mixin.py:190} INFO - [2026-04-14T15:38:56.517+0000] {dag.py:3239} INFO - Sync 1 DAGs
[2026-04-14T15:38:56.525+0000] {logging_mixin.py:190} INFO - [2026-04-14T15:38:56.524+0000] {dag.py:4180} INFO - Setting next_dagrun for tutorial_dag to None, run_after=None
[2026-04-14T15:38:56.534+0000] {processor.py:208} INFO - Processing /home/airflow/.local/lib/python3.12/site-packages/airflow/example_dags/tutorial_dag.py took 0.038 seconds
[2026-04-14T15:39:27.488+0000] {processor.py:186} INFO - Started process (PID=16783) to work on /home/airflow/.local/lib/python3.12/site-packages/airflow/example_dags/tutorial_dag.py
[2026-04-14T15:39:27.488+0000] {processor.py:914} INFO - Processing file /home/airflow/.local/lib/python3.12/site-packages/airflow/example_dags/tutorial_dag.py for tasks to queue
[2026-04-14T15:39:27.488+0000] {logging_mixin.py:190} INFO - [2026-04-14T15:39:27.488+0000] {dagbag.py:588} INFO - Filling up the DagBag from /home/airflow/.local/lib/python3.12/site-packages/airflow/example_dags/tutorial_dag.py
[2026-04-14T15:39:27.492+0000] {processor.py:925} INFO - DAG(s) 'tutorial_dag' retrieved from /home/airflow/.local/lib/python3.12/site-packages/airflow/example_dags/tutorial_dag.py
[2026-04-14T15:39:27.501+0000] {logging_mixin.py:190} INFO - [2026-04-14T15:39:27.501+0000] {dag.py:3239} INFO - Sync 1 DAGs
[2026-04-14T15:39:27.507+0000] {logging_mixin.py:190} INFO - [2026-04-14T15:39:27.507+0000] {dag.py:4180} INFO - Setting next_dagrun for tutorial_dag to None, run_after=None
[2026-04-14T15:39:27.513+0000] {processor.py:208} INFO - Processing /home/airflow/.local/lib/python3.12/site-packages/airflow/example_dags/tutorial_dag.py took 0.027 seconds
[2026-04-14T15:39:58.408+0000] {processor.py:186} INFO - Started process (PID=16847) to work on /home/airflow/.local/lib/python3.12/site-packages/airflow/example_dags/tutorial_dag.py
[2026-04-14T15:39:58.409+0000] {processor.py:914} INFO - Processing file /home/airflow/.local/lib/python3.12/site-packages/airflow/example_dags/tutorial_dag.py for tasks to queue
[2026-04-14T15:39:58.411+0000] {logging_mixin.py:190} INFO - [2026-04-14T15:39:58.411+0000] {dagbag.py:588} INFO - Filling up the DagBag from /home/airflow/.local/lib/python3.12/site-packages/airflow/example_dags/tutorial_dag.py
[2026-04-14T15:39:58.414+0000] {processor.py:925} INFO - DAG(s) 'tutorial_dag' retrieved from /home/airflow/.local/lib/python3.12/site-packages/airflow/example_dags/tutorial_dag.py
[2026-04-14T15:39:58.421+0000] {logging_mixin.py:190} INFO - [2026-04-14T15:39:58.420+0000] {dag.py:3239} INFO - Sync 1 DAGs
[2026-04-14T15:39:58.428+0000] {logging_mixin.py:190} INFO - [2026-04-14T15:39:58.428+0000] {dag.py:4180} INFO - Setting next_dagrun for tutorial_dag to None, run_after=None
[2026-04-14T15:39:58.441+0000] {processor.py:208} INFO - Processing /home/airflow/.local/lib/python3.12/site-packages/airflow/example_dags/tutorial_dag.py took 0.035 seconds
[2026-04-14T15:40:29.182+0000] {processor.py:186} INFO - Started process (PID=16912) to work on /home/airflow/.local/lib/python3.12/site-packages/airflow/example_dags/tutorial_dag.py
[2026-04-14T15:40:29.183+0000] {processor.py:914} INFO - Processing file /home/airflow/.local/lib/python3.12/site-packages/airflow/example_dags/tutorial_dag.py for tasks to queue
[2026-04-14T15:40:29.184+0000] {logging_mixin.py:190} INFO - [2026-04-14T15:40:29.183+0000] {dagbag.py:588} INFO - Filling up the DagBag from /home/airflow/.local/lib/python3.12/site-packages/airflow/example_dags/tutorial_dag.py
[2026-04-14T15:40:29.189+0000] {processor.py:925} INFO - DAG(s) 'tutorial_dag' retrieved from /home/airflow/.local/lib/python3.12/site-packages/airflow/example_dags/tutorial_dag.py
[2026-04-14T15:40:29.203+0000] {logging_mixin.py:190} INFO - [2026-04-14T15:40:29.203+0000] {dag.py:3239} INFO - Sync 1 DAGs
[2026-04-14T15:40:29.208+0000] {logging_mixin.py:190} INFO - [2026-04-14T15:40:29.208+0000] {dag.py:4180} INFO - Setting next_dagrun for tutorial_dag to None, run_after=None
[2026-04-14T15:40:29.216+0000] {processor.py:208} INFO - Processing /home/airflow/.local/lib/python3.12/site-packages/airflow/example_dags/tutorial_dag.py took 0.036 seconds
[2026-04-14T15:40:59.696+0000] {processor.py:186} INFO - Started process (PID=16976) to work on /home/airflow/.local/lib/python3.12/site-packages/airflow/example_dags/tutorial_dag.py
[2026-04-14T15:40:59.698+0000] {processor.py:914} INFO - Processing file /home/airflow/.local/lib/python3.12/site-packages/airflow/example_dags/tutorial_dag.py for tasks to queue
[2026-04-14T15:40:59.698+0000] {logging_mixin.py:190} INFO - [2026-04-14T15:40:59.698+0000] {dagbag.py:588} INFO - Filling up the DagBag from /home/airflow/.local/lib/python3.12/site-packages/airflow/example_dags/tutorial_dag.py
[2026-04-14T15:40:59.702+0000] {processor.py:925} INFO - DAG(s) 'tutorial_dag' retrieved from /home/airflow/.local/lib/python3.12/site-packages/airflow/example_dags/tutorial_dag.py
[2026-04-14T15:40:59.712+0000] {logging_mixin.py:190} INFO - [2026-04-14T15:40:59.712+0000] {dag.py:3239} INFO - Sync 1 DAGs
[2026-04-14T15:40:59.716+0000] {logging_mixin.py:190} INFO - [2026-04-14T15:40:59.716+0000] {dag.py:4180} INFO - Setting next_dagrun for tutorial_dag to None, run_after=None
[2026-04-14T15:40:59.724+0000] {processor.py:208} INFO - Processing /home/airflow/.local/lib/python3.12/site-packages/airflow/example_dags/tutorial_dag.py took 0.030 seconds
[2026-04-14T15:41:30.083+0000] {processor.py:186} INFO - Started process (PID=17047) to work on /home/airflow/.local/lib/python3.12/site-packages/airflow/example_dags/tutorial_dag.py
[2026-04-14T15:41:30.084+0000] {processor.py:914} INFO - Processing file /home/airflow/.local/lib/python3.12/site-packages/airflow/example_dags/tutorial_dag.py for tasks to queue
[2026-04-14T15:41:30.084+0000] {logging_mixin.py:190} INFO - [2026-04-14T15:41:30.084+0000] {dagbag.py:588} INFO - Filling up the DagBag from /home/airflow/.local/lib/python3.12/site-packages/airflow/example_dags/tutorial_dag.py
[2026-04-14T15:41:30.087+0000] {processor.py:925} INFO - DAG(s) 'tutorial_dag' retrieved from /home/airflow/.local/lib/python3.12/site-packages/airflow/example_dags/tutorial_dag.py
[2026-04-14T15:41:30.094+0000] {logging_mixin.py:190} INFO - [2026-04-14T15:41:30.094+0000] {dag.py:3239} INFO - Sync 1 DAGs
[2026-04-14T15:41:30.098+0000] {logging_mixin.py:190} INFO - [2026-04-14T15:41:30.098+0000] {dag.py:4180} INFO - Setting next_dagrun for tutorial_dag to None, run_after=None
[2026-04-14T15:41:30.103+0000] {processor.py:208} INFO - Processing /home/airflow/.local/lib/python3.12/site-packages/airflow/example_dags/tutorial_dag.py took 0.022 seconds
[2026-04-14T15:42:00.828+0000] {processor.py:186} INFO - Started process (PID=17111) to work on /home/airflow/.local/lib/python3.12/site-packages/airflow/example_dags/tutorial_dag.py
[2026-04-14T15:42:00.829+0000] {processor.py:914} INFO - Processing file /home/airflow/.local/lib/python3.12/site-packages/airflow/example_dags/tutorial_dag.py for tasks to queue
[2026-04-14T15:42:00.829+0000] {logging_mixin.py:190} INFO - [2026-04-14T15:42:00.829+0000] {dagbag.py:588} INFO - Filling up the DagBag from /home/airflow/.local/lib/python3.12/site-packages/airflow/example_dags/tutorial_dag.py
[2026-04-14T15:42:00.832+0000] {processor.py:925} INFO - DAG(s) 'tutorial_dag' retrieved from /home/airflow/.local/lib/python3.12/site-packages/airflow/example_dags/tutorial_dag.py
[2026-04-14T15:42:00.843+0000] {logging_mixin.py:190} INFO - [2026-04-14T15:42:00.843+0000] {dag.py:3239} INFO - Sync 1 DAGs
[2026-04-14T15:42:00.850+0000] {logging_mixin.py:190} INFO - [2026-04-14T15:42:00.850+0000] {dag.py:4180} INFO - Setting next_dagrun for tutorial_dag to None, run_after=None
[2026-04-14T15:42:00.858+0000] {processor.py:208} INFO - Processing /home/airflow/.local/lib/python3.12/site-packages/airflow/example_dags/tutorial_dag.py took 0.032 seconds
[2026-04-14T15:42:31.206+0000] {processor.py:186} INFO - Started process (PID=17175) to work on /home/airflow/.local/lib/python3.12/site-packages/airflow/example_dags/tutorial_dag.py
[2026-04-14T15:42:31.206+0000] {processor.py:914} INFO - Processing file /home/airflow/.local/lib/python3.12/site-packages/airflow/example_dags/tutorial_dag.py for tasks to queue
[2026-04-14T15:42:31.207+0000] {logging_mixin.py:190} INFO - [2026-04-14T15:42:31.207+0000] {dagbag.py:588} INFO - Filling up the DagBag from /home/airflow/.local/lib/python3.12/site-packages/airflow/example_dags/tutorial_dag.py
[2026-04-14T15:42:31.210+0000] {processor.py:925} INFO - DAG(s) 'tutorial_dag' retrieved from /home/airflow/.local/lib/python3.12/site-packages/airflow/example_dags/tutorial_dag.py
[2026-04-14T15:42:31.220+0000] {logging_mixin.py:190} INFO - [2026-04-14T15:42:31.219+0000] {dag.py:3239} INFO - Sync 1 DAGs
[2026-04-14T15:42:31.225+0000] {logging_mixin.py:190} INFO - [2026-04-14T15:42:31.225+0000] {dag.py:4180} INFO - Setting next_dagrun for tutorial_dag to None, run_after=None
[2026-04-14T15:42:31.236+0000] {processor.py:208} INFO - Processing /home/airflow/.local/lib/python3.12/site-packages/airflow/example_dags/tutorial_dag.py took 0.033 seconds
[2026-04-14T15:43:02.497+0000] {processor.py:186} INFO - Started process (PID=17239) to work on /home/airflow/.local/lib/python3.12/site-packages/airflow/example_dags/tutorial_dag.py
[2026-04-14T15:43:02.497+0000] {processor.py:914} INFO - Processing file /home/airflow/.local/lib/python3.12/site-packages/airflow/example_dags/tutorial_dag.py for tasks to queue
[2026-04-14T15:43:02.498+0000] {logging_mixin.py:190} INFO - [2026-04-14T15:43:02.498+0000] {dagbag.py:588} INFO - Filling up the DagBag from /home/airflow/.local/lib/python3.12/site-packages/airflow/example_dags/tutorial_dag.py
[2026-04-14T15:43:02.501+0000] {processor.py:925} INFO - DAG(s) 'tutorial_dag' retrieved from /home/airflow/.local/lib/python3.12/site-packages/airflow/example_dags/tutorial_dag.py
[2026-04-14T15:43:02.508+0000] {logging_mixin.py:190} INFO - [2026-04-14T15:43:02.507+0000] {dag.py:3239} INFO - Sync 1 DAGs
[2026-04-14T15:43:02.512+0000] {logging_mixin.py:190} INFO - [2026-04-14T15:43:02.512+0000] {dag.py:4180} INFO - Setting next_dagrun for tutorial_dag to None, run_after=None
[2026-04-14T15:43:02.518+0000] {processor.py:208} INFO - Processing /home/airflow/.local/lib/python3.12/site-packages/airflow/example_dags/tutorial_dag.py took 0.023 seconds
[2026-04-14T15:43:33.172+0000] {processor.py:186} INFO - Started process (PID=17303) to work on /home/airflow/.local/lib/python3.12/site-packages/airflow/example_dags/tutorial_dag.py
[2026-04-14T15:43:33.172+0000] {processor.py:914} INFO - Processing file /home/airflow/.local/lib/python3.12/site-packages/airflow/example_dags/tutorial_dag.py for tasks to queue
[2026-04-14T15:43:33.173+0000] {logging_mixin.py:190} INFO - [2026-04-14T15:43:33.173+0000] {dagbag.py:588} INFO - Filling up the DagBag from /home/airflow/.local/lib/python3.12/site-packages/airflow/example_dags/tutorial_dag.py
[2026-04-14T15:43:33.176+0000] {processor.py:925} INFO - DAG(s) 'tutorial_dag' retrieved from /home/airflow/.local/lib/python3.12/site-packages/airflow/example_dags/tutorial_dag.py
[2026-04-14T15:43:33.182+0000] {logging_mixin.py:190} INFO - [2026-04-14T15:43:33.182+0000] {dag.py:3239} INFO - Sync 1 DAGs
[2026-04-14T15:43:33.187+0000] {logging_mixin.py:190} INFO - [2026-04-14T15:43:33.187+0000] {dag.py:4180} INFO - Setting next_dagrun for tutorial_dag to None, run_after=None
[2026-04-14T15:43:33.192+0000] {processor.py:208} INFO - Processing /home/airflow/.local/lib/python3.12/site-packages/airflow/example_dags/tutorial_dag.py took 0.022 seconds
[2026-04-14T15:44:03.759+0000] {processor.py:186} INFO - Started process (PID=17367) to work on /home/airflow/.local/lib/python3.12/site-packages/airflow/example_dags/tutorial_dag.py
[2026-04-14T15:44:03.760+0000] {processor.py:914} INFO - Processing file /home/airflow/.local/lib/python3.12/site-packages/airflow/example_dags/tutorial_dag.py for tasks to queue
[2026-04-14T15:44:03.760+0000] {logging_mixin.py:190} INFO - [2026-04-14T15:44:03.760+0000] {dagbag.py:588} INFO - Filling up the DagBag from /home/airflow/.local/lib/python3.12/site-packages/airflow/example_dags/tutorial_dag.py
[2026-04-14T15:44:03.763+0000] {processor.py:925} INFO - DAG(s) 'tutorial_dag' retrieved from /home/airflow/.local/lib/python3.12/site-packages/airflow/example_dags/tutorial_dag.py
[2026-04-14T15:44:03.770+0000] {logging_mixin.py:190} INFO - [2026-04-14T15:44:03.770+0000] {dag.py:3239} INFO - Sync 1 DAGs
[2026-04-14T15:44:03.775+0000] {logging_mixin.py:190} INFO - [2026-04-14T15:44:03.775+0000] {dag.py:4180} INFO - Setting next_dagrun for tutorial_dag to None, run_after=None
[2026-04-14T15:44:03.780+0000] {processor.py:208} INFO - Processing /home/airflow/.local/lib/python3.12/site-packages/airflow/example_dags/tutorial_dag.py took 0.023 seconds
[2026-04-14T15:44:34.457+0000] {processor.py:186} INFO - Started process (PID=17431) to work on /home/airflow/.local/lib/python3.12/site-packages/airflow/example_dags/tutorial_dag.py
[2026-04-14T15:44:34.458+0000] {processor.py:914} INFO - Processing file /home/airflow/.local/lib/python3.12/site-packages/airflow/example_dags/tutorial_dag.py for tasks to queue
[2026-04-14T15:44:34.458+0000] {logging_mixin.py:190} INFO - [2026-04-14T15:44:34.458+0000] {dagbag.py:588} INFO - Filling up the DagBag from /home/airflow/.local/lib/python3.12/site-packages/airflow/example_dags/tutorial_dag.py
[2026-04-14T15:44:34.461+0000] {processor.py:925} INFO - DAG(s) 'tutorial_dag' retrieved from /home/airflow/.local/lib/python3.12/site-packages/airflow/example_dags/tutorial_dag.py
[2026-04-14T15:44:34.468+0000] {logging_mixin.py:190} INFO - [2026-04-14T15:44:34.468+0000] {dag.py:3239} INFO - Sync 1 DAGs
[2026-04-14T15:44:34.472+0000] {logging_mixin.py:190} INFO - [2026-04-14T15:44:34.472+0000] {dag.py:4180} INFO - Setting next_dagrun for tutorial_dag to None, run_after=None
[2026-04-14T15:44:34.477+0000] {processor.py:208} INFO - Processing /home/airflow/.local/lib/python3.12/site-packages/airflow/example_dags/tutorial_dag.py took 0.023 seconds
[2026-04-14T15:45:05.122+0000] {processor.py:186} INFO - Started process (PID=17495) to work on /home/airflow/.local/lib/python3.12/site-packages/airflow/example_dags/tutorial_dag.py
[2026-04-14T15:45:05.123+0000] {processor.py:914} INFO - Processing file /home/airflow/.local/lib/python3.12/site-packages/airflow/example_dags/tutorial_dag.py for tasks to queue
[2026-04-14T15:45:05.123+0000] {logging_mixin.py:190} INFO - [2026-04-14T15:45:05.123+0000] {dagbag.py:588} INFO - Filling up the DagBag from /home/airflow/.local/lib/python3.12/site-packages/airflow/example_dags/tutorial_dag.py
[2026-04-14T15:45:05.126+0000] {processor.py:925} INFO - DAG(s) 'tutorial_dag' retrieved from /home/airflow/.local/lib/python3.12/site-packages/airflow/example_dags/tutorial_dag.py
[2026-04-14T15:45:05.133+0000] {logging_mixin.py:190} INFO - [2026-04-14T15:45:05.133+0000] {dag.py:3239} INFO - Sync 1 DAGs
[2026-04-14T15:45:05.138+0000] {logging_mixin.py:190} INFO - [2026-04-14T15:45:05.138+0000] {dag.py:4180} INFO - Setting next_dagrun for tutorial_dag to None, run_after=None
[2026-04-14T15:45:05.143+0000] {processor.py:208} INFO - Processing /home/airflow/.local/lib/python3.12/site-packages/airflow/example_dags/tutorial_dag.py took 0.022 seconds
[2026-04-14T15:45:35.790+0000] {processor.py:186} INFO - Started process (PID=17559) to work on /home/airflow/.local/lib/python3.12/site-packages/airflow/example_dags/tutorial_dag.py
[2026-04-14T15:45:35.790+0000] {processor.py:914} INFO - Processing file /home/airflow/.local/lib/python3.12/site-packages/airflow/example_dags/tutorial_dag.py for tasks to queue
[2026-04-14T15:45:35.791+0000] {logging_mixin.py:190} INFO - [2026-04-14T15:45:35.791+0000] {dagbag.py:588} INFO - Filling up the DagBag from /home/airflow/.local/lib/python3.12/site-packages/airflow/example_dags/tutorial_dag.py
[2026-04-14T15:45:35.794+0000] {processor.py:925} INFO - DAG(s) 'tutorial_dag' retrieved from /home/airflow/.local/lib/python3.12/site-packages/airflow/example_dags/tutorial_dag.py
[2026-04-14T15:45:35.802+0000] {logging_mixin.py:190} INFO - [2026-04-14T15:45:35.802+0000] {dag.py:3239} INFO - Sync 1 DAGs
[2026-04-14T15:45:35.807+0000] {logging_mixin.py:190} INFO - [2026-04-14T15:45:35.807+0000] {dag.py:4180} INFO - Setting next_dagrun for tutorial_dag to None, run_after=None
[2026-04-14T15:45:35.812+0000] {processor.py:208} INFO - Processing /home/airflow/.local/lib/python3.12/site-packages/airflow/example_dags/tutorial_dag.py took 0.025 seconds
[2026-04-14T15:46:06.635+0000] {processor.py:186} INFO - Started process (PID=17623) to work on /home/airflow/.local/lib/python3.12/site-packages/airflow/example_dags/tutorial_dag.py
[2026-04-14T15:46:06.635+0000] {processor.py:914} INFO - Processing file /home/airflow/.local/lib/python3.12/site-packages/airflow/example_dags/tutorial_dag.py for tasks to queue
[2026-04-14T15:46:06.636+0000] {logging_mixin.py:190} INFO - [2026-04-14T15:46:06.636+0000] {dagbag.py:588} INFO - Filling up the DagBag from /home/airflow/.local/lib/python3.12/site-packages/airflow/example_dags/tutorial_dag.py
[2026-04-14T15:46:06.639+0000] {processor.py:925} INFO - DAG(s) 'tutorial_dag' retrieved from /home/airflow/.local/lib/python3.12/site-packages/airflow/example_dags/tutorial_dag.py
[2026-04-14T15:46:06.645+0000] {logging_mixin.py:190} INFO - [2026-04-14T15:46:06.645+0000] {dag.py:3239} INFO - Sync 1 DAGs
[2026-04-14T15:46:06.650+0000] {logging_mixin.py:190} INFO - [2026-04-14T15:46:06.650+0000] {dag.py:4180} INFO - Setting next_dagrun for tutorial_dag to None, run_after=None
[2026-04-14T15:46:06.655+0000] {processor.py:208} INFO - Processing /home/airflow/.local/lib/python3.12/site-packages/airflow/example_dags/tutorial_dag.py took 0.023 seconds
[2026-04-14T15:46:37.093+0000] {processor.py:186} INFO - Started process (PID=17687) to work on /home/airflow/.local/lib/python3.12/site-packages/airflow/example_dags/tutorial_dag.py
[2026-04-14T15:46:37.094+0000] {processor.py:914} INFO - Processing file /home/airflow/.local/lib/python3.12/site-packages/airflow/example_dags/tutorial_dag.py for tasks to queue
[2026-04-14T15:46:37.094+0000] {logging_mixin.py:190} INFO - [2026-04-14T15:46:37.094+0000] {dagbag.py:588} INFO - Filling up the DagBag from /home/airflow/.local/lib/python3.12/site-packages/airflow/example_dags/tutorial_dag.py
[2026-04-14T15:46:37.099+0000] {processor.py:925} INFO - DAG(s) 'tutorial_dag' retrieved from /home/airflow/.local/lib/python3.12/site-packages/airflow/example_dags/tutorial_dag.py
[2026-04-14T15:46:37.109+0000] {logging_mixin.py:190} INFO - [2026-04-14T15:46:37.108+0000] {dag.py:3239} INFO - Sync 1 DAGs
[2026-04-14T15:46:37.115+0000] {logging_mixin.py:190} INFO - [2026-04-14T15:46:37.115+0000] {dag.py:4180} INFO - Setting next_dagrun for tutorial_dag to None, run_after=None
[2026-04-14T15:46:37.124+0000] {processor.py:208} INFO - Processing /home/airflow/.local/lib/python3.12/site-packages/airflow/example_dags/tutorial_dag.py took 0.034 seconds
[2026-04-14T15:47:07.606+0000] {processor.py:186} INFO - Started process (PID=17751) to work on /home/airflow/.local/lib/python3.12/site-packages/airflow/example_dags/tutorial_dag.py
[2026-04-14T15:47:07.606+0000] {processor.py:914} INFO - Processing file /home/airflow/.local/lib/python3.12/site-packages/airflow/example_dags/tutorial_dag.py for tasks to queue
[2026-04-14T15:47:07.607+0000] {logging_mixin.py:190} INFO - [2026-04-14T15:47:07.607+0000] {dagbag.py:588} INFO - Filling up the DagBag from /home/airflow/.local/lib/python3.12/site-packages/airflow/example_dags/tutorial_dag.py
[2026-04-14T15:47:07.610+0000] {processor.py:925} INFO - DAG(s) 'tutorial_dag' retrieved from /home/airflow/.local/lib/python3.12/site-packages/airflow/example_dags/tutorial_dag.py
[2026-04-14T15:47:07.622+0000] {logging_mixin.py:190} INFO - [2026-04-14T15:47:07.622+0000] {dag.py:3239} INFO - Sync 1 DAGs
[2026-04-14T15:47:07.627+0000] {logging_mixin.py:190} INFO - [2026-04-14T15:47:07.627+0000] {dag.py:4180} INFO - Setting next_dagrun for tutorial_dag to None, run_after=None
[2026-04-14T15:47:07.635+0000] {processor.py:208} INFO - Processing /home/airflow/.local/lib/python3.12/site-packages/airflow/example_dags/tutorial_dag.py took 0.032 seconds
[2026-04-14T15:47:38.142+0000] {processor.py:186} INFO - Started process (PID=17815) to work on /home/airflow/.local/lib/python3.12/site-packages/airflow/example_dags/tutorial_dag.py
[2026-04-14T15:47:38.145+0000] {processor.py:914} INFO - Processing file /home/airflow/.local/lib/python3.12/site-packages/airflow/example_dags/tutorial_dag.py for tasks to queue
[2026-04-14T15:47:38.146+0000] {logging_mixin.py:190} INFO - [2026-04-14T15:47:38.146+0000] {dagbag.py:588} INFO - Filling up the DagBag from /home/airflow/.local/lib/python3.12/site-packages/airflow/example_dags/tutorial_dag.py
[2026-04-14T15:47:38.151+0000] {processor.py:925} INFO - DAG(s) 'tutorial_dag' retrieved from /home/airflow/.local/lib/python3.12/site-packages/airflow/example_dags/tutorial_dag.py
[2026-04-14T15:47:38.165+0000] {logging_mixin.py:190} INFO - [2026-04-14T15:47:38.165+0000] {dag.py:3239} INFO - Sync 1 DAGs
[2026-04-14T15:47:38.178+0000] {logging_mixin.py:190} INFO - [2026-04-14T15:47:38.178+0000] {dag.py:4180} INFO - Setting next_dagrun for tutorial_dag to None, run_after=None
[2026-04-14T15:47:38.194+0000] {processor.py:208} INFO - Processing /home/airflow/.local/lib/python3.12/site-packages/airflow/example_dags/tutorial_dag.py took 0.055 seconds
[2026-04-14T15:48:09.048+0000] {processor.py:186} INFO - Started process (PID=17879) to work on /home/airflow/.local/lib/python3.12/site-packages/airflow/example_dags/tutorial_dag.py
[2026-04-14T15:48:09.048+0000] {processor.py:914} INFO - Processing file /home/airflow/.local/lib/python3.12/site-packages/airflow/example_dags/tutorial_dag.py for tasks to queue
[2026-04-14T15:48:09.049+0000] {logging_mixin.py:190} INFO - [2026-04-14T15:48:09.048+0000] {dagbag.py:588} INFO - Filling up the DagBag from /home/airflow/.local/lib/python3.12/site-packages/airflow/example_dags/tutorial_dag.py
[2026-04-14T15:48:09.051+0000] {processor.py:925} INFO - DAG(s) 'tutorial_dag' retrieved from /home/airflow/.local/lib/python3.12/site-packages/airflow/example_dags/tutorial_dag.py
[2026-04-14T15:48:09.058+0000] {logging_mixin.py:190} INFO - [2026-04-14T15:48:09.058+0000] {dag.py:3239} INFO - Sync 1 DAGs
[2026-04-14T15:48:09.063+0000] {logging_mixin.py:190} INFO - [2026-04-14T15:48:09.063+0000] {dag.py:4180} INFO - Setting next_dagrun for tutorial_dag to None, run_after=None
[2026-04-14T15:48:09.068+0000] {processor.py:208} INFO - Processing /home/airflow/.local/lib/python3.12/site-packages/airflow/example_dags/tutorial_dag.py took 0.022 seconds
[2026-04-14T15:48:39.679+0000] {processor.py:186} INFO - Started process (PID=17943) to work on /home/airflow/.local/lib/python3.12/site-packages/airflow/example_dags/tutorial_dag.py
[2026-04-14T15:48:39.680+0000] {processor.py:914} INFO - Processing file /home/airflow/.local/lib/python3.12/site-packages/airflow/example_dags/tutorial_dag.py for tasks to queue
[2026-04-14T15:48:39.680+0000] {logging_mixin.py:190} INFO - [2026-04-14T15:48:39.680+0000] {dagbag.py:588} INFO - Filling up the DagBag from /home/airflow/.local/lib/python3.12/site-packages/airflow/example_dags/tutorial_dag.py
[2026-04-14T15:48:39.684+0000] {processor.py:925} INFO - DAG(s) 'tutorial_dag' retrieved from /home/airflow/.local/lib/python3.12/site-packages/airflow/example_dags/tutorial_dag.py
[2026-04-14T15:48:39.698+0000] {logging_mixin.py:190} INFO - [2026-04-14T15:48:39.697+0000] {dag.py:3239} INFO - Sync 1 DAGs
[2026-04-14T15:48:39.705+0000] {logging_mixin.py:190} INFO - [2026-04-14T15:48:39.705+0000] {dag.py:4180} INFO - Setting next_dagrun for tutorial_dag to None, run_after=None
[2026-04-14T15:48:39.716+0000] {processor.py:208} INFO - Processing /home/airflow/.local/lib/python3.12/site-packages/airflow/example_dags/tutorial_dag.py took 0.040 seconds
[2026-04-14T15:49:10.254+0000] {processor.py:186} INFO - Started process (PID=18006) to work on /home/airflow/.local/lib/python3.12/site-packages/airflow/example_dags/tutorial_dag.py
[2026-04-14T15:49:10.254+0000] {processor.py:914} INFO - Processing file /home/airflow/.local/lib/python3.12/site-packages/airflow/example_dags/tutorial_dag.py for tasks to queue
[2026-04-14T15:49:10.254+0000] {logging_mixin.py:190} INFO - [2026-04-14T15:49:10.254+0000] {dagbag.py:588} INFO - Filling up the DagBag from /home/airflow/.local/lib/python3.12/site-packages/airflow/example_dags/tutorial_dag.py
[2026-04-14T15:49:10.258+0000] {processor.py:925} INFO - DAG(s) 'tutorial_dag' retrieved from /home/airflow/.local/lib/python3.12/site-packages/airflow/example_dags/tutorial_dag.py
[2026-04-14T15:49:10.265+0000] {logging_mixin.py:190} INFO - [2026-04-14T15:49:10.265+0000] {dag.py:3239} INFO - Sync 1 DAGs
[2026-04-14T15:49:10.270+0000] {logging_mixin.py:190} INFO - [2026-04-14T15:49:10.270+0000] {dag.py:4180} INFO - Setting next_dagrun for tutorial_dag to None, run_after=None
[2026-04-14T15:49:10.275+0000] {processor.py:208} INFO - Processing /home/airflow/.local/lib/python3.12/site-packages/airflow/example_dags/tutorial_dag.py took 0.024 seconds
[2026-04-14T15:49:40.700+0000] {processor.py:186} INFO - Started process (PID=18070) to work on /home/airflow/.local/lib/python3.12/site-packages/airflow/example_dags/tutorial_dag.py
[2026-04-14T15:49:40.700+0000] {processor.py:914} INFO - Processing file /home/airflow/.local/lib/python3.12/site-packages/airflow/example_dags/tutorial_dag.py for tasks to queue
[2026-04-14T15:49:40.701+0000] {logging_mixin.py:190} INFO - [2026-04-14T15:49:40.700+0000] {dagbag.py:588} INFO - Filling up the DagBag from /home/airflow/.local/lib/python3.12/site-packages/airflow/example_dags/tutorial_dag.py
[2026-04-14T15:49:40.703+0000] {processor.py:925} INFO - DAG(s) 'tutorial_dag' retrieved from /home/airflow/.local/lib/python3.12/site-packages/airflow/example_dags/tutorial_dag.py
[2026-04-14T15:49:40.715+0000] {logging_mixin.py:190} INFO - [2026-04-14T15:49:40.715+0000] {dag.py:3239} INFO - Sync 1 DAGs
[2026-04-14T15:49:40.720+0000] {logging_mixin.py:190} INFO - [2026-04-14T15:49:40.720+0000] {dag.py:4180} INFO - Setting next_dagrun for tutorial_dag to None, run_after=None
[2026-04-14T15:49:40.729+0000] {processor.py:208} INFO - Processing /home/airflow/.local/lib/python3.12/site-packages/airflow/example_dags/tutorial_dag.py took 0.032 seconds
[2026-04-14T15:50:11.158+0000] {processor.py:186} INFO - Started process (PID=18134) to work on /home/airflow/.local/lib/python3.12/site-packages/airflow/example_dags/tutorial_dag.py
[2026-04-14T15:50:11.159+0000] {processor.py:914} INFO - Processing file /home/airflow/.local/lib/python3.12/site-packages/airflow/example_dags/tutorial_dag.py for tasks to queue
[2026-04-14T15:50:11.159+0000] {logging_mixin.py:190} INFO - [2026-04-14T15:50:11.159+0000] {dagbag.py:588} INFO - Filling up the DagBag from /home/airflow/.local/lib/python3.12/site-packages/airflow/example_dags/tutorial_dag.py
[2026-04-14T15:50:11.163+0000] {processor.py:925} INFO - DAG(s) 'tutorial_dag' retrieved from /home/airflow/.local/lib/python3.12/site-packages/airflow/example_dags/tutorial_dag.py
[2026-04-14T15:50:11.170+0000] {logging_mixin.py:190} INFO - [2026-04-14T15:50:11.170+0000] {dag.py:3239} INFO - Sync 1 DAGs
[2026-04-14T15:50:11.179+0000] {logging_mixin.py:190} INFO - [2026-04-14T15:50:11.179+0000] {dag.py:4180} INFO - Setting next_dagrun for tutorial_dag to None, run_after=None
[2026-04-14T15:50:11.188+0000] {processor.py:208} INFO - Processing /home/airflow/.local/lib/python3.12/site-packages/airflow/example_dags/tutorial_dag.py took 0.033 seconds
[2026-04-14T15:50:41.522+0000] {processor.py:186} INFO - Started process (PID=18198) to work on /home/airflow/.local/lib/python3.12/site-packages/airflow/example_dags/tutorial_dag.py
[2026-04-14T15:50:41.522+0000] {processor.py:914} INFO - Processing file /home/airflow/.local/lib/python3.12/site-packages/airflow/example_dags/tutorial_dag.py for tasks to queue
[2026-04-14T15:50:41.522+0000] {logging_mixin.py:190} INFO - [2026-04-14T15:50:41.522+0000] {dagbag.py:588} INFO - Filling up the DagBag from /home/airflow/.local/lib/python3.12/site-packages/airflow/example_dags/tutorial_dag.py
[2026-04-14T15:50:41.525+0000] {processor.py:925} INFO - DAG(s) 'tutorial_dag' retrieved from /home/airflow/.local/lib/python3.12/site-packages/airflow/example_dags/tutorial_dag.py
[2026-04-14T15:50:41.532+0000] {logging_mixin.py:190} INFO - [2026-04-14T15:50:41.532+0000] {dag.py:3239} INFO - Sync 1 DAGs
[2026-04-14T15:50:41.536+0000] {logging_mixin.py:190} INFO - [2026-04-14T15:50:41.536+0000] {dag.py:4180} INFO - Setting next_dagrun for tutorial_dag to None, run_after=None
[2026-04-14T15:50:41.541+0000] {processor.py:208} INFO - Processing /home/airflow/.local/lib/python3.12/site-packages/airflow/example_dags/tutorial_dag.py took 0.022 seconds
[2026-04-14T15:51:12.065+0000] {processor.py:186} INFO - Started process (PID=18262) to work on /home/airflow/.local/lib/python3.12/site-packages/airflow/example_dags/tutorial_dag.py
[2026-04-14T15:51:12.066+0000] {processor.py:914} INFO - Processing file /home/airflow/.local/lib/python3.12/site-packages/airflow/example_dags/tutorial_dag.py for tasks to queue
[2026-04-14T15:51:12.066+0000] {logging_mixin.py:190} INFO - [2026-04-14T15:51:12.066+0000] {dagbag.py:588} INFO - Filling up the DagBag from /home/airflow/.local/lib/python3.12/site-packages/airflow/example_dags/tutorial_dag.py
[2026-04-14T15:51:12.070+0000] {processor.py:925} INFO - DAG(s) 'tutorial_dag' retrieved from /home/airflow/.local/lib/python3.12/site-packages/airflow/example_dags/tutorial_dag.py
[2026-04-14T15:51:12.079+0000] {logging_mixin.py:190} INFO - [2026-04-14T15:51:12.079+0000] {dag.py:3239} INFO - Sync 1 DAGs
[2026-04-14T15:51:12.085+0000] {logging_mixin.py:190} INFO - [2026-04-14T15:51:12.084+0000] {dag.py:4180} INFO - Setting next_dagrun for tutorial_dag to None, run_after=None
[2026-04-14T15:51:12.091+0000] {processor.py:208} INFO - Processing /home/airflow/.local/lib/python3.12/site-packages/airflow/example_dags/tutorial_dag.py took 0.030 seconds
[2026-04-14T15:51:42.947+0000] {processor.py:186} INFO - Started process (PID=18326) to work on /home/airflow/.local/lib/python3.12/site-packages/airflow/example_dags/tutorial_dag.py
[2026-04-14T15:51:42.947+0000] {processor.py:914} INFO - Processing file /home/airflow/.local/lib/python3.12/site-packages/airflow/example_dags/tutorial_dag.py for tasks to queue
[2026-04-14T15:51:42.948+0000] {logging_mixin.py:190} INFO - [2026-04-14T15:51:42.948+0000] {dagbag.py:588} INFO - Filling up the DagBag from /home/airflow/.local/lib/python3.12/site-packages/airflow/example_dags/tutorial_dag.py
[2026-04-14T15:51:42.951+0000] {processor.py:925} INFO - DAG(s) 'tutorial_dag' retrieved from /home/airflow/.local/lib/python3.12/site-packages/airflow/example_dags/tutorial_dag.py
[2026-04-14T15:51:42.958+0000] {logging_mixin.py:190} INFO - [2026-04-14T15:51:42.958+0000] {dag.py:3239} INFO - Sync 1 DAGs
[2026-04-14T15:51:42.963+0000] {logging_mixin.py:190} INFO - [2026-04-14T15:51:42.963+0000] {dag.py:4180} INFO - Setting next_dagrun for tutorial_dag to None, run_after=None
[2026-04-14T15:51:42.968+0000] {processor.py:208} INFO - Processing /home/airflow/.local/lib/python3.12/site-packages/airflow/example_dags/tutorial_dag.py took 0.024 seconds
[2026-04-14T15:52:13.370+0000] {processor.py:186} INFO - Started process (PID=18390) to work on /home/airflow/.local/lib/python3.12/site-packages/airflow/example_dags/tutorial_dag.py
[2026-04-14T15:52:13.370+0000] {processor.py:914} INFO - Processing file /home/airflow/.local/lib/python3.12/site-packages/airflow/example_dags/tutorial_dag.py for tasks to queue
[2026-04-14T15:52:13.371+0000] {logging_mixin.py:190} INFO - [2026-04-14T15:52:13.371+0000] {dagbag.py:588} INFO - Filling up the DagBag from /home/airflow/.local/lib/python3.12/site-packages/airflow/example_dags/tutorial_dag.py
[2026-04-14T15:52:13.374+0000] {processor.py:925} INFO - DAG(s) 'tutorial_dag' retrieved from /home/airflow/.local/lib/python3.12/site-packages/airflow/example_dags/tutorial_dag.py
[2026-04-14T15:52:13.381+0000] {logging_mixin.py:190} INFO - [2026-04-14T15:52:13.381+0000] {dag.py:3239} INFO - Sync 1 DAGs
[2026-04-14T15:52:13.385+0000] {logging_mixin.py:190} INFO - [2026-04-14T15:52:13.385+0000] {dag.py:4180} INFO - Setting next_dagrun for tutorial_dag to None, run_after=None
[2026-04-14T15:52:13.391+0000] {processor.py:208} INFO - Processing /home/airflow/.local/lib/python3.12/site-packages/airflow/example_dags/tutorial_dag.py took 0.023 seconds
[2026-04-14T15:52:44.000+0000] {processor.py:186} INFO - Started process (PID=18454) to work on /home/airflow/.local/lib/python3.12/site-packages/airflow/example_dags/tutorial_dag.py
[2026-04-14T15:52:44.001+0000] {processor.py:914} INFO - Processing file /home/airflow/.local/lib/python3.12/site-packages/airflow/example_dags/tutorial_dag.py for tasks to queue
[2026-04-14T15:52:44.002+0000] {logging_mixin.py:190} INFO - [2026-04-14T15:52:44.001+0000] {dagbag.py:588} INFO - Filling up the DagBag from /home/airflow/.local/lib/python3.12/site-packages/airflow/example_dags/tutorial_dag.py
[2026-04-14T15:52:44.007+0000] {processor.py:925} INFO - DAG(s) 'tutorial_dag' retrieved from /home/airflow/.local/lib/python3.12/site-packages/airflow/example_dags/tutorial_dag.py
[2026-04-14T15:52:44.019+0000] {logging_mixin.py:190} INFO - [2026-04-14T15:52:44.019+0000] {dag.py:3239} INFO - Sync 1 DAGs
[2026-04-14T15:52:44.025+0000] {logging_mixin.py:190} INFO - [2026-04-14T15:52:44.025+0000] {dag.py:4180} INFO - Setting next_dagrun for tutorial_dag to None, run_after=None
[2026-04-14T15:52:44.035+0000] {processor.py:208} INFO - Processing /home/airflow/.local/lib/python3.12/site-packages/airflow/example_dags/tutorial_dag.py took 0.038 seconds
[2026-04-14T15:53:14.563+0000] {processor.py:186} INFO - Started process (PID=18518) to work on /home/airflow/.local/lib/python3.12/site-packages/airflow/example_dags/tutorial_dag.py
[2026-04-14T15:53:14.563+0000] {processor.py:914} INFO - Processing file /home/airflow/.local/lib/python3.12/site-packages/airflow/example_dags/tutorial_dag.py for tasks to queue
[2026-04-14T15:53:14.564+0000] {logging_mixin.py:190} INFO - [2026-04-14T15:53:14.564+0000] {dagbag.py:588} INFO - Filling up the DagBag from /home/airflow/.local/lib/python3.12/site-packages/airflow/example_dags/tutorial_dag.py
[2026-04-14T15:53:14.569+0000] {processor.py:925} INFO - DAG(s) 'tutorial_dag' retrieved from /home/airflow/.local/lib/python3.12/site-packages/airflow/example_dags/tutorial_dag.py
[2026-04-14T15:53:14.582+0000] {logging_mixin.py:190} INFO - [2026-04-14T15:53:14.582+0000] {dag.py:3239} INFO - Sync 1 DAGs
[2026-04-14T15:53:14.594+0000] {logging_mixin.py:190} INFO - [2026-04-14T15:53:14.594+0000] {dag.py:4180} INFO - Setting next_dagrun for tutorial_dag to None, run_after=None
[2026-04-14T15:53:14.604+0000] {processor.py:208} INFO - Processing /home/airflow/.local/lib/python3.12/site-packages/airflow/example_dags/tutorial_dag.py took 0.044 seconds
[2026-04-14T15:53:44.887+0000] {processor.py:186} INFO - Started process (PID=18582) to work on /home/airflow/.local/lib/python3.12/site-packages/airflow/example_dags/tutorial_dag.py
[2026-04-14T15:53:44.887+0000] {processor.py:914} INFO - Processing file /home/airflow/.local/lib/python3.12/site-packages/airflow/example_dags/tutorial_dag.py for tasks to queue
[2026-04-14T15:53:44.887+0000] {logging_mixin.py:190} INFO - [2026-04-14T15:53:44.887+0000] {dagbag.py:588} INFO - Filling up the DagBag from /home/airflow/.local/lib/python3.12/site-packages/airflow/example_dags/tutorial_dag.py
[2026-04-14T15:53:44.890+0000] {processor.py:925} INFO - DAG(s) 'tutorial_dag' retrieved from /home/airflow/.local/lib/python3.12/site-packages/airflow/example_dags/tutorial_dag.py
[2026-04-14T15:53:44.897+0000] {logging_mixin.py:190} INFO - [2026-04-14T15:53:44.897+0000] {dag.py:3239} INFO - Sync 1 DAGs
[2026-04-14T15:53:44.901+0000] {logging_mixin.py:190} INFO - [2026-04-14T15:53:44.901+0000] {dag.py:4180} INFO - Setting next_dagrun for tutorial_dag to None, run_after=None
[2026-04-14T15:53:44.906+0000] {processor.py:208} INFO - Processing /home/airflow/.local/lib/python3.12/site-packages/airflow/example_dags/tutorial_dag.py took 0.022 seconds
[2026-04-14T15:54:15.301+0000] {processor.py:186} INFO - Started process (PID=18646) to work on /home/airflow/.local/lib/python3.12/site-packages/airflow/example_dags/tutorial_dag.py
[2026-04-14T15:54:15.301+0000] {processor.py:914} INFO - Processing file /home/airflow/.local/lib/python3.12/site-packages/airflow/example_dags/tutorial_dag.py for tasks to queue
[2026-04-14T15:54:15.302+0000] {logging_mixin.py:190} INFO - [2026-04-14T15:54:15.302+0000] {dagbag.py:588} INFO - Filling up the DagBag from /home/airflow/.local/lib/python3.12/site-packages/airflow/example_dags/tutorial_dag.py
[2026-04-14T15:54:15.305+0000] {processor.py:925} INFO - DAG(s) 'tutorial_dag' retrieved from /home/airflow/.local/lib/python3.12/site-packages/airflow/example_dags/tutorial_dag.py
[2026-04-14T15:54:15.314+0000] {logging_mixin.py:190} INFO - [2026-04-14T15:54:15.314+0000] {dag.py:3239} INFO - Sync 1 DAGs
[2026-04-14T15:54:15.320+0000] {logging_mixin.py:190} INFO - [2026-04-14T15:54:15.320+0000] {dag.py:4180} INFO - Setting next_dagrun for tutorial_dag to None, run_after=None
[2026-04-14T15:54:15.331+0000] {processor.py:208} INFO - Processing /home/airflow/.local/lib/python3.12/site-packages/airflow/example_dags/tutorial_dag.py took 0.033 seconds
[2026-04-14T15:54:45.659+0000] {processor.py:186} INFO - Started process (PID=18710) to work on /home/airflow/.local/lib/python3.12/site-packages/airflow/example_dags/tutorial_dag.py
[2026-04-14T15:54:45.660+0000] {processor.py:914} INFO - Processing file /home/airflow/.local/lib/python3.12/site-packages/airflow/example_dags/tutorial_dag.py for tasks to queue
[2026-04-14T15:54:45.660+0000] {logging_mixin.py:190} INFO - [2026-04-14T15:54:45.660+0000] {dagbag.py:588} INFO - Filling up the DagBag from /home/airflow/.local/lib/python3.12/site-packages/airflow/example_dags/tutorial_dag.py
[2026-04-14T15:54:45.663+0000] {processor.py:925} INFO - DAG(s) 'tutorial_dag' retrieved from /home/airflow/.local/lib/python3.12/site-packages/airflow/example_dags/tutorial_dag.py
[2026-04-14T15:54:45.670+0000] {logging_mixin.py:190} INFO - [2026-04-14T15:54:45.670+0000] {dag.py:3239} INFO - Sync 1 DAGs
[2026-04-14T15:54:45.674+0000] {logging_mixin.py:190} INFO - [2026-04-14T15:54:45.674+0000] {dag.py:4180} INFO - Setting next_dagrun for tutorial_dag to None, run_after=None
[2026-04-14T15:54:45.679+0000] {processor.py:208} INFO - Processing /home/airflow/.local/lib/python3.12/site-packages/airflow/example_dags/tutorial_dag.py took 0.022 seconds
[2026-04-14T15:55:15.984+0000] {processor.py:186} INFO - Started process (PID=18774) to work on /home/airflow/.local/lib/python3.12/site-packages/airflow/example_dags/tutorial_dag.py
[2026-04-14T15:55:15.985+0000] {processor.py:914} INFO - Processing file /home/airflow/.local/lib/python3.12/site-packages/airflow/example_dags/tutorial_dag.py for tasks to queue
[2026-04-14T15:55:15.985+0000] {logging_mixin.py:190} INFO - [2026-04-14T15:55:15.985+0000] {dagbag.py:588} INFO - Filling up the DagBag from /home/airflow/.local/lib/python3.12/site-packages/airflow/example_dags/tutorial_dag.py
[2026-04-14T15:55:15.988+0000] {processor.py:925} INFO - DAG(s) 'tutorial_dag' retrieved from /home/airflow/.local/lib/python3.12/site-packages/airflow/example_dags/tutorial_dag.py
[2026-04-14T15:55:15.995+0000] {logging_mixin.py:190} INFO - [2026-04-14T15:55:15.995+0000] {dag.py:3239} INFO - Sync 1 DAGs
[2026-04-14T15:55:16.000+0000] {logging_mixin.py:190} INFO - [2026-04-14T15:55:16.000+0000] {dag.py:4180} INFO - Setting next_dagrun for tutorial_dag to None, run_after=None
[2026-04-14T15:55:16.006+0000] {processor.py:208} INFO - Processing /home/airflow/.local/lib/python3.12/site-packages/airflow/example_dags/tutorial_dag.py took 0.024 seconds
[2026-04-14T15:55:47.285+0000] {processor.py:186} INFO - Started process (PID=18838) to work on /home/airflow/.local/lib/python3.12/site-packages/airflow/example_dags/tutorial_dag.py
[2026-04-14T15:55:47.285+0000] {processor.py:914} INFO - Processing file /home/airflow/.local/lib/python3.12/site-packages/airflow/example_dags/tutorial_dag.py for tasks to queue
[2026-04-14T15:55:47.285+0000] {logging_mixin.py:190} INFO - [2026-04-14T15:55:47.285+0000] {dagbag.py:588} INFO - Filling up the DagBag from /home/airflow/.local/lib/python3.12/site-packages/airflow/example_dags/tutorial_dag.py
[2026-04-14T15:55:47.288+0000] {processor.py:925} INFO - DAG(s) 'tutorial_dag' retrieved from /home/airflow/.local/lib/python3.12/site-packages/airflow/example_dags/tutorial_dag.py
[2026-04-14T15:55:47.295+0000] {logging_mixin.py:190} INFO - [2026-04-14T15:55:47.295+0000] {dag.py:3239} INFO - Sync 1 DAGs
[2026-04-14T15:55:47.299+0000] {logging_mixin.py:190} INFO - [2026-04-14T15:55:47.299+0000] {dag.py:4180} INFO - Setting next_dagrun for tutorial_dag to None, run_after=None
[2026-04-14T15:55:47.304+0000] {processor.py:208} INFO - Processing /home/airflow/.local/lib/python3.12/site-packages/airflow/example_dags/tutorial_dag.py took 0.022 seconds
[2026-04-14T15:56:18.573+0000] {processor.py:186} INFO - Started process (PID=18902) to work on /home/airflow/.local/lib/python3.12/site-packages/airflow/example_dags/tutorial_dag.py
[2026-04-14T15:56:18.574+0000] {processor.py:914} INFO - Processing file /home/airflow/.local/lib/python3.12/site-packages/airflow/example_dags/tutorial_dag.py for tasks to queue
[2026-04-14T15:56:18.574+0000] {logging_mixin.py:190} INFO - [2026-04-14T15:56:18.574+0000] {dagbag.py:588} INFO - Filling up the DagBag from /home/airflow/.local/lib/python3.12/site-packages/airflow/example_dags/tutorial_dag.py
[2026-04-14T15:56:18.578+0000] {processor.py:925} INFO - DAG(s) 'tutorial_dag' retrieved from /home/airflow/.local/lib/python3.12/site-packages/airflow/example_dags/tutorial_dag.py
[2026-04-14T15:56:18.585+0000] {logging_mixin.py:190} INFO - [2026-04-14T15:56:18.585+0000] {dag.py:3239} INFO - Sync 1 DAGs
[2026-04-14T15:56:18.590+0000] {logging_mixin.py:190} INFO - [2026-04-14T15:56:18.590+0000] {dag.py:4180} INFO - Setting next_dagrun for tutorial_dag to None, run_after=None
[2026-04-14T15:56:18.596+0000] {processor.py:208} INFO - Processing /home/airflow/.local/lib/python3.12/site-packages/airflow/example_dags/tutorial_dag.py took 0.026 seconds
[2026-04-14T15:56:49.077+0000] {processor.py:186} INFO - Started process (PID=18966) to work on /home/airflow/.local/lib/python3.12/site-packages/airflow/example_dags/tutorial_dag.py
[2026-04-14T15:56:49.079+0000] {processor.py:914} INFO - Processing file /home/airflow/.local/lib/python3.12/site-packages/airflow/example_dags/tutorial_dag.py for tasks to queue
[2026-04-14T15:56:49.080+0000] {logging_mixin.py:190} INFO - [2026-04-14T15:56:49.079+0000] {dagbag.py:588} INFO - Filling up the DagBag from /home/airflow/.local/lib/python3.12/site-packages/airflow/example_dags/tutorial_dag.py
[2026-04-14T15:56:49.084+0000] {processor.py:925} INFO - DAG(s) 'tutorial_dag' retrieved from /home/airflow/.local/lib/python3.12/site-packages/airflow/example_dags/tutorial_dag.py
[2026-04-14T15:56:49.097+0000] {logging_mixin.py:190} INFO - [2026-04-14T15:56:49.097+0000] {dag.py:3239} INFO - Sync 1 DAGs
[2026-04-14T15:56:49.103+0000] {logging_mixin.py:190} INFO - [2026-04-14T15:56:49.103+0000] {dag.py:4180} INFO - Setting next_dagrun for tutorial_dag to None, run_after=None
[2026-04-14T15:56:49.113+0000] {processor.py:208} INFO - Processing /home/airflow/.local/lib/python3.12/site-packages/airflow/example_dags/tutorial_dag.py took 0.039 seconds
[2026-04-14T15:57:19.665+0000] {processor.py:186} INFO - Started process (PID=19030) to work on /home/airflow/.local/lib/python3.12/site-packages/airflow/example_dags/tutorial_dag.py
[2026-04-14T15:57:19.665+0000] {processor.py:914} INFO - Processing file /home/airflow/.local/lib/python3.12/site-packages/airflow/example_dags/tutorial_dag.py for tasks to queue
[2026-04-14T15:57:19.665+0000] {logging_mixin.py:190} INFO - [2026-04-14T15:57:19.665+0000] {dagbag.py:588} INFO - Filling up the DagBag from /home/airflow/.local/lib/python3.12/site-packages/airflow/example_dags/tutorial_dag.py
[2026-04-14T15:57:19.668+0000] {processor.py:925} INFO - DAG(s) 'tutorial_dag' retrieved from /home/airflow/.local/lib/python3.12/site-packages/airflow/example_dags/tutorial_dag.py
[2026-04-14T15:57:19.675+0000] {logging_mixin.py:190} INFO - [2026-04-14T15:57:19.675+0000] {dag.py:3239} INFO - Sync 1 DAGs
[2026-04-14T15:57:19.680+0000] {logging_mixin.py:190} INFO - [2026-04-14T15:57:19.680+0000] {dag.py:4180} INFO - Setting next_dagrun for tutorial_dag to None, run_after=None
[2026-04-14T15:57:19.685+0000] {processor.py:208} INFO - Processing /home/airflow/.local/lib/python3.12/site-packages/airflow/example_dags/tutorial_dag.py took 0.022 seconds
[2026-04-14T15:57:50.109+0000] {processor.py:186} INFO - Started process (PID=19094) to work on /home/airflow/.local/lib/python3.12/site-packages/airflow/example_dags/tutorial_dag.py
[2026-04-14T15:57:50.109+0000] {processor.py:914} INFO - Processing file /home/airflow/.local/lib/python3.12/site-packages/airflow/example_dags/tutorial_dag.py for tasks to queue
[2026-04-14T15:57:50.109+0000] {logging_mixin.py:190} INFO - [2026-04-14T15:57:50.109+0000] {dagbag.py:588} INFO - Filling up the DagBag from /home/airflow/.local/lib/python3.12/site-packages/airflow/example_dags/tutorial_dag.py
[2026-04-14T15:57:50.112+0000] {processor.py:925} INFO - DAG(s) 'tutorial_dag' retrieved from /home/airflow/.local/lib/python3.12/site-packages/airflow/example_dags/tutorial_dag.py
[2026-04-14T15:57:50.123+0000] {logging_mixin.py:190} INFO - [2026-04-14T15:57:50.122+0000] {dag.py:3239} INFO - Sync 1 DAGs
[2026-04-14T15:57:50.129+0000] {logging_mixin.py:190} INFO - [2026-04-14T15:57:50.129+0000] {dag.py:4180} INFO - Setting next_dagrun for tutorial_dag to None, run_after=None
[2026-04-14T15:57:50.138+0000] {processor.py:208} INFO - Processing /home/airflow/.local/lib/python3.12/site-packages/airflow/example_dags/tutorial_dag.py took 0.032 seconds
[2026-04-14T15:58:21.350+0000] {processor.py:186} INFO - Started process (PID=19158) to work on /home/airflow/.local/lib/python3.12/site-packages/airflow/example_dags/tutorial_dag.py
[2026-04-14T15:58:21.351+0000] {processor.py:914} INFO - Processing file /home/airflow/.local/lib/python3.12/site-packages/airflow/example_dags/tutorial_dag.py for tasks to queue
[2026-04-14T15:58:21.351+0000] {logging_mixin.py:190} INFO - [2026-04-14T15:58:21.351+0000] {dagbag.py:588} INFO - Filling up the DagBag from /home/airflow/.local/lib/python3.12/site-packages/airflow/example_dags/tutorial_dag.py
[2026-04-14T15:58:21.354+0000] {processor.py:925} INFO - DAG(s) 'tutorial_dag' retrieved from /home/airflow/.local/lib/python3.12/site-packages/airflow/example_dags/tutorial_dag.py
[2026-04-14T15:58:21.361+0000] {logging_mixin.py:190} INFO - [2026-04-14T15:58:21.360+0000] {dag.py:3239} INFO - Sync 1 DAGs
[2026-04-14T15:58:21.365+0000] {logging_mixin.py:190} INFO - [2026-04-14T15:58:21.365+0000] {dag.py:4180} INFO - Setting next_dagrun for tutorial_dag to None, run_after=None
[2026-04-14T15:58:21.370+0000] {processor.py:208} INFO - Processing /home/airflow/.local/lib/python3.12/site-packages/airflow/example_dags/tutorial_dag.py took 0.022 seconds
[2026-04-14T15:58:51.640+0000] {processor.py:186} INFO - Started process (PID=19222) to work on /home/airflow/.local/lib/python3.12/site-packages/airflow/example_dags/tutorial_dag.py
[2026-04-14T15:58:51.641+0000] {processor.py:914} INFO - Processing file /home/airflow/.local/lib/python3.12/site-packages/airflow/example_dags/tutorial_dag.py for tasks to queue
[2026-04-14T15:58:51.642+0000] {logging_mixin.py:190} INFO - [2026-04-14T15:58:51.642+0000] {dagbag.py:588} INFO - Filling up the DagBag from /home/airflow/.local/lib/python3.12/site-packages/airflow/example_dags/tutorial_dag.py
[2026-04-14T15:58:51.645+0000] {processor.py:925} INFO - DAG(s) 'tutorial_dag' retrieved from /home/airflow/.local/lib/python3.12/site-packages/airflow/example_dags/tutorial_dag.py
[2026-04-14T15:58:51.655+0000] {logging_mixin.py:190} INFO - [2026-04-14T15:58:51.655+0000] {dag.py:3239} INFO - Sync 1 DAGs
[2026-04-14T15:58:51.662+0000] {logging_mixin.py:190} INFO - [2026-04-14T15:58:51.661+0000] {dag.py:4180} INFO - Setting next_dagrun for tutorial_dag to None, run_after=None
[2026-04-14T15:58:51.673+0000] {processor.py:208} INFO - Processing /home/airflow/.local/lib/python3.12/site-packages/airflow/example_dags/tutorial_dag.py took 0.036 seconds
[2026-04-14T15:59:22.046+0000] {processor.py:186} INFO - Started process (PID=19286) to work on /home/airflow/.local/lib/python3.12/site-packages/airflow/example_dags/tutorial_dag.py
[2026-04-14T15:59:22.047+0000] {processor.py:914} INFO - Processing file /home/airflow/.local/lib/python3.12/site-packages/airflow/example_dags/tutorial_dag.py for tasks to queue
[2026-04-14T15:59:22.047+0000] {logging_mixin.py:190} INFO - [2026-04-14T15:59:22.047+0000] {dagbag.py:588} INFO - Filling up the DagBag from /home/airflow/.local/lib/python3.12/site-packages/airflow/example_dags/tutorial_dag.py
[2026-04-14T15:59:22.051+0000] {processor.py:925} INFO - DAG(s) 'tutorial_dag' retrieved from /home/airflow/.local/lib/python3.12/site-packages/airflow/example_dags/tutorial_dag.py
[2026-04-14T15:59:22.064+0000] {logging_mixin.py:190} INFO - [2026-04-14T15:59:22.064+0000] {dag.py:3239} INFO - Sync 1 DAGs
[2026-04-14T15:59:22.071+0000] {logging_mixin.py:190} INFO - [2026-04-14T15:59:22.071+0000] {dag.py:4180} INFO - Setting next_dagrun for tutorial_dag to None, run_after=None
[2026-04-14T15:59:22.082+0000] {processor.py:208} INFO - Processing /home/airflow/.local/lib/python3.12/site-packages/airflow/example_dags/tutorial_dag.py took 0.038 seconds
[2026-04-14T15:59:52.648+0000] {processor.py:186} INFO - Started process (PID=19350) to work on /home/airflow/.local/lib/python3.12/site-packages/airflow/example_dags/tutorial_dag.py
[2026-04-14T15:59:52.648+0000] {processor.py:914} INFO - Processing file /home/airflow/.local/lib/python3.12/site-packages/airflow/example_dags/tutorial_dag.py for tasks to queue
[2026-04-14T15:59:52.648+0000] {logging_mixin.py:190} INFO - [2026-04-14T15:59:52.648+0000] {dagbag.py:588} INFO - Filling up the DagBag from /home/airflow/.local/lib/python3.12/site-packages/airflow/example_dags/tutorial_dag.py
[2026-04-14T15:59:52.651+0000] {processor.py:925} INFO - DAG(s) 'tutorial_dag' retrieved from /home/airflow/.local/lib/python3.12/site-packages/airflow/example_dags/tutorial_dag.py
[2026-04-14T15:59:52.658+0000] {logging_mixin.py:190} INFO - [2026-04-14T15:59:52.658+0000] {dag.py:3239} INFO - Sync 1 DAGs
[2026-04-14T15:59:52.663+0000] {logging_mixin.py:190} INFO - [2026-04-14T15:59:52.663+0000] {dag.py:4180} INFO - Setting next_dagrun for tutorial_dag to None, run_after=None
[2026-04-14T15:59:52.668+0000] {processor.py:208} INFO - Processing /home/airflow/.local/lib/python3.12/site-packages/airflow/example_dags/tutorial_dag.py took 0.023 seconds
[2026-04-14T16:00:23.150+0000] {processor.py:186} INFO - Started process (PID=19414) to work on /home/airflow/.local/lib/python3.12/site-packages/airflow/example_dags/tutorial_dag.py
[2026-04-14T16:00:23.150+0000] {processor.py:914} INFO - Processing file /home/airflow/.local/lib/python3.12/site-packages/airflow/example_dags/tutorial_dag.py for tasks to queue
[2026-04-14T16:00:23.151+0000] {logging_mixin.py:190} INFO - [2026-04-14T16:00:23.151+0000] {dagbag.py:588} INFO - Filling up the DagBag from /home/airflow/.local/lib/python3.12/site-packages/airflow/example_dags/tutorial_dag.py
[2026-04-14T16:00:23.155+0000] {processor.py:925} INFO - DAG(s) 'tutorial_dag' retrieved from /home/airflow/.local/lib/python3.12/site-packages/airflow/example_dags/tutorial_dag.py
[2026-04-14T16:00:23.164+0000] {logging_mixin.py:190} INFO - [2026-04-14T16:00:23.164+0000] {dag.py:3239} INFO - Sync 1 DAGs
[2026-04-14T16:00:23.172+0000] {logging_mixin.py:190} INFO - [2026-04-14T16:00:23.172+0000] {dag.py:4180} INFO - Setting next_dagrun for tutorial_dag to None, run_after=None
[2026-04-14T16:00:23.181+0000] {processor.py:208} INFO - Processing /home/airflow/.local/lib/python3.12/site-packages/airflow/example_dags/tutorial_dag.py took 0.034 seconds
[2026-04-14T16:00:53.664+0000] {processor.py:186} INFO - Started process (PID=19478) to work on /home/airflow/.local/lib/python3.12/site-packages/airflow/example_dags/tutorial_dag.py
[2026-04-14T16:00:53.664+0000] {processor.py:914} INFO - Processing file /home/airflow/.local/lib/python3.12/site-packages/airflow/example_dags/tutorial_dag.py for tasks to queue
[2026-04-14T16:00:53.665+0000] {logging_mixin.py:190} INFO - [2026-04-14T16:00:53.665+0000] {dagbag.py:588} INFO - Filling up the DagBag from /home/airflow/.local/lib/python3.12/site-packages/airflow/example_dags/tutorial_dag.py
[2026-04-14T16:00:53.669+0000] {processor.py:925} INFO - DAG(s) 'tutorial_dag' retrieved from /home/airflow/.local/lib/python3.12/site-packages/airflow/example_dags/tutorial_dag.py
[2026-04-14T16:00:53.678+0000] {logging_mixin.py:190} INFO - [2026-04-14T16:00:53.678+0000] {dag.py:3239} INFO - Sync 1 DAGs
[2026-04-14T16:00:53.685+0000] {logging_mixin.py:190} INFO - [2026-04-14T16:00:53.685+0000] {dag.py:4180} INFO - Setting next_dagrun for tutorial_dag to None, run_after=None
[2026-04-14T16:00:53.701+0000] {processor.py:208} INFO - Processing /home/airflow/.local/lib/python3.12/site-packages/airflow/example_dags/tutorial_dag.py took 0.040 seconds
[2026-04-14T16:01:24.146+0000] {processor.py:186} INFO - Started process (PID=19541) to work on /home/airflow/.local/lib/python3.12/site-packages/airflow/example_dags/tutorial_dag.py
[2026-04-14T16:01:24.146+0000] {processor.py:914} INFO - Processing file /home/airflow/.local/lib/python3.12/site-packages/airflow/example_dags/tutorial_dag.py for tasks to queue
[2026-04-14T16:01:24.147+0000] {logging_mixin.py:190} INFO - [2026-04-14T16:01:24.147+0000] {dagbag.py:588} INFO - Filling up the DagBag from /home/airflow/.local/lib/python3.12/site-packages/airflow/example_dags/tutorial_dag.py
[2026-04-14T16:01:24.150+0000] {processor.py:925} INFO - DAG(s) 'tutorial_dag' retrieved from /home/airflow/.local/lib/python3.12/site-packages/airflow/example_dags/tutorial_dag.py
[2026-04-14T16:01:24.157+0000] {logging_mixin.py:190} INFO - [2026-04-14T16:01:24.157+0000] {dag.py:3239} INFO - Sync 1 DAGs
[2026-04-14T16:01:24.162+0000] {logging_mixin.py:190} INFO - [2026-04-14T16:01:24.162+0000] {dag.py:4180} INFO - Setting next_dagrun for tutorial_dag to None, run_after=None
[2026-04-14T16:01:24.168+0000] {processor.py:208} INFO - Processing /home/airflow/.local/lib/python3.12/site-packages/airflow/example_dags/tutorial_dag.py took 0.025 seconds
[2026-04-14T16:01:54.490+0000] {processor.py:186} INFO - Started process (PID=19605) to work on /home/airflow/.local/lib/python3.12/site-packages/airflow/example_dags/tutorial_dag.py
[2026-04-14T16:01:54.490+0000] {processor.py:914} INFO - Processing file /home/airflow/.local/lib/python3.12/site-packages/airflow/example_dags/tutorial_dag.py for tasks to queue
[2026-04-14T16:01:54.490+0000] {logging_mixin.py:190} INFO - [2026-04-14T16:01:54.490+0000] {dagbag.py:588} INFO - Filling up the DagBag from /home/airflow/.local/lib/python3.12/site-packages/airflow/example_dags/tutorial_dag.py
[2026-04-14T16:01:54.493+0000] {processor.py:925} INFO - DAG(s) 'tutorial_dag' retrieved from /home/airflow/.local/lib/python3.12/site-packages/airflow/example_dags/tutorial_dag.py
[2026-04-14T16:01:54.500+0000] {logging_mixin.py:190} INFO - [2026-04-14T16:01:54.500+0000] {dag.py:3239} INFO - Sync 1 DAGs
[2026-04-14T16:01:54.505+0000] {logging_mixin.py:190} INFO - [2026-04-14T16:01:54.505+0000] {dag.py:4180} INFO - Setting next_dagrun for tutorial_dag to None, run_after=None
[2026-04-14T16:01:54.510+0000] {processor.py:208} INFO - Processing /home/airflow/.local/lib/python3.12/site-packages/airflow/example_dags/tutorial_dag.py took 0.023 seconds
[2026-04-14T16:02:25.027+0000] {processor.py:186} INFO - Started process (PID=19669) to work on /home/airflow/.local/lib/python3.12/site-packages/airflow/example_dags/tutorial_dag.py
[2026-04-14T16:02:25.028+0000] {processor.py:914} INFO - Processing file /home/airflow/.local/lib/python3.12/site-packages/airflow/example_dags/tutorial_dag.py for tasks to queue
[2026-04-14T16:02:25.028+0000] {logging_mixin.py:190} INFO - [2026-04-14T16:02:25.028+0000] {dagbag.py:588} INFO - Filling up the DagBag from /home/airflow/.local/lib/python3.12/site-packages/airflow/example_dags/tutorial_dag.py
[2026-04-14T16:02:25.032+0000] {processor.py:925} INFO - DAG(s) 'tutorial_dag' retrieved from /home/airflow/.local/lib/python3.12/site-packages/airflow/example_dags/tutorial_dag.py
[2026-04-14T16:02:25.039+0000] {logging_mixin.py:190} INFO - [2026-04-14T16:02:25.039+0000] {dag.py:3239} INFO - Sync 1 DAGs
[2026-04-14T16:02:25.045+0000] {logging_mixin.py:190} INFO - [2026-04-14T16:02:25.045+0000] {dag.py:4180} INFO - Setting next_dagrun for tutorial_dag to None, run_after=None
[2026-04-14T16:02:25.051+0000] {processor.py:208} INFO - Processing /home/airflow/.local/lib/python3.12/site-packages/airflow/example_dags/tutorial_dag.py took 0.027 seconds
[2026-04-14T16:02:55.533+0000] {processor.py:186} INFO - Started process (PID=19733) to work on /home/airflow/.local/lib/python3.12/site-packages/airflow/example_dags/tutorial_dag.py
[2026-04-14T16:02:55.533+0000] {processor.py:914} INFO - Processing file /home/airflow/.local/lib/python3.12/site-packages/airflow/example_dags/tutorial_dag.py for tasks to queue
[2026-04-14T16:02:55.534+0000] {logging_mixin.py:190} INFO - [2026-04-14T16:02:55.534+0000] {dagbag.py:588} INFO - Filling up the DagBag from /home/airflow/.local/lib/python3.12/site-packages/airflow/example_dags/tutorial_dag.py
[2026-04-14T16:02:55.539+0000] {processor.py:925} INFO - DAG(s) 'tutorial_dag' retrieved from /home/airflow/.local/lib/python3.12/site-packages/airflow/example_dags/tutorial_dag.py
[2026-04-14T16:02:55.550+0000] {logging_mixin.py:190} INFO - [2026-04-14T16:02:55.550+0000] {dag.py:3239} INFO - Sync 1 DAGs
[2026-04-14T16:02:55.555+0000] {logging_mixin.py:190} INFO - [2026-04-14T16:02:55.555+0000] {dag.py:4180} INFO - Setting next_dagrun for tutorial_dag to None, run_after=None
[2026-04-14T16:02:55.563+0000] {processor.py:208} INFO - Processing /home/airflow/.local/lib/python3.12/site-packages/airflow/example_dags/tutorial_dag.py took 0.034 seconds
[2026-04-14T16:03:27.044+0000] {processor.py:186} INFO - Started process (PID=19797) to work on /home/airflow/.local/lib/python3.12/site-packages/airflow/example_dags/tutorial_dag.py
[2026-04-14T16:03:27.045+0000] {processor.py:914} INFO - Processing file /home/airflow/.local/lib/python3.12/site-packages/airflow/example_dags/tutorial_dag.py for tasks to queue
[2026-04-14T16:03:27.045+0000] {logging_mixin.py:190} INFO - [2026-04-14T16:03:27.045+0000] {dagbag.py:588} INFO - Filling up the DagBag from /home/airflow/.local/lib/python3.12/site-packages/airflow/example_dags/tutorial_dag.py
[2026-04-14T16:03:27.050+0000] {processor.py:925} INFO - DAG(s) 'tutorial_dag' retrieved from /home/airflow/.local/lib/python3.12/site-packages/airflow/example_dags/tutorial_dag.py
[2026-04-14T16:03:27.064+0000] {logging_mixin.py:190} INFO - [2026-04-14T16:03:27.064+0000] {dag.py:3239} INFO - Sync 1 DAGs
[2026-04-14T16:03:27.071+0000] {logging_mixin.py:190} INFO - [2026-04-14T16:03:27.071+0000] {dag.py:4180} INFO - Setting next_dagrun for tutorial_dag to None, run_after=None
[2026-04-14T16:03:27.081+0000] {processor.py:208} INFO - Processing /home/airflow/.local/lib/python3.12/site-packages/airflow/example_dags/tutorial_dag.py took 0.040 seconds
[2026-04-14T16:03:57.593+0000] {processor.py:186} INFO - Started process (PID=19861) to work on /home/airflow/.local/lib/python3.12/site-packages/airflow/example_dags/tutorial_dag.py
[2026-04-14T16:03:57.594+0000] {processor.py:914} INFO - Processing file /home/airflow/.local/lib/python3.12/site-packages/airflow/example_dags/tutorial_dag.py for tasks to queue
[2026-04-14T16:03:57.595+0000] {logging_mixin.py:190} INFO - [2026-04-14T16:03:57.595+0000] {dagbag.py:588} INFO - Filling up the DagBag from /home/airflow/.local/lib/python3.12/site-packages/airflow/example_dags/tutorial_dag.py
[2026-04-14T16:03:57.599+0000] {processor.py:925} INFO - DAG(s) 'tutorial_dag' retrieved from /home/airflow/.local/lib/python3.12/site-packages/airflow/example_dags/tutorial_dag.py
[2026-04-14T16:03:57.607+0000] {logging_mixin.py:190} INFO - [2026-04-14T16:03:57.607+0000] {dag.py:3239} INFO - Sync 1 DAGs
[2026-04-14T16:03:57.614+0000] {logging_mixin.py:190} INFO - [2026-04-14T16:03:57.614+0000] {dag.py:4180} INFO - Setting next_dagrun for tutorial_dag to None, run_after=None
[2026-04-14T16:03:57.627+0000] {processor.py:208} INFO - Processing /home/airflow/.local/lib/python3.12/site-packages/airflow/example_dags/tutorial_dag.py took 0.037 seconds
[2026-04-14T16:04:28.160+0000] {processor.py:186} INFO - Started process (PID=19925) to work on /home/airflow/.local/lib/python3.12/site-packages/airflow/example_dags/tutorial_dag.py
[2026-04-14T16:04:28.160+0000] {processor.py:914} INFO - Processing file /home/airflow/.local/lib/python3.12/site-packages/airflow/example_dags/tutorial_dag.py for tasks to queue
[2026-04-14T16:04:28.161+0000] {logging_mixin.py:190} INFO - [2026-04-14T16:04:28.161+0000] {dagbag.py:588} INFO - Filling up the DagBag from /home/airflow/.local/lib/python3.12/site-packages/airflow/example_dags/tutorial_dag.py
[2026-04-14T16:04:28.164+0000] {processor.py:925} INFO - DAG(s) 'tutorial_dag' retrieved from /home/airflow/.local/lib/python3.12/site-packages/airflow/example_dags/tutorial_dag.py
[2026-04-14T16:04:28.171+0000] {logging_mixin.py:190} INFO - [2026-04-14T16:04:28.170+0000] {dag.py:3239} INFO - Sync 1 DAGs
[2026-04-14T16:04:28.176+0000] {logging_mixin.py:190} INFO - [2026-04-14T16:04:28.176+0000] {dag.py:4180} INFO - Setting next_dagrun for tutorial_dag to None, run_after=None
[2026-04-14T16:04:28.181+0000] {processor.py:208} INFO - Processing /home/airflow/.local/lib/python3.12/site-packages/airflow/example_dags/tutorial_dag.py took 0.023 seconds
[2026-04-14T16:04:58.648+0000] {processor.py:186} INFO - Started process (PID=19989) to work on /home/airflow/.local/lib/python3.12/site-packages/airflow/example_dags/tutorial_dag.py
[2026-04-14T16:04:58.649+0000] {processor.py:914} INFO - Processing file /home/airflow/.local/lib/python3.12/site-packages/airflow/example_dags/tutorial_dag.py for tasks to queue
[2026-04-14T16:04:58.651+0000] {logging_mixin.py:190} INFO - [2026-04-14T16:04:58.651+0000] {dagbag.py:588} INFO - Filling up the DagBag from /home/airflow/.local/lib/python3.12/site-packages/airflow/example_dags/tutorial_dag.py
[2026-04-14T16:04:58.655+0000] {processor.py:925} INFO - DAG(s) 'tutorial_dag' retrieved from /home/airflow/.local/lib/python3.12/site-packages/airflow/example_dags/tutorial_dag.py
[2026-04-14T16:04:58.667+0000] {logging_mixin.py:190} INFO - [2026-04-14T16:04:58.667+0000] {dag.py:3239} INFO - Sync 1 DAGs
[2026-04-14T16:04:58.673+0000] {logging_mixin.py:190} INFO - [2026-04-14T16:04:58.673+0000] {dag.py:4180} INFO - Setting next_dagrun for tutorial_dag to None, run_after=None
[2026-04-14T16:04:58.682+0000] {processor.py:208} INFO - Processing /home/airflow/.local/lib/python3.12/site-packages/airflow/example_dags/tutorial_dag.py took 0.038 seconds
[2026-04-14T16:05:29.236+0000] {processor.py:186} INFO - Started process (PID=20053) to work on /home/airflow/.local/lib/python3.12/site-packages/airflow/example_dags/tutorial_dag.py
[2026-04-14T16:05:29.238+0000] {processor.py:914} INFO - Processing file /home/airflow/.local/lib/python3.12/site-packages/airflow/example_dags/tutorial_dag.py for tasks to queue
[2026-04-14T16:05:29.239+0000] {logging_mixin.py:190} INFO - [2026-04-14T16:05:29.238+0000] {dagbag.py:588} INFO - Filling up the DagBag from /home/airflow/.local/lib/python3.12/site-packages/airflow/example_dags/tutorial_dag.py
[2026-04-14T16:05:29.243+0000] {processor.py:925} INFO - DAG(s) 'tutorial_dag' retrieved from /home/airflow/.local/lib/python3.12/site-packages/airflow/example_dags/tutorial_dag.py
[2026-04-14T16:05:29.254+0000] {logging_mixin.py:190} INFO - [2026-04-14T16:05:29.254+0000] {dag.py:3239} INFO - Sync 1 DAGs
[2026-04-14T16:05:29.259+0000] {logging_mixin.py:190} INFO - [2026-04-14T16:05:29.259+0000] {dag.py:4180} INFO - Setting next_dagrun for tutorial_dag to None, run_after=None
[2026-04-14T16:05:29.270+0000] {processor.py:208} INFO - Processing /home/airflow/.local/lib/python3.12/site-packages/airflow/example_dags/tutorial_dag.py took 0.038 seconds
[2026-04-14T16:05:59.753+0000] {processor.py:186} INFO - Started process (PID=20117) to work on /home/airflow/.local/lib/python3.12/site-packages/airflow/example_dags/tutorial_dag.py
[2026-04-14T16:05:59.754+0000] {processor.py:914} INFO - Processing file /home/airflow/.local/lib/python3.12/site-packages/airflow/example_dags/tutorial_dag.py for tasks to queue
[2026-04-14T16:05:59.755+0000] {logging_mixin.py:190} INFO - [2026-04-14T16:05:59.755+0000] {dagbag.py:588} INFO - Filling up the DagBag from /home/airflow/.local/lib/python3.12/site-packages/airflow/example_dags/tutorial_dag.py
[2026-04-14T16:05:59.758+0000] {processor.py:925} INFO - DAG(s) 'tutorial_dag' retrieved from /home/airflow/.local/lib/python3.12/site-packages/airflow/example_dags/tutorial_dag.py
[2026-04-14T16:05:59.770+0000] {logging_mixin.py:190} INFO - [2026-04-14T16:05:59.769+0000] {dag.py:3239} INFO - Sync 1 DAGs
[2026-04-14T16:05:59.776+0000] {logging_mixin.py:190} INFO - [2026-04-14T16:05:59.775+0000] {dag.py:4180} INFO - Setting next_dagrun for tutorial_dag to None, run_after=None
[2026-04-14T16:05:59.784+0000] {processor.py:208} INFO - Processing /home/airflow/.local/lib/python3.12/site-packages/airflow/example_dags/tutorial_dag.py took 0.033 seconds
[2026-04-14T16:06:30.281+0000] {processor.py:186} INFO - Started process (PID=20181) to work on /home/airflow/.local/lib/python3.12/site-packages/airflow/example_dags/tutorial_dag.py
[2026-04-14T16:06:30.281+0000] {processor.py:914} INFO - Processing file /home/airflow/.local/lib/python3.12/site-packages/airflow/example_dags/tutorial_dag.py for tasks to queue
[2026-04-14T16:06:30.282+0000] {logging_mixin.py:190} INFO - [2026-04-14T16:06:30.282+0000] {dagbag.py:588} INFO - Filling up the DagBag from /home/airflow/.local/lib/python3.12/site-packages/airflow/example_dags/tutorial_dag.py
[2026-04-14T16:06:30.285+0000] {processor.py:925} INFO - DAG(s) 'tutorial_dag' retrieved from /home/airflow/.local/lib/python3.12/site-packages/airflow/example_dags/tutorial_dag.py
[2026-04-14T16:06:30.292+0000] {logging_mixin.py:190} INFO - [2026-04-14T16:06:30.292+0000] {dag.py:3239} INFO - Sync 1 DAGs
[2026-04-14T16:06:30.297+0000] {logging_mixin.py:190} INFO - [2026-04-14T16:06:30.297+0000] {dag.py:4180} INFO - Setting next_dagrun for tutorial_dag to None, run_after=None
[2026-04-14T16:06:30.302+0000] {processor.py:208} INFO - Processing /home/airflow/.local/lib/python3.12/site-packages/airflow/example_dags/tutorial_dag.py took 0.023 seconds
[2026-04-14T16:07:01.158+0000] {processor.py:186} INFO - Started process (PID=20245) to work on /home/airflow/.local/lib/python3.12/site-packages/airflow/example_dags/tutorial_dag.py
[2026-04-14T16:07:01.158+0000] {processor.py:914} INFO - Processing file /home/airflow/.local/lib/python3.12/site-packages/airflow/example_dags/tutorial_dag.py for tasks to queue
[2026-04-14T16:07:01.159+0000] {logging_mixin.py:190} INFO - [2026-04-14T16:07:01.159+0000] {dagbag.py:588} INFO - Filling up the DagBag from /home/airflow/.local/lib/python3.12/site-packages/airflow/example_dags/tutorial_dag.py
[2026-04-14T16:07:01.162+0000] {processor.py:925} INFO - DAG(s) 'tutorial_dag' retrieved from /home/airflow/.local/lib/python3.12/site-packages/airflow/example_dags/tutorial_dag.py
[2026-04-14T16:07:01.169+0000] {logging_mixin.py:190} INFO - [2026-04-14T16:07:01.169+0000] {dag.py:3239} INFO - Sync 1 DAGs
[2026-04-14T16:07:01.175+0000] {logging_mixin.py:190} INFO - [2026-04-14T16:07:01.175+0000] {dag.py:4180} INFO - Setting next_dagrun for tutorial_dag to None, run_after=None
[2026-04-14T16:07:01.180+0000] {processor.py:208} INFO - Processing /home/airflow/.local/lib/python3.12/site-packages/airflow/example_dags/tutorial_dag.py took 0.025 seconds
[2026-04-14T16:07:31.829+0000] {processor.py:186} INFO - Started process (PID=20309) to work on /home/airflow/.local/lib/python3.12/site-packages/airflow/example_dags/tutorial_dag.py
[2026-04-14T16:07:31.830+0000] {processor.py:914} INFO - Processing file /home/airflow/.local/lib/python3.12/site-packages/airflow/example_dags/tutorial_dag.py for tasks to queue
[2026-04-14T16:07:31.830+0000] {logging_mixin.py:190} INFO - [2026-04-14T16:07:31.830+0000] {dagbag.py:588} INFO - Filling up the DagBag from /home/airflow/.local/lib/python3.12/site-packages/airflow/example_dags/tutorial_dag.py
[2026-04-14T16:07:31.834+0000] {processor.py:925} INFO - DAG(s) 'tutorial_dag' retrieved from /home/airflow/.local/lib/python3.12/site-packages/airflow/example_dags/tutorial_dag.py
[2026-04-14T16:07:31.840+0000] {logging_mixin.py:190} INFO - [2026-04-14T16:07:31.840+0000] {dag.py:3239} INFO - Sync 1 DAGs
[2026-04-14T16:07:31.845+0000] {logging_mixin.py:190} INFO - [2026-04-14T16:07:31.845+0000] {dag.py:4180} INFO - Setting next_dagrun for tutorial_dag to None, run_after=None
[2026-04-14T16:07:31.850+0000] {processor.py:208} INFO - Processing /home/airflow/.local/lib/python3.12/site-packages/airflow/example_dags/tutorial_dag.py took 0.024 seconds
[2026-04-14T16:08:02.080+0000] {processor.py:186} INFO - Started process (PID=20373) to work on /home/airflow/.local/lib/python3.12/site-packages/airflow/example_dags/tutorial_dag.py
[2026-04-14T16:08:02.081+0000] {processor.py:914} INFO - Processing file /home/airflow/.local/lib/python3.12/site-packages/airflow/example_dags/tutorial_dag.py for tasks to queue
[2026-04-14T16:08:02.082+0000] {logging_mixin.py:190} INFO - [2026-04-14T16:08:02.082+0000] {dagbag.py:588} INFO - Filling up the DagBag from /home/airflow/.local/lib/python3.12/site-packages/airflow/example_dags/tutorial_dag.py
[2026-04-14T16:08:02.087+0000] {processor.py:925} INFO - DAG(s) 'tutorial_dag' retrieved from /home/airflow/.local/lib/python3.12/site-packages/airflow/example_dags/tutorial_dag.py
[2026-04-14T16:08:02.096+0000] {logging_mixin.py:190} INFO - [2026-04-14T16:08:02.096+0000] {dag.py:3239} INFO - Sync 1 DAGs
[2026-04-14T16:08:02.103+0000] {logging_mixin.py:190} INFO - [2026-04-14T16:08:02.103+0000] {dag.py:4180} INFO - Setting next_dagrun for tutorial_dag to None, run_after=None
[2026-04-14T16:08:02.109+0000] {processor.py:208} INFO - Processing /home/airflow/.local/lib/python3.12/site-packages/airflow/example_dags/tutorial_dag.py took 0.032 seconds
[2026-04-14T16:08:32.509+0000] {processor.py:186} INFO - Started process (PID=20437) to work on /home/airflow/.local/lib/python3.12/site-packages/airflow/example_dags/tutorial_dag.py
[2026-04-14T16:08:32.510+0000] {processor.py:914} INFO - Processing file /home/airflow/.local/lib/python3.12/site-packages/airflow/example_dags/tutorial_dag.py for tasks to queue
[2026-04-14T16:08:32.512+0000] {logging_mixin.py:190} INFO - [2026-04-14T16:08:32.512+0000] {dagbag.py:588} INFO - Filling up the DagBag from /home/airflow/.local/lib/python3.12/site-packages/airflow/example_dags/tutorial_dag.py
[2026-04-14T16:08:32.515+0000] {processor.py:925} INFO - DAG(s) 'tutorial_dag' retrieved from /home/airflow/.local/lib/python3.12/site-packages/airflow/example_dags/tutorial_dag.py
[2026-04-14T16:08:32.528+0000] {logging_mixin.py:190} INFO - [2026-04-14T16:08:32.527+0000] {dag.py:3239} INFO - Sync 1 DAGs
[2026-04-14T16:08:32.533+0000] {logging_mixin.py:190} INFO - [2026-04-14T16:08:32.533+0000] {dag.py:4180} INFO - Setting next_dagrun for tutorial_dag to None, run_after=None
[2026-04-14T16:08:32.543+0000] {processor.py:208} INFO - Processing /home/airflow/.local/lib/python3.12/site-packages/airflow/example_dags/tutorial_dag.py took 0.036 seconds
[2026-04-14T16:09:02.791+0000] {processor.py:186} INFO - Started process (PID=20501) to work on /home/airflow/.local/lib/python3.12/site-packages/airflow/example_dags/tutorial_dag.py
[2026-04-14T16:09:02.792+0000] {processor.py:914} INFO - Processing file /home/airflow/.local/lib/python3.12/site-packages/airflow/example_dags/tutorial_dag.py for tasks to queue
[2026-04-14T16:09:02.793+0000] {logging_mixin.py:190} INFO - [2026-04-14T16:09:02.792+0000] {dagbag.py:588} INFO - Filling up the DagBag from /home/airflow/.local/lib/python3.12/site-packages/airflow/example_dags/tutorial_dag.py
[2026-04-14T16:09:02.797+0000] {processor.py:925} INFO - DAG(s) 'tutorial_dag' retrieved from /home/airflow/.local/lib/python3.12/site-packages/airflow/example_dags/tutorial_dag.py
[2026-04-14T16:09:02.810+0000] {logging_mixin.py:190} INFO - [2026-04-14T16:09:02.810+0000] {dag.py:3239} INFO - Sync 1 DAGs
[2026-04-14T16:09:02.817+0000] {logging_mixin.py:190} INFO - [2026-04-14T16:09:02.816+0000] {dag.py:4180} INFO - Setting next_dagrun for tutorial_dag to None, run_after=None
[2026-04-14T16:09:02.825+0000] {processor.py:208} INFO - Processing /home/airflow/.local/lib/python3.12/site-packages/airflow/example_dags/tutorial_dag.py took 0.036 seconds
[2026-04-14T16:09:33.256+0000] {processor.py:186} INFO - Started process (PID=20565) to work on /home/airflow/.local/lib/python3.12/site-packages/airflow/example_dags/tutorial_dag.py
[2026-04-14T16:09:33.257+0000] {processor.py:914} INFO - Processing file /home/airflow/.local/lib/python3.12/site-packages/airflow/example_dags/tutorial_dag.py for tasks to queue
[2026-04-14T16:09:33.258+0000] {logging_mixin.py:190} INFO - [2026-04-14T16:09:33.258+0000] {dagbag.py:588} INFO - Filling up the DagBag from /home/airflow/.local/lib/python3.12/site-packages/airflow/example_dags/tutorial_dag.py
[2026-04-14T16:09:33.265+0000] {processor.py:925} INFO - DAG(s) 'tutorial_dag' retrieved from /home/airflow/.local/lib/python3.12/site-packages/airflow/example_dags/tutorial_dag.py
[2026-04-14T16:09:33.272+0000] {logging_mixin.py:190} INFO - [2026-04-14T16:09:33.272+0000] {dag.py:3239} INFO - Sync 1 DAGs
[2026-04-14T16:09:33.278+0000] {logging_mixin.py:190} INFO - [2026-04-14T16:09:33.278+0000] {dag.py:4180} INFO - Setting next_dagrun for tutorial_dag to None, run_after=None
[2026-04-14T16:09:33.289+0000] {processor.py:208} INFO - Processing /home/airflow/.local/lib/python3.12/site-packages/airflow/example_dags/tutorial_dag.py took 0.035 seconds
[2026-04-14T16:10:03.723+0000] {processor.py:186} INFO - Started process (PID=20629) to work on /home/airflow/.local/lib/python3.12/site-packages/airflow/example_dags/tutorial_dag.py
[2026-04-14T16:10:03.724+0000] {processor.py:914} INFO - Processing file /home/airflow/.local/lib/python3.12/site-packages/airflow/example_dags/tutorial_dag.py for tasks to queue
[2026-04-14T16:10:03.724+0000] {logging_mixin.py:190} INFO - [2026-04-14T16:10:03.724+0000] {dagbag.py:588} INFO - Filling up the DagBag from /home/airflow/.local/lib/python3.12/site-packages/airflow/example_dags/tutorial_dag.py
[2026-04-14T16:10:03.728+0000] {processor.py:925} INFO - DAG(s) 'tutorial_dag' retrieved from /home/airflow/.local/lib/python3.12/site-packages/airflow/example_dags/tutorial_dag.py
[2026-04-14T16:10:03.738+0000] {logging_mixin.py:190} INFO - [2026-04-14T16:10:03.738+0000] {dag.py:3239} INFO - Sync 1 DAGs
[2026-04-14T16:10:03.744+0000] {logging_mixin.py:190} INFO - [2026-04-14T16:10:03.744+0000] {dag.py:4180} INFO - Setting next_dagrun for tutorial_dag to None, run_after=None
[2026-04-14T16:10:03.755+0000] {processor.py:208} INFO - Processing /home/airflow/.local/lib/python3.12/site-packages/airflow/example_dags/tutorial_dag.py took 0.034 seconds
[2026-04-14T16:10:34.169+0000] {processor.py:186} INFO - Started process (PID=20693) to work on /home/airflow/.local/lib/python3.12/site-packages/airflow/example_dags/tutorial_dag.py
[2026-04-14T16:10:34.169+0000] {processor.py:914} INFO - Processing file /home/airflow/.local/lib/python3.12/site-packages/airflow/example_dags/tutorial_dag.py for tasks to queue
[2026-04-14T16:10:34.170+0000] {logging_mixin.py:190} INFO - [2026-04-14T16:10:34.170+0000] {dagbag.py:588} INFO - Filling up the DagBag from /home/airflow/.local/lib/python3.12/site-packages/airflow/example_dags/tutorial_dag.py
[2026-04-14T16:10:34.175+0000] {processor.py:925} INFO - DAG(s) 'tutorial_dag' retrieved from /home/airflow/.local/lib/python3.12/site-packages/airflow/example_dags/tutorial_dag.py
[2026-04-14T16:10:34.188+0000] {logging_mixin.py:190} INFO - [2026-04-14T16:10:34.188+0000] {dag.py:3239} INFO - Sync 1 DAGs
[2026-04-14T16:10:34.194+0000] {logging_mixin.py:190} INFO - [2026-04-14T16:10:34.194+0000] {dag.py:4180} INFO - Setting next_dagrun for tutorial_dag to None, run_after=None
[2026-04-14T16:10:34.204+0000] {processor.py:208} INFO - Processing /home/airflow/.local/lib/python3.12/site-packages/airflow/example_dags/tutorial_dag.py took 0.038 seconds
[2026-04-14T16:11:04.756+0000] {processor.py:186} INFO - Started process (PID=20763) to work on /home/airflow/.local/lib/python3.12/site-packages/airflow/example_dags/tutorial_dag.py
[2026-04-14T16:11:04.757+0000] {processor.py:914} INFO - Processing file /home/airflow/.local/lib/python3.12/site-packages/airflow/example_dags/tutorial_dag.py for tasks to queue
[2026-04-14T16:11:04.757+0000] {logging_mixin.py:190} INFO - [2026-04-14T16:11:04.757+0000] {dagbag.py:588} INFO - Filling up the DagBag from /home/airflow/.local/lib/python3.12/site-packages/airflow/example_dags/tutorial_dag.py
[2026-04-14T16:11:04.760+0000] {processor.py:925} INFO - DAG(s) 'tutorial_dag' retrieved from /home/airflow/.local/lib/python3.12/site-packages/airflow/example_dags/tutorial_dag.py
[2026-04-14T16:11:04.766+0000] {logging_mixin.py:190} INFO - [2026-04-14T16:11:04.766+0000] {dag.py:3239} INFO - Sync 1 DAGs
[2026-04-14T16:11:04.771+0000] {logging_mixin.py:190} INFO - [2026-04-14T16:11:04.771+0000] {dag.py:4180} INFO - Setting next_dagrun for tutorial_dag to None, run_after=None
[2026-04-14T16:11:04.776+0000] {processor.py:208} INFO - Processing /home/airflow/.local/lib/python3.12/site-packages/airflow/example_dags/tutorial_dag.py took 0.022 seconds
[2026-04-14T16:11:35.276+0000] {processor.py:186} INFO - Started process (PID=20827) to work on /home/airflow/.local/lib/python3.12/site-packages/airflow/example_dags/tutorial_dag.py
[2026-04-14T16:11:35.277+0000] {processor.py:914} INFO - Processing file /home/airflow/.local/lib/python3.12/site-packages/airflow/example_dags/tutorial_dag.py for tasks to queue
[2026-04-14T16:11:35.277+0000] {logging_mixin.py:190} INFO - [2026-04-14T16:11:35.277+0000] {dagbag.py:588} INFO - Filling up the DagBag from /home/airflow/.local/lib/python3.12/site-packages/airflow/example_dags/tutorial_dag.py
[2026-04-14T16:11:35.280+0000] {processor.py:925} INFO - DAG(s) 'tutorial_dag' retrieved from /home/airflow/.local/lib/python3.12/site-packages/airflow/example_dags/tutorial_dag.py
[2026-04-14T16:11:35.290+0000] {logging_mixin.py:190} INFO - [2026-04-14T16:11:35.289+0000] {dag.py:3239} INFO - Sync 1 DAGs
[2026-04-14T16:11:35.297+0000] {logging_mixin.py:190} INFO - [2026-04-14T16:11:35.297+0000] {dag.py:4180} INFO - Setting next_dagrun for tutorial_dag to None, run_after=None
[2026-04-14T16:11:35.306+0000] {processor.py:208} INFO - Processing /home/airflow/.local/lib/python3.12/site-packages/airflow/example_dags/tutorial_dag.py took 0.032 seconds
[2026-04-14T16:12:06.497+0000] {processor.py:186} INFO - Started process (PID=20891) to work on /home/airflow/.local/lib/python3.12/site-packages/airflow/example_dags/tutorial_dag.py
[2026-04-14T16:12:06.497+0000] {processor.py:914} INFO - Processing file /home/airflow/.local/lib/python3.12/site-packages/airflow/example_dags/tutorial_dag.py for tasks to queue
[2026-04-14T16:12:06.498+0000] {logging_mixin.py:190} INFO - [2026-04-14T16:12:06.498+0000] {dagbag.py:588} INFO - Filling up the DagBag from /home/airflow/.local/lib/python3.12/site-packages/airflow/example_dags/tutorial_dag.py
[2026-04-14T16:12:06.501+0000] {processor.py:925} INFO - DAG(s) 'tutorial_dag' retrieved from /home/airflow/.local/lib/python3.12/site-packages/airflow/example_dags/tutorial_dag.py
[2026-04-14T16:12:06.510+0000] {logging_mixin.py:190} INFO - [2026-04-14T16:12:06.510+0000] {dag.py:3239} INFO - Sync 1 DAGs
[2026-04-14T16:12:06.516+0000] {logging_mixin.py:190} INFO - [2026-04-14T16:12:06.516+0000] {dag.py:4180} INFO - Setting next_dagrun for tutorial_dag to None, run_after=None
[2026-04-14T16:12:06.525+0000] {processor.py:208} INFO - Processing /home/airflow/.local/lib/python3.12/site-packages/airflow/example_dags/tutorial_dag.py took 0.031 seconds
[2026-04-14T16:12:37.330+0000] {processor.py:186} INFO - Started process (PID=20955) to work on /home/airflow/.local/lib/python3.12/site-packages/airflow/example_dags/tutorial_dag.py
[2026-04-14T16:12:37.330+0000] {processor.py:914} INFO - Processing file /home/airflow/.local/lib/python3.12/site-packages/airflow/example_dags/tutorial_dag.py for tasks to queue
[2026-04-14T16:12:37.331+0000] {logging_mixin.py:190} INFO - [2026-04-14T16:12:37.331+0000] {dagbag.py:588} INFO - Filling up the DagBag from /home/airflow/.local/lib/python3.12/site-packages/airflow/example_dags/tutorial_dag.py
[2026-04-14T16:12:37.334+0000] {processor.py:925} INFO - DAG(s) 'tutorial_dag' retrieved from /home/airflow/.local/lib/python3.12/site-packages/airflow/example_dags/tutorial_dag.py
[2026-04-14T16:12:37.341+0000] {logging_mixin.py:190} INFO - [2026-04-14T16:12:37.341+0000] {dag.py:3239} INFO - Sync 1 DAGs
[2026-04-14T16:12:37.345+0000] {logging_mixin.py:190} INFO - [2026-04-14T16:12:37.345+0000] {dag.py:4180} INFO - Setting next_dagrun for tutorial_dag to None, run_after=None
[2026-04-14T16:12:37.350+0000] {processor.py:208} INFO - Processing /home/airflow/.local/lib/python3.12/site-packages/airflow/example_dags/tutorial_dag.py took 0.023 seconds
[2026-04-14T16:13:08.256+0000] {processor.py:186} INFO - Started process (PID=21019) to work on /home/airflow/.local/lib/python3.12/site-packages/airflow/example_dags/tutorial_dag.py
[2026-04-14T16:13:08.257+0000] {processor.py:914} INFO - Processing file /home/airflow/.local/lib/python3.12/site-packages/airflow/example_dags/tutorial_dag.py for tasks to queue
[2026-04-14T16:13:08.257+0000] {logging_mixin.py:190} INFO - [2026-04-14T16:13:08.257+0000] {dagbag.py:588} INFO - Filling up the DagBag from /home/airflow/.local/lib/python3.12/site-packages/airflow/example_dags/tutorial_dag.py
[2026-04-14T16:13:08.261+0000] {processor.py:925} INFO - DAG(s) 'tutorial_dag' retrieved from /home/airflow/.local/lib/python3.12/site-packages/airflow/example_dags/tutorial_dag.py
[2026-04-14T16:13:08.269+0000] {logging_mixin.py:190} INFO - [2026-04-14T16:13:08.268+0000] {dag.py:3239} INFO - Sync 1 DAGs
[2026-04-14T16:13:08.350+0000] {logging_mixin.py:190} INFO - [2026-04-14T16:13:08.350+0000] {dag.py:4180} INFO - Setting next_dagrun for tutorial_dag to None, run_after=None
[2026-04-14T16:13:08.355+0000] {processor.py:208} INFO - Processing /home/airflow/.local/lib/python3.12/site-packages/airflow/example_dags/tutorial_dag.py took 0.101 seconds
[2026-04-14T16:13:39.615+0000] {processor.py:186} INFO - Started process (PID=21083) to work on /home/airflow/.local/lib/python3.12/site-packages/airflow/example_dags/tutorial_dag.py
[2026-04-14T16:13:39.618+0000] {processor.py:914} INFO - Processing file /home/airflow/.local/lib/python3.12/site-packages/airflow/example_dags/tutorial_dag.py for tasks to queue
[2026-04-14T16:13:39.619+0000] {logging_mixin.py:190} INFO - [2026-04-14T16:13:39.619+0000] {dagbag.py:588} INFO - Filling up the DagBag from /home/airflow/.local/lib/python3.12/site-packages/airflow/example_dags/tutorial_dag.py
[2026-04-14T16:13:39.623+0000] {processor.py:925} INFO - DAG(s) 'tutorial_dag' retrieved from /home/airflow/.local/lib/python3.12/site-packages/airflow/example_dags/tutorial_dag.py
[2026-04-14T16:13:39.633+0000] {logging_mixin.py:190} INFO - [2026-04-14T16:13:39.633+0000] {dag.py:3239} INFO - Sync 1 DAGs
[2026-04-14T16:13:39.640+0000] {logging_mixin.py:190} INFO - [2026-04-14T16:13:39.639+0000] {dag.py:4180} INFO - Setting next_dagrun for tutorial_dag to None, run_after=None
[2026-04-14T16:13:39.759+0000] {processor.py:208} INFO - Processing /home/airflow/.local/lib/python3.12/site-packages/airflow/example_dags/tutorial_dag.py took 0.148 seconds
[2026-04-14T16:14:10.341+0000] {processor.py:186} INFO - Started process (PID=21147) to work on /home/airflow/.local/lib/python3.12/site-packages/airflow/example_dags/tutorial_dag.py
[2026-04-14T16:14:10.341+0000] {processor.py:914} INFO - Processing file /home/airflow/.local/lib/python3.12/site-packages/airflow/example_dags/tutorial_dag.py for tasks to queue
[2026-04-14T16:14:10.342+0000] {logging_mixin.py:190} INFO - [2026-04-14T16:14:10.341+0000] {dagbag.py:588} INFO - Filling up the DagBag from /home/airflow/.local/lib/python3.12/site-packages/airflow/example_dags/tutorial_dag.py
[2026-04-14T16:14:10.345+0000] {processor.py:925} INFO - DAG(s) 'tutorial_dag' retrieved from /home/airflow/.local/lib/python3.12/site-packages/airflow/example_dags/tutorial_dag.py
[2026-04-14T16:14:10.353+0000] {logging_mixin.py:190} INFO - [2026-04-14T16:14:10.353+0000] {dag.py:3239} INFO - Sync 1 DAGs
[2026-04-14T16:14:10.359+0000] {logging_mixin.py:190} INFO - [2026-04-14T16:14:10.359+0000] {dag.py:4180} INFO - Setting next_dagrun for tutorial_dag to None, run_after=None
[2026-04-14T16:14:10.368+0000] {processor.py:208} INFO - Processing /home/airflow/.local/lib/python3.12/site-packages/airflow/example_dags/tutorial_dag.py took 0.030 seconds
[2026-04-14T16:14:41.016+0000] {processor.py:186} INFO - Started process (PID=21211) to work on /home/airflow/.local/lib/python3.12/site-packages/airflow/example_dags/tutorial_dag.py
[2026-04-14T16:14:41.017+0000] {processor.py:914} INFO - Processing file /home/airflow/.local/lib/python3.12/site-packages/airflow/example_dags/tutorial_dag.py for tasks to queue
[2026-04-14T16:14:41.017+0000] {logging_mixin.py:190} INFO - [2026-04-14T16:14:41.017+0000] {dagbag.py:588} INFO - Filling up the DagBag from /home/airflow/.local/lib/python3.12/site-packages/airflow/example_dags/tutorial_dag.py
[2026-04-14T16:14:41.021+0000] {processor.py:925} INFO - DAG(s) 'tutorial_dag' retrieved from /home/airflow/.local/lib/python3.12/site-packages/airflow/example_dags/tutorial_dag.py
[2026-04-14T16:14:41.029+0000] {logging_mixin.py:190} INFO - [2026-04-14T16:14:41.029+0000] {dag.py:3239} INFO - Sync 1 DAGs
[2026-04-14T16:14:41.035+0000] {logging_mixin.py:190} INFO - [2026-04-14T16:14:41.035+0000] {dag.py:4180} INFO - Setting next_dagrun for tutorial_dag to None, run_after=None
[2026-04-14T16:14:41.045+0000] {processor.py:208} INFO - Processing /home/airflow/.local/lib/python3.12/site-packages/airflow/example_dags/tutorial_dag.py took 0.031 seconds
[2026-04-14T16:15:11.627+0000] {processor.py:186} INFO - Started process (PID=21275) to work on /home/airflow/.local/lib/python3.12/site-packages/airflow/example_dags/tutorial_dag.py
[2026-04-14T16:15:11.628+0000] {processor.py:914} INFO - Processing file /home/airflow/.local/lib/python3.12/site-packages/airflow/example_dags/tutorial_dag.py for tasks to queue
[2026-04-14T16:15:11.628+0000] {logging_mixin.py:190} INFO - [2026-04-14T16:15:11.628+0000] {dagbag.py:588} INFO - Filling up the DagBag from /home/airflow/.local/lib/python3.12/site-packages/airflow/example_dags/tutorial_dag.py
[2026-04-14T16:15:11.635+0000] {processor.py:925} INFO - DAG(s) 'tutorial_dag' retrieved from /home/airflow/.local/lib/python3.12/site-packages/airflow/example_dags/tutorial_dag.py
[2026-04-14T16:15:11.647+0000] {logging_mixin.py:190} INFO - [2026-04-14T16:15:11.647+0000] {dag.py:3239} INFO - Sync 1 DAGs
[2026-04-14T16:15:11.653+0000] {logging_mixin.py:190} INFO - [2026-04-14T16:15:11.653+0000] {dag.py:4180} INFO - Setting next_dagrun for tutorial_dag to None, run_after=None
[2026-04-14T16:15:11.660+0000] {processor.py:208} INFO - Processing /home/airflow/.local/lib/python3.12/site-packages/airflow/example_dags/tutorial_dag.py took 0.036 seconds
[2026-04-14T16:15:42.119+0000] {processor.py:186} INFO - Started process (PID=21339) to work on /home/airflow/.local/lib/python3.12/site-packages/airflow/example_dags/tutorial_dag.py
[2026-04-14T16:15:42.119+0000] {processor.py:914} INFO - Processing file /home/airflow/.local/lib/python3.12/site-packages/airflow/example_dags/tutorial_dag.py for tasks to queue
[2026-04-14T16:15:42.120+0000] {logging_mixin.py:190} INFO - [2026-04-14T16:15:42.120+0000] {dagbag.py:588} INFO - Filling up the DagBag from /home/airflow/.local/lib/python3.12/site-packages/airflow/example_dags/tutorial_dag.py
[2026-04-14T16:15:42.125+0000] {processor.py:925} INFO - DAG(s) 'tutorial_dag' retrieved from /home/airflow/.local/lib/python3.12/site-packages/airflow/example_dags/tutorial_dag.py
[2026-04-14T16:15:42.135+0000] {logging_mixin.py:190} INFO - [2026-04-14T16:15:42.135+0000] {dag.py:3239} INFO - Sync 1 DAGs
[2026-04-14T16:15:42.143+0000] {logging_mixin.py:190} INFO - [2026-04-14T16:15:42.143+0000] {dag.py:4180} INFO - Setting next_dagrun for tutorial_dag to None, run_after=None
[2026-04-14T16:15:42.156+0000] {processor.py:208} INFO - Processing /home/airflow/.local/lib/python3.12/site-packages/airflow/example_dags/tutorial_dag.py took 0.040 seconds
[2026-04-14T16:16:12.306+0000] {processor.py:186} INFO - Started process (PID=21403) to work on /home/airflow/.local/lib/python3.12/site-packages/airflow/example_dags/tutorial_dag.py
[2026-04-14T16:16:12.308+0000] {processor.py:914} INFO - Processing file /home/airflow/.local/lib/python3.12/site-packages/airflow/example_dags/tutorial_dag.py for tasks to queue
[2026-04-14T16:16:12.308+0000] {logging_mixin.py:190} INFO - [2026-04-14T16:16:12.308+0000] {dagbag.py:588} INFO - Filling up the DagBag from /home/airflow/.local/lib/python3.12/site-packages/airflow/example_dags/tutorial_dag.py
[2026-04-14T16:16:12.311+0000] {processor.py:925} INFO - DAG(s) 'tutorial_dag' retrieved from /home/airflow/.local/lib/python3.12/site-packages/airflow/example_dags/tutorial_dag.py
[2026-04-14T16:16:12.318+0000] {logging_mixin.py:190} INFO - [2026-04-14T16:16:12.318+0000] {dag.py:3239} INFO - Sync 1 DAGs
[2026-04-14T16:16:12.323+0000] {logging_mixin.py:190} INFO - [2026-04-14T16:16:12.323+0000] {dag.py:4180} INFO - Setting next_dagrun for tutorial_dag to None, run_after=None
[2026-04-14T16:16:12.329+0000] {processor.py:208} INFO - Processing /home/airflow/.local/lib/python3.12/site-packages/airflow/example_dags/tutorial_dag.py took 0.025 seconds
[2026-04-14T16:16:42.670+0000] {processor.py:186} INFO - Started process (PID=21467) to work on /home/airflow/.local/lib/python3.12/site-packages/airflow/example_dags/tutorial_dag.py
[2026-04-14T16:16:42.671+0000] {processor.py:914} INFO - Processing file /home/airflow/.local/lib/python3.12/site-packages/airflow/example_dags/tutorial_dag.py for tasks to queue
[2026-04-14T16:16:42.671+0000] {logging_mixin.py:190} INFO - [2026-04-14T16:16:42.671+0000] {dagbag.py:588} INFO - Filling up the DagBag from /home/airflow/.local/lib/python3.12/site-packages/airflow/example_dags/tutorial_dag.py
[2026-04-14T16:16:42.675+0000] {processor.py:925} INFO - DAG(s) 'tutorial_dag' retrieved from /home/airflow/.local/lib/python3.12/site-packages/airflow/example_dags/tutorial_dag.py
[2026-04-14T16:16:42.684+0000] {logging_mixin.py:190} INFO - [2026-04-14T16:16:42.684+0000] {dag.py:3239} INFO - Sync 1 DAGs
[2026-04-14T16:16:42.689+0000] {logging_mixin.py:190} INFO - [2026-04-14T16:16:42.689+0000] {dag.py:4180} INFO - Setting next_dagrun for tutorial_dag to None, run_after=None
[2026-04-14T16:16:42.700+0000] {processor.py:208} INFO - Processing /home/airflow/.local/lib/python3.12/site-packages/airflow/example_dags/tutorial_dag.py took 0.033 seconds
[2026-04-14T16:17:12.936+0000] {processor.py:186} INFO - Started process (PID=21531) to work on /home/airflow/.local/lib/python3.12/site-packages/airflow/example_dags/tutorial_dag.py
[2026-04-14T16:17:12.938+0000] {processor.py:914} INFO - Processing file /home/airflow/.local/lib/python3.12/site-packages/airflow/example_dags/tutorial_dag.py for tasks to queue
[2026-04-14T16:17:12.938+0000] {logging_mixin.py:190} INFO - [2026-04-14T16:17:12.938+0000] {dagbag.py:588} INFO - Filling up the DagBag from /home/airflow/.local/lib/python3.12/site-packages/airflow/example_dags/tutorial_dag.py
[2026-04-14T16:17:12.944+0000] {processor.py:925} INFO - DAG(s) 'tutorial_dag' retrieved from /home/airflow/.local/lib/python3.12/site-packages/airflow/example_dags/tutorial_dag.py
[2026-04-14T16:17:12.951+0000] {logging_mixin.py:190} INFO - [2026-04-14T16:17:12.951+0000] {dag.py:3239} INFO - Sync 1 DAGs
[2026-04-14T16:17:12.958+0000] {logging_mixin.py:190} INFO - [2026-04-14T16:17:12.958+0000] {dag.py:4180} INFO - Setting next_dagrun for tutorial_dag to None, run_after=None
[2026-04-14T16:17:12.966+0000] {processor.py:208} INFO - Processing /home/airflow/.local/lib/python3.12/site-packages/airflow/example_dags/tutorial_dag.py took 0.033 seconds
[2026-04-14T16:17:44.143+0000] {processor.py:186} INFO - Started process (PID=21595) to work on /home/airflow/.local/lib/python3.12/site-packages/airflow/example_dags/tutorial_dag.py
[2026-04-14T16:17:44.144+0000] {processor.py:914} INFO - Processing file /home/airflow/.local/lib/python3.12/site-packages/airflow/example_dags/tutorial_dag.py for tasks to queue
[2026-04-14T16:17:44.145+0000] {logging_mixin.py:190} INFO - [2026-04-14T16:17:44.145+0000] {dagbag.py:588} INFO - Filling up the DagBag from /home/airflow/.local/lib/python3.12/site-packages/airflow/example_dags/tutorial_dag.py
[2026-04-14T16:17:44.152+0000] {processor.py:925} INFO - DAG(s) 'tutorial_dag' retrieved from /home/airflow/.local/lib/python3.12/site-packages/airflow/example_dags/tutorial_dag.py
[2026-04-14T16:17:44.159+0000] {logging_mixin.py:190} INFO - [2026-04-14T16:17:44.159+0000] {dag.py:3239} INFO - Sync 1 DAGs
[2026-04-14T16:17:44.165+0000] {logging_mixin.py:190} INFO - [2026-04-14T16:17:44.165+0000] {dag.py:4180} INFO - Setting next_dagrun for tutorial_dag to None, run_after=None
[2026-04-14T16:17:44.173+0000] {processor.py:208} INFO - Processing /home/airflow/.local/lib/python3.12/site-packages/airflow/example_dags/tutorial_dag.py took 0.033 seconds
[2026-04-14T16:18:15.137+0000] {processor.py:186} INFO - Started process (PID=21659) to work on /home/airflow/.local/lib/python3.12/site-packages/airflow/example_dags/tutorial_dag.py
[2026-04-14T16:18:15.138+0000] {processor.py:914} INFO - Processing file /home/airflow/.local/lib/python3.12/site-packages/airflow/example_dags/tutorial_dag.py for tasks to queue
[2026-04-14T16:18:15.138+0000] {logging_mixin.py:190} INFO - [2026-04-14T16:18:15.138+0000] {dagbag.py:588} INFO - Filling up the DagBag from /home/airflow/.local/lib/python3.12/site-packages/airflow/example_dags/tutorial_dag.py
[2026-04-14T16:18:15.142+0000] {processor.py:925} INFO - DAG(s) 'tutorial_dag' retrieved from /home/airflow/.local/lib/python3.12/site-packages/airflow/example_dags/tutorial_dag.py
[2026-04-14T16:18:15.150+0000] {logging_mixin.py:190} INFO - [2026-04-14T16:18:15.150+0000] {dag.py:3239} INFO - Sync 1 DAGs
[2026-04-14T16:18:15.157+0000] {logging_mixin.py:190} INFO - [2026-04-14T16:18:15.157+0000] {dag.py:4180} INFO - Setting next_dagrun for tutorial_dag to None, run_after=None
[2026-04-14T16:18:15.168+0000] {processor.py:208} INFO - Processing /home/airflow/.local/lib/python3.12/site-packages/airflow/example_dags/tutorial_dag.py took 0.033 seconds
[2026-04-14T16:18:46.310+0000] {processor.py:186} INFO - Started process (PID=21723) to work on /home/airflow/.local/lib/python3.12/site-packages/airflow/example_dags/tutorial_dag.py
[2026-04-14T16:18:46.310+0000] {processor.py:914} INFO - Processing file /home/airflow/.local/lib/python3.12/site-packages/airflow/example_dags/tutorial_dag.py for tasks to queue
[2026-04-14T16:18:46.311+0000] {logging_mixin.py:190} INFO - [2026-04-14T16:18:46.311+0000] {dagbag.py:588} INFO - Filling up the DagBag from /home/airflow/.local/lib/python3.12/site-packages/airflow/example_dags/tutorial_dag.py
[2026-04-14T16:18:46.314+0000] {processor.py:925} INFO - DAG(s) 'tutorial_dag' retrieved from /home/airflow/.local/lib/python3.12/site-packages/airflow/example_dags/tutorial_dag.py
[2026-04-14T16:18:46.321+0000] {logging_mixin.py:190} INFO - [2026-04-14T16:18:46.321+0000] {dag.py:3239} INFO - Sync 1 DAGs
[2026-04-14T16:18:46.326+0000] {logging_mixin.py:190} INFO - [2026-04-14T16:18:46.326+0000] {dag.py:4180} INFO - Setting next_dagrun for tutorial_dag to None, run_after=None
[2026-04-14T16:18:46.334+0000] {processor.py:208} INFO - Processing /home/airflow/.local/lib/python3.12/site-packages/airflow/example_dags/tutorial_dag.py took 0.027 seconds
[2026-04-14T16:19:17.434+0000] {processor.py:186} INFO - Started process (PID=21787) to work on /home/airflow/.local/lib/python3.12/site-packages/airflow/example_dags/tutorial_dag.py
[2026-04-14T16:19:17.435+0000] {processor.py:914} INFO - Processing file /home/airflow/.local/lib/python3.12/site-packages/airflow/example_dags/tutorial_dag.py for tasks to queue
[2026-04-14T16:19:17.435+0000] {logging_mixin.py:190} INFO - [2026-04-14T16:19:17.435+0000] {dagbag.py:588} INFO - Filling up the DagBag from /home/airflow/.local/lib/python3.12/site-packages/airflow/example_dags/tutorial_dag.py
[2026-04-14T16:19:17.438+0000] {processor.py:925} INFO - DAG(s) 'tutorial_dag' retrieved from /home/airflow/.local/lib/python3.12/site-packages/airflow/example_dags/tutorial_dag.py
[2026-04-14T16:19:17.448+0000] {logging_mixin.py:190} INFO - [2026-04-14T16:19:17.448+0000] {dag.py:3239} INFO - Sync 1 DAGs
[2026-04-14T16:19:17.454+0000] {logging_mixin.py:190} INFO - [2026-04-14T16:19:17.454+0000] {dag.py:4180} INFO - Setting next_dagrun for tutorial_dag to None, run_after=None
[2026-04-14T16:19:17.464+0000] {processor.py:208} INFO - Processing /home/airflow/.local/lib/python3.12/site-packages/airflow/example_dags/tutorial_dag.py took 0.032 seconds
[2026-04-14T16:19:48.371+0000] {processor.py:186} INFO - Started process (PID=21851) to work on /home/airflow/.local/lib/python3.12/site-packages/airflow/example_dags/tutorial_dag.py
[2026-04-14T16:19:48.371+0000] {processor.py:914} INFO - Processing file /home/airflow/.local/lib/python3.12/site-packages/airflow/example_dags/tutorial_dag.py for tasks to queue
[2026-04-14T16:19:48.371+0000] {logging_mixin.py:190} INFO - [2026-04-14T16:19:48.371+0000] {dagbag.py:588} INFO - Filling up the DagBag from /home/airflow/.local/lib/python3.12/site-packages/airflow/example_dags/tutorial_dag.py
[2026-04-14T16:19:48.374+0000] {processor.py:925} INFO - DAG(s) 'tutorial_dag' retrieved from /home/airflow/.local/lib/python3.12/site-packages/airflow/example_dags/tutorial_dag.py
[2026-04-14T16:19:48.387+0000] {logging_mixin.py:190} INFO - [2026-04-14T16:19:48.387+0000] {dag.py:3239} INFO - Sync 1 DAGs
[2026-04-14T16:19:48.392+0000] {logging_mixin.py:190} INFO - [2026-04-14T16:19:48.392+0000] {dag.py:4180} INFO - Setting next_dagrun for tutorial_dag to None, run_after=None
[2026-04-14T16:19:48.400+0000] {processor.py:208} INFO - Processing /home/airflow/.local/lib/python3.12/site-packages/airflow/example_dags/tutorial_dag.py took 0.032 seconds
[2026-04-14T16:20:19.471+0000] {processor.py:186} INFO - Started process (PID=21915) to work on /home/airflow/.local/lib/python3.12/site-packages/airflow/example_dags/tutorial_dag.py
[2026-04-14T16:20:19.472+0000] {processor.py:914} INFO - Processing file /home/airflow/.local/lib/python3.12/site-packages/airflow/example_dags/tutorial_dag.py for tasks to queue
[2026-04-14T16:20:19.473+0000] {logging_mixin.py:190} INFO - [2026-04-14T16:20:19.473+0000] {dagbag.py:588} INFO - Filling up the DagBag from /home/airflow/.local/lib/python3.12/site-packages/airflow/example_dags/tutorial_dag.py
[2026-04-14T16:20:19.476+0000] {processor.py:925} INFO - DAG(s) 'tutorial_dag' retrieved from /home/airflow/.local/lib/python3.12/site-packages/airflow/example_dags/tutorial_dag.py
[2026-04-14T16:20:19.493+0000] {logging_mixin.py:190} INFO - [2026-04-14T16:20:19.492+0000] {dag.py:3239} INFO - Sync 1 DAGs
[2026-04-14T16:20:19.498+0000] {logging_mixin.py:190} INFO - [2026-04-14T16:20:19.498+0000] {dag.py:4180} INFO - Setting next_dagrun for tutorial_dag to None, run_after=None
[2026-04-14T16:20:19.506+0000] {processor.py:208} INFO - Processing /home/airflow/.local/lib/python3.12/site-packages/airflow/example_dags/tutorial_dag.py took 0.038 seconds
[2026-04-14T16:20:50.449+0000] {processor.py:186} INFO - Started process (PID=21979) to work on /home/airflow/.local/lib/python3.12/site-packages/airflow/example_dags/tutorial_dag.py
[2026-04-14T16:20:50.449+0000] {processor.py:914} INFO - Processing file /home/airflow/.local/lib/python3.12/site-packages/airflow/example_dags/tutorial_dag.py for tasks to queue
[2026-04-14T16:20:50.450+0000] {logging_mixin.py:190} INFO - [2026-04-14T16:20:50.450+0000] {dagbag.py:588} INFO - Filling up the DagBag from /home/airflow/.local/lib/python3.12/site-packages/airflow/example_dags/tutorial_dag.py
[2026-04-14T16:20:50.453+0000] {processor.py:925} INFO - DAG(s) 'tutorial_dag' retrieved from /home/airflow/.local/lib/python3.12/site-packages/airflow/example_dags/tutorial_dag.py
[2026-04-14T16:20:50.460+0000] {logging_mixin.py:190} INFO - [2026-04-14T16:20:50.460+0000] {dag.py:3239} INFO - Sync 1 DAGs
[2026-04-14T16:20:50.465+0000] {logging_mixin.py:190} INFO - [2026-04-14T16:20:50.465+0000] {dag.py:4180} INFO - Setting next_dagrun for tutorial_dag to None, run_after=None
[2026-04-14T16:20:50.470+0000] {processor.py:208} INFO - Processing /home/airflow/.local/lib/python3.12/site-packages/airflow/example_dags/tutorial_dag.py took 0.023 seconds
[2026-04-14T16:21:21.375+0000] {processor.py:186} INFO - Started process (PID=22043) to work on /home/airflow/.local/lib/python3.12/site-packages/airflow/example_dags/tutorial_dag.py
[2026-04-14T16:21:21.376+0000] {processor.py:914} INFO - Processing file /home/airflow/.local/lib/python3.12/site-packages/airflow/example_dags/tutorial_dag.py for tasks to queue
[2026-04-14T16:21:21.376+0000] {logging_mixin.py:190} INFO - [2026-04-14T16:21:21.376+0000] {dagbag.py:588} INFO - Filling up the DagBag from /home/airflow/.local/lib/python3.12/site-packages/airflow/example_dags/tutorial_dag.py
[2026-04-14T16:21:21.380+0000] {processor.py:925} INFO - DAG(s) 'tutorial_dag' retrieved from /home/airflow/.local/lib/python3.12/site-packages/airflow/example_dags/tutorial_dag.py
[2026-04-14T16:21:21.389+0000] {logging_mixin.py:190} INFO - [2026-04-14T16:21:21.389+0000] {dag.py:3239} INFO - Sync 1 DAGs
[2026-04-14T16:21:21.395+0000] {logging_mixin.py:190} INFO - [2026-04-14T16:21:21.395+0000] {dag.py:4180} INFO - Setting next_dagrun for tutorial_dag to None, run_after=None
[2026-04-14T16:21:21.406+0000] {processor.py:208} INFO - Processing /home/airflow/.local/lib/python3.12/site-packages/airflow/example_dags/tutorial_dag.py took 0.033 seconds
[2026-04-14T16:21:52.495+0000] {processor.py:186} INFO - Started process (PID=22107) to work on /home/airflow/.local/lib/python3.12/site-packages/airflow/example_dags/tutorial_dag.py
[2026-04-14T16:21:52.495+0000] {processor.py:914} INFO - Processing file /home/airflow/.local/lib/python3.12/site-packages/airflow/example_dags/tutorial_dag.py for tasks to queue
[2026-04-14T16:21:52.496+0000] {logging_mixin.py:190} INFO - [2026-04-14T16:21:52.495+0000] {dagbag.py:588} INFO - Filling up the DagBag from /home/airflow/.local/lib/python3.12/site-packages/airflow/example_dags/tutorial_dag.py
[2026-04-14T16:21:52.499+0000] {processor.py:925} INFO - DAG(s) 'tutorial_dag' retrieved from /home/airflow/.local/lib/python3.12/site-packages/airflow/example_dags/tutorial_dag.py
[2026-04-14T16:21:52.509+0000] {logging_mixin.py:190} INFO - [2026-04-14T16:21:52.509+0000] {dag.py:3239} INFO - Sync 1 DAGs
[2026-04-14T16:21:52.516+0000] {logging_mixin.py:190} INFO - [2026-04-14T16:21:52.515+0000] {dag.py:4180} INFO - Setting next_dagrun for tutorial_dag to None, run_after=None
[2026-04-14T16:21:52.524+0000] {processor.py:208} INFO - Processing /home/airflow/.local/lib/python3.12/site-packages/airflow/example_dags/tutorial_dag.py took 0.031 seconds
[2026-04-14T16:24:24.022+0000] {processor.py:186} INFO - Started process (PID=22184) to work on /home/airflow/.local/lib/python3.12/site-packages/airflow/example_dags/tutorial_dag.py
[2026-04-14T16:24:24.023+0000] {processor.py:914} INFO - Processing file /home/airflow/.local/lib/python3.12/site-packages/airflow/example_dags/tutorial_dag.py for tasks to queue
[2026-04-14T16:24:24.023+0000] {logging_mixin.py:190} INFO - [2026-04-14T16:24:24.023+0000] {dagbag.py:588} INFO - Filling up the DagBag from /home/airflow/.local/lib/python3.12/site-packages/airflow/example_dags/tutorial_dag.py
[2026-04-14T16:24:24.026+0000] {processor.py:925} INFO - DAG(s) 'tutorial_dag' retrieved from /home/airflow/.local/lib/python3.12/site-packages/airflow/example_dags/tutorial_dag.py
[2026-04-14T16:24:24.034+0000] {logging_mixin.py:190} INFO - [2026-04-14T16:24:24.034+0000] {dag.py:3239} INFO - Sync 1 DAGs
[2026-04-14T16:24:24.039+0000] {logging_mixin.py:190} INFO - [2026-04-14T16:24:24.039+0000] {dag.py:4180} INFO - Setting next_dagrun for tutorial_dag to None, run_after=None
[2026-04-14T16:24:24.045+0000] {processor.py:208} INFO - Processing /home/airflow/.local/lib/python3.12/site-packages/airflow/example_dags/tutorial_dag.py took 0.025 seconds
[2026-04-14T16:24:54.409+0000] {processor.py:186} INFO - Started process (PID=22248) to work on /home/airflow/.local/lib/python3.12/site-packages/airflow/example_dags/tutorial_dag.py
[2026-04-14T16:24:54.409+0000] {processor.py:914} INFO - Processing file /home/airflow/.local/lib/python3.12/site-packages/airflow/example_dags/tutorial_dag.py for tasks to queue
[2026-04-14T16:24:54.409+0000] {logging_mixin.py:190} INFO - [2026-04-14T16:24:54.409+0000] {dagbag.py:588} INFO - Filling up the DagBag from /home/airflow/.local/lib/python3.12/site-packages/airflow/example_dags/tutorial_dag.py
[2026-04-14T16:24:54.413+0000] {processor.py:925} INFO - DAG(s) 'tutorial_dag' retrieved from /home/airflow/.local/lib/python3.12/site-packages/airflow/example_dags/tutorial_dag.py
[2026-04-14T16:24:54.419+0000] {logging_mixin.py:190} INFO - [2026-04-14T16:24:54.419+0000] {dag.py:3239} INFO - Sync 1 DAGs
[2026-04-14T16:24:54.424+0000] {logging_mixin.py:190} INFO - [2026-04-14T16:24:54.424+0000] {dag.py:4180} INFO - Setting next_dagrun for tutorial_dag to None, run_after=None
[2026-04-14T16:24:54.429+0000] {processor.py:208} INFO - Processing /home/airflow/.local/lib/python3.12/site-packages/airflow/example_dags/tutorial_dag.py took 0.023 seconds
[2026-04-14T16:26:45.509+0000] {processor.py:186} INFO - Started process (PID=22312) to work on /home/airflow/.local/lib/python3.12/site-packages/airflow/example_dags/tutorial_dag.py
[2026-04-14T16:26:45.509+0000] {processor.py:914} INFO - Processing file /home/airflow/.local/lib/python3.12/site-packages/airflow/example_dags/tutorial_dag.py for tasks to queue
[2026-04-14T16:26:45.509+0000] {logging_mixin.py:190} INFO - [2026-04-14T16:26:45.509+0000] {dagbag.py:588} INFO - Filling up the DagBag from /home/airflow/.local/lib/python3.12/site-packages/airflow/example_dags/tutorial_dag.py
[2026-04-14T16:26:45.513+0000] {processor.py:925} INFO - DAG(s) 'tutorial_dag' retrieved from /home/airflow/.local/lib/python3.12/site-packages/airflow/example_dags/tutorial_dag.py
[2026-04-14T16:26:45.519+0000] {logging_mixin.py:190} INFO - [2026-04-14T16:26:45.519+0000] {dag.py:3239} INFO - Sync 1 DAGs
[2026-04-14T16:26:45.524+0000] {logging_mixin.py:190} INFO - [2026-04-14T16:26:45.524+0000] {dag.py:4180} INFO - Setting next_dagrun for tutorial_dag to None, run_after=None
[2026-04-14T16:26:45.529+0000] {processor.py:208} INFO - Processing /home/airflow/.local/lib/python3.12/site-packages/airflow/example_dags/tutorial_dag.py took 0.022 seconds
[2026-04-14T16:29:14.058+0000] {processor.py:186} INFO - Started process (PID=22376) to work on /home/airflow/.local/lib/python3.12/site-packages/airflow/example_dags/tutorial_dag.py
[2026-04-14T16:29:14.059+0000] {processor.py:914} INFO - Processing file /home/airflow/.local/lib/python3.12/site-packages/airflow/example_dags/tutorial_dag.py for tasks to queue
[2026-04-14T16:29:14.060+0000] {logging_mixin.py:190} INFO - [2026-04-14T16:29:14.060+0000] {dagbag.py:588} INFO - Filling up the DagBag from /home/airflow/.local/lib/python3.12/site-packages/airflow/example_dags/tutorial_dag.py
[2026-04-14T16:29:14.063+0000] {processor.py:925} INFO - DAG(s) 'tutorial_dag' retrieved from /home/airflow/.local/lib/python3.12/site-packages/airflow/example_dags/tutorial_dag.py
[2026-04-14T16:29:14.086+0000] {logging_mixin.py:190} INFO - [2026-04-14T16:29:14.086+0000] {dag.py:3239} INFO - Sync 1 DAGs
[2026-04-14T16:29:14.093+0000] {logging_mixin.py:190} INFO - [2026-04-14T16:29:14.093+0000] {dag.py:4180} INFO - Setting next_dagrun for tutorial_dag to None, run_after=None
[2026-04-14T16:29:14.106+0000] {processor.py:208} INFO - Processing /home/airflow/.local/lib/python3.12/site-packages/airflow/example_dags/tutorial_dag.py took 0.050 seconds
[2026-04-14T16:29:44.458+0000] {processor.py:186} INFO - Started process (PID=22440) to work on /home/airflow/.local/lib/python3.12/site-packages/airflow/example_dags/tutorial_dag.py
[2026-04-14T16:29:44.459+0000] {processor.py:914} INFO - Processing file /home/airflow/.local/lib/python3.12/site-packages/airflow/example_dags/tutorial_dag.py for tasks to queue
[2026-04-14T16:29:44.459+0000] {logging_mixin.py:190} INFO - [2026-04-14T16:29:44.459+0000] {dagbag.py:588} INFO - Filling up the DagBag from /home/airflow/.local/lib/python3.12/site-packages/airflow/example_dags/tutorial_dag.py
[2026-04-14T16:29:44.462+0000] {processor.py:925} INFO - DAG(s) 'tutorial_dag' retrieved from /home/airflow/.local/lib/python3.12/site-packages/airflow/example_dags/tutorial_dag.py
[2026-04-14T16:29:44.468+0000] {logging_mixin.py:190} INFO - [2026-04-14T16:29:44.468+0000] {dag.py:3239} INFO - Sync 1 DAGs
[2026-04-14T16:29:44.473+0000] {logging_mixin.py:190} INFO - [2026-04-14T16:29:44.473+0000] {dag.py:4180} INFO - Setting next_dagrun for tutorial_dag to None, run_after=None
[2026-04-14T16:29:44.477+0000] {processor.py:208} INFO - Processing /home/airflow/.local/lib/python3.12/site-packages/airflow/example_dags/tutorial_dag.py took 0.021 seconds
[2026-04-14T16:33:10.576+0000] {processor.py:186} INFO - Started process (PID=22504) to work on /home/airflow/.local/lib/python3.12/site-packages/airflow/example_dags/tutorial_dag.py
[2026-04-14T16:33:10.576+0000] {processor.py:914} INFO - Processing file /home/airflow/.local/lib/python3.12/site-packages/airflow/example_dags/tutorial_dag.py for tasks to queue
[2026-04-14T16:33:10.577+0000] {logging_mixin.py:190} INFO - [2026-04-14T16:33:10.577+0000] {dagbag.py:588} INFO - Filling up the DagBag from /home/airflow/.local/lib/python3.12/site-packages/airflow/example_dags/tutorial_dag.py
[2026-04-14T16:33:10.580+0000] {processor.py:925} INFO - DAG(s) 'tutorial_dag' retrieved from /home/airflow/.local/lib/python3.12/site-packages/airflow/example_dags/tutorial_dag.py
[2026-04-14T16:33:10.589+0000] {logging_mixin.py:190} INFO - [2026-04-14T16:33:10.589+0000] {dag.py:3239} INFO - Sync 1 DAGs
[2026-04-14T16:33:10.595+0000] {logging_mixin.py:190} INFO - [2026-04-14T16:33:10.595+0000] {dag.py:4180} INFO - Setting next_dagrun for tutorial_dag to None, run_after=None
[2026-04-14T16:33:10.603+0000] {processor.py:208} INFO - Processing /home/airflow/.local/lib/python3.12/site-packages/airflow/example_dags/tutorial_dag.py took 0.031 seconds
[2026-04-14T16:33:41.213+0000] {processor.py:186} INFO - Started process (PID=22568) to work on /home/airflow/.local/lib/python3.12/site-packages/airflow/example_dags/tutorial_dag.py
[2026-04-14T16:33:41.216+0000] {processor.py:914} INFO - Processing file /home/airflow/.local/lib/python3.12/site-packages/airflow/example_dags/tutorial_dag.py for tasks to queue
[2026-04-14T16:33:41.216+0000] {logging_mixin.py:190} INFO - [2026-04-14T16:33:41.216+0000] {dagbag.py:588} INFO - Filling up the DagBag from /home/airflow/.local/lib/python3.12/site-packages/airflow/example_dags/tutorial_dag.py
[2026-04-14T16:33:41.220+0000] {processor.py:925} INFO - DAG(s) 'tutorial_dag' retrieved from /home/airflow/.local/lib/python3.12/site-packages/airflow/example_dags/tutorial_dag.py
[2026-04-14T16:33:41.230+0000] {logging_mixin.py:190} INFO - [2026-04-14T16:33:41.230+0000] {dag.py:3239} INFO - Sync 1 DAGs
[2026-04-14T16:33:41.235+0000] {logging_mixin.py:190} INFO - [2026-04-14T16:33:41.235+0000] {dag.py:4180} INFO - Setting next_dagrun for tutorial_dag to None, run_after=None
[2026-04-14T16:33:41.246+0000] {processor.py:208} INFO - Processing /home/airflow/.local/lib/python3.12/site-packages/airflow/example_dags/tutorial_dag.py took 0.034 seconds
[2026-04-14T16:34:11.640+0000] {processor.py:186} INFO - Started process (PID=22632) to work on /home/airflow/.local/lib/python3.12/site-packages/airflow/example_dags/tutorial_dag.py
[2026-04-14T16:34:11.641+0000] {processor.py:914} INFO - Processing file /home/airflow/.local/lib/python3.12/site-packages/airflow/example_dags/tutorial_dag.py for tasks to queue
[2026-04-14T16:34:11.641+0000] {logging_mixin.py:190} INFO - [2026-04-14T16:34:11.641+0000] {dagbag.py:588} INFO - Filling up the DagBag from /home/airflow/.local/lib/python3.12/site-packages/airflow/example_dags/tutorial_dag.py
[2026-04-14T16:34:11.645+0000] {processor.py:925} INFO - DAG(s) 'tutorial_dag' retrieved from /home/airflow/.local/lib/python3.12/site-packages/airflow/example_dags/tutorial_dag.py
[2026-04-14T16:34:11.656+0000] {logging_mixin.py:190} INFO - [2026-04-14T16:34:11.656+0000] {dag.py:3239} INFO - Sync 1 DAGs
[2026-04-14T16:34:11.665+0000] {logging_mixin.py:190} INFO - [2026-04-14T16:34:11.664+0000] {dag.py:4180} INFO - Setting next_dagrun for tutorial_dag to None, run_after=None
[2026-04-14T16:34:11.676+0000] {processor.py:208} INFO - Processing /home/airflow/.local/lib/python3.12/site-packages/airflow/example_dags/tutorial_dag.py took 0.039 seconds
[2026-04-14T16:34:42.083+0000] {processor.py:186} INFO - Started process (PID=22696) to work on /home/airflow/.local/lib/python3.12/site-packages/airflow/example_dags/tutorial_dag.py
[2026-04-14T16:34:42.084+0000] {processor.py:914} INFO - Processing file /home/airflow/.local/lib/python3.12/site-packages/airflow/example_dags/tutorial_dag.py for tasks to queue
[2026-04-14T16:34:42.084+0000] {logging_mixin.py:190} INFO - [2026-04-14T16:34:42.084+0000] {dagbag.py:588} INFO - Filling up the DagBag from /home/airflow/.local/lib/python3.12/site-packages/airflow/example_dags/tutorial_dag.py
[2026-04-14T16:34:42.087+0000] {processor.py:925} INFO - DAG(s) 'tutorial_dag' retrieved from /home/airflow/.local/lib/python3.12/site-packages/airflow/example_dags/tutorial_dag.py
[2026-04-14T16:34:42.096+0000] {logging_mixin.py:190} INFO - [2026-04-14T16:34:42.096+0000] {dag.py:3239} INFO - Sync 1 DAGs
[2026-04-14T16:34:42.104+0000] {logging_mixin.py:190} INFO - [2026-04-14T16:34:42.104+0000] {dag.py:4180} INFO - Setting next_dagrun for tutorial_dag to None, run_after=None
[2026-04-14T16:34:42.113+0000] {processor.py:208} INFO - Processing /home/airflow/.local/lib/python3.12/site-packages/airflow/example_dags/tutorial_dag.py took 0.032 seconds
[2026-04-14T16:35:12.421+0000] {processor.py:186} INFO - Started process (PID=22760) to work on /home/airflow/.local/lib/python3.12/site-packages/airflow/example_dags/tutorial_dag.py
[2026-04-14T16:35:12.422+0000] {processor.py:914} INFO - Processing file /home/airflow/.local/lib/python3.12/site-packages/airflow/example_dags/tutorial_dag.py for tasks to queue
[2026-04-14T16:35:12.422+0000] {logging_mixin.py:190} INFO - [2026-04-14T16:35:12.422+0000] {dagbag.py:588} INFO - Filling up the DagBag from /home/airflow/.local/lib/python3.12/site-packages/airflow/example_dags/tutorial_dag.py
[2026-04-14T16:35:12.426+0000] {processor.py:925} INFO - DAG(s) 'tutorial_dag' retrieved from /home/airflow/.local/lib/python3.12/site-packages/airflow/example_dags/tutorial_dag.py
[2026-04-14T16:35:12.437+0000] {logging_mixin.py:190} INFO - [2026-04-14T16:35:12.436+0000] {dag.py:3239} INFO - Sync 1 DAGs
[2026-04-14T16:35:12.443+0000] {logging_mixin.py:190} INFO - [2026-04-14T16:35:12.443+0000] {dag.py:4180} INFO - Setting next_dagrun for tutorial_dag to None, run_after=None
[2026-04-14T16:35:12.453+0000] {processor.py:208} INFO - Processing /home/airflow/.local/lib/python3.12/site-packages/airflow/example_dags/tutorial_dag.py took 0.034 seconds
[2026-04-14T16:35:42.670+0000] {processor.py:186} INFO - Started process (PID=22824) to work on /home/airflow/.local/lib/python3.12/site-packages/airflow/example_dags/tutorial_dag.py
[2026-04-14T16:35:42.671+0000] {processor.py:914} INFO - Processing file /home/airflow/.local/lib/python3.12/site-packages/airflow/example_dags/tutorial_dag.py for tasks to queue
[2026-04-14T16:35:42.672+0000] {logging_mixin.py:190} INFO - [2026-04-14T16:35:42.671+0000] {dagbag.py:588} INFO - Filling up the DagBag from /home/airflow/.local/lib/python3.12/site-packages/airflow/example_dags/tutorial_dag.py
[2026-04-14T16:35:42.675+0000] {processor.py:925} INFO - DAG(s) 'tutorial_dag' retrieved from /home/airflow/.local/lib/python3.12/site-packages/airflow/example_dags/tutorial_dag.py
[2026-04-14T16:35:42.686+0000] {logging_mixin.py:190} INFO - [2026-04-14T16:35:42.685+0000] {dag.py:3239} INFO - Sync 1 DAGs
[2026-04-14T16:35:42.693+0000] {logging_mixin.py:190} INFO - [2026-04-14T16:35:42.693+0000] {dag.py:4180} INFO - Setting next_dagrun for tutorial_dag to None, run_after=None
[2026-04-14T16:35:42.698+0000] {processor.py:208} INFO - Processing /home/airflow/.local/lib/python3.12/site-packages/airflow/example_dags/tutorial_dag.py took 0.030 seconds
[2026-04-14T16:36:13.893+0000] {processor.py:186} INFO - Started process (PID=22888) to work on /home/airflow/.local/lib/python3.12/site-packages/airflow/example_dags/tutorial_dag.py
[2026-04-14T16:36:13.894+0000] {processor.py:914} INFO - Processing file /home/airflow/.local/lib/python3.12/site-packages/airflow/example_dags/tutorial_dag.py for tasks to queue
[2026-04-14T16:36:13.895+0000] {logging_mixin.py:190} INFO - [2026-04-14T16:36:13.895+0000] {dagbag.py:588} INFO - Filling up the DagBag from /home/airflow/.local/lib/python3.12/site-packages/airflow/example_dags/tutorial_dag.py
[2026-04-14T16:36:13.900+0000] {processor.py:925} INFO - DAG(s) 'tutorial_dag' retrieved from /home/airflow/.local/lib/python3.12/site-packages/airflow/example_dags/tutorial_dag.py
[2026-04-14T16:36:13.910+0000] {logging_mixin.py:190} INFO - [2026-04-14T16:36:13.910+0000] {dag.py:3239} INFO - Sync 1 DAGs
[2026-04-14T16:36:13.917+0000] {logging_mixin.py:190} INFO - [2026-04-14T16:36:13.917+0000] {dag.py:4180} INFO - Setting next_dagrun for tutorial_dag to None, run_after=None
[2026-04-14T16:36:13.925+0000] {processor.py:208} INFO - Processing /home/airflow/.local/lib/python3.12/site-packages/airflow/example_dags/tutorial_dag.py took 0.035 seconds
[2026-04-14T16:36:45.248+0000] {processor.py:186} INFO - Started process (PID=22952) to work on /home/airflow/.local/lib/python3.12/site-packages/airflow/example_dags/tutorial_dag.py
[2026-04-14T16:36:45.248+0000] {processor.py:914} INFO - Processing file /home/airflow/.local/lib/python3.12/site-packages/airflow/example_dags/tutorial_dag.py for tasks to queue
[2026-04-14T16:36:45.249+0000] {logging_mixin.py:190} INFO - [2026-04-14T16:36:45.249+0000] {dagbag.py:588} INFO - Filling up the DagBag from /home/airflow/.local/lib/python3.12/site-packages/airflow/example_dags/tutorial_dag.py
[2026-04-14T16:36:45.251+0000] {processor.py:925} INFO - DAG(s) 'tutorial_dag' retrieved from /home/airflow/.local/lib/python3.12/site-packages/airflow/example_dags/tutorial_dag.py
[2026-04-14T16:36:45.258+0000] {logging_mixin.py:190} INFO - [2026-04-14T16:36:45.258+0000] {dag.py:3239} INFO - Sync 1 DAGs
[2026-04-14T16:36:45.263+0000] {logging_mixin.py:190} INFO - [2026-04-14T16:36:45.263+0000] {dag.py:4180} INFO - Setting next_dagrun for tutorial_dag to None, run_after=None
[2026-04-14T16:36:45.268+0000] {processor.py:208} INFO - Processing /home/airflow/.local/lib/python3.12/site-packages/airflow/example_dags/tutorial_dag.py took 0.022 seconds
[2026-04-14T16:37:16.550+0000] {processor.py:186} INFO - Started process (PID=23016) to work on /home/airflow/.local/lib/python3.12/site-packages/airflow/example_dags/tutorial_dag.py
[2026-04-14T16:37:16.550+0000] {processor.py:914} INFO - Processing file /home/airflow/.local/lib/python3.12/site-packages/airflow/example_dags/tutorial_dag.py for tasks to queue
[2026-04-14T16:37:16.551+0000] {logging_mixin.py:190} INFO - [2026-04-14T16:37:16.551+0000] {dagbag.py:588} INFO - Filling up the DagBag from /home/airflow/.local/lib/python3.12/site-packages/airflow/example_dags/tutorial_dag.py
[2026-04-14T16:37:16.554+0000] {processor.py:925} INFO - DAG(s) 'tutorial_dag' retrieved from /home/airflow/.local/lib/python3.12/site-packages/airflow/example_dags/tutorial_dag.py
[2026-04-14T16:37:16.560+0000] {logging_mixin.py:190} INFO - [2026-04-14T16:37:16.560+0000] {dag.py:3239} INFO - Sync 1 DAGs
[2026-04-14T16:37:16.565+0000] {logging_mixin.py:190} INFO - [2026-04-14T16:37:16.565+0000] {dag.py:4180} INFO - Setting next_dagrun for tutorial_dag to None, run_after=None
[2026-04-14T16:37:16.570+0000] {processor.py:208} INFO - Processing /home/airflow/.local/lib/python3.12/site-packages/airflow/example_dags/tutorial_dag.py took 0.022 seconds
[2026-04-14T16:37:47.934+0000] {processor.py:186} INFO - Started process (PID=23080) to work on /home/airflow/.local/lib/python3.12/site-packages/airflow/example_dags/tutorial_dag.py
[2026-04-14T16:37:47.935+0000] {processor.py:914} INFO - Processing file /home/airflow/.local/lib/python3.12/site-packages/airflow/example_dags/tutorial_dag.py for tasks to queue
[2026-04-14T16:37:47.935+0000] {logging_mixin.py:190} INFO - [2026-04-14T16:37:47.935+0000] {dagbag.py:588} INFO - Filling up the DagBag from /home/airflow/.local/lib/python3.12/site-packages/airflow/example_dags/tutorial_dag.py
[2026-04-14T16:37:47.938+0000] {processor.py:925} INFO - DAG(s) 'tutorial_dag' retrieved from /home/airflow/.local/lib/python3.12/site-packages/airflow/example_dags/tutorial_dag.py
[2026-04-14T16:37:47.944+0000] {logging_mixin.py:190} INFO - [2026-04-14T16:37:47.944+0000] {dag.py:3239} INFO - Sync 1 DAGs
[2026-04-14T16:37:47.949+0000] {logging_mixin.py:190} INFO - [2026-04-14T16:37:47.949+0000] {dag.py:4180} INFO - Setting next_dagrun for tutorial_dag to None, run_after=None
[2026-04-14T16:37:47.954+0000] {processor.py:208} INFO - Processing /home/airflow/.local/lib/python3.12/site-packages/airflow/example_dags/tutorial_dag.py took 0.022 seconds
[2026-04-14T16:38:18.260+0000] {processor.py:186} INFO - Started process (PID=23143) to work on /home/airflow/.local/lib/python3.12/site-packages/airflow/example_dags/tutorial_dag.py
[2026-04-14T16:38:18.260+0000] {processor.py:914} INFO - Processing file /home/airflow/.local/lib/python3.12/site-packages/airflow/example_dags/tutorial_dag.py for tasks to queue
[2026-04-14T16:38:18.261+0000] {logging_mixin.py:190} INFO - [2026-04-14T16:38:18.261+0000] {dagbag.py:588} INFO - Filling up the DagBag from /home/airflow/.local/lib/python3.12/site-packages/airflow/example_dags/tutorial_dag.py
[2026-04-14T16:38:18.263+0000] {processor.py:925} INFO - DAG(s) 'tutorial_dag' retrieved from /home/airflow/.local/lib/python3.12/site-packages/airflow/example_dags/tutorial_dag.py
[2026-04-14T16:38:18.270+0000] {logging_mixin.py:190} INFO - [2026-04-14T16:38:18.270+0000] {dag.py:3239} INFO - Sync 1 DAGs
[2026-04-14T16:38:18.275+0000] {logging_mixin.py:190} INFO - [2026-04-14T16:38:18.275+0000] {dag.py:4180} INFO - Setting next_dagrun for tutorial_dag to None, run_after=None
[2026-04-14T16:38:18.280+0000] {processor.py:208} INFO - Processing /home/airflow/.local/lib/python3.12/site-packages/airflow/example_dags/tutorial_dag.py took 0.022 seconds
[2026-04-14T16:38:49.451+0000] {processor.py:186} INFO - Started process (PID=23207) to work on /home/airflow/.local/lib/python3.12/site-packages/airflow/example_dags/tutorial_dag.py
[2026-04-14T16:38:49.451+0000] {processor.py:914} INFO - Processing file /home/airflow/.local/lib/python3.12/site-packages/airflow/example_dags/tutorial_dag.py for tasks to queue
[2026-04-14T16:38:49.452+0000] {logging_mixin.py:190} INFO - [2026-04-14T16:38:49.452+0000] {dagbag.py:588} INFO - Filling up the DagBag from /home/airflow/.local/lib/python3.12/site-packages/airflow/example_dags/tutorial_dag.py
[2026-04-14T16:38:49.455+0000] {processor.py:925} INFO - DAG(s) 'tutorial_dag' retrieved from /home/airflow/.local/lib/python3.12/site-packages/airflow/example_dags/tutorial_dag.py
[2026-04-14T16:38:49.465+0000] {logging_mixin.py:190} INFO - [2026-04-14T16:38:49.464+0000] {dag.py:3239} INFO - Sync 1 DAGs
[2026-04-14T16:38:49.471+0000] {logging_mixin.py:190} INFO - [2026-04-14T16:38:49.471+0000] {dag.py:4180} INFO - Setting next_dagrun for tutorial_dag to None, run_after=None
[2026-04-14T16:38:49.482+0000] {processor.py:208} INFO - Processing /home/airflow/.local/lib/python3.12/site-packages/airflow/example_dags/tutorial_dag.py took 0.033 seconds
[2026-04-14T16:39:19.888+0000] {processor.py:186} INFO - Started process (PID=23271) to work on /home/airflow/.local/lib/python3.12/site-packages/airflow/example_dags/tutorial_dag.py
[2026-04-14T16:39:19.890+0000] {processor.py:914} INFO - Processing file /home/airflow/.local/lib/python3.12/site-packages/airflow/example_dags/tutorial_dag.py for tasks to queue
[2026-04-14T16:39:19.890+0000] {logging_mixin.py:190} INFO - [2026-04-14T16:39:19.890+0000] {dagbag.py:588} INFO - Filling up the DagBag from /home/airflow/.local/lib/python3.12/site-packages/airflow/example_dags/tutorial_dag.py
[2026-04-14T16:39:19.895+0000] {processor.py:925} INFO - DAG(s) 'tutorial_dag' retrieved from /home/airflow/.local/lib/python3.12/site-packages/airflow/example_dags/tutorial_dag.py
[2026-04-14T16:39:19.905+0000] {logging_mixin.py:190} INFO - [2026-04-14T16:39:19.904+0000] {dag.py:3239} INFO - Sync 1 DAGs
[2026-04-14T16:39:19.911+0000] {logging_mixin.py:190} INFO - [2026-04-14T16:39:19.911+0000] {dag.py:4180} INFO - Setting next_dagrun for tutorial_dag to None, run_after=None
[2026-04-14T16:39:19.918+0000] {processor.py:208} INFO - Processing /home/airflow/.local/lib/python3.12/site-packages/airflow/example_dags/tutorial_dag.py took 0.033 seconds
[2026-04-14T16:39:50.407+0000] {processor.py:186} INFO - Started process (PID=23335) to work on /home/airflow/.local/lib/python3.12/site-packages/airflow/example_dags/tutorial_dag.py
[2026-04-14T16:39:50.407+0000] {processor.py:914} INFO - Processing file /home/airflow/.local/lib/python3.12/site-packages/airflow/example_dags/tutorial_dag.py for tasks to queue
[2026-04-14T16:39:50.408+0000] {logging_mixin.py:190} INFO - [2026-04-14T16:39:50.408+0000] {dagbag.py:588} INFO - Filling up the DagBag from /home/airflow/.local/lib/python3.12/site-packages/airflow/example_dags/tutorial_dag.py
[2026-04-14T16:39:50.411+0000] {processor.py:925} INFO - DAG(s) 'tutorial_dag' retrieved from /home/airflow/.local/lib/python3.12/site-packages/airflow/example_dags/tutorial_dag.py
[2026-04-14T16:39:50.417+0000] {logging_mixin.py:190} INFO - [2026-04-14T16:39:50.417+0000] {dag.py:3239} INFO - Sync 1 DAGs
[2026-04-14T16:39:50.422+0000] {logging_mixin.py:190} INFO - [2026-04-14T16:39:50.422+0000] {dag.py:4180} INFO - Setting next_dagrun for tutorial_dag to None, run_after=None
[2026-04-14T16:39:50.427+0000] {processor.py:208} INFO - Processing /home/airflow/.local/lib/python3.12/site-packages/airflow/example_dags/tutorial_dag.py took 0.022 seconds
[2026-04-14T16:40:20.900+0000] {processor.py:186} INFO - Started process (PID=23399) to work on /home/airflow/.local/lib/python3.12/site-packages/airflow/example_dags/tutorial_dag.py
[2026-04-14T16:40:20.901+0000] {processor.py:914} INFO - Processing file /home/airflow/.local/lib/python3.12/site-packages/airflow/example_dags/tutorial_dag.py for tasks to queue
[2026-04-14T16:40:20.901+0000] {logging_mixin.py:190} INFO - [2026-04-14T16:40:20.901+0000] {dagbag.py:588} INFO - Filling up the DagBag from /home/airflow/.local/lib/python3.12/site-packages/airflow/example_dags/tutorial_dag.py
[2026-04-14T16:40:20.904+0000] {processor.py:925} INFO - DAG(s) 'tutorial_dag' retrieved from /home/airflow/.local/lib/python3.12/site-packages/airflow/example_dags/tutorial_dag.py
[2026-04-14T16:40:20.911+0000] {logging_mixin.py:190} INFO - [2026-04-14T16:40:20.911+0000] {dag.py:3239} INFO - Sync 1 DAGs
[2026-04-14T16:40:20.916+0000] {logging_mixin.py:190} INFO - [2026-04-14T16:40:20.915+0000] {dag.py:4180} INFO - Setting next_dagrun for tutorial_dag to None, run_after=None
[2026-04-14T16:40:20.921+0000] {processor.py:208} INFO - Processing /home/airflow/.local/lib/python3.12/site-packages/airflow/example_dags/tutorial_dag.py took 0.023 seconds
[2026-04-14T16:40:51.516+0000] {processor.py:186} INFO - Started process (PID=23463) to work on /home/airflow/.local/lib/python3.12/site-packages/airflow/example_dags/tutorial_dag.py
[2026-04-14T16:40:51.517+0000] {processor.py:914} INFO - Processing file /home/airflow/.local/lib/python3.12/site-packages/airflow/example_dags/tutorial_dag.py for tasks to queue
[2026-04-14T16:40:51.517+0000] {logging_mixin.py:190} INFO - [2026-04-14T16:40:51.517+0000] {dagbag.py:588} INFO - Filling up the DagBag from /home/airflow/.local/lib/python3.12/site-packages/airflow/example_dags/tutorial_dag.py
[2026-04-14T16:40:51.520+0000] {processor.py:925} INFO - DAG(s) 'tutorial_dag' retrieved from /home/airflow/.local/lib/python3.12/site-packages/airflow/example_dags/tutorial_dag.py
[2026-04-14T16:40:51.530+0000] {logging_mixin.py:190} INFO - [2026-04-14T16:40:51.529+0000] {dag.py:3239} INFO - Sync 1 DAGs
[2026-04-14T16:40:51.535+0000] {logging_mixin.py:190} INFO - [2026-04-14T16:40:51.535+0000] {dag.py:4180} INFO - Setting next_dagrun for tutorial_dag to None, run_after=None
[2026-04-14T16:40:51.546+0000] {processor.py:208} INFO - Processing /home/airflow/.local/lib/python3.12/site-packages/airflow/example_dags/tutorial_dag.py took 0.032 seconds
[2026-04-14T16:41:22.539+0000] {processor.py:186} INFO - Started process (PID=23527) to work on /home/airflow/.local/lib/python3.12/site-packages/airflow/example_dags/tutorial_dag.py
[2026-04-14T16:41:22.540+0000] {processor.py:914} INFO - Processing file /home/airflow/.local/lib/python3.12/site-packages/airflow/example_dags/tutorial_dag.py for tasks to queue
[2026-04-14T16:41:22.541+0000] {logging_mixin.py:190} INFO - [2026-04-14T16:41:22.540+0000] {dagbag.py:588} INFO - Filling up the DagBag from /home/airflow/.local/lib/python3.12/site-packages/airflow/example_dags/tutorial_dag.py
[2026-04-14T16:41:22.547+0000] {processor.py:925} INFO - DAG(s) 'tutorial_dag' retrieved from /home/airflow/.local/lib/python3.12/site-packages/airflow/example_dags/tutorial_dag.py
[2026-04-14T16:41:22.560+0000] {logging_mixin.py:190} INFO - [2026-04-14T16:41:22.560+0000] {dag.py:3239} INFO - Sync 1 DAGs
[2026-04-14T16:41:22.568+0000] {logging_mixin.py:190} INFO - [2026-04-14T16:41:22.568+0000] {dag.py:4180} INFO - Setting next_dagrun for tutorial_dag to None, run_after=None
[2026-04-14T16:41:22.575+0000] {processor.py:208} INFO - Processing /home/airflow/.local/lib/python3.12/site-packages/airflow/example_dags/tutorial_dag.py took 0.038 seconds
[2026-04-14T16:41:53.872+0000] {processor.py:186} INFO - Started process (PID=23591) to work on /home/airflow/.local/lib/python3.12/site-packages/airflow/example_dags/tutorial_dag.py
[2026-04-14T16:41:53.872+0000] {processor.py:914} INFO - Processing file /home/airflow/.local/lib/python3.12/site-packages/airflow/example_dags/tutorial_dag.py for tasks to queue
[2026-04-14T16:41:53.873+0000] {logging_mixin.py:190} INFO - [2026-04-14T16:41:53.873+0000] {dagbag.py:588} INFO - Filling up the DagBag from /home/airflow/.local/lib/python3.12/site-packages/airflow/example_dags/tutorial_dag.py
[2026-04-14T16:41:53.876+0000] {processor.py:925} INFO - DAG(s) 'tutorial_dag' retrieved from /home/airflow/.local/lib/python3.12/site-packages/airflow/example_dags/tutorial_dag.py
[2026-04-14T16:41:53.883+0000] {logging_mixin.py:190} INFO - [2026-04-14T16:41:53.883+0000] {dag.py:3239} INFO - Sync 1 DAGs
[2026-04-14T16:41:53.888+0000] {logging_mixin.py:190} INFO - [2026-04-14T16:41:53.888+0000] {dag.py:4180} INFO - Setting next_dagrun for tutorial_dag to None, run_after=None
[2026-04-14T16:41:53.897+0000] {processor.py:208} INFO - Processing /home/airflow/.local/lib/python3.12/site-packages/airflow/example_dags/tutorial_dag.py took 0.028 seconds
[2026-04-14T16:42:25.025+0000] {processor.py:186} INFO - Started process (PID=23655) to work on /home/airflow/.local/lib/python3.12/site-packages/airflow/example_dags/tutorial_dag.py
[2026-04-14T16:42:25.027+0000] {processor.py:914} INFO - Processing file /home/airflow/.local/lib/python3.12/site-packages/airflow/example_dags/tutorial_dag.py for tasks to queue
[2026-04-14T16:42:25.027+0000] {logging_mixin.py:190} INFO - [2026-04-14T16:42:25.027+0000] {dagbag.py:588} INFO - Filling up the DagBag from /home/airflow/.local/lib/python3.12/site-packages/airflow/example_dags/tutorial_dag.py
[2026-04-14T16:42:25.031+0000] {processor.py:925} INFO - DAG(s) 'tutorial_dag' retrieved from /home/airflow/.local/lib/python3.12/site-packages/airflow/example_dags/tutorial_dag.py
[2026-04-14T16:42:25.038+0000] {logging_mixin.py:190} INFO - [2026-04-14T16:42:25.038+0000] {dag.py:3239} INFO - Sync 1 DAGs
[2026-04-14T16:42:25.044+0000] {logging_mixin.py:190} INFO - [2026-04-14T16:42:25.043+0000] {dag.py:4180} INFO - Setting next_dagrun for tutorial_dag to None, run_after=None
[2026-04-14T16:42:25.053+0000] {processor.py:208} INFO - Processing /home/airflow/.local/lib/python3.12/site-packages/airflow/example_dags/tutorial_dag.py took 0.030 seconds
[2026-04-14T16:42:56.356+0000] {processor.py:186} INFO - Started process (PID=23719) to work on /home/airflow/.local/lib/python3.12/site-packages/airflow/example_dags/tutorial_dag.py
[2026-04-14T16:42:56.357+0000] {processor.py:914} INFO - Processing file /home/airflow/.local/lib/python3.12/site-packages/airflow/example_dags/tutorial_dag.py for tasks to queue
[2026-04-14T16:42:56.357+0000] {logging_mixin.py:190} INFO - [2026-04-14T16:42:56.357+0000] {dagbag.py:588} INFO - Filling up the DagBag from /home/airflow/.local/lib/python3.12/site-packages/airflow/example_dags/tutorial_dag.py
[2026-04-14T16:42:56.360+0000] {processor.py:925} INFO - DAG(s) 'tutorial_dag' retrieved from /home/airflow/.local/lib/python3.12/site-packages/airflow/example_dags/tutorial_dag.py
[2026-04-14T16:42:56.367+0000] {logging_mixin.py:190} INFO - [2026-04-14T16:42:56.367+0000] {dag.py:3239} INFO - Sync 1 DAGs
[2026-04-14T16:42:56.373+0000] {logging_mixin.py:190} INFO - [2026-04-14T16:42:56.373+0000] {dag.py:4180} INFO - Setting next_dagrun for tutorial_dag to None, run_after=None
[2026-04-14T16:42:56.382+0000] {processor.py:208} INFO - Processing /home/airflow/.local/lib/python3.12/site-packages/airflow/example_dags/tutorial_dag.py took 0.028 seconds
[2026-04-14T16:43:27.651+0000] {processor.py:186} INFO - Started process (PID=23783) to work on /home/airflow/.local/lib/python3.12/site-packages/airflow/example_dags/tutorial_dag.py
[2026-04-14T16:43:27.651+0000] {processor.py:914} INFO - Processing file /home/airflow/.local/lib/python3.12/site-packages/airflow/example_dags/tutorial_dag.py for tasks to queue
[2026-04-14T16:43:27.652+0000] {logging_mixin.py:190} INFO - [2026-04-14T16:43:27.651+0000] {dagbag.py:588} INFO - Filling up the DagBag from /home/airflow/.local/lib/python3.12/site-packages/airflow/example_dags/tutorial_dag.py
[2026-04-14T16:43:27.657+0000] {processor.py:925} INFO - DAG(s) 'tutorial_dag' retrieved from /home/airflow/.local/lib/python3.12/site-packages/airflow/example_dags/tutorial_dag.py
[2026-04-14T16:43:27.669+0000] {logging_mixin.py:190} INFO - [2026-04-14T16:43:27.668+0000] {dag.py:3239} INFO - Sync 1 DAGs
[2026-04-14T16:43:27.676+0000] {logging_mixin.py:190} INFO - [2026-04-14T16:43:27.676+0000] {dag.py:4180} INFO - Setting next_dagrun for tutorial_dag to None, run_after=None
[2026-04-14T16:43:27.682+0000] {processor.py:208} INFO - Processing /home/airflow/.local/lib/python3.12/site-packages/airflow/example_dags/tutorial_dag.py took 0.033 seconds
[2026-04-14T16:43:58.919+0000] {processor.py:186} INFO - Started process (PID=23847) to work on /home/airflow/.local/lib/python3.12/site-packages/airflow/example_dags/tutorial_dag.py
[2026-04-14T16:43:58.919+0000] {processor.py:914} INFO - Processing file /home/airflow/.local/lib/python3.12/site-packages/airflow/example_dags/tutorial_dag.py for tasks to queue
[2026-04-14T16:43:58.920+0000] {logging_mixin.py:190} INFO - [2026-04-14T16:43:58.920+0000] {dagbag.py:588} INFO - Filling up the DagBag from /home/airflow/.local/lib/python3.12/site-packages/airflow/example_dags/tutorial_dag.py
[2026-04-14T16:43:58.923+0000] {processor.py:925} INFO - DAG(s) 'tutorial_dag' retrieved from /home/airflow/.local/lib/python3.12/site-packages/airflow/example_dags/tutorial_dag.py
[2026-04-14T16:43:58.932+0000] {logging_mixin.py:190} INFO - [2026-04-14T16:43:58.932+0000] {dag.py:3239} INFO - Sync 1 DAGs
[2026-04-14T16:43:58.939+0000] {logging_mixin.py:190} INFO - [2026-04-14T16:43:58.939+0000] {dag.py:4180} INFO - Setting next_dagrun for tutorial_dag to None, run_after=None
[2026-04-14T16:43:58.947+0000] {processor.py:208} INFO - Processing /home/airflow/.local/lib/python3.12/site-packages/airflow/example_dags/tutorial_dag.py took 0.031 seconds
[2026-04-14T16:44:29.312+0000] {processor.py:186} INFO - Started process (PID=23911) to work on /home/airflow/.local/lib/python3.12/site-packages/airflow/example_dags/tutorial_dag.py
[2026-04-14T16:44:29.312+0000] {processor.py:914} INFO - Processing file /home/airflow/.local/lib/python3.12/site-packages/airflow/example_dags/tutorial_dag.py for tasks to queue
[2026-04-14T16:44:29.313+0000] {logging_mixin.py:190} INFO - [2026-04-14T16:44:29.312+0000] {dagbag.py:588} INFO - Filling up the DagBag from /home/airflow/.local/lib/python3.12/site-packages/airflow/example_dags/tutorial_dag.py
[2026-04-14T16:44:29.316+0000] {processor.py:925} INFO - DAG(s) 'tutorial_dag' retrieved from /home/airflow/.local/lib/python3.12/site-packages/airflow/example_dags/tutorial_dag.py
[2026-04-14T16:44:29.322+0000] {logging_mixin.py:190} INFO - [2026-04-14T16:44:29.322+0000] {dag.py:3239} INFO - Sync 1 DAGs
[2026-04-14T16:44:29.326+0000] {logging_mixin.py:190} INFO - [2026-04-14T16:44:29.326+0000] {dag.py:4180} INFO - Setting next_dagrun for tutorial_dag to None, run_after=None
[2026-04-14T16:44:29.331+0000] {processor.py:208} INFO - Processing /home/airflow/.local/lib/python3.12/site-packages/airflow/example_dags/tutorial_dag.py took 0.022 seconds
[2026-04-14T16:45:00.529+0000] {processor.py:186} INFO - Started process (PID=23975) to work on /home/airflow/.local/lib/python3.12/site-packages/airflow/example_dags/tutorial_dag.py
[2026-04-14T16:45:00.530+0000] {processor.py:914} INFO - Processing file /home/airflow/.local/lib/python3.12/site-packages/airflow/example_dags/tutorial_dag.py for tasks to queue
[2026-04-14T16:45:00.530+0000] {logging_mixin.py:190} INFO - [2026-04-14T16:45:00.530+0000] {dagbag.py:588} INFO - Filling up the DagBag from /home/airflow/.local/lib/python3.12/site-packages/airflow/example_dags/tutorial_dag.py
[2026-04-14T16:45:00.533+0000] {processor.py:925} INFO - DAG(s) 'tutorial_dag' retrieved from /home/airflow/.local/lib/python3.12/site-packages/airflow/example_dags/tutorial_dag.py
[2026-04-14T16:45:00.541+0000] {logging_mixin.py:190} INFO - [2026-04-14T16:45:00.541+0000] {dag.py:3239} INFO - Sync 1 DAGs
[2026-04-14T16:45:00.548+0000] {logging_mixin.py:190} INFO - [2026-04-14T16:45:00.548+0000] {dag.py:4180} INFO - Setting next_dagrun for tutorial_dag to None, run_after=None
[2026-04-14T16:45:00.558+0000] {processor.py:208} INFO - Processing /home/airflow/.local/lib/python3.12/site-packages/airflow/example_dags/tutorial_dag.py took 0.031 seconds
[2026-04-14T16:45:32.163+0000] {processor.py:186} INFO - Started process (PID=24046) to work on /home/airflow/.local/lib/python3.12/site-packages/airflow/example_dags/tutorial_dag.py
[2026-04-14T16:45:32.164+0000] {processor.py:914} INFO - Processing file /home/airflow/.local/lib/python3.12/site-packages/airflow/example_dags/tutorial_dag.py for tasks to queue
[2026-04-14T16:45:32.164+0000] {logging_mixin.py:190} INFO - [2026-04-14T16:45:32.164+0000] {dagbag.py:588} INFO - Filling up the DagBag from /home/airflow/.local/lib/python3.12/site-packages/airflow/example_dags/tutorial_dag.py
[2026-04-14T16:45:32.168+0000] {processor.py:925} INFO - DAG(s) 'tutorial_dag' retrieved from /home/airflow/.local/lib/python3.12/site-packages/airflow/example_dags/tutorial_dag.py
[2026-04-14T16:45:32.179+0000] {logging_mixin.py:190} INFO - [2026-04-14T16:45:32.179+0000] {dag.py:3239} INFO - Sync 1 DAGs
[2026-04-14T16:45:32.185+0000] {logging_mixin.py:190} INFO - [2026-04-14T16:45:32.185+0000] {dag.py:4180} INFO - Setting next_dagrun for tutorial_dag to None, run_after=None
[2026-04-14T16:45:32.191+0000] {processor.py:208} INFO - Processing /home/airflow/.local/lib/python3.12/site-packages/airflow/example_dags/tutorial_dag.py took 0.034 seconds
[2026-04-14T16:46:02.713+0000] {processor.py:186} INFO - Started process (PID=24110) to work on /home/airflow/.local/lib/python3.12/site-packages/airflow/example_dags/tutorial_dag.py
[2026-04-14T16:46:02.713+0000] {processor.py:914} INFO - Processing file /home/airflow/.local/lib/python3.12/site-packages/airflow/example_dags/tutorial_dag.py for tasks to queue
[2026-04-14T16:46:02.714+0000] {logging_mixin.py:190} INFO - [2026-04-14T16:46:02.714+0000] {dagbag.py:588} INFO - Filling up the DagBag from /home/airflow/.local/lib/python3.12/site-packages/airflow/example_dags/tutorial_dag.py
[2026-04-14T16:46:02.718+0000] {processor.py:925} INFO - DAG(s) 'tutorial_dag' retrieved from /home/airflow/.local/lib/python3.12/site-packages/airflow/example_dags/tutorial_dag.py
[2026-04-14T16:46:02.728+0000] {logging_mixin.py:190} INFO - [2026-04-14T16:46:02.728+0000] {dag.py:3239} INFO - Sync 1 DAGs
[2026-04-14T16:46:02.733+0000] {logging_mixin.py:190} INFO - [2026-04-14T16:46:02.733+0000] {dag.py:4180} INFO - Setting next_dagrun for tutorial_dag to None, run_after=None
[2026-04-14T16:46:02.743+0000] {processor.py:208} INFO - Processing /home/airflow/.local/lib/python3.12/site-packages/airflow/example_dags/tutorial_dag.py took 0.033 seconds
[2026-04-14T16:46:33.416+0000] {processor.py:186} INFO - Started process (PID=24174) to work on /home/airflow/.local/lib/python3.12/site-packages/airflow/example_dags/tutorial_dag.py
[2026-04-14T16:46:33.418+0000] {processor.py:914} INFO - Processing file /home/airflow/.local/lib/python3.12/site-packages/airflow/example_dags/tutorial_dag.py for tasks to queue
[2026-04-14T16:46:33.419+0000] {logging_mixin.py:190} INFO - [2026-04-14T16:46:33.419+0000] {dagbag.py:588} INFO - Filling up the DagBag from /home/airflow/.local/lib/python3.12/site-packages/airflow/example_dags/tutorial_dag.py
[2026-04-14T16:46:33.423+0000] {processor.py:925} INFO - DAG(s) 'tutorial_dag' retrieved from /home/airflow/.local/lib/python3.12/site-packages/airflow/example_dags/tutorial_dag.py
[2026-04-14T16:46:33.434+0000] {logging_mixin.py:190} INFO - [2026-04-14T16:46:33.434+0000] {dag.py:3239} INFO - Sync 1 DAGs
[2026-04-14T16:46:33.441+0000] {logging_mixin.py:190} INFO - [2026-04-14T16:46:33.441+0000] {dag.py:4180} INFO - Setting next_dagrun for tutorial_dag to None, run_after=None
[2026-04-14T16:46:33.448+0000] {processor.py:208} INFO - Processing /home/airflow/.local/lib/python3.12/site-packages/airflow/example_dags/tutorial_dag.py took 0.035 seconds
[2026-04-14T16:47:04.215+0000] {processor.py:186} INFO - Started process (PID=24238) to work on /home/airflow/.local/lib/python3.12/site-packages/airflow/example_dags/tutorial_dag.py
[2026-04-14T16:47:04.216+0000] {processor.py:914} INFO - Processing file /home/airflow/.local/lib/python3.12/site-packages/airflow/example_dags/tutorial_dag.py for tasks to queue
[2026-04-14T16:47:04.216+0000] {logging_mixin.py:190} INFO - [2026-04-14T16:47:04.216+0000] {dagbag.py:588} INFO - Filling up the DagBag from /home/airflow/.local/lib/python3.12/site-packages/airflow/example_dags/tutorial_dag.py
[2026-04-14T16:47:04.221+0000] {processor.py:925} INFO - DAG(s) 'tutorial_dag' retrieved from /home/airflow/.local/lib/python3.12/site-packages/airflow/example_dags/tutorial_dag.py
[2026-04-14T16:47:04.247+0000] {logging_mixin.py:190} INFO - [2026-04-14T16:47:04.247+0000] {dag.py:3239} INFO - Sync 1 DAGs
[2026-04-14T16:47:04.259+0000] {logging_mixin.py:190} INFO - [2026-04-14T16:47:04.258+0000] {dag.py:4180} INFO - Setting next_dagrun for tutorial_dag to None, run_after=None
[2026-04-14T16:47:04.269+0000] {processor.py:208} INFO - Processing /home/airflow/.local/lib/python3.12/site-packages/airflow/example_dags/tutorial_dag.py took 0.057 seconds
[2026-04-14T16:47:34.629+0000] {processor.py:186} INFO - Started process (PID=24302) to work on /home/airflow/.local/lib/python3.12/site-packages/airflow/example_dags/tutorial_dag.py
[2026-04-14T16:47:34.631+0000] {processor.py:914} INFO - Processing file /home/airflow/.local/lib/python3.12/site-packages/airflow/example_dags/tutorial_dag.py for tasks to queue
[2026-04-14T16:47:34.632+0000] {logging_mixin.py:190} INFO - [2026-04-14T16:47:34.631+0000] {dagbag.py:588} INFO - Filling up the DagBag from /home/airflow/.local/lib/python3.12/site-packages/airflow/example_dags/tutorial_dag.py
[2026-04-14T16:47:34.635+0000] {processor.py:925} INFO - DAG(s) 'tutorial_dag' retrieved from /home/airflow/.local/lib/python3.12/site-packages/airflow/example_dags/tutorial_dag.py
[2026-04-14T16:47:34.643+0000] {logging_mixin.py:190} INFO - [2026-04-14T16:47:34.643+0000] {dag.py:3239} INFO - Sync 1 DAGs
[2026-04-14T16:47:34.650+0000] {logging_mixin.py:190} INFO - [2026-04-14T16:47:34.650+0000] {dag.py:4180} INFO - Setting next_dagrun for tutorial_dag to None, run_after=None
[2026-04-14T16:47:34.660+0000] {processor.py:208} INFO - Processing /home/airflow/.local/lib/python3.12/site-packages/airflow/example_dags/tutorial_dag.py took 0.033 seconds
[2026-04-14T16:48:05.925+0000] {processor.py:186} INFO - Started process (PID=24366) to work on /home/airflow/.local/lib/python3.12/site-packages/airflow/example_dags/tutorial_dag.py
[2026-04-14T16:48:05.926+0000] {processor.py:914} INFO - Processing file /home/airflow/.local/lib/python3.12/site-packages/airflow/example_dags/tutorial_dag.py for tasks to queue
[2026-04-14T16:48:05.926+0000] {logging_mixin.py:190} INFO - [2026-04-14T16:48:05.926+0000] {dagbag.py:588} INFO - Filling up the DagBag from /home/airflow/.local/lib/python3.12/site-packages/airflow/example_dags/tutorial_dag.py
[2026-04-14T16:48:05.929+0000] {processor.py:925} INFO - DAG(s) 'tutorial_dag' retrieved from /home/airflow/.local/lib/python3.12/site-packages/airflow/example_dags/tutorial_dag.py
[2026-04-14T16:48:05.936+0000] {logging_mixin.py:190} INFO - [2026-04-14T16:48:05.936+0000] {dag.py:3239} INFO - Sync 1 DAGs
[2026-04-14T16:48:05.941+0000] {logging_mixin.py:190} INFO - [2026-04-14T16:48:05.941+0000] {dag.py:4180} INFO - Setting next_dagrun for tutorial_dag to None, run_after=None
[2026-04-14T16:48:05.946+0000] {processor.py:208} INFO - Processing /home/airflow/.local/lib/python3.12/site-packages/airflow/example_dags/tutorial_dag.py took 0.025 seconds
[2026-04-14T16:48:36.410+0000] {processor.py:186} INFO - Started process (PID=24430) to work on /home/airflow/.local/lib/python3.12/site-packages/airflow/example_dags/tutorial_dag.py
[2026-04-14T16:48:36.410+0000] {processor.py:914} INFO - Processing file /home/airflow/.local/lib/python3.12/site-packages/airflow/example_dags/tutorial_dag.py for tasks to queue
[2026-04-14T16:48:36.411+0000] {logging_mixin.py:190} INFO - [2026-04-14T16:48:36.411+0000] {dagbag.py:588} INFO - Filling up the DagBag from /home/airflow/.local/lib/python3.12/site-packages/airflow/example_dags/tutorial_dag.py
[2026-04-14T16:48:36.414+0000] {processor.py:925} INFO - DAG(s) 'tutorial_dag' retrieved from /home/airflow/.local/lib/python3.12/site-packages/airflow/example_dags/tutorial_dag.py
[2026-04-14T16:48:36.421+0000] {logging_mixin.py:190} INFO - [2026-04-14T16:48:36.421+0000] {dag.py:3239} INFO - Sync 1 DAGs
[2026-04-14T16:48:36.426+0000] {logging_mixin.py:190} INFO - [2026-04-14T16:48:36.426+0000] {dag.py:4180} INFO - Setting next_dagrun for tutorial_dag to None, run_after=None
[2026-04-14T16:48:36.435+0000] {processor.py:208} INFO - Processing /home/airflow/.local/lib/python3.12/site-packages/airflow/example_dags/tutorial_dag.py took 0.028 seconds
[2026-04-14T16:49:06.728+0000] {processor.py:186} INFO - Started process (PID=24494) to work on /home/airflow/.local/lib/python3.12/site-packages/airflow/example_dags/tutorial_dag.py
[2026-04-14T16:49:06.730+0000] {processor.py:914} INFO - Processing file /home/airflow/.local/lib/python3.12/site-packages/airflow/example_dags/tutorial_dag.py for tasks to queue
[2026-04-14T16:49:06.730+0000] {logging_mixin.py:190} INFO - [2026-04-14T16:49:06.730+0000] {dagbag.py:588} INFO - Filling up the DagBag from /home/airflow/.local/lib/python3.12/site-packages/airflow/example_dags/tutorial_dag.py
[2026-04-14T16:49:06.733+0000] {processor.py:925} INFO - DAG(s) 'tutorial_dag' retrieved from /home/airflow/.local/lib/python3.12/site-packages/airflow/example_dags/tutorial_dag.py
[2026-04-14T16:49:06.743+0000] {logging_mixin.py:190} INFO - [2026-04-14T16:49:06.743+0000] {dag.py:3239} INFO - Sync 1 DAGs
[2026-04-14T16:49:06.749+0000] {logging_mixin.py:190} INFO - [2026-04-14T16:49:06.749+0000] {dag.py:4180} INFO - Setting next_dagrun for tutorial_dag to None, run_after=None
[2026-04-14T16:49:06.759+0000] {processor.py:208} INFO - Processing /home/airflow/.local/lib/python3.12/site-packages/airflow/example_dags/tutorial_dag.py took 0.034 seconds
[2026-04-14T16:49:37.045+0000] {processor.py:186} INFO - Started process (PID=24558) to work on /home/airflow/.local/lib/python3.12/site-packages/airflow/example_dags/tutorial_dag.py
[2026-04-14T16:49:37.046+0000] {processor.py:914} INFO - Processing file /home/airflow/.local/lib/python3.12/site-packages/airflow/example_dags/tutorial_dag.py for tasks to queue
[2026-04-14T16:49:37.046+0000] {logging_mixin.py:190} INFO - [2026-04-14T16:49:37.046+0000] {dagbag.py:588} INFO - Filling up the DagBag from /home/airflow/.local/lib/python3.12/site-packages/airflow/example_dags/tutorial_dag.py
[2026-04-14T16:49:37.049+0000] {processor.py:925} INFO - DAG(s) 'tutorial_dag' retrieved from /home/airflow/.local/lib/python3.12/site-packages/airflow/example_dags/tutorial_dag.py
[2026-04-14T16:49:37.057+0000] {logging_mixin.py:190} INFO - [2026-04-14T16:49:37.056+0000] {dag.py:3239} INFO - Sync 1 DAGs
[2026-04-14T16:49:37.062+0000] {logging_mixin.py:190} INFO - [2026-04-14T16:49:37.062+0000] {dag.py:4180} INFO - Setting next_dagrun for tutorial_dag to None, run_after=None
[2026-04-14T16:49:37.067+0000] {processor.py:208} INFO - Processing /home/airflow/.local/lib/python3.12/site-packages/airflow/example_dags/tutorial_dag.py took 0.024 seconds
[2026-04-14T16:50:08.386+0000] {processor.py:186} INFO - Started process (PID=24622) to work on /home/airflow/.local/lib/python3.12/site-packages/airflow/example_dags/tutorial_dag.py
[2026-04-14T16:50:08.386+0000] {processor.py:914} INFO - Processing file /home/airflow/.local/lib/python3.12/site-packages/airflow/example_dags/tutorial_dag.py for tasks to queue
[2026-04-14T16:50:08.388+0000] {logging_mixin.py:190} INFO - [2026-04-14T16:50:08.388+0000] {dagbag.py:588} INFO - Filling up the DagBag from /home/airflow/.local/lib/python3.12/site-packages/airflow/example_dags/tutorial_dag.py
[2026-04-14T16:50:08.391+0000] {processor.py:925} INFO - DAG(s) 'tutorial_dag' retrieved from /home/airflow/.local/lib/python3.12/site-packages/airflow/example_dags/tutorial_dag.py
[2026-04-14T16:50:08.398+0000] {logging_mixin.py:190} INFO - [2026-04-14T16:50:08.398+0000] {dag.py:3239} INFO - Sync 1 DAGs
[2026-04-14T16:50:08.405+0000] {logging_mixin.py:190} INFO - [2026-04-14T16:50:08.405+0000] {dag.py:4180} INFO - Setting next_dagrun for tutorial_dag to None, run_after=None
[2026-04-14T16:50:08.416+0000] {processor.py:208} INFO - Processing /home/airflow/.local/lib/python3.12/site-packages/airflow/example_dags/tutorial_dag.py took 0.033 seconds
[2026-04-14T16:50:39.717+0000] {processor.py:186} INFO - Started process (PID=24686) to work on /home/airflow/.local/lib/python3.12/site-packages/airflow/example_dags/tutorial_dag.py
[2026-04-14T16:50:39.718+0000] {processor.py:914} INFO - Processing file /home/airflow/.local/lib/python3.12/site-packages/airflow/example_dags/tutorial_dag.py for tasks to queue
[2026-04-14T16:50:39.720+0000] {logging_mixin.py:190} INFO - [2026-04-14T16:50:39.720+0000] {dagbag.py:588} INFO - Filling up the DagBag from /home/airflow/.local/lib/python3.12/site-packages/airflow/example_dags/tutorial_dag.py
[2026-04-14T16:50:39.723+0000] {processor.py:925} INFO - DAG(s) 'tutorial_dag' retrieved from /home/airflow/.local/lib/python3.12/site-packages/airflow/example_dags/tutorial_dag.py
[2026-04-14T16:50:39.731+0000] {logging_mixin.py:190} INFO - [2026-04-14T16:50:39.730+0000] {dag.py:3239} INFO - Sync 1 DAGs
[2026-04-14T16:50:39.737+0000] {logging_mixin.py:190} INFO - [2026-04-14T16:50:39.736+0000] {dag.py:4180} INFO - Setting next_dagrun for tutorial_dag to None, run_after=None
[2026-04-14T16:50:39.746+0000] {processor.py:208} INFO - Processing /home/airflow/.local/lib/python3.12/site-packages/airflow/example_dags/tutorial_dag.py took 0.032 seconds
[2026-04-14T16:51:10.932+0000] {processor.py:186} INFO - Started process (PID=24750) to work on /home/airflow/.local/lib/python3.12/site-packages/airflow/example_dags/tutorial_dag.py
[2026-04-14T16:51:10.932+0000] {processor.py:914} INFO - Processing file /home/airflow/.local/lib/python3.12/site-packages/airflow/example_dags/tutorial_dag.py for tasks to queue
[2026-04-14T16:51:10.933+0000] {logging_mixin.py:190} INFO - [2026-04-14T16:51:10.932+0000] {dagbag.py:588} INFO - Filling up the DagBag from /home/airflow/.local/lib/python3.12/site-packages/airflow/example_dags/tutorial_dag.py
[2026-04-14T16:51:10.936+0000] {processor.py:925} INFO - DAG(s) 'tutorial_dag' retrieved from /home/airflow/.local/lib/python3.12/site-packages/airflow/example_dags/tutorial_dag.py
[2026-04-14T16:51:10.947+0000] {logging_mixin.py:190} INFO - [2026-04-14T16:51:10.947+0000] {dag.py:3239} INFO - Sync 1 DAGs
[2026-04-14T16:51:10.952+0000] {logging_mixin.py:190} INFO - [2026-04-14T16:51:10.952+0000] {dag.py:4180} INFO - Setting next_dagrun for tutorial_dag to None, run_after=None
[2026-04-14T16:51:10.960+0000] {processor.py:208} INFO - Processing /home/airflow/.local/lib/python3.12/site-packages/airflow/example_dags/tutorial_dag.py took 0.030 seconds
[2026-04-14T16:51:42.293+0000] {processor.py:186} INFO - Started process (PID=24814) to work on /home/airflow/.local/lib/python3.12/site-packages/airflow/example_dags/tutorial_dag.py
[2026-04-14T16:51:42.294+0000] {processor.py:914} INFO - Processing file /home/airflow/.local/lib/python3.12/site-packages/airflow/example_dags/tutorial_dag.py for tasks to queue
[2026-04-14T16:51:42.295+0000] {logging_mixin.py:190} INFO - [2026-04-14T16:51:42.295+0000] {dagbag.py:588} INFO - Filling up the DagBag from /home/airflow/.local/lib/python3.12/site-packages/airflow/example_dags/tutorial_dag.py
[2026-04-14T16:51:42.298+0000] {processor.py:925} INFO - DAG(s) 'tutorial_dag' retrieved from /home/airflow/.local/lib/python3.12/site-packages/airflow/example_dags/tutorial_dag.py
[2026-04-14T16:51:42.309+0000] {logging_mixin.py:190} INFO - [2026-04-14T16:51:42.309+0000] {dag.py:3239} INFO - Sync 1 DAGs
[2026-04-14T16:51:42.315+0000] {logging_mixin.py:190} INFO - [2026-04-14T16:51:42.314+0000] {dag.py:4180} INFO - Setting next_dagrun for tutorial_dag to None, run_after=None
[2026-04-14T16:51:42.326+0000] {processor.py:208} INFO - Processing /home/airflow/.local/lib/python3.12/site-packages/airflow/example_dags/tutorial_dag.py took 0.035 seconds
[2026-04-14T16:52:13.511+0000] {processor.py:186} INFO - Started process (PID=24877) to work on /home/airflow/.local/lib/python3.12/site-packages/airflow/example_dags/tutorial_dag.py
[2026-04-14T16:52:13.512+0000] {processor.py:914} INFO - Processing file /home/airflow/.local/lib/python3.12/site-packages/airflow/example_dags/tutorial_dag.py for tasks to queue
[2026-04-14T16:52:13.512+0000] {logging_mixin.py:190} INFO - [2026-04-14T16:52:13.512+0000] {dagbag.py:588} INFO - Filling up the DagBag from /home/airflow/.local/lib/python3.12/site-packages/airflow/example_dags/tutorial_dag.py
[2026-04-14T16:52:13.515+0000] {processor.py:925} INFO - DAG(s) 'tutorial_dag' retrieved from /home/airflow/.local/lib/python3.12/site-packages/airflow/example_dags/tutorial_dag.py
[2026-04-14T16:52:13.521+0000] {logging_mixin.py:190} INFO - [2026-04-14T16:52:13.521+0000] {dag.py:3239} INFO - Sync 1 DAGs
[2026-04-14T16:52:13.526+0000] {logging_mixin.py:190} INFO - [2026-04-14T16:52:13.526+0000] {dag.py:4180} INFO - Setting next_dagrun for tutorial_dag to None, run_after=None
[2026-04-14T16:52:13.531+0000] {processor.py:208} INFO - Processing /home/airflow/.local/lib/python3.12/site-packages/airflow/example_dags/tutorial_dag.py took 0.022 seconds
[2026-04-14T16:52:44.130+0000] {processor.py:186} INFO - Started process (PID=24941) to work on /home/airflow/.local/lib/python3.12/site-packages/airflow/example_dags/tutorial_dag.py
[2026-04-14T16:52:44.132+0000] {processor.py:914} INFO - Processing file /home/airflow/.local/lib/python3.12/site-packages/airflow/example_dags/tutorial_dag.py for tasks to queue
[2026-04-14T16:52:44.132+0000] {logging_mixin.py:190} INFO - [2026-04-14T16:52:44.132+0000] {dagbag.py:588} INFO - Filling up the DagBag from /home/airflow/.local/lib/python3.12/site-packages/airflow/example_dags/tutorial_dag.py
[2026-04-14T16:52:44.135+0000] {processor.py:925} INFO - DAG(s) 'tutorial_dag' retrieved from /home/airflow/.local/lib/python3.12/site-packages/airflow/example_dags/tutorial_dag.py
[2026-04-14T16:52:44.146+0000] {logging_mixin.py:190} INFO - [2026-04-14T16:52:44.146+0000] {dag.py:3239} INFO - Sync 1 DAGs
[2026-04-14T16:52:44.153+0000] {logging_mixin.py:190} INFO - [2026-04-14T16:52:44.153+0000] {dag.py:4180} INFO - Setting next_dagrun for tutorial_dag to None, run_after=None
[2026-04-14T16:52:44.162+0000] {processor.py:208} INFO - Processing /home/airflow/.local/lib/python3.12/site-packages/airflow/example_dags/tutorial_dag.py took 0.035 seconds
[2026-04-14T16:53:15.208+0000] {processor.py:186} INFO - Started process (PID=25005) to work on /home/airflow/.local/lib/python3.12/site-packages/airflow/example_dags/tutorial_dag.py
[2026-04-14T16:53:15.208+0000] {processor.py:914} INFO - Processing file /home/airflow/.local/lib/python3.12/site-packages/airflow/example_dags/tutorial_dag.py for tasks to queue
[2026-04-14T16:53:15.209+0000] {logging_mixin.py:190} INFO - [2026-04-14T16:53:15.209+0000] {dagbag.py:588} INFO - Filling up the DagBag from /home/airflow/.local/lib/python3.12/site-packages/airflow/example_dags/tutorial_dag.py
[2026-04-14T16:53:15.212+0000] {processor.py:925} INFO - DAG(s) 'tutorial_dag' retrieved from /home/airflow/.local/lib/python3.12/site-packages/airflow/example_dags/tutorial_dag.py
[2026-04-14T16:53:15.221+0000] {logging_mixin.py:190} INFO - [2026-04-14T16:53:15.221+0000] {dag.py:3239} INFO - Sync 1 DAGs
[2026-04-14T16:53:15.227+0000] {logging_mixin.py:190} INFO - [2026-04-14T16:53:15.227+0000] {dag.py:4180} INFO - Setting next_dagrun for tutorial_dag to None, run_after=None
[2026-04-14T16:53:15.236+0000] {processor.py:208} INFO - Processing /home/airflow/.local/lib/python3.12/site-packages/airflow/example_dags/tutorial_dag.py took 0.031 seconds
[2026-04-14T16:53:45.698+0000] {processor.py:186} INFO - Started process (PID=25069) to work on /home/airflow/.local/lib/python3.12/site-packages/airflow/example_dags/tutorial_dag.py
[2026-04-14T16:53:45.699+0000] {processor.py:914} INFO - Processing file /home/airflow/.local/lib/python3.12/site-packages/airflow/example_dags/tutorial_dag.py for tasks to queue
[2026-04-14T16:53:45.699+0000] {logging_mixin.py:190} INFO - [2026-04-14T16:53:45.699+0000] {dagbag.py:588} INFO - Filling up the DagBag from /home/airflow/.local/lib/python3.12/site-packages/airflow/example_dags/tutorial_dag.py
[2026-04-14T16:53:45.703+0000] {processor.py:925} INFO - DAG(s) 'tutorial_dag' retrieved from /home/airflow/.local/lib/python3.12/site-packages/airflow/example_dags/tutorial_dag.py
[2026-04-14T16:53:45.713+0000] {logging_mixin.py:190} INFO - [2026-04-14T16:53:45.713+0000] {dag.py:3239} INFO - Sync 1 DAGs
[2026-04-14T16:53:45.719+0000] {logging_mixin.py:190} INFO - [2026-04-14T16:53:45.719+0000] {dag.py:4180} INFO - Setting next_dagrun for tutorial_dag to None, run_after=None
[2026-04-14T16:53:45.731+0000] {processor.py:208} INFO - Processing /home/airflow/.local/lib/python3.12/site-packages/airflow/example_dags/tutorial_dag.py took 0.036 seconds
[2026-04-14T16:54:16.180+0000] {processor.py:186} INFO - Started process (PID=25133) to work on /home/airflow/.local/lib/python3.12/site-packages/airflow/example_dags/tutorial_dag.py
[2026-04-14T16:54:16.181+0000] {processor.py:914} INFO - Processing file /home/airflow/.local/lib/python3.12/site-packages/airflow/example_dags/tutorial_dag.py for tasks to queue
[2026-04-14T16:54:16.181+0000] {logging_mixin.py:190} INFO - [2026-04-14T16:54:16.181+0000] {dagbag.py:588} INFO - Filling up the DagBag from /home/airflow/.local/lib/python3.12/site-packages/airflow/example_dags/tutorial_dag.py
[2026-04-14T16:54:16.185+0000] {processor.py:925} INFO - DAG(s) 'tutorial_dag' retrieved from /home/airflow/.local/lib/python3.12/site-packages/airflow/example_dags/tutorial_dag.py
[2026-04-14T16:54:16.197+0000] {logging_mixin.py:190} INFO - [2026-04-14T16:54:16.196+0000] {dag.py:3239} INFO - Sync 1 DAGs
[2026-04-14T16:54:16.203+0000] {logging_mixin.py:190} INFO - [2026-04-14T16:54:16.203+0000] {dag.py:4180} INFO - Setting next_dagrun for tutorial_dag to None, run_after=None
[2026-04-14T16:54:16.213+0000] {processor.py:208} INFO - Processing /home/airflow/.local/lib/python3.12/site-packages/airflow/example_dags/tutorial_dag.py took 0.036 seconds
[2026-04-14T16:54:46.702+0000] {processor.py:186} INFO - Started process (PID=25197) to work on /home/airflow/.local/lib/python3.12/site-packages/airflow/example_dags/tutorial_dag.py
[2026-04-14T16:54:46.703+0000] {processor.py:914} INFO - Processing file /home/airflow/.local/lib/python3.12/site-packages/airflow/example_dags/tutorial_dag.py for tasks to queue
[2026-04-14T16:54:46.703+0000] {logging_mixin.py:190} INFO - [2026-04-14T16:54:46.703+0000] {dagbag.py:588} INFO - Filling up the DagBag from /home/airflow/.local/lib/python3.12/site-packages/airflow/example_dags/tutorial_dag.py
[2026-04-14T16:54:46.706+0000] {processor.py:925} INFO - DAG(s) 'tutorial_dag' retrieved from /home/airflow/.local/lib/python3.12/site-packages/airflow/example_dags/tutorial_dag.py
[2026-04-14T16:54:46.713+0000] {logging_mixin.py:190} INFO - [2026-04-14T16:54:46.713+0000] {dag.py:3239} INFO - Sync 1 DAGs
[2026-04-14T16:54:46.717+0000] {logging_mixin.py:190} INFO - [2026-04-14T16:54:46.717+0000] {dag.py:4180} INFO - Setting next_dagrun for tutorial_dag to None, run_after=None
[2026-04-14T16:54:46.722+0000] {processor.py:208} INFO - Processing /home/airflow/.local/lib/python3.12/site-packages/airflow/example_dags/tutorial_dag.py took 0.022 seconds
[2026-04-14T16:55:18.144+0000] {processor.py:186} INFO - Started process (PID=25261) to work on /home/airflow/.local/lib/python3.12/site-packages/airflow/example_dags/tutorial_dag.py
[2026-04-14T16:55:18.145+0000] {processor.py:914} INFO - Processing file /home/airflow/.local/lib/python3.12/site-packages/airflow/example_dags/tutorial_dag.py for tasks to queue
[2026-04-14T16:55:18.145+0000] {logging_mixin.py:190} INFO - [2026-04-14T16:55:18.145+0000] {dagbag.py:588} INFO - Filling up the DagBag from /home/airflow/.local/lib/python3.12/site-packages/airflow/example_dags/tutorial_dag.py
[2026-04-14T16:55:18.148+0000] {processor.py:925} INFO - DAG(s) 'tutorial_dag' retrieved from /home/airflow/.local/lib/python3.12/site-packages/airflow/example_dags/tutorial_dag.py
[2026-04-14T16:55:18.161+0000] {logging_mixin.py:190} INFO - [2026-04-14T16:55:18.161+0000] {dag.py:3239} INFO - Sync 1 DAGs
[2026-04-14T16:55:18.169+0000] {logging_mixin.py:190} INFO - [2026-04-14T16:55:18.168+0000] {dag.py:4180} INFO - Setting next_dagrun for tutorial_dag to None, run_after=None
[2026-04-14T16:55:18.175+0000] {processor.py:208} INFO - Processing /home/airflow/.local/lib/python3.12/site-packages/airflow/example_dags/tutorial_dag.py took 0.033 seconds
[2026-04-14T16:55:48.601+0000] {processor.py:186} INFO - Started process (PID=25325) to work on /home/airflow/.local/lib/python3.12/site-packages/airflow/example_dags/tutorial_dag.py
[2026-04-14T16:55:48.602+0000] {processor.py:914} INFO - Processing file /home/airflow/.local/lib/python3.12/site-packages/airflow/example_dags/tutorial_dag.py for tasks to queue
[2026-04-14T16:55:48.602+0000] {logging_mixin.py:190} INFO - [2026-04-14T16:55:48.602+0000] {dagbag.py:588} INFO - Filling up the DagBag from /home/airflow/.local/lib/python3.12/site-packages/airflow/example_dags/tutorial_dag.py
[2026-04-14T16:55:48.606+0000] {processor.py:925} INFO - DAG(s) 'tutorial_dag' retrieved from /home/airflow/.local/lib/python3.12/site-packages/airflow/example_dags/tutorial_dag.py
[2026-04-14T16:55:48.612+0000] {logging_mixin.py:190} INFO - [2026-04-14T16:55:48.612+0000] {dag.py:3239} INFO - Sync 1 DAGs
[2026-04-14T16:55:48.620+0000] {logging_mixin.py:190} INFO - [2026-04-14T16:55:48.620+0000] {dag.py:4180} INFO - Setting next_dagrun for tutorial_dag to None, run_after=None
[2026-04-14T16:55:48.631+0000] {processor.py:208} INFO - Processing /home/airflow/.local/lib/python3.12/site-packages/airflow/example_dags/tutorial_dag.py took 0.032 seconds
[2026-04-14T16:56:19.881+0000] {processor.py:186} INFO - Started process (PID=25389) to work on /home/airflow/.local/lib/python3.12/site-packages/airflow/example_dags/tutorial_dag.py
[2026-04-14T16:56:19.882+0000] {processor.py:914} INFO - Processing file /home/airflow/.local/lib/python3.12/site-packages/airflow/example_dags/tutorial_dag.py for tasks to queue
[2026-04-14T16:56:19.882+0000] {logging_mixin.py:190} INFO - [2026-04-14T16:56:19.882+0000] {dagbag.py:588} INFO - Filling up the DagBag from /home/airflow/.local/lib/python3.12/site-packages/airflow/example_dags/tutorial_dag.py
[2026-04-14T16:56:19.886+0000] {processor.py:925} INFO - DAG(s) 'tutorial_dag' retrieved from /home/airflow/.local/lib/python3.12/site-packages/airflow/example_dags/tutorial_dag.py
[2026-04-14T16:56:19.895+0000] {logging_mixin.py:190} INFO - [2026-04-14T16:56:19.895+0000] {dag.py:3239} INFO - Sync 1 DAGs
[2026-04-14T16:56:19.900+0000] {logging_mixin.py:190} INFO - [2026-04-14T16:56:19.900+0000] {dag.py:4180} INFO - Setting next_dagrun for tutorial_dag to None, run_after=None
[2026-04-14T16:56:19.909+0000] {processor.py:208} INFO - Processing /home/airflow/.local/lib/python3.12/site-packages/airflow/example_dags/tutorial_dag.py took 0.030 seconds
[2026-04-14T16:56:51.275+0000] {processor.py:186} INFO - Started process (PID=25453) to work on /home/airflow/.local/lib/python3.12/site-packages/airflow/example_dags/tutorial_dag.py
[2026-04-14T16:56:51.275+0000] {processor.py:914} INFO - Processing file /home/airflow/.local/lib/python3.12/site-packages/airflow/example_dags/tutorial_dag.py for tasks to queue
[2026-04-14T16:56:51.276+0000] {logging_mixin.py:190} INFO - [2026-04-14T16:56:51.276+0000] {dagbag.py:588} INFO - Filling up the DagBag from /home/airflow/.local/lib/python3.12/site-packages/airflow/example_dags/tutorial_dag.py
[2026-04-14T16:56:51.279+0000] {processor.py:925} INFO - DAG(s) 'tutorial_dag' retrieved from /home/airflow/.local/lib/python3.12/site-packages/airflow/example_dags/tutorial_dag.py
[2026-04-14T16:56:51.286+0000] {logging_mixin.py:190} INFO - [2026-04-14T16:56:51.286+0000] {dag.py:3239} INFO - Sync 1 DAGs
[2026-04-14T16:56:51.291+0000] {logging_mixin.py:190} INFO - [2026-04-14T16:56:51.291+0000] {dag.py:4180} INFO - Setting next_dagrun for tutorial_dag to None, run_after=None
[2026-04-14T16:56:51.296+0000] {processor.py:208} INFO - Processing /home/airflow/.local/lib/python3.12/site-packages/airflow/example_dags/tutorial_dag.py took 0.023 seconds
[2026-04-14T16:57:21.829+0000] {processor.py:186} INFO - Started process (PID=25517) to work on /home/airflow/.local/lib/python3.12/site-packages/airflow/example_dags/tutorial_dag.py
[2026-04-14T16:57:21.830+0000] {processor.py:914} INFO - Processing file /home/airflow/.local/lib/python3.12/site-packages/airflow/example_dags/tutorial_dag.py for tasks to queue
[2026-04-14T16:57:21.830+0000] {logging_mixin.py:190} INFO - [2026-04-14T16:57:21.830+0000] {dagbag.py:588} INFO - Filling up the DagBag from /home/airflow/.local/lib/python3.12/site-packages/airflow/example_dags/tutorial_dag.py
[2026-04-14T16:57:21.833+0000] {processor.py:925} INFO - DAG(s) 'tutorial_dag' retrieved from /home/airflow/.local/lib/python3.12/site-packages/airflow/example_dags/tutorial_dag.py
[2026-04-14T16:57:21.840+0000] {logging_mixin.py:190} INFO - [2026-04-14T16:57:21.839+0000] {dag.py:3239} INFO - Sync 1 DAGs
[2026-04-14T16:57:21.845+0000] {logging_mixin.py:190} INFO - [2026-04-14T16:57:21.845+0000] {dag.py:4180} INFO - Setting next_dagrun for tutorial_dag to None, run_after=None
[2026-04-14T16:57:21.852+0000] {processor.py:208} INFO - Processing /home/airflow/.local/lib/python3.12/site-packages/airflow/example_dags/tutorial_dag.py took 0.025 seconds
[2026-04-14T16:57:52.311+0000] {processor.py:186} INFO - Started process (PID=25581) to work on /home/airflow/.local/lib/python3.12/site-packages/airflow/example_dags/tutorial_dag.py
[2026-04-14T16:57:52.311+0000] {processor.py:914} INFO - Processing file /home/airflow/.local/lib/python3.12/site-packages/airflow/example_dags/tutorial_dag.py for tasks to queue
[2026-04-14T16:57:52.312+0000] {logging_mixin.py:190} INFO - [2026-04-14T16:57:52.312+0000] {dagbag.py:588} INFO - Filling up the DagBag from /home/airflow/.local/lib/python3.12/site-packages/airflow/example_dags/tutorial_dag.py
[2026-04-14T16:57:52.315+0000] {processor.py:925} INFO - DAG(s) 'tutorial_dag' retrieved from /home/airflow/.local/lib/python3.12/site-packages/airflow/example_dags/tutorial_dag.py
[2026-04-14T16:57:52.321+0000] {logging_mixin.py:190} INFO - [2026-04-14T16:57:52.321+0000] {dag.py:3239} INFO - Sync 1 DAGs
[2026-04-14T16:57:52.326+0000] {logging_mixin.py:190} INFO - [2026-04-14T16:57:52.326+0000] {dag.py:4180} INFO - Setting next_dagrun for tutorial_dag to None, run_after=None
[2026-04-14T16:57:52.331+0000] {processor.py:208} INFO - Processing /home/airflow/.local/lib/python3.12/site-packages/airflow/example_dags/tutorial_dag.py took 0.023 seconds
[2026-04-14T16:58:22.887+0000] {processor.py:186} INFO - Started process (PID=25645) to work on /home/airflow/.local/lib/python3.12/site-packages/airflow/example_dags/tutorial_dag.py
[2026-04-14T16:58:22.888+0000] {processor.py:914} INFO - Processing file /home/airflow/.local/lib/python3.12/site-packages/airflow/example_dags/tutorial_dag.py for tasks to queue
[2026-04-14T16:58:22.888+0000] {logging_mixin.py:190} INFO - [2026-04-14T16:58:22.888+0000] {dagbag.py:588} INFO - Filling up the DagBag from /home/airflow/.local/lib/python3.12/site-packages/airflow/example_dags/tutorial_dag.py
[2026-04-14T16:58:22.891+0000] {processor.py:925} INFO - DAG(s) 'tutorial_dag' retrieved from /home/airflow/.local/lib/python3.12/site-packages/airflow/example_dags/tutorial_dag.py
[2026-04-14T16:58:22.897+0000] {logging_mixin.py:190} INFO - [2026-04-14T16:58:22.897+0000] {dag.py:3239} INFO - Sync 1 DAGs
[2026-04-14T16:58:22.902+0000] {logging_mixin.py:190} INFO - [2026-04-14T16:58:22.902+0000] {dag.py:4180} INFO - Setting next_dagrun for tutorial_dag to None, run_after=None
[2026-04-14T16:58:22.907+0000] {processor.py:208} INFO - Processing /home/airflow/.local/lib/python3.12/site-packages/airflow/example_dags/tutorial_dag.py took 0.022 seconds
[2026-04-14T16:58:53.545+0000] {processor.py:186} INFO - Started process (PID=25709) to work on /home/airflow/.local/lib/python3.12/site-packages/airflow/example_dags/tutorial_dag.py
[2026-04-14T16:58:53.545+0000] {processor.py:914} INFO - Processing file /home/airflow/.local/lib/python3.12/site-packages/airflow/example_dags/tutorial_dag.py for tasks to queue
[2026-04-14T16:58:53.546+0000] {logging_mixin.py:190} INFO - [2026-04-14T16:58:53.546+0000] {dagbag.py:588} INFO - Filling up the DagBag from /home/airflow/.local/lib/python3.12/site-packages/airflow/example_dags/tutorial_dag.py
[2026-04-14T16:58:53.550+0000] {processor.py:925} INFO - DAG(s) 'tutorial_dag' retrieved from /home/airflow/.local/lib/python3.12/site-packages/airflow/example_dags/tutorial_dag.py
[2026-04-14T16:58:53.561+0000] {logging_mixin.py:190} INFO - [2026-04-14T16:58:53.561+0000] {dag.py:3239} INFO - Sync 1 DAGs
[2026-04-14T16:58:53.567+0000] {logging_mixin.py:190} INFO - [2026-04-14T16:58:53.567+0000] {dag.py:4180} INFO - Setting next_dagrun for tutorial_dag to None, run_after=None
[2026-04-14T16:58:53.578+0000] {processor.py:208} INFO - Processing /home/airflow/.local/lib/python3.12/site-packages/airflow/example_dags/tutorial_dag.py took 0.036 seconds
[2026-04-14T16:59:24.004+0000] {processor.py:186} INFO - Started process (PID=25773) to work on /home/airflow/.local/lib/python3.12/site-packages/airflow/example_dags/tutorial_dag.py
[2026-04-14T16:59:24.005+0000] {processor.py:914} INFO - Processing file /home/airflow/.local/lib/python3.12/site-packages/airflow/example_dags/tutorial_dag.py for tasks to queue
[2026-04-14T16:59:24.005+0000] {logging_mixin.py:190} INFO - [2026-04-14T16:59:24.005+0000] {dagbag.py:588} INFO - Filling up the DagBag from /home/airflow/.local/lib/python3.12/site-packages/airflow/example_dags/tutorial_dag.py
[2026-04-14T16:59:24.008+0000] {processor.py:925} INFO - DAG(s) 'tutorial_dag' retrieved from /home/airflow/.local/lib/python3.12/site-packages/airflow/example_dags/tutorial_dag.py
[2026-04-14T16:59:24.014+0000] {logging_mixin.py:190} INFO - [2026-04-14T16:59:24.014+0000] {dag.py:3239} INFO - Sync 1 DAGs
[2026-04-14T16:59:24.019+0000] {logging_mixin.py:190} INFO - [2026-04-14T16:59:24.019+0000] {dag.py:4180} INFO - Setting next_dagrun for tutorial_dag to None, run_after=None
[2026-04-14T16:59:24.024+0000] {processor.py:208} INFO - Processing /home/airflow/.local/lib/python3.12/site-packages/airflow/example_dags/tutorial_dag.py took 0.022 seconds
[2026-04-14T16:59:54.476+0000] {processor.py:186} INFO - Started process (PID=25837) to work on /home/airflow/.local/lib/python3.12/site-packages/airflow/example_dags/tutorial_dag.py
[2026-04-14T16:59:54.476+0000] {processor.py:914} INFO - Processing file /home/airflow/.local/lib/python3.12/site-packages/airflow/example_dags/tutorial_dag.py for tasks to queue
[2026-04-14T16:59:54.476+0000] {logging_mixin.py:190} INFO - [2026-04-14T16:59:54.476+0000] {dagbag.py:588} INFO - Filling up the DagBag from /home/airflow/.local/lib/python3.12/site-packages/airflow/example_dags/tutorial_dag.py
[2026-04-14T16:59:54.479+0000] {processor.py:925} INFO - DAG(s) 'tutorial_dag' retrieved from /home/airflow/.local/lib/python3.12/site-packages/airflow/example_dags/tutorial_dag.py
[2026-04-14T16:59:54.486+0000] {logging_mixin.py:190} INFO - [2026-04-14T16:59:54.486+0000] {dag.py:3239} INFO - Sync 1 DAGs
[2026-04-14T16:59:54.490+0000] {logging_mixin.py:190} INFO - [2026-04-14T16:59:54.490+0000] {dag.py:4180} INFO - Setting next_dagrun for tutorial_dag to None, run_after=None
[2026-04-14T16:59:54.495+0000] {processor.py:208} INFO - Processing /home/airflow/.local/lib/python3.12/site-packages/airflow/example_dags/tutorial_dag.py took 0.022 seconds
[2026-04-14T17:00:25.934+0000] {processor.py:186} INFO - Started process (PID=25901) to work on /home/airflow/.local/lib/python3.12/site-packages/airflow/example_dags/tutorial_dag.py
[2026-04-14T17:00:25.935+0000] {processor.py:914} INFO - Processing file /home/airflow/.local/lib/python3.12/site-packages/airflow/example_dags/tutorial_dag.py for tasks to queue
[2026-04-14T17:00:25.935+0000] {logging_mixin.py:190} INFO - [2026-04-14T17:00:25.935+0000] {dagbag.py:588} INFO - Filling up the DagBag from /home/airflow/.local/lib/python3.12/site-packages/airflow/example_dags/tutorial_dag.py
[2026-04-14T17:00:25.939+0000] {processor.py:925} INFO - DAG(s) 'tutorial_dag' retrieved from /home/airflow/.local/lib/python3.12/site-packages/airflow/example_dags/tutorial_dag.py
[2026-04-14T17:00:25.949+0000] {logging_mixin.py:190} INFO - [2026-04-14T17:00:25.949+0000] {dag.py:3239} INFO - Sync 1 DAGs
[2026-04-14T17:00:25.955+0000] {logging_mixin.py:190} INFO - [2026-04-14T17:00:25.955+0000] {dag.py:4180} INFO - Setting next_dagrun for tutorial_dag to None, run_after=None
[2026-04-14T17:00:25.965+0000] {processor.py:208} INFO - Processing /home/airflow/.local/lib/python3.12/site-packages/airflow/example_dags/tutorial_dag.py took 0.033 seconds
[2026-04-14T17:00:56.500+0000] {processor.py:186} INFO - Started process (PID=25965) to work on /home/airflow/.local/lib/python3.12/site-packages/airflow/example_dags/tutorial_dag.py
[2026-04-14T17:00:56.500+0000] {processor.py:914} INFO - Processing file /home/airflow/.local/lib/python3.12/site-packages/airflow/example_dags/tutorial_dag.py for tasks to queue
[2026-04-14T17:00:56.501+0000] {logging_mixin.py:190} INFO - [2026-04-14T17:00:56.501+0000] {dagbag.py:588} INFO - Filling up the DagBag from /home/airflow/.local/lib/python3.12/site-packages/airflow/example_dags/tutorial_dag.py
[2026-04-14T17:00:56.504+0000] {processor.py:925} INFO - DAG(s) 'tutorial_dag' retrieved from /home/airflow/.local/lib/python3.12/site-packages/airflow/example_dags/tutorial_dag.py
[2026-04-14T17:00:56.514+0000] {logging_mixin.py:190} INFO - [2026-04-14T17:00:56.514+0000] {dag.py:3239} INFO - Sync 1 DAGs
[2026-04-14T17:00:56.521+0000] {logging_mixin.py:190} INFO - [2026-04-14T17:00:56.521+0000] {dag.py:4180} INFO - Setting next_dagrun for tutorial_dag to None, run_after=None
[2026-04-14T17:00:56.530+0000] {processor.py:208} INFO - Processing /home/airflow/.local/lib/python3.12/site-packages/airflow/example_dags/tutorial_dag.py took 0.033 seconds
[2026-04-14T17:01:28.000+0000] {processor.py:186} INFO - Started process (PID=26029) to work on /home/airflow/.local/lib/python3.12/site-packages/airflow/example_dags/tutorial_dag.py
[2026-04-14T17:01:28.001+0000] {processor.py:914} INFO - Processing file /home/airflow/.local/lib/python3.12/site-packages/airflow/example_dags/tutorial_dag.py for tasks to queue
[2026-04-14T17:01:28.002+0000] {logging_mixin.py:190} INFO - [2026-04-14T17:01:28.001+0000] {dagbag.py:588} INFO - Filling up the DagBag from /home/airflow/.local/lib/python3.12/site-packages/airflow/example_dags/tutorial_dag.py
[2026-04-14T17:01:28.005+0000] {processor.py:925} INFO - DAG(s) 'tutorial_dag' retrieved from /home/airflow/.local/lib/python3.12/site-packages/airflow/example_dags/tutorial_dag.py
[2026-04-14T17:01:28.013+0000] {logging_mixin.py:190} INFO - [2026-04-14T17:01:28.013+0000] {dag.py:3239} INFO - Sync 1 DAGs
[2026-04-14T17:01:28.019+0000] {logging_mixin.py:190} INFO - [2026-04-14T17:01:28.019+0000] {dag.py:4180} INFO - Setting next_dagrun for tutorial_dag to None, run_after=None
[2026-04-14T17:01:28.030+0000] {processor.py:208} INFO - Processing /home/airflow/.local/lib/python3.12/site-packages/airflow/example_dags/tutorial_dag.py took 0.033 seconds
[2026-04-14T17:01:59.411+0000] {processor.py:186} INFO - Started process (PID=26093) to work on /home/airflow/.local/lib/python3.12/site-packages/airflow/example_dags/tutorial_dag.py
[2026-04-14T17:01:59.412+0000] {processor.py:914} INFO - Processing file /home/airflow/.local/lib/python3.12/site-packages/airflow/example_dags/tutorial_dag.py for tasks to queue
[2026-04-14T17:01:59.412+0000] {logging_mixin.py:190} INFO - [2026-04-14T17:01:59.412+0000] {dagbag.py:588} INFO - Filling up the DagBag from /home/airflow/.local/lib/python3.12/site-packages/airflow/example_dags/tutorial_dag.py
[2026-04-14T17:01:59.416+0000] {processor.py:925} INFO - DAG(s) 'tutorial_dag' retrieved from /home/airflow/.local/lib/python3.12/site-packages/airflow/example_dags/tutorial_dag.py
[2026-04-14T17:01:59.428+0000] {logging_mixin.py:190} INFO - [2026-04-14T17:01:59.428+0000] {dag.py:3239} INFO - Sync 1 DAGs
[2026-04-14T17:01:59.434+0000] {logging_mixin.py:190} INFO - [2026-04-14T17:01:59.434+0000] {dag.py:4180} INFO - Setting next_dagrun for tutorial_dag to None, run_after=None
[2026-04-14T17:01:59.444+0000] {processor.py:208} INFO - Processing /home/airflow/.local/lib/python3.12/site-packages/airflow/example_dags/tutorial_dag.py took 0.035 seconds
[2026-04-14T17:02:30.110+0000] {processor.py:186} INFO - Started process (PID=26157) to work on /home/airflow/.local/lib/python3.12/site-packages/airflow/example_dags/tutorial_dag.py
[2026-04-14T17:02:30.110+0000] {processor.py:914} INFO - Processing file /home/airflow/.local/lib/python3.12/site-packages/airflow/example_dags/tutorial_dag.py for tasks to queue
[2026-04-14T17:02:30.111+0000] {logging_mixin.py:190} INFO - [2026-04-14T17:02:30.111+0000] {dagbag.py:588} INFO - Filling up the DagBag from /home/airflow/.local/lib/python3.12/site-packages/airflow/example_dags/tutorial_dag.py
[2026-04-14T17:02:30.114+0000] {processor.py:925} INFO - DAG(s) 'tutorial_dag' retrieved from /home/airflow/.local/lib/python3.12/site-packages/airflow/example_dags/tutorial_dag.py
[2026-04-14T17:02:30.132+0000] {logging_mixin.py:190} INFO - [2026-04-14T17:02:30.132+0000] {dag.py:3239} INFO - Sync 1 DAGs
[2026-04-14T17:02:30.138+0000] {logging_mixin.py:190} INFO - [2026-04-14T17:02:30.138+0000] {dag.py:4180} INFO - Setting next_dagrun for tutorial_dag to None, run_after=None
[2026-04-14T17:02:30.145+0000] {processor.py:208} INFO - Processing /home/airflow/.local/lib/python3.12/site-packages/airflow/example_dags/tutorial_dag.py took 0.038 seconds
[2026-04-14T17:03:00.894+0000] {processor.py:186} INFO - Started process (PID=26221) to work on /home/airflow/.local/lib/python3.12/site-packages/airflow/example_dags/tutorial_dag.py
[2026-04-14T17:03:00.894+0000] {processor.py:914} INFO - Processing file /home/airflow/.local/lib/python3.12/site-packages/airflow/example_dags/tutorial_dag.py for tasks to queue
[2026-04-14T17:03:00.895+0000] {logging_mixin.py:190} INFO - [2026-04-14T17:03:00.895+0000] {dagbag.py:588} INFO - Filling up the DagBag from /home/airflow/.local/lib/python3.12/site-packages/airflow/example_dags/tutorial_dag.py
[2026-04-14T17:03:00.899+0000] {processor.py:925} INFO - DAG(s) 'tutorial_dag' retrieved from /home/airflow/.local/lib/python3.12/site-packages/airflow/example_dags/tutorial_dag.py
[2026-04-14T17:03:00.911+0000] {logging_mixin.py:190} INFO - [2026-04-14T17:03:00.911+0000] {dag.py:3239} INFO - Sync 1 DAGs
[2026-04-14T17:03:00.920+0000] {logging_mixin.py:190} INFO - [2026-04-14T17:03:00.920+0000] {dag.py:4180} INFO - Setting next_dagrun for tutorial_dag to None, run_after=None
[2026-04-14T17:03:00.930+0000] {processor.py:208} INFO - Processing /home/airflow/.local/lib/python3.12/site-packages/airflow/example_dags/tutorial_dag.py took 0.039 seconds
[2026-04-14T17:03:31.603+0000] {processor.py:186} INFO - Started process (PID=26285) to work on /home/airflow/.local/lib/python3.12/site-packages/airflow/example_dags/tutorial_dag.py
[2026-04-14T17:03:31.604+0000] {processor.py:914} INFO - Processing file /home/airflow/.local/lib/python3.12/site-packages/airflow/example_dags/tutorial_dag.py for tasks to queue
[2026-04-14T17:03:31.604+0000] {logging_mixin.py:190} INFO - [2026-04-14T17:03:31.604+0000] {dagbag.py:588} INFO - Filling up the DagBag from /home/airflow/.local/lib/python3.12/site-packages/airflow/example_dags/tutorial_dag.py
[2026-04-14T17:03:31.609+0000] {processor.py:925} INFO - DAG(s) 'tutorial_dag' retrieved from /home/airflow/.local/lib/python3.12/site-packages/airflow/example_dags/tutorial_dag.py
[2026-04-14T17:03:31.622+0000] {logging_mixin.py:190} INFO - [2026-04-14T17:03:31.622+0000] {dag.py:3239} INFO - Sync 1 DAGs
[2026-04-14T17:03:31.631+0000] {logging_mixin.py:190} INFO - [2026-04-14T17:03:31.631+0000] {dag.py:4180} INFO - Setting next_dagrun for tutorial_dag to None, run_after=None
[2026-04-14T17:03:31.642+0000] {processor.py:208} INFO - Processing /home/airflow/.local/lib/python3.12/site-packages/airflow/example_dags/tutorial_dag.py took 0.043 seconds
[2026-04-14T17:04:02.182+0000] {processor.py:186} INFO - Started process (PID=26349) to work on /home/airflow/.local/lib/python3.12/site-packages/airflow/example_dags/tutorial_dag.py
[2026-04-14T17:04:02.182+0000] {processor.py:914} INFO - Processing file /home/airflow/.local/lib/python3.12/site-packages/airflow/example_dags/tutorial_dag.py for tasks to queue
[2026-04-14T17:04:02.183+0000] {logging_mixin.py:190} INFO - [2026-04-14T17:04:02.183+0000] {dagbag.py:588} INFO - Filling up the DagBag from /home/airflow/.local/lib/python3.12/site-packages/airflow/example_dags/tutorial_dag.py
[2026-04-14T17:04:02.187+0000] {processor.py:925} INFO - DAG(s) 'tutorial_dag' retrieved from /home/airflow/.local/lib/python3.12/site-packages/airflow/example_dags/tutorial_dag.py
[2026-04-14T17:04:02.196+0000] {logging_mixin.py:190} INFO - [2026-04-14T17:04:02.196+0000] {dag.py:3239} INFO - Sync 1 DAGs
[2026-04-14T17:04:02.204+0000] {logging_mixin.py:190} INFO - [2026-04-14T17:04:02.203+0000] {dag.py:4180} INFO - Setting next_dagrun for tutorial_dag to None, run_after=None
[2026-04-14T17:04:02.215+0000] {processor.py:208} INFO - Processing /home/airflow/.local/lib/python3.12/site-packages/airflow/example_dags/tutorial_dag.py took 0.036 seconds
[2026-04-14T17:04:32.779+0000] {processor.py:186} INFO - Started process (PID=26413) to work on /home/airflow/.local/lib/python3.12/site-packages/airflow/example_dags/tutorial_dag.py
[2026-04-14T17:04:32.780+0000] {processor.py:914} INFO - Processing file /home/airflow/.local/lib/python3.12/site-packages/airflow/example_dags/tutorial_dag.py for tasks to queue
[2026-04-14T17:04:32.780+0000] {logging_mixin.py:190} INFO - [2026-04-14T17:04:32.780+0000] {dagbag.py:588} INFO - Filling up the DagBag from /home/airflow/.local/lib/python3.12/site-packages/airflow/example_dags/tutorial_dag.py
[2026-04-14T17:04:32.783+0000] {processor.py:925} INFO - DAG(s) 'tutorial_dag' retrieved from /home/airflow/.local/lib/python3.12/site-packages/airflow/example_dags/tutorial_dag.py
[2026-04-14T17:04:32.789+0000] {logging_mixin.py:190} INFO - [2026-04-14T17:04:32.789+0000] {dag.py:3239} INFO - Sync 1 DAGs
[2026-04-14T17:04:32.794+0000] {logging_mixin.py:190} INFO - [2026-04-14T17:04:32.794+0000] {dag.py:4180} INFO - Setting next_dagrun for tutorial_dag to None, run_after=None
[2026-04-14T17:04:32.799+0000] {processor.py:208} INFO - Processing /home/airflow/.local/lib/python3.12/site-packages/airflow/example_dags/tutorial_dag.py took 0.022 seconds
[2026-04-14T17:05:04.293+0000] {processor.py:186} INFO - Started process (PID=26477) to work on /home/airflow/.local/lib/python3.12/site-packages/airflow/example_dags/tutorial_dag.py
[2026-04-14T17:05:04.293+0000] {processor.py:914} INFO - Processing file /home/airflow/.local/lib/python3.12/site-packages/airflow/example_dags/tutorial_dag.py for tasks to queue
[2026-04-14T17:05:04.294+0000] {logging_mixin.py:190} INFO - [2026-04-14T17:05:04.294+0000] {dagbag.py:588} INFO - Filling up the DagBag from /home/airflow/.local/lib/python3.12/site-packages/airflow/example_dags/tutorial_dag.py
[2026-04-14T17:05:04.297+0000] {processor.py:925} INFO - DAG(s) 'tutorial_dag' retrieved from /home/airflow/.local/lib/python3.12/site-packages/airflow/example_dags/tutorial_dag.py
[2026-04-14T17:05:04.303+0000] {logging_mixin.py:190} INFO - [2026-04-14T17:05:04.303+0000] {dag.py:3239} INFO - Sync 1 DAGs
[2026-04-14T17:05:04.308+0000] {logging_mixin.py:190} INFO - [2026-04-14T17:05:04.307+0000] {dag.py:4180} INFO - Setting next_dagrun for tutorial_dag to None, run_after=None
[2026-04-14T17:05:04.312+0000] {processor.py:208} INFO - Processing /home/airflow/.local/lib/python3.12/site-packages/airflow/example_dags/tutorial_dag.py took 0.022 seconds
[2026-04-14T17:05:34.917+0000] {processor.py:186} INFO - Started process (PID=26547) to work on /home/airflow/.local/lib/python3.12/site-packages/airflow/example_dags/tutorial_dag.py
[2026-04-14T17:05:34.917+0000] {processor.py:914} INFO - Processing file /home/airflow/.local/lib/python3.12/site-packages/airflow/example_dags/tutorial_dag.py for tasks to queue
[2026-04-14T17:05:34.918+0000] {logging_mixin.py:190} INFO - [2026-04-14T17:05:34.918+0000] {dagbag.py:588} INFO - Filling up the DagBag from /home/airflow/.local/lib/python3.12/site-packages/airflow/example_dags/tutorial_dag.py
[2026-04-14T17:05:34.921+0000] {processor.py:925} INFO - DAG(s) 'tutorial_dag' retrieved from /home/airflow/.local/lib/python3.12/site-packages/airflow/example_dags/tutorial_dag.py
[2026-04-14T17:05:34.927+0000] {logging_mixin.py:190} INFO - [2026-04-14T17:05:34.927+0000] {dag.py:3239} INFO - Sync 1 DAGs
[2026-04-14T17:05:34.932+0000] {logging_mixin.py:190} INFO - [2026-04-14T17:05:34.932+0000] {dag.py:4180} INFO - Setting next_dagrun for tutorial_dag to None, run_after=None
[2026-04-14T17:05:34.937+0000] {processor.py:208} INFO - Processing /home/airflow/.local/lib/python3.12/site-packages/airflow/example_dags/tutorial_dag.py took 0.023 seconds
[2026-04-14T17:06:05.302+0000] {processor.py:186} INFO - Started process (PID=26611) to work on /home/airflow/.local/lib/python3.12/site-packages/airflow/example_dags/tutorial_dag.py
[2026-04-14T17:06:05.303+0000] {processor.py:914} INFO - Processing file /home/airflow/.local/lib/python3.12/site-packages/airflow/example_dags/tutorial_dag.py for tasks to queue
[2026-04-14T17:06:05.304+0000] {logging_mixin.py:190} INFO - [2026-04-14T17:06:05.303+0000] {dagbag.py:588} INFO - Filling up the DagBag from /home/airflow/.local/lib/python3.12/site-packages/airflow/example_dags/tutorial_dag.py
[2026-04-14T17:06:05.306+0000] {processor.py:925} INFO - DAG(s) 'tutorial_dag' retrieved from /home/airflow/.local/lib/python3.12/site-packages/airflow/example_dags/tutorial_dag.py
[2026-04-14T17:06:05.321+0000] {logging_mixin.py:190} INFO - [2026-04-14T17:06:05.321+0000] {dag.py:3239} INFO - Sync 1 DAGs
[2026-04-14T17:06:05.327+0000] {logging_mixin.py:190} INFO - [2026-04-14T17:06:05.327+0000] {dag.py:4180} INFO - Setting next_dagrun for tutorial_dag to None, run_after=None
[2026-04-14T17:06:05.335+0000] {processor.py:208} INFO - Processing /home/airflow/.local/lib/python3.12/site-packages/airflow/example_dags/tutorial_dag.py took 0.035 seconds
[2026-04-14T17:06:36.096+0000] {processor.py:186} INFO - Started process (PID=26675) to work on /home/airflow/.local/lib/python3.12/site-packages/airflow/example_dags/tutorial_dag.py
[2026-04-14T17:06:36.097+0000] {processor.py:914} INFO - Processing file /home/airflow/.local/lib/python3.12/site-packages/airflow/example_dags/tutorial_dag.py for tasks to queue
[2026-04-14T17:06:36.097+0000] {logging_mixin.py:190} INFO - [2026-04-14T17:06:36.097+0000] {dagbag.py:588} INFO - Filling up the DagBag from /home/airflow/.local/lib/python3.12/site-packages/airflow/example_dags/tutorial_dag.py
[2026-04-14T17:06:36.101+0000] {processor.py:925} INFO - DAG(s) 'tutorial_dag' retrieved from /home/airflow/.local/lib/python3.12/site-packages/airflow/example_dags/tutorial_dag.py
[2026-04-14T17:06:36.109+0000] {logging_mixin.py:190} INFO - [2026-04-14T17:06:36.109+0000] {dag.py:3239} INFO - Sync 1 DAGs
[2026-04-14T17:06:36.117+0000] {logging_mixin.py:190} INFO - [2026-04-14T17:06:36.117+0000] {dag.py:4180} INFO - Setting next_dagrun for tutorial_dag to None, run_after=None
[2026-04-14T17:06:36.127+0000] {processor.py:208} INFO - Processing /home/airflow/.local/lib/python3.12/site-packages/airflow/example_dags/tutorial_dag.py took 0.034 seconds
[2026-04-14T17:07:06.855+0000] {processor.py:186} INFO - Started process (PID=26739) to work on /home/airflow/.local/lib/python3.12/site-packages/airflow/example_dags/tutorial_dag.py
[2026-04-14T17:07:06.855+0000] {processor.py:914} INFO - Processing file /home/airflow/.local/lib/python3.12/site-packages/airflow/example_dags/tutorial_dag.py for tasks to queue
[2026-04-14T17:07:06.856+0000] {logging_mixin.py:190} INFO - [2026-04-14T17:07:06.856+0000] {dagbag.py:588} INFO - Filling up the DagBag from /home/airflow/.local/lib/python3.12/site-packages/airflow/example_dags/tutorial_dag.py
[2026-04-14T17:07:06.859+0000] {processor.py:925} INFO - DAG(s) 'tutorial_dag' retrieved from /home/airflow/.local/lib/python3.12/site-packages/airflow/example_dags/tutorial_dag.py
[2026-04-14T17:07:06.870+0000] {logging_mixin.py:190} INFO - [2026-04-14T17:07:06.869+0000] {dag.py:3239} INFO - Sync 1 DAGs
[2026-04-14T17:07:06.875+0000] {logging_mixin.py:190} INFO - [2026-04-14T17:07:06.875+0000] {dag.py:4180} INFO - Setting next_dagrun for tutorial_dag to None, run_after=None
[2026-04-14T17:07:06.884+0000] {processor.py:208} INFO - Processing /home/airflow/.local/lib/python3.12/site-packages/airflow/example_dags/tutorial_dag.py took 0.032 seconds
[2026-04-14T17:07:37.428+0000] {processor.py:186} INFO - Started process (PID=26803) to work on /home/airflow/.local/lib/python3.12/site-packages/airflow/example_dags/tutorial_dag.py
[2026-04-14T17:07:37.430+0000] {processor.py:914} INFO - Processing file /home/airflow/.local/lib/python3.12/site-packages/airflow/example_dags/tutorial_dag.py for tasks to queue
[2026-04-14T17:07:37.430+0000] {logging_mixin.py:190} INFO - [2026-04-14T17:07:37.430+0000] {dagbag.py:588} INFO - Filling up the DagBag from /home/airflow/.local/lib/python3.12/site-packages/airflow/example_dags/tutorial_dag.py
[2026-04-14T17:07:37.434+0000] {processor.py:925} INFO - DAG(s) 'tutorial_dag' retrieved from /home/airflow/.local/lib/python3.12/site-packages/airflow/example_dags/tutorial_dag.py
[2026-04-14T17:07:37.443+0000] {logging_mixin.py:190} INFO - [2026-04-14T17:07:37.443+0000] {dag.py:3239} INFO - Sync 1 DAGs
[2026-04-14T17:07:37.452+0000] {logging_mixin.py:190} INFO - [2026-04-14T17:07:37.452+0000] {dag.py:4180} INFO - Setting next_dagrun for tutorial_dag to None, run_after=None
[2026-04-14T17:07:37.459+0000] {processor.py:208} INFO - Processing /home/airflow/.local/lib/python3.12/site-packages/airflow/example_dags/tutorial_dag.py took 0.034 seconds
[2026-04-14T17:08:08.387+0000] {processor.py:186} INFO - Started process (PID=26867) to work on /home/airflow/.local/lib/python3.12/site-packages/airflow/example_dags/tutorial_dag.py
[2026-04-14T17:08:08.388+0000] {processor.py:914} INFO - Processing file /home/airflow/.local/lib/python3.12/site-packages/airflow/example_dags/tutorial_dag.py for tasks to queue
[2026-04-14T17:08:08.388+0000] {logging_mixin.py:190} INFO - [2026-04-14T17:08:08.388+0000] {dagbag.py:588} INFO - Filling up the DagBag from /home/airflow/.local/lib/python3.12/site-packages/airflow/example_dags/tutorial_dag.py
[2026-04-14T17:08:08.392+0000] {processor.py:925} INFO - DAG(s) 'tutorial_dag' retrieved from /home/airflow/.local/lib/python3.12/site-packages/airflow/example_dags/tutorial_dag.py
[2026-04-14T17:08:08.404+0000] {logging_mixin.py:190} INFO - [2026-04-14T17:08:08.404+0000] {dag.py:3239} INFO - Sync 1 DAGs
[2026-04-14T17:08:08.411+0000] {logging_mixin.py:190} INFO - [2026-04-14T17:08:08.411+0000] {dag.py:4180} INFO - Setting next_dagrun for tutorial_dag to None, run_after=None
[2026-04-14T17:08:08.419+0000] {processor.py:208} INFO - Processing /home/airflow/.local/lib/python3.12/site-packages/airflow/example_dags/tutorial_dag.py took 0.035 seconds
[2026-04-14T17:08:39.116+0000] {processor.py:186} INFO - Started process (PID=26931) to work on /home/airflow/.local/lib/python3.12/site-packages/airflow/example_dags/tutorial_dag.py
[2026-04-14T17:08:39.116+0000] {processor.py:914} INFO - Processing file /home/airflow/.local/lib/python3.12/site-packages/airflow/example_dags/tutorial_dag.py for tasks to queue
[2026-04-14T17:08:39.117+0000] {logging_mixin.py:190} INFO - [2026-04-14T17:08:39.117+0000] {dagbag.py:588} INFO - Filling up the DagBag from /home/airflow/.local/lib/python3.12/site-packages/airflow/example_dags/tutorial_dag.py
[2026-04-14T17:08:39.120+0000] {processor.py:925} INFO - DAG(s) 'tutorial_dag' retrieved from /home/airflow/.local/lib/python3.12/site-packages/airflow/example_dags/tutorial_dag.py
[2026-04-14T17:08:39.128+0000] {logging_mixin.py:190} INFO - [2026-04-14T17:08:39.128+0000] {dag.py:3239} INFO - Sync 1 DAGs
[2026-04-14T17:08:39.134+0000] {logging_mixin.py:190} INFO - [2026-04-14T17:08:39.134+0000] {dag.py:4180} INFO - Setting next_dagrun for tutorial_dag to None, run_after=None
[2026-04-14T17:08:39.142+0000] {processor.py:208} INFO - Processing /home/airflow/.local/lib/python3.12/site-packages/airflow/example_dags/tutorial_dag.py took 0.029 seconds
[2026-04-14T17:09:10.398+0000] {processor.py:186} INFO - Started process (PID=26995) to work on /home/airflow/.local/lib/python3.12/site-packages/airflow/example_dags/tutorial_dag.py
[2026-04-14T17:09:10.399+0000] {processor.py:914} INFO - Processing file /home/airflow/.local/lib/python3.12/site-packages/airflow/example_dags/tutorial_dag.py for tasks to queue
[2026-04-14T17:09:10.400+0000] {logging_mixin.py:190} INFO - [2026-04-14T17:09:10.399+0000] {dagbag.py:588} INFO - Filling up the DagBag from /home/airflow/.local/lib/python3.12/site-packages/airflow/example_dags/tutorial_dag.py
[2026-04-14T17:09:10.403+0000] {processor.py:925} INFO - DAG(s) 'tutorial_dag' retrieved from /home/airflow/.local/lib/python3.12/site-packages/airflow/example_dags/tutorial_dag.py
[2026-04-14T17:09:10.411+0000] {logging_mixin.py:190} INFO - [2026-04-14T17:09:10.411+0000] {dag.py:3239} INFO - Sync 1 DAGs
[2026-04-14T17:09:10.416+0000] {logging_mixin.py:190} INFO - [2026-04-14T17:09:10.416+0000] {dag.py:4180} INFO - Setting next_dagrun for tutorial_dag to None, run_after=None
[2026-04-14T17:09:10.428+0000] {processor.py:208} INFO - Processing /home/airflow/.local/lib/python3.12/site-packages/airflow/example_dags/tutorial_dag.py took 0.032 seconds
[2026-04-14T17:09:41.263+0000] {processor.py:186} INFO - Started process (PID=27059) to work on /home/airflow/.local/lib/python3.12/site-packages/airflow/example_dags/tutorial_dag.py
[2026-04-14T17:09:41.264+0000] {processor.py:914} INFO - Processing file /home/airflow/.local/lib/python3.12/site-packages/airflow/example_dags/tutorial_dag.py for tasks to queue
[2026-04-14T17:09:41.265+0000] {logging_mixin.py:190} INFO - [2026-04-14T17:09:41.265+0000] {dagbag.py:588} INFO - Filling up the DagBag from /home/airflow/.local/lib/python3.12/site-packages/airflow/example_dags/tutorial_dag.py
[2026-04-14T17:09:41.268+0000] {processor.py:925} INFO - DAG(s) 'tutorial_dag' retrieved from /home/airflow/.local/lib/python3.12/site-packages/airflow/example_dags/tutorial_dag.py
[2026-04-14T17:09:41.275+0000] {logging_mixin.py:190} INFO - [2026-04-14T17:09:41.275+0000] {dag.py:3239} INFO - Sync 1 DAGs
[2026-04-14T17:09:41.284+0000] {logging_mixin.py:190} INFO - [2026-04-14T17:09:41.284+0000] {dag.py:4180} INFO - Setting next_dagrun for tutorial_dag to None, run_after=None
[2026-04-14T17:09:41.295+0000] {processor.py:208} INFO - Processing /home/airflow/.local/lib/python3.12/site-packages/airflow/example_dags/tutorial_dag.py took 0.034 seconds
[2026-04-14T17:10:11.797+0000] {processor.py:186} INFO - Started process (PID=27123) to work on /home/airflow/.local/lib/python3.12/site-packages/airflow/example_dags/tutorial_dag.py
[2026-04-14T17:10:11.798+0000] {processor.py:914} INFO - Processing file /home/airflow/.local/lib/python3.12/site-packages/airflow/example_dags/tutorial_dag.py for tasks to queue
[2026-04-14T17:10:11.798+0000] {logging_mixin.py:190} INFO - [2026-04-14T17:10:11.798+0000] {dagbag.py:588} INFO - Filling up the DagBag from /home/airflow/.local/lib/python3.12/site-packages/airflow/example_dags/tutorial_dag.py
[2026-04-14T17:10:11.801+0000] {processor.py:925} INFO - DAG(s) 'tutorial_dag' retrieved from /home/airflow/.local/lib/python3.12/site-packages/airflow/example_dags/tutorial_dag.py
[2026-04-14T17:10:11.808+0000] {logging_mixin.py:190} INFO - [2026-04-14T17:10:11.808+0000] {dag.py:3239} INFO - Sync 1 DAGs
[2026-04-14T17:10:11.813+0000] {logging_mixin.py:190} INFO - [2026-04-14T17:10:11.813+0000] {dag.py:4180} INFO - Setting next_dagrun for tutorial_dag to None, run_after=None
[2026-04-14T17:10:11.817+0000] {processor.py:208} INFO - Processing /home/airflow/.local/lib/python3.12/site-packages/airflow/example_dags/tutorial_dag.py took 0.023 seconds
[2026-04-14T17:10:42.539+0000] {processor.py:186} INFO - Started process (PID=27187) to work on /home/airflow/.local/lib/python3.12/site-packages/airflow/example_dags/tutorial_dag.py
[2026-04-14T17:10:42.539+0000] {processor.py:914} INFO - Processing file /home/airflow/.local/lib/python3.12/site-packages/airflow/example_dags/tutorial_dag.py for tasks to queue
[2026-04-14T17:10:42.539+0000] {logging_mixin.py:190} INFO - [2026-04-14T17:10:42.539+0000] {dagbag.py:588} INFO - Filling up the DagBag from /home/airflow/.local/lib/python3.12/site-packages/airflow/example_dags/tutorial_dag.py
[2026-04-14T17:10:42.542+0000] {processor.py:925} INFO - DAG(s) 'tutorial_dag' retrieved from /home/airflow/.local/lib/python3.12/site-packages/airflow/example_dags/tutorial_dag.py
[2026-04-14T17:10:42.549+0000] {logging_mixin.py:190} INFO - [2026-04-14T17:10:42.549+0000] {dag.py:3239} INFO - Sync 1 DAGs
[2026-04-14T17:10:42.617+0000] {logging_mixin.py:190} INFO - [2026-04-14T17:10:42.617+0000] {dag.py:4180} INFO - Setting next_dagrun for tutorial_dag to None, run_after=None
[2026-04-14T17:10:42.622+0000] {processor.py:208} INFO - Processing /home/airflow/.local/lib/python3.12/site-packages/airflow/example_dags/tutorial_dag.py took 0.086 seconds
[2026-04-14T17:11:13.348+0000] {processor.py:186} INFO - Started process (PID=27251) to work on /home/airflow/.local/lib/python3.12/site-packages/airflow/example_dags/tutorial_dag.py
[2026-04-14T17:11:13.349+0000] {processor.py:914} INFO - Processing file /home/airflow/.local/lib/python3.12/site-packages/airflow/example_dags/tutorial_dag.py for tasks to queue
[2026-04-14T17:11:13.350+0000] {logging_mixin.py:190} INFO - [2026-04-14T17:11:13.350+0000] {dagbag.py:588} INFO - Filling up the DagBag from /home/airflow/.local/lib/python3.12/site-packages/airflow/example_dags/tutorial_dag.py
[2026-04-14T17:11:13.356+0000] {processor.py:925} INFO - DAG(s) 'tutorial_dag' retrieved from /home/airflow/.local/lib/python3.12/site-packages/airflow/example_dags/tutorial_dag.py
[2026-04-14T17:11:13.367+0000] {logging_mixin.py:190} INFO - [2026-04-14T17:11:13.367+0000] {dag.py:3239} INFO - Sync 1 DAGs
[2026-04-14T17:11:13.373+0000] {logging_mixin.py:190} INFO - [2026-04-14T17:11:13.373+0000] {dag.py:4180} INFO - Setting next_dagrun for tutorial_dag to None, run_after=None
[2026-04-14T17:11:13.464+0000] {processor.py:208} INFO - Processing /home/airflow/.local/lib/python3.12/site-packages/airflow/example_dags/tutorial_dag.py took 0.118 seconds
[2026-04-14T17:11:44.702+0000] {processor.py:186} INFO - Started process (PID=27315) to work on /home/airflow/.local/lib/python3.12/site-packages/airflow/example_dags/tutorial_dag.py
[2026-04-14T17:11:44.702+0000] {processor.py:914} INFO - Processing file /home/airflow/.local/lib/python3.12/site-packages/airflow/example_dags/tutorial_dag.py for tasks to queue
[2026-04-14T17:11:44.703+0000] {logging_mixin.py:190} INFO - [2026-04-14T17:11:44.703+0000] {dagbag.py:588} INFO - Filling up the DagBag from /home/airflow/.local/lib/python3.12/site-packages/airflow/example_dags/tutorial_dag.py
[2026-04-14T17:11:44.706+0000] {processor.py:925} INFO - DAG(s) 'tutorial_dag' retrieved from /home/airflow/.local/lib/python3.12/site-packages/airflow/example_dags/tutorial_dag.py
[2026-04-14T17:11:44.712+0000] {logging_mixin.py:190} INFO - [2026-04-14T17:11:44.712+0000] {dag.py:3239} INFO - Sync 1 DAGs
[2026-04-14T17:11:44.717+0000] {logging_mixin.py:190} INFO - [2026-04-14T17:11:44.717+0000] {dag.py:4180} INFO - Setting next_dagrun for tutorial_dag to None, run_after=None
[2026-04-14T17:11:44.722+0000] {processor.py:208} INFO - Processing /home/airflow/.local/lib/python3.12/site-packages/airflow/example_dags/tutorial_dag.py took 0.022 seconds
[2026-04-14T17:12:15.475+0000] {processor.py:186} INFO - Started process (PID=27379) to work on /home/airflow/.local/lib/python3.12/site-packages/airflow/example_dags/tutorial_dag.py
[2026-04-14T17:12:15.475+0000] {processor.py:914} INFO - Processing file /home/airflow/.local/lib/python3.12/site-packages/airflow/example_dags/tutorial_dag.py for tasks to queue
[2026-04-14T17:12:15.476+0000] {logging_mixin.py:190} INFO - [2026-04-14T17:12:15.476+0000] {dagbag.py:588} INFO - Filling up the DagBag from /home/airflow/.local/lib/python3.12/site-packages/airflow/example_dags/tutorial_dag.py
[2026-04-14T17:12:15.478+0000] {processor.py:925} INFO - DAG(s) 'tutorial_dag' retrieved from /home/airflow/.local/lib/python3.12/site-packages/airflow/example_dags/tutorial_dag.py
[2026-04-14T17:12:15.489+0000] {logging_mixin.py:190} INFO - [2026-04-14T17:12:15.489+0000] {dag.py:3239} INFO - Sync 1 DAGs
[2026-04-14T17:12:15.497+0000] {logging_mixin.py:190} INFO - [2026-04-14T17:12:15.497+0000] {dag.py:4180} INFO - Setting next_dagrun for tutorial_dag to None, run_after=None
[2026-04-14T17:12:15.506+0000] {processor.py:208} INFO - Processing /home/airflow/.local/lib/python3.12/site-packages/airflow/example_dags/tutorial_dag.py took 0.034 seconds
[2026-04-14T17:12:46.928+0000] {processor.py:186} INFO - Started process (PID=27451) to work on /home/airflow/.local/lib/python3.12/site-packages/airflow/example_dags/tutorial_dag.py
[2026-04-14T17:12:46.929+0000] {processor.py:914} INFO - Processing file /home/airflow/.local/lib/python3.12/site-packages/airflow/example_dags/tutorial_dag.py for tasks to queue
[2026-04-14T17:12:46.929+0000] {logging_mixin.py:190} INFO - [2026-04-14T17:12:46.929+0000] {dagbag.py:588} INFO - Filling up the DagBag from /home/airflow/.local/lib/python3.12/site-packages/airflow/example_dags/tutorial_dag.py
[2026-04-14T17:12:46.933+0000] {processor.py:925} INFO - DAG(s) 'tutorial_dag' retrieved from /home/airflow/.local/lib/python3.12/site-packages/airflow/example_dags/tutorial_dag.py
[2026-04-14T17:12:46.947+0000] {logging_mixin.py:190} INFO - [2026-04-14T17:12:46.947+0000] {dag.py:3239} INFO - Sync 1 DAGs
[2026-04-14T17:12:46.953+0000] {logging_mixin.py:190} INFO - [2026-04-14T17:12:46.953+0000] {dag.py:4180} INFO - Setting next_dagrun for tutorial_dag to None, run_after=None
[2026-04-14T17:12:46.963+0000] {processor.py:208} INFO - Processing /home/airflow/.local/lib/python3.12/site-packages/airflow/example_dags/tutorial_dag.py took 0.038 seconds
[2026-04-14T17:13:17.129+0000] {processor.py:186} INFO - Started process (PID=27515) to work on /home/airflow/.local/lib/python3.12/site-packages/airflow/example_dags/tutorial_dag.py
[2026-04-14T17:13:17.129+0000] {processor.py:914} INFO - Processing file /home/airflow/.local/lib/python3.12/site-packages/airflow/example_dags/tutorial_dag.py for tasks to queue
[2026-04-14T17:13:17.130+0000] {logging_mixin.py:190} INFO - [2026-04-14T17:13:17.129+0000] {dagbag.py:588} INFO - Filling up the DagBag from /home/airflow/.local/lib/python3.12/site-packages/airflow/example_dags/tutorial_dag.py
[2026-04-14T17:13:17.132+0000] {processor.py:925} INFO - DAG(s) 'tutorial_dag' retrieved from /home/airflow/.local/lib/python3.12/site-packages/airflow/example_dags/tutorial_dag.py
[2026-04-14T17:13:17.146+0000] {logging_mixin.py:190} INFO - [2026-04-14T17:13:17.146+0000] {dag.py:3239} INFO - Sync 1 DAGs
[2026-04-14T17:13:17.155+0000] {logging_mixin.py:190} INFO - [2026-04-14T17:13:17.155+0000] {dag.py:4180} INFO - Setting next_dagrun for tutorial_dag to None, run_after=None
[2026-04-14T17:13:17.164+0000] {processor.py:208} INFO - Processing /home/airflow/.local/lib/python3.12/site-packages/airflow/example_dags/tutorial_dag.py took 0.038 seconds
[2026-04-14T17:13:48.513+0000] {processor.py:186} INFO - Started process (PID=27588) to work on /home/airflow/.local/lib/python3.12/site-packages/airflow/example_dags/tutorial_dag.py
[2026-04-14T17:13:48.515+0000] {processor.py:914} INFO - Processing file /home/airflow/.local/lib/python3.12/site-packages/airflow/example_dags/tutorial_dag.py for tasks to queue
[2026-04-14T17:13:48.516+0000] {logging_mixin.py:190} INFO - [2026-04-14T17:13:48.516+0000] {dagbag.py:588} INFO - Filling up the DagBag from /home/airflow/.local/lib/python3.12/site-packages/airflow/example_dags/tutorial_dag.py
[2026-04-14T17:13:48.519+0000] {processor.py:925} INFO - DAG(s) 'tutorial_dag' retrieved from /home/airflow/.local/lib/python3.12/site-packages/airflow/example_dags/tutorial_dag.py
[2026-04-14T17:13:48.529+0000] {logging_mixin.py:190} INFO - [2026-04-14T17:13:48.529+0000] {dag.py:3239} INFO - Sync 1 DAGs
[2026-04-14T17:13:48.538+0000] {logging_mixin.py:190} INFO - [2026-04-14T17:13:48.538+0000] {dag.py:4180} INFO - Setting next_dagrun for tutorial_dag to None, run_after=None
[2026-04-14T17:13:48.550+0000] {processor.py:208} INFO - Processing /home/airflow/.local/lib/python3.12/site-packages/airflow/example_dags/tutorial_dag.py took 0.041 seconds
[2026-04-14T17:14:19.165+0000] {processor.py:186} INFO - Started process (PID=27656) to work on /home/airflow/.local/lib/python3.12/site-packages/airflow/example_dags/tutorial_dag.py
[2026-04-14T17:14:19.165+0000] {processor.py:914} INFO - Processing file /home/airflow/.local/lib/python3.12/site-packages/airflow/example_dags/tutorial_dag.py for tasks to queue
[2026-04-14T17:14:19.166+0000] {logging_mixin.py:190} INFO - [2026-04-14T17:14:19.166+0000] {dagbag.py:588} INFO - Filling up the DagBag from /home/airflow/.local/lib/python3.12/site-packages/airflow/example_dags/tutorial_dag.py
[2026-04-14T17:14:19.168+0000] {processor.py:925} INFO - DAG(s) 'tutorial_dag' retrieved from /home/airflow/.local/lib/python3.12/site-packages/airflow/example_dags/tutorial_dag.py
[2026-04-14T17:14:19.175+0000] {logging_mixin.py:190} INFO - [2026-04-14T17:14:19.175+0000] {dag.py:3239} INFO - Sync 1 DAGs
[2026-04-14T17:14:19.180+0000] {logging_mixin.py:190} INFO - [2026-04-14T17:14:19.180+0000] {dag.py:4180} INFO - Setting next_dagrun for tutorial_dag to None, run_after=None
[2026-04-14T17:14:19.185+0000] {processor.py:208} INFO - Processing /home/airflow/.local/lib/python3.12/site-packages/airflow/example_dags/tutorial_dag.py took 0.022 seconds
[2026-04-14T17:14:50.280+0000] {processor.py:186} INFO - Started process (PID=27720) to work on /home/airflow/.local/lib/python3.12/site-packages/airflow/example_dags/tutorial_dag.py
[2026-04-14T17:14:50.281+0000] {processor.py:914} INFO - Processing file /home/airflow/.local/lib/python3.12/site-packages/airflow/example_dags/tutorial_dag.py for tasks to queue
[2026-04-14T17:14:50.281+0000] {logging_mixin.py:190} INFO - [2026-04-14T17:14:50.281+0000] {dagbag.py:588} INFO - Filling up the DagBag from /home/airflow/.local/lib/python3.12/site-packages/airflow/example_dags/tutorial_dag.py
[2026-04-14T17:14:50.284+0000] {processor.py:925} INFO - DAG(s) 'tutorial_dag' retrieved from /home/airflow/.local/lib/python3.12/site-packages/airflow/example_dags/tutorial_dag.py
[2026-04-14T17:14:50.293+0000] {logging_mixin.py:190} INFO - [2026-04-14T17:14:50.293+0000] {dag.py:3239} INFO - Sync 1 DAGs
[2026-04-14T17:14:50.300+0000] {logging_mixin.py:190} INFO - [2026-04-14T17:14:50.300+0000] {dag.py:4180} INFO - Setting next_dagrun for tutorial_dag to None, run_after=None
[2026-04-14T17:14:50.308+0000] {processor.py:208} INFO - Processing /home/airflow/.local/lib/python3.12/site-packages/airflow/example_dags/tutorial_dag.py took 0.030 seconds
[2026-04-14T17:15:21.261+0000] {processor.py:186} INFO - Started process (PID=27784) to work on /home/airflow/.local/lib/python3.12/site-packages/airflow/example_dags/tutorial_dag.py
[2026-04-14T17:15:21.262+0000] {processor.py:914} INFO - Processing file /home/airflow/.local/lib/python3.12/site-packages/airflow/example_dags/tutorial_dag.py for tasks to queue
[2026-04-14T17:15:21.265+0000] {logging_mixin.py:190} INFO - [2026-04-14T17:15:21.265+0000] {dagbag.py:588} INFO - Filling up the DagBag from /home/airflow/.local/lib/python3.12/site-packages/airflow/example_dags/tutorial_dag.py
[2026-04-14T17:15:21.268+0000] {processor.py:925} INFO - DAG(s) 'tutorial_dag' retrieved from /home/airflow/.local/lib/python3.12/site-packages/airflow/example_dags/tutorial_dag.py
[2026-04-14T17:15:21.279+0000] {logging_mixin.py:190} INFO - [2026-04-14T17:15:21.279+0000] {dag.py:3239} INFO - Sync 1 DAGs
[2026-04-14T17:15:21.285+0000] {logging_mixin.py:190} INFO - [2026-04-14T17:15:21.285+0000] {dag.py:4180} INFO - Setting next_dagrun for tutorial_dag to None, run_after=None
[2026-04-14T17:15:21.294+0000] {processor.py:208} INFO - Processing /home/airflow/.local/lib/python3.12/site-packages/airflow/example_dags/tutorial_dag.py took 0.035 seconds
[2026-04-14T17:15:52.427+0000] {processor.py:186} INFO - Started process (PID=27848) to work on /home/airflow/.local/lib/python3.12/site-packages/airflow/example_dags/tutorial_dag.py
[2026-04-14T17:15:52.428+0000] {processor.py:914} INFO - Processing file /home/airflow/.local/lib/python3.12/site-packages/airflow/example_dags/tutorial_dag.py for tasks to queue
[2026-04-14T17:15:52.429+0000] {logging_mixin.py:190} INFO - [2026-04-14T17:15:52.429+0000] {dagbag.py:588} INFO - Filling up the DagBag from /home/airflow/.local/lib/python3.12/site-packages/airflow/example_dags/tutorial_dag.py
[2026-04-14T17:15:52.432+0000] {processor.py:925} INFO - DAG(s) 'tutorial_dag' retrieved from /home/airflow/.local/lib/python3.12/site-packages/airflow/example_dags/tutorial_dag.py
[2026-04-14T17:15:52.439+0000] {logging_mixin.py:190} INFO - [2026-04-14T17:15:52.439+0000] {dag.py:3239} INFO - Sync 1 DAGs
[2026-04-14T17:15:52.444+0000] {logging_mixin.py:190} INFO - [2026-04-14T17:15:52.444+0000] {dag.py:4180} INFO - Setting next_dagrun for tutorial_dag to None, run_after=None
[2026-04-14T17:15:52.449+0000] {processor.py:208} INFO - Processing /home/airflow/.local/lib/python3.12/site-packages/airflow/example_dags/tutorial_dag.py took 0.024 seconds
[2026-04-14T17:16:23.442+0000] {processor.py:186} INFO - Started process (PID=27912) to work on /home/airflow/.local/lib/python3.12/site-packages/airflow/example_dags/tutorial_dag.py
[2026-04-14T17:16:23.442+0000] {processor.py:914} INFO - Processing file /home/airflow/.local/lib/python3.12/site-packages/airflow/example_dags/tutorial_dag.py for tasks to queue
[2026-04-14T17:16:23.443+0000] {logging_mixin.py:190} INFO - [2026-04-14T17:16:23.443+0000] {dagbag.py:588} INFO - Filling up the DagBag from /home/airflow/.local/lib/python3.12/site-packages/airflow/example_dags/tutorial_dag.py
[2026-04-14T17:16:23.446+0000] {processor.py:925} INFO - DAG(s) 'tutorial_dag' retrieved from /home/airflow/.local/lib/python3.12/site-packages/airflow/example_dags/tutorial_dag.py
[2026-04-14T17:16:23.458+0000] {logging_mixin.py:190} INFO - [2026-04-14T17:16:23.458+0000] {dag.py:3239} INFO - Sync 1 DAGs
[2026-04-14T17:16:23.464+0000] {logging_mixin.py:190} INFO - [2026-04-14T17:16:23.464+0000] {dag.py:4180} INFO - Setting next_dagrun for tutorial_dag to None, run_after=None
[2026-04-14T17:16:23.473+0000] {processor.py:208} INFO - Processing /home/airflow/.local/lib/python3.12/site-packages/airflow/example_dags/tutorial_dag.py took 0.033 seconds
[2026-04-14T17:16:54.525+0000] {processor.py:186} INFO - Started process (PID=27976) to work on /home/airflow/.local/lib/python3.12/site-packages/airflow/example_dags/tutorial_dag.py
[2026-04-14T17:16:54.526+0000] {processor.py:914} INFO - Processing file /home/airflow/.local/lib/python3.12/site-packages/airflow/example_dags/tutorial_dag.py for tasks to queue
[2026-04-14T17:16:54.526+0000] {logging_mixin.py:190} INFO - [2026-04-14T17:16:54.526+0000] {dagbag.py:588} INFO - Filling up the DagBag from /home/airflow/.local/lib/python3.12/site-packages/airflow/example_dags/tutorial_dag.py
[2026-04-14T17:16:54.529+0000] {processor.py:925} INFO - DAG(s) 'tutorial_dag' retrieved from /home/airflow/.local/lib/python3.12/site-packages/airflow/example_dags/tutorial_dag.py
[2026-04-14T17:16:54.536+0000] {logging_mixin.py:190} INFO - [2026-04-14T17:16:54.535+0000] {dag.py:3239} INFO - Sync 1 DAGs
[2026-04-14T17:16:54.541+0000] {logging_mixin.py:190} INFO - [2026-04-14T17:16:54.541+0000] {dag.py:4180} INFO - Setting next_dagrun for tutorial_dag to None, run_after=None
[2026-04-14T17:16:54.546+0000] {processor.py:208} INFO - Processing /home/airflow/.local/lib/python3.12/site-packages/airflow/example_dags/tutorial_dag.py took 0.023 seconds
[2026-04-14T17:17:25.585+0000] {processor.py:186} INFO - Started process (PID=28040) to work on /home/airflow/.local/lib/python3.12/site-packages/airflow/example_dags/tutorial_dag.py
[2026-04-14T17:17:25.587+0000] {processor.py:914} INFO - Processing file /home/airflow/.local/lib/python3.12/site-packages/airflow/example_dags/tutorial_dag.py for tasks to queue
[2026-04-14T17:17:25.588+0000] {logging_mixin.py:190} INFO - [2026-04-14T17:17:25.587+0000] {dagbag.py:588} INFO - Filling up the DagBag from /home/airflow/.local/lib/python3.12/site-packages/airflow/example_dags/tutorial_dag.py
[2026-04-14T17:17:25.592+0000] {processor.py:925} INFO - DAG(s) 'tutorial_dag' retrieved from /home/airflow/.local/lib/python3.12/site-packages/airflow/example_dags/tutorial_dag.py
[2026-04-14T17:17:25.602+0000] {logging_mixin.py:190} INFO - [2026-04-14T17:17:25.602+0000] {dag.py:3239} INFO - Sync 1 DAGs
[2026-04-14T17:17:25.608+0000] {logging_mixin.py:190} INFO - [2026-04-14T17:17:25.608+0000] {dag.py:4180} INFO - Setting next_dagrun for tutorial_dag to None, run_after=None
[2026-04-14T17:17:25.615+0000] {processor.py:208} INFO - Processing /home/airflow/.local/lib/python3.12/site-packages/airflow/example_dags/tutorial_dag.py took 0.033 seconds
[2026-04-14T17:17:56.602+0000] {processor.py:186} INFO - Started process (PID=28104) to work on /home/airflow/.local/lib/python3.12/site-packages/airflow/example_dags/tutorial_dag.py
[2026-04-14T17:17:56.603+0000] {processor.py:914} INFO - Processing file /home/airflow/.local/lib/python3.12/site-packages/airflow/example_dags/tutorial_dag.py for tasks to queue
[2026-04-14T17:17:56.603+0000] {logging_mixin.py:190} INFO - [2026-04-14T17:17:56.603+0000] {dagbag.py:588} INFO - Filling up the DagBag from /home/airflow/.local/lib/python3.12/site-packages/airflow/example_dags/tutorial_dag.py
[2026-04-14T17:17:56.606+0000] {processor.py:925} INFO - DAG(s) 'tutorial_dag' retrieved from /home/airflow/.local/lib/python3.12/site-packages/airflow/example_dags/tutorial_dag.py
[2026-04-14T17:17:56.615+0000] {logging_mixin.py:190} INFO - [2026-04-14T17:17:56.615+0000] {dag.py:3239} INFO - Sync 1 DAGs
[2026-04-14T17:17:56.620+0000] {logging_mixin.py:190} INFO - [2026-04-14T17:17:56.620+0000] {dag.py:4180} INFO - Setting next_dagrun for tutorial_dag to None, run_after=None
[2026-04-14T17:17:56.633+0000] {processor.py:208} INFO - Processing /home/airflow/.local/lib/python3.12/site-packages/airflow/example_dags/tutorial_dag.py took 0.034 seconds
[2026-04-14T17:18:27.620+0000] {processor.py:186} INFO - Started process (PID=28168) to work on /home/airflow/.local/lib/python3.12/site-packages/airflow/example_dags/tutorial_dag.py
[2026-04-14T17:18:27.621+0000] {processor.py:914} INFO - Processing file /home/airflow/.local/lib/python3.12/site-packages/airflow/example_dags/tutorial_dag.py for tasks to queue
[2026-04-14T17:18:27.622+0000] {logging_mixin.py:190} INFO - [2026-04-14T17:18:27.621+0000] {dagbag.py:588} INFO - Filling up the DagBag from /home/airflow/.local/lib/python3.12/site-packages/airflow/example_dags/tutorial_dag.py
[2026-04-14T17:18:27.626+0000] {processor.py:925} INFO - DAG(s) 'tutorial_dag' retrieved from /home/airflow/.local/lib/python3.12/site-packages/airflow/example_dags/tutorial_dag.py
[2026-04-14T17:18:27.634+0000] {logging_mixin.py:190} INFO - [2026-04-14T17:18:27.634+0000] {dag.py:3239} INFO - Sync 1 DAGs
[2026-04-14T17:18:27.639+0000] {logging_mixin.py:190} INFO - [2026-04-14T17:18:27.639+0000] {dag.py:4180} INFO - Setting next_dagrun for tutorial_dag to None, run_after=None
[2026-04-14T17:18:27.647+0000] {processor.py:208} INFO - Processing /home/airflow/.local/lib/python3.12/site-packages/airflow/example_dags/tutorial_dag.py took 0.029 seconds
[2026-04-14T17:18:58.654+0000] {processor.py:186} INFO - Started process (PID=28232) to work on /home/airflow/.local/lib/python3.12/site-packages/airflow/example_dags/tutorial_dag.py
[2026-04-14T17:18:58.654+0000] {processor.py:914} INFO - Processing file /home/airflow/.local/lib/python3.12/site-packages/airflow/example_dags/tutorial_dag.py for tasks to queue
[2026-04-14T17:18:58.655+0000] {logging_mixin.py:190} INFO - [2026-04-14T17:18:58.655+0000] {dagbag.py:588} INFO - Filling up the DagBag from /home/airflow/.local/lib/python3.12/site-packages/airflow/example_dags/tutorial_dag.py
[2026-04-14T17:18:58.658+0000] {processor.py:925} INFO - DAG(s) 'tutorial_dag' retrieved from /home/airflow/.local/lib/python3.12/site-packages/airflow/example_dags/tutorial_dag.py
[2026-04-14T17:18:58.674+0000] {logging_mixin.py:190} INFO - [2026-04-14T17:18:58.674+0000] {dag.py:3239} INFO - Sync 1 DAGs
[2026-04-14T17:18:58.683+0000] {logging_mixin.py:190} INFO - [2026-04-14T17:18:58.683+0000] {dag.py:4180} INFO - Setting next_dagrun for tutorial_dag to None, run_after=None
[2026-04-14T17:18:58.693+0000] {processor.py:208} INFO - Processing /home/airflow/.local/lib/python3.12/site-packages/airflow/example_dags/tutorial_dag.py took 0.042 seconds
[2026-04-14T17:19:29.820+0000] {processor.py:186} INFO - Started process (PID=28296) to work on /home/airflow/.local/lib/python3.12/site-packages/airflow/example_dags/tutorial_dag.py
[2026-04-14T17:19:29.821+0000] {processor.py:914} INFO - Processing file /home/airflow/.local/lib/python3.12/site-packages/airflow/example_dags/tutorial_dag.py for tasks to queue
[2026-04-14T17:19:29.821+0000] {logging_mixin.py:190} INFO - [2026-04-14T17:19:29.821+0000] {dagbag.py:588} INFO - Filling up the DagBag from /home/airflow/.local/lib/python3.12/site-packages/airflow/example_dags/tutorial_dag.py
[2026-04-14T17:19:29.825+0000] {processor.py:925} INFO - DAG(s) 'tutorial_dag' retrieved from /home/airflow/.local/lib/python3.12/site-packages/airflow/example_dags/tutorial_dag.py
[2026-04-14T17:19:29.835+0000] {logging_mixin.py:190} INFO - [2026-04-14T17:19:29.835+0000] {dag.py:3239} INFO - Sync 1 DAGs
[2026-04-14T17:19:29.841+0000] {logging_mixin.py:190} INFO - [2026-04-14T17:19:29.841+0000] {dag.py:4180} INFO - Setting next_dagrun for tutorial_dag to None, run_after=None
[2026-04-14T17:19:29.851+0000] {processor.py:208} INFO - Processing /home/airflow/.local/lib/python3.12/site-packages/airflow/example_dags/tutorial_dag.py took 0.033 seconds
[2026-04-14T17:20:00.811+0000] {processor.py:186} INFO - Started process (PID=28360) to work on /home/airflow/.local/lib/python3.12/site-packages/airflow/example_dags/tutorial_dag.py
[2026-04-14T17:20:00.811+0000] {processor.py:914} INFO - Processing file /home/airflow/.local/lib/python3.12/site-packages/airflow/example_dags/tutorial_dag.py for tasks to queue
[2026-04-14T17:20:00.812+0000] {logging_mixin.py:190} INFO - [2026-04-14T17:20:00.812+0000] {dagbag.py:588} INFO - Filling up the DagBag from /home/airflow/.local/lib/python3.12/site-packages/airflow/example_dags/tutorial_dag.py
[2026-04-14T17:20:00.815+0000] {processor.py:925} INFO - DAG(s) 'tutorial_dag' retrieved from /home/airflow/.local/lib/python3.12/site-packages/airflow/example_dags/tutorial_dag.py
[2026-04-14T17:20:00.825+0000] {logging_mixin.py:190} INFO - [2026-04-14T17:20:00.825+0000] {dag.py:3239} INFO - Sync 1 DAGs
[2026-04-14T17:20:00.833+0000] {logging_mixin.py:190} INFO - [2026-04-14T17:20:00.833+0000] {dag.py:4180} INFO - Setting next_dagrun for tutorial_dag to None, run_after=None
[2026-04-14T17:20:00.841+0000] {processor.py:208} INFO - Processing /home/airflow/.local/lib/python3.12/site-packages/airflow/example_dags/tutorial_dag.py took 0.033 seconds
[2026-04-14T17:20:31.778+0000] {processor.py:186} INFO - Started process (PID=28424) to work on /home/airflow/.local/lib/python3.12/site-packages/airflow/example_dags/tutorial_dag.py
[2026-04-14T17:20:31.778+0000] {processor.py:914} INFO - Processing file /home/airflow/.local/lib/python3.12/site-packages/airflow/example_dags/tutorial_dag.py for tasks to queue
[2026-04-14T17:20:31.778+0000] {logging_mixin.py:190} INFO - [2026-04-14T17:20:31.778+0000] {dagbag.py:588} INFO - Filling up the DagBag from /home/airflow/.local/lib/python3.12/site-packages/airflow/example_dags/tutorial_dag.py
[2026-04-14T17:20:31.782+0000] {processor.py:925} INFO - DAG(s) 'tutorial_dag' retrieved from /home/airflow/.local/lib/python3.12/site-packages/airflow/example_dags/tutorial_dag.py
[2026-04-14T17:20:31.791+0000] {logging_mixin.py:190} INFO - [2026-04-14T17:20:31.791+0000] {dag.py:3239} INFO - Sync 1 DAGs
[2026-04-14T17:20:31.800+0000] {logging_mixin.py:190} INFO - [2026-04-14T17:20:31.800+0000] {dag.py:4180} INFO - Setting next_dagrun for tutorial_dag to None, run_after=None
[2026-04-14T17:20:31.809+0000] {processor.py:208} INFO - Processing /home/airflow/.local/lib/python3.12/site-packages/airflow/example_dags/tutorial_dag.py took 0.034 seconds
[2026-04-14T17:21:02.729+0000] {processor.py:186} INFO - Started process (PID=28488) to work on /home/airflow/.local/lib/python3.12/site-packages/airflow/example_dags/tutorial_dag.py
[2026-04-14T17:21:02.730+0000] {processor.py:914} INFO - Processing file /home/airflow/.local/lib/python3.12/site-packages/airflow/example_dags/tutorial_dag.py for tasks to queue
[2026-04-14T17:21:02.730+0000] {logging_mixin.py:190} INFO - [2026-04-14T17:21:02.730+0000] {dagbag.py:588} INFO - Filling up the DagBag from /home/airflow/.local/lib/python3.12/site-packages/airflow/example_dags/tutorial_dag.py
[2026-04-14T17:21:02.733+0000] {processor.py:925} INFO - DAG(s) 'tutorial_dag' retrieved from /home/airflow/.local/lib/python3.12/site-packages/airflow/example_dags/tutorial_dag.py
[2026-04-14T17:21:02.740+0000] {logging_mixin.py:190} INFO - [2026-04-14T17:21:02.740+0000] {dag.py:3239} INFO - Sync 1 DAGs
[2026-04-14T17:21:02.747+0000] {logging_mixin.py:190} INFO - [2026-04-14T17:21:02.747+0000] {dag.py:4180} INFO - Setting next_dagrun for tutorial_dag to None, run_after=None
[2026-04-14T17:21:02.755+0000] {processor.py:208} INFO - Processing /home/airflow/.local/lib/python3.12/site-packages/airflow/example_dags/tutorial_dag.py took 0.029 seconds
[2026-04-14T17:21:33.805+0000] {processor.py:186} INFO - Started process (PID=28553) to work on /home/airflow/.local/lib/python3.12/site-packages/airflow/example_dags/tutorial_dag.py
[2026-04-14T17:21:33.806+0000] {processor.py:914} INFO - Processing file /home/airflow/.local/lib/python3.12/site-packages/airflow/example_dags/tutorial_dag.py for tasks to queue
[2026-04-14T17:21:33.806+0000] {logging_mixin.py:190} INFO - [2026-04-14T17:21:33.806+0000] {dagbag.py:588} INFO - Filling up the DagBag from /home/airflow/.local/lib/python3.12/site-packages/airflow/example_dags/tutorial_dag.py
[2026-04-14T17:21:33.810+0000] {processor.py:925} INFO - DAG(s) 'tutorial_dag' retrieved from /home/airflow/.local/lib/python3.12/site-packages/airflow/example_dags/tutorial_dag.py
[2026-04-14T17:21:33.820+0000] {logging_mixin.py:190} INFO - [2026-04-14T17:21:33.820+0000] {dag.py:3239} INFO - Sync 1 DAGs
[2026-04-14T17:21:33.825+0000] {logging_mixin.py:190} INFO - [2026-04-14T17:21:33.825+0000] {dag.py:4180} INFO - Setting next_dagrun for tutorial_dag to None, run_after=None
[2026-04-14T17:21:33.836+0000] {processor.py:208} INFO - Processing /home/airflow/.local/lib/python3.12/site-packages/airflow/example_dags/tutorial_dag.py took 0.033 seconds
[2026-04-14T17:22:04.810+0000] {processor.py:186} INFO - Started process (PID=28617) to work on /home/airflow/.local/lib/python3.12/site-packages/airflow/example_dags/tutorial_dag.py
[2026-04-14T17:22:04.811+0000] {processor.py:914} INFO - Processing file /home/airflow/.local/lib/python3.12/site-packages/airflow/example_dags/tutorial_dag.py for tasks to queue
[2026-04-14T17:22:04.812+0000] {logging_mixin.py:190} INFO - [2026-04-14T17:22:04.812+0000] {dagbag.py:588} INFO - Filling up the DagBag from /home/airflow/.local/lib/python3.12/site-packages/airflow/example_dags/tutorial_dag.py
[2026-04-14T17:22:04.816+0000] {processor.py:925} INFO - DAG(s) 'tutorial_dag' retrieved from /home/airflow/.local/lib/python3.12/site-packages/airflow/example_dags/tutorial_dag.py
[2026-04-14T17:22:04.824+0000] {logging_mixin.py:190} INFO - [2026-04-14T17:22:04.824+0000] {dag.py:3239} INFO - Sync 1 DAGs
[2026-04-14T17:22:04.833+0000] {logging_mixin.py:190} INFO - [2026-04-14T17:22:04.833+0000] {dag.py:4180} INFO - Setting next_dagrun for tutorial_dag to None, run_after=None
[2026-04-14T17:22:04.841+0000] {processor.py:208} INFO - Processing /home/airflow/.local/lib/python3.12/site-packages/airflow/example_dags/tutorial_dag.py took 0.033 seconds
[2026-04-14T17:22:35.872+0000] {processor.py:186} INFO - Started process (PID=28681) to work on /home/airflow/.local/lib/python3.12/site-packages/airflow/example_dags/tutorial_dag.py
[2026-04-14T17:22:35.873+0000] {processor.py:914} INFO - Processing file /home/airflow/.local/lib/python3.12/site-packages/airflow/example_dags/tutorial_dag.py for tasks to queue
[2026-04-14T17:22:35.873+0000] {logging_mixin.py:190} INFO - [2026-04-14T17:22:35.873+0000] {dagbag.py:588} INFO - Filling up the DagBag from /home/airflow/.local/lib/python3.12/site-packages/airflow/example_dags/tutorial_dag.py
[2026-04-14T17:22:35.878+0000] {processor.py:925} INFO - DAG(s) 'tutorial_dag' retrieved from /home/airflow/.local/lib/python3.12/site-packages/airflow/example_dags/tutorial_dag.py
[2026-04-14T17:22:35.889+0000] {logging_mixin.py:190} INFO - [2026-04-14T17:22:35.889+0000] {dag.py:3239} INFO - Sync 1 DAGs
[2026-04-14T17:22:35.894+0000] {logging_mixin.py:190} INFO - [2026-04-14T17:22:35.894+0000] {dag.py:4180} INFO - Setting next_dagrun for tutorial_dag to None, run_after=None
[2026-04-14T17:22:35.903+0000] {processor.py:208} INFO - Processing /home/airflow/.local/lib/python3.12/site-packages/airflow/example_dags/tutorial_dag.py took 0.033 seconds
[2026-04-14T17:23:07.211+0000] {processor.py:186} INFO - Started process (PID=28751) to work on /home/airflow/.local/lib/python3.12/site-packages/airflow/example_dags/tutorial_dag.py
[2026-04-14T17:23:07.211+0000] {processor.py:914} INFO - Processing file /home/airflow/.local/lib/python3.12/site-packages/airflow/example_dags/tutorial_dag.py for tasks to queue
[2026-04-14T17:23:07.212+0000] {logging_mixin.py:190} INFO - [2026-04-14T17:23:07.212+0000] {dagbag.py:588} INFO - Filling up the DagBag from /home/airflow/.local/lib/python3.12/site-packages/airflow/example_dags/tutorial_dag.py
[2026-04-14T17:23:07.215+0000] {processor.py:925} INFO - DAG(s) 'tutorial_dag' retrieved from /home/airflow/.local/lib/python3.12/site-packages/airflow/example_dags/tutorial_dag.py
[2026-04-14T17:23:07.224+0000] {logging_mixin.py:190} INFO - [2026-04-14T17:23:07.224+0000] {dag.py:3239} INFO - Sync 1 DAGs
[2026-04-14T17:23:07.232+0000] {logging_mixin.py:190} INFO - [2026-04-14T17:23:07.232+0000] {dag.py:4180} INFO - Setting next_dagrun for tutorial_dag to None, run_after=None
[2026-04-14T17:23:07.238+0000] {processor.py:208} INFO - Processing /home/airflow/.local/lib/python3.12/site-packages/airflow/example_dags/tutorial_dag.py took 0.030 seconds
[2026-04-14T17:23:38.576+0000] {processor.py:186} INFO - Started process (PID=28815) to work on /home/airflow/.local/lib/python3.12/site-packages/airflow/example_dags/tutorial_dag.py
[2026-04-14T17:23:38.576+0000] {processor.py:914} INFO - Processing file /home/airflow/.local/lib/python3.12/site-packages/airflow/example_dags/tutorial_dag.py for tasks to queue
[2026-04-14T17:23:38.578+0000] {logging_mixin.py:190} INFO - [2026-04-14T17:23:38.578+0000] {dagbag.py:588} INFO - Filling up the DagBag from /home/airflow/.local/lib/python3.12/site-packages/airflow/example_dags/tutorial_dag.py
[2026-04-14T17:23:38.580+0000] {processor.py:925} INFO - DAG(s) 'tutorial_dag' retrieved from /home/airflow/.local/lib/python3.12/site-packages/airflow/example_dags/tutorial_dag.py
[2026-04-14T17:23:38.593+0000] {logging_mixin.py:190} INFO - [2026-04-14T17:23:38.593+0000] {dag.py:3239} INFO - Sync 1 DAGs
[2026-04-14T17:23:38.599+0000] {logging_mixin.py:190} INFO - [2026-04-14T17:23:38.599+0000] {dag.py:4180} INFO - Setting next_dagrun for tutorial_dag to None, run_after=None
[2026-04-14T17:23:38.606+0000] {processor.py:208} INFO - Processing /home/airflow/.local/lib/python3.12/site-packages/airflow/example_dags/tutorial_dag.py took 0.033 seconds
[2026-04-14T17:24:08.804+0000] {processor.py:186} INFO - Started process (PID=28879) to work on /home/airflow/.local/lib/python3.12/site-packages/airflow/example_dags/tutorial_dag.py
[2026-04-14T17:24:08.805+0000] {processor.py:914} INFO - Processing file /home/airflow/.local/lib/python3.12/site-packages/airflow/example_dags/tutorial_dag.py for tasks to queue
[2026-04-14T17:24:08.809+0000] {logging_mixin.py:190} INFO - [2026-04-14T17:24:08.805+0000] {dagbag.py:588} INFO - Filling up the DagBag from /home/airflow/.local/lib/python3.12/site-packages/airflow/example_dags/tutorial_dag.py
[2026-04-14T17:24:08.813+0000] {processor.py:925} INFO - DAG(s) 'tutorial_dag' retrieved from /home/airflow/.local/lib/python3.12/site-packages/airflow/example_dags/tutorial_dag.py
[2026-04-14T17:24:08.825+0000] {logging_mixin.py:190} INFO - [2026-04-14T17:24:08.825+0000] {dag.py:3239} INFO - Sync 1 DAGs
[2026-04-14T17:24:08.832+0000] {logging_mixin.py:190} INFO - [2026-04-14T17:24:08.832+0000] {dag.py:4180} INFO - Setting next_dagrun for tutorial_dag to None, run_after=None
[2026-04-14T17:24:08.839+0000] {processor.py:208} INFO - Processing /home/airflow/.local/lib/python3.12/site-packages/airflow/example_dags/tutorial_dag.py took 0.038 seconds
[2026-04-14T17:24:39.077+0000] {processor.py:186} INFO - Started process (PID=28943) to work on /home/airflow/.local/lib/python3.12/site-packages/airflow/example_dags/tutorial_dag.py
[2026-04-14T17:24:39.078+0000] {processor.py:914} INFO - Processing file /home/airflow/.local/lib/python3.12/site-packages/airflow/example_dags/tutorial_dag.py for tasks to queue
[2026-04-14T17:24:39.078+0000] {logging_mixin.py:190} INFO - [2026-04-14T17:24:39.078+0000] {dagbag.py:588} INFO - Filling up the DagBag from /home/airflow/.local/lib/python3.12/site-packages/airflow/example_dags/tutorial_dag.py
[2026-04-14T17:24:39.081+0000] {processor.py:925} INFO - DAG(s) 'tutorial_dag' retrieved from /home/airflow/.local/lib/python3.12/site-packages/airflow/example_dags/tutorial_dag.py
[2026-04-14T17:24:39.088+0000] {logging_mixin.py:190} INFO - [2026-04-14T17:24:39.088+0000] {dag.py:3239} INFO - Sync 1 DAGs
[2026-04-14T17:24:39.092+0000] {logging_mixin.py:190} INFO - [2026-04-14T17:24:39.092+0000] {dag.py:4180} INFO - Setting next_dagrun for tutorial_dag to None, run_after=None
[2026-04-14T17:24:39.098+0000] {processor.py:208} INFO - Processing /home/airflow/.local/lib/python3.12/site-packages/airflow/example_dags/tutorial_dag.py took 0.023 seconds
[2026-04-14T17:25:10.497+0000] {processor.py:186} INFO - Started process (PID=29007) to work on /home/airflow/.local/lib/python3.12/site-packages/airflow/example_dags/tutorial_dag.py
[2026-04-14T17:25:10.497+0000] {processor.py:914} INFO - Processing file /home/airflow/.local/lib/python3.12/site-packages/airflow/example_dags/tutorial_dag.py for tasks to queue
[2026-04-14T17:25:10.497+0000] {logging_mixin.py:190} INFO - [2026-04-14T17:25:10.497+0000] {dagbag.py:588} INFO - Filling up the DagBag from /home/airflow/.local/lib/python3.12/site-packages/airflow/example_dags/tutorial_dag.py
[2026-04-14T17:25:10.500+0000] {processor.py:925} INFO - DAG(s) 'tutorial_dag' retrieved from /home/airflow/.local/lib/python3.12/site-packages/airflow/example_dags/tutorial_dag.py
[2026-04-14T17:25:10.507+0000] {logging_mixin.py:190} INFO - [2026-04-14T17:25:10.507+0000] {dag.py:3239} INFO - Sync 1 DAGs
[2026-04-14T17:25:10.512+0000] {logging_mixin.py:190} INFO - [2026-04-14T17:25:10.512+0000] {dag.py:4180} INFO - Setting next_dagrun for tutorial_dag to None, run_after=None
[2026-04-14T17:25:10.517+0000] {processor.py:208} INFO - Processing /home/airflow/.local/lib/python3.12/site-packages/airflow/example_dags/tutorial_dag.py took 0.022 seconds
[2026-04-14T17:25:41.856+0000] {processor.py:186} INFO - Started process (PID=29071) to work on /home/airflow/.local/lib/python3.12/site-packages/airflow/example_dags/tutorial_dag.py
[2026-04-14T17:25:41.857+0000] {processor.py:914} INFO - Processing file /home/airflow/.local/lib/python3.12/site-packages/airflow/example_dags/tutorial_dag.py for tasks to queue
[2026-04-14T17:25:41.857+0000] {logging_mixin.py:190} INFO - [2026-04-14T17:25:41.857+0000] {dagbag.py:588} INFO - Filling up the DagBag from /home/airflow/.local/lib/python3.12/site-packages/airflow/example_dags/tutorial_dag.py
[2026-04-14T17:25:41.863+0000] {processor.py:925} INFO - DAG(s) 'tutorial_dag' retrieved from /home/airflow/.local/lib/python3.12/site-packages/airflow/example_dags/tutorial_dag.py
[2026-04-14T17:25:41.874+0000] {logging_mixin.py:190} INFO - [2026-04-14T17:25:41.874+0000] {dag.py:3239} INFO - Sync 1 DAGs
[2026-04-14T17:25:41.880+0000] {logging_mixin.py:190} INFO - [2026-04-14T17:25:41.880+0000] {dag.py:4180} INFO - Setting next_dagrun for tutorial_dag to None, run_after=None
[2026-04-14T17:25:41.888+0000] {processor.py:208} INFO - Processing /home/airflow/.local/lib/python3.12/site-packages/airflow/example_dags/tutorial_dag.py took 0.035 seconds
[2026-04-14T17:26:13.106+0000] {processor.py:186} INFO - Started process (PID=29135) to work on /home/airflow/.local/lib/python3.12/site-packages/airflow/example_dags/tutorial_dag.py
[2026-04-14T17:26:13.106+0000] {processor.py:914} INFO - Processing file /home/airflow/.local/lib/python3.12/site-packages/airflow/example_dags/tutorial_dag.py for tasks to queue
[2026-04-14T17:26:13.107+0000] {logging_mixin.py:190} INFO - [2026-04-14T17:26:13.107+0000] {dagbag.py:588} INFO - Filling up the DagBag from /home/airflow/.local/lib/python3.12/site-packages/airflow/example_dags/tutorial_dag.py
[2026-04-14T17:26:13.110+0000] {processor.py:925} INFO - DAG(s) 'tutorial_dag' retrieved from /home/airflow/.local/lib/python3.12/site-packages/airflow/example_dags/tutorial_dag.py
[2026-04-14T17:26:13.123+0000] {logging_mixin.py:190} INFO - [2026-04-14T17:26:13.123+0000] {dag.py:3239} INFO - Sync 1 DAGs
[2026-04-14T17:26:13.129+0000] {logging_mixin.py:190} INFO - [2026-04-14T17:26:13.129+0000] {dag.py:4180} INFO - Setting next_dagrun for tutorial_dag to None, run_after=None
[2026-04-14T17:26:13.137+0000] {processor.py:208} INFO - Processing /home/airflow/.local/lib/python3.12/site-packages/airflow/example_dags/tutorial_dag.py took 0.033 seconds
[2026-04-14T17:26:44.640+0000] {processor.py:186} INFO - Started process (PID=29199) to work on /home/airflow/.local/lib/python3.12/site-packages/airflow/example_dags/tutorial_dag.py
[2026-04-14T17:26:44.641+0000] {processor.py:914} INFO - Processing file /home/airflow/.local/lib/python3.12/site-packages/airflow/example_dags/tutorial_dag.py for tasks to queue
[2026-04-14T17:26:44.641+0000] {logging_mixin.py:190} INFO - [2026-04-14T17:26:44.641+0000] {dagbag.py:588} INFO - Filling up the DagBag from /home/airflow/.local/lib/python3.12/site-packages/airflow/example_dags/tutorial_dag.py
[2026-04-14T17:26:44.645+0000] {processor.py:925} INFO - DAG(s) 'tutorial_dag' retrieved from /home/airflow/.local/lib/python3.12/site-packages/airflow/example_dags/tutorial_dag.py
[2026-04-14T17:26:44.656+0000] {logging_mixin.py:190} INFO - [2026-04-14T17:26:44.655+0000] {dag.py:3239} INFO - Sync 1 DAGs
[2026-04-14T17:26:44.661+0000] {logging_mixin.py:190} INFO - [2026-04-14T17:26:44.661+0000] {dag.py:4180} INFO - Setting next_dagrun for tutorial_dag to None, run_after=None
[2026-04-14T17:26:44.672+0000] {processor.py:208} INFO - Processing /home/airflow/.local/lib/python3.12/site-packages/airflow/example_dags/tutorial_dag.py took 0.034 seconds
[2026-04-14T17:27:15.970+0000] {processor.py:186} INFO - Started process (PID=29263) to work on /home/airflow/.local/lib/python3.12/site-packages/airflow/example_dags/tutorial_dag.py
[2026-04-14T17:27:15.971+0000] {processor.py:914} INFO - Processing file /home/airflow/.local/lib/python3.12/site-packages/airflow/example_dags/tutorial_dag.py for tasks to queue
[2026-04-14T17:27:15.971+0000] {logging_mixin.py:190} INFO - [2026-04-14T17:27:15.971+0000] {dagbag.py:588} INFO - Filling up the DagBag from /home/airflow/.local/lib/python3.12/site-packages/airflow/example_dags/tutorial_dag.py
[2026-04-14T17:27:15.974+0000] {processor.py:925} INFO - DAG(s) 'tutorial_dag' retrieved from /home/airflow/.local/lib/python3.12/site-packages/airflow/example_dags/tutorial_dag.py
[2026-04-14T17:27:15.989+0000] {logging_mixin.py:190} INFO - [2026-04-14T17:27:15.989+0000] {dag.py:3239} INFO - Sync 1 DAGs
[2026-04-14T17:27:15.996+0000] {logging_mixin.py:190} INFO - [2026-04-14T17:27:15.995+0000] {dag.py:4180} INFO - Setting next_dagrun for tutorial_dag to None, run_after=None
[2026-04-14T17:27:16.004+0000] {processor.py:208} INFO - Processing /home/airflow/.local/lib/python3.12/site-packages/airflow/example_dags/tutorial_dag.py took 0.036 seconds
[2026-04-14T17:27:46.601+0000] {processor.py:186} INFO - Started process (PID=29327) to work on /home/airflow/.local/lib/python3.12/site-packages/airflow/example_dags/tutorial_dag.py
[2026-04-14T17:27:46.602+0000] {processor.py:914} INFO - Processing file /home/airflow/.local/lib/python3.12/site-packages/airflow/example_dags/tutorial_dag.py for tasks to queue
[2026-04-14T17:27:46.602+0000] {logging_mixin.py:190} INFO - [2026-04-14T17:27:46.602+0000] {dagbag.py:588} INFO - Filling up the DagBag from /home/airflow/.local/lib/python3.12/site-packages/airflow/example_dags/tutorial_dag.py
[2026-04-14T17:27:46.606+0000] {processor.py:925} INFO - DAG(s) 'tutorial_dag' retrieved from /home/airflow/.local/lib/python3.12/site-packages/airflow/example_dags/tutorial_dag.py
[2026-04-14T17:27:46.621+0000] {logging_mixin.py:190} INFO - [2026-04-14T17:27:46.621+0000] {dag.py:3239} INFO - Sync 1 DAGs
[2026-04-14T17:27:46.629+0000] {logging_mixin.py:190} INFO - [2026-04-14T17:27:46.629+0000] {dag.py:4180} INFO - Setting next_dagrun for tutorial_dag to None, run_after=None
[2026-04-14T17:27:46.637+0000] {processor.py:208} INFO - Processing /home/airflow/.local/lib/python3.12/site-packages/airflow/example_dags/tutorial_dag.py took 0.039 seconds
[2026-04-14T17:28:16.894+0000] {processor.py:186} INFO - Started process (PID=29391) to work on /home/airflow/.local/lib/python3.12/site-packages/airflow/example_dags/tutorial_dag.py
[2026-04-14T17:28:16.895+0000] {processor.py:914} INFO - Processing file /home/airflow/.local/lib/python3.12/site-packages/airflow/example_dags/tutorial_dag.py for tasks to queue
[2026-04-14T17:28:16.896+0000] {logging_mixin.py:190} INFO - [2026-04-14T17:28:16.896+0000] {dagbag.py:588} INFO - Filling up the DagBag from /home/airflow/.local/lib/python3.12/site-packages/airflow/example_dags/tutorial_dag.py
[2026-04-14T17:28:16.901+0000] {processor.py:925} INFO - DAG(s) 'tutorial_dag' retrieved from /home/airflow/.local/lib/python3.12/site-packages/airflow/example_dags/tutorial_dag.py
[2026-04-14T17:28:16.913+0000] {logging_mixin.py:190} INFO - [2026-04-14T17:28:16.913+0000] {dag.py:3239} INFO - Sync 1 DAGs
[2026-04-14T17:28:16.920+0000] {logging_mixin.py:190} INFO - [2026-04-14T17:28:16.920+0000] {dag.py:4180} INFO - Setting next_dagrun for tutorial_dag to None, run_after=None
[2026-04-14T17:28:16.929+0000] {processor.py:208} INFO - Processing /home/airflow/.local/lib/python3.12/site-packages/airflow/example_dags/tutorial_dag.py took 0.037 seconds
[2026-04-14T17:28:47.321+0000] {processor.py:186} INFO - Started process (PID=29455) to work on /home/airflow/.local/lib/python3.12/site-packages/airflow/example_dags/tutorial_dag.py
[2026-04-14T17:28:47.322+0000] {processor.py:914} INFO - Processing file /home/airflow/.local/lib/python3.12/site-packages/airflow/example_dags/tutorial_dag.py for tasks to queue
[2026-04-14T17:28:47.323+0000] {logging_mixin.py:190} INFO - [2026-04-14T17:28:47.323+0000] {dagbag.py:588} INFO - Filling up the DagBag from /home/airflow/.local/lib/python3.12/site-packages/airflow/example_dags/tutorial_dag.py
[2026-04-14T17:28:47.327+0000] {processor.py:925} INFO - DAG(s) 'tutorial_dag' retrieved from /home/airflow/.local/lib/python3.12/site-packages/airflow/example_dags/tutorial_dag.py
[2026-04-14T17:28:47.337+0000] {logging_mixin.py:190} INFO - [2026-04-14T17:28:47.337+0000] {dag.py:3239} INFO - Sync 1 DAGs
[2026-04-14T17:28:47.343+0000] {logging_mixin.py:190} INFO - [2026-04-14T17:28:47.343+0000] {dag.py:4180} INFO - Setting next_dagrun for tutorial_dag to None, run_after=None
[2026-04-14T17:28:47.353+0000] {processor.py:208} INFO - Processing /home/airflow/.local/lib/python3.12/site-packages/airflow/example_dags/tutorial_dag.py took 0.034 seconds
[2026-04-14T17:29:17.625+0000] {processor.py:186} INFO - Started process (PID=29519) to work on /home/airflow/.local/lib/python3.12/site-packages/airflow/example_dags/tutorial_dag.py
[2026-04-14T17:29:17.625+0000] {processor.py:914} INFO - Processing file /home/airflow/.local/lib/python3.12/site-packages/airflow/example_dags/tutorial_dag.py for tasks to queue
[2026-04-14T17:29:17.626+0000] {logging_mixin.py:190} INFO - [2026-04-14T17:29:17.626+0000] {dagbag.py:588} INFO - Filling up the DagBag from /home/airflow/.local/lib/python3.12/site-packages/airflow/example_dags/tutorial_dag.py
[2026-04-14T17:29:17.629+0000] {processor.py:925} INFO - DAG(s) 'tutorial_dag' retrieved from /home/airflow/.local/lib/python3.12/site-packages/airflow/example_dags/tutorial_dag.py
[2026-04-14T17:29:17.637+0000] {logging_mixin.py:190} INFO - [2026-04-14T17:29:17.637+0000] {dag.py:3239} INFO - Sync 1 DAGs
[2026-04-14T17:29:17.642+0000] {logging_mixin.py:190} INFO - [2026-04-14T17:29:17.642+0000] {dag.py:4180} INFO - Setting next_dagrun for tutorial_dag to None, run_after=None
[2026-04-14T17:29:17.648+0000] {processor.py:208} INFO - Processing /home/airflow/.local/lib/python3.12/site-packages/airflow/example_dags/tutorial_dag.py took 0.025 seconds
[2026-04-14T17:29:47.935+0000] {processor.py:186} INFO - Started process (PID=29583) to work on /home/airflow/.local/lib/python3.12/site-packages/airflow/example_dags/tutorial_dag.py
[2026-04-14T17:29:47.936+0000] {processor.py:914} INFO - Processing file /home/airflow/.local/lib/python3.12/site-packages/airflow/example_dags/tutorial_dag.py for tasks to queue
[2026-04-14T17:29:47.936+0000] {logging_mixin.py:190} INFO - [2026-04-14T17:29:47.936+0000] {dagbag.py:588} INFO - Filling up the DagBag from /home/airflow/.local/lib/python3.12/site-packages/airflow/example_dags/tutorial_dag.py
[2026-04-14T17:29:47.939+0000] {processor.py:925} INFO - DAG(s) 'tutorial_dag' retrieved from /home/airflow/.local/lib/python3.12/site-packages/airflow/example_dags/tutorial_dag.py
[2026-04-14T17:29:47.946+0000] {logging_mixin.py:190} INFO - [2026-04-14T17:29:47.946+0000] {dag.py:3239} INFO - Sync 1 DAGs
[2026-04-14T17:29:47.951+0000] {logging_mixin.py:190} INFO - [2026-04-14T17:29:47.951+0000] {dag.py:4180} INFO - Setting next_dagrun for tutorial_dag to None, run_after=None
[2026-04-14T17:29:47.962+0000] {processor.py:208} INFO - Processing /home/airflow/.local/lib/python3.12/site-packages/airflow/example_dags/tutorial_dag.py took 0.029 seconds
[2026-04-14T17:30:18.198+0000] {processor.py:186} INFO - Started process (PID=29647) to work on /home/airflow/.local/lib/python3.12/site-packages/airflow/example_dags/tutorial_dag.py
[2026-04-14T17:30:18.199+0000] {processor.py:914} INFO - Processing file /home/airflow/.local/lib/python3.12/site-packages/airflow/example_dags/tutorial_dag.py for tasks to queue
[2026-04-14T17:30:18.199+0000] {logging_mixin.py:190} INFO - [2026-04-14T17:30:18.199+0000] {dagbag.py:588} INFO - Filling up the DagBag from /home/airflow/.local/lib/python3.12/site-packages/airflow/example_dags/tutorial_dag.py
[2026-04-14T17:30:18.202+0000] {processor.py:925} INFO - DAG(s) 'tutorial_dag' retrieved from /home/airflow/.local/lib/python3.12/site-packages/airflow/example_dags/tutorial_dag.py
[2026-04-14T17:30:18.210+0000] {logging_mixin.py:190} INFO - [2026-04-14T17:30:18.210+0000] {dag.py:3239} INFO - Sync 1 DAGs
[2026-04-14T17:30:18.215+0000] {logging_mixin.py:190} INFO - [2026-04-14T17:30:18.215+0000] {dag.py:4180} INFO - Setting next_dagrun for tutorial_dag to None, run_after=None
[2026-04-14T17:30:18.221+0000] {processor.py:208} INFO - Processing /home/airflow/.local/lib/python3.12/site-packages/airflow/example_dags/tutorial_dag.py took 0.025 seconds
[2026-04-14T17:30:49.411+0000] {processor.py:186} INFO - Started process (PID=29711) to work on /home/airflow/.local/lib/python3.12/site-packages/airflow/example_dags/tutorial_dag.py
[2026-04-14T17:30:49.412+0000] {processor.py:914} INFO - Processing file /home/airflow/.local/lib/python3.12/site-packages/airflow/example_dags/tutorial_dag.py for tasks to queue
[2026-04-14T17:30:49.412+0000] {logging_mixin.py:190} INFO - [2026-04-14T17:30:49.412+0000] {dagbag.py:588} INFO - Filling up the DagBag from /home/airflow/.local/lib/python3.12/site-packages/airflow/example_dags/tutorial_dag.py
[2026-04-14T17:30:49.417+0000] {processor.py:925} INFO - DAG(s) 'tutorial_dag' retrieved from /home/airflow/.local/lib/python3.12/site-packages/airflow/example_dags/tutorial_dag.py
[2026-04-14T17:30:49.426+0000] {logging_mixin.py:190} INFO - [2026-04-14T17:30:49.426+0000] {dag.py:3239} INFO - Sync 1 DAGs
[2026-04-14T17:30:49.433+0000] {logging_mixin.py:190} INFO - [2026-04-14T17:30:49.433+0000] {dag.py:4180} INFO - Setting next_dagrun for tutorial_dag to None, run_after=None
[2026-04-14T17:30:49.441+0000] {processor.py:208} INFO - Processing /home/airflow/.local/lib/python3.12/site-packages/airflow/example_dags/tutorial_dag.py took 0.032 seconds
[2026-04-14T17:31:20.669+0000] {processor.py:186} INFO - Started process (PID=29775) to work on /home/airflow/.local/lib/python3.12/site-packages/airflow/example_dags/tutorial_dag.py
[2026-04-14T17:31:20.669+0000] {processor.py:914} INFO - Processing file /home/airflow/.local/lib/python3.12/site-packages/airflow/example_dags/tutorial_dag.py for tasks to queue
[2026-04-14T17:31:20.670+0000] {logging_mixin.py:190} INFO - [2026-04-14T17:31:20.670+0000] {dagbag.py:588} INFO - Filling up the DagBag from /home/airflow/.local/lib/python3.12/site-packages/airflow/example_dags/tutorial_dag.py
[2026-04-14T17:31:20.673+0000] {processor.py:925} INFO - DAG(s) 'tutorial_dag' retrieved from /home/airflow/.local/lib/python3.12/site-packages/airflow/example_dags/tutorial_dag.py
[2026-04-14T17:31:20.681+0000] {logging_mixin.py:190} INFO - [2026-04-14T17:31:20.681+0000] {dag.py:3239} INFO - Sync 1 DAGs
[2026-04-14T17:31:20.686+0000] {logging_mixin.py:190} INFO - [2026-04-14T17:31:20.686+0000] {dag.py:4180} INFO - Setting next_dagrun for tutorial_dag to None, run_after=None
[2026-04-14T17:31:20.695+0000] {processor.py:208} INFO - Processing /home/airflow/.local/lib/python3.12/site-packages/airflow/example_dags/tutorial_dag.py took 0.029 seconds
[2026-04-14T17:31:50.990+0000] {processor.py:186} INFO - Started process (PID=29839) to work on /home/airflow/.local/lib/python3.12/site-packages/airflow/example_dags/tutorial_dag.py
[2026-04-14T17:31:50.990+0000] {processor.py:914} INFO - Processing file /home/airflow/.local/lib/python3.12/site-packages/airflow/example_dags/tutorial_dag.py for tasks to queue
[2026-04-14T17:31:50.991+0000] {logging_mixin.py:190} INFO - [2026-04-14T17:31:50.990+0000] {dagbag.py:588} INFO - Filling up the DagBag from /home/airflow/.local/lib/python3.12/site-packages/airflow/example_dags/tutorial_dag.py
[2026-04-14T17:31:50.994+0000] {processor.py:925} INFO - DAG(s) 'tutorial_dag' retrieved from /home/airflow/.local/lib/python3.12/site-packages/airflow/example_dags/tutorial_dag.py
[2026-04-14T17:31:51.000+0000] {logging_mixin.py:190} INFO - [2026-04-14T17:31:51.000+0000] {dag.py:3239} INFO - Sync 1 DAGs
[2026-04-14T17:31:51.008+0000] {logging_mixin.py:190} INFO - [2026-04-14T17:31:51.008+0000] {dag.py:4180} INFO - Setting next_dagrun for tutorial_dag to None, run_after=None
[2026-04-14T17:31:51.017+0000] {processor.py:208} INFO - Processing /home/airflow/.local/lib/python3.12/site-packages/airflow/example_dags/tutorial_dag.py took 0.030 seconds
[2026-04-14T17:32:22.249+0000] {processor.py:186} INFO - Started process (PID=29903) to work on /home/airflow/.local/lib/python3.12/site-packages/airflow/example_dags/tutorial_dag.py
[2026-04-14T17:32:22.250+0000] {processor.py:914} INFO - Processing file /home/airflow/.local/lib/python3.12/site-packages/airflow/example_dags/tutorial_dag.py for tasks to queue
[2026-04-14T17:32:22.251+0000] {logging_mixin.py:190} INFO - [2026-04-14T17:32:22.251+0000] {dagbag.py:588} INFO - Filling up the DagBag from /home/airflow/.local/lib/python3.12/site-packages/airflow/example_dags/tutorial_dag.py
[2026-04-14T17:32:22.253+0000] {processor.py:925} INFO - DAG(s) 'tutorial_dag' retrieved from /home/airflow/.local/lib/python3.12/site-packages/airflow/example_dags/tutorial_dag.py
[2026-04-14T17:32:22.266+0000] {logging_mixin.py:190} INFO - [2026-04-14T17:32:22.266+0000] {dag.py:3239} INFO - Sync 1 DAGs
[2026-04-14T17:32:22.272+0000] {logging_mixin.py:190} INFO - [2026-04-14T17:32:22.272+0000] {dag.py:4180} INFO - Setting next_dagrun for tutorial_dag to None, run_after=None
[2026-04-14T17:32:22.280+0000] {processor.py:208} INFO - Processing /home/airflow/.local/lib/python3.12/site-packages/airflow/example_dags/tutorial_dag.py took 0.033 seconds
[2026-04-14T17:32:52.734+0000] {processor.py:186} INFO - Started process (PID=29967) to work on /home/airflow/.local/lib/python3.12/site-packages/airflow/example_dags/tutorial_dag.py
[2026-04-14T17:32:52.734+0000] {processor.py:914} INFO - Processing file /home/airflow/.local/lib/python3.12/site-packages/airflow/example_dags/tutorial_dag.py for tasks to queue
[2026-04-14T17:32:52.735+0000] {logging_mixin.py:190} INFO - [2026-04-14T17:32:52.735+0000] {dagbag.py:588} INFO - Filling up the DagBag from /home/airflow/.local/lib/python3.12/site-packages/airflow/example_dags/tutorial_dag.py
[2026-04-14T17:32:52.737+0000] {processor.py:925} INFO - DAG(s) 'tutorial_dag' retrieved from /home/airflow/.local/lib/python3.12/site-packages/airflow/example_dags/tutorial_dag.py
[2026-04-14T17:32:52.744+0000] {logging_mixin.py:190} INFO - [2026-04-14T17:32:52.744+0000] {dag.py:3239} INFO - Sync 1 DAGs
[2026-04-14T17:32:52.748+0000] {logging_mixin.py:190} INFO - [2026-04-14T17:32:52.748+0000] {dag.py:4180} INFO - Setting next_dagrun for tutorial_dag to None, run_after=None
[2026-04-14T17:32:52.753+0000] {processor.py:208} INFO - Processing /home/airflow/.local/lib/python3.12/site-packages/airflow/example_dags/tutorial_dag.py took 0.022 seconds
[2026-04-14T17:33:23.437+0000] {processor.py:186} INFO - Started process (PID=30031) to work on /home/airflow/.local/lib/python3.12/site-packages/airflow/example_dags/tutorial_dag.py
[2026-04-14T17:33:23.438+0000] {processor.py:914} INFO - Processing file /home/airflow/.local/lib/python3.12/site-packages/airflow/example_dags/tutorial_dag.py for tasks to queue
[2026-04-14T17:33:23.438+0000] {logging_mixin.py:190} INFO - [2026-04-14T17:33:23.438+0000] {dagbag.py:588} INFO - Filling up the DagBag from /home/airflow/.local/lib/python3.12/site-packages/airflow/example_dags/tutorial_dag.py
[2026-04-14T17:33:23.442+0000] {processor.py:925} INFO - DAG(s) 'tutorial_dag' retrieved from /home/airflow/.local/lib/python3.12/site-packages/airflow/example_dags/tutorial_dag.py
[2026-04-14T17:33:23.458+0000] {logging_mixin.py:190} INFO - [2026-04-14T17:33:23.458+0000] {dag.py:3239} INFO - Sync 1 DAGs
[2026-04-14T17:33:23.464+0000] {logging_mixin.py:190} INFO - [2026-04-14T17:33:23.464+0000] {dag.py:4180} INFO - Setting next_dagrun for tutorial_dag to None, run_after=None
[2026-04-14T17:33:23.476+0000] {processor.py:208} INFO - Processing /home/airflow/.local/lib/python3.12/site-packages/airflow/example_dags/tutorial_dag.py took 0.042 seconds
[2026-04-14T17:33:54.078+0000] {processor.py:186} INFO - Started process (PID=30095) to work on /home/airflow/.local/lib/python3.12/site-packages/airflow/example_dags/tutorial_dag.py
[2026-04-14T17:33:54.079+0000] {processor.py:914} INFO - Processing file /home/airflow/.local/lib/python3.12/site-packages/airflow/example_dags/tutorial_dag.py for tasks to queue
[2026-04-14T17:33:54.079+0000] {logging_mixin.py:190} INFO - [2026-04-14T17:33:54.079+0000] {dagbag.py:588} INFO - Filling up the DagBag from /home/airflow/.local/lib/python3.12/site-packages/airflow/example_dags/tutorial_dag.py
[2026-04-14T17:33:54.085+0000] {processor.py:925} INFO - DAG(s) 'tutorial_dag' retrieved from /home/airflow/.local/lib/python3.12/site-packages/airflow/example_dags/tutorial_dag.py
[2026-04-14T17:33:54.095+0000] {logging_mixin.py:190} INFO - [2026-04-14T17:33:54.095+0000] {dag.py:3239} INFO - Sync 1 DAGs
[2026-04-14T17:33:54.101+0000] {logging_mixin.py:190} INFO - [2026-04-14T17:33:54.100+0000] {dag.py:4180} INFO - Setting next_dagrun for tutorial_dag to None, run_after=None
[2026-04-14T17:33:54.107+0000] {processor.py:208} INFO - Processing /home/airflow/.local/lib/python3.12/site-packages/airflow/example_dags/tutorial_dag.py took 0.032 seconds
[2026-04-14T17:34:24.803+0000] {processor.py:186} INFO - Started process (PID=30159) to work on /home/airflow/.local/lib/python3.12/site-packages/airflow/example_dags/tutorial_dag.py
[2026-04-14T17:34:24.803+0000] {processor.py:914} INFO - Processing file /home/airflow/.local/lib/python3.12/site-packages/airflow/example_dags/tutorial_dag.py for tasks to queue
[2026-04-14T17:34:24.804+0000] {logging_mixin.py:190} INFO - [2026-04-14T17:34:24.804+0000] {dagbag.py:588} INFO - Filling up the DagBag from /home/airflow/.local/lib/python3.12/site-packages/airflow/example_dags/tutorial_dag.py
[2026-04-14T17:34:24.809+0000] {processor.py:925} INFO - DAG(s) 'tutorial_dag' retrieved from /home/airflow/.local/lib/python3.12/site-packages/airflow/example_dags/tutorial_dag.py
[2026-04-14T17:34:24.820+0000] {logging_mixin.py:190} INFO - [2026-04-14T17:34:24.820+0000] {dag.py:3239} INFO - Sync 1 DAGs
[2026-04-14T17:34:24.826+0000] {logging_mixin.py:190} INFO - [2026-04-14T17:34:24.826+0000] {dag.py:4180} INFO - Setting next_dagrun for tutorial_dag to None, run_after=None
[2026-04-14T17:34:24.836+0000] {processor.py:208} INFO - Processing /home/airflow/.local/lib/python3.12/site-packages/airflow/example_dags/tutorial_dag.py took 0.037 seconds
[2026-04-14T17:34:55.359+0000] {processor.py:186} INFO - Started process (PID=30223) to work on /home/airflow/.local/lib/python3.12/site-packages/airflow/example_dags/tutorial_dag.py
[2026-04-14T17:34:55.360+0000] {processor.py:914} INFO - Processing file /home/airflow/.local/lib/python3.12/site-packages/airflow/example_dags/tutorial_dag.py for tasks to queue
[2026-04-14T17:34:55.360+0000] {logging_mixin.py:190} INFO - [2026-04-14T17:34:55.360+0000] {dagbag.py:588} INFO - Filling up the DagBag from /home/airflow/.local/lib/python3.12/site-packages/airflow/example_dags/tutorial_dag.py
[2026-04-14T17:34:55.363+0000] {processor.py:925} INFO - DAG(s) 'tutorial_dag' retrieved from /home/airflow/.local/lib/python3.12/site-packages/airflow/example_dags/tutorial_dag.py
[2026-04-14T17:34:55.369+0000] {logging_mixin.py:190} INFO - [2026-04-14T17:34:55.369+0000] {dag.py:3239} INFO - Sync 1 DAGs
[2026-04-14T17:34:55.374+0000] {logging_mixin.py:190} INFO - [2026-04-14T17:34:55.374+0000] {dag.py:4180} INFO - Setting next_dagrun for tutorial_dag to None, run_after=None
[2026-04-14T17:34:55.379+0000] {processor.py:208} INFO - Processing /home/airflow/.local/lib/python3.12/site-packages/airflow/example_dags/tutorial_dag.py took 0.022 seconds
[2026-04-14T17:35:26.686+0000] {processor.py:186} INFO - Started process (PID=30287) to work on /home/airflow/.local/lib/python3.12/site-packages/airflow/example_dags/tutorial_dag.py
[2026-04-14T17:35:26.686+0000] {processor.py:914} INFO - Processing file /home/airflow/.local/lib/python3.12/site-packages/airflow/example_dags/tutorial_dag.py for tasks to queue
[2026-04-14T17:35:26.686+0000] {logging_mixin.py:190} INFO - [2026-04-14T17:35:26.686+0000] {dagbag.py:588} INFO - Filling up the DagBag from /home/airflow/.local/lib/python3.12/site-packages/airflow/example_dags/tutorial_dag.py
[2026-04-14T17:35:26.690+0000] {processor.py:925} INFO - DAG(s) 'tutorial_dag' retrieved from /home/airflow/.local/lib/python3.12/site-packages/airflow/example_dags/tutorial_dag.py
[2026-04-14T17:35:26.700+0000] {logging_mixin.py:190} INFO - [2026-04-14T17:35:26.700+0000] {dag.py:3239} INFO - Sync 1 DAGs
[2026-04-14T17:35:26.707+0000] {logging_mixin.py:190} INFO - [2026-04-14T17:35:26.707+0000] {dag.py:4180} INFO - Setting next_dagrun for tutorial_dag to None, run_after=None
[2026-04-14T17:35:26.716+0000] {processor.py:208} INFO - Processing /home/airflow/.local/lib/python3.12/site-packages/airflow/example_dags/tutorial_dag.py took 0.033 seconds
[2026-04-14T17:35:57.883+0000] {processor.py:186} INFO - Started process (PID=30352) to work on /home/airflow/.local/lib/python3.12/site-packages/airflow/example_dags/tutorial_dag.py
[2026-04-14T17:35:57.883+0000] {processor.py:914} INFO - Processing file /home/airflow/.local/lib/python3.12/site-packages/airflow/example_dags/tutorial_dag.py for tasks to queue
[2026-04-14T17:35:57.884+0000] {logging_mixin.py:190} INFO - [2026-04-14T17:35:57.884+0000] {dagbag.py:588} INFO - Filling up the DagBag from /home/airflow/.local/lib/python3.12/site-packages/airflow/example_dags/tutorial_dag.py
[2026-04-14T17:35:57.887+0000] {processor.py:925} INFO - DAG(s) 'tutorial_dag' retrieved from /home/airflow/.local/lib/python3.12/site-packages/airflow/example_dags/tutorial_dag.py
[2026-04-14T17:35:57.900+0000] {logging_mixin.py:190} INFO - [2026-04-14T17:35:57.900+0000] {dag.py:3239} INFO - Sync 1 DAGs
[2026-04-14T17:35:57.907+0000] {logging_mixin.py:190} INFO - [2026-04-14T17:35:57.907+0000] {dag.py:4180} INFO - Setting next_dagrun for tutorial_dag to None, run_after=None
[2026-04-14T17:35:57.914+0000] {processor.py:208} INFO - Processing /home/airflow/.local/lib/python3.12/site-packages/airflow/example_dags/tutorial_dag.py took 0.034 seconds
[2026-04-14T17:36:29.323+0000] {processor.py:186} INFO - Started process (PID=30416) to work on /home/airflow/.local/lib/python3.12/site-packages/airflow/example_dags/tutorial_dag.py
[2026-04-14T17:36:29.323+0000] {processor.py:914} INFO - Processing file /home/airflow/.local/lib/python3.12/site-packages/airflow/example_dags/tutorial_dag.py for tasks to queue
[2026-04-14T17:36:29.324+0000] {logging_mixin.py:190} INFO - [2026-04-14T17:36:29.324+0000] {dagbag.py:588} INFO - Filling up the DagBag from /home/airflow/.local/lib/python3.12/site-packages/airflow/example_dags/tutorial_dag.py
[2026-04-14T17:36:29.326+0000] {processor.py:925} INFO - DAG(s) 'tutorial_dag' retrieved from /home/airflow/.local/lib/python3.12/site-packages/airflow/example_dags/tutorial_dag.py
[2026-04-14T17:36:29.333+0000] {logging_mixin.py:190} INFO - [2026-04-14T17:36:29.333+0000] {dag.py:3239} INFO - Sync 1 DAGs
[2026-04-14T17:36:29.337+0000] {logging_mixin.py:190} INFO - [2026-04-14T17:36:29.337+0000] {dag.py:4180} INFO - Setting next_dagrun for tutorial_dag to None, run_after=None
[2026-04-14T17:36:29.342+0000] {processor.py:208} INFO - Processing /home/airflow/.local/lib/python3.12/site-packages/airflow/example_dags/tutorial_dag.py took 0.021 seconds
[2026-04-14T17:37:00.500+0000] {processor.py:186} INFO - Started process (PID=30480) to work on /home/airflow/.local/lib/python3.12/site-packages/airflow/example_dags/tutorial_dag.py
[2026-04-14T17:37:00.500+0000] {processor.py:914} INFO - Processing file /home/airflow/.local/lib/python3.12/site-packages/airflow/example_dags/tutorial_dag.py for tasks to queue
[2026-04-14T17:37:00.500+0000] {logging_mixin.py:190} INFO - [2026-04-14T17:37:00.500+0000] {dagbag.py:588} INFO - Filling up the DagBag from /home/airflow/.local/lib/python3.12/site-packages/airflow/example_dags/tutorial_dag.py
[2026-04-14T17:37:00.503+0000] {processor.py:925} INFO - DAG(s) 'tutorial_dag' retrieved from /home/airflow/.local/lib/python3.12/site-packages/airflow/example_dags/tutorial_dag.py
[2026-04-14T17:37:00.510+0000] {logging_mixin.py:190} INFO - [2026-04-14T17:37:00.509+0000] {dag.py:3239} INFO - Sync 1 DAGs
[2026-04-14T17:37:00.514+0000] {logging_mixin.py:190} INFO - [2026-04-14T17:37:00.514+0000] {dag.py:4180} INFO - Setting next_dagrun for tutorial_dag to None, run_after=None
[2026-04-14T17:37:00.519+0000] {processor.py:208} INFO - Processing /home/airflow/.local/lib/python3.12/site-packages/airflow/example_dags/tutorial_dag.py took 0.021 seconds
[2026-04-14T17:37:31.369+0000] {processor.py:186} INFO - Started process (PID=30544) to work on /home/airflow/.local/lib/python3.12/site-packages/airflow/example_dags/tutorial_dag.py
[2026-04-14T17:37:31.369+0000] {processor.py:914} INFO - Processing file /home/airflow/.local/lib/python3.12/site-packages/airflow/example_dags/tutorial_dag.py for tasks to queue
[2026-04-14T17:37:31.370+0000] {logging_mixin.py:190} INFO - [2026-04-14T17:37:31.370+0000] {dagbag.py:588} INFO - Filling up the DagBag from /home/airflow/.local/lib/python3.12/site-packages/airflow/example_dags/tutorial_dag.py
[2026-04-14T17:37:31.375+0000] {processor.py:925} INFO - DAG(s) 'tutorial_dag' retrieved from /home/airflow/.local/lib/python3.12/site-packages/airflow/example_dags/tutorial_dag.py
[2026-04-14T17:37:31.387+0000] {logging_mixin.py:190} INFO - [2026-04-14T17:37:31.387+0000] {dag.py:3239} INFO - Sync 1 DAGs
[2026-04-14T17:37:31.396+0000] {logging_mixin.py:190} INFO - [2026-04-14T17:37:31.396+0000] {dag.py:4180} INFO - Setting next_dagrun for tutorial_dag to None, run_after=None
[2026-04-14T17:37:31.412+0000] {processor.py:208} INFO - Processing /home/airflow/.local/lib/python3.12/site-packages/airflow/example_dags/tutorial_dag.py took 0.049 seconds
[2026-04-14T17:38:02.368+0000] {processor.py:186} INFO - Started process (PID=30608) to work on /home/airflow/.local/lib/python3.12/site-packages/airflow/example_dags/tutorial_dag.py
[2026-04-14T17:38:02.369+0000] {processor.py:914} INFO - Processing file /home/airflow/.local/lib/python3.12/site-packages/airflow/example_dags/tutorial_dag.py for tasks to queue
[2026-04-14T17:38:02.369+0000] {logging_mixin.py:190} INFO - [2026-04-14T17:38:02.369+0000] {dagbag.py:588} INFO - Filling up the DagBag from /home/airflow/.local/lib/python3.12/site-packages/airflow/example_dags/tutorial_dag.py
[2026-04-14T17:38:02.372+0000] {processor.py:925} INFO - DAG(s) 'tutorial_dag' retrieved from /home/airflow/.local/lib/python3.12/site-packages/airflow/example_dags/tutorial_dag.py
[2026-04-14T17:38:02.379+0000] {logging_mixin.py:190} INFO - [2026-04-14T17:38:02.379+0000] {dag.py:3239} INFO - Sync 1 DAGs
[2026-04-14T17:38:02.383+0000] {logging_mixin.py:190} INFO - [2026-04-14T17:38:02.383+0000] {dag.py:4180} INFO - Setting next_dagrun for tutorial_dag to None, run_after=None
[2026-04-14T17:38:02.388+0000] {processor.py:208} INFO - Processing /home/airflow/.local/lib/python3.12/site-packages/airflow/example_dags/tutorial_dag.py took 0.022 seconds
[2026-04-14T17:38:32.762+0000] {processor.py:186} INFO - Started process (PID=30672) to work on /home/airflow/.local/lib/python3.12/site-packages/airflow/example_dags/tutorial_dag.py
[2026-04-14T17:38:32.762+0000] {processor.py:914} INFO - Processing file /home/airflow/.local/lib/python3.12/site-packages/airflow/example_dags/tutorial_dag.py for tasks to queue
[2026-04-14T17:38:32.763+0000] {logging_mixin.py:190} INFO - [2026-04-14T17:38:32.763+0000] {dagbag.py:588} INFO - Filling up the DagBag from /home/airflow/.local/lib/python3.12/site-packages/airflow/example_dags/tutorial_dag.py
[2026-04-14T17:38:32.767+0000] {processor.py:925} INFO - DAG(s) 'tutorial_dag' retrieved from /home/airflow/.local/lib/python3.12/site-packages/airflow/example_dags/tutorial_dag.py
[2026-04-14T17:38:32.776+0000] {logging_mixin.py:190} INFO - [2026-04-14T17:38:32.775+0000] {dag.py:3239} INFO - Sync 1 DAGs
[2026-04-14T17:38:32.781+0000] {logging_mixin.py:190} INFO - [2026-04-14T17:38:32.781+0000] {dag.py:4180} INFO - Setting next_dagrun for tutorial_dag to None, run_after=None
[2026-04-14T17:38:32.792+0000] {processor.py:208} INFO - Processing /home/airflow/.local/lib/python3.12/site-packages/airflow/example_dags/tutorial_dag.py took 0.033 seconds
[2026-04-14T17:39:03.089+0000] {processor.py:186} INFO - Started process (PID=30736) to work on /home/airflow/.local/lib/python3.12/site-packages/airflow/example_dags/tutorial_dag.py
[2026-04-14T17:39:03.089+0000] {processor.py:914} INFO - Processing file /home/airflow/.local/lib/python3.12/site-packages/airflow/example_dags/tutorial_dag.py for tasks to queue
[2026-04-14T17:39:03.090+0000] {logging_mixin.py:190} INFO - [2026-04-14T17:39:03.089+0000] {dagbag.py:588} INFO - Filling up the DagBag from /home/airflow/.local/lib/python3.12/site-packages/airflow/example_dags/tutorial_dag.py
[2026-04-14T17:39:03.093+0000] {processor.py:925} INFO - DAG(s) 'tutorial_dag' retrieved from /home/airflow/.local/lib/python3.12/site-packages/airflow/example_dags/tutorial_dag.py
[2026-04-14T17:39:03.100+0000] {logging_mixin.py:190} INFO - [2026-04-14T17:39:03.100+0000] {dag.py:3239} INFO - Sync 1 DAGs
[2026-04-14T17:39:03.105+0000] {logging_mixin.py:190} INFO - [2026-04-14T17:39:03.105+0000] {dag.py:4180} INFO - Setting next_dagrun for tutorial_dag to None, run_after=None
[2026-04-14T17:39:03.111+0000] {processor.py:208} INFO - Processing /home/airflow/.local/lib/python3.12/site-packages/airflow/example_dags/tutorial_dag.py took 0.024 seconds
[2026-04-14T17:39:33.728+0000] {processor.py:186} INFO - Started process (PID=30800) to work on /home/airflow/.local/lib/python3.12/site-packages/airflow/example_dags/tutorial_dag.py
[2026-04-14T17:39:33.728+0000] {processor.py:914} INFO - Processing file /home/airflow/.local/lib/python3.12/site-packages/airflow/example_dags/tutorial_dag.py for tasks to queue
[2026-04-14T17:39:33.729+0000] {logging_mixin.py:190} INFO - [2026-04-14T17:39:33.728+0000] {dagbag.py:588} INFO - Filling up the DagBag from /home/airflow/.local/lib/python3.12/site-packages/airflow/example_dags/tutorial_dag.py
[2026-04-14T17:39:33.732+0000] {processor.py:925} INFO - DAG(s) 'tutorial_dag' retrieved from /home/airflow/.local/lib/python3.12/site-packages/airflow/example_dags/tutorial_dag.py
[2026-04-14T17:39:33.738+0000] {logging_mixin.py:190} INFO - [2026-04-14T17:39:33.738+0000] {dag.py:3239} INFO - Sync 1 DAGs
[2026-04-14T17:39:33.743+0000] {logging_mixin.py:190} INFO - [2026-04-14T17:39:33.743+0000] {dag.py:4180} INFO - Setting next_dagrun for tutorial_dag to None, run_after=None
[2026-04-14T17:39:33.748+0000] {processor.py:208} INFO - Processing /home/airflow/.local/lib/python3.12/site-packages/airflow/example_dags/tutorial_dag.py took 0.022 seconds
[2026-04-14T17:40:04.130+0000] {processor.py:186} INFO - Started process (PID=30864) to work on /home/airflow/.local/lib/python3.12/site-packages/airflow/example_dags/tutorial_dag.py
[2026-04-14T17:40:04.130+0000] {processor.py:914} INFO - Processing file /home/airflow/.local/lib/python3.12/site-packages/airflow/example_dags/tutorial_dag.py for tasks to queue
[2026-04-14T17:40:04.131+0000] {logging_mixin.py:190} INFO - [2026-04-14T17:40:04.131+0000] {dagbag.py:588} INFO - Filling up the DagBag from /home/airflow/.local/lib/python3.12/site-packages/airflow/example_dags/tutorial_dag.py
[2026-04-14T17:40:04.133+0000] {processor.py:925} INFO - DAG(s) 'tutorial_dag' retrieved from /home/airflow/.local/lib/python3.12/site-packages/airflow/example_dags/tutorial_dag.py
[2026-04-14T17:40:04.140+0000] {logging_mixin.py:190} INFO - [2026-04-14T17:40:04.140+0000] {dag.py:3239} INFO - Sync 1 DAGs
[2026-04-14T17:40:04.144+0000] {logging_mixin.py:190} INFO - [2026-04-14T17:40:04.144+0000] {dag.py:4180} INFO - Setting next_dagrun for tutorial_dag to None, run_after=None
[2026-04-14T17:40:04.149+0000] {processor.py:208} INFO - Processing /home/airflow/.local/lib/python3.12/site-packages/airflow/example_dags/tutorial_dag.py took 0.021 seconds
[2026-04-14T17:40:35.348+0000] {processor.py:186} INFO - Started process (PID=30928) to work on /home/airflow/.local/lib/python3.12/site-packages/airflow/example_dags/tutorial_dag.py
[2026-04-14T17:40:35.349+0000] {processor.py:914} INFO - Processing file /home/airflow/.local/lib/python3.12/site-packages/airflow/example_dags/tutorial_dag.py for tasks to queue
[2026-04-14T17:40:35.349+0000] {logging_mixin.py:190} INFO - [2026-04-14T17:40:35.349+0000] {dagbag.py:588} INFO - Filling up the DagBag from /home/airflow/.local/lib/python3.12/site-packages/airflow/example_dags/tutorial_dag.py
[2026-04-14T17:40:35.353+0000] {processor.py:925} INFO - DAG(s) 'tutorial_dag' retrieved from /home/airflow/.local/lib/python3.12/site-packages/airflow/example_dags/tutorial_dag.py
[2026-04-14T17:40:35.359+0000] {logging_mixin.py:190} INFO - [2026-04-14T17:40:35.359+0000] {dag.py:3239} INFO - Sync 1 DAGs
[2026-04-14T17:40:35.366+0000] {logging_mixin.py:190} INFO - [2026-04-14T17:40:35.366+0000] {dag.py:4180} INFO - Setting next_dagrun for tutorial_dag to None, run_after=None
[2026-04-14T17:40:35.376+0000] {processor.py:208} INFO - Processing /home/airflow/.local/lib/python3.12/site-packages/airflow/example_dags/tutorial_dag.py took 0.030 seconds
[2026-04-14T17:41:06.531+0000] {processor.py:186} INFO - Started process (PID=30992) to work on /home/airflow/.local/lib/python3.12/site-packages/airflow/example_dags/tutorial_dag.py
[2026-04-14T17:41:06.531+0000] {processor.py:914} INFO - Processing file /home/airflow/.local/lib/python3.12/site-packages/airflow/example_dags/tutorial_dag.py for tasks to queue
[2026-04-14T17:41:06.531+0000] {logging_mixin.py:190} INFO - [2026-04-14T17:41:06.531+0000] {dagbag.py:588} INFO - Filling up the DagBag from /home/airflow/.local/lib/python3.12/site-packages/airflow/example_dags/tutorial_dag.py
[2026-04-14T17:41:06.534+0000] {processor.py:925} INFO - DAG(s) 'tutorial_dag' retrieved from /home/airflow/.local/lib/python3.12/site-packages/airflow/example_dags/tutorial_dag.py
[2026-04-14T17:41:06.541+0000] {logging_mixin.py:190} INFO - [2026-04-14T17:41:06.540+0000] {dag.py:3239} INFO - Sync 1 DAGs
[2026-04-14T17:41:06.545+0000] {logging_mixin.py:190} INFO - [2026-04-14T17:41:06.545+0000] {dag.py:4180} INFO - Setting next_dagrun for tutorial_dag to None, run_after=None
[2026-04-14T17:41:06.550+0000] {processor.py:208} INFO - Processing /home/airflow/.local/lib/python3.12/site-packages/airflow/example_dags/tutorial_dag.py took 0.022 seconds
[2026-04-14T17:41:37.765+0000] {processor.py:186} INFO - Started process (PID=31056) to work on /home/airflow/.local/lib/python3.12/site-packages/airflow/example_dags/tutorial_dag.py
[2026-04-14T17:41:37.765+0000] {processor.py:914} INFO - Processing file /home/airflow/.local/lib/python3.12/site-packages/airflow/example_dags/tutorial_dag.py for tasks to queue
[2026-04-14T17:41:37.767+0000] {logging_mixin.py:190} INFO - [2026-04-14T17:41:37.766+0000] {dagbag.py:588} INFO - Filling up the DagBag from /home/airflow/.local/lib/python3.12/site-packages/airflow/example_dags/tutorial_dag.py
[2026-04-14T17:41:37.770+0000] {processor.py:925} INFO - DAG(s) 'tutorial_dag' retrieved from /home/airflow/.local/lib/python3.12/site-packages/airflow/example_dags/tutorial_dag.py
[2026-04-14T17:41:37.777+0000] {logging_mixin.py:190} INFO - [2026-04-14T17:41:37.776+0000] {dag.py:3239} INFO - Sync 1 DAGs
[2026-04-14T17:41:37.782+0000] {logging_mixin.py:190} INFO - [2026-04-14T17:41:37.782+0000] {dag.py:4180} INFO - Setting next_dagrun for tutorial_dag to None, run_after=None
[2026-04-14T17:41:37.790+0000] {processor.py:208} INFO - Processing /home/airflow/.local/lib/python3.12/site-packages/airflow/example_dags/tutorial_dag.py took 0.028 seconds
[2026-04-14T17:42:08.898+0000] {processor.py:186} INFO - Started process (PID=31120) to work on /home/airflow/.local/lib/python3.12/site-packages/airflow/example_dags/tutorial_dag.py
[2026-04-14T17:42:08.898+0000] {processor.py:914} INFO - Processing file /home/airflow/.local/lib/python3.12/site-packages/airflow/example_dags/tutorial_dag.py for tasks to queue
[2026-04-14T17:42:08.899+0000] {logging_mixin.py:190} INFO - [2026-04-14T17:42:08.899+0000] {dagbag.py:588} INFO - Filling up the DagBag from /home/airflow/.local/lib/python3.12/site-packages/airflow/example_dags/tutorial_dag.py
[2026-04-14T17:42:08.902+0000] {processor.py:925} INFO - DAG(s) 'tutorial_dag' retrieved from /home/airflow/.local/lib/python3.12/site-packages/airflow/example_dags/tutorial_dag.py
[2026-04-14T17:42:08.914+0000] {logging_mixin.py:190} INFO - [2026-04-14T17:42:08.914+0000] {dag.py:3239} INFO - Sync 1 DAGs
[2026-04-14T17:42:08.922+0000] {logging_mixin.py:190} INFO - [2026-04-14T17:42:08.922+0000] {dag.py:4180} INFO - Setting next_dagrun for tutorial_dag to None, run_after=None
[2026-04-14T17:42:08.928+0000] {processor.py:208} INFO - Processing /home/airflow/.local/lib/python3.12/site-packages/airflow/example_dags/tutorial_dag.py took 0.032 seconds
[2026-04-14T17:42:39.892+0000] {processor.py:186} INFO - Started process (PID=31184) to work on /home/airflow/.local/lib/python3.12/site-packages/airflow/example_dags/tutorial_dag.py
[2026-04-14T17:42:39.893+0000] {processor.py:914} INFO - Processing file /home/airflow/.local/lib/python3.12/site-packages/airflow/example_dags/tutorial_dag.py for tasks to queue
[2026-04-14T17:42:39.894+0000] {logging_mixin.py:190} INFO - [2026-04-14T17:42:39.894+0000] {dagbag.py:588} INFO - Filling up the DagBag from /home/airflow/.local/lib/python3.12/site-packages/airflow/example_dags/tutorial_dag.py
[2026-04-14T17:42:39.897+0000] {processor.py:925} INFO - DAG(s) 'tutorial_dag' retrieved from /home/airflow/.local/lib/python3.12/site-packages/airflow/example_dags/tutorial_dag.py
[2026-04-14T17:42:39.916+0000] {logging_mixin.py:190} INFO - [2026-04-14T17:42:39.916+0000] {dag.py:3239} INFO - Sync 1 DAGs
[2026-04-14T17:42:39.925+0000] {logging_mixin.py:190} INFO - [2026-04-14T17:42:39.925+0000] {dag.py:4180} INFO - Setting next_dagrun for tutorial_dag to None, run_after=None
[2026-04-14T17:42:39.934+0000] {processor.py:208} INFO - Processing /home/airflow/.local/lib/python3.12/site-packages/airflow/example_dags/tutorial_dag.py took 0.046 seconds
[2026-04-14T18:04:12.912+0000] {processor.py:186} INFO - Started process (PID=31248) to work on /home/airflow/.local/lib/python3.12/site-packages/airflow/example_dags/tutorial_dag.py
[2026-04-14T18:04:12.912+0000] {processor.py:914} INFO - Processing file /home/airflow/.local/lib/python3.12/site-packages/airflow/example_dags/tutorial_dag.py for tasks to queue
[2026-04-14T18:04:12.913+0000] {logging_mixin.py:190} INFO - [2026-04-14T18:04:12.913+0000] {dagbag.py:588} INFO - Filling up the DagBag from /home/airflow/.local/lib/python3.12/site-packages/airflow/example_dags/tutorial_dag.py
[2026-04-14T18:04:12.916+0000] {processor.py:925} INFO - DAG(s) 'tutorial_dag' retrieved from /home/airflow/.local/lib/python3.12/site-packages/airflow/example_dags/tutorial_dag.py
[2026-04-14T18:04:12.924+0000] {logging_mixin.py:190} INFO - [2026-04-14T18:04:12.924+0000] {dag.py:3239} INFO - Sync 1 DAGs
[2026-04-14T18:04:12.929+0000] {logging_mixin.py:190} INFO - [2026-04-14T18:04:12.929+0000] {dag.py:4180} INFO - Setting next_dagrun for tutorial_dag to None, run_after=None
[2026-04-14T18:04:12.935+0000] {processor.py:208} INFO - Processing /home/airflow/.local/lib/python3.12/site-packages/airflow/example_dags/tutorial_dag.py took 0.027 seconds
[2026-04-14T18:04:43.726+0000] {processor.py:186} INFO - Started process (PID=31312) to work on /home/airflow/.local/lib/python3.12/site-packages/airflow/example_dags/tutorial_dag.py
[2026-04-14T18:04:43.727+0000] {processor.py:914} INFO - Processing file /home/airflow/.local/lib/python3.12/site-packages/airflow/example_dags/tutorial_dag.py for tasks to queue
[2026-04-14T18:04:43.727+0000] {logging_mixin.py:190} INFO - [2026-04-14T18:04:43.727+0000] {dagbag.py:588} INFO - Filling up the DagBag from /home/airflow/.local/lib/python3.12/site-packages/airflow/example_dags/tutorial_dag.py
[2026-04-14T18:04:43.731+0000] {processor.py:925} INFO - DAG(s) 'tutorial_dag' retrieved from /home/airflow/.local/lib/python3.12/site-packages/airflow/example_dags/tutorial_dag.py
[2026-04-14T18:04:43.743+0000] {logging_mixin.py:190} INFO - [2026-04-14T18:04:43.743+0000] {dag.py:3239} INFO - Sync 1 DAGs
[2026-04-14T18:04:43.755+0000] {logging_mixin.py:190} INFO - [2026-04-14T18:04:43.755+0000] {dag.py:4180} INFO - Setting next_dagrun for tutorial_dag to None, run_after=None
[2026-04-14T18:04:43.768+0000] {processor.py:208} INFO - Processing /home/airflow/.local/lib/python3.12/site-packages/airflow/example_dags/tutorial_dag.py took 0.046 seconds
[2026-04-14T18:05:14.489+0000] {processor.py:186} INFO - Started process (PID=31376) to work on /home/airflow/.local/lib/python3.12/site-packages/airflow/example_dags/tutorial_dag.py
[2026-04-14T18:05:14.490+0000] {processor.py:914} INFO - Processing file /home/airflow/.local/lib/python3.12/site-packages/airflow/example_dags/tutorial_dag.py for tasks to queue
[2026-04-14T18:05:14.491+0000] {logging_mixin.py:190} INFO - [2026-04-14T18:05:14.491+0000] {dagbag.py:588} INFO - Filling up the DagBag from /home/airflow/.local/lib/python3.12/site-packages/airflow/example_dags/tutorial_dag.py
[2026-04-14T18:05:14.497+0000] {processor.py:925} INFO - DAG(s) 'tutorial_dag' retrieved from /home/airflow/.local/lib/python3.12/site-packages/airflow/example_dags/tutorial_dag.py
[2026-04-14T18:05:14.512+0000] {logging_mixin.py:190} INFO - [2026-04-14T18:05:14.512+0000] {dag.py:3239} INFO - Sync 1 DAGs
[2026-04-14T18:05:14.542+0000] {logging_mixin.py:190} INFO - [2026-04-14T18:05:14.542+0000] {dag.py:4180} INFO - Setting next_dagrun for tutorial_dag to None, run_after=None
[2026-04-14T18:05:14.556+0000] {processor.py:208} INFO - Processing /home/airflow/.local/lib/python3.12/site-packages/airflow/example_dags/tutorial_dag.py took 0.069 seconds
[2026-04-14T18:05:45.001+0000] {processor.py:186} INFO - Started process (PID=31440) to work on /home/airflow/.local/lib/python3.12/site-packages/airflow/example_dags/tutorial_dag.py
[2026-04-14T18:05:45.002+0000] {processor.py:914} INFO - Processing file /home/airflow/.local/lib/python3.12/site-packages/airflow/example_dags/tutorial_dag.py for tasks to queue
[2026-04-14T18:05:45.002+0000] {logging_mixin.py:190} INFO - [2026-04-14T18:05:45.002+0000] {dagbag.py:588} INFO - Filling up the DagBag from /home/airflow/.local/lib/python3.12/site-packages/airflow/example_dags/tutorial_dag.py
[2026-04-14T18:05:45.007+0000] {processor.py:925} INFO - DAG(s) 'tutorial_dag' retrieved from /home/airflow/.local/lib/python3.12/site-packages/airflow/example_dags/tutorial_dag.py
[2026-04-14T18:05:45.017+0000] {logging_mixin.py:190} INFO - [2026-04-14T18:05:45.017+0000] {dag.py:3239} INFO - Sync 1 DAGs
[2026-04-14T18:05:45.026+0000] {logging_mixin.py:190} INFO - [2026-04-14T18:05:45.026+0000] {dag.py:4180} INFO - Setting next_dagrun for tutorial_dag to None, run_after=None
[2026-04-14T18:05:45.042+0000] {processor.py:208} INFO - Processing /home/airflow/.local/lib/python3.12/site-packages/airflow/example_dags/tutorial_dag.py took 0.044 seconds
[2026-04-14T18:06:15.181+0000] {processor.py:186} INFO - Started process (PID=31503) to work on /home/airflow/.local/lib/python3.12/site-packages/airflow/example_dags/tutorial_dag.py
[2026-04-14T18:06:15.182+0000] {processor.py:914} INFO - Processing file /home/airflow/.local/lib/python3.12/site-packages/airflow/example_dags/tutorial_dag.py for tasks to queue
[2026-04-14T18:06:15.182+0000] {logging_mixin.py:190} INFO - [2026-04-14T18:06:15.182+0000] {dagbag.py:588} INFO - Filling up the DagBag from /home/airflow/.local/lib/python3.12/site-packages/airflow/example_dags/tutorial_dag.py
[2026-04-14T18:06:15.187+0000] {processor.py:925} INFO - DAG(s) 'tutorial_dag' retrieved from /home/airflow/.local/lib/python3.12/site-packages/airflow/example_dags/tutorial_dag.py
[2026-04-14T18:06:15.194+0000] {logging_mixin.py:190} INFO - [2026-04-14T18:06:15.194+0000] {dag.py:3239} INFO - Sync 1 DAGs
[2026-04-14T18:06:15.201+0000] {logging_mixin.py:190} INFO - [2026-04-14T18:06:15.201+0000] {dag.py:4180} INFO - Setting next_dagrun for tutorial_dag to None, run_after=None
[2026-04-14T18:06:15.217+0000] {processor.py:208} INFO - Processing /home/airflow/.local/lib/python3.12/site-packages/airflow/example_dags/tutorial_dag.py took 0.038 seconds
[2026-04-14T18:06:46.014+0000] {processor.py:186} INFO - Started process (PID=31563) to work on /home/airflow/.local/lib/python3.12/site-packages/airflow/example_dags/tutorial_dag.py
[2026-04-14T18:06:46.015+0000] {processor.py:914} INFO - Processing file /home/airflow/.local/lib/python3.12/site-packages/airflow/example_dags/tutorial_dag.py for tasks to queue
[2026-04-14T18:06:46.016+0000] {logging_mixin.py:190} INFO - [2026-04-14T18:06:46.016+0000] {dagbag.py:588} INFO - Filling up the DagBag from /home/airflow/.local/lib/python3.12/site-packages/airflow/example_dags/tutorial_dag.py
[2026-04-14T18:06:46.019+0000] {processor.py:925} INFO - DAG(s) 'tutorial_dag' retrieved from /home/airflow/.local/lib/python3.12/site-packages/airflow/example_dags/tutorial_dag.py
[2026-04-14T18:06:46.027+0000] {logging_mixin.py:190} INFO - [2026-04-14T18:06:46.027+0000] {dag.py:3239} INFO - Sync 1 DAGs
[2026-04-14T18:06:46.033+0000] {logging_mixin.py:190} INFO - [2026-04-14T18:06:46.033+0000] {dag.py:4180} INFO - Setting next_dagrun for tutorial_dag to None, run_after=None
[2026-04-14T18:06:46.043+0000] {processor.py:208} INFO - Processing /home/airflow/.local/lib/python3.12/site-packages/airflow/example_dags/tutorial_dag.py took 0.031 seconds
[2026-04-14T18:07:16.291+0000] {processor.py:186} INFO - Started process (PID=31627) to work on /home/airflow/.local/lib/python3.12/site-packages/airflow/example_dags/tutorial_dag.py
[2026-04-14T18:07:16.291+0000] {processor.py:914} INFO - Processing file /home/airflow/.local/lib/python3.12/site-packages/airflow/example_dags/tutorial_dag.py for tasks to queue
[2026-04-14T18:07:16.292+0000] {logging_mixin.py:190} INFO - [2026-04-14T18:07:16.292+0000] {dagbag.py:588} INFO - Filling up the DagBag from /home/airflow/.local/lib/python3.12/site-packages/airflow/example_dags/tutorial_dag.py
[2026-04-14T18:07:16.295+0000] {processor.py:925} INFO - DAG(s) 'tutorial_dag' retrieved from /home/airflow/.local/lib/python3.12/site-packages/airflow/example_dags/tutorial_dag.py
[2026-04-14T18:07:16.301+0000] {logging_mixin.py:190} INFO - [2026-04-14T18:07:16.301+0000] {dag.py:3239} INFO - Sync 1 DAGs
[2026-04-14T18:07:16.306+0000] {logging_mixin.py:190} INFO - [2026-04-14T18:07:16.306+0000] {dag.py:4180} INFO - Setting next_dagrun for tutorial_dag to None, run_after=None
[2026-04-14T18:07:16.312+0000] {processor.py:208} INFO - Processing /home/airflow/.local/lib/python3.12/site-packages/airflow/example_dags/tutorial_dag.py took 0.023 seconds
[2026-04-14T18:07:46.615+0000] {processor.py:186} INFO - Started process (PID=31691) to work on /home/airflow/.local/lib/python3.12/site-packages/airflow/example_dags/tutorial_dag.py
[2026-04-14T18:07:46.615+0000] {processor.py:914} INFO - Processing file /home/airflow/.local/lib/python3.12/site-packages/airflow/example_dags/tutorial_dag.py for tasks to queue
[2026-04-14T18:07:46.616+0000] {logging_mixin.py:190} INFO - [2026-04-14T18:07:46.616+0000] {dagbag.py:588} INFO - Filling up the DagBag from /home/airflow/.local/lib/python3.12/site-packages/airflow/example_dags/tutorial_dag.py
[2026-04-14T18:07:46.619+0000] {processor.py:925} INFO - DAG(s) 'tutorial_dag' retrieved from /home/airflow/.local/lib/python3.12/site-packages/airflow/example_dags/tutorial_dag.py
[2026-04-14T18:07:46.626+0000] {logging_mixin.py:190} INFO - [2026-04-14T18:07:46.626+0000] {dag.py:3239} INFO - Sync 1 DAGs
[2026-04-14T18:07:46.632+0000] {logging_mixin.py:190} INFO - [2026-04-14T18:07:46.632+0000] {dag.py:4180} INFO - Setting next_dagrun for tutorial_dag to None, run_after=None
[2026-04-14T18:07:46.639+0000] {processor.py:208} INFO - Processing /home/airflow/.local/lib/python3.12/site-packages/airflow/example_dags/tutorial_dag.py took 0.027 seconds
[2026-04-14T18:08:16.908+0000] {processor.py:186} INFO - Started process (PID=31754) to work on /home/airflow/.local/lib/python3.12/site-packages/airflow/example_dags/tutorial_dag.py
[2026-04-14T18:08:16.908+0000] {processor.py:914} INFO - Processing file /home/airflow/.local/lib/python3.12/site-packages/airflow/example_dags/tutorial_dag.py for tasks to queue
[2026-04-14T18:08:16.909+0000] {logging_mixin.py:190} INFO - [2026-04-14T18:08:16.908+0000] {dagbag.py:588} INFO - Filling up the DagBag from /home/airflow/.local/lib/python3.12/site-packages/airflow/example_dags/tutorial_dag.py
[2026-04-14T18:08:16.912+0000] {processor.py:925} INFO - DAG(s) 'tutorial_dag' retrieved from /home/airflow/.local/lib/python3.12/site-packages/airflow/example_dags/tutorial_dag.py
[2026-04-14T18:08:16.922+0000] {logging_mixin.py:190} INFO - [2026-04-14T18:08:16.921+0000] {dag.py:3239} INFO - Sync 1 DAGs
[2026-04-14T18:08:16.928+0000] {logging_mixin.py:190} INFO - [2026-04-14T18:08:16.928+0000] {dag.py:4180} INFO - Setting next_dagrun for tutorial_dag to None, run_after=None
[2026-04-14T18:08:16.935+0000] {processor.py:208} INFO - Processing /home/airflow/.local/lib/python3.12/site-packages/airflow/example_dags/tutorial_dag.py took 0.029 seconds
[2026-04-14T18:08:47.068+0000] {processor.py:186} INFO - Started process (PID=31817) to work on /home/airflow/.local/lib/python3.12/site-packages/airflow/example_dags/tutorial_dag.py
[2026-04-14T18:08:47.069+0000] {processor.py:914} INFO - Processing file /home/airflow/.local/lib/python3.12/site-packages/airflow/example_dags/tutorial_dag.py for tasks to queue
[2026-04-14T18:08:47.070+0000] {logging_mixin.py:190} INFO - [2026-04-14T18:08:47.069+0000] {dagbag.py:588} INFO - Filling up the DagBag from /home/airflow/.local/lib/python3.12/site-packages/airflow/example_dags/tutorial_dag.py
[2026-04-14T18:08:47.073+0000] {processor.py:925} INFO - DAG(s) 'tutorial_dag' retrieved from /home/airflow/.local/lib/python3.12/site-packages/airflow/example_dags/tutorial_dag.py
[2026-04-14T18:08:47.082+0000] {logging_mixin.py:190} INFO - [2026-04-14T18:08:47.082+0000] {dag.py:3239} INFO - Sync 1 DAGs
[2026-04-14T18:08:47.088+0000] {logging_mixin.py:190} INFO - [2026-04-14T18:08:47.088+0000] {dag.py:4180} INFO - Setting next_dagrun for tutorial_dag to None, run_after=None
[2026-04-14T18:08:47.100+0000] {processor.py:208} INFO - Processing /home/airflow/.local/lib/python3.12/site-packages/airflow/example_dags/tutorial_dag.py took 0.034 seconds
[2026-04-14T18:09:18.567+0000] {processor.py:186} INFO - Started process (PID=31880) to work on /home/airflow/.local/lib/python3.12/site-packages/airflow/example_dags/tutorial_dag.py
[2026-04-14T18:09:18.568+0000] {processor.py:914} INFO - Processing file /home/airflow/.local/lib/python3.12/site-packages/airflow/example_dags/tutorial_dag.py for tasks to queue
[2026-04-14T18:09:18.568+0000] {logging_mixin.py:190} INFO - [2026-04-14T18:09:18.568+0000] {dagbag.py:588} INFO - Filling up the DagBag from /home/airflow/.local/lib/python3.12/site-packages/airflow/example_dags/tutorial_dag.py
[2026-04-14T18:09:18.571+0000] {processor.py:925} INFO - DAG(s) 'tutorial_dag' retrieved from /home/airflow/.local/lib/python3.12/site-packages/airflow/example_dags/tutorial_dag.py
[2026-04-14T18:09:18.578+0000] {logging_mixin.py:190} INFO - [2026-04-14T18:09:18.578+0000] {dag.py:3239} INFO - Sync 1 DAGs
[2026-04-14T18:09:18.587+0000] {logging_mixin.py:190} INFO - [2026-04-14T18:09:18.587+0000] {dag.py:4180} INFO - Setting next_dagrun for tutorial_dag to None, run_after=None
[2026-04-14T18:09:18.597+0000] {processor.py:208} INFO - Processing /home/airflow/.local/lib/python3.12/site-packages/airflow/example_dags/tutorial_dag.py took 0.032 seconds
[2026-04-14T18:09:48.829+0000] {processor.py:186} INFO - Started process (PID=31944) to work on /home/airflow/.local/lib/python3.12/site-packages/airflow/example_dags/tutorial_dag.py
[2026-04-14T18:09:48.830+0000] {processor.py:914} INFO - Processing file /home/airflow/.local/lib/python3.12/site-packages/airflow/example_dags/tutorial_dag.py for tasks to queue
[2026-04-14T18:09:48.830+0000] {logging_mixin.py:190} INFO - [2026-04-14T18:09:48.830+0000] {dagbag.py:588} INFO - Filling up the DagBag from /home/airflow/.local/lib/python3.12/site-packages/airflow/example_dags/tutorial_dag.py
[2026-04-14T18:09:48.834+0000] {processor.py:925} INFO - DAG(s) 'tutorial_dag' retrieved from /home/airflow/.local/lib/python3.12/site-packages/airflow/example_dags/tutorial_dag.py
[2026-04-14T18:09:48.845+0000] {logging_mixin.py:190} INFO - [2026-04-14T18:09:48.845+0000] {dag.py:3239} INFO - Sync 1 DAGs
[2026-04-14T18:09:48.851+0000] {logging_mixin.py:190} INFO - [2026-04-14T18:09:48.851+0000] {dag.py:4180} INFO - Setting next_dagrun for tutorial_dag to None, run_after=None
[2026-04-14T18:09:48.861+0000] {processor.py:208} INFO - Processing /home/airflow/.local/lib/python3.12/site-packages/airflow/example_dags/tutorial_dag.py took 0.034 seconds
[2026-04-14T18:10:19.277+0000] {processor.py:186} INFO - Started process (PID=32008) to work on /home/airflow/.local/lib/python3.12/site-packages/airflow/example_dags/tutorial_dag.py
[2026-04-14T18:10:19.277+0000] {processor.py:914} INFO - Processing file /home/airflow/.local/lib/python3.12/site-packages/airflow/example_dags/tutorial_dag.py for tasks to queue
[2026-04-14T18:10:19.277+0000] {logging_mixin.py:190} INFO - [2026-04-14T18:10:19.277+0000] {dagbag.py:588} INFO - Filling up the DagBag from /home/airflow/.local/lib/python3.12/site-packages/airflow/example_dags/tutorial_dag.py
[2026-04-14T18:10:19.280+0000] {processor.py:925} INFO - DAG(s) 'tutorial_dag' retrieved from /home/airflow/.local/lib/python3.12/site-packages/airflow/example_dags/tutorial_dag.py
[2026-04-14T18:10:19.287+0000] {logging_mixin.py:190} INFO - [2026-04-14T18:10:19.287+0000] {dag.py:3239} INFO - Sync 1 DAGs
[2026-04-14T18:10:19.291+0000] {logging_mixin.py:190} INFO - [2026-04-14T18:10:19.291+0000] {dag.py:4180} INFO - Setting next_dagrun for tutorial_dag to None, run_after=None
[2026-04-14T18:10:19.296+0000] {processor.py:208} INFO - Processing /home/airflow/.local/lib/python3.12/site-packages/airflow/example_dags/tutorial_dag.py took 0.022 seconds
[2026-04-14T18:10:50.458+0000] {processor.py:186} INFO - Started process (PID=32072) to work on /home/airflow/.local/lib/python3.12/site-packages/airflow/example_dags/tutorial_dag.py
[2026-04-14T18:10:50.459+0000] {processor.py:914} INFO - Processing file /home/airflow/.local/lib/python3.12/site-packages/airflow/example_dags/tutorial_dag.py for tasks to queue
[2026-04-14T18:10:50.459+0000] {logging_mixin.py:190} INFO - [2026-04-14T18:10:50.459+0000] {dagbag.py:588} INFO - Filling up the DagBag from /home/airflow/.local/lib/python3.12/site-packages/airflow/example_dags/tutorial_dag.py
[2026-04-14T18:10:50.463+0000] {processor.py:925} INFO - DAG(s) 'tutorial_dag' retrieved from /home/airflow/.local/lib/python3.12/site-packages/airflow/example_dags/tutorial_dag.py
[2026-04-14T18:10:50.472+0000] {logging_mixin.py:190} INFO - [2026-04-14T18:10:50.472+0000] {dag.py:3239} INFO - Sync 1 DAGs
[2026-04-14T18:10:50.479+0000] {logging_mixin.py:190} INFO - [2026-04-14T18:10:50.479+0000] {dag.py:4180} INFO - Setting next_dagrun for tutorial_dag to None, run_after=None
[2026-04-14T18:10:50.488+0000] {processor.py:208} INFO - Processing /home/airflow/.local/lib/python3.12/site-packages/airflow/example_dags/tutorial_dag.py took 0.032 seconds
[2026-04-14T18:11:21.166+0000] {processor.py:186} INFO - Started process (PID=32136) to work on /home/airflow/.local/lib/python3.12/site-packages/airflow/example_dags/tutorial_dag.py
[2026-04-14T18:11:21.168+0000] {processor.py:914} INFO - Processing file /home/airflow/.local/lib/python3.12/site-packages/airflow/example_dags/tutorial_dag.py for tasks to queue
[2026-04-14T18:11:21.171+0000] {logging_mixin.py:190} INFO - [2026-04-14T18:11:21.168+0000] {dagbag.py:588} INFO - Filling up the DagBag from /home/airflow/.local/lib/python3.12/site-packages/airflow/example_dags/tutorial_dag.py
[2026-04-14T18:11:21.174+0000] {processor.py:925} INFO - DAG(s) 'tutorial_dag' retrieved from /home/airflow/.local/lib/python3.12/site-packages/airflow/example_dags/tutorial_dag.py
[2026-04-14T18:11:21.187+0000] {logging_mixin.py:190} INFO - [2026-04-14T18:11:21.186+0000] {dag.py:3239} INFO - Sync 1 DAGs
[2026-04-14T18:11:21.192+0000] {logging_mixin.py:190} INFO - [2026-04-14T18:11:21.192+0000] {dag.py:4180} INFO - Setting next_dagrun for tutorial_dag to None, run_after=None
[2026-04-14T18:11:21.198+0000] {processor.py:208} INFO - Processing /home/airflow/.local/lib/python3.12/site-packages/airflow/example_dags/tutorial_dag.py took 0.035 seconds
[2026-04-14T18:11:51.723+0000] {processor.py:186} INFO - Started process (PID=32200) to work on /home/airflow/.local/lib/python3.12/site-packages/airflow/example_dags/tutorial_dag.py
[2026-04-14T18:11:51.726+0000] {processor.py:914} INFO - Processing file /home/airflow/.local/lib/python3.12/site-packages/airflow/example_dags/tutorial_dag.py for tasks to queue
[2026-04-14T18:11:51.726+0000] {logging_mixin.py:190} INFO - [2026-04-14T18:11:51.726+0000] {dagbag.py:588} INFO - Filling up the DagBag from /home/airflow/.local/lib/python3.12/site-packages/airflow/example_dags/tutorial_dag.py
[2026-04-14T18:11:51.730+0000] {processor.py:925} INFO - DAG(s) 'tutorial_dag' retrieved from /home/airflow/.local/lib/python3.12/site-packages/airflow/example_dags/tutorial_dag.py
[2026-04-14T18:11:51.740+0000] {logging_mixin.py:190} INFO - [2026-04-14T18:11:51.740+0000] {dag.py:3239} INFO - Sync 1 DAGs
[2026-04-14T18:11:51.748+0000] {logging_mixin.py:190} INFO - [2026-04-14T18:11:51.748+0000] {dag.py:4180} INFO - Setting next_dagrun for tutorial_dag to None, run_after=None
[2026-04-14T18:11:51.756+0000] {processor.py:208} INFO - Processing /home/airflow/.local/lib/python3.12/site-packages/airflow/example_dags/tutorial_dag.py took 0.034 seconds
[2026-04-14T18:12:22.629+0000] {processor.py:186} INFO - Started process (PID=32264) to work on /home/airflow/.local/lib/python3.12/site-packages/airflow/example_dags/tutorial_dag.py
[2026-04-14T18:12:22.630+0000] {processor.py:914} INFO - Processing file /home/airflow/.local/lib/python3.12/site-packages/airflow/example_dags/tutorial_dag.py for tasks to queue
[2026-04-14T18:12:22.632+0000] {logging_mixin.py:190} INFO - [2026-04-14T18:12:22.631+0000] {dagbag.py:588} INFO - Filling up the DagBag from /home/airflow/.local/lib/python3.12/site-packages/airflow/example_dags/tutorial_dag.py
[2026-04-14T18:12:22.636+0000] {processor.py:925} INFO - DAG(s) 'tutorial_dag' retrieved from /home/airflow/.local/lib/python3.12/site-packages/airflow/example_dags/tutorial_dag.py
[2026-04-14T18:12:22.650+0000] {logging_mixin.py:190} INFO - [2026-04-14T18:12:22.649+0000] {dag.py:3239} INFO - Sync 1 DAGs
[2026-04-14T18:12:22.664+0000] {logging_mixin.py:190} INFO - [2026-04-14T18:12:22.663+0000] {dag.py:4180} INFO - Setting next_dagrun for tutorial_dag to None, run_after=None
[2026-04-14T18:12:22.681+0000] {processor.py:208} INFO - Processing /home/airflow/.local/lib/python3.12/site-packages/airflow/example_dags/tutorial_dag.py took 0.057 seconds
[2026-04-14T18:12:53.812+0000] {processor.py:186} INFO - Started process (PID=32328) to work on /home/airflow/.local/lib/python3.12/site-packages/airflow/example_dags/tutorial_dag.py
[2026-04-14T18:12:53.813+0000] {processor.py:914} INFO - Processing file /home/airflow/.local/lib/python3.12/site-packages/airflow/example_dags/tutorial_dag.py for tasks to queue
[2026-04-14T18:12:53.813+0000] {logging_mixin.py:190} INFO - [2026-04-14T18:12:53.813+0000] {dagbag.py:588} INFO - Filling up the DagBag from /home/airflow/.local/lib/python3.12/site-packages/airflow/example_dags/tutorial_dag.py
[2026-04-14T18:12:53.818+0000] {processor.py:925} INFO - DAG(s) 'tutorial_dag' retrieved from /home/airflow/.local/lib/python3.12/site-packages/airflow/example_dags/tutorial_dag.py
[2026-04-14T18:12:53.830+0000] {logging_mixin.py:190} INFO - [2026-04-14T18:12:53.830+0000] {dag.py:3239} INFO - Sync 1 DAGs
[2026-04-14T18:12:53.838+0000] {logging_mixin.py:190} INFO - [2026-04-14T18:12:53.838+0000] {dag.py:4180} INFO - Setting next_dagrun for tutorial_dag to None, run_after=None
[2026-04-14T18:12:53.853+0000] {processor.py:208} INFO - Processing /home/airflow/.local/lib/python3.12/site-packages/airflow/example_dags/tutorial_dag.py took 0.044 seconds
[2026-04-14T18:13:25.073+0000] {processor.py:186} INFO - Started process (PID=32392) to work on /home/airflow/.local/lib/python3.12/site-packages/airflow/example_dags/tutorial_dag.py
[2026-04-14T18:13:25.074+0000] {processor.py:914} INFO - Processing file /home/airflow/.local/lib/python3.12/site-packages/airflow/example_dags/tutorial_dag.py for tasks to queue
[2026-04-14T18:13:25.074+0000] {logging_mixin.py:190} INFO - [2026-04-14T18:13:25.074+0000] {dagbag.py:588} INFO - Filling up the DagBag from /home/airflow/.local/lib/python3.12/site-packages/airflow/example_dags/tutorial_dag.py
[2026-04-14T18:13:25.078+0000] {processor.py:925} INFO - DAG(s) 'tutorial_dag' retrieved from /home/airflow/.local/lib/python3.12/site-packages/airflow/example_dags/tutorial_dag.py
[2026-04-14T18:13:25.095+0000] {logging_mixin.py:190} INFO - [2026-04-14T18:13:25.095+0000] {dag.py:3239} INFO - Sync 1 DAGs
[2026-04-14T18:13:25.107+0000] {logging_mixin.py:190} INFO - [2026-04-14T18:13:25.106+0000] {dag.py:4180} INFO - Setting next_dagrun for tutorial_dag to None, run_after=None
[2026-04-14T18:13:25.117+0000] {processor.py:208} INFO - Processing /home/airflow/.local/lib/python3.12/site-packages/airflow/example_dags/tutorial_dag.py took 0.048 seconds
[2026-04-14T18:16:32.147+0000] {processor.py:186} INFO - Started process (PID=32455) to work on /home/airflow/.local/lib/python3.12/site-packages/airflow/example_dags/tutorial_dag.py
[2026-04-14T18:16:32.148+0000] {processor.py:914} INFO - Processing file /home/airflow/.local/lib/python3.12/site-packages/airflow/example_dags/tutorial_dag.py for tasks to queue
[2026-04-14T18:16:32.148+0000] {logging_mixin.py:190} INFO - [2026-04-14T18:16:32.148+0000] {dagbag.py:588} INFO - Filling up the DagBag from /home/airflow/.local/lib/python3.12/site-packages/airflow/example_dags/tutorial_dag.py
[2026-04-14T18:16:32.153+0000] {processor.py:925} INFO - DAG(s) 'tutorial_dag' retrieved from /home/airflow/.local/lib/python3.12/site-packages/airflow/example_dags/tutorial_dag.py
[2026-04-14T18:16:32.162+0000] {logging_mixin.py:190} INFO - [2026-04-14T18:16:32.162+0000] {dag.py:3239} INFO - Sync 1 DAGs
[2026-04-14T18:16:32.168+0000] {logging_mixin.py:190} INFO - [2026-04-14T18:16:32.168+0000] {dag.py:4180} INFO - Setting next_dagrun for tutorial_dag to None, run_after=None
[2026-04-14T18:16:32.175+0000] {processor.py:208} INFO - Processing /home/airflow/.local/lib/python3.12/site-packages/airflow/example_dags/tutorial_dag.py took 0.030 seconds
[2026-04-14T18:17:02.953+0000] {processor.py:186} INFO - Started process (PID=32519) to work on /home/airflow/.local/lib/python3.12/site-packages/airflow/example_dags/tutorial_dag.py
[2026-04-14T18:17:02.954+0000] {processor.py:914} INFO - Processing file /home/airflow/.local/lib/python3.12/site-packages/airflow/example_dags/tutorial_dag.py for tasks to queue
[2026-04-14T18:17:02.954+0000] {logging_mixin.py:190} INFO - [2026-04-14T18:17:02.954+0000] {dagbag.py:588} INFO - Filling up the DagBag from /home/airflow/.local/lib/python3.12/site-packages/airflow/example_dags/tutorial_dag.py
[2026-04-14T18:17:02.958+0000] {processor.py:925} INFO - DAG(s) 'tutorial_dag' retrieved from /home/airflow/.local/lib/python3.12/site-packages/airflow/example_dags/tutorial_dag.py
[2026-04-14T18:17:02.966+0000] {logging_mixin.py:190} INFO - [2026-04-14T18:17:02.966+0000] {dag.py:3239} INFO - Sync 1 DAGs
[2026-04-14T18:17:02.971+0000] {logging_mixin.py:190} INFO - [2026-04-14T18:17:02.971+0000] {dag.py:4180} INFO - Setting next_dagrun for tutorial_dag to None, run_after=None
[2026-04-14T18:17:02.983+0000] {processor.py:208} INFO - Processing /home/airflow/.local/lib/python3.12/site-packages/airflow/example_dags/tutorial_dag.py took 0.032 seconds
[2026-04-14T18:17:33.287+0000] {processor.py:186} INFO - Started process (PID=32583) to work on /home/airflow/.local/lib/python3.12/site-packages/airflow/example_dags/tutorial_dag.py
[2026-04-14T18:17:33.287+0000] {processor.py:914} INFO - Processing file /home/airflow/.local/lib/python3.12/site-packages/airflow/example_dags/tutorial_dag.py for tasks to queue
[2026-04-14T18:17:33.288+0000] {logging_mixin.py:190} INFO - [2026-04-14T18:17:33.288+0000] {dagbag.py:588} INFO - Filling up the DagBag from /home/airflow/.local/lib/python3.12/site-packages/airflow/example_dags/tutorial_dag.py
[2026-04-14T18:17:33.291+0000] {processor.py:925} INFO - DAG(s) 'tutorial_dag' retrieved from /home/airflow/.local/lib/python3.12/site-packages/airflow/example_dags/tutorial_dag.py
[2026-04-14T18:17:33.297+0000] {logging_mixin.py:190} INFO - [2026-04-14T18:17:33.297+0000] {dag.py:3239} INFO - Sync 1 DAGs
[2026-04-14T18:17:33.302+0000] {logging_mixin.py:190} INFO - [2026-04-14T18:17:33.302+0000] {dag.py:4180} INFO - Setting next_dagrun for tutorial_dag to None, run_after=None
[2026-04-14T18:17:33.307+0000] {processor.py:208} INFO - Processing /home/airflow/.local/lib/python3.12/site-packages/airflow/example_dags/tutorial_dag.py took 0.023 seconds
[2026-04-14T18:18:04.541+0000] {processor.py:186} INFO - Started process (PID=32647) to work on /home/airflow/.local/lib/python3.12/site-packages/airflow/example_dags/tutorial_dag.py
[2026-04-14T18:18:04.542+0000] {processor.py:914} INFO - Processing file /home/airflow/.local/lib/python3.12/site-packages/airflow/example_dags/tutorial_dag.py for tasks to queue
[2026-04-14T18:18:04.542+0000] {logging_mixin.py:190} INFO - [2026-04-14T18:18:04.542+0000] {dagbag.py:588} INFO - Filling up the DagBag from /home/airflow/.local/lib/python3.12/site-packages/airflow/example_dags/tutorial_dag.py
[2026-04-14T18:18:04.545+0000] {processor.py:925} INFO - DAG(s) 'tutorial_dag' retrieved from /home/airflow/.local/lib/python3.12/site-packages/airflow/example_dags/tutorial_dag.py
[2026-04-14T18:18:04.556+0000] {logging_mixin.py:190} INFO - [2026-04-14T18:18:04.556+0000] {dag.py:3239} INFO - Sync 1 DAGs
[2026-04-14T18:18:04.563+0000] {logging_mixin.py:190} INFO - [2026-04-14T18:18:04.563+0000] {dag.py:4180} INFO - Setting next_dagrun for tutorial_dag to None, run_after=None
[2026-04-14T18:18:04.571+0000] {processor.py:208} INFO - Processing /home/airflow/.local/lib/python3.12/site-packages/airflow/example_dags/tutorial_dag.py took 0.032 seconds
[2026-04-14T18:18:35.648+0000] {processor.py:186} INFO - Started process (PID=32711) to work on /home/airflow/.local/lib/python3.12/site-packages/airflow/example_dags/tutorial_dag.py
[2026-04-14T18:18:35.648+0000] {processor.py:914} INFO - Processing file /home/airflow/.local/lib/python3.12/site-packages/airflow/example_dags/tutorial_dag.py for tasks to queue
[2026-04-14T18:18:35.648+0000] {logging_mixin.py:190} INFO - [2026-04-14T18:18:35.648+0000] {dagbag.py:588} INFO - Filling up the DagBag from /home/airflow/.local/lib/python3.12/site-packages/airflow/example_dags/tutorial_dag.py
[2026-04-14T18:18:35.652+0000] {processor.py:925} INFO - DAG(s) 'tutorial_dag' retrieved from /home/airflow/.local/lib/python3.12/site-packages/airflow/example_dags/tutorial_dag.py
[2026-04-14T18:18:35.662+0000] {logging_mixin.py:190} INFO - [2026-04-14T18:18:35.662+0000] {dag.py:3239} INFO - Sync 1 DAGs
[2026-04-14T18:18:35.668+0000] {logging_mixin.py:190} INFO - [2026-04-14T18:18:35.668+0000] {dag.py:4180} INFO - Setting next_dagrun for tutorial_dag to None, run_after=None
[2026-04-14T18:18:35.677+0000] {processor.py:208} INFO - Processing /home/airflow/.local/lib/python3.12/site-packages/airflow/example_dags/tutorial_dag.py took 0.031 seconds
[2026-04-14T18:19:06.981+0000] {processor.py:186} INFO - Started process (PID=32775) to work on /home/airflow/.local/lib/python3.12/site-packages/airflow/example_dags/tutorial_dag.py
[2026-04-14T18:19:06.981+0000] {processor.py:914} INFO - Processing file /home/airflow/.local/lib/python3.12/site-packages/airflow/example_dags/tutorial_dag.py for tasks to queue
[2026-04-14T18:19:06.983+0000] {logging_mixin.py:190} INFO - [2026-04-14T18:19:06.983+0000] {dagbag.py:588} INFO - Filling up the DagBag from /home/airflow/.local/lib/python3.12/site-packages/airflow/example_dags/tutorial_dag.py
[2026-04-14T18:19:06.987+0000] {processor.py:925} INFO - DAG(s) 'tutorial_dag' retrieved from /home/airflow/.local/lib/python3.12/site-packages/airflow/example_dags/tutorial_dag.py
[2026-04-14T18:19:07.000+0000] {logging_mixin.py:190} INFO - [2026-04-14T18:19:06.999+0000] {dag.py:3239} INFO - Sync 1 DAGs
[2026-04-14T18:19:07.007+0000] {logging_mixin.py:190} INFO - [2026-04-14T18:19:07.007+0000] {dag.py:4180} INFO - Setting next_dagrun for tutorial_dag to None, run_after=None
[2026-04-14T18:19:07.013+0000] {processor.py:208} INFO - Processing /home/airflow/.local/lib/python3.12/site-packages/airflow/example_dags/tutorial_dag.py took 0.036 seconds
[2026-04-14T18:19:37.835+0000] {processor.py:186} INFO - Started process (PID=32839) to work on /home/airflow/.local/lib/python3.12/site-packages/airflow/example_dags/tutorial_dag.py
[2026-04-14T18:19:37.838+0000] {processor.py:914} INFO - Processing file /home/airflow/.local/lib/python3.12/site-packages/airflow/example_dags/tutorial_dag.py for tasks to queue
[2026-04-14T18:19:37.838+0000] {logging_mixin.py:190} INFO - [2026-04-14T18:19:37.838+0000] {dagbag.py:588} INFO - Filling up the DagBag from /home/airflow/.local/lib/python3.12/site-packages/airflow/example_dags/tutorial_dag.py
[2026-04-14T18:19:37.843+0000] {processor.py:925} INFO - DAG(s) 'tutorial_dag' retrieved from /home/airflow/.local/lib/python3.12/site-packages/airflow/example_dags/tutorial_dag.py
[2026-04-14T18:19:37.856+0000] {logging_mixin.py:190} INFO - [2026-04-14T18:19:37.856+0000] {dag.py:3239} INFO - Sync 1 DAGs
[2026-04-14T18:19:37.868+0000] {logging_mixin.py:190} INFO - [2026-04-14T18:19:37.868+0000] {dag.py:4180} INFO - Setting next_dagrun for tutorial_dag to None, run_after=None
[2026-04-14T18:19:37.880+0000] {processor.py:208} INFO - Processing /home/airflow/.local/lib/python3.12/site-packages/airflow/example_dags/tutorial_dag.py took 0.049 seconds
[2026-04-14T18:20:08.457+0000] {processor.py:186} INFO - Started process (PID=32903) to work on /home/airflow/.local/lib/python3.12/site-packages/airflow/example_dags/tutorial_dag.py
[2026-04-14T18:20:08.458+0000] {processor.py:914} INFO - Processing file /home/airflow/.local/lib/python3.12/site-packages/airflow/example_dags/tutorial_dag.py for tasks to queue
[2026-04-14T18:20:08.458+0000] {logging_mixin.py:190} INFO - [2026-04-14T18:20:08.458+0000] {dagbag.py:588} INFO - Filling up the DagBag from /home/airflow/.local/lib/python3.12/site-packages/airflow/example_dags/tutorial_dag.py
[2026-04-14T18:20:08.463+0000] {processor.py:925} INFO - DAG(s) 'tutorial_dag' retrieved from /home/airflow/.local/lib/python3.12/site-packages/airflow/example_dags/tutorial_dag.py
[2026-04-14T18:20:08.474+0000] {logging_mixin.py:190} INFO - [2026-04-14T18:20:08.473+0000] {dag.py:3239} INFO - Sync 1 DAGs
[2026-04-14T18:20:08.480+0000] {logging_mixin.py:190} INFO - [2026-04-14T18:20:08.480+0000] {dag.py:4180} INFO - Setting next_dagrun for tutorial_dag to None, run_after=None
[2026-04-14T18:20:08.490+0000] {processor.py:208} INFO - Processing /home/airflow/.local/lib/python3.12/site-packages/airflow/example_dags/tutorial_dag.py took 0.035 seconds
[2026-04-14T18:20:39.751+0000] {processor.py:186} INFO - Started process (PID=32968) to work on /home/airflow/.local/lib/python3.12/site-packages/airflow/example_dags/tutorial_dag.py
[2026-04-14T18:20:39.751+0000] {processor.py:914} INFO - Processing file /home/airflow/.local/lib/python3.12/site-packages/airflow/example_dags/tutorial_dag.py for tasks to queue
[2026-04-14T18:20:39.751+0000] {logging_mixin.py:190} INFO - [2026-04-14T18:20:39.751+0000] {dagbag.py:588} INFO - Filling up the DagBag from /home/airflow/.local/lib/python3.12/site-packages/airflow/example_dags/tutorial_dag.py
[2026-04-14T18:20:39.755+0000] {processor.py:925} INFO - DAG(s) 'tutorial_dag' retrieved from /home/airflow/.local/lib/python3.12/site-packages/airflow/example_dags/tutorial_dag.py
[2026-04-14T18:20:39.767+0000] {logging_mixin.py:190} INFO - [2026-04-14T18:20:39.767+0000] {dag.py:3239} INFO - Sync 1 DAGs
[2026-04-14T18:20:39.773+0000] {logging_mixin.py:190} INFO - [2026-04-14T18:20:39.773+0000] {dag.py:4180} INFO - Setting next_dagrun for tutorial_dag to None, run_after=None
[2026-04-14T18:20:39.780+0000] {processor.py:208} INFO - Processing /home/airflow/.local/lib/python3.12/site-packages/airflow/example_dags/tutorial_dag.py took 0.032 seconds
[2026-04-14T18:21:11.013+0000] {processor.py:186} INFO - Started process (PID=33032) to work on /home/airflow/.local/lib/python3.12/site-packages/airflow/example_dags/tutorial_dag.py
[2026-04-14T18:21:11.013+0000] {processor.py:914} INFO - Processing file /home/airflow/.local/lib/python3.12/site-packages/airflow/example_dags/tutorial_dag.py for tasks to queue
[2026-04-14T18:21:11.014+0000] {logging_mixin.py:190} INFO - [2026-04-14T18:21:11.014+0000] {dagbag.py:588} INFO - Filling up the DagBag from /home/airflow/.local/lib/python3.12/site-packages/airflow/example_dags/tutorial_dag.py
[2026-04-14T18:21:11.019+0000] {processor.py:925} INFO - DAG(s) 'tutorial_dag' retrieved from /home/airflow/.local/lib/python3.12/site-packages/airflow/example_dags/tutorial_dag.py
[2026-04-14T18:21:11.028+0000] {logging_mixin.py:190} INFO - [2026-04-14T18:21:11.028+0000] {dag.py:3239} INFO - Sync 1 DAGs
[2026-04-14T18:21:11.035+0000] {logging_mixin.py:190} INFO - [2026-04-14T18:21:11.035+0000] {dag.py:4180} INFO - Setting next_dagrun for tutorial_dag to None, run_after=None
[2026-04-14T18:21:11.042+0000] {processor.py:208} INFO - Processing /home/airflow/.local/lib/python3.12/site-packages/airflow/example_dags/tutorial_dag.py took 0.032 seconds
[2026-04-14T18:21:42.421+0000] {processor.py:186} INFO - Started process (PID=33096) to work on /home/airflow/.local/lib/python3.12/site-packages/airflow/example_dags/tutorial_dag.py
[2026-04-14T18:21:42.422+0000] {processor.py:914} INFO - Processing file /home/airflow/.local/lib/python3.12/site-packages/airflow/example_dags/tutorial_dag.py for tasks to queue
[2026-04-14T18:21:42.423+0000] {logging_mixin.py:190} INFO - [2026-04-14T18:21:42.423+0000] {dagbag.py:588} INFO - Filling up the DagBag from /home/airflow/.local/lib/python3.12/site-packages/airflow/example_dags/tutorial_dag.py
[2026-04-14T18:21:42.431+0000] {processor.py:925} INFO - DAG(s) 'tutorial_dag' retrieved from /home/airflow/.local/lib/python3.12/site-packages/airflow/example_dags/tutorial_dag.py
[2026-04-14T18:21:42.438+0000] {logging_mixin.py:190} INFO - [2026-04-14T18:21:42.438+0000] {dag.py:3239} INFO - Sync 1 DAGs
[2026-04-14T18:21:42.443+0000] {logging_mixin.py:190} INFO - [2026-04-14T18:21:42.443+0000] {dag.py:4180} INFO - Setting next_dagrun for tutorial_dag to None, run_after=None
[2026-04-14T18:21:42.448+0000] {processor.py:208} INFO - Processing /home/airflow/.local/lib/python3.12/site-packages/airflow/example_dags/tutorial_dag.py took 0.029 seconds
[2026-04-14T18:22:12.955+0000] {processor.py:186} INFO - Started process (PID=33160) to work on /home/airflow/.local/lib/python3.12/site-packages/airflow/example_dags/tutorial_dag.py
[2026-04-14T18:22:12.956+0000] {processor.py:914} INFO - Processing file /home/airflow/.local/lib/python3.12/site-packages/airflow/example_dags/tutorial_dag.py for tasks to queue
[2026-04-14T18:22:12.956+0000] {logging_mixin.py:190} INFO - [2026-04-14T18:22:12.956+0000] {dagbag.py:588} INFO - Filling up the DagBag from /home/airflow/.local/lib/python3.12/site-packages/airflow/example_dags/tutorial_dag.py
[2026-04-14T18:22:12.960+0000] {processor.py:925} INFO - DAG(s) 'tutorial_dag' retrieved from /home/airflow/.local/lib/python3.12/site-packages/airflow/example_dags/tutorial_dag.py
[2026-04-14T18:22:12.972+0000] {logging_mixin.py:190} INFO - [2026-04-14T18:22:12.972+0000] {dag.py:3239} INFO - Sync 1 DAGs
[2026-04-14T18:22:12.978+0000] {logging_mixin.py:190} INFO - [2026-04-14T18:22:12.978+0000] {dag.py:4180} INFO - Setting next_dagrun for tutorial_dag to None, run_after=None
[2026-04-14T18:22:12.985+0000] {processor.py:208} INFO - Processing /home/airflow/.local/lib/python3.12/site-packages/airflow/example_dags/tutorial_dag.py took 0.032 seconds
[2026-04-14T18:22:43.340+0000] {processor.py:186} INFO - Started process (PID=33224) to work on /home/airflow/.local/lib/python3.12/site-packages/airflow/example_dags/tutorial_dag.py
[2026-04-14T18:22:43.341+0000] {processor.py:914} INFO - Processing file /home/airflow/.local/lib/python3.12/site-packages/airflow/example_dags/tutorial_dag.py for tasks to queue
[2026-04-14T18:22:43.341+0000] {logging_mixin.py:190} INFO - [2026-04-14T18:22:43.341+0000] {dagbag.py:588} INFO - Filling up the DagBag from /home/airflow/.local/lib/python3.12/site-packages/airflow/example_dags/tutorial_dag.py
[2026-04-14T18:22:43.344+0000] {processor.py:925} INFO - DAG(s) 'tutorial_dag' retrieved from /home/airflow/.local/lib/python3.12/site-packages/airflow/example_dags/tutorial_dag.py
[2026-04-14T18:22:43.351+0000] {logging_mixin.py:190} INFO - [2026-04-14T18:22:43.351+0000] {dag.py:3239} INFO - Sync 1 DAGs
[2026-04-14T18:22:43.356+0000] {logging_mixin.py:190} INFO - [2026-04-14T18:22:43.356+0000] {dag.py:4180} INFO - Setting next_dagrun for tutorial_dag to None, run_after=None
[2026-04-14T18:22:43.361+0000] {processor.py:208} INFO - Processing /home/airflow/.local/lib/python3.12/site-packages/airflow/example_dags/tutorial_dag.py took 0.023 seconds
[2026-04-14T18:23:13.615+0000] {processor.py:186} INFO - Started process (PID=33288) to work on /home/airflow/.local/lib/python3.12/site-packages/airflow/example_dags/tutorial_dag.py
[2026-04-14T18:23:13.615+0000] {processor.py:914} INFO - Processing file /home/airflow/.local/lib/python3.12/site-packages/airflow/example_dags/tutorial_dag.py for tasks to queue
[2026-04-14T18:23:13.616+0000] {logging_mixin.py:190} INFO - [2026-04-14T18:23:13.616+0000] {dagbag.py:588} INFO - Filling up the DagBag from /home/airflow/.local/lib/python3.12/site-packages/airflow/example_dags/tutorial_dag.py
[2026-04-14T18:23:13.619+0000] {processor.py:925} INFO - DAG(s) 'tutorial_dag' retrieved from /home/airflow/.local/lib/python3.12/site-packages/airflow/example_dags/tutorial_dag.py
[2026-04-14T18:23:13.626+0000] {logging_mixin.py:190} INFO - [2026-04-14T18:23:13.626+0000] {dag.py:3239} INFO - Sync 1 DAGs
[2026-04-14T18:23:13.632+0000] {logging_mixin.py:190} INFO - [2026-04-14T18:23:13.632+0000] {dag.py:4180} INFO - Setting next_dagrun for tutorial_dag to None, run_after=None
[2026-04-14T18:23:13.637+0000] {processor.py:208} INFO - Processing /home/airflow/.local/lib/python3.12/site-packages/airflow/example_dags/tutorial_dag.py took 0.025 seconds
[2026-04-14T18:23:43.894+0000] {processor.py:186} INFO - Started process (PID=33352) to work on /home/airflow/.local/lib/python3.12/site-packages/airflow/example_dags/tutorial_dag.py
[2026-04-14T18:23:43.895+0000] {processor.py:914} INFO - Processing file /home/airflow/.local/lib/python3.12/site-packages/airflow/example_dags/tutorial_dag.py for tasks to queue
[2026-04-14T18:23:43.895+0000] {logging_mixin.py:190} INFO - [2026-04-14T18:23:43.895+0000] {dagbag.py:588} INFO - Filling up the DagBag from /home/airflow/.local/lib/python3.12/site-packages/airflow/example_dags/tutorial_dag.py
[2026-04-14T18:23:43.901+0000] {processor.py:925} INFO - DAG(s) 'tutorial_dag' retrieved from /home/airflow/.local/lib/python3.12/site-packages/airflow/example_dags/tutorial_dag.py
[2026-04-14T18:23:43.910+0000] {logging_mixin.py:190} INFO - [2026-04-14T18:23:43.910+0000] {dag.py:3239} INFO - Sync 1 DAGs
[2026-04-14T18:23:43.917+0000] {logging_mixin.py:190} INFO - [2026-04-14T18:23:43.917+0000] {dag.py:4180} INFO - Setting next_dagrun for tutorial_dag to None, run_after=None
[2026-04-14T18:23:43.930+0000] {processor.py:208} INFO - Processing /home/airflow/.local/lib/python3.12/site-packages/airflow/example_dags/tutorial_dag.py took 0.039 seconds
[2026-04-14T18:24:15.394+0000] {processor.py:186} INFO - Started process (PID=33416) to work on /home/airflow/.local/lib/python3.12/site-packages/airflow/example_dags/tutorial_dag.py
[2026-04-14T18:24:15.395+0000] {processor.py:914} INFO - Processing file /home/airflow/.local/lib/python3.12/site-packages/airflow/example_dags/tutorial_dag.py for tasks to queue
[2026-04-14T18:24:15.395+0000] {logging_mixin.py:190} INFO - [2026-04-14T18:24:15.395+0000] {dagbag.py:588} INFO - Filling up the DagBag from /home/airflow/.local/lib/python3.12/site-packages/airflow/example_dags/tutorial_dag.py
[2026-04-14T18:24:15.398+0000] {processor.py:925} INFO - DAG(s) 'tutorial_dag' retrieved from /home/airflow/.local/lib/python3.12/site-packages/airflow/example_dags/tutorial_dag.py
[2026-04-14T18:24:15.407+0000] {logging_mixin.py:190} INFO - [2026-04-14T18:24:15.407+0000] {dag.py:3239} INFO - Sync 1 DAGs
[2026-04-14T18:24:15.414+0000] {logging_mixin.py:190} INFO - [2026-04-14T18:24:15.414+0000] {dag.py:4180} INFO - Setting next_dagrun for tutorial_dag to None, run_after=None
[2026-04-14T18:24:15.424+0000] {processor.py:208} INFO - Processing /home/airflow/.local/lib/python3.12/site-packages/airflow/example_dags/tutorial_dag.py took 0.032 seconds
[2026-04-14T18:24:47.468+0000] {processor.py:186} INFO - Started process (PID=33480) to work on /home/airflow/.local/lib/python3.12/site-packages/airflow/example_dags/tutorial_dag.py
[2026-04-14T18:24:47.470+0000] {processor.py:914} INFO - Processing file /home/airflow/.local/lib/python3.12/site-packages/airflow/example_dags/tutorial_dag.py for tasks to queue
[2026-04-14T18:24:47.471+0000] {logging_mixin.py:190} INFO - [2026-04-14T18:24:47.471+0000] {dagbag.py:588} INFO - Filling up the DagBag from /home/airflow/.local/lib/python3.12/site-packages/airflow/example_dags/tutorial_dag.py
[2026-04-14T18:24:47.478+0000] {processor.py:925} INFO - DAG(s) 'tutorial_dag' retrieved from /home/airflow/.local/lib/python3.12/site-packages/airflow/example_dags/tutorial_dag.py
[2026-04-14T18:24:47.490+0000] {logging_mixin.py:190} INFO - [2026-04-14T18:24:47.489+0000] {dag.py:3239} INFO - Sync 1 DAGs
[2026-04-14T18:24:47.499+0000] {logging_mixin.py:190} INFO - [2026-04-14T18:24:47.499+0000] {dag.py:4180} INFO - Setting next_dagrun for tutorial_dag to None, run_after=None
[2026-04-14T18:24:47.506+0000] {processor.py:208} INFO - Processing /home/airflow/.local/lib/python3.12/site-packages/airflow/example_dags/tutorial_dag.py took 0.041 seconds
[2026-04-14T18:25:18.226+0000] {processor.py:186} INFO - Started process (PID=33544) to work on /home/airflow/.local/lib/python3.12/site-packages/airflow/example_dags/tutorial_dag.py
[2026-04-14T18:25:18.227+0000] {processor.py:914} INFO - Processing file /home/airflow/.local/lib/python3.12/site-packages/airflow/example_dags/tutorial_dag.py for tasks to queue
[2026-04-14T18:25:18.227+0000] {logging_mixin.py:190} INFO - [2026-04-14T18:25:18.227+0000] {dagbag.py:588} INFO - Filling up the DagBag from /home/airflow/.local/lib/python3.12/site-packages/airflow/example_dags/tutorial_dag.py
[2026-04-14T18:25:18.230+0000] {processor.py:925} INFO - DAG(s) 'tutorial_dag' retrieved from /home/airflow/.local/lib/python3.12/site-packages/airflow/example_dags/tutorial_dag.py
[2026-04-14T18:25:18.237+0000] {logging_mixin.py:190} INFO - [2026-04-14T18:25:18.237+0000] {dag.py:3239} INFO - Sync 1 DAGs
[2026-04-14T18:25:18.242+0000] {logging_mixin.py:190} INFO - [2026-04-14T18:25:18.242+0000] {dag.py:4180} INFO - Setting next_dagrun for tutorial_dag to None, run_after=None
[2026-04-14T18:25:18.248+0000] {processor.py:208} INFO - Processing /home/airflow/.local/lib/python3.12/site-packages/airflow/example_dags/tutorial_dag.py took 0.025 seconds
[2026-04-14T18:25:48.926+0000] {processor.py:186} INFO - Started process (PID=33608) to work on /home/airflow/.local/lib/python3.12/site-packages/airflow/example_dags/tutorial_dag.py
[2026-04-14T18:25:48.927+0000] {processor.py:914} INFO - Processing file /home/airflow/.local/lib/python3.12/site-packages/airflow/example_dags/tutorial_dag.py for tasks to queue
[2026-04-14T18:25:48.927+0000] {logging_mixin.py:190} INFO - [2026-04-14T18:25:48.927+0000] {dagbag.py:588} INFO - Filling up the DagBag from /home/airflow/.local/lib/python3.12/site-packages/airflow/example_dags/tutorial_dag.py
[2026-04-14T18:25:48.931+0000] {processor.py:925} INFO - DAG(s) 'tutorial_dag' retrieved from /home/airflow/.local/lib/python3.12/site-packages/airflow/example_dags/tutorial_dag.py
[2026-04-14T18:25:48.942+0000] {logging_mixin.py:190} INFO - [2026-04-14T18:25:48.942+0000] {dag.py:3239} INFO - Sync 1 DAGs
[2026-04-14T18:25:48.947+0000] {logging_mixin.py:190} INFO - [2026-04-14T18:25:48.947+0000] {dag.py:4180} INFO - Setting next_dagrun for tutorial_dag to None, run_after=None
[2026-04-14T18:25:48.960+0000] {processor.py:208} INFO - Processing /home/airflow/.local/lib/python3.12/site-packages/airflow/example_dags/tutorial_dag.py took 0.036 seconds
[2026-04-14T18:26:19.608+0000] {processor.py:186} INFO - Started process (PID=33672) to work on /home/airflow/.local/lib/python3.12/site-packages/airflow/example_dags/tutorial_dag.py
[2026-04-14T18:26:19.610+0000] {processor.py:914} INFO - Processing file /home/airflow/.local/lib/python3.12/site-packages/airflow/example_dags/tutorial_dag.py for tasks to queue
[2026-04-14T18:26:19.610+0000] {logging_mixin.py:190} INFO - [2026-04-14T18:26:19.610+0000] {dagbag.py:588} INFO - Filling up the DagBag from /home/airflow/.local/lib/python3.12/site-packages/airflow/example_dags/tutorial_dag.py
[2026-04-14T18:26:19.616+0000] {processor.py:925} INFO - DAG(s) 'tutorial_dag' retrieved from /home/airflow/.local/lib/python3.12/site-packages/airflow/example_dags/tutorial_dag.py
[2026-04-14T18:26:19.628+0000] {logging_mixin.py:190} INFO - [2026-04-14T18:26:19.628+0000] {dag.py:3239} INFO - Sync 1 DAGs
[2026-04-14T18:26:19.636+0000] {logging_mixin.py:190} INFO - [2026-04-14T18:26:19.636+0000] {dag.py:4180} INFO - Setting next_dagrun for tutorial_dag to None, run_after=None
[2026-04-14T18:26:19.643+0000] {processor.py:208} INFO - Processing /home/airflow/.local/lib/python3.12/site-packages/airflow/example_dags/tutorial_dag.py took 0.038 seconds
[2026-04-14T18:26:50.433+0000] {processor.py:186} INFO - Started process (PID=33736) to work on /home/airflow/.local/lib/python3.12/site-packages/airflow/example_dags/tutorial_dag.py
[2026-04-14T18:26:50.434+0000] {processor.py:914} INFO - Processing file /home/airflow/.local/lib/python3.12/site-packages/airflow/example_dags/tutorial_dag.py for tasks to queue
[2026-04-14T18:26:50.435+0000] {logging_mixin.py:190} INFO - [2026-04-14T18:26:50.435+0000] {dagbag.py:588} INFO - Filling up the DagBag from /home/airflow/.local/lib/python3.12/site-packages/airflow/example_dags/tutorial_dag.py
[2026-04-14T18:26:50.442+0000] {processor.py:925} INFO - DAG(s) 'tutorial_dag' retrieved from /home/airflow/.local/lib/python3.12/site-packages/airflow/example_dags/tutorial_dag.py
[2026-04-14T18:26:50.453+0000] {logging_mixin.py:190} INFO - [2026-04-14T18:26:50.453+0000] {dag.py:3239} INFO - Sync 1 DAGs
[2026-04-14T18:26:50.462+0000] {logging_mixin.py:190} INFO - [2026-04-14T18:26:50.462+0000] {dag.py:4180} INFO - Setting next_dagrun for tutorial_dag to None, run_after=None
[2026-04-14T18:26:50.471+0000] {processor.py:208} INFO - Processing /home/airflow/.local/lib/python3.12/site-packages/airflow/example_dags/tutorial_dag.py took 0.041 seconds
[2026-04-14T18:27:21.298+0000] {processor.py:186} INFO - Started process (PID=33800) to work on /home/airflow/.local/lib/python3.12/site-packages/airflow/example_dags/tutorial_dag.py
[2026-04-14T18:27:21.299+0000] {processor.py:914} INFO - Processing file /home/airflow/.local/lib/python3.12/site-packages/airflow/example_dags/tutorial_dag.py for tasks to queue
[2026-04-14T18:27:21.299+0000] {logging_mixin.py:190} INFO - [2026-04-14T18:27:21.299+0000] {dagbag.py:588} INFO - Filling up the DagBag from /home/airflow/.local/lib/python3.12/site-packages/airflow/example_dags/tutorial_dag.py
[2026-04-14T18:27:21.302+0000] {processor.py:925} INFO - DAG(s) 'tutorial_dag' retrieved from /home/airflow/.local/lib/python3.12/site-packages/airflow/example_dags/tutorial_dag.py
[2026-04-14T18:27:21.309+0000] {logging_mixin.py:190} INFO - [2026-04-14T18:27:21.309+0000] {dag.py:3239} INFO - Sync 1 DAGs
[2026-04-14T18:27:21.314+0000] {logging_mixin.py:190} INFO - [2026-04-14T18:27:21.314+0000] {dag.py:4180} INFO - Setting next_dagrun for tutorial_dag to None, run_after=None
[2026-04-14T18:27:21.320+0000] {processor.py:208} INFO - Processing /home/airflow/.local/lib/python3.12/site-packages/airflow/example_dags/tutorial_dag.py took 0.024 seconds
[2026-04-14T18:27:52.082+0000] {processor.py:186} INFO - Started process (PID=33864) to work on /home/airflow/.local/lib/python3.12/site-packages/airflow/example_dags/tutorial_dag.py
[2026-04-14T18:27:52.083+0000] {processor.py:914} INFO - Processing file /home/airflow/.local/lib/python3.12/site-packages/airflow/example_dags/tutorial_dag.py for tasks to queue
[2026-04-14T18:27:52.084+0000] {logging_mixin.py:190} INFO - [2026-04-14T18:27:52.083+0000] {dagbag.py:588} INFO - Filling up the DagBag from /home/airflow/.local/lib/python3.12/site-packages/airflow/example_dags/tutorial_dag.py
[2026-04-14T18:27:52.087+0000] {processor.py:925} INFO - DAG(s) 'tutorial_dag' retrieved from /home/airflow/.local/lib/python3.12/site-packages/airflow/example_dags/tutorial_dag.py
[2026-04-14T18:27:52.095+0000] {logging_mixin.py:190} INFO - [2026-04-14T18:27:52.094+0000] {dag.py:3239} INFO - Sync 1 DAGs
[2026-04-14T18:27:52.101+0000] {logging_mixin.py:190} INFO - [2026-04-14T18:27:52.101+0000] {dag.py:4180} INFO - Setting next_dagrun for tutorial_dag to None, run_after=None
[2026-04-14T18:27:52.112+0000] {processor.py:208} INFO - Processing /home/airflow/.local/lib/python3.12/site-packages/airflow/example_dags/tutorial_dag.py took 0.032 seconds
[2026-04-14T18:28:23.254+0000] {processor.py:186} INFO - Started process (PID=33928) to work on /home/airflow/.local/lib/python3.12/site-packages/airflow/example_dags/tutorial_dag.py
[2026-04-14T18:28:23.256+0000] {processor.py:914} INFO - Processing file /home/airflow/.local/lib/python3.12/site-packages/airflow/example_dags/tutorial_dag.py for tasks to queue
[2026-04-14T18:28:23.257+0000] {logging_mixin.py:190} INFO - [2026-04-14T18:28:23.256+0000] {dagbag.py:588} INFO - Filling up the DagBag from /home/airflow/.local/lib/python3.12/site-packages/airflow/example_dags/tutorial_dag.py
[2026-04-14T18:28:23.261+0000] {processor.py:925} INFO - DAG(s) 'tutorial_dag' retrieved from /home/airflow/.local/lib/python3.12/site-packages/airflow/example_dags/tutorial_dag.py
[2026-04-14T18:28:23.272+0000] {logging_mixin.py:190} INFO - [2026-04-14T18:28:23.272+0000] {dag.py:3239} INFO - Sync 1 DAGs
[2026-04-14T18:28:23.280+0000] {logging_mixin.py:190} INFO - [2026-04-14T18:28:23.280+0000] {dag.py:4180} INFO - Setting next_dagrun for tutorial_dag to None, run_after=None
[2026-04-14T18:28:23.288+0000] {processor.py:208} INFO - Processing /home/airflow/.local/lib/python3.12/site-packages/airflow/example_dags/tutorial_dag.py took 0.036 seconds
[2026-04-14T18:28:53.467+0000] {processor.py:186} INFO - Started process (PID=33992) to work on /home/airflow/.local/lib/python3.12/site-packages/airflow/example_dags/tutorial_dag.py
[2026-04-14T18:28:53.468+0000] {processor.py:914} INFO - Processing file /home/airflow/.local/lib/python3.12/site-packages/airflow/example_dags/tutorial_dag.py for tasks to queue
[2026-04-14T18:28:53.469+0000] {logging_mixin.py:190} INFO - [2026-04-14T18:28:53.468+0000] {dagbag.py:588} INFO - Filling up the DagBag from /home/airflow/.local/lib/python3.12/site-packages/airflow/example_dags/tutorial_dag.py
[2026-04-14T18:28:53.473+0000] {processor.py:925} INFO - DAG(s) 'tutorial_dag' retrieved from /home/airflow/.local/lib/python3.12/site-packages/airflow/example_dags/tutorial_dag.py
[2026-04-14T18:28:53.481+0000] {logging_mixin.py:190} INFO - [2026-04-14T18:28:53.481+0000] {dag.py:3239} INFO - Sync 1 DAGs
[2026-04-14T18:28:53.486+0000] {logging_mixin.py:190} INFO - [2026-04-14T18:28:53.486+0000] {dag.py:4180} INFO - Setting next_dagrun for tutorial_dag to None, run_after=None
[2026-04-14T18:28:53.492+0000] {processor.py:208} INFO - Processing /home/airflow/.local/lib/python3.12/site-packages/airflow/example_dags/tutorial_dag.py took 0.027 seconds
[2026-04-14T18:29:25.337+0000] {processor.py:186} INFO - Started process (PID=34056) to work on /home/airflow/.local/lib/python3.12/site-packages/airflow/example_dags/tutorial_dag.py
[2026-04-14T18:29:25.338+0000] {processor.py:914} INFO - Processing file /home/airflow/.local/lib/python3.12/site-packages/airflow/example_dags/tutorial_dag.py for tasks to queue
[2026-04-14T18:29:25.338+0000] {logging_mixin.py:190} INFO - [2026-04-14T18:29:25.338+0000] {dagbag.py:588} INFO - Filling up the DagBag from /home/airflow/.local/lib/python3.12/site-packages/airflow/example_dags/tutorial_dag.py
[2026-04-14T18:29:25.343+0000] {processor.py:925} INFO - DAG(s) 'tutorial_dag' retrieved from /home/airflow/.local/lib/python3.12/site-packages/airflow/example_dags/tutorial_dag.py
[2026-04-14T18:29:25.351+0000] {logging_mixin.py:190} INFO - [2026-04-14T18:29:25.351+0000] {dag.py:3239} INFO - Sync 1 DAGs
[2026-04-14T18:29:25.356+0000] {logging_mixin.py:190} INFO - [2026-04-14T18:29:25.356+0000] {dag.py:4180} INFO - Setting next_dagrun for tutorial_dag to None, run_after=None
[2026-04-14T18:29:25.362+0000] {processor.py:208} INFO - Processing /home/airflow/.local/lib/python3.12/site-packages/airflow/example_dags/tutorial_dag.py took 0.028 seconds
[2026-04-14T18:29:56.147+0000] {processor.py:186} INFO - Started process (PID=34120) to work on /home/airflow/.local/lib/python3.12/site-packages/airflow/example_dags/tutorial_dag.py
[2026-04-14T18:29:56.149+0000] {processor.py:914} INFO - Processing file /home/airflow/.local/lib/python3.12/site-packages/airflow/example_dags/tutorial_dag.py for tasks to queue
[2026-04-14T18:29:56.150+0000] {logging_mixin.py:190} INFO - [2026-04-14T18:29:56.150+0000] {dagbag.py:588} INFO - Filling up the DagBag from /home/airflow/.local/lib/python3.12/site-packages/airflow/example_dags/tutorial_dag.py
[2026-04-14T18:29:56.156+0000] {processor.py:925} INFO - DAG(s) 'tutorial_dag' retrieved from /home/airflow/.local/lib/python3.12/site-packages/airflow/example_dags/tutorial_dag.py
[2026-04-14T18:29:56.164+0000] {logging_mixin.py:190} INFO - [2026-04-14T18:29:56.164+0000] {dag.py:3239} INFO - Sync 1 DAGs
[2026-04-14T18:29:56.260+0000] {logging_mixin.py:190} INFO - [2026-04-14T18:29:56.260+0000] {dag.py:4180} INFO - Setting next_dagrun for tutorial_dag to None, run_after=None
[2026-04-14T18:29:56.266+0000] {processor.py:208} INFO - Processing /home/airflow/.local/lib/python3.12/site-packages/airflow/example_dags/tutorial_dag.py took 0.122 seconds
[2026-04-14T18:30:26.651+0000] {processor.py:186} INFO - Started process (PID=34184) to work on /home/airflow/.local/lib/python3.12/site-packages/airflow/example_dags/tutorial_dag.py
[2026-04-14T18:30:26.652+0000] {processor.py:914} INFO - Processing file /home/airflow/.local/lib/python3.12/site-packages/airflow/example_dags/tutorial_dag.py for tasks to queue
[2026-04-14T18:30:26.654+0000] {logging_mixin.py:190} INFO - [2026-04-14T18:30:26.654+0000] {dagbag.py:588} INFO - Filling up the DagBag from /home/airflow/.local/lib/python3.12/site-packages/airflow/example_dags/tutorial_dag.py
[2026-04-14T18:30:26.657+0000] {processor.py:925} INFO - DAG(s) 'tutorial_dag' retrieved from /home/airflow/.local/lib/python3.12/site-packages/airflow/example_dags/tutorial_dag.py
[2026-04-14T18:30:26.664+0000] {logging_mixin.py:190} INFO - [2026-04-14T18:30:26.664+0000] {dag.py:3239} INFO - Sync 1 DAGs
[2026-04-14T18:30:26.672+0000] {logging_mixin.py:190} INFO - [2026-04-14T18:30:26.672+0000] {dag.py:4180} INFO - Setting next_dagrun for tutorial_dag to None, run_after=None
[2026-04-14T18:30:26.682+0000] {processor.py:208} INFO - Processing /home/airflow/.local/lib/python3.12/site-packages/airflow/example_dags/tutorial_dag.py took 0.034 seconds
[2026-04-14T18:30:57.109+0000] {processor.py:186} INFO - Started process (PID=34248) to work on /home/airflow/.local/lib/python3.12/site-packages/airflow/example_dags/tutorial_dag.py
[2026-04-14T18:30:57.109+0000] {processor.py:914} INFO - Processing file /home/airflow/.local/lib/python3.12/site-packages/airflow/example_dags/tutorial_dag.py for tasks to queue
[2026-04-14T18:30:57.110+0000] {logging_mixin.py:190} INFO - [2026-04-14T18:30:57.110+0000] {dagbag.py:588} INFO - Filling up the DagBag from /home/airflow/.local/lib/python3.12/site-packages/airflow/example_dags/tutorial_dag.py
[2026-04-14T18:30:57.113+0000] {processor.py:925} INFO - DAG(s) 'tutorial_dag' retrieved from /home/airflow/.local/lib/python3.12/site-packages/airflow/example_dags/tutorial_dag.py
[2026-04-14T18:30:57.125+0000] {logging_mixin.py:190} INFO - [2026-04-14T18:30:57.124+0000] {dag.py:3239} INFO - Sync 1 DAGs
[2026-04-14T18:30:57.132+0000] {logging_mixin.py:190} INFO - [2026-04-14T18:30:57.132+0000] {dag.py:4180} INFO - Setting next_dagrun for tutorial_dag to None, run_after=None
[2026-04-14T18:30:57.143+0000] {processor.py:208} INFO - Processing /home/airflow/.local/lib/python3.12/site-packages/airflow/example_dags/tutorial_dag.py took 0.037 seconds
[2026-04-14T18:31:27.713+0000] {processor.py:186} INFO - Started process (PID=34312) to work on /home/airflow/.local/lib/python3.12/site-packages/airflow/example_dags/tutorial_dag.py
[2026-04-14T18:31:27.713+0000] {processor.py:914} INFO - Processing file /home/airflow/.local/lib/python3.12/site-packages/airflow/example_dags/tutorial_dag.py for tasks to queue
[2026-04-14T18:31:27.714+0000] {logging_mixin.py:190} INFO - [2026-04-14T18:31:27.714+0000] {dagbag.py:588} INFO - Filling up the DagBag from /home/airflow/.local/lib/python3.12/site-packages/airflow/example_dags/tutorial_dag.py
[2026-04-14T18:31:27.717+0000] {processor.py:925} INFO - DAG(s) 'tutorial_dag' retrieved from /home/airflow/.local/lib/python3.12/site-packages/airflow/example_dags/tutorial_dag.py
[2026-04-14T18:31:27.726+0000] {logging_mixin.py:190} INFO - [2026-04-14T18:31:27.726+0000] {dag.py:3239} INFO - Sync 1 DAGs
[2026-04-14T18:31:27.732+0000] {logging_mixin.py:190} INFO - [2026-04-14T18:31:27.732+0000] {dag.py:4180} INFO - Setting next_dagrun for tutorial_dag to None, run_after=None
[2026-04-14T18:31:27.738+0000] {processor.py:208} INFO - Processing /home/airflow/.local/lib/python3.12/site-packages/airflow/example_dags/tutorial_dag.py took 0.028 seconds
[2026-04-14T18:31:58.112+0000] {processor.py:186} INFO - Started process (PID=34375) to work on /home/airflow/.local/lib/python3.12/site-packages/airflow/example_dags/tutorial_dag.py
[2026-04-14T18:31:58.112+0000] {processor.py:914} INFO - Processing file /home/airflow/.local/lib/python3.12/site-packages/airflow/example_dags/tutorial_dag.py for tasks to queue
[2026-04-14T18:31:58.113+0000] {logging_mixin.py:190} INFO - [2026-04-14T18:31:58.113+0000] {dagbag.py:588} INFO - Filling up the DagBag from /home/airflow/.local/lib/python3.12/site-packages/airflow/example_dags/tutorial_dag.py
[2026-04-14T18:31:58.117+0000] {processor.py:925} INFO - DAG(s) 'tutorial_dag' retrieved from /home/airflow/.local/lib/python3.12/site-packages/airflow/example_dags/tutorial_dag.py
[2026-04-14T18:31:58.132+0000] {logging_mixin.py:190} INFO - [2026-04-14T18:31:58.132+0000] {dag.py:3239} INFO - Sync 1 DAGs
[2026-04-14T18:31:58.139+0000] {logging_mixin.py:190} INFO - [2026-04-14T18:31:58.139+0000] {dag.py:4180} INFO - Setting next_dagrun for tutorial_dag to None, run_after=None
[2026-04-14T18:31:58.147+0000] {processor.py:208} INFO - Processing /home/airflow/.local/lib/python3.12/site-packages/airflow/example_dags/tutorial_dag.py took 0.038 seconds
[2026-04-14T18:32:28.658+0000] {processor.py:186} INFO - Started process (PID=34440) to work on /home/airflow/.local/lib/python3.12/site-packages/airflow/example_dags/tutorial_dag.py
[2026-04-14T18:32:28.659+0000] {processor.py:914} INFO - Processing file /home/airflow/.local/lib/python3.12/site-packages/airflow/example_dags/tutorial_dag.py for tasks to queue
[2026-04-14T18:32:28.660+0000] {logging_mixin.py:190} INFO - [2026-04-14T18:32:28.659+0000] {dagbag.py:588} INFO - Filling up the DagBag from /home/airflow/.local/lib/python3.12/site-packages/airflow/example_dags/tutorial_dag.py
[2026-04-14T18:32:28.668+0000] {processor.py:925} INFO - DAG(s) 'tutorial_dag' retrieved from /home/airflow/.local/lib/python3.12/site-packages/airflow/example_dags/tutorial_dag.py
[2026-04-14T18:32:28.683+0000] {logging_mixin.py:190} INFO - [2026-04-14T18:32:28.683+0000] {dag.py:3239} INFO - Sync 1 DAGs
[2026-04-14T18:32:28.690+0000] {logging_mixin.py:190} INFO - [2026-04-14T18:32:28.690+0000] {dag.py:4180} INFO - Setting next_dagrun for tutorial_dag to None, run_after=None
[2026-04-14T18:32:28.700+0000] {processor.py:208} INFO - Processing /home/airflow/.local/lib/python3.12/site-packages/airflow/example_dags/tutorial_dag.py took 0.045 seconds
[2026-04-14T18:32:59.225+0000] {processor.py:186} INFO - Started process (PID=34504) to work on /home/airflow/.local/lib/python3.12/site-packages/airflow/example_dags/tutorial_dag.py
[2026-04-14T18:32:59.226+0000] {processor.py:914} INFO - Processing file /home/airflow/.local/lib/python3.12/site-packages/airflow/example_dags/tutorial_dag.py for tasks to queue
[2026-04-14T18:32:59.226+0000] {logging_mixin.py:190} INFO - [2026-04-14T18:32:59.226+0000] {dagbag.py:588} INFO - Filling up the DagBag from /home/airflow/.local/lib/python3.12/site-packages/airflow/example_dags/tutorial_dag.py
[2026-04-14T18:32:59.230+0000] {processor.py:925} INFO - DAG(s) 'tutorial_dag' retrieved from /home/airflow/.local/lib/python3.12/site-packages/airflow/example_dags/tutorial_dag.py
[2026-04-14T18:32:59.241+0000] {logging_mixin.py:190} INFO - [2026-04-14T18:32:59.241+0000] {dag.py:3239} INFO - Sync 1 DAGs
[2026-04-14T18:32:59.249+0000] {logging_mixin.py:190} INFO - [2026-04-14T18:32:59.248+0000] {dag.py:4180} INFO - Setting next_dagrun for tutorial_dag to None, run_after=None
[2026-04-14T18:32:59.260+0000] {processor.py:208} INFO - Processing /home/airflow/.local/lib/python3.12/site-packages/airflow/example_dags/tutorial_dag.py took 0.037 seconds
[2026-04-14T18:33:29.593+0000] {processor.py:186} INFO - Started process (PID=34568) to work on /home/airflow/.local/lib/python3.12/site-packages/airflow/example_dags/tutorial_dag.py
[2026-04-14T18:33:29.594+0000] {processor.py:914} INFO - Processing file /home/airflow/.local/lib/python3.12/site-packages/airflow/example_dags/tutorial_dag.py for tasks to queue
[2026-04-14T18:33:29.594+0000] {logging_mixin.py:190} INFO - [2026-04-14T18:33:29.594+0000] {dagbag.py:588} INFO - Filling up the DagBag from /home/airflow/.local/lib/python3.12/site-packages/airflow/example_dags/tutorial_dag.py
[2026-04-14T18:33:29.597+0000] {processor.py:925} INFO - DAG(s) 'tutorial_dag' retrieved from /home/airflow/.local/lib/python3.12/site-packages/airflow/example_dags/tutorial_dag.py
[2026-04-14T18:33:29.612+0000] {logging_mixin.py:190} INFO - [2026-04-14T18:33:29.611+0000] {dag.py:3239} INFO - Sync 1 DAGs
[2026-04-14T18:33:29.619+0000] {logging_mixin.py:190} INFO - [2026-04-14T18:33:29.619+0000] {dag.py:4180} INFO - Setting next_dagrun for tutorial_dag to None, run_after=None
[2026-04-14T18:33:29.628+0000] {processor.py:208} INFO - Processing /home/airflow/.local/lib/python3.12/site-packages/airflow/example_dags/tutorial_dag.py took 0.037 seconds
[2026-04-14T18:33:59.964+0000] {processor.py:186} INFO - Started process (PID=34632) to work on /home/airflow/.local/lib/python3.12/site-packages/airflow/example_dags/tutorial_dag.py
[2026-04-14T18:33:59.964+0000] {processor.py:914} INFO - Processing file /home/airflow/.local/lib/python3.12/site-packages/airflow/example_dags/tutorial_dag.py for tasks to queue
[2026-04-14T18:33:59.965+0000] {logging_mixin.py:190} INFO - [2026-04-14T18:33:59.965+0000] {dagbag.py:588} INFO - Filling up the DagBag from /home/airflow/.local/lib/python3.12/site-packages/airflow/example_dags/tutorial_dag.py
[2026-04-14T18:33:59.969+0000] {processor.py:925} INFO - DAG(s) 'tutorial_dag' retrieved from /home/airflow/.local/lib/python3.12/site-packages/airflow/example_dags/tutorial_dag.py
[2026-04-14T18:33:59.981+0000] {logging_mixin.py:190} INFO - [2026-04-14T18:33:59.980+0000] {dag.py:3239} INFO - Sync 1 DAGs
[2026-04-14T18:33:59.987+0000] {logging_mixin.py:190} INFO - [2026-04-14T18:33:59.987+0000] {dag.py:4180} INFO - Setting next_dagrun for tutorial_dag to None, run_after=None
[2026-04-14T18:33:59.997+0000] {processor.py:208} INFO - Processing /home/airflow/.local/lib/python3.12/site-packages/airflow/example_dags/tutorial_dag.py took 0.035 seconds
[2026-04-14T18:34:30.674+0000] {processor.py:186} INFO - Started process (PID=34696) to work on /home/airflow/.local/lib/python3.12/site-packages/airflow/example_dags/tutorial_dag.py
[2026-04-14T18:34:30.675+0000] {processor.py:914} INFO - Processing file /home/airflow/.local/lib/python3.12/site-packages/airflow/example_dags/tutorial_dag.py for tasks to queue
[2026-04-14T18:34:30.676+0000] {logging_mixin.py:190} INFO - [2026-04-14T18:34:30.675+0000] {dagbag.py:588} INFO - Filling up the DagBag from /home/airflow/.local/lib/python3.12/site-packages/airflow/example_dags/tutorial_dag.py
[2026-04-14T18:34:30.680+0000] {processor.py:925} INFO - DAG(s) 'tutorial_dag' retrieved from /home/airflow/.local/lib/python3.12/site-packages/airflow/example_dags/tutorial_dag.py
[2026-04-14T18:34:30.694+0000] {logging_mixin.py:190} INFO - [2026-04-14T18:34:30.694+0000] {dag.py:3239} INFO - Sync 1 DAGs
[2026-04-14T18:34:30.701+0000] {logging_mixin.py:190} INFO - [2026-04-14T18:34:30.700+0000] {dag.py:4180} INFO - Setting next_dagrun for tutorial_dag to None, run_after=None
[2026-04-14T18:34:30.708+0000] {processor.py:208} INFO - Processing /home/airflow/.local/lib/python3.12/site-packages/airflow/example_dags/tutorial_dag.py took 0.037 seconds
[2026-04-14T18:35:01.616+0000] {processor.py:186} INFO - Started process (PID=34760) to work on /home/airflow/.local/lib/python3.12/site-packages/airflow/example_dags/tutorial_dag.py
[2026-04-14T18:35:01.617+0000] {processor.py:914} INFO - Processing file /home/airflow/.local/lib/python3.12/site-packages/airflow/example_dags/tutorial_dag.py for tasks to queue
[2026-04-14T18:35:01.617+0000] {logging_mixin.py:190} INFO - [2026-04-14T18:35:01.617+0000] {dagbag.py:588} INFO - Filling up the DagBag from /home/airflow/.local/lib/python3.12/site-packages/airflow/example_dags/tutorial_dag.py
[2026-04-14T18:35:01.620+0000] {processor.py:925} INFO - DAG(s) 'tutorial_dag' retrieved from /home/airflow/.local/lib/python3.12/site-packages/airflow/example_dags/tutorial_dag.py
[2026-04-14T18:35:01.628+0000] {logging_mixin.py:190} INFO - [2026-04-14T18:35:01.628+0000] {dag.py:3239} INFO - Sync 1 DAGs
[2026-04-14T18:35:01.633+0000] {logging_mixin.py:190} INFO - [2026-04-14T18:35:01.633+0000] {dag.py:4180} INFO - Setting next_dagrun for tutorial_dag to None, run_after=None
[2026-04-14T18:35:01.638+0000] {processor.py:208} INFO - Processing /home/airflow/.local/lib/python3.12/site-packages/airflow/example_dags/tutorial_dag.py took 0.025 seconds
[2026-04-14T18:35:32.177+0000] {processor.py:186} INFO - Started process (PID=34824) to work on /home/airflow/.local/lib/python3.12/site-packages/airflow/example_dags/tutorial_dag.py
[2026-04-14T18:35:32.178+0000] {processor.py:914} INFO - Processing file /home/airflow/.local/lib/python3.12/site-packages/airflow/example_dags/tutorial_dag.py for tasks to queue
[2026-04-14T18:35:32.178+0000] {logging_mixin.py:190} INFO - [2026-04-14T18:35:32.178+0000] {dagbag.py:588} INFO - Filling up the DagBag from /home/airflow/.local/lib/python3.12/site-packages/airflow/example_dags/tutorial_dag.py
[2026-04-14T18:35:32.182+0000] {processor.py:925} INFO - DAG(s) 'tutorial_dag' retrieved from /home/airflow/.local/lib/python3.12/site-packages/airflow/example_dags/tutorial_dag.py
[2026-04-14T18:35:32.193+0000] {logging_mixin.py:190} INFO - [2026-04-14T18:35:32.193+0000] {dag.py:3239} INFO - Sync 1 DAGs
[2026-04-14T18:35:32.200+0000] {logging_mixin.py:190} INFO - [2026-04-14T18:35:32.200+0000] {dag.py:4180} INFO - Setting next_dagrun for tutorial_dag to None, run_after=None
[2026-04-14T18:35:32.209+0000] {processor.py:208} INFO - Processing /home/airflow/.local/lib/python3.12/site-packages/airflow/example_dags/tutorial_dag.py took 0.035 seconds
[2026-04-14T18:36:02.630+0000] {processor.py:186} INFO - Started process (PID=34888) to work on /home/airflow/.local/lib/python3.12/site-packages/airflow/example_dags/tutorial_dag.py
[2026-04-14T18:36:02.630+0000] {processor.py:914} INFO - Processing file /home/airflow/.local/lib/python3.12/site-packages/airflow/example_dags/tutorial_dag.py for tasks to queue
[2026-04-14T18:36:02.631+0000] {logging_mixin.py:190} INFO - [2026-04-14T18:36:02.631+0000] {dagbag.py:588} INFO - Filling up the DagBag from /home/airflow/.local/lib/python3.12/site-packages/airflow/example_dags/tutorial_dag.py
[2026-04-14T18:36:02.634+0000] {processor.py:925} INFO - DAG(s) 'tutorial_dag' retrieved from /home/airflow/.local/lib/python3.12/site-packages/airflow/example_dags/tutorial_dag.py
[2026-04-14T18:36:02.640+0000] {logging_mixin.py:190} INFO - [2026-04-14T18:36:02.640+0000] {dag.py:3239} INFO - Sync 1 DAGs
[2026-04-14T18:36:02.646+0000] {logging_mixin.py:190} INFO - [2026-04-14T18:36:02.646+0000] {dag.py:4180} INFO - Setting next_dagrun for tutorial_dag to None, run_after=None
[2026-04-14T18:36:02.654+0000] {processor.py:208} INFO - Processing /home/airflow/.local/lib/python3.12/site-packages/airflow/example_dags/tutorial_dag.py took 0.026 seconds
[2026-04-14T18:36:33.233+0000] {processor.py:186} INFO - Started process (PID=34952) to work on /home/airflow/.local/lib/python3.12/site-packages/airflow/example_dags/tutorial_dag.py
[2026-04-14T18:36:33.233+0000] {processor.py:914} INFO - Processing file /home/airflow/.local/lib/python3.12/site-packages/airflow/example_dags/tutorial_dag.py for tasks to queue
[2026-04-14T18:36:33.234+0000] {logging_mixin.py:190} INFO - [2026-04-14T18:36:33.234+0000] {dagbag.py:588} INFO - Filling up the DagBag from /home/airflow/.local/lib/python3.12/site-packages/airflow/example_dags/tutorial_dag.py
[2026-04-14T18:36:33.237+0000] {processor.py:925} INFO - DAG(s) 'tutorial_dag' retrieved from /home/airflow/.local/lib/python3.12/site-packages/airflow/example_dags/tutorial_dag.py
[2026-04-14T18:36:33.248+0000] {logging_mixin.py:190} INFO - [2026-04-14T18:36:33.248+0000] {dag.py:3239} INFO - Sync 1 DAGs
[2026-04-14T18:36:33.253+0000] {logging_mixin.py:190} INFO - [2026-04-14T18:36:33.253+0000] {dag.py:4180} INFO - Setting next_dagrun for tutorial_dag to None, run_after=None
[2026-04-14T18:36:33.265+0000] {processor.py:208} INFO - Processing /home/airflow/.local/lib/python3.12/site-packages/airflow/example_dags/tutorial_dag.py took 0.036 seconds
[2026-04-14T18:37:04.089+0000] {processor.py:186} INFO - Started process (PID=35022) to work on /home/airflow/.local/lib/python3.12/site-packages/airflow/example_dags/tutorial_dag.py
[2026-04-14T18:37:04.090+0000] {processor.py:914} INFO - Processing file /home/airflow/.local/lib/python3.12/site-packages/airflow/example_dags/tutorial_dag.py for tasks to queue
[2026-04-14T18:37:04.090+0000] {logging_mixin.py:190} INFO - [2026-04-14T18:37:04.090+0000] {dagbag.py:588} INFO - Filling up the DagBag from /home/airflow/.local/lib/python3.12/site-packages/airflow/example_dags/tutorial_dag.py
[2026-04-14T18:37:04.094+0000] {processor.py:925} INFO - DAG(s) 'tutorial_dag' retrieved from /home/airflow/.local/lib/python3.12/site-packages/airflow/example_dags/tutorial_dag.py
[2026-04-14T18:37:04.105+0000] {logging_mixin.py:190} INFO - [2026-04-14T18:37:04.105+0000] {dag.py:3239} INFO - Sync 1 DAGs
[2026-04-14T18:37:04.112+0000] {logging_mixin.py:190} INFO - [2026-04-14T18:37:04.112+0000] {dag.py:4180} INFO - Setting next_dagrun for tutorial_dag to None, run_after=None
[2026-04-14T18:37:04.122+0000] {processor.py:208} INFO - Processing /home/airflow/.local/lib/python3.12/site-packages/airflow/example_dags/tutorial_dag.py took 0.036 seconds
[2026-04-14T18:37:34.687+0000] {processor.py:186} INFO - Started process (PID=35086) to work on /home/airflow/.local/lib/python3.12/site-packages/airflow/example_dags/tutorial_dag.py
[2026-04-14T18:37:34.687+0000] {processor.py:914} INFO - Processing file /home/airflow/.local/lib/python3.12/site-packages/airflow/example_dags/tutorial_dag.py for tasks to queue
[2026-04-14T18:37:34.689+0000] {logging_mixin.py:190} INFO - [2026-04-14T18:37:34.689+0000] {dagbag.py:588} INFO - Filling up the DagBag from /home/airflow/.local/lib/python3.12/site-packages/airflow/example_dags/tutorial_dag.py
[2026-04-14T18:37:34.693+0000] {processor.py:925} INFO - DAG(s) 'tutorial_dag' retrieved from /home/airflow/.local/lib/python3.12/site-packages/airflow/example_dags/tutorial_dag.py
[2026-04-14T18:37:34.708+0000] {logging_mixin.py:190} INFO - [2026-04-14T18:37:34.708+0000] {dag.py:3239} INFO - Sync 1 DAGs
[2026-04-14T18:37:34.714+0000] {logging_mixin.py:190} INFO - [2026-04-14T18:37:34.714+0000] {dag.py:4180} INFO - Setting next_dagrun for tutorial_dag to None, run_after=None
[2026-04-14T18:37:34.721+0000] {processor.py:208} INFO - Processing /home/airflow/.local/lib/python3.12/site-packages/airflow/example_dags/tutorial_dag.py took 0.037 seconds
[2026-04-14T18:38:05.124+0000] {processor.py:186} INFO - Started process (PID=35150) to work on /home/airflow/.local/lib/python3.12/site-packages/airflow/example_dags/tutorial_dag.py
[2026-04-14T18:38:05.125+0000] {processor.py:914} INFO - Processing file /home/airflow/.local/lib/python3.12/site-packages/airflow/example_dags/tutorial_dag.py for tasks to queue
[2026-04-14T18:38:05.126+0000] {logging_mixin.py:190} INFO - [2026-04-14T18:38:05.125+0000] {dagbag.py:588} INFO - Filling up the DagBag from /home/airflow/.local/lib/python3.12/site-packages/airflow/example_dags/tutorial_dag.py
[2026-04-14T18:38:05.129+0000] {processor.py:925} INFO - DAG(s) 'tutorial_dag' retrieved from /home/airflow/.local/lib/python3.12/site-packages/airflow/example_dags/tutorial_dag.py
[2026-04-14T18:38:05.145+0000] {logging_mixin.py:190} INFO - [2026-04-14T18:38:05.145+0000] {dag.py:3239} INFO - Sync 1 DAGs
[2026-04-14T18:38:05.152+0000] {logging_mixin.py:190} INFO - [2026-04-14T18:38:05.152+0000] {dag.py:4180} INFO - Setting next_dagrun for tutorial_dag to None, run_after=None
[2026-04-14T18:38:05.159+0000] {processor.py:208} INFO - Processing /home/airflow/.local/lib/python3.12/site-packages/airflow/example_dags/tutorial_dag.py took 0.038 seconds
[2026-04-14T18:38:35.684+0000] {processor.py:186} INFO - Started process (PID=35214) to work on /home/airflow/.local/lib/python3.12/site-packages/airflow/example_dags/tutorial_dag.py
[2026-04-14T18:38:35.685+0000] {processor.py:914} INFO - Processing file /home/airflow/.local/lib/python3.12/site-packages/airflow/example_dags/tutorial_dag.py for tasks to queue
[2026-04-14T18:38:35.685+0000] {logging_mixin.py:190} INFO - [2026-04-14T18:38:35.685+0000] {dagbag.py:588} INFO - Filling up the DagBag from /home/airflow/.local/lib/python3.12/site-packages/airflow/example_dags/tutorial_dag.py
[2026-04-14T18:38:35.689+0000] {processor.py:925} INFO - DAG(s) 'tutorial_dag' retrieved from /home/airflow/.local/lib/python3.12/site-packages/airflow/example_dags/tutorial_dag.py
[2026-04-14T18:38:35.698+0000] {logging_mixin.py:190} INFO - [2026-04-14T18:38:35.697+0000] {dag.py:3239} INFO - Sync 1 DAGs
[2026-04-14T18:38:35.706+0000] {logging_mixin.py:190} INFO - [2026-04-14T18:38:35.706+0000] {dag.py:4180} INFO - Setting next_dagrun for tutorial_dag to None, run_after=None
[2026-04-14T18:38:35.716+0000] {processor.py:208} INFO - Processing /home/airflow/.local/lib/python3.12/site-packages/airflow/example_dags/tutorial_dag.py took 0.034 seconds
[2026-04-14T18:39:06.205+0000] {processor.py:186} INFO - Started process (PID=35278) to work on /home/airflow/.local/lib/python3.12/site-packages/airflow/example_dags/tutorial_dag.py
[2026-04-14T18:39:06.205+0000] {processor.py:914} INFO - Processing file /home/airflow/.local/lib/python3.12/site-packages/airflow/example_dags/tutorial_dag.py for tasks to queue
[2026-04-14T18:39:06.206+0000] {logging_mixin.py:190} INFO - [2026-04-14T18:39:06.206+0000] {dagbag.py:588} INFO - Filling up the DagBag from /home/airflow/.local/lib/python3.12/site-packages/airflow/example_dags/tutorial_dag.py
[2026-04-14T18:39:06.209+0000] {processor.py:925} INFO - DAG(s) 'tutorial_dag' retrieved from /home/airflow/.local/lib/python3.12/site-packages/airflow/example_dags/tutorial_dag.py
[2026-04-14T18:39:06.216+0000] {logging_mixin.py:190} INFO - [2026-04-14T18:39:06.216+0000] {dag.py:3239} INFO - Sync 1 DAGs
[2026-04-14T18:39:06.224+0000] {logging_mixin.py:190} INFO - [2026-04-14T18:39:06.224+0000] {dag.py:4180} INFO - Setting next_dagrun for tutorial_dag to None, run_after=None
[2026-04-14T18:39:06.234+0000] {processor.py:208} INFO - Processing /home/airflow/.local/lib/python3.12/site-packages/airflow/example_dags/tutorial_dag.py took 0.031 seconds
[2026-04-14T18:39:36.798+0000] {processor.py:186} INFO - Started process (PID=35342) to work on /home/airflow/.local/lib/python3.12/site-packages/airflow/example_dags/tutorial_dag.py
[2026-04-14T18:39:36.798+0000] {processor.py:914} INFO - Processing file /home/airflow/.local/lib/python3.12/site-packages/airflow/example_dags/tutorial_dag.py for tasks to queue
[2026-04-14T18:39:36.799+0000] {logging_mixin.py:190} INFO - [2026-04-14T18:39:36.799+0000] {dagbag.py:588} INFO - Filling up the DagBag from /home/airflow/.local/lib/python3.12/site-packages/airflow/example_dags/tutorial_dag.py
[2026-04-14T18:39:36.802+0000] {processor.py:925} INFO - DAG(s) 'tutorial_dag' retrieved from /home/airflow/.local/lib/python3.12/site-packages/airflow/example_dags/tutorial_dag.py
[2026-04-14T18:39:36.809+0000] {logging_mixin.py:190} INFO - [2026-04-14T18:39:36.809+0000] {dag.py:3239} INFO - Sync 1 DAGs
[2026-04-14T18:39:36.814+0000] {logging_mixin.py:190} INFO - [2026-04-14T18:39:36.814+0000] {dag.py:4180} INFO - Setting next_dagrun for tutorial_dag to None, run_after=None
[2026-04-14T18:39:36.818+0000] {processor.py:208} INFO - Processing /home/airflow/.local/lib/python3.12/site-packages/airflow/example_dags/tutorial_dag.py took 0.023 seconds
[2026-04-14T18:40:07.398+0000] {processor.py:186} INFO - Started process (PID=35406) to work on /home/airflow/.local/lib/python3.12/site-packages/airflow/example_dags/tutorial_dag.py
[2026-04-14T18:40:07.398+0000] {processor.py:914} INFO - Processing file /home/airflow/.local/lib/python3.12/site-packages/airflow/example_dags/tutorial_dag.py for tasks to queue
[2026-04-14T18:40:07.399+0000] {logging_mixin.py:190} INFO - [2026-04-14T18:40:07.399+0000] {dagbag.py:588} INFO - Filling up the DagBag from /home/airflow/.local/lib/python3.12/site-packages/airflow/example_dags/tutorial_dag.py
[2026-04-14T18:40:07.402+0000] {processor.py:925} INFO - DAG(s) 'tutorial_dag' retrieved from /home/airflow/.local/lib/python3.12/site-packages/airflow/example_dags/tutorial_dag.py
[2026-04-14T18:40:07.417+0000] {logging_mixin.py:190} INFO - [2026-04-14T18:40:07.417+0000] {dag.py:3239} INFO - Sync 1 DAGs
[2026-04-14T18:40:07.423+0000] {logging_mixin.py:190} INFO - [2026-04-14T18:40:07.423+0000] {dag.py:4180} INFO - Setting next_dagrun for tutorial_dag to None, run_after=None
[2026-04-14T18:40:07.435+0000] {processor.py:208} INFO - Processing /home/airflow/.local/lib/python3.12/site-packages/airflow/example_dags/tutorial_dag.py took 0.040 seconds
[2026-04-14T18:40:38.292+0000] {processor.py:186} INFO - Started process (PID=35470) to work on /home/airflow/.local/lib/python3.12/site-packages/airflow/example_dags/tutorial_dag.py
[2026-04-14T18:40:38.292+0000] {processor.py:914} INFO - Processing file /home/airflow/.local/lib/python3.12/site-packages/airflow/example_dags/tutorial_dag.py for tasks to queue
[2026-04-14T18:40:38.293+0000] {logging_mixin.py:190} INFO - [2026-04-14T18:40:38.293+0000] {dagbag.py:588} INFO - Filling up the DagBag from /home/airflow/.local/lib/python3.12/site-packages/airflow/example_dags/tutorial_dag.py
[2026-04-14T18:40:38.297+0000] {processor.py:925} INFO - DAG(s) 'tutorial_dag' retrieved from /home/airflow/.local/lib/python3.12/site-packages/airflow/example_dags/tutorial_dag.py
[2026-04-14T18:40:38.308+0000] {logging_mixin.py:190} INFO - [2026-04-14T18:40:38.308+0000] {dag.py:3239} INFO - Sync 1 DAGs
[2026-04-14T18:40:38.316+0000] {logging_mixin.py:190} INFO - [2026-04-14T18:40:38.315+0000] {dag.py:4180} INFO - Setting next_dagrun for tutorial_dag to None, run_after=None
[2026-04-14T18:40:38.323+0000] {processor.py:208} INFO - Processing /home/airflow/.local/lib/python3.12/site-packages/airflow/example_dags/tutorial_dag.py took 0.034 seconds
[2026-04-14T18:41:09.222+0000] {processor.py:186} INFO - Started process (PID=35534) to work on /home/airflow/.local/lib/python3.12/site-packages/airflow/example_dags/tutorial_dag.py
[2026-04-14T18:41:09.223+0000] {processor.py:914} INFO - Processing file /home/airflow/.local/lib/python3.12/site-packages/airflow/example_dags/tutorial_dag.py for tasks to queue
[2026-04-14T18:41:09.223+0000] {logging_mixin.py:190} INFO - [2026-04-14T18:41:09.223+0000] {dagbag.py:588} INFO - Filling up the DagBag from /home/airflow/.local/lib/python3.12/site-packages/airflow/example_dags/tutorial_dag.py
[2026-04-14T18:41:09.226+0000] {processor.py:925} INFO - DAG(s) 'tutorial_dag' retrieved from /home/airflow/.local/lib/python3.12/site-packages/airflow/example_dags/tutorial_dag.py
[2026-04-14T18:41:09.233+0000] {logging_mixin.py:190} INFO - [2026-04-14T18:41:09.233+0000] {dag.py:3239} INFO - Sync 1 DAGs
[2026-04-14T18:41:09.239+0000] {logging_mixin.py:190} INFO - [2026-04-14T18:41:09.238+0000] {dag.py:4180} INFO - Setting next_dagrun for tutorial_dag to None, run_after=None
[2026-04-14T18:41:09.244+0000] {processor.py:208} INFO - Processing /home/airflow/.local/lib/python3.12/site-packages/airflow/example_dags/tutorial_dag.py took 0.024 seconds
[2026-04-14T18:41:40.198+0000] {processor.py:186} INFO - Started process (PID=35598) to work on /home/airflow/.local/lib/python3.12/site-packages/airflow/example_dags/tutorial_dag.py
[2026-04-14T18:41:40.199+0000] {processor.py:914} INFO - Processing file /home/airflow/.local/lib/python3.12/site-packages/airflow/example_dags/tutorial_dag.py for tasks to queue
[2026-04-14T18:41:40.200+0000] {logging_mixin.py:190} INFO - [2026-04-14T18:41:40.200+0000] {dagbag.py:588} INFO - Filling up the DagBag from /home/airflow/.local/lib/python3.12/site-packages/airflow/example_dags/tutorial_dag.py
[2026-04-14T18:41:40.205+0000] {processor.py:925} INFO - DAG(s) 'tutorial_dag' retrieved from /home/airflow/.local/lib/python3.12/site-packages/airflow/example_dags/tutorial_dag.py
[2026-04-14T18:41:40.218+0000] {logging_mixin.py:190} INFO - [2026-04-14T18:41:40.218+0000] {dag.py:3239} INFO - Sync 1 DAGs
[2026-04-14T18:41:40.225+0000] {logging_mixin.py:190} INFO - [2026-04-14T18:41:40.225+0000] {dag.py:4180} INFO - Setting next_dagrun for tutorial_dag to None, run_after=None
[2026-04-14T18:41:40.232+0000] {processor.py:208} INFO - Processing /home/airflow/.local/lib/python3.12/site-packages/airflow/example_dags/tutorial_dag.py took 0.037 seconds
[2026-04-14T18:42:11.005+0000] {processor.py:186} INFO - Started process (PID=35662) to work on /home/airflow/.local/lib/python3.12/site-packages/airflow/example_dags/tutorial_dag.py
[2026-04-14T18:42:11.005+0000] {processor.py:914} INFO - Processing file /home/airflow/.local/lib/python3.12/site-packages/airflow/example_dags/tutorial_dag.py for tasks to queue
[2026-04-14T18:42:11.007+0000] {logging_mixin.py:190} INFO - [2026-04-14T18:42:11.007+0000] {dagbag.py:588} INFO - Filling up the DagBag from /home/airflow/.local/lib/python3.12/site-packages/airflow/example_dags/tutorial_dag.py
[2026-04-14T18:42:11.010+0000] {processor.py:925} INFO - DAG(s) 'tutorial_dag' retrieved from /home/airflow/.local/lib/python3.12/site-packages/airflow/example_dags/tutorial_dag.py
[2026-04-14T18:42:11.020+0000] {logging_mixin.py:190} INFO - [2026-04-14T18:42:11.020+0000] {dag.py:3239} INFO - Sync 1 DAGs
[2026-04-14T18:42:11.028+0000] {logging_mixin.py:190} INFO - [2026-04-14T18:42:11.028+0000] {dag.py:4180} INFO - Setting next_dagrun for tutorial_dag to None, run_after=None
[2026-04-14T18:42:11.035+0000] {processor.py:208} INFO - Processing /home/airflow/.local/lib/python3.12/site-packages/airflow/example_dags/tutorial_dag.py took 0.033 seconds
[2026-04-14T18:42:41.979+0000] {processor.py:186} INFO - Started process (PID=35725) to work on /home/airflow/.local/lib/python3.12/site-packages/airflow/example_dags/tutorial_dag.py
[2026-04-14T18:42:41.981+0000] {processor.py:914} INFO - Processing file /home/airflow/.local/lib/python3.12/site-packages/airflow/example_dags/tutorial_dag.py for tasks to queue
[2026-04-14T18:42:41.982+0000] {logging_mixin.py:190} INFO - [2026-04-14T18:42:41.981+0000] {dagbag.py:588} INFO - Filling up the DagBag from /home/airflow/.local/lib/python3.12/site-packages/airflow/example_dags/tutorial_dag.py
[2026-04-14T18:42:41.985+0000] {processor.py:925} INFO - DAG(s) 'tutorial_dag' retrieved from /home/airflow/.local/lib/python3.12/site-packages/airflow/example_dags/tutorial_dag.py
[2026-04-14T18:42:41.992+0000] {logging_mixin.py:190} INFO - [2026-04-14T18:42:41.992+0000] {dag.py:3239} INFO - Sync 1 DAGs
[2026-04-14T18:42:41.999+0000] {logging_mixin.py:190} INFO - [2026-04-14T18:42:41.999+0000] {dag.py:4180} INFO - Setting next_dagrun for tutorial_dag to None, run_after=None
[2026-04-14T18:42:42.010+0000] {processor.py:208} INFO - Processing /home/airflow/.local/lib/python3.12/site-packages/airflow/example_dags/tutorial_dag.py took 0.033 seconds
[2026-04-14T18:43:12.792+0000] {processor.py:186} INFO - Started process (PID=35789) to work on /home/airflow/.local/lib/python3.12/site-packages/airflow/example_dags/tutorial_dag.py
[2026-04-14T18:43:12.792+0000] {processor.py:914} INFO - Processing file /home/airflow/.local/lib/python3.12/site-packages/airflow/example_dags/tutorial_dag.py for tasks to queue
[2026-04-14T18:43:12.793+0000] {logging_mixin.py:190} INFO - [2026-04-14T18:43:12.793+0000] {dagbag.py:588} INFO - Filling up the DagBag from /home/airflow/.local/lib/python3.12/site-packages/airflow/example_dags/tutorial_dag.py
[2026-04-14T18:43:12.796+0000] {processor.py:925} INFO - DAG(s) 'tutorial_dag' retrieved from /home/airflow/.local/lib/python3.12/site-packages/airflow/example_dags/tutorial_dag.py
[2026-04-14T18:43:12.804+0000] {logging_mixin.py:190} INFO - [2026-04-14T18:43:12.803+0000] {dag.py:3239} INFO - Sync 1 DAGs
[2026-04-14T18:43:12.809+0000] {logging_mixin.py:190} INFO - [2026-04-14T18:43:12.809+0000] {dag.py:4180} INFO - Setting next_dagrun for tutorial_dag to None, run_after=None
[2026-04-14T18:43:12.814+0000] {processor.py:208} INFO - Processing /home/airflow/.local/lib/python3.12/site-packages/airflow/example_dags/tutorial_dag.py took 0.025 seconds
[2026-04-14T18:43:43.905+0000] {processor.py:186} INFO - Started process (PID=35853) to work on /home/airflow/.local/lib/python3.12/site-packages/airflow/example_dags/tutorial_dag.py
[2026-04-14T18:43:43.906+0000] {processor.py:914} INFO - Processing file /home/airflow/.local/lib/python3.12/site-packages/airflow/example_dags/tutorial_dag.py for tasks to queue
[2026-04-14T18:43:43.907+0000] {logging_mixin.py:190} INFO - [2026-04-14T18:43:43.907+0000] {dagbag.py:588} INFO - Filling up the DagBag from /home/airflow/.local/lib/python3.12/site-packages/airflow/example_dags/tutorial_dag.py
[2026-04-14T18:43:43.913+0000] {processor.py:925} INFO - DAG(s) 'tutorial_dag' retrieved from /home/airflow/.local/lib/python3.12/site-packages/airflow/example_dags/tutorial_dag.py
[2026-04-14T18:43:43.923+0000] {logging_mixin.py:190} INFO - [2026-04-14T18:43:43.923+0000] {dag.py:3239} INFO - Sync 1 DAGs
[2026-04-14T18:43:43.929+0000] {logging_mixin.py:190} INFO - [2026-04-14T18:43:43.929+0000] {dag.py:4180} INFO - Setting next_dagrun for tutorial_dag to None, run_after=None
[2026-04-14T18:43:43.938+0000] {processor.py:208} INFO - Processing /home/airflow/.local/lib/python3.12/site-packages/airflow/example_dags/tutorial_dag.py took 0.035 seconds
[2026-04-14T18:44:14.738+0000] {processor.py:186} INFO - Started process (PID=35917) to work on /home/airflow/.local/lib/python3.12/site-packages/airflow/example_dags/tutorial_dag.py
[2026-04-14T18:44:14.739+0000] {processor.py:914} INFO - Processing file /home/airflow/.local/lib/python3.12/site-packages/airflow/example_dags/tutorial_dag.py for tasks to queue
[2026-04-14T18:44:14.739+0000] {logging_mixin.py:190} INFO - [2026-04-14T18:44:14.739+0000] {dagbag.py:588} INFO - Filling up the DagBag from /home/airflow/.local/lib/python3.12/site-packages/airflow/example_dags/tutorial_dag.py
[2026-04-14T18:44:14.745+0000] {processor.py:925} INFO - DAG(s) 'tutorial_dag' retrieved from /home/airflow/.local/lib/python3.12/site-packages/airflow/example_dags/tutorial_dag.py
[2026-04-14T18:44:14.759+0000] {logging_mixin.py:190} INFO - [2026-04-14T18:44:14.759+0000] {dag.py:3239} INFO - Sync 1 DAGs
[2026-04-14T18:44:14.765+0000] {logging_mixin.py:190} INFO - [2026-04-14T18:44:14.764+0000] {dag.py:4180} INFO - Setting next_dagrun for tutorial_dag to None, run_after=None
[2026-04-14T18:44:14.772+0000] {processor.py:208} INFO - Processing /home/airflow/.local/lib/python3.12/site-packages/airflow/example_dags/tutorial_dag.py took 0.037 seconds
[2026-04-14T18:44:45.704+0000] {processor.py:186} INFO - Started process (PID=35981) to work on /home/airflow/.local/lib/python3.12/site-packages/airflow/example_dags/tutorial_dag.py
[2026-04-14T18:44:45.704+0000] {processor.py:914} INFO - Processing file /home/airflow/.local/lib/python3.12/site-packages/airflow/example_dags/tutorial_dag.py for tasks to queue
[2026-04-14T18:44:45.705+0000] {logging_mixin.py:190} INFO - [2026-04-14T18:44:45.705+0000] {dagbag.py:588} INFO - Filling up the DagBag from /home/airflow/.local/lib/python3.12/site-packages/airflow/example_dags/tutorial_dag.py
[2026-04-14T18:44:45.710+0000] {processor.py:925} INFO - DAG(s) 'tutorial_dag' retrieved from /home/airflow/.local/lib/python3.12/site-packages/airflow/example_dags/tutorial_dag.py
[2026-04-14T18:44:45.721+0000] {logging_mixin.py:190} INFO - [2026-04-14T18:44:45.721+0000] {dag.py:3239} INFO - Sync 1 DAGs
[2026-04-14T18:44:45.728+0000] {logging_mixin.py:190} INFO - [2026-04-14T18:44:45.728+0000] {dag.py:4180} INFO - Setting next_dagrun for tutorial_dag to None, run_after=None
[2026-04-14T18:44:45.734+0000] {processor.py:208} INFO - Processing /home/airflow/.local/lib/python3.12/site-packages/airflow/example_dags/tutorial_dag.py took 0.033 seconds
[2026-04-14T18:45:16.894+0000] {processor.py:186} INFO - Started process (PID=36045) to work on /home/airflow/.local/lib/python3.12/site-packages/airflow/example_dags/tutorial_dag.py
[2026-04-14T18:45:16.895+0000] {processor.py:914} INFO - Processing file /home/airflow/.local/lib/python3.12/site-packages/airflow/example_dags/tutorial_dag.py for tasks to queue
[2026-04-14T18:45:16.895+0000] {logging_mixin.py:190} INFO - [2026-04-14T18:45:16.895+0000] {dagbag.py:588} INFO - Filling up the DagBag from /home/airflow/.local/lib/python3.12/site-packages/airflow/example_dags/tutorial_dag.py
[2026-04-14T18:45:16.898+0000] {processor.py:925} INFO - DAG(s) 'tutorial_dag' retrieved from /home/airflow/.local/lib/python3.12/site-packages/airflow/example_dags/tutorial_dag.py
[2026-04-14T18:45:16.905+0000] {logging_mixin.py:190} INFO - [2026-04-14T18:45:16.905+0000] {dag.py:3239} INFO - Sync 1 DAGs
[2026-04-14T18:45:16.911+0000] {logging_mixin.py:190} INFO - [2026-04-14T18:45:16.911+0000] {dag.py:4180} INFO - Setting next_dagrun for tutorial_dag to None, run_after=None
[2026-04-14T18:45:16.916+0000] {processor.py:208} INFO - Processing /home/airflow/.local/lib/python3.12/site-packages/airflow/example_dags/tutorial_dag.py took 0.024 seconds
[2026-04-14T18:45:47.632+0000] {processor.py:186} INFO - Started process (PID=36109) to work on /home/airflow/.local/lib/python3.12/site-packages/airflow/example_dags/tutorial_dag.py
[2026-04-14T18:45:47.633+0000] {processor.py:914} INFO - Processing file /home/airflow/.local/lib/python3.12/site-packages/airflow/example_dags/tutorial_dag.py for tasks to queue
[2026-04-14T18:45:47.633+0000] {logging_mixin.py:190} INFO - [2026-04-14T18:45:47.633+0000] {dagbag.py:588} INFO - Filling up the DagBag from /home/airflow/.local/lib/python3.12/site-packages/airflow/example_dags/tutorial_dag.py
[2026-04-14T18:45:47.636+0000] {processor.py:925} INFO - DAG(s) 'tutorial_dag' retrieved from /home/airflow/.local/lib/python3.12/site-packages/airflow/example_dags/tutorial_dag.py
[2026-04-14T18:45:47.643+0000] {logging_mixin.py:190} INFO - [2026-04-14T18:45:47.643+0000] {dag.py:3239} INFO - Sync 1 DAGs
[2026-04-14T18:45:47.648+0000] {logging_mixin.py:190} INFO - [2026-04-14T18:45:47.648+0000] {dag.py:4180} INFO - Setting next_dagrun for tutorial_dag to None, run_after=None
[2026-04-14T18:45:47.655+0000] {processor.py:208} INFO - Processing /home/airflow/.local/lib/python3.12/site-packages/airflow/example_dags/tutorial_dag.py took 0.024 seconds
[2026-04-14T18:46:18.608+0000] {processor.py:186} INFO - Started process (PID=36173) to work on /home/airflow/.local/lib/python3.12/site-packages/airflow/example_dags/tutorial_dag.py
[2026-04-14T18:46:18.609+0000] {processor.py:914} INFO - Processing file /home/airflow/.local/lib/python3.12/site-packages/airflow/example_dags/tutorial_dag.py for tasks to queue
[2026-04-14T18:46:18.609+0000] {logging_mixin.py:190} INFO - [2026-04-14T18:46:18.609+0000] {dagbag.py:588} INFO - Filling up the DagBag from /home/airflow/.local/lib/python3.12/site-packages/airflow/example_dags/tutorial_dag.py
[2026-04-14T18:46:18.613+0000] {processor.py:925} INFO - DAG(s) 'tutorial_dag' retrieved from /home/airflow/.local/lib/python3.12/site-packages/airflow/example_dags/tutorial_dag.py
[2026-04-14T18:46:18.624+0000] {logging_mixin.py:190} INFO - [2026-04-14T18:46:18.624+0000] {dag.py:3239} INFO - Sync 1 DAGs
[2026-04-14T18:46:18.631+0000] {logging_mixin.py:190} INFO - [2026-04-14T18:46:18.631+0000] {dag.py:4180} INFO - Setting next_dagrun for tutorial_dag to None, run_after=None
[2026-04-14T18:46:18.642+0000] {processor.py:208} INFO - Processing /home/airflow/.local/lib/python3.12/site-packages/airflow/example_dags/tutorial_dag.py took 0.036 seconds
[2026-04-14T18:46:48.932+0000] {processor.py:186} INFO - Started process (PID=36237) to work on /home/airflow/.local/lib/python3.12/site-packages/airflow/example_dags/tutorial_dag.py
[2026-04-14T18:46:48.932+0000] {processor.py:914} INFO - Processing file /home/airflow/.local/lib/python3.12/site-packages/airflow/example_dags/tutorial_dag.py for tasks to queue
[2026-04-14T18:46:48.933+0000] {logging_mixin.py:190} INFO - [2026-04-14T18:46:48.933+0000] {dagbag.py:588} INFO - Filling up the DagBag from /home/airflow/.local/lib/python3.12/site-packages/airflow/example_dags/tutorial_dag.py
[2026-04-14T18:46:48.937+0000] {processor.py:925} INFO - DAG(s) 'tutorial_dag' retrieved from /home/airflow/.local/lib/python3.12/site-packages/airflow/example_dags/tutorial_dag.py
[2026-04-14T18:46:48.950+0000] {logging_mixin.py:190} INFO - [2026-04-14T18:46:48.950+0000] {dag.py:3239} INFO - Sync 1 DAGs
[2026-04-14T18:46:48.956+0000] {logging_mixin.py:190} INFO - [2026-04-14T18:46:48.956+0000] {dag.py:4180} INFO - Setting next_dagrun for tutorial_dag to None, run_after=None
[2026-04-14T18:46:48.967+0000] {processor.py:208} INFO - Processing /home/airflow/.local/lib/python3.12/site-packages/airflow/example_dags/tutorial_dag.py took 0.038 seconds
[2026-04-14T18:47:19.840+0000] {processor.py:186} INFO - Started process (PID=36301) to work on /home/airflow/.local/lib/python3.12/site-packages/airflow/example_dags/tutorial_dag.py
[2026-04-14T18:47:19.841+0000] {processor.py:914} INFO - Processing file /home/airflow/.local/lib/python3.12/site-packages/airflow/example_dags/tutorial_dag.py for tasks to queue
[2026-04-14T18:47:19.841+0000] {logging_mixin.py:190} INFO - [2026-04-14T18:47:19.841+0000] {dagbag.py:588} INFO - Filling up the DagBag from /home/airflow/.local/lib/python3.12/site-packages/airflow/example_dags/tutorial_dag.py
[2026-04-14T18:47:19.845+0000] {processor.py:925} INFO - DAG(s) 'tutorial_dag' retrieved from /home/airflow/.local/lib/python3.12/site-packages/airflow/example_dags/tutorial_dag.py
[2026-04-14T18:47:19.855+0000] {logging_mixin.py:190} INFO - [2026-04-14T18:47:19.855+0000] {dag.py:3239} INFO - Sync 1 DAGs
[2026-04-14T18:47:19.861+0000] {logging_mixin.py:190} INFO - [2026-04-14T18:47:19.861+0000] {dag.py:4180} INFO - Setting next_dagrun for tutorial_dag to None, run_after=None
[2026-04-14T18:47:19.875+0000] {processor.py:208} INFO - Processing /home/airflow/.local/lib/python3.12/site-packages/airflow/example_dags/tutorial_dag.py took 0.037 seconds
[2026-04-14T18:47:50.624+0000] {processor.py:186} INFO - Started process (PID=36365) to work on /home/airflow/.local/lib/python3.12/site-packages/airflow/example_dags/tutorial_dag.py
[2026-04-14T18:47:50.625+0000] {processor.py:914} INFO - Processing file /home/airflow/.local/lib/python3.12/site-packages/airflow/example_dags/tutorial_dag.py for tasks to queue
[2026-04-14T18:47:50.626+0000] {logging_mixin.py:190} INFO - [2026-04-14T18:47:50.626+0000] {dagbag.py:588} INFO - Filling up the DagBag from /home/airflow/.local/lib/python3.12/site-packages/airflow/example_dags/tutorial_dag.py
[2026-04-14T18:47:50.629+0000] {processor.py:925} INFO - DAG(s) 'tutorial_dag' retrieved from /home/airflow/.local/lib/python3.12/site-packages/airflow/example_dags/tutorial_dag.py
[2026-04-14T18:47:50.638+0000] {logging_mixin.py:190} INFO - [2026-04-14T18:47:50.637+0000] {dag.py:3239} INFO - Sync 1 DAGs
[2026-04-14T18:47:50.643+0000] {logging_mixin.py:190} INFO - [2026-04-14T18:47:50.643+0000] {dag.py:4180} INFO - Setting next_dagrun for tutorial_dag to None, run_after=None
[2026-04-14T18:47:50.654+0000] {processor.py:208} INFO - Processing /home/airflow/.local/lib/python3.12/site-packages/airflow/example_dags/tutorial_dag.py took 0.033 seconds
[2026-04-14T18:48:21.195+0000] {processor.py:186} INFO - Started process (PID=36429) to work on /home/airflow/.local/lib/python3.12/site-packages/airflow/example_dags/tutorial_dag.py
[2026-04-14T18:48:21.196+0000] {processor.py:914} INFO - Processing file /home/airflow/.local/lib/python3.12/site-packages/airflow/example_dags/tutorial_dag.py for tasks to queue
[2026-04-14T18:48:21.196+0000] {logging_mixin.py:190} INFO - [2026-04-14T18:48:21.196+0000] {dagbag.py:588} INFO - Filling up the DagBag from /home/airflow/.local/lib/python3.12/site-packages/airflow/example_dags/tutorial_dag.py
[2026-04-14T18:48:21.200+0000] {processor.py:925} INFO - DAG(s) 'tutorial_dag' retrieved from /home/airflow/.local/lib/python3.12/site-packages/airflow/example_dags/tutorial_dag.py
[2026-04-14T18:48:21.210+0000] {logging_mixin.py:190} INFO - [2026-04-14T18:48:21.210+0000] {dag.py:3239} INFO - Sync 1 DAGs
[2026-04-14T18:48:21.216+0000] {logging_mixin.py:190} INFO - [2026-04-14T18:48:21.216+0000] {dag.py:4180} INFO - Setting next_dagrun for tutorial_dag to None, run_after=None
[2026-04-14T18:48:21.222+0000] {processor.py:208} INFO - Processing /home/airflow/.local/lib/python3.12/site-packages/airflow/example_dags/tutorial_dag.py took 0.030 seconds
[2026-04-14T18:48:51.495+0000] {processor.py:186} INFO - Started process (PID=36492) to work on /home/airflow/.local/lib/python3.12/site-packages/airflow/example_dags/tutorial_dag.py
[2026-04-14T18:48:51.496+0000] {processor.py:914} INFO - Processing file /home/airflow/.local/lib/python3.12/site-packages/airflow/example_dags/tutorial_dag.py for tasks to queue
[2026-04-14T18:48:51.497+0000] {logging_mixin.py:190} INFO - [2026-04-14T18:48:51.496+0000] {dagbag.py:588} INFO - Filling up the DagBag from /home/airflow/.local/lib/python3.12/site-packages/airflow/example_dags/tutorial_dag.py
[2026-04-14T18:48:51.500+0000] {processor.py:925} INFO - DAG(s) 'tutorial_dag' retrieved from /home/airflow/.local/lib/python3.12/site-packages/airflow/example_dags/tutorial_dag.py
[2026-04-14T18:48:51.511+0000] {logging_mixin.py:190} INFO - [2026-04-14T18:48:51.511+0000] {dag.py:3239} INFO - Sync 1 DAGs
[2026-04-14T18:48:51.518+0000] {logging_mixin.py:190} INFO - [2026-04-14T18:48:51.518+0000] {dag.py:4180} INFO - Setting next_dagrun for tutorial_dag to None, run_after=None
[2026-04-14T18:48:51.526+0000] {processor.py:208} INFO - Processing /home/airflow/.local/lib/python3.12/site-packages/airflow/example_dags/tutorial_dag.py took 0.034 seconds
[2026-04-14T18:49:22.326+0000] {processor.py:186} INFO - Started process (PID=36556) to work on /home/airflow/.local/lib/python3.12/site-packages/airflow/example_dags/tutorial_dag.py
[2026-04-14T18:49:22.326+0000] {processor.py:914} INFO - Processing file /home/airflow/.local/lib/python3.12/site-packages/airflow/example_dags/tutorial_dag.py for tasks to queue
[2026-04-14T18:49:22.327+0000] {logging_mixin.py:190} INFO - [2026-04-14T18:49:22.326+0000] {dagbag.py:588} INFO - Filling up the DagBag from /home/airflow/.local/lib/python3.12/site-packages/airflow/example_dags/tutorial_dag.py
[2026-04-14T18:49:22.330+0000] {processor.py:925} INFO - DAG(s) 'tutorial_dag' retrieved from /home/airflow/.local/lib/python3.12/site-packages/airflow/example_dags/tutorial_dag.py
[2026-04-14T18:49:22.343+0000] {logging_mixin.py:190} INFO - [2026-04-14T18:49:22.343+0000] {dag.py:3239} INFO - Sync 1 DAGs
[2026-04-14T18:49:22.350+0000] {logging_mixin.py:190} INFO - [2026-04-14T18:49:22.350+0000] {dag.py:4180} INFO - Setting next_dagrun for tutorial_dag to None, run_after=None
[2026-04-14T18:49:22.361+0000] {processor.py:208} INFO - Processing /home/airflow/.local/lib/python3.12/site-packages/airflow/example_dags/tutorial_dag.py took 0.038 seconds
[2026-04-14T18:49:52.954+0000] {processor.py:186} INFO - Started process (PID=36620) to work on /home/airflow/.local/lib/python3.12/site-packages/airflow/example_dags/tutorial_dag.py
[2026-04-14T18:49:52.954+0000] {processor.py:914} INFO - Processing file /home/airflow/.local/lib/python3.12/site-packages/airflow/example_dags/tutorial_dag.py for tasks to queue
[2026-04-14T18:49:52.955+0000] {logging_mixin.py:190} INFO - [2026-04-14T18:49:52.955+0000] {dagbag.py:588} INFO - Filling up the DagBag from /home/airflow/.local/lib/python3.12/site-packages/airflow/example_dags/tutorial_dag.py
[2026-04-14T18:49:52.960+0000] {processor.py:925} INFO - DAG(s) 'tutorial_dag' retrieved from /home/airflow/.local/lib/python3.12/site-packages/airflow/example_dags/tutorial_dag.py
[2026-04-14T18:49:52.968+0000] {logging_mixin.py:190} INFO - [2026-04-14T18:49:52.968+0000] {dag.py:3239} INFO - Sync 1 DAGs
[2026-04-14T18:49:52.974+0000] {logging_mixin.py:190} INFO - [2026-04-14T18:49:52.974+0000] {dag.py:4180} INFO - Setting next_dagrun for tutorial_dag to None, run_after=None
[2026-04-14T18:49:52.987+0000] {processor.py:208} INFO - Processing /home/airflow/.local/lib/python3.12/site-packages/airflow/example_dags/tutorial_dag.py took 0.037 seconds
[2026-04-14T18:50:23.538+0000] {processor.py:186} INFO - Started process (PID=36685) to work on /home/airflow/.local/lib/python3.12/site-packages/airflow/example_dags/tutorial_dag.py
[2026-04-14T18:50:23.539+0000] {processor.py:914} INFO - Processing file /home/airflow/.local/lib/python3.12/site-packages/airflow/example_dags/tutorial_dag.py for tasks to queue
[2026-04-14T18:50:23.539+0000] {logging_mixin.py:190} INFO - [2026-04-14T18:50:23.539+0000] {dagbag.py:588} INFO - Filling up the DagBag from /home/airflow/.local/lib/python3.12/site-packages/airflow/example_dags/tutorial_dag.py
[2026-04-14T18:50:23.543+0000] {processor.py:925} INFO - DAG(s) 'tutorial_dag' retrieved from /home/airflow/.local/lib/python3.12/site-packages/airflow/example_dags/tutorial_dag.py
[2026-04-14T18:50:23.551+0000] {logging_mixin.py:190} INFO - [2026-04-14T18:50:23.550+0000] {dag.py:3239} INFO - Sync 1 DAGs
[2026-04-14T18:50:23.557+0000] {logging_mixin.py:190} INFO - [2026-04-14T18:50:23.557+0000] {dag.py:4180} INFO - Setting next_dagrun for tutorial_dag to None, run_after=None
[2026-04-14T18:50:23.563+0000] {processor.py:208} INFO - Processing /home/airflow/.local/lib/python3.12/site-packages/airflow/example_dags/tutorial_dag.py took 0.027 seconds
[2026-04-14T18:50:54.142+0000] {processor.py:186} INFO - Started process (PID=36749) to work on /home/airflow/.local/lib/python3.12/site-packages/airflow/example_dags/tutorial_dag.py
[2026-04-14T18:50:54.143+0000] {processor.py:914} INFO - Processing file /home/airflow/.local/lib/python3.12/site-packages/airflow/example_dags/tutorial_dag.py for tasks to queue
[2026-04-14T18:50:54.143+0000] {logging_mixin.py:190} INFO - [2026-04-14T18:50:54.143+0000] {dagbag.py:588} INFO - Filling up the DagBag from /home/airflow/.local/lib/python3.12/site-packages/airflow/example_dags/tutorial_dag.py
[2026-04-14T18:50:54.147+0000] {processor.py:925} INFO - DAG(s) 'tutorial_dag' retrieved from /home/airflow/.local/lib/python3.12/site-packages/airflow/example_dags/tutorial_dag.py
[2026-04-14T18:50:54.154+0000] {logging_mixin.py:190} INFO - [2026-04-14T18:50:54.154+0000] {dag.py:3239} INFO - Sync 1 DAGs
[2026-04-14T18:50:54.161+0000] {logging_mixin.py:190} INFO - [2026-04-14T18:50:54.161+0000] {dag.py:4180} INFO - Setting next_dagrun for tutorial_dag to None, run_after=None
[2026-04-14T18:50:54.167+0000] {processor.py:208} INFO - Processing /home/airflow/.local/lib/python3.12/site-packages/airflow/example_dags/tutorial_dag.py took 0.027 seconds
[2026-04-14T18:51:24.679+0000] {processor.py:186} INFO - Started process (PID=36813) to work on /home/airflow/.local/lib/python3.12/site-packages/airflow/example_dags/tutorial_dag.py
[2026-04-14T18:51:24.679+0000] {processor.py:914} INFO - Processing file /home/airflow/.local/lib/python3.12/site-packages/airflow/example_dags/tutorial_dag.py for tasks to queue
[2026-04-14T18:51:24.680+0000] {logging_mixin.py:190} INFO - [2026-04-14T18:51:24.680+0000] {dagbag.py:588} INFO - Filling up the DagBag from /home/airflow/.local/lib/python3.12/site-packages/airflow/example_dags/tutorial_dag.py
[2026-04-14T18:51:24.683+0000] {processor.py:925} INFO - DAG(s) 'tutorial_dag' retrieved from /home/airflow/.local/lib/python3.12/site-packages/airflow/example_dags/tutorial_dag.py
[2026-04-14T18:51:24.691+0000] {logging_mixin.py:190} INFO - [2026-04-14T18:51:24.691+0000] {dag.py:3239} INFO - Sync 1 DAGs
[2026-04-14T18:51:24.697+0000] {logging_mixin.py:190} INFO - [2026-04-14T18:51:24.697+0000] {dag.py:4180} INFO - Setting next_dagrun for tutorial_dag to None, run_after=None
[2026-04-14T18:51:24.703+0000] {processor.py:208} INFO - Processing /home/airflow/.local/lib/python3.12/site-packages/airflow/example_dags/tutorial_dag.py took 0.026 seconds
[2026-04-14T18:51:55.395+0000] {processor.py:186} INFO - Started process (PID=36877) to work on /home/airflow/.local/lib/python3.12/site-packages/airflow/example_dags/tutorial_dag.py
[2026-04-14T18:51:55.396+0000] {processor.py:914} INFO - Processing file /home/airflow/.local/lib/python3.12/site-packages/airflow/example_dags/tutorial_dag.py for tasks to queue
[2026-04-14T18:51:55.396+0000] {logging_mixin.py:190} INFO - [2026-04-14T18:51:55.396+0000] {dagbag.py:588} INFO - Filling up the DagBag from /home/airflow/.local/lib/python3.12/site-packages/airflow/example_dags/tutorial_dag.py
[2026-04-14T18:51:55.401+0000] {processor.py:925} INFO - DAG(s) 'tutorial_dag' retrieved from /home/airflow/.local/lib/python3.12/site-packages/airflow/example_dags/tutorial_dag.py
[2026-04-14T18:51:55.412+0000] {logging_mixin.py:190} INFO - [2026-04-14T18:51:55.412+0000] {dag.py:3239} INFO - Sync 1 DAGs
[2026-04-14T18:51:55.419+0000] {logging_mixin.py:190} INFO - [2026-04-14T18:51:55.419+0000] {dag.py:4180} INFO - Setting next_dagrun for tutorial_dag to None, run_after=None
[2026-04-14T18:51:55.430+0000] {processor.py:208} INFO - Processing /home/airflow/.local/lib/python3.12/site-packages/airflow/example_dags/tutorial_dag.py took 0.038 seconds
[2026-04-14T18:52:26.112+0000] {processor.py:186} INFO - Started process (PID=36941) to work on /home/airflow/.local/lib/python3.12/site-packages/airflow/example_dags/tutorial_dag.py
[2026-04-14T18:52:26.113+0000] {processor.py:914} INFO - Processing file /home/airflow/.local/lib/python3.12/site-packages/airflow/example_dags/tutorial_dag.py for tasks to queue
[2026-04-14T18:52:26.113+0000] {logging_mixin.py:190} INFO - [2026-04-14T18:52:26.113+0000] {dagbag.py:588} INFO - Filling up the DagBag from /home/airflow/.local/lib/python3.12/site-packages/airflow/example_dags/tutorial_dag.py
[2026-04-14T18:52:26.116+0000] {processor.py:925} INFO - DAG(s) 'tutorial_dag' retrieved from /home/airflow/.local/lib/python3.12/site-packages/airflow/example_dags/tutorial_dag.py
[2026-04-14T18:52:26.124+0000] {logging_mixin.py:190} INFO - [2026-04-14T18:52:26.124+0000] {dag.py:3239} INFO - Sync 1 DAGs
[2026-04-14T18:52:26.129+0000] {logging_mixin.py:190} INFO - [2026-04-14T18:52:26.129+0000] {dag.py:4180} INFO - Setting next_dagrun for tutorial_dag to None, run_after=None
[2026-04-14T18:52:26.138+0000] {processor.py:208} INFO - Processing /home/airflow/.local/lib/python3.12/site-packages/airflow/example_dags/tutorial_dag.py took 0.028 seconds
[2026-04-14T18:52:56.777+0000] {processor.py:186} INFO - Started process (PID=37005) to work on /home/airflow/.local/lib/python3.12/site-packages/airflow/example_dags/tutorial_dag.py
[2026-04-14T18:52:56.778+0000] {processor.py:914} INFO - Processing file /home/airflow/.local/lib/python3.12/site-packages/airflow/example_dags/tutorial_dag.py for tasks to queue
[2026-04-14T18:52:56.778+0000] {logging_mixin.py:190} INFO - [2026-04-14T18:52:56.778+0000] {dagbag.py:588} INFO - Filling up the DagBag from /home/airflow/.local/lib/python3.12/site-packages/airflow/example_dags/tutorial_dag.py
[2026-04-14T18:52:56.782+0000] {processor.py:925} INFO - DAG(s) 'tutorial_dag' retrieved from /home/airflow/.local/lib/python3.12/site-packages/airflow/example_dags/tutorial_dag.py
[2026-04-14T18:52:56.792+0000] {logging_mixin.py:190} INFO - [2026-04-14T18:52:56.792+0000] {dag.py:3239} INFO - Sync 1 DAGs
[2026-04-14T18:52:56.798+0000] {logging_mixin.py:190} INFO - [2026-04-14T18:52:56.798+0000] {dag.py:4180} INFO - Setting next_dagrun for tutorial_dag to None, run_after=None
[2026-04-14T18:52:56.813+0000] {processor.py:208} INFO - Processing /home/airflow/.local/lib/python3.12/site-packages/airflow/example_dags/tutorial_dag.py took 0.038 seconds
[2026-04-14T18:53:27.490+0000] {processor.py:186} INFO - Started process (PID=37069) to work on /home/airflow/.local/lib/python3.12/site-packages/airflow/example_dags/tutorial_dag.py
[2026-04-14T18:53:27.491+0000] {processor.py:914} INFO - Processing file /home/airflow/.local/lib/python3.12/site-packages/airflow/example_dags/tutorial_dag.py for tasks to queue
[2026-04-14T18:53:27.491+0000] {logging_mixin.py:190} INFO - [2026-04-14T18:53:27.491+0000] {dagbag.py:588} INFO - Filling up the DagBag from /home/airflow/.local/lib/python3.12/site-packages/airflow/example_dags/tutorial_dag.py
[2026-04-14T18:53:27.494+0000] {processor.py:925} INFO - DAG(s) 'tutorial_dag' retrieved from /home/airflow/.local/lib/python3.12/site-packages/airflow/example_dags/tutorial_dag.py
[2026-04-14T18:53:27.504+0000] {logging_mixin.py:190} INFO - [2026-04-14T18:53:27.504+0000] {dag.py:3239} INFO - Sync 1 DAGs
[2026-04-14T18:53:27.515+0000] {logging_mixin.py:190} INFO - [2026-04-14T18:53:27.515+0000] {dag.py:4180} INFO - Setting next_dagrun for tutorial_dag to None, run_after=None
[2026-04-14T18:53:27.525+0000] {processor.py:208} INFO - Processing /home/airflow/.local/lib/python3.12/site-packages/airflow/example_dags/tutorial_dag.py took 0.038 seconds
[2026-04-14T18:53:58.106+0000] {processor.py:186} INFO - Started process (PID=37133) to work on /home/airflow/.local/lib/python3.12/site-packages/airflow/example_dags/tutorial_dag.py
[2026-04-14T18:53:58.106+0000] {processor.py:914} INFO - Processing file /home/airflow/.local/lib/python3.12/site-packages/airflow/example_dags/tutorial_dag.py for tasks to queue
[2026-04-14T18:53:58.107+0000] {logging_mixin.py:190} INFO - [2026-04-14T18:53:58.107+0000] {dagbag.py:588} INFO - Filling up the DagBag from /home/airflow/.local/lib/python3.12/site-packages/airflow/example_dags/tutorial_dag.py
[2026-04-14T18:53:58.110+0000] {processor.py:925} INFO - DAG(s) 'tutorial_dag' retrieved from /home/airflow/.local/lib/python3.12/site-packages/airflow/example_dags/tutorial_dag.py
[2026-04-14T18:53:58.119+0000] {logging_mixin.py:190} INFO - [2026-04-14T18:53:58.119+0000] {dag.py:3239} INFO - Sync 1 DAGs
[2026-04-14T18:53:58.124+0000] {logging_mixin.py:190} INFO - [2026-04-14T18:53:58.124+0000] {dag.py:4180} INFO - Setting next_dagrun for tutorial_dag to None, run_after=None
[2026-04-14T18:53:58.129+0000] {processor.py:208} INFO - Processing /home/airflow/.local/lib/python3.12/site-packages/airflow/example_dags/tutorial_dag.py took 0.025 seconds
[2026-04-14T18:54:28.756+0000] {processor.py:186} INFO - Started process (PID=37197) to work on /home/airflow/.local/lib/python3.12/site-packages/airflow/example_dags/tutorial_dag.py
[2026-04-14T18:54:28.757+0000] {processor.py:914} INFO - Processing file /home/airflow/.local/lib/python3.12/site-packages/airflow/example_dags/tutorial_dag.py for tasks to queue
[2026-04-14T18:54:28.757+0000] {logging_mixin.py:190} INFO - [2026-04-14T18:54:28.757+0000] {dagbag.py:588} INFO - Filling up the DagBag from /home/airflow/.local/lib/python3.12/site-packages/airflow/example_dags/tutorial_dag.py
[2026-04-14T18:54:28.764+0000] {processor.py:925} INFO - DAG(s) 'tutorial_dag' retrieved from /home/airflow/.local/lib/python3.12/site-packages/airflow/example_dags/tutorial_dag.py
[2026-04-14T18:54:28.773+0000] {logging_mixin.py:190} INFO - [2026-04-14T18:54:28.772+0000] {dag.py:3239} INFO - Sync 1 DAGs
[2026-04-14T18:54:28.780+0000] {logging_mixin.py:190} INFO - [2026-04-14T18:54:28.780+0000] {dag.py:4180} INFO - Setting next_dagrun for tutorial_dag to None, run_after=None
[2026-04-14T18:54:28.791+0000] {processor.py:208} INFO - Processing /home/airflow/.local/lib/python3.12/site-packages/airflow/example_dags/tutorial_dag.py took 0.038 seconds
[2026-04-14T18:54:59.580+0000] {processor.py:186} INFO - Started process (PID=37261) to work on /home/airflow/.local/lib/python3.12/site-packages/airflow/example_dags/tutorial_dag.py
[2026-04-14T18:54:59.580+0000] {processor.py:914} INFO - Processing file /home/airflow/.local/lib/python3.12/site-packages/airflow/example_dags/tutorial_dag.py for tasks to queue
[2026-04-14T18:54:59.581+0000] {logging_mixin.py:190} INFO - [2026-04-14T18:54:59.581+0000] {dagbag.py:588} INFO - Filling up the DagBag from /home/airflow/.local/lib/python3.12/site-packages/airflow/example_dags/tutorial_dag.py
[2026-04-14T18:54:59.588+0000] {processor.py:925} INFO - DAG(s) 'tutorial_dag' retrieved from /home/airflow/.local/lib/python3.12/site-packages/airflow/example_dags/tutorial_dag.py
[2026-04-14T18:54:59.596+0000] {logging_mixin.py:190} INFO - [2026-04-14T18:54:59.596+0000] {dag.py:3239} INFO - Sync 1 DAGs
[2026-04-14T18:54:59.604+0000] {logging_mixin.py:190} INFO - [2026-04-14T18:54:59.604+0000] {dag.py:4180} INFO - Setting next_dagrun for tutorial_dag to None, run_after=None
[2026-04-14T18:54:59.615+0000] {processor.py:208} INFO - Processing /home/airflow/.local/lib/python3.12/site-packages/airflow/example_dags/tutorial_dag.py took 0.037 seconds
[2026-04-14T18:55:30.509+0000] {processor.py:186} INFO - Started process (PID=37325) to work on /home/airflow/.local/lib/python3.12/site-packages/airflow/example_dags/tutorial_dag.py
[2026-04-14T18:55:30.509+0000] {processor.py:914} INFO - Processing file /home/airflow/.local/lib/python3.12/site-packages/airflow/example_dags/tutorial_dag.py for tasks to queue
[2026-04-14T18:55:30.510+0000] {logging_mixin.py:190} INFO - [2026-04-14T18:55:30.510+0000] {dagbag.py:588} INFO - Filling up the DagBag from /home/airflow/.local/lib/python3.12/site-packages/airflow/example_dags/tutorial_dag.py
[2026-04-14T18:55:30.514+0000] {processor.py:925} INFO - DAG(s) 'tutorial_dag' retrieved from /home/airflow/.local/lib/python3.12/site-packages/airflow/example_dags/tutorial_dag.py
[2026-04-14T18:55:30.528+0000] {logging_mixin.py:190} INFO - [2026-04-14T18:55:30.528+0000] {dag.py:3239} INFO - Sync 1 DAGs
[2026-04-14T18:55:30.535+0000] {logging_mixin.py:190} INFO - [2026-04-14T18:55:30.535+0000] {dag.py:4180} INFO - Setting next_dagrun for tutorial_dag to None, run_after=None
[2026-04-14T18:55:30.543+0000] {processor.py:208} INFO - Processing /home/airflow/.local/lib/python3.12/site-packages/airflow/example_dags/tutorial_dag.py took 0.038 seconds
[2026-04-14T18:56:01.193+0000] {processor.py:186} INFO - Started process (PID=37389) to work on /home/airflow/.local/lib/python3.12/site-packages/airflow/example_dags/tutorial_dag.py
[2026-04-14T18:56:01.196+0000] {processor.py:914} INFO - Processing file /home/airflow/.local/lib/python3.12/site-packages/airflow/example_dags/tutorial_dag.py for tasks to queue
[2026-04-14T18:56:01.197+0000] {logging_mixin.py:190} INFO - [2026-04-14T18:56:01.196+0000] {dagbag.py:588} INFO - Filling up the DagBag from /home/airflow/.local/lib/python3.12/site-packages/airflow/example_dags/tutorial_dag.py
[2026-04-14T18:56:01.200+0000] {processor.py:925} INFO - DAG(s) 'tutorial_dag' retrieved from /home/airflow/.local/lib/python3.12/site-packages/airflow/example_dags/tutorial_dag.py
[2026-04-14T18:56:01.211+0000] {logging_mixin.py:190} INFO - [2026-04-14T18:56:01.211+0000] {dag.py:3239} INFO - Sync 1 DAGs
[2026-04-14T18:56:01.218+0000] {logging_mixin.py:190} INFO - [2026-04-14T18:56:01.218+0000] {dag.py:4180} INFO - Setting next_dagrun for tutorial_dag to None, run_after=None
[2026-04-14T18:56:01.225+0000] {processor.py:208} INFO - Processing /home/airflow/.local/lib/python3.12/site-packages/airflow/example_dags/tutorial_dag.py took 0.035 seconds
[2026-04-14T18:56:31.858+0000] {processor.py:186} INFO - Started process (PID=37453) to work on /home/airflow/.local/lib/python3.12/site-packages/airflow/example_dags/tutorial_dag.py
[2026-04-14T18:56:31.859+0000] {processor.py:914} INFO - Processing file /home/airflow/.local/lib/python3.12/site-packages/airflow/example_dags/tutorial_dag.py for tasks to queue
[2026-04-14T18:56:31.863+0000] {logging_mixin.py:190} INFO - [2026-04-14T18:56:31.863+0000] {dagbag.py:588} INFO - Filling up the DagBag from /home/airflow/.local/lib/python3.12/site-packages/airflow/example_dags/tutorial_dag.py
[2026-04-14T18:56:31.870+0000] {processor.py:925} INFO - DAG(s) 'tutorial_dag' retrieved from /home/airflow/.local/lib/python3.12/site-packages/airflow/example_dags/tutorial_dag.py
[2026-04-14T18:56:31.884+0000] {logging_mixin.py:190} INFO - [2026-04-14T18:56:31.884+0000] {dag.py:3239} INFO - Sync 1 DAGs
[2026-04-14T18:56:31.892+0000] {logging_mixin.py:190} INFO - [2026-04-14T18:56:31.891+0000] {dag.py:4180} INFO - Setting next_dagrun for tutorial_dag to None, run_after=None
[2026-04-14T18:56:31.901+0000] {processor.py:208} INFO - Processing /home/airflow/.local/lib/python3.12/site-packages/airflow/example_dags/tutorial_dag.py took 0.046 seconds
[2026-04-14T18:57:02.593+0000] {processor.py:186} INFO - Started process (PID=37517) to work on /home/airflow/.local/lib/python3.12/site-packages/airflow/example_dags/tutorial_dag.py
[2026-04-14T18:57:02.594+0000] {processor.py:914} INFO - Processing file /home/airflow/.local/lib/python3.12/site-packages/airflow/example_dags/tutorial_dag.py for tasks to queue
[2026-04-14T18:57:02.594+0000] {logging_mixin.py:190} INFO - [2026-04-14T18:57:02.594+0000] {dagbag.py:588} INFO - Filling up the DagBag from /home/airflow/.local/lib/python3.12/site-packages/airflow/example_dags/tutorial_dag.py
[2026-04-14T18:57:02.598+0000] {processor.py:925} INFO - DAG(s) 'tutorial_dag' retrieved from /home/airflow/.local/lib/python3.12/site-packages/airflow/example_dags/tutorial_dag.py
[2026-04-14T18:57:02.608+0000] {logging_mixin.py:190} INFO - [2026-04-14T18:57:02.608+0000] {dag.py:3239} INFO - Sync 1 DAGs
[2026-04-14T18:57:02.616+0000] {logging_mixin.py:190} INFO - [2026-04-14T18:57:02.615+0000] {dag.py:4180} INFO - Setting next_dagrun for tutorial_dag to None, run_after=None
[2026-04-14T18:57:02.628+0000] {processor.py:208} INFO - Processing /home/airflow/.local/lib/python3.12/site-packages/airflow/example_dags/tutorial_dag.py took 0.037 seconds
[2026-04-14T18:57:33.140+0000] {processor.py:186} INFO - Started process (PID=37581) to work on /home/airflow/.local/lib/python3.12/site-packages/airflow/example_dags/tutorial_dag.py
[2026-04-14T18:57:33.141+0000] {processor.py:914} INFO - Processing file /home/airflow/.local/lib/python3.12/site-packages/airflow/example_dags/tutorial_dag.py for tasks to queue
[2026-04-14T18:57:33.141+0000] {logging_mixin.py:190} INFO - [2026-04-14T18:57:33.141+0000] {dagbag.py:588} INFO - Filling up the DagBag from /home/airflow/.local/lib/python3.12/site-packages/airflow/example_dags/tutorial_dag.py
[2026-04-14T18:57:33.148+0000] {processor.py:925} INFO - DAG(s) 'tutorial_dag' retrieved from /home/airflow/.local/lib/python3.12/site-packages/airflow/example_dags/tutorial_dag.py
[2026-04-14T18:57:33.161+0000] {logging_mixin.py:190} INFO - [2026-04-14T18:57:33.161+0000] {dag.py:3239} INFO - Sync 1 DAGs
[2026-04-14T18:57:33.170+0000] {logging_mixin.py:190} INFO - [2026-04-14T18:57:33.170+0000] {dag.py:4180} INFO - Setting next_dagrun for tutorial_dag to None, run_after=None
[2026-04-14T18:57:33.182+0000] {processor.py:208} INFO - Processing /home/airflow/.local/lib/python3.12/site-packages/airflow/example_dags/tutorial_dag.py took 0.045 seconds
[2026-04-14T18:58:04.455+0000] {processor.py:186} INFO - Started process (PID=37645) to work on /home/airflow/.local/lib/python3.12/site-packages/airflow/example_dags/tutorial_dag.py
[2026-04-14T18:58:04.456+0000] {processor.py:914} INFO - Processing file /home/airflow/.local/lib/python3.12/site-packages/airflow/example_dags/tutorial_dag.py for tasks to queue
[2026-04-14T18:58:04.458+0000] {logging_mixin.py:190} INFO - [2026-04-14T18:58:04.457+0000] {dagbag.py:588} INFO - Filling up the DagBag from /home/airflow/.local/lib/python3.12/site-packages/airflow/example_dags/tutorial_dag.py
[2026-04-14T18:58:04.464+0000] {processor.py:925} INFO - DAG(s) 'tutorial_dag' retrieved from /home/airflow/.local/lib/python3.12/site-packages/airflow/example_dags/tutorial_dag.py
[2026-04-14T18:58:04.473+0000] {logging_mixin.py:190} INFO - [2026-04-14T18:58:04.473+0000] {dag.py:3239} INFO - Sync 1 DAGs
[2026-04-14T18:58:04.480+0000] {logging_mixin.py:190} INFO - [2026-04-14T18:58:04.480+0000] {dag.py:4180} INFO - Setting next_dagrun for tutorial_dag to None, run_after=None
[2026-04-14T18:58:04.489+0000] {processor.py:208} INFO - Processing /home/airflow/.local/lib/python3.12/site-packages/airflow/example_dags/tutorial_dag.py took 0.038 seconds
[2026-04-14T18:58:34.796+0000] {processor.py:186} INFO - Started process (PID=37708) to work on /home/airflow/.local/lib/python3.12/site-packages/airflow/example_dags/tutorial_dag.py
[2026-04-14T18:58:34.796+0000] {processor.py:914} INFO - Processing file /home/airflow/.local/lib/python3.12/site-packages/airflow/example_dags/tutorial_dag.py for tasks to queue
[2026-04-14T18:58:34.797+0000] {logging_mixin.py:190} INFO - [2026-04-14T18:58:34.797+0000] {dagbag.py:588} INFO - Filling up the DagBag from /home/airflow/.local/lib/python3.12/site-packages/airflow/example_dags/tutorial_dag.py
[2026-04-14T18:58:34.800+0000] {processor.py:925} INFO - DAG(s) 'tutorial_dag' retrieved from /home/airflow/.local/lib/python3.12/site-packages/airflow/example_dags/tutorial_dag.py
[2026-04-14T18:58:34.812+0000] {logging_mixin.py:190} INFO - [2026-04-14T18:58:34.812+0000] {dag.py:3239} INFO - Sync 1 DAGs
[2026-04-14T18:58:34.819+0000] {logging_mixin.py:190} INFO - [2026-04-14T18:58:34.819+0000] {dag.py:4180} INFO - Setting next_dagrun for tutorial_dag to None, run_after=None
[2026-04-14T18:58:34.828+0000] {processor.py:208} INFO - Processing /home/airflow/.local/lib/python3.12/site-packages/airflow/example_dags/tutorial_dag.py took 0.034 seconds
[2026-04-14T19:14:28.059+0000] {processor.py:186} INFO - Started process (PID=37780) to work on /home/airflow/.local/lib/python3.12/site-packages/airflow/example_dags/tutorial_dag.py
[2026-04-14T19:14:28.060+0000] {processor.py:914} INFO - Processing file /home/airflow/.local/lib/python3.12/site-packages/airflow/example_dags/tutorial_dag.py for tasks to queue
[2026-04-14T19:14:28.060+0000] {logging_mixin.py:190} INFO - [2026-04-14T19:14:28.060+0000] {dagbag.py:588} INFO - Filling up the DagBag from /home/airflow/.local/lib/python3.12/site-packages/airflow/example_dags/tutorial_dag.py
[2026-04-14T19:14:28.063+0000] {processor.py:925} INFO - DAG(s) 'tutorial_dag' retrieved from /home/airflow/.local/lib/python3.12/site-packages/airflow/example_dags/tutorial_dag.py
[2026-04-14T19:14:28.074+0000] {logging_mixin.py:190} INFO - [2026-04-14T19:14:28.074+0000] {dag.py:3239} INFO - Sync 1 DAGs
[2026-04-14T19:14:28.079+0000] {logging_mixin.py:190} INFO - [2026-04-14T19:14:28.079+0000] {dag.py:4180} INFO - Setting next_dagrun for tutorial_dag to None, run_after=None
[2026-04-14T19:14:28.090+0000] {processor.py:208} INFO - Processing /home/airflow/.local/lib/python3.12/site-packages/airflow/example_dags/tutorial_dag.py took 0.033 seconds
[2026-04-14T19:30:39.997+0000] {processor.py:186} INFO - Started process (PID=37844) to work on /home/airflow/.local/lib/python3.12/site-packages/airflow/example_dags/tutorial_dag.py
[2026-04-14T19:30:39.999+0000] {processor.py:914} INFO - Processing file /home/airflow/.local/lib/python3.12/site-packages/airflow/example_dags/tutorial_dag.py for tasks to queue
[2026-04-14T19:30:39.999+0000] {logging_mixin.py:190} INFO - [2026-04-14T19:30:39.999+0000] {dagbag.py:588} INFO - Filling up the DagBag from /home/airflow/.local/lib/python3.12/site-packages/airflow/example_dags/tutorial_dag.py
[2026-04-14T19:30:40.005+0000] {processor.py:925} INFO - DAG(s) 'tutorial_dag' retrieved from /home/airflow/.local/lib/python3.12/site-packages/airflow/example_dags/tutorial_dag.py
[2026-04-14T19:30:40.021+0000] {logging_mixin.py:190} INFO - [2026-04-14T19:30:40.021+0000] {dag.py:3239} INFO - Sync 1 DAGs
[2026-04-14T19:30:40.028+0000] {logging_mixin.py:190} INFO - [2026-04-14T19:30:40.028+0000] {dag.py:4180} INFO - Setting next_dagrun for tutorial_dag to None, run_after=None
[2026-04-14T19:30:40.043+0000] {processor.py:208} INFO - Processing /home/airflow/.local/lib/python3.12/site-packages/airflow/example_dags/tutorial_dag.py took 0.048 seconds
[2026-04-14T19:31:10.504+0000] {processor.py:186} INFO - Started process (PID=37908) to work on /home/airflow/.local/lib/python3.12/site-packages/airflow/example_dags/tutorial_dag.py
[2026-04-14T19:31:10.504+0000] {processor.py:914} INFO - Processing file /home/airflow/.local/lib/python3.12/site-packages/airflow/example_dags/tutorial_dag.py for tasks to queue
[2026-04-14T19:31:10.505+0000] {logging_mixin.py:190} INFO - [2026-04-14T19:31:10.505+0000] {dagbag.py:588} INFO - Filling up the DagBag from /home/airflow/.local/lib/python3.12/site-packages/airflow/example_dags/tutorial_dag.py
[2026-04-14T19:31:10.508+0000] {processor.py:925} INFO - DAG(s) 'tutorial_dag' retrieved from /home/airflow/.local/lib/python3.12/site-packages/airflow/example_dags/tutorial_dag.py
[2026-04-14T19:31:10.515+0000] {logging_mixin.py:190} INFO - [2026-04-14T19:31:10.515+0000] {dag.py:3239} INFO - Sync 1 DAGs
[2026-04-14T19:31:10.521+0000] {logging_mixin.py:190} INFO - [2026-04-14T19:31:10.521+0000] {dag.py:4180} INFO - Setting next_dagrun for tutorial_dag to None, run_after=None
[2026-04-14T19:31:10.526+0000] {processor.py:208} INFO - Processing /home/airflow/.local/lib/python3.12/site-packages/airflow/example_dags/tutorial_dag.py took 0.025 seconds
[2026-04-14T19:47:07.019+0000] {processor.py:186} INFO - Started process (PID=37972) to work on /home/airflow/.local/lib/python3.12/site-packages/airflow/example_dags/tutorial_dag.py
[2026-04-14T19:47:07.020+0000] {processor.py:914} INFO - Processing file /home/airflow/.local/lib/python3.12/site-packages/airflow/example_dags/tutorial_dag.py for tasks to queue
[2026-04-14T19:47:07.022+0000] {logging_mixin.py:190} INFO - [2026-04-14T19:47:07.022+0000] {dagbag.py:588} INFO - Filling up the DagBag from /home/airflow/.local/lib/python3.12/site-packages/airflow/example_dags/tutorial_dag.py
[2026-04-14T19:47:07.031+0000] {processor.py:925} INFO - DAG(s) 'tutorial_dag' retrieved from /home/airflow/.local/lib/python3.12/site-packages/airflow/example_dags/tutorial_dag.py
[2026-04-14T19:47:07.046+0000] {logging_mixin.py:190} INFO - [2026-04-14T19:47:07.046+0000] {dag.py:3239} INFO - Sync 1 DAGs
[2026-04-14T19:47:07.054+0000] {logging_mixin.py:190} INFO - [2026-04-14T19:47:07.054+0000] {dag.py:4180} INFO - Setting next_dagrun for tutorial_dag to None, run_after=None
[2026-04-14T19:47:07.062+0000] {processor.py:208} INFO - Processing /home/airflow/.local/lib/python3.12/site-packages/airflow/example_dags/tutorial_dag.py took 0.048 seconds
[2026-04-14T19:47:37.911+0000] {processor.py:186} INFO - Started process (PID=38036) to work on /home/airflow/.local/lib/python3.12/site-packages/airflow/example_dags/tutorial_dag.py
[2026-04-14T19:47:37.911+0000] {processor.py:914} INFO - Processing file /home/airflow/.local/lib/python3.12/site-packages/airflow/example_dags/tutorial_dag.py for tasks to queue
[2026-04-14T19:47:37.912+0000] {logging_mixin.py:190} INFO - [2026-04-14T19:47:37.912+0000] {dagbag.py:588} INFO - Filling up the DagBag from /home/airflow/.local/lib/python3.12/site-packages/airflow/example_dags/tutorial_dag.py
[2026-04-14T19:47:37.915+0000] {processor.py:925} INFO - DAG(s) 'tutorial_dag' retrieved from /home/airflow/.local/lib/python3.12/site-packages/airflow/example_dags/tutorial_dag.py
[2026-04-14T19:47:37.922+0000] {logging_mixin.py:190} INFO - [2026-04-14T19:47:37.922+0000] {dag.py:3239} INFO - Sync 1 DAGs
[2026-04-14T19:47:37.930+0000] {logging_mixin.py:190} INFO - [2026-04-14T19:47:37.930+0000] {dag.py:4180} INFO - Setting next_dagrun for tutorial_dag to None, run_after=None
[2026-04-14T19:47:37.939+0000] {processor.py:208} INFO - Processing /home/airflow/.local/lib/python3.12/site-packages/airflow/example_dags/tutorial_dag.py took 0.031 seconds
[2026-04-14T20:37:24.659+0000] {processor.py:186} INFO - Started process (PID=38100) to work on /home/airflow/.local/lib/python3.12/site-packages/airflow/example_dags/tutorial_dag.py
[2026-04-14T20:37:24.661+0000] {processor.py:914} INFO - Processing file /home/airflow/.local/lib/python3.12/site-packages/airflow/example_dags/tutorial_dag.py for tasks to queue
[2026-04-14T20:37:24.662+0000] {logging_mixin.py:190} INFO - [2026-04-14T20:37:24.662+0000] {dagbag.py:588} INFO - Filling up the DagBag from /home/airflow/.local/lib/python3.12/site-packages/airflow/example_dags/tutorial_dag.py
[2026-04-14T20:37:24.668+0000] {processor.py:925} INFO - DAG(s) 'tutorial_dag' retrieved from /home/airflow/.local/lib/python3.12/site-packages/airflow/example_dags/tutorial_dag.py
[2026-04-14T20:37:24.685+0000] {logging_mixin.py:190} INFO - [2026-04-14T20:37:24.685+0000] {dag.py:3239} INFO - Sync 1 DAGs
[2026-04-14T20:37:24.696+0000] {logging_mixin.py:190} INFO - [2026-04-14T20:37:24.695+0000] {dag.py:4180} INFO - Setting next_dagrun for tutorial_dag to None, run_after=None
[2026-04-14T20:37:24.706+0000] {processor.py:208} INFO - Processing /home/airflow/.local/lib/python3.12/site-packages/airflow/example_dags/tutorial_dag.py took 0.050 seconds
[2026-04-14T20:37:54.742+0000] {processor.py:186} INFO - Started process (PID=38164) to work on /home/airflow/.local/lib/python3.12/site-packages/airflow/example_dags/tutorial_dag.py
[2026-04-14T20:37:54.743+0000] {processor.py:914} INFO - Processing file /home/airflow/.local/lib/python3.12/site-packages/airflow/example_dags/tutorial_dag.py for tasks to queue
[2026-04-14T20:37:54.743+0000] {logging_mixin.py:190} INFO - [2026-04-14T20:37:54.743+0000] {dagbag.py:588} INFO - Filling up the DagBag from /home/airflow/.local/lib/python3.12/site-packages/airflow/example_dags/tutorial_dag.py
[2026-04-14T20:37:54.746+0000] {processor.py:925} INFO - DAG(s) 'tutorial_dag' retrieved from /home/airflow/.local/lib/python3.12/site-packages/airflow/example_dags/tutorial_dag.py
[2026-04-14T20:37:54.754+0000] {logging_mixin.py:190} INFO - [2026-04-14T20:37:54.754+0000] {dag.py:3239} INFO - Sync 1 DAGs
[2026-04-14T20:37:54.759+0000] {logging_mixin.py:190} INFO - [2026-04-14T20:37:54.759+0000] {dag.py:4180} INFO - Setting next_dagrun for tutorial_dag to None, run_after=None
[2026-04-14T20:37:54.765+0000] {processor.py:208} INFO - Processing /home/airflow/.local/lib/python3.12/site-packages/airflow/example_dags/tutorial_dag.py took 0.025 seconds
[2026-04-14T20:53:50.177+0000] {processor.py:186} INFO - Started process (PID=38228) to work on /home/airflow/.local/lib/python3.12/site-packages/airflow/example_dags/tutorial_dag.py
[2026-04-14T20:53:50.179+0000] {processor.py:914} INFO - Processing file /home/airflow/.local/lib/python3.12/site-packages/airflow/example_dags/tutorial_dag.py for tasks to queue
[2026-04-14T20:53:50.179+0000] {logging_mixin.py:190} INFO - [2026-04-14T20:53:50.179+0000] {dagbag.py:588} INFO - Filling up the DagBag from /home/airflow/.local/lib/python3.12/site-packages/airflow/example_dags/tutorial_dag.py
[2026-04-14T20:53:50.182+0000] {processor.py:925} INFO - DAG(s) 'tutorial_dag' retrieved from /home/airflow/.local/lib/python3.12/site-packages/airflow/example_dags/tutorial_dag.py
[2026-04-14T20:53:50.190+0000] {logging_mixin.py:190} INFO - [2026-04-14T20:53:50.190+0000] {dag.py:3239} INFO - Sync 1 DAGs
[2026-04-14T20:53:50.196+0000] {logging_mixin.py:190} INFO - [2026-04-14T20:53:50.195+0000] {dag.py:4180} INFO - Setting next_dagrun for tutorial_dag to None, run_after=None
[2026-04-14T20:53:50.202+0000] {processor.py:208} INFO - Processing /home/airflow/.local/lib/python3.12/site-packages/airflow/example_dags/tutorial_dag.py took 0.027 seconds
[2026-04-14T20:59:47.990+0000] {processor.py:186} INFO - Started process (PID=38292) to work on /home/airflow/.local/lib/python3.12/site-packages/airflow/example_dags/tutorial_dag.py
[2026-04-14T20:59:47.991+0000] {processor.py:914} INFO - Processing file /home/airflow/.local/lib/python3.12/site-packages/airflow/example_dags/tutorial_dag.py for tasks to queue
[2026-04-14T20:59:47.992+0000] {logging_mixin.py:190} INFO - [2026-04-14T20:59:47.992+0000] {dagbag.py:588} INFO - Filling up the DagBag from /home/airflow/.local/lib/python3.12/site-packages/airflow/example_dags/tutorial_dag.py
[2026-04-14T20:59:47.995+0000] {processor.py:925} INFO - DAG(s) 'tutorial_dag' retrieved from /home/airflow/.local/lib/python3.12/site-packages/airflow/example_dags/tutorial_dag.py
[2026-04-14T20:59:48.006+0000] {logging_mixin.py:190} INFO - [2026-04-14T20:59:48.006+0000] {dag.py:3239} INFO - Sync 1 DAGs
[2026-04-14T20:59:48.011+0000] {logging_mixin.py:190} INFO - [2026-04-14T20:59:48.011+0000] {dag.py:4180} INFO - Setting next_dagrun for tutorial_dag to None, run_after=None
[2026-04-14T20:59:48.022+0000] {processor.py:208} INFO - Processing /home/airflow/.local/lib/python3.12/site-packages/airflow/example_dags/tutorial_dag.py took 0.035 seconds
[2026-04-14T21:15:24.350+0000] {processor.py:186} INFO - Started process (PID=38356) to work on /home/airflow/.local/lib/python3.12/site-packages/airflow/example_dags/tutorial_dag.py
[2026-04-14T21:15:24.350+0000] {processor.py:914} INFO - Processing file /home/airflow/.local/lib/python3.12/site-packages/airflow/example_dags/tutorial_dag.py for tasks to queue
[2026-04-14T21:15:24.351+0000] {logging_mixin.py:190} INFO - [2026-04-14T21:15:24.351+0000] {dagbag.py:588} INFO - Filling up the DagBag from /home/airflow/.local/lib/python3.12/site-packages/airflow/example_dags/tutorial_dag.py
[2026-04-14T21:15:24.354+0000] {processor.py:925} INFO - DAG(s) 'tutorial_dag' retrieved from /home/airflow/.local/lib/python3.12/site-packages/airflow/example_dags/tutorial_dag.py
[2026-04-14T21:15:24.360+0000] {logging_mixin.py:190} INFO - [2026-04-14T21:15:24.360+0000] {dag.py:3239} INFO - Sync 1 DAGs
[2026-04-14T21:15:24.365+0000] {logging_mixin.py:190} INFO - [2026-04-14T21:15:24.364+0000] {dag.py:4180} INFO - Setting next_dagrun for tutorial_dag to None, run_after=None
[2026-04-14T21:15:24.370+0000] {processor.py:208} INFO - Processing /home/airflow/.local/lib/python3.12/site-packages/airflow/example_dags/tutorial_dag.py took 0.022 seconds
[2026-04-14T21:15:54.911+0000] {processor.py:186} INFO - Started process (PID=38420) to work on /home/airflow/.local/lib/python3.12/site-packages/airflow/example_dags/tutorial_dag.py
[2026-04-14T21:15:54.912+0000] {processor.py:914} INFO - Processing file /home/airflow/.local/lib/python3.12/site-packages/airflow/example_dags/tutorial_dag.py for tasks to queue
[2026-04-14T21:15:54.913+0000] {logging_mixin.py:190} INFO - [2026-04-14T21:15:54.912+0000] {dagbag.py:588} INFO - Filling up the DagBag from /home/airflow/.local/lib/python3.12/site-packages/airflow/example_dags/tutorial_dag.py
[2026-04-14T21:15:54.916+0000] {processor.py:925} INFO - DAG(s) 'tutorial_dag' retrieved from /home/airflow/.local/lib/python3.12/site-packages/airflow/example_dags/tutorial_dag.py
[2026-04-14T21:15:54.924+0000] {logging_mixin.py:190} INFO - [2026-04-14T21:15:54.923+0000] {dag.py:3239} INFO - Sync 1 DAGs
[2026-04-14T21:15:54.930+0000] {logging_mixin.py:190} INFO - [2026-04-14T21:15:54.929+0000] {dag.py:4180} INFO - Setting next_dagrun for tutorial_dag to None, run_after=None
[2026-04-14T21:15:54.935+0000] {processor.py:208} INFO - Processing /home/airflow/.local/lib/python3.12/site-packages/airflow/example_dags/tutorial_dag.py took 0.027 seconds
[2026-04-14T21:31:50.176+0000] {processor.py:186} INFO - Started process (PID=38484) to work on /home/airflow/.local/lib/python3.12/site-packages/airflow/example_dags/tutorial_dag.py
[2026-04-14T21:31:50.180+0000] {processor.py:914} INFO - Processing file /home/airflow/.local/lib/python3.12/site-packages/airflow/example_dags/tutorial_dag.py for tasks to queue
[2026-04-14T21:31:50.181+0000] {logging_mixin.py:190} INFO - [2026-04-14T21:31:50.180+0000] {dagbag.py:588} INFO - Filling up the DagBag from /home/airflow/.local/lib/python3.12/site-packages/airflow/example_dags/tutorial_dag.py
[2026-04-14T21:31:50.184+0000] {processor.py:925} INFO - DAG(s) 'tutorial_dag' retrieved from /home/airflow/.local/lib/python3.12/site-packages/airflow/example_dags/tutorial_dag.py
[2026-04-14T21:31:50.194+0000] {logging_mixin.py:190} INFO - [2026-04-14T21:31:50.194+0000] {dag.py:3239} INFO - Sync 1 DAGs
[2026-04-14T21:31:50.199+0000] {logging_mixin.py:190} INFO - [2026-04-14T21:31:50.199+0000] {dag.py:4180} INFO - Setting next_dagrun for tutorial_dag to None, run_after=None
[2026-04-14T21:31:50.208+0000] {processor.py:208} INFO - Processing /home/airflow/.local/lib/python3.12/site-packages/airflow/example_dags/tutorial_dag.py took 0.034 seconds
[2026-04-14T21:32:20.466+0000] {processor.py:186} INFO - Started process (PID=38548) to work on /home/airflow/.local/lib/python3.12/site-packages/airflow/example_dags/tutorial_dag.py
[2026-04-14T21:32:20.467+0000] {processor.py:914} INFO - Processing file /home/airflow/.local/lib/python3.12/site-packages/airflow/example_dags/tutorial_dag.py for tasks to queue
[2026-04-14T21:32:20.467+0000] {logging_mixin.py:190} INFO - [2026-04-14T21:32:20.467+0000] {dagbag.py:588} INFO - Filling up the DagBag from /home/airflow/.local/lib/python3.12/site-packages/airflow/example_dags/tutorial_dag.py
[2026-04-14T21:32:20.470+0000] {processor.py:925} INFO - DAG(s) 'tutorial_dag' retrieved from /home/airflow/.local/lib/python3.12/site-packages/airflow/example_dags/tutorial_dag.py
[2026-04-14T21:32:20.477+0000] {logging_mixin.py:190} INFO - [2026-04-14T21:32:20.477+0000] {dag.py:3239} INFO - Sync 1 DAGs
[2026-04-14T21:32:20.482+0000] {logging_mixin.py:190} INFO - [2026-04-14T21:32:20.482+0000] {dag.py:4180} INFO - Setting next_dagrun for tutorial_dag to None, run_after=None
[2026-04-14T21:32:20.490+0000] {processor.py:208} INFO - Processing /home/airflow/.local/lib/python3.12/site-packages/airflow/example_dags/tutorial_dag.py took 0.026 seconds
[2026-04-14T22:35:53.771+0000] {processor.py:186} INFO - Started process (PID=38612) to work on /home/airflow/.local/lib/python3.12/site-packages/airflow/example_dags/tutorial_dag.py
[2026-04-14T22:35:53.772+0000] {processor.py:914} INFO - Processing file /home/airflow/.local/lib/python3.12/site-packages/airflow/example_dags/tutorial_dag.py for tasks to queue
[2026-04-14T22:35:53.773+0000] {logging_mixin.py:190} INFO - [2026-04-14T22:35:53.773+0000] {dagbag.py:588} INFO - Filling up the DagBag from /home/airflow/.local/lib/python3.12/site-packages/airflow/example_dags/tutorial_dag.py
[2026-04-14T22:35:53.782+0000] {processor.py:925} INFO - DAG(s) 'tutorial_dag' retrieved from /home/airflow/.local/lib/python3.12/site-packages/airflow/example_dags/tutorial_dag.py
[2026-04-14T22:35:53.800+0000] {logging_mixin.py:190} INFO - [2026-04-14T22:35:53.800+0000] {dag.py:3239} INFO - Sync 1 DAGs
[2026-04-14T22:35:53.815+0000] {logging_mixin.py:190} INFO - [2026-04-14T22:35:53.814+0000] {dag.py:4180} INFO - Setting next_dagrun for tutorial_dag to None, run_after=None
[2026-04-14T22:35:53.828+0000] {processor.py:208} INFO - Processing /home/airflow/.local/lib/python3.12/site-packages/airflow/example_dags/tutorial_dag.py took 0.064 seconds
[2026-04-14T22:36:24.155+0000] {processor.py:186} INFO - Started process (PID=38676) to work on /home/airflow/.local/lib/python3.12/site-packages/airflow/example_dags/tutorial_dag.py
[2026-04-14T22:36:24.156+0000] {processor.py:914} INFO - Processing file /home/airflow/.local/lib/python3.12/site-packages/airflow/example_dags/tutorial_dag.py for tasks to queue
[2026-04-14T22:36:24.157+0000] {logging_mixin.py:190} INFO - [2026-04-14T22:36:24.156+0000] {dagbag.py:588} INFO - Filling up the DagBag from /home/airflow/.local/lib/python3.12/site-packages/airflow/example_dags/tutorial_dag.py
[2026-04-14T22:36:24.159+0000] {processor.py:925} INFO - DAG(s) 'tutorial_dag' retrieved from /home/airflow/.local/lib/python3.12/site-packages/airflow/example_dags/tutorial_dag.py
[2026-04-14T22:36:24.170+0000] {logging_mixin.py:190} INFO - [2026-04-14T22:36:24.169+0000] {dag.py:3239} INFO - Sync 1 DAGs
[2026-04-14T22:36:24.176+0000] {logging_mixin.py:190} INFO - [2026-04-14T22:36:24.175+0000] {dag.py:4180} INFO - Setting next_dagrun for tutorial_dag to None, run_after=None
[2026-04-14T22:36:24.183+0000] {processor.py:208} INFO - Processing /home/airflow/.local/lib/python3.12/site-packages/airflow/example_dags/tutorial_dag.py took 0.030 seconds
[2026-04-14T23:09:41.086+0000] {processor.py:186} INFO - Started process (PID=38740) to work on /home/airflow/.local/lib/python3.12/site-packages/airflow/example_dags/tutorial_dag.py
[2026-04-14T23:09:41.086+0000] {processor.py:914} INFO - Processing file /home/airflow/.local/lib/python3.12/site-packages/airflow/example_dags/tutorial_dag.py for tasks to queue
[2026-04-14T23:09:41.087+0000] {logging_mixin.py:190} INFO - [2026-04-14T23:09:41.087+0000] {dagbag.py:588} INFO - Filling up the DagBag from /home/airflow/.local/lib/python3.12/site-packages/airflow/example_dags/tutorial_dag.py
[2026-04-14T23:09:41.092+0000] {processor.py:925} INFO - DAG(s) 'tutorial_dag' retrieved from /home/airflow/.local/lib/python3.12/site-packages/airflow/example_dags/tutorial_dag.py
[2026-04-14T23:09:41.103+0000] {logging_mixin.py:190} INFO - [2026-04-14T23:09:41.103+0000] {dag.py:3239} INFO - Sync 1 DAGs
[2026-04-14T23:09:41.111+0000] {logging_mixin.py:190} INFO - [2026-04-14T23:09:41.111+0000] {dag.py:4180} INFO - Setting next_dagrun for tutorial_dag to None, run_after=None
[2026-04-14T23:09:41.120+0000] {processor.py:208} INFO - Processing /home/airflow/.local/lib/python3.12/site-packages/airflow/example_dags/tutorial_dag.py took 0.038 seconds
[2026-04-14T23:10:12.008+0000] {processor.py:186} INFO - Started process (PID=38804) to work on /home/airflow/.local/lib/python3.12/site-packages/airflow/example_dags/tutorial_dag.py
[2026-04-14T23:10:12.009+0000] {processor.py:914} INFO - Processing file /home/airflow/.local/lib/python3.12/site-packages/airflow/example_dags/tutorial_dag.py for tasks to queue
[2026-04-14T23:10:12.009+0000] {logging_mixin.py:190} INFO - [2026-04-14T23:10:12.009+0000] {dagbag.py:588} INFO - Filling up the DagBag from /home/airflow/.local/lib/python3.12/site-packages/airflow/example_dags/tutorial_dag.py
[2026-04-14T23:10:12.013+0000] {processor.py:925} INFO - DAG(s) 'tutorial_dag' retrieved from /home/airflow/.local/lib/python3.12/site-packages/airflow/example_dags/tutorial_dag.py
[2026-04-14T23:10:12.022+0000] {logging_mixin.py:190} INFO - [2026-04-14T23:10:12.022+0000] {dag.py:3239} INFO - Sync 1 DAGs
[2026-04-14T23:10:12.027+0000] {logging_mixin.py:190} INFO - [2026-04-14T23:10:12.027+0000] {dag.py:4180} INFO - Setting next_dagrun for tutorial_dag to None, run_after=None
[2026-04-14T23:10:12.038+0000] {processor.py:208} INFO - Processing /home/airflow/.local/lib/python3.12/site-packages/airflow/example_dags/tutorial_dag.py took 0.032 seconds
[2026-04-14T23:26:07.347+0000] {processor.py:186} INFO - Started process (PID=38868) to work on /home/airflow/.local/lib/python3.12/site-packages/airflow/example_dags/tutorial_dag.py
[2026-04-14T23:26:07.347+0000] {processor.py:914} INFO - Processing file /home/airflow/.local/lib/python3.12/site-packages/airflow/example_dags/tutorial_dag.py for tasks to queue
[2026-04-14T23:26:07.348+0000] {logging_mixin.py:190} INFO - [2026-04-14T23:26:07.347+0000] {dagbag.py:588} INFO - Filling up the DagBag from /home/airflow/.local/lib/python3.12/site-packages/airflow/example_dags/tutorial_dag.py
[2026-04-14T23:26:07.351+0000] {processor.py:925} INFO - DAG(s) 'tutorial_dag' retrieved from /home/airflow/.local/lib/python3.12/site-packages/airflow/example_dags/tutorial_dag.py
[2026-04-14T23:26:07.358+0000] {logging_mixin.py:190} INFO - [2026-04-14T23:26:07.357+0000] {dag.py:3239} INFO - Sync 1 DAGs
[2026-04-14T23:26:07.362+0000] {logging_mixin.py:190} INFO - [2026-04-14T23:26:07.362+0000] {dag.py:4180} INFO - Setting next_dagrun for tutorial_dag to None, run_after=None
[2026-04-14T23:26:07.367+0000] {processor.py:208} INFO - Processing /home/airflow/.local/lib/python3.12/site-packages/airflow/example_dags/tutorial_dag.py took 0.023 seconds
[2026-04-14T23:43:15.640+0000] {processor.py:186} INFO - Started process (PID=38932) to work on /home/airflow/.local/lib/python3.12/site-packages/airflow/example_dags/tutorial_dag.py
[2026-04-14T23:43:15.642+0000] {processor.py:914} INFO - Processing file /home/airflow/.local/lib/python3.12/site-packages/airflow/example_dags/tutorial_dag.py for tasks to queue
[2026-04-14T23:43:15.646+0000] {logging_mixin.py:190} INFO - [2026-04-14T23:43:15.645+0000] {dagbag.py:588} INFO - Filling up the DagBag from /home/airflow/.local/lib/python3.12/site-packages/airflow/example_dags/tutorial_dag.py
[2026-04-14T23:43:15.651+0000] {processor.py:925} INFO - DAG(s) 'tutorial_dag' retrieved from /home/airflow/.local/lib/python3.12/site-packages/airflow/example_dags/tutorial_dag.py
[2026-04-14T23:43:15.663+0000] {logging_mixin.py:190} INFO - [2026-04-14T23:43:15.663+0000] {dag.py:3239} INFO - Sync 1 DAGs
[2026-04-14T23:43:15.670+0000] {logging_mixin.py:190} INFO - [2026-04-14T23:43:15.670+0000] {dag.py:4180} INFO - Setting next_dagrun for tutorial_dag to None, run_after=None
[2026-04-14T23:43:15.678+0000] {processor.py:208} INFO - Processing /home/airflow/.local/lib/python3.12/site-packages/airflow/example_dags/tutorial_dag.py took 0.044 seconds
[2026-04-14T23:44:09.323+0000] {processor.py:186} INFO - Started process (PID=38996) to work on /home/airflow/.local/lib/python3.12/site-packages/airflow/example_dags/tutorial_dag.py
[2026-04-14T23:44:09.326+0000] {processor.py:914} INFO - Processing file /home/airflow/.local/lib/python3.12/site-packages/airflow/example_dags/tutorial_dag.py for tasks to queue
[2026-04-14T23:44:09.327+0000] {logging_mixin.py:190} INFO - [2026-04-14T23:44:09.327+0000] {dagbag.py:588} INFO - Filling up the DagBag from /home/airflow/.local/lib/python3.12/site-packages/airflow/example_dags/tutorial_dag.py
[2026-04-14T23:44:09.330+0000] {processor.py:925} INFO - DAG(s) 'tutorial_dag' retrieved from /home/airflow/.local/lib/python3.12/site-packages/airflow/example_dags/tutorial_dag.py
[2026-04-14T23:44:09.342+0000] {logging_mixin.py:190} INFO - [2026-04-14T23:44:09.342+0000] {dag.py:3239} INFO - Sync 1 DAGs
[2026-04-14T23:44:09.350+0000] {logging_mixin.py:190} INFO - [2026-04-14T23:44:09.350+0000] {dag.py:4180} INFO - Setting next_dagrun for tutorial_dag to None, run_after=None
[2026-04-14T23:44:09.358+0000] {processor.py:208} INFO - Processing /home/airflow/.local/lib/python3.12/site-packages/airflow/example_dags/tutorial_dag.py took 0.037 seconds
[2026-04-14T23:59:40.979+0000] {processor.py:186} INFO - Started process (PID=39060) to work on /home/airflow/.local/lib/python3.12/site-packages/airflow/example_dags/tutorial_dag.py
[2026-04-14T23:59:40.980+0000] {processor.py:914} INFO - Processing file /home/airflow/.local/lib/python3.12/site-packages/airflow/example_dags/tutorial_dag.py for tasks to queue
[2026-04-14T23:59:40.980+0000] {logging_mixin.py:190} INFO - [2026-04-14T23:59:40.980+0000] {dagbag.py:588} INFO - Filling up the DagBag from /home/airflow/.local/lib/python3.12/site-packages/airflow/example_dags/tutorial_dag.py
[2026-04-14T23:59:40.983+0000] {processor.py:925} INFO - DAG(s) 'tutorial_dag' retrieved from /home/airflow/.local/lib/python3.12/site-packages/airflow/example_dags/tutorial_dag.py
[2026-04-14T23:59:40.990+0000] {logging_mixin.py:190} INFO - [2026-04-14T23:59:40.990+0000] {dag.py:3239} INFO - Sync 1 DAGs
[2026-04-14T23:59:40.995+0000] {logging_mixin.py:190} INFO - [2026-04-14T23:59:40.995+0000] {dag.py:4180} INFO - Setting next_dagrun for tutorial_dag to None, run_after=None
[2026-04-14T23:59:41.000+0000] {processor.py:208} INFO - Processing /home/airflow/.local/lib/python3.12/site-packages/airflow/example_dags/tutorial_dag.py took 0.023 seconds
