[2026-05-02T00:10:28.850+0000] {processor.py:186} INFO - Started process (PID=74656) to work on /home/airflow/.local/lib/python3.12/site-packages/airflow/example_dags/example_python_operator.py
[2026-05-02T00:10:28.851+0000] {processor.py:914} INFO - Processing file /home/airflow/.local/lib/python3.12/site-packages/airflow/example_dags/example_python_operator.py for tasks to queue
[2026-05-02T00:10:28.852+0000] {logging_mixin.py:190} INFO - [2026-05-02T00:10:28.852+0000] {dagbag.py:588} INFO - Filling up the DagBag from /home/airflow/.local/lib/python3.12/site-packages/airflow/example_dags/example_python_operator.py
[2026-05-02T00:10:28.857+0000] {processor.py:925} INFO - DAG(s) 'example_python_operator' retrieved from /home/airflow/.local/lib/python3.12/site-packages/airflow/example_dags/example_python_operator.py
[2026-05-02T00:10:28.867+0000] {logging_mixin.py:190} INFO - [2026-05-02T00:10:28.867+0000] {dag.py:3239} INFO - Sync 1 DAGs
[2026-05-02T00:10:28.875+0000] {logging_mixin.py:190} INFO - [2026-05-02T00:10:28.875+0000] {dag.py:4180} INFO - Setting next_dagrun for example_python_operator to None, run_after=None
[2026-05-02T00:10:28.883+0000] {processor.py:208} INFO - Processing /home/airflow/.local/lib/python3.12/site-packages/airflow/example_dags/example_python_operator.py took 0.035 seconds
[2026-05-02T00:26:05.023+0000] {processor.py:186} INFO - Started process (PID=74720) to work on /home/airflow/.local/lib/python3.12/site-packages/airflow/example_dags/example_python_operator.py
[2026-05-02T00:26:05.023+0000] {processor.py:914} INFO - Processing file /home/airflow/.local/lib/python3.12/site-packages/airflow/example_dags/example_python_operator.py for tasks to queue
[2026-05-02T00:26:05.024+0000] {logging_mixin.py:190} INFO - [2026-05-02T00:26:05.024+0000] {dagbag.py:588} INFO - Filling up the DagBag from /home/airflow/.local/lib/python3.12/site-packages/airflow/example_dags/example_python_operator.py
[2026-05-02T00:26:05.030+0000] {processor.py:925} INFO - DAG(s) 'example_python_operator' retrieved from /home/airflow/.local/lib/python3.12/site-packages/airflow/example_dags/example_python_operator.py
[2026-05-02T00:26:05.038+0000] {logging_mixin.py:190} INFO - [2026-05-02T00:26:05.038+0000] {dag.py:3239} INFO - Sync 1 DAGs
[2026-05-02T00:26:05.047+0000] {logging_mixin.py:190} INFO - [2026-05-02T00:26:05.047+0000] {dag.py:4180} INFO - Setting next_dagrun for example_python_operator to None, run_after=None
[2026-05-02T00:26:05.056+0000] {processor.py:208} INFO - Processing /home/airflow/.local/lib/python3.12/site-packages/airflow/example_dags/example_python_operator.py took 0.036 seconds
[2026-05-02T00:26:35.328+0000] {processor.py:186} INFO - Started process (PID=74784) to work on /home/airflow/.local/lib/python3.12/site-packages/airflow/example_dags/example_python_operator.py
[2026-05-02T00:26:35.328+0000] {processor.py:914} INFO - Processing file /home/airflow/.local/lib/python3.12/site-packages/airflow/example_dags/example_python_operator.py for tasks to queue
[2026-05-02T00:26:35.329+0000] {logging_mixin.py:190} INFO - [2026-05-02T00:26:35.329+0000] {dagbag.py:588} INFO - Filling up the DagBag from /home/airflow/.local/lib/python3.12/site-packages/airflow/example_dags/example_python_operator.py
[2026-05-02T00:26:35.335+0000] {processor.py:925} INFO - DAG(s) 'example_python_operator' retrieved from /home/airflow/.local/lib/python3.12/site-packages/airflow/example_dags/example_python_operator.py
[2026-05-02T00:26:35.348+0000] {logging_mixin.py:190} INFO - [2026-05-02T00:26:35.348+0000] {dag.py:3239} INFO - Sync 1 DAGs
[2026-05-02T00:26:35.352+0000] {logging_mixin.py:190} INFO - [2026-05-02T00:26:35.352+0000] {dag.py:4180} INFO - Setting next_dagrun for example_python_operator to None, run_after=None
[2026-05-02T00:26:35.360+0000] {processor.py:208} INFO - Processing /home/airflow/.local/lib/python3.12/site-packages/airflow/example_dags/example_python_operator.py took 0.035 seconds
[2026-05-02T00:42:05.249+0000] {processor.py:186} INFO - Started process (PID=74848) to work on /home/airflow/.local/lib/python3.12/site-packages/airflow/example_dags/example_python_operator.py
[2026-05-02T00:42:05.250+0000] {processor.py:914} INFO - Processing file /home/airflow/.local/lib/python3.12/site-packages/airflow/example_dags/example_python_operator.py for tasks to queue
[2026-05-02T00:42:05.251+0000] {logging_mixin.py:190} INFO - [2026-05-02T00:42:05.251+0000] {dagbag.py:588} INFO - Filling up the DagBag from /home/airflow/.local/lib/python3.12/site-packages/airflow/example_dags/example_python_operator.py
[2026-05-02T00:42:05.256+0000] {processor.py:925} INFO - DAG(s) 'example_python_operator' retrieved from /home/airflow/.local/lib/python3.12/site-packages/airflow/example_dags/example_python_operator.py
[2026-05-02T00:42:05.265+0000] {logging_mixin.py:190} INFO - [2026-05-02T00:42:05.265+0000] {dag.py:3239} INFO - Sync 1 DAGs
[2026-05-02T00:42:05.270+0000] {logging_mixin.py:190} INFO - [2026-05-02T00:42:05.270+0000] {dag.py:4180} INFO - Setting next_dagrun for example_python_operator to None, run_after=None
[2026-05-02T00:42:05.280+0000] {processor.py:208} INFO - Processing /home/airflow/.local/lib/python3.12/site-packages/airflow/example_dags/example_python_operator.py took 0.034 seconds
[2026-05-02T00:57:36.872+0000] {processor.py:186} INFO - Started process (PID=74912) to work on /home/airflow/.local/lib/python3.12/site-packages/airflow/example_dags/example_python_operator.py
[2026-05-02T00:57:36.872+0000] {processor.py:914} INFO - Processing file /home/airflow/.local/lib/python3.12/site-packages/airflow/example_dags/example_python_operator.py for tasks to queue
[2026-05-02T00:57:36.873+0000] {logging_mixin.py:190} INFO - [2026-05-02T00:57:36.873+0000] {dagbag.py:588} INFO - Filling up the DagBag from /home/airflow/.local/lib/python3.12/site-packages/airflow/example_dags/example_python_operator.py
[2026-05-02T00:57:36.879+0000] {processor.py:925} INFO - DAG(s) 'example_python_operator' retrieved from /home/airflow/.local/lib/python3.12/site-packages/airflow/example_dags/example_python_operator.py
[2026-05-02T00:57:36.893+0000] {logging_mixin.py:190} INFO - [2026-05-02T00:57:36.893+0000] {dag.py:3239} INFO - Sync 1 DAGs
[2026-05-02T00:57:36.901+0000] {logging_mixin.py:190} INFO - [2026-05-02T00:57:36.901+0000] {dag.py:4180} INFO - Setting next_dagrun for example_python_operator to None, run_after=None
[2026-05-02T00:57:36.908+0000] {processor.py:208} INFO - Processing /home/airflow/.local/lib/python3.12/site-packages/airflow/example_dags/example_python_operator.py took 0.039 seconds
[2026-05-02T00:58:07.086+0000] {processor.py:186} INFO - Started process (PID=74976) to work on /home/airflow/.local/lib/python3.12/site-packages/airflow/example_dags/example_python_operator.py
[2026-05-02T00:58:07.086+0000] {processor.py:914} INFO - Processing file /home/airflow/.local/lib/python3.12/site-packages/airflow/example_dags/example_python_operator.py for tasks to queue
[2026-05-02T00:58:07.087+0000] {logging_mixin.py:190} INFO - [2026-05-02T00:58:07.087+0000] {dagbag.py:588} INFO - Filling up the DagBag from /home/airflow/.local/lib/python3.12/site-packages/airflow/example_dags/example_python_operator.py
[2026-05-02T00:58:07.093+0000] {processor.py:925} INFO - DAG(s) 'example_python_operator' retrieved from /home/airflow/.local/lib/python3.12/site-packages/airflow/example_dags/example_python_operator.py
[2026-05-02T00:58:07.104+0000] {logging_mixin.py:190} INFO - [2026-05-02T00:58:07.104+0000] {dag.py:3239} INFO - Sync 1 DAGs
[2026-05-02T00:58:07.109+0000] {logging_mixin.py:190} INFO - [2026-05-02T00:58:07.109+0000] {dag.py:4180} INFO - Setting next_dagrun for example_python_operator to None, run_after=None
[2026-05-02T00:58:07.118+0000] {processor.py:208} INFO - Processing /home/airflow/.local/lib/python3.12/site-packages/airflow/example_dags/example_python_operator.py took 0.035 seconds
[2026-05-02T01:13:37.600+0000] {processor.py:186} INFO - Started process (PID=75040) to work on /home/airflow/.local/lib/python3.12/site-packages/airflow/example_dags/example_python_operator.py
[2026-05-02T01:13:37.600+0000] {processor.py:914} INFO - Processing file /home/airflow/.local/lib/python3.12/site-packages/airflow/example_dags/example_python_operator.py for tasks to queue
[2026-05-02T01:13:37.602+0000] {logging_mixin.py:190} INFO - [2026-05-02T01:13:37.602+0000] {dagbag.py:588} INFO - Filling up the DagBag from /home/airflow/.local/lib/python3.12/site-packages/airflow/example_dags/example_python_operator.py
[2026-05-02T01:13:37.609+0000] {processor.py:925} INFO - DAG(s) 'example_python_operator' retrieved from /home/airflow/.local/lib/python3.12/site-packages/airflow/example_dags/example_python_operator.py
[2026-05-02T01:13:37.620+0000] {logging_mixin.py:190} INFO - [2026-05-02T01:13:37.619+0000] {dag.py:3239} INFO - Sync 1 DAGs
[2026-05-02T01:13:37.624+0000] {logging_mixin.py:190} INFO - [2026-05-02T01:13:37.624+0000] {dag.py:4180} INFO - Setting next_dagrun for example_python_operator to None, run_after=None
[2026-05-02T01:13:37.633+0000] {processor.py:208} INFO - Processing /home/airflow/.local/lib/python3.12/site-packages/airflow/example_dags/example_python_operator.py took 0.036 seconds
[2026-05-02T01:26:58.813+0000] {processor.py:186} INFO - Started process (PID=75104) to work on /home/airflow/.local/lib/python3.12/site-packages/airflow/example_dags/example_python_operator.py
[2026-05-02T01:26:58.813+0000] {processor.py:914} INFO - Processing file /home/airflow/.local/lib/python3.12/site-packages/airflow/example_dags/example_python_operator.py for tasks to queue
[2026-05-02T01:26:58.814+0000] {logging_mixin.py:190} INFO - [2026-05-02T01:26:58.814+0000] {dagbag.py:588} INFO - Filling up the DagBag from /home/airflow/.local/lib/python3.12/site-packages/airflow/example_dags/example_python_operator.py
[2026-05-02T01:26:58.819+0000] {processor.py:925} INFO - DAG(s) 'example_python_operator' retrieved from /home/airflow/.local/lib/python3.12/site-packages/airflow/example_dags/example_python_operator.py
[2026-05-02T01:26:58.826+0000] {logging_mixin.py:190} INFO - [2026-05-02T01:26:58.826+0000] {dag.py:3239} INFO - Sync 1 DAGs
[2026-05-02T01:26:58.831+0000] {logging_mixin.py:190} INFO - [2026-05-02T01:26:58.831+0000] {dag.py:4180} INFO - Setting next_dagrun for example_python_operator to None, run_after=None
[2026-05-02T01:26:58.836+0000] {processor.py:208} INFO - Processing /home/airflow/.local/lib/python3.12/site-packages/airflow/example_dags/example_python_operator.py took 0.026 seconds
[2026-05-02T01:27:29.149+0000] {processor.py:186} INFO - Started process (PID=75168) to work on /home/airflow/.local/lib/python3.12/site-packages/airflow/example_dags/example_python_operator.py
[2026-05-02T01:27:29.149+0000] {processor.py:914} INFO - Processing file /home/airflow/.local/lib/python3.12/site-packages/airflow/example_dags/example_python_operator.py for tasks to queue
[2026-05-02T01:27:29.150+0000] {logging_mixin.py:190} INFO - [2026-05-02T01:27:29.150+0000] {dagbag.py:588} INFO - Filling up the DagBag from /home/airflow/.local/lib/python3.12/site-packages/airflow/example_dags/example_python_operator.py
[2026-05-02T01:27:29.157+0000] {processor.py:925} INFO - DAG(s) 'example_python_operator' retrieved from /home/airflow/.local/lib/python3.12/site-packages/airflow/example_dags/example_python_operator.py
[2026-05-02T01:27:29.168+0000] {logging_mixin.py:190} INFO - [2026-05-02T01:27:29.167+0000] {dag.py:3239} INFO - Sync 1 DAGs
[2026-05-02T01:27:29.172+0000] {logging_mixin.py:190} INFO - [2026-05-02T01:27:29.172+0000] {dag.py:4180} INFO - Setting next_dagrun for example_python_operator to None, run_after=None
[2026-05-02T01:27:29.179+0000] {processor.py:208} INFO - Processing /home/airflow/.local/lib/python3.12/site-packages/airflow/example_dags/example_python_operator.py took 0.033 seconds
[2026-05-02T01:43:00.162+0000] {processor.py:186} INFO - Started process (PID=75232) to work on /home/airflow/.local/lib/python3.12/site-packages/airflow/example_dags/example_python_operator.py
[2026-05-02T01:43:00.162+0000] {processor.py:914} INFO - Processing file /home/airflow/.local/lib/python3.12/site-packages/airflow/example_dags/example_python_operator.py for tasks to queue
[2026-05-02T01:43:00.163+0000] {logging_mixin.py:190} INFO - [2026-05-02T01:43:00.163+0000] {dagbag.py:588} INFO - Filling up the DagBag from /home/airflow/.local/lib/python3.12/site-packages/airflow/example_dags/example_python_operator.py
[2026-05-02T01:43:00.168+0000] {processor.py:925} INFO - DAG(s) 'example_python_operator' retrieved from /home/airflow/.local/lib/python3.12/site-packages/airflow/example_dags/example_python_operator.py
[2026-05-02T01:43:00.179+0000] {logging_mixin.py:190} INFO - [2026-05-02T01:43:00.179+0000] {dag.py:3239} INFO - Sync 1 DAGs
[2026-05-02T01:43:00.184+0000] {logging_mixin.py:190} INFO - [2026-05-02T01:43:00.184+0000] {dag.py:4180} INFO - Setting next_dagrun for example_python_operator to None, run_after=None
[2026-05-02T01:43:00.196+0000] {processor.py:208} INFO - Processing /home/airflow/.local/lib/python3.12/site-packages/airflow/example_dags/example_python_operator.py took 0.037 seconds
[2026-05-02T01:43:30.498+0000] {processor.py:186} INFO - Started process (PID=75296) to work on /home/airflow/.local/lib/python3.12/site-packages/airflow/example_dags/example_python_operator.py
[2026-05-02T01:43:30.499+0000] {processor.py:914} INFO - Processing file /home/airflow/.local/lib/python3.12/site-packages/airflow/example_dags/example_python_operator.py for tasks to queue
[2026-05-02T01:43:30.500+0000] {logging_mixin.py:190} INFO - [2026-05-02T01:43:30.500+0000] {dagbag.py:588} INFO - Filling up the DagBag from /home/airflow/.local/lib/python3.12/site-packages/airflow/example_dags/example_python_operator.py
[2026-05-02T01:43:30.506+0000] {processor.py:925} INFO - DAG(s) 'example_python_operator' retrieved from /home/airflow/.local/lib/python3.12/site-packages/airflow/example_dags/example_python_operator.py
[2026-05-02T01:43:30.516+0000] {logging_mixin.py:190} INFO - [2026-05-02T01:43:30.516+0000] {dag.py:3239} INFO - Sync 1 DAGs
[2026-05-02T01:43:30.522+0000] {logging_mixin.py:190} INFO - [2026-05-02T01:43:30.522+0000] {dag.py:4180} INFO - Setting next_dagrun for example_python_operator to None, run_after=None
[2026-05-02T01:43:30.531+0000] {processor.py:208} INFO - Processing /home/airflow/.local/lib/python3.12/site-packages/airflow/example_dags/example_python_operator.py took 0.034 seconds
[2026-05-02T01:55:42.363+0000] {processor.py:186} INFO - Started process (PID=75360) to work on /home/airflow/.local/lib/python3.12/site-packages/airflow/example_dags/example_python_operator.py
[2026-05-02T01:55:42.364+0000] {processor.py:914} INFO - Processing file /home/airflow/.local/lib/python3.12/site-packages/airflow/example_dags/example_python_operator.py for tasks to queue
[2026-05-02T01:55:42.365+0000] {logging_mixin.py:190} INFO - [2026-05-02T01:55:42.365+0000] {dagbag.py:588} INFO - Filling up the DagBag from /home/airflow/.local/lib/python3.12/site-packages/airflow/example_dags/example_python_operator.py
[2026-05-02T01:55:42.371+0000] {processor.py:925} INFO - DAG(s) 'example_python_operator' retrieved from /home/airflow/.local/lib/python3.12/site-packages/airflow/example_dags/example_python_operator.py
[2026-05-02T01:55:42.378+0000] {logging_mixin.py:190} INFO - [2026-05-02T01:55:42.378+0000] {dag.py:3239} INFO - Sync 1 DAGs
[2026-05-02T01:55:42.383+0000] {logging_mixin.py:190} INFO - [2026-05-02T01:55:42.383+0000] {dag.py:4180} INFO - Setting next_dagrun for example_python_operator to None, run_after=None
[2026-05-02T01:55:42.392+0000] {processor.py:208} INFO - Processing /home/airflow/.local/lib/python3.12/site-packages/airflow/example_dags/example_python_operator.py took 0.031 seconds
[2026-05-02T02:11:14.454+0000] {processor.py:186} INFO - Started process (PID=75424) to work on /home/airflow/.local/lib/python3.12/site-packages/airflow/example_dags/example_python_operator.py
[2026-05-02T02:11:14.455+0000] {processor.py:914} INFO - Processing file /home/airflow/.local/lib/python3.12/site-packages/airflow/example_dags/example_python_operator.py for tasks to queue
[2026-05-02T02:11:14.458+0000] {logging_mixin.py:190} INFO - [2026-05-02T02:11:14.457+0000] {dagbag.py:588} INFO - Filling up the DagBag from /home/airflow/.local/lib/python3.12/site-packages/airflow/example_dags/example_python_operator.py
[2026-05-02T02:11:14.462+0000] {processor.py:925} INFO - DAG(s) 'example_python_operator' retrieved from /home/airflow/.local/lib/python3.12/site-packages/airflow/example_dags/example_python_operator.py
[2026-05-02T02:11:14.476+0000] {logging_mixin.py:190} INFO - [2026-05-02T02:11:14.476+0000] {dag.py:3239} INFO - Sync 1 DAGs
[2026-05-02T02:11:14.482+0000] {logging_mixin.py:190} INFO - [2026-05-02T02:11:14.481+0000] {dag.py:4180} INFO - Setting next_dagrun for example_python_operator to None, run_after=None
[2026-05-02T02:11:14.488+0000] {processor.py:208} INFO - Processing /home/airflow/.local/lib/python3.12/site-packages/airflow/example_dags/example_python_operator.py took 0.036 seconds
[2026-05-02T02:11:44.666+0000] {processor.py:186} INFO - Started process (PID=75488) to work on /home/airflow/.local/lib/python3.12/site-packages/airflow/example_dags/example_python_operator.py
[2026-05-02T02:11:44.667+0000] {processor.py:914} INFO - Processing file /home/airflow/.local/lib/python3.12/site-packages/airflow/example_dags/example_python_operator.py for tasks to queue
[2026-05-02T02:11:44.668+0000] {logging_mixin.py:190} INFO - [2026-05-02T02:11:44.667+0000] {dagbag.py:588} INFO - Filling up the DagBag from /home/airflow/.local/lib/python3.12/site-packages/airflow/example_dags/example_python_operator.py
[2026-05-02T02:11:44.672+0000] {processor.py:925} INFO - DAG(s) 'example_python_operator' retrieved from /home/airflow/.local/lib/python3.12/site-packages/airflow/example_dags/example_python_operator.py
[2026-05-02T02:11:44.682+0000] {logging_mixin.py:190} INFO - [2026-05-02T02:11:44.681+0000] {dag.py:3239} INFO - Sync 1 DAGs
[2026-05-02T02:11:44.687+0000] {logging_mixin.py:190} INFO - [2026-05-02T02:11:44.687+0000] {dag.py:4180} INFO - Setting next_dagrun for example_python_operator to None, run_after=None
[2026-05-02T02:11:44.695+0000] {processor.py:208} INFO - Processing /home/airflow/.local/lib/python3.12/site-packages/airflow/example_dags/example_python_operator.py took 0.031 seconds
[2026-05-02T02:13:21.115+0000] {processor.py:186} INFO - Started process (PID=75552) to work on /home/airflow/.local/lib/python3.12/site-packages/airflow/example_dags/example_python_operator.py
[2026-05-02T02:13:21.115+0000] {processor.py:914} INFO - Processing file /home/airflow/.local/lib/python3.12/site-packages/airflow/example_dags/example_python_operator.py for tasks to queue
[2026-05-02T02:13:21.116+0000] {logging_mixin.py:190} INFO - [2026-05-02T02:13:21.116+0000] {dagbag.py:588} INFO - Filling up the DagBag from /home/airflow/.local/lib/python3.12/site-packages/airflow/example_dags/example_python_operator.py
[2026-05-02T02:13:21.120+0000] {processor.py:925} INFO - DAG(s) 'example_python_operator' retrieved from /home/airflow/.local/lib/python3.12/site-packages/airflow/example_dags/example_python_operator.py
[2026-05-02T02:13:21.130+0000] {logging_mixin.py:190} INFO - [2026-05-02T02:13:21.130+0000] {dag.py:3239} INFO - Sync 1 DAGs
[2026-05-02T02:13:21.135+0000] {logging_mixin.py:190} INFO - [2026-05-02T02:13:21.135+0000] {dag.py:4180} INFO - Setting next_dagrun for example_python_operator to None, run_after=None
[2026-05-02T02:13:21.145+0000] {processor.py:208} INFO - Processing /home/airflow/.local/lib/python3.12/site-packages/airflow/example_dags/example_python_operator.py took 0.032 seconds
[2026-05-02T02:28:53.046+0000] {processor.py:186} INFO - Started process (PID=75616) to work on /home/airflow/.local/lib/python3.12/site-packages/airflow/example_dags/example_python_operator.py
[2026-05-02T02:28:53.047+0000] {processor.py:914} INFO - Processing file /home/airflow/.local/lib/python3.12/site-packages/airflow/example_dags/example_python_operator.py for tasks to queue
[2026-05-02T02:28:53.050+0000] {logging_mixin.py:190} INFO - [2026-05-02T02:28:53.049+0000] {dagbag.py:588} INFO - Filling up the DagBag from /home/airflow/.local/lib/python3.12/site-packages/airflow/example_dags/example_python_operator.py
[2026-05-02T02:28:53.062+0000] {processor.py:925} INFO - DAG(s) 'example_python_operator' retrieved from /home/airflow/.local/lib/python3.12/site-packages/airflow/example_dags/example_python_operator.py
[2026-05-02T02:28:53.077+0000] {logging_mixin.py:190} INFO - [2026-05-02T02:28:53.077+0000] {dag.py:3239} INFO - Sync 1 DAGs
[2026-05-02T02:28:53.084+0000] {logging_mixin.py:190} INFO - [2026-05-02T02:28:53.084+0000] {dag.py:4180} INFO - Setting next_dagrun for example_python_operator to None, run_after=None
[2026-05-02T02:28:53.093+0000] {processor.py:208} INFO - Processing /home/airflow/.local/lib/python3.12/site-packages/airflow/example_dags/example_python_operator.py took 0.052 seconds
[2026-05-02T02:29:23.600+0000] {processor.py:186} INFO - Started process (PID=75680) to work on /home/airflow/.local/lib/python3.12/site-packages/airflow/example_dags/example_python_operator.py
[2026-05-02T02:29:23.600+0000] {processor.py:914} INFO - Processing file /home/airflow/.local/lib/python3.12/site-packages/airflow/example_dags/example_python_operator.py for tasks to queue
[2026-05-02T02:29:23.601+0000] {logging_mixin.py:190} INFO - [2026-05-02T02:29:23.601+0000] {dagbag.py:588} INFO - Filling up the DagBag from /home/airflow/.local/lib/python3.12/site-packages/airflow/example_dags/example_python_operator.py
[2026-05-02T02:29:23.608+0000] {processor.py:925} INFO - DAG(s) 'example_python_operator' retrieved from /home/airflow/.local/lib/python3.12/site-packages/airflow/example_dags/example_python_operator.py
[2026-05-02T02:29:23.621+0000] {logging_mixin.py:190} INFO - [2026-05-02T02:29:23.620+0000] {dag.py:3239} INFO - Sync 1 DAGs
[2026-05-02T02:29:23.626+0000] {logging_mixin.py:190} INFO - [2026-05-02T02:29:23.626+0000] {dag.py:4180} INFO - Setting next_dagrun for example_python_operator to None, run_after=None
[2026-05-02T02:29:23.633+0000] {processor.py:208} INFO - Processing /home/airflow/.local/lib/python3.12/site-packages/airflow/example_dags/example_python_operator.py took 0.036 seconds
[2026-05-02T02:44:56.134+0000] {processor.py:186} INFO - Started process (PID=75744) to work on /home/airflow/.local/lib/python3.12/site-packages/airflow/example_dags/example_python_operator.py
[2026-05-02T02:44:56.135+0000] {processor.py:914} INFO - Processing file /home/airflow/.local/lib/python3.12/site-packages/airflow/example_dags/example_python_operator.py for tasks to queue
[2026-05-02T02:44:56.136+0000] {logging_mixin.py:190} INFO - [2026-05-02T02:44:56.136+0000] {dagbag.py:588} INFO - Filling up the DagBag from /home/airflow/.local/lib/python3.12/site-packages/airflow/example_dags/example_python_operator.py
[2026-05-02T02:44:56.141+0000] {processor.py:925} INFO - DAG(s) 'example_python_operator' retrieved from /home/airflow/.local/lib/python3.12/site-packages/airflow/example_dags/example_python_operator.py
[2026-05-02T02:44:56.151+0000] {logging_mixin.py:190} INFO - [2026-05-02T02:44:56.151+0000] {dag.py:3239} INFO - Sync 1 DAGs
[2026-05-02T02:44:56.156+0000] {logging_mixin.py:190} INFO - [2026-05-02T02:44:56.156+0000] {dag.py:4180} INFO - Setting next_dagrun for example_python_operator to None, run_after=None
[2026-05-02T02:44:56.165+0000] {processor.py:208} INFO - Processing /home/airflow/.local/lib/python3.12/site-packages/airflow/example_dags/example_python_operator.py took 0.033 seconds
[2026-05-02T02:56:17.361+0000] {processor.py:186} INFO - Started process (PID=75808) to work on /home/airflow/.local/lib/python3.12/site-packages/airflow/example_dags/example_python_operator.py
[2026-05-02T02:56:17.362+0000] {processor.py:914} INFO - Processing file /home/airflow/.local/lib/python3.12/site-packages/airflow/example_dags/example_python_operator.py for tasks to queue
[2026-05-02T02:56:17.362+0000] {logging_mixin.py:190} INFO - [2026-05-02T02:56:17.362+0000] {dagbag.py:588} INFO - Filling up the DagBag from /home/airflow/.local/lib/python3.12/site-packages/airflow/example_dags/example_python_operator.py
[2026-05-02T02:56:17.367+0000] {processor.py:925} INFO - DAG(s) 'example_python_operator' retrieved from /home/airflow/.local/lib/python3.12/site-packages/airflow/example_dags/example_python_operator.py
[2026-05-02T02:56:17.375+0000] {logging_mixin.py:190} INFO - [2026-05-02T02:56:17.375+0000] {dag.py:3239} INFO - Sync 1 DAGs
[2026-05-02T02:56:17.379+0000] {logging_mixin.py:190} INFO - [2026-05-02T02:56:17.379+0000] {dag.py:4180} INFO - Setting next_dagrun for example_python_operator to None, run_after=None
[2026-05-02T02:56:17.385+0000] {processor.py:208} INFO - Processing /home/airflow/.local/lib/python3.12/site-packages/airflow/example_dags/example_python_operator.py took 0.026 seconds
[2026-05-02T02:56:48.067+0000] {processor.py:186} INFO - Started process (PID=75872) to work on /home/airflow/.local/lib/python3.12/site-packages/airflow/example_dags/example_python_operator.py
[2026-05-02T02:56:48.067+0000] {processor.py:914} INFO - Processing file /home/airflow/.local/lib/python3.12/site-packages/airflow/example_dags/example_python_operator.py for tasks to queue
[2026-05-02T02:56:48.068+0000] {logging_mixin.py:190} INFO - [2026-05-02T02:56:48.068+0000] {dagbag.py:588} INFO - Filling up the DagBag from /home/airflow/.local/lib/python3.12/site-packages/airflow/example_dags/example_python_operator.py
[2026-05-02T02:56:48.074+0000] {processor.py:925} INFO - DAG(s) 'example_python_operator' retrieved from /home/airflow/.local/lib/python3.12/site-packages/airflow/example_dags/example_python_operator.py
[2026-05-02T02:56:48.084+0000] {logging_mixin.py:190} INFO - [2026-05-02T02:56:48.084+0000] {dag.py:3239} INFO - Sync 1 DAGs
[2026-05-02T02:56:48.091+0000] {logging_mixin.py:190} INFO - [2026-05-02T02:56:48.091+0000] {dag.py:4180} INFO - Setting next_dagrun for example_python_operator to None, run_after=None
[2026-05-02T02:56:48.100+0000] {processor.py:208} INFO - Processing /home/airflow/.local/lib/python3.12/site-packages/airflow/example_dags/example_python_operator.py took 0.035 seconds
[2026-05-02T03:12:19.099+0000] {processor.py:186} INFO - Started process (PID=75936) to work on /home/airflow/.local/lib/python3.12/site-packages/airflow/example_dags/example_python_operator.py
[2026-05-02T03:12:19.100+0000] {processor.py:914} INFO - Processing file /home/airflow/.local/lib/python3.12/site-packages/airflow/example_dags/example_python_operator.py for tasks to queue
[2026-05-02T03:12:19.101+0000] {logging_mixin.py:190} INFO - [2026-05-02T03:12:19.101+0000] {dagbag.py:588} INFO - Filling up the DagBag from /home/airflow/.local/lib/python3.12/site-packages/airflow/example_dags/example_python_operator.py
[2026-05-02T03:12:19.107+0000] {processor.py:925} INFO - DAG(s) 'example_python_operator' retrieved from /home/airflow/.local/lib/python3.12/site-packages/airflow/example_dags/example_python_operator.py
[2026-05-02T03:12:19.117+0000] {logging_mixin.py:190} INFO - [2026-05-02T03:12:19.117+0000] {dag.py:3239} INFO - Sync 1 DAGs
[2026-05-02T03:12:19.125+0000] {logging_mixin.py:190} INFO - [2026-05-02T03:12:19.125+0000] {dag.py:4180} INFO - Setting next_dagrun for example_python_operator to None, run_after=None
[2026-05-02T03:12:19.134+0000] {processor.py:208} INFO - Processing /home/airflow/.local/lib/python3.12/site-packages/airflow/example_dags/example_python_operator.py took 0.038 seconds
[2026-05-02T03:27:51.071+0000] {processor.py:186} INFO - Started process (PID=76000) to work on /home/airflow/.local/lib/python3.12/site-packages/airflow/example_dags/example_python_operator.py
[2026-05-02T03:27:51.071+0000] {processor.py:914} INFO - Processing file /home/airflow/.local/lib/python3.12/site-packages/airflow/example_dags/example_python_operator.py for tasks to queue
[2026-05-02T03:27:51.072+0000] {logging_mixin.py:190} INFO - [2026-05-02T03:27:51.072+0000] {dagbag.py:588} INFO - Filling up the DagBag from /home/airflow/.local/lib/python3.12/site-packages/airflow/example_dags/example_python_operator.py
[2026-05-02T03:27:51.078+0000] {processor.py:925} INFO - DAG(s) 'example_python_operator' retrieved from /home/airflow/.local/lib/python3.12/site-packages/airflow/example_dags/example_python_operator.py
[2026-05-02T03:27:51.089+0000] {logging_mixin.py:190} INFO - [2026-05-02T03:27:51.089+0000] {dag.py:3239} INFO - Sync 1 DAGs
[2026-05-02T03:27:51.095+0000] {logging_mixin.py:190} INFO - [2026-05-02T03:27:51.095+0000] {dag.py:4180} INFO - Setting next_dagrun for example_python_operator to None, run_after=None
[2026-05-02T03:27:51.103+0000] {processor.py:208} INFO - Processing /home/airflow/.local/lib/python3.12/site-packages/airflow/example_dags/example_python_operator.py took 0.035 seconds
[2026-05-02T03:28:21.877+0000] {processor.py:186} INFO - Started process (PID=76064) to work on /home/airflow/.local/lib/python3.12/site-packages/airflow/example_dags/example_python_operator.py
[2026-05-02T03:28:21.877+0000] {processor.py:914} INFO - Processing file /home/airflow/.local/lib/python3.12/site-packages/airflow/example_dags/example_python_operator.py for tasks to queue
[2026-05-02T03:28:21.880+0000] {logging_mixin.py:190} INFO - [2026-05-02T03:28:21.880+0000] {dagbag.py:588} INFO - Filling up the DagBag from /home/airflow/.local/lib/python3.12/site-packages/airflow/example_dags/example_python_operator.py
[2026-05-02T03:28:21.890+0000] {processor.py:925} INFO - DAG(s) 'example_python_operator' retrieved from /home/airflow/.local/lib/python3.12/site-packages/airflow/example_dags/example_python_operator.py
[2026-05-02T03:28:21.905+0000] {logging_mixin.py:190} INFO - [2026-05-02T03:28:21.905+0000] {dag.py:3239} INFO - Sync 1 DAGs
[2026-05-02T03:28:21.913+0000] {logging_mixin.py:190} INFO - [2026-05-02T03:28:21.913+0000] {dag.py:4180} INFO - Setting next_dagrun for example_python_operator to None, run_after=None
[2026-05-02T03:28:21.925+0000] {processor.py:208} INFO - Processing /home/airflow/.local/lib/python3.12/site-packages/airflow/example_dags/example_python_operator.py took 0.052 seconds
[2026-05-02T03:43:53.014+0000] {processor.py:186} INFO - Started process (PID=76128) to work on /home/airflow/.local/lib/python3.12/site-packages/airflow/example_dags/example_python_operator.py
[2026-05-02T03:43:53.016+0000] {processor.py:914} INFO - Processing file /home/airflow/.local/lib/python3.12/site-packages/airflow/example_dags/example_python_operator.py for tasks to queue
[2026-05-02T03:43:53.018+0000] {logging_mixin.py:190} INFO - [2026-05-02T03:43:53.018+0000] {dagbag.py:588} INFO - Filling up the DagBag from /home/airflow/.local/lib/python3.12/site-packages/airflow/example_dags/example_python_operator.py
[2026-05-02T03:43:53.026+0000] {processor.py:925} INFO - DAG(s) 'example_python_operator' retrieved from /home/airflow/.local/lib/python3.12/site-packages/airflow/example_dags/example_python_operator.py
[2026-05-02T03:43:53.039+0000] {logging_mixin.py:190} INFO - [2026-05-02T03:43:53.039+0000] {dag.py:3239} INFO - Sync 1 DAGs
[2026-05-02T03:43:53.045+0000] {logging_mixin.py:190} INFO - [2026-05-02T03:43:53.045+0000] {dag.py:4180} INFO - Setting next_dagrun for example_python_operator to None, run_after=None
[2026-05-02T03:43:53.058+0000] {processor.py:208} INFO - Processing /home/airflow/.local/lib/python3.12/site-packages/airflow/example_dags/example_python_operator.py took 0.052 seconds
[2026-05-02T03:44:23.706+0000] {processor.py:186} INFO - Started process (PID=76192) to work on /home/airflow/.local/lib/python3.12/site-packages/airflow/example_dags/example_python_operator.py
[2026-05-02T03:44:23.707+0000] {processor.py:914} INFO - Processing file /home/airflow/.local/lib/python3.12/site-packages/airflow/example_dags/example_python_operator.py for tasks to queue
[2026-05-02T03:44:23.708+0000] {logging_mixin.py:190} INFO - [2026-05-02T03:44:23.708+0000] {dagbag.py:588} INFO - Filling up the DagBag from /home/airflow/.local/lib/python3.12/site-packages/airflow/example_dags/example_python_operator.py
[2026-05-02T03:44:23.713+0000] {processor.py:925} INFO - DAG(s) 'example_python_operator' retrieved from /home/airflow/.local/lib/python3.12/site-packages/airflow/example_dags/example_python_operator.py
[2026-05-02T03:44:23.725+0000] {logging_mixin.py:190} INFO - [2026-05-02T03:44:23.725+0000] {dag.py:3239} INFO - Sync 1 DAGs
[2026-05-02T03:44:23.730+0000] {logging_mixin.py:190} INFO - [2026-05-02T03:44:23.730+0000] {dag.py:4180} INFO - Setting next_dagrun for example_python_operator to None, run_after=None
[2026-05-02T03:44:23.738+0000] {processor.py:208} INFO - Processing /home/airflow/.local/lib/python3.12/site-packages/airflow/example_dags/example_python_operator.py took 0.034 seconds
[2026-05-02T03:57:39.512+0000] {processor.py:186} INFO - Started process (PID=76256) to work on /home/airflow/.local/lib/python3.12/site-packages/airflow/example_dags/example_python_operator.py
[2026-05-02T03:57:39.512+0000] {processor.py:914} INFO - Processing file /home/airflow/.local/lib/python3.12/site-packages/airflow/example_dags/example_python_operator.py for tasks to queue
[2026-05-02T03:57:39.514+0000] {logging_mixin.py:190} INFO - [2026-05-02T03:57:39.514+0000] {dagbag.py:588} INFO - Filling up the DagBag from /home/airflow/.local/lib/python3.12/site-packages/airflow/example_dags/example_python_operator.py
[2026-05-02T03:57:39.520+0000] {processor.py:925} INFO - DAG(s) 'example_python_operator' retrieved from /home/airflow/.local/lib/python3.12/site-packages/airflow/example_dags/example_python_operator.py
[2026-05-02T03:57:39.528+0000] {logging_mixin.py:190} INFO - [2026-05-02T03:57:39.528+0000] {dag.py:3239} INFO - Sync 1 DAGs
[2026-05-02T03:57:39.533+0000] {logging_mixin.py:190} INFO - [2026-05-02T03:57:39.533+0000] {dag.py:4180} INFO - Setting next_dagrun for example_python_operator to None, run_after=None
[2026-05-02T03:57:39.541+0000] {processor.py:208} INFO - Processing /home/airflow/.local/lib/python3.12/site-packages/airflow/example_dags/example_python_operator.py took 0.033 seconds
[2026-05-02T04:13:10.829+0000] {processor.py:186} INFO - Started process (PID=76321) to work on /home/airflow/.local/lib/python3.12/site-packages/airflow/example_dags/example_python_operator.py
[2026-05-02T04:13:10.830+0000] {processor.py:914} INFO - Processing file /home/airflow/.local/lib/python3.12/site-packages/airflow/example_dags/example_python_operator.py for tasks to queue
[2026-05-02T04:13:10.831+0000] {logging_mixin.py:190} INFO - [2026-05-02T04:13:10.831+0000] {dagbag.py:588} INFO - Filling up the DagBag from /home/airflow/.local/lib/python3.12/site-packages/airflow/example_dags/example_python_operator.py
[2026-05-02T04:13:10.836+0000] {processor.py:925} INFO - DAG(s) 'example_python_operator' retrieved from /home/airflow/.local/lib/python3.12/site-packages/airflow/example_dags/example_python_operator.py
[2026-05-02T04:13:10.845+0000] {logging_mixin.py:190} INFO - [2026-05-02T04:13:10.845+0000] {dag.py:3239} INFO - Sync 1 DAGs
[2026-05-02T04:13:10.850+0000] {logging_mixin.py:190} INFO - [2026-05-02T04:13:10.850+0000] {dag.py:4180} INFO - Setting next_dagrun for example_python_operator to None, run_after=None
[2026-05-02T04:13:10.857+0000] {processor.py:208} INFO - Processing /home/airflow/.local/lib/python3.12/site-packages/airflow/example_dags/example_python_operator.py took 0.031 seconds
[2026-05-02T04:13:41.593+0000] {processor.py:186} INFO - Started process (PID=76385) to work on /home/airflow/.local/lib/python3.12/site-packages/airflow/example_dags/example_python_operator.py
[2026-05-02T04:13:41.594+0000] {processor.py:914} INFO - Processing file /home/airflow/.local/lib/python3.12/site-packages/airflow/example_dags/example_python_operator.py for tasks to queue
[2026-05-02T04:13:41.595+0000] {logging_mixin.py:190} INFO - [2026-05-02T04:13:41.595+0000] {dagbag.py:588} INFO - Filling up the DagBag from /home/airflow/.local/lib/python3.12/site-packages/airflow/example_dags/example_python_operator.py
[2026-05-02T04:13:41.601+0000] {processor.py:925} INFO - DAG(s) 'example_python_operator' retrieved from /home/airflow/.local/lib/python3.12/site-packages/airflow/example_dags/example_python_operator.py
[2026-05-02T04:13:41.611+0000] {logging_mixin.py:190} INFO - [2026-05-02T04:13:41.611+0000] {dag.py:3239} INFO - Sync 1 DAGs
[2026-05-02T04:13:41.616+0000] {logging_mixin.py:190} INFO - [2026-05-02T04:13:41.616+0000] {dag.py:4180} INFO - Setting next_dagrun for example_python_operator to None, run_after=None
[2026-05-02T04:13:41.625+0000] {processor.py:208} INFO - Processing /home/airflow/.local/lib/python3.12/site-packages/airflow/example_dags/example_python_operator.py took 0.034 seconds
[2026-05-02T04:14:12.057+0000] {processor.py:186} INFO - Started process (PID=76449) to work on /home/airflow/.local/lib/python3.12/site-packages/airflow/example_dags/example_python_operator.py
[2026-05-02T04:14:12.058+0000] {processor.py:914} INFO - Processing file /home/airflow/.local/lib/python3.12/site-packages/airflow/example_dags/example_python_operator.py for tasks to queue
[2026-05-02T04:14:12.059+0000] {logging_mixin.py:190} INFO - [2026-05-02T04:14:12.059+0000] {dagbag.py:588} INFO - Filling up the DagBag from /home/airflow/.local/lib/python3.12/site-packages/airflow/example_dags/example_python_operator.py
[2026-05-02T04:14:12.066+0000] {processor.py:925} INFO - DAG(s) 'example_python_operator' retrieved from /home/airflow/.local/lib/python3.12/site-packages/airflow/example_dags/example_python_operator.py
[2026-05-02T04:14:12.077+0000] {logging_mixin.py:190} INFO - [2026-05-02T04:14:12.077+0000] {dag.py:3239} INFO - Sync 1 DAGs
[2026-05-02T04:14:12.081+0000] {logging_mixin.py:190} INFO - [2026-05-02T04:14:12.081+0000] {dag.py:4180} INFO - Setting next_dagrun for example_python_operator to None, run_after=None
[2026-05-02T04:14:12.090+0000] {processor.py:208} INFO - Processing /home/airflow/.local/lib/python3.12/site-packages/airflow/example_dags/example_python_operator.py took 0.035 seconds
[2026-05-02T04:14:42.460+0000] {processor.py:186} INFO - Started process (PID=76513) to work on /home/airflow/.local/lib/python3.12/site-packages/airflow/example_dags/example_python_operator.py
[2026-05-02T04:14:42.462+0000] {processor.py:914} INFO - Processing file /home/airflow/.local/lib/python3.12/site-packages/airflow/example_dags/example_python_operator.py for tasks to queue
[2026-05-02T04:14:42.463+0000] {logging_mixin.py:190} INFO - [2026-05-02T04:14:42.463+0000] {dagbag.py:588} INFO - Filling up the DagBag from /home/airflow/.local/lib/python3.12/site-packages/airflow/example_dags/example_python_operator.py
[2026-05-02T04:14:42.468+0000] {processor.py:925} INFO - DAG(s) 'example_python_operator' retrieved from /home/airflow/.local/lib/python3.12/site-packages/airflow/example_dags/example_python_operator.py
[2026-05-02T04:14:42.477+0000] {logging_mixin.py:190} INFO - [2026-05-02T04:14:42.477+0000] {dag.py:3239} INFO - Sync 1 DAGs
[2026-05-02T04:14:42.483+0000] {logging_mixin.py:190} INFO - [2026-05-02T04:14:42.483+0000] {dag.py:4180} INFO - Setting next_dagrun for example_python_operator to None, run_after=None
[2026-05-02T04:14:42.493+0000] {processor.py:208} INFO - Processing /home/airflow/.local/lib/python3.12/site-packages/airflow/example_dags/example_python_operator.py took 0.036 seconds
[2026-05-02T04:30:11.603+0000] {processor.py:186} INFO - Started process (PID=76577) to work on /home/airflow/.local/lib/python3.12/site-packages/airflow/example_dags/example_python_operator.py
[2026-05-02T04:30:11.604+0000] {processor.py:914} INFO - Processing file /home/airflow/.local/lib/python3.12/site-packages/airflow/example_dags/example_python_operator.py for tasks to queue
[2026-05-02T04:30:11.605+0000] {logging_mixin.py:190} INFO - [2026-05-02T04:30:11.605+0000] {dagbag.py:588} INFO - Filling up the DagBag from /home/airflow/.local/lib/python3.12/site-packages/airflow/example_dags/example_python_operator.py
[2026-05-02T04:30:11.613+0000] {processor.py:925} INFO - DAG(s) 'example_python_operator' retrieved from /home/airflow/.local/lib/python3.12/site-packages/airflow/example_dags/example_python_operator.py
[2026-05-02T04:30:11.622+0000] {logging_mixin.py:190} INFO - [2026-05-02T04:30:11.622+0000] {dag.py:3239} INFO - Sync 1 DAGs
[2026-05-02T04:30:11.628+0000] {logging_mixin.py:190} INFO - [2026-05-02T04:30:11.628+0000] {dag.py:4180} INFO - Setting next_dagrun for example_python_operator to None, run_after=None
[2026-05-02T04:30:11.635+0000] {processor.py:208} INFO - Processing /home/airflow/.local/lib/python3.12/site-packages/airflow/example_dags/example_python_operator.py took 0.036 seconds
[2026-05-02T04:30:42.215+0000] {processor.py:186} INFO - Started process (PID=76641) to work on /home/airflow/.local/lib/python3.12/site-packages/airflow/example_dags/example_python_operator.py
[2026-05-02T04:30:42.216+0000] {processor.py:914} INFO - Processing file /home/airflow/.local/lib/python3.12/site-packages/airflow/example_dags/example_python_operator.py for tasks to queue
[2026-05-02T04:30:42.217+0000] {logging_mixin.py:190} INFO - [2026-05-02T04:30:42.217+0000] {dagbag.py:588} INFO - Filling up the DagBag from /home/airflow/.local/lib/python3.12/site-packages/airflow/example_dags/example_python_operator.py
[2026-05-02T04:30:42.223+0000] {processor.py:925} INFO - DAG(s) 'example_python_operator' retrieved from /home/airflow/.local/lib/python3.12/site-packages/airflow/example_dags/example_python_operator.py
[2026-05-02T04:30:42.234+0000] {logging_mixin.py:190} INFO - [2026-05-02T04:30:42.234+0000] {dag.py:3239} INFO - Sync 1 DAGs
[2026-05-02T04:30:42.241+0000] {logging_mixin.py:190} INFO - [2026-05-02T04:30:42.241+0000] {dag.py:4180} INFO - Setting next_dagrun for example_python_operator to None, run_after=None
[2026-05-02T04:30:42.251+0000] {processor.py:208} INFO - Processing /home/airflow/.local/lib/python3.12/site-packages/airflow/example_dags/example_python_operator.py took 0.039 seconds
[2026-05-02T04:31:19.865+0000] {processor.py:186} INFO - Started process (PID=76705) to work on /home/airflow/.local/lib/python3.12/site-packages/airflow/example_dags/example_python_operator.py
[2026-05-02T04:31:19.865+0000] {processor.py:914} INFO - Processing file /home/airflow/.local/lib/python3.12/site-packages/airflow/example_dags/example_python_operator.py for tasks to queue
[2026-05-02T04:31:19.866+0000] {logging_mixin.py:190} INFO - [2026-05-02T04:31:19.866+0000] {dagbag.py:588} INFO - Filling up the DagBag from /home/airflow/.local/lib/python3.12/site-packages/airflow/example_dags/example_python_operator.py
[2026-05-02T04:31:19.871+0000] {processor.py:925} INFO - DAG(s) 'example_python_operator' retrieved from /home/airflow/.local/lib/python3.12/site-packages/airflow/example_dags/example_python_operator.py
[2026-05-02T04:31:19.882+0000] {logging_mixin.py:190} INFO - [2026-05-02T04:31:19.882+0000] {dag.py:3239} INFO - Sync 1 DAGs
[2026-05-02T04:31:19.888+0000] {logging_mixin.py:190} INFO - [2026-05-02T04:31:19.888+0000] {dag.py:4180} INFO - Setting next_dagrun for example_python_operator to None, run_after=None
[2026-05-02T04:31:19.897+0000] {processor.py:208} INFO - Processing /home/airflow/.local/lib/python3.12/site-packages/airflow/example_dags/example_python_operator.py took 0.036 seconds
[2026-05-02T04:31:50.673+0000] {processor.py:186} INFO - Started process (PID=76769) to work on /home/airflow/.local/lib/python3.12/site-packages/airflow/example_dags/example_python_operator.py
[2026-05-02T04:31:50.673+0000] {processor.py:914} INFO - Processing file /home/airflow/.local/lib/python3.12/site-packages/airflow/example_dags/example_python_operator.py for tasks to queue
[2026-05-02T04:31:50.674+0000] {logging_mixin.py:190} INFO - [2026-05-02T04:31:50.674+0000] {dagbag.py:588} INFO - Filling up the DagBag from /home/airflow/.local/lib/python3.12/site-packages/airflow/example_dags/example_python_operator.py
[2026-05-02T04:31:50.680+0000] {processor.py:925} INFO - DAG(s) 'example_python_operator' retrieved from /home/airflow/.local/lib/python3.12/site-packages/airflow/example_dags/example_python_operator.py
[2026-05-02T04:31:50.691+0000] {logging_mixin.py:190} INFO - [2026-05-02T04:31:50.691+0000] {dag.py:3239} INFO - Sync 1 DAGs
[2026-05-02T04:31:50.697+0000] {logging_mixin.py:190} INFO - [2026-05-02T04:31:50.697+0000] {dag.py:4180} INFO - Setting next_dagrun for example_python_operator to None, run_after=None
[2026-05-02T04:31:50.708+0000] {processor.py:208} INFO - Processing /home/airflow/.local/lib/python3.12/site-packages/airflow/example_dags/example_python_operator.py took 0.038 seconds
[2026-05-02T04:47:20.277+0000] {processor.py:186} INFO - Started process (PID=76833) to work on /home/airflow/.local/lib/python3.12/site-packages/airflow/example_dags/example_python_operator.py
[2026-05-02T04:47:20.278+0000] {processor.py:914} INFO - Processing file /home/airflow/.local/lib/python3.12/site-packages/airflow/example_dags/example_python_operator.py for tasks to queue
[2026-05-02T04:47:20.279+0000] {logging_mixin.py:190} INFO - [2026-05-02T04:47:20.279+0000] {dagbag.py:588} INFO - Filling up the DagBag from /home/airflow/.local/lib/python3.12/site-packages/airflow/example_dags/example_python_operator.py
[2026-05-02T04:47:20.284+0000] {processor.py:925} INFO - DAG(s) 'example_python_operator' retrieved from /home/airflow/.local/lib/python3.12/site-packages/airflow/example_dags/example_python_operator.py
[2026-05-02T04:47:20.294+0000] {logging_mixin.py:190} INFO - [2026-05-02T04:47:20.294+0000] {dag.py:3239} INFO - Sync 1 DAGs
[2026-05-02T04:47:20.300+0000] {logging_mixin.py:190} INFO - [2026-05-02T04:47:20.300+0000] {dag.py:4180} INFO - Setting next_dagrun for example_python_operator to None, run_after=None
[2026-05-02T04:47:20.309+0000] {processor.py:208} INFO - Processing /home/airflow/.local/lib/python3.12/site-packages/airflow/example_dags/example_python_operator.py took 0.035 seconds
[2026-05-02T04:58:26.040+0000] {processor.py:186} INFO - Started process (PID=76897) to work on /home/airflow/.local/lib/python3.12/site-packages/airflow/example_dags/example_python_operator.py
[2026-05-02T04:58:26.042+0000] {processor.py:914} INFO - Processing file /home/airflow/.local/lib/python3.12/site-packages/airflow/example_dags/example_python_operator.py for tasks to queue
[2026-05-02T04:58:26.043+0000] {logging_mixin.py:190} INFO - [2026-05-02T04:58:26.043+0000] {dagbag.py:588} INFO - Filling up the DagBag from /home/airflow/.local/lib/python3.12/site-packages/airflow/example_dags/example_python_operator.py
[2026-05-02T04:58:26.049+0000] {processor.py:925} INFO - DAG(s) 'example_python_operator' retrieved from /home/airflow/.local/lib/python3.12/site-packages/airflow/example_dags/example_python_operator.py
[2026-05-02T04:58:26.059+0000] {logging_mixin.py:190} INFO - [2026-05-02T04:58:26.058+0000] {dag.py:3239} INFO - Sync 1 DAGs
[2026-05-02T04:58:26.065+0000] {logging_mixin.py:190} INFO - [2026-05-02T04:58:26.065+0000] {dag.py:4180} INFO - Setting next_dagrun for example_python_operator to None, run_after=None
[2026-05-02T04:58:26.078+0000] {processor.py:208} INFO - Processing /home/airflow/.local/lib/python3.12/site-packages/airflow/example_dags/example_python_operator.py took 0.041 seconds
[2026-05-02T04:58:56.651+0000] {processor.py:186} INFO - Started process (PID=76961) to work on /home/airflow/.local/lib/python3.12/site-packages/airflow/example_dags/example_python_operator.py
[2026-05-02T04:58:56.653+0000] {processor.py:914} INFO - Processing file /home/airflow/.local/lib/python3.12/site-packages/airflow/example_dags/example_python_operator.py for tasks to queue
[2026-05-02T04:58:56.655+0000] {logging_mixin.py:190} INFO - [2026-05-02T04:58:56.655+0000] {dagbag.py:588} INFO - Filling up the DagBag from /home/airflow/.local/lib/python3.12/site-packages/airflow/example_dags/example_python_operator.py
[2026-05-02T04:58:56.660+0000] {processor.py:925} INFO - DAG(s) 'example_python_operator' retrieved from /home/airflow/.local/lib/python3.12/site-packages/airflow/example_dags/example_python_operator.py
[2026-05-02T04:58:56.674+0000] {logging_mixin.py:190} INFO - [2026-05-02T04:58:56.673+0000] {dag.py:3239} INFO - Sync 1 DAGs
[2026-05-02T04:58:56.678+0000] {logging_mixin.py:190} INFO - [2026-05-02T04:58:56.678+0000] {dag.py:4180} INFO - Setting next_dagrun for example_python_operator to None, run_after=None
[2026-05-02T04:58:56.686+0000] {processor.py:208} INFO - Processing /home/airflow/.local/lib/python3.12/site-packages/airflow/example_dags/example_python_operator.py took 0.037 seconds
[2026-05-02T05:14:27.357+0000] {processor.py:186} INFO - Started process (PID=77025) to work on /home/airflow/.local/lib/python3.12/site-packages/airflow/example_dags/example_python_operator.py
[2026-05-02T05:14:27.361+0000] {processor.py:914} INFO - Processing file /home/airflow/.local/lib/python3.12/site-packages/airflow/example_dags/example_python_operator.py for tasks to queue
[2026-05-02T05:14:27.365+0000] {logging_mixin.py:190} INFO - [2026-05-02T05:14:27.365+0000] {dagbag.py:588} INFO - Filling up the DagBag from /home/airflow/.local/lib/python3.12/site-packages/airflow/example_dags/example_python_operator.py
[2026-05-02T05:14:27.375+0000] {processor.py:925} INFO - DAG(s) 'example_python_operator' retrieved from /home/airflow/.local/lib/python3.12/site-packages/airflow/example_dags/example_python_operator.py
[2026-05-02T05:14:27.385+0000] {logging_mixin.py:190} INFO - [2026-05-02T05:14:27.385+0000] {dag.py:3239} INFO - Sync 1 DAGs
[2026-05-02T05:14:27.390+0000] {logging_mixin.py:190} INFO - [2026-05-02T05:14:27.389+0000] {dag.py:4180} INFO - Setting next_dagrun for example_python_operator to None, run_after=None
[2026-05-02T05:14:27.402+0000] {processor.py:208} INFO - Processing /home/airflow/.local/lib/python3.12/site-packages/airflow/example_dags/example_python_operator.py took 0.047 seconds
[2026-05-02T05:29:57.462+0000] {processor.py:186} INFO - Started process (PID=77089) to work on /home/airflow/.local/lib/python3.12/site-packages/airflow/example_dags/example_python_operator.py
[2026-05-02T05:29:57.463+0000] {processor.py:914} INFO - Processing file /home/airflow/.local/lib/python3.12/site-packages/airflow/example_dags/example_python_operator.py for tasks to queue
[2026-05-02T05:29:57.464+0000] {logging_mixin.py:190} INFO - [2026-05-02T05:29:57.464+0000] {dagbag.py:588} INFO - Filling up the DagBag from /home/airflow/.local/lib/python3.12/site-packages/airflow/example_dags/example_python_operator.py
[2026-05-02T05:29:57.472+0000] {processor.py:925} INFO - DAG(s) 'example_python_operator' retrieved from /home/airflow/.local/lib/python3.12/site-packages/airflow/example_dags/example_python_operator.py
[2026-05-02T05:29:57.487+0000] {logging_mixin.py:190} INFO - [2026-05-02T05:29:57.487+0000] {dag.py:3239} INFO - Sync 1 DAGs
[2026-05-02T05:29:57.493+0000] {logging_mixin.py:190} INFO - [2026-05-02T05:29:57.493+0000] {dag.py:4180} INFO - Setting next_dagrun for example_python_operator to None, run_after=None
[2026-05-02T05:29:57.500+0000] {processor.py:208} INFO - Processing /home/airflow/.local/lib/python3.12/site-packages/airflow/example_dags/example_python_operator.py took 0.041 seconds
[2026-05-02T05:30:28.668+0000] {processor.py:186} INFO - Started process (PID=77153) to work on /home/airflow/.local/lib/python3.12/site-packages/airflow/example_dags/example_python_operator.py
[2026-05-02T05:30:28.669+0000] {processor.py:914} INFO - Processing file /home/airflow/.local/lib/python3.12/site-packages/airflow/example_dags/example_python_operator.py for tasks to queue
[2026-05-02T05:30:28.670+0000] {logging_mixin.py:190} INFO - [2026-05-02T05:30:28.670+0000] {dagbag.py:588} INFO - Filling up the DagBag from /home/airflow/.local/lib/python3.12/site-packages/airflow/example_dags/example_python_operator.py
[2026-05-02T05:30:28.674+0000] {processor.py:925} INFO - DAG(s) 'example_python_operator' retrieved from /home/airflow/.local/lib/python3.12/site-packages/airflow/example_dags/example_python_operator.py
[2026-05-02T05:30:28.686+0000] {logging_mixin.py:190} INFO - [2026-05-02T05:30:28.686+0000] {dag.py:3239} INFO - Sync 1 DAGs
[2026-05-02T05:30:28.691+0000] {logging_mixin.py:190} INFO - [2026-05-02T05:30:28.691+0000] {dag.py:4180} INFO - Setting next_dagrun for example_python_operator to None, run_after=None
[2026-05-02T05:30:28.700+0000] {processor.py:208} INFO - Processing /home/airflow/.local/lib/python3.12/site-packages/airflow/example_dags/example_python_operator.py took 0.034 seconds
[2026-05-02T05:45:59.801+0000] {processor.py:186} INFO - Started process (PID=77217) to work on /home/airflow/.local/lib/python3.12/site-packages/airflow/example_dags/example_python_operator.py
[2026-05-02T05:45:59.801+0000] {processor.py:914} INFO - Processing file /home/airflow/.local/lib/python3.12/site-packages/airflow/example_dags/example_python_operator.py for tasks to queue
[2026-05-02T05:45:59.802+0000] {logging_mixin.py:190} INFO - [2026-05-02T05:45:59.802+0000] {dagbag.py:588} INFO - Filling up the DagBag from /home/airflow/.local/lib/python3.12/site-packages/airflow/example_dags/example_python_operator.py
[2026-05-02T05:45:59.808+0000] {processor.py:925} INFO - DAG(s) 'example_python_operator' retrieved from /home/airflow/.local/lib/python3.12/site-packages/airflow/example_dags/example_python_operator.py
[2026-05-02T05:45:59.821+0000] {logging_mixin.py:190} INFO - [2026-05-02T05:45:59.821+0000] {dag.py:3239} INFO - Sync 1 DAGs
[2026-05-02T05:45:59.830+0000] {logging_mixin.py:190} INFO - [2026-05-02T05:45:59.830+0000] {dag.py:4180} INFO - Setting next_dagrun for example_python_operator to None, run_after=None
[2026-05-02T05:45:59.840+0000] {processor.py:208} INFO - Processing /home/airflow/.local/lib/python3.12/site-packages/airflow/example_dags/example_python_operator.py took 0.042 seconds
[2026-05-02T05:48:19.375+0000] {processor.py:186} INFO - Started process (PID=77281) to work on /home/airflow/.local/lib/python3.12/site-packages/airflow/example_dags/example_python_operator.py
[2026-05-02T05:48:19.375+0000] {processor.py:914} INFO - Processing file /home/airflow/.local/lib/python3.12/site-packages/airflow/example_dags/example_python_operator.py for tasks to queue
[2026-05-02T05:48:19.376+0000] {logging_mixin.py:190} INFO - [2026-05-02T05:48:19.376+0000] {dagbag.py:588} INFO - Filling up the DagBag from /home/airflow/.local/lib/python3.12/site-packages/airflow/example_dags/example_python_operator.py
[2026-05-02T05:48:19.380+0000] {processor.py:925} INFO - DAG(s) 'example_python_operator' retrieved from /home/airflow/.local/lib/python3.12/site-packages/airflow/example_dags/example_python_operator.py
[2026-05-02T05:48:19.387+0000] {logging_mixin.py:190} INFO - [2026-05-02T05:48:19.387+0000] {dag.py:3239} INFO - Sync 1 DAGs
[2026-05-02T05:48:19.392+0000] {logging_mixin.py:190} INFO - [2026-05-02T05:48:19.392+0000] {dag.py:4180} INFO - Setting next_dagrun for example_python_operator to None, run_after=None
[2026-05-02T05:48:19.397+0000] {processor.py:208} INFO - Processing /home/airflow/.local/lib/python3.12/site-packages/airflow/example_dags/example_python_operator.py took 0.024 seconds
[2026-05-02T05:48:50.039+0000] {processor.py:186} INFO - Started process (PID=77345) to work on /home/airflow/.local/lib/python3.12/site-packages/airflow/example_dags/example_python_operator.py
[2026-05-02T05:48:50.039+0000] {processor.py:914} INFO - Processing file /home/airflow/.local/lib/python3.12/site-packages/airflow/example_dags/example_python_operator.py for tasks to queue
[2026-05-02T05:48:50.040+0000] {logging_mixin.py:190} INFO - [2026-05-02T05:48:50.040+0000] {dagbag.py:588} INFO - Filling up the DagBag from /home/airflow/.local/lib/python3.12/site-packages/airflow/example_dags/example_python_operator.py
[2026-05-02T05:48:50.048+0000] {processor.py:925} INFO - DAG(s) 'example_python_operator' retrieved from /home/airflow/.local/lib/python3.12/site-packages/airflow/example_dags/example_python_operator.py
[2026-05-02T05:48:50.060+0000] {logging_mixin.py:190} INFO - [2026-05-02T05:48:50.060+0000] {dag.py:3239} INFO - Sync 1 DAGs
[2026-05-02T05:48:50.066+0000] {logging_mixin.py:190} INFO - [2026-05-02T05:48:50.066+0000] {dag.py:4180} INFO - Setting next_dagrun for example_python_operator to None, run_after=None
[2026-05-02T05:48:50.074+0000] {processor.py:208} INFO - Processing /home/airflow/.local/lib/python3.12/site-packages/airflow/example_dags/example_python_operator.py took 0.038 seconds
[2026-05-02T05:55:30.490+0000] {processor.py:186} INFO - Started process (PID=77409) to work on /home/airflow/.local/lib/python3.12/site-packages/airflow/example_dags/example_python_operator.py
[2026-05-02T05:55:30.490+0000] {processor.py:914} INFO - Processing file /home/airflow/.local/lib/python3.12/site-packages/airflow/example_dags/example_python_operator.py for tasks to queue
[2026-05-02T05:55:30.491+0000] {logging_mixin.py:190} INFO - [2026-05-02T05:55:30.491+0000] {dagbag.py:588} INFO - Filling up the DagBag from /home/airflow/.local/lib/python3.12/site-packages/airflow/example_dags/example_python_operator.py
[2026-05-02T05:55:30.501+0000] {processor.py:925} INFO - DAG(s) 'example_python_operator' retrieved from /home/airflow/.local/lib/python3.12/site-packages/airflow/example_dags/example_python_operator.py
[2026-05-02T05:55:30.516+0000] {logging_mixin.py:190} INFO - [2026-05-02T05:55:30.516+0000] {dag.py:3239} INFO - Sync 1 DAGs
[2026-05-02T05:55:30.526+0000] {logging_mixin.py:190} INFO - [2026-05-02T05:55:30.526+0000] {dag.py:4180} INFO - Setting next_dagrun for example_python_operator to None, run_after=None
[2026-05-02T05:55:30.535+0000] {processor.py:208} INFO - Processing /home/airflow/.local/lib/python3.12/site-packages/airflow/example_dags/example_python_operator.py took 0.048 seconds
[2026-05-02T05:56:01.260+0000] {processor.py:186} INFO - Started process (PID=77473) to work on /home/airflow/.local/lib/python3.12/site-packages/airflow/example_dags/example_python_operator.py
[2026-05-02T05:56:01.260+0000] {processor.py:914} INFO - Processing file /home/airflow/.local/lib/python3.12/site-packages/airflow/example_dags/example_python_operator.py for tasks to queue
[2026-05-02T05:56:01.261+0000] {logging_mixin.py:190} INFO - [2026-05-02T05:56:01.261+0000] {dagbag.py:588} INFO - Filling up the DagBag from /home/airflow/.local/lib/python3.12/site-packages/airflow/example_dags/example_python_operator.py
[2026-05-02T05:56:01.267+0000] {processor.py:925} INFO - DAG(s) 'example_python_operator' retrieved from /home/airflow/.local/lib/python3.12/site-packages/airflow/example_dags/example_python_operator.py
[2026-05-02T05:56:01.280+0000] {logging_mixin.py:190} INFO - [2026-05-02T05:56:01.280+0000] {dag.py:3239} INFO - Sync 1 DAGs
[2026-05-02T05:56:01.288+0000] {logging_mixin.py:190} INFO - [2026-05-02T05:56:01.288+0000] {dag.py:4180} INFO - Setting next_dagrun for example_python_operator to None, run_after=None
[2026-05-02T05:56:01.300+0000] {processor.py:208} INFO - Processing /home/airflow/.local/lib/python3.12/site-packages/airflow/example_dags/example_python_operator.py took 0.043 seconds
[2026-05-02T05:59:44.528+0000] {processor.py:186} INFO - Started process (PID=77537) to work on /home/airflow/.local/lib/python3.12/site-packages/airflow/example_dags/example_python_operator.py
[2026-05-02T05:59:44.529+0000] {processor.py:914} INFO - Processing file /home/airflow/.local/lib/python3.12/site-packages/airflow/example_dags/example_python_operator.py for tasks to queue
[2026-05-02T05:59:44.529+0000] {logging_mixin.py:190} INFO - [2026-05-02T05:59:44.529+0000] {dagbag.py:588} INFO - Filling up the DagBag from /home/airflow/.local/lib/python3.12/site-packages/airflow/example_dags/example_python_operator.py
[2026-05-02T05:59:44.536+0000] {processor.py:925} INFO - DAG(s) 'example_python_operator' retrieved from /home/airflow/.local/lib/python3.12/site-packages/airflow/example_dags/example_python_operator.py
[2026-05-02T05:59:44.545+0000] {logging_mixin.py:190} INFO - [2026-05-02T05:59:44.545+0000] {dag.py:3239} INFO - Sync 1 DAGs
[2026-05-02T05:59:44.550+0000] {logging_mixin.py:190} INFO - [2026-05-02T05:59:44.550+0000] {dag.py:4180} INFO - Setting next_dagrun for example_python_operator to None, run_after=None
[2026-05-02T05:59:44.558+0000] {processor.py:208} INFO - Processing /home/airflow/.local/lib/python3.12/site-packages/airflow/example_dags/example_python_operator.py took 0.032 seconds
[2026-05-02T06:03:26.074+0000] {processor.py:186} INFO - Started process (PID=77601) to work on /home/airflow/.local/lib/python3.12/site-packages/airflow/example_dags/example_python_operator.py
[2026-05-02T06:03:26.075+0000] {processor.py:914} INFO - Processing file /home/airflow/.local/lib/python3.12/site-packages/airflow/example_dags/example_python_operator.py for tasks to queue
[2026-05-02T06:03:26.076+0000] {logging_mixin.py:190} INFO - [2026-05-02T06:03:26.076+0000] {dagbag.py:588} INFO - Filling up the DagBag from /home/airflow/.local/lib/python3.12/site-packages/airflow/example_dags/example_python_operator.py
[2026-05-02T06:03:26.083+0000] {processor.py:925} INFO - DAG(s) 'example_python_operator' retrieved from /home/airflow/.local/lib/python3.12/site-packages/airflow/example_dags/example_python_operator.py
[2026-05-02T06:03:26.095+0000] {logging_mixin.py:190} INFO - [2026-05-02T06:03:26.095+0000] {dag.py:3239} INFO - Sync 1 DAGs
[2026-05-02T06:03:26.101+0000] {logging_mixin.py:190} INFO - [2026-05-02T06:03:26.101+0000] {dag.py:4180} INFO - Setting next_dagrun for example_python_operator to None, run_after=None
[2026-05-02T06:03:26.108+0000] {processor.py:208} INFO - Processing /home/airflow/.local/lib/python3.12/site-packages/airflow/example_dags/example_python_operator.py took 0.037 seconds
[2026-05-02T06:03:56.858+0000] {processor.py:186} INFO - Started process (PID=77665) to work on /home/airflow/.local/lib/python3.12/site-packages/airflow/example_dags/example_python_operator.py
[2026-05-02T06:03:56.858+0000] {processor.py:914} INFO - Processing file /home/airflow/.local/lib/python3.12/site-packages/airflow/example_dags/example_python_operator.py for tasks to queue
[2026-05-02T06:03:56.860+0000] {logging_mixin.py:190} INFO - [2026-05-02T06:03:56.860+0000] {dagbag.py:588} INFO - Filling up the DagBag from /home/airflow/.local/lib/python3.12/site-packages/airflow/example_dags/example_python_operator.py
[2026-05-02T06:03:56.864+0000] {processor.py:925} INFO - DAG(s) 'example_python_operator' retrieved from /home/airflow/.local/lib/python3.12/site-packages/airflow/example_dags/example_python_operator.py
[2026-05-02T06:03:56.876+0000] {logging_mixin.py:190} INFO - [2026-05-02T06:03:56.876+0000] {dag.py:3239} INFO - Sync 1 DAGs
[2026-05-02T06:03:56.881+0000] {logging_mixin.py:190} INFO - [2026-05-02T06:03:56.881+0000] {dag.py:4180} INFO - Setting next_dagrun for example_python_operator to None, run_after=None
[2026-05-02T06:03:56.889+0000] {processor.py:208} INFO - Processing /home/airflow/.local/lib/python3.12/site-packages/airflow/example_dags/example_python_operator.py took 0.035 seconds
[2026-05-02T06:09:49.608+0000] {processor.py:186} INFO - Started process (PID=77729) to work on /home/airflow/.local/lib/python3.12/site-packages/airflow/example_dags/example_python_operator.py
[2026-05-02T06:09:49.609+0000] {processor.py:914} INFO - Processing file /home/airflow/.local/lib/python3.12/site-packages/airflow/example_dags/example_python_operator.py for tasks to queue
[2026-05-02T06:09:49.610+0000] {logging_mixin.py:190} INFO - [2026-05-02T06:09:49.610+0000] {dagbag.py:588} INFO - Filling up the DagBag from /home/airflow/.local/lib/python3.12/site-packages/airflow/example_dags/example_python_operator.py
[2026-05-02T06:09:49.615+0000] {processor.py:925} INFO - DAG(s) 'example_python_operator' retrieved from /home/airflow/.local/lib/python3.12/site-packages/airflow/example_dags/example_python_operator.py
[2026-05-02T06:09:49.625+0000] {logging_mixin.py:190} INFO - [2026-05-02T06:09:49.625+0000] {dag.py:3239} INFO - Sync 1 DAGs
[2026-05-02T06:09:49.630+0000] {logging_mixin.py:190} INFO - [2026-05-02T06:09:49.630+0000] {dag.py:4180} INFO - Setting next_dagrun for example_python_operator to None, run_after=None
[2026-05-02T06:09:49.637+0000] {processor.py:208} INFO - Processing /home/airflow/.local/lib/python3.12/site-packages/airflow/example_dags/example_python_operator.py took 0.031 seconds
[2026-05-02T06:16:05.265+0000] {processor.py:186} INFO - Started process (PID=77793) to work on /home/airflow/.local/lib/python3.12/site-packages/airflow/example_dags/example_python_operator.py
[2026-05-02T06:16:05.265+0000] {processor.py:914} INFO - Processing file /home/airflow/.local/lib/python3.12/site-packages/airflow/example_dags/example_python_operator.py for tasks to queue
[2026-05-02T06:16:05.266+0000] {logging_mixin.py:190} INFO - [2026-05-02T06:16:05.266+0000] {dagbag.py:588} INFO - Filling up the DagBag from /home/airflow/.local/lib/python3.12/site-packages/airflow/example_dags/example_python_operator.py
[2026-05-02T06:16:05.271+0000] {processor.py:925} INFO - DAG(s) 'example_python_operator' retrieved from /home/airflow/.local/lib/python3.12/site-packages/airflow/example_dags/example_python_operator.py
[2026-05-02T06:16:05.281+0000] {logging_mixin.py:190} INFO - [2026-05-02T06:16:05.281+0000] {dag.py:3239} INFO - Sync 1 DAGs
[2026-05-02T06:16:05.290+0000] {logging_mixin.py:190} INFO - [2026-05-02T06:16:05.290+0000] {dag.py:4180} INFO - Setting next_dagrun for example_python_operator to None, run_after=None
[2026-05-02T06:16:05.297+0000] {processor.py:208} INFO - Processing /home/airflow/.local/lib/python3.12/site-packages/airflow/example_dags/example_python_operator.py took 0.035 seconds
[2026-05-02T06:16:35.635+0000] {processor.py:186} INFO - Started process (PID=77857) to work on /home/airflow/.local/lib/python3.12/site-packages/airflow/example_dags/example_python_operator.py
[2026-05-02T06:16:35.635+0000] {processor.py:914} INFO - Processing file /home/airflow/.local/lib/python3.12/site-packages/airflow/example_dags/example_python_operator.py for tasks to queue
[2026-05-02T06:16:35.638+0000] {logging_mixin.py:190} INFO - [2026-05-02T06:16:35.638+0000] {dagbag.py:588} INFO - Filling up the DagBag from /home/airflow/.local/lib/python3.12/site-packages/airflow/example_dags/example_python_operator.py
[2026-05-02T06:16:35.644+0000] {processor.py:925} INFO - DAG(s) 'example_python_operator' retrieved from /home/airflow/.local/lib/python3.12/site-packages/airflow/example_dags/example_python_operator.py
[2026-05-02T06:16:35.654+0000] {logging_mixin.py:190} INFO - [2026-05-02T06:16:35.654+0000] {dag.py:3239} INFO - Sync 1 DAGs
[2026-05-02T06:16:35.658+0000] {logging_mixin.py:190} INFO - [2026-05-02T06:16:35.658+0000] {dag.py:4180} INFO - Setting next_dagrun for example_python_operator to None, run_after=None
[2026-05-02T06:16:35.665+0000] {processor.py:208} INFO - Processing /home/airflow/.local/lib/python3.12/site-packages/airflow/example_dags/example_python_operator.py took 0.033 seconds
[2026-05-02T06:32:05.719+0000] {processor.py:186} INFO - Started process (PID=77921) to work on /home/airflow/.local/lib/python3.12/site-packages/airflow/example_dags/example_python_operator.py
[2026-05-02T06:32:05.721+0000] {processor.py:914} INFO - Processing file /home/airflow/.local/lib/python3.12/site-packages/airflow/example_dags/example_python_operator.py for tasks to queue
[2026-05-02T06:32:05.722+0000] {logging_mixin.py:190} INFO - [2026-05-02T06:32:05.722+0000] {dagbag.py:588} INFO - Filling up the DagBag from /home/airflow/.local/lib/python3.12/site-packages/airflow/example_dags/example_python_operator.py
[2026-05-02T06:32:05.728+0000] {processor.py:925} INFO - DAG(s) 'example_python_operator' retrieved from /home/airflow/.local/lib/python3.12/site-packages/airflow/example_dags/example_python_operator.py
[2026-05-02T06:32:05.742+0000] {logging_mixin.py:190} INFO - [2026-05-02T06:32:05.742+0000] {dag.py:3239} INFO - Sync 1 DAGs
[2026-05-02T06:32:05.747+0000] {logging_mixin.py:190} INFO - [2026-05-02T06:32:05.747+0000] {dag.py:4180} INFO - Setting next_dagrun for example_python_operator to None, run_after=None
[2026-05-02T06:32:05.757+0000] {processor.py:208} INFO - Processing /home/airflow/.local/lib/python3.12/site-packages/airflow/example_dags/example_python_operator.py took 0.040 seconds
[2026-05-02T06:47:36.585+0000] {processor.py:186} INFO - Started process (PID=77986) to work on /home/airflow/.local/lib/python3.12/site-packages/airflow/example_dags/example_python_operator.py
[2026-05-02T06:47:36.585+0000] {processor.py:914} INFO - Processing file /home/airflow/.local/lib/python3.12/site-packages/airflow/example_dags/example_python_operator.py for tasks to queue
[2026-05-02T06:47:36.586+0000] {logging_mixin.py:190} INFO - [2026-05-02T06:47:36.586+0000] {dagbag.py:588} INFO - Filling up the DagBag from /home/airflow/.local/lib/python3.12/site-packages/airflow/example_dags/example_python_operator.py
[2026-05-02T06:47:36.592+0000] {processor.py:925} INFO - DAG(s) 'example_python_operator' retrieved from /home/airflow/.local/lib/python3.12/site-packages/airflow/example_dags/example_python_operator.py
[2026-05-02T06:47:36.604+0000] {logging_mixin.py:190} INFO - [2026-05-02T06:47:36.604+0000] {dag.py:3239} INFO - Sync 1 DAGs
[2026-05-02T06:47:36.609+0000] {logging_mixin.py:190} INFO - [2026-05-02T06:47:36.609+0000] {dag.py:4180} INFO - Setting next_dagrun for example_python_operator to None, run_after=None
[2026-05-02T06:47:36.618+0000] {processor.py:208} INFO - Processing /home/airflow/.local/lib/python3.12/site-packages/airflow/example_dags/example_python_operator.py took 0.036 seconds
[2026-05-02T06:48:07.187+0000] {processor.py:186} INFO - Started process (PID=78050) to work on /home/airflow/.local/lib/python3.12/site-packages/airflow/example_dags/example_python_operator.py
[2026-05-02T06:48:07.189+0000] {processor.py:914} INFO - Processing file /home/airflow/.local/lib/python3.12/site-packages/airflow/example_dags/example_python_operator.py for tasks to queue
[2026-05-02T06:48:07.190+0000] {logging_mixin.py:190} INFO - [2026-05-02T06:48:07.190+0000] {dagbag.py:588} INFO - Filling up the DagBag from /home/airflow/.local/lib/python3.12/site-packages/airflow/example_dags/example_python_operator.py
[2026-05-02T06:48:07.195+0000] {processor.py:925} INFO - DAG(s) 'example_python_operator' retrieved from /home/airflow/.local/lib/python3.12/site-packages/airflow/example_dags/example_python_operator.py
[2026-05-02T06:48:07.209+0000] {logging_mixin.py:190} INFO - [2026-05-02T06:48:07.209+0000] {dag.py:3239} INFO - Sync 1 DAGs
[2026-05-02T06:48:07.214+0000] {logging_mixin.py:190} INFO - [2026-05-02T06:48:07.214+0000] {dag.py:4180} INFO - Setting next_dagrun for example_python_operator to None, run_after=None
[2026-05-02T06:48:07.222+0000] {processor.py:208} INFO - Processing /home/airflow/.local/lib/python3.12/site-packages/airflow/example_dags/example_python_operator.py took 0.037 seconds
[2026-05-02T06:50:00.331+0000] {processor.py:186} INFO - Started process (PID=78114) to work on /home/airflow/.local/lib/python3.12/site-packages/airflow/example_dags/example_python_operator.py
[2026-05-02T06:50:00.332+0000] {processor.py:914} INFO - Processing file /home/airflow/.local/lib/python3.12/site-packages/airflow/example_dags/example_python_operator.py for tasks to queue
[2026-05-02T06:50:00.334+0000] {logging_mixin.py:190} INFO - [2026-05-02T06:50:00.334+0000] {dagbag.py:588} INFO - Filling up the DagBag from /home/airflow/.local/lib/python3.12/site-packages/airflow/example_dags/example_python_operator.py
[2026-05-02T06:50:00.339+0000] {processor.py:925} INFO - DAG(s) 'example_python_operator' retrieved from /home/airflow/.local/lib/python3.12/site-packages/airflow/example_dags/example_python_operator.py
[2026-05-02T06:50:00.353+0000] {logging_mixin.py:190} INFO - [2026-05-02T06:50:00.353+0000] {dag.py:3239} INFO - Sync 1 DAGs
[2026-05-02T06:50:00.358+0000] {logging_mixin.py:190} INFO - [2026-05-02T06:50:00.358+0000] {dag.py:4180} INFO - Setting next_dagrun for example_python_operator to None, run_after=None
[2026-05-02T06:50:00.365+0000] {processor.py:208} INFO - Processing /home/airflow/.local/lib/python3.12/site-packages/airflow/example_dags/example_python_operator.py took 0.038 seconds
[2026-05-02T06:56:09.003+0000] {processor.py:186} INFO - Started process (PID=78178) to work on /home/airflow/.local/lib/python3.12/site-packages/airflow/example_dags/example_python_operator.py
[2026-05-02T06:56:09.003+0000] {processor.py:914} INFO - Processing file /home/airflow/.local/lib/python3.12/site-packages/airflow/example_dags/example_python_operator.py for tasks to queue
[2026-05-02T06:56:09.004+0000] {logging_mixin.py:190} INFO - [2026-05-02T06:56:09.004+0000] {dagbag.py:588} INFO - Filling up the DagBag from /home/airflow/.local/lib/python3.12/site-packages/airflow/example_dags/example_python_operator.py
[2026-05-02T06:56:09.008+0000] {processor.py:925} INFO - DAG(s) 'example_python_operator' retrieved from /home/airflow/.local/lib/python3.12/site-packages/airflow/example_dags/example_python_operator.py
[2026-05-02T06:56:09.015+0000] {logging_mixin.py:190} INFO - [2026-05-02T06:56:09.015+0000] {dag.py:3239} INFO - Sync 1 DAGs
[2026-05-02T06:56:09.019+0000] {logging_mixin.py:190} INFO - [2026-05-02T06:56:09.019+0000] {dag.py:4180} INFO - Setting next_dagrun for example_python_operator to None, run_after=None
[2026-05-02T06:56:09.024+0000] {processor.py:208} INFO - Processing /home/airflow/.local/lib/python3.12/site-packages/airflow/example_dags/example_python_operator.py took 0.024 seconds
[2026-05-02T06:56:39.337+0000] {processor.py:186} INFO - Started process (PID=78242) to work on /home/airflow/.local/lib/python3.12/site-packages/airflow/example_dags/example_python_operator.py
[2026-05-02T06:56:39.338+0000] {processor.py:914} INFO - Processing file /home/airflow/.local/lib/python3.12/site-packages/airflow/example_dags/example_python_operator.py for tasks to queue
[2026-05-02T06:56:39.339+0000] {logging_mixin.py:190} INFO - [2026-05-02T06:56:39.339+0000] {dagbag.py:588} INFO - Filling up the DagBag from /home/airflow/.local/lib/python3.12/site-packages/airflow/example_dags/example_python_operator.py
[2026-05-02T06:56:39.344+0000] {processor.py:925} INFO - DAG(s) 'example_python_operator' retrieved from /home/airflow/.local/lib/python3.12/site-packages/airflow/example_dags/example_python_operator.py
[2026-05-02T06:56:39.357+0000] {logging_mixin.py:190} INFO - [2026-05-02T06:56:39.357+0000] {dag.py:3239} INFO - Sync 1 DAGs
[2026-05-02T06:56:39.362+0000] {logging_mixin.py:190} INFO - [2026-05-02T06:56:39.362+0000] {dag.py:4180} INFO - Setting next_dagrun for example_python_operator to None, run_after=None
[2026-05-02T06:56:39.370+0000] {processor.py:208} INFO - Processing /home/airflow/.local/lib/python3.12/site-packages/airflow/example_dags/example_python_operator.py took 0.035 seconds
[2026-05-02T07:00:28.135+0000] {processor.py:186} INFO - Started process (PID=78306) to work on /home/airflow/.local/lib/python3.12/site-packages/airflow/example_dags/example_python_operator.py
[2026-05-02T07:00:28.136+0000] {processor.py:914} INFO - Processing file /home/airflow/.local/lib/python3.12/site-packages/airflow/example_dags/example_python_operator.py for tasks to queue
[2026-05-02T07:00:28.138+0000] {logging_mixin.py:190} INFO - [2026-05-02T07:00:28.137+0000] {dagbag.py:588} INFO - Filling up the DagBag from /home/airflow/.local/lib/python3.12/site-packages/airflow/example_dags/example_python_operator.py
[2026-05-02T07:00:28.146+0000] {processor.py:925} INFO - DAG(s) 'example_python_operator' retrieved from /home/airflow/.local/lib/python3.12/site-packages/airflow/example_dags/example_python_operator.py
[2026-05-02T07:00:28.157+0000] {logging_mixin.py:190} INFO - [2026-05-02T07:00:28.157+0000] {dag.py:3239} INFO - Sync 1 DAGs
[2026-05-02T07:00:28.163+0000] {logging_mixin.py:190} INFO - [2026-05-02T07:00:28.163+0000] {dag.py:4180} INFO - Setting next_dagrun for example_python_operator to None, run_after=None
[2026-05-02T07:00:28.169+0000] {processor.py:208} INFO - Processing /home/airflow/.local/lib/python3.12/site-packages/airflow/example_dags/example_python_operator.py took 0.038 seconds
[2026-05-02T07:00:58.482+0000] {processor.py:186} INFO - Started process (PID=78370) to work on /home/airflow/.local/lib/python3.12/site-packages/airflow/example_dags/example_python_operator.py
[2026-05-02T07:00:58.482+0000] {processor.py:914} INFO - Processing file /home/airflow/.local/lib/python3.12/site-packages/airflow/example_dags/example_python_operator.py for tasks to queue
[2026-05-02T07:00:58.483+0000] {logging_mixin.py:190} INFO - [2026-05-02T07:00:58.483+0000] {dagbag.py:588} INFO - Filling up the DagBag from /home/airflow/.local/lib/python3.12/site-packages/airflow/example_dags/example_python_operator.py
[2026-05-02T07:00:58.489+0000] {processor.py:925} INFO - DAG(s) 'example_python_operator' retrieved from /home/airflow/.local/lib/python3.12/site-packages/airflow/example_dags/example_python_operator.py
[2026-05-02T07:00:58.498+0000] {logging_mixin.py:190} INFO - [2026-05-02T07:00:58.497+0000] {dag.py:3239} INFO - Sync 1 DAGs
[2026-05-02T07:00:58.503+0000] {logging_mixin.py:190} INFO - [2026-05-02T07:00:58.503+0000] {dag.py:4180} INFO - Setting next_dagrun for example_python_operator to None, run_after=None
[2026-05-02T07:00:58.511+0000] {processor.py:208} INFO - Processing /home/airflow/.local/lib/python3.12/site-packages/airflow/example_dags/example_python_operator.py took 0.031 seconds
[2026-05-02T07:03:12.862+0000] {processor.py:186} INFO - Started process (PID=78434) to work on /home/airflow/.local/lib/python3.12/site-packages/airflow/example_dags/example_python_operator.py
[2026-05-02T07:03:12.862+0000] {processor.py:914} INFO - Processing file /home/airflow/.local/lib/python3.12/site-packages/airflow/example_dags/example_python_operator.py for tasks to queue
[2026-05-02T07:03:12.863+0000] {logging_mixin.py:190} INFO - [2026-05-02T07:03:12.863+0000] {dagbag.py:588} INFO - Filling up the DagBag from /home/airflow/.local/lib/python3.12/site-packages/airflow/example_dags/example_python_operator.py
[2026-05-02T07:03:12.867+0000] {processor.py:925} INFO - DAG(s) 'example_python_operator' retrieved from /home/airflow/.local/lib/python3.12/site-packages/airflow/example_dags/example_python_operator.py
[2026-05-02T07:03:12.874+0000] {logging_mixin.py:190} INFO - [2026-05-02T07:03:12.874+0000] {dag.py:3239} INFO - Sync 1 DAGs
[2026-05-02T07:03:12.878+0000] {logging_mixin.py:190} INFO - [2026-05-02T07:03:12.878+0000] {dag.py:4180} INFO - Setting next_dagrun for example_python_operator to None, run_after=None
[2026-05-02T07:03:12.883+0000] {processor.py:208} INFO - Processing /home/airflow/.local/lib/python3.12/site-packages/airflow/example_dags/example_python_operator.py took 0.024 seconds
[2026-05-02T07:18:44.426+0000] {processor.py:186} INFO - Started process (PID=78498) to work on /home/airflow/.local/lib/python3.12/site-packages/airflow/example_dags/example_python_operator.py
[2026-05-02T07:18:44.426+0000] {processor.py:914} INFO - Processing file /home/airflow/.local/lib/python3.12/site-packages/airflow/example_dags/example_python_operator.py for tasks to queue
[2026-05-02T07:18:44.427+0000] {logging_mixin.py:190} INFO - [2026-05-02T07:18:44.427+0000] {dagbag.py:588} INFO - Filling up the DagBag from /home/airflow/.local/lib/python3.12/site-packages/airflow/example_dags/example_python_operator.py
[2026-05-02T07:18:44.432+0000] {processor.py:925} INFO - DAG(s) 'example_python_operator' retrieved from /home/airflow/.local/lib/python3.12/site-packages/airflow/example_dags/example_python_operator.py
[2026-05-02T07:18:44.444+0000] {logging_mixin.py:190} INFO - [2026-05-02T07:18:44.444+0000] {dag.py:3239} INFO - Sync 1 DAGs
[2026-05-02T07:18:44.452+0000] {logging_mixin.py:190} INFO - [2026-05-02T07:18:44.452+0000] {dag.py:4180} INFO - Setting next_dagrun for example_python_operator to None, run_after=None
[2026-05-02T07:18:44.461+0000] {processor.py:208} INFO - Processing /home/airflow/.local/lib/python3.12/site-packages/airflow/example_dags/example_python_operator.py took 0.037 seconds
[2026-05-02T07:19:14.868+0000] {processor.py:186} INFO - Started process (PID=78562) to work on /home/airflow/.local/lib/python3.12/site-packages/airflow/example_dags/example_python_operator.py
[2026-05-02T07:19:14.869+0000] {processor.py:914} INFO - Processing file /home/airflow/.local/lib/python3.12/site-packages/airflow/example_dags/example_python_operator.py for tasks to queue
[2026-05-02T07:19:14.871+0000] {logging_mixin.py:190} INFO - [2026-05-02T07:19:14.870+0000] {dagbag.py:588} INFO - Filling up the DagBag from /home/airflow/.local/lib/python3.12/site-packages/airflow/example_dags/example_python_operator.py
[2026-05-02T07:19:14.879+0000] {processor.py:925} INFO - DAG(s) 'example_python_operator' retrieved from /home/airflow/.local/lib/python3.12/site-packages/airflow/example_dags/example_python_operator.py
[2026-05-02T07:19:14.890+0000] {logging_mixin.py:190} INFO - [2026-05-02T07:19:14.890+0000] {dag.py:3239} INFO - Sync 1 DAGs
[2026-05-02T07:19:14.897+0000] {logging_mixin.py:190} INFO - [2026-05-02T07:19:14.897+0000] {dag.py:4180} INFO - Setting next_dagrun for example_python_operator to None, run_after=None
[2026-05-02T07:19:14.909+0000] {processor.py:208} INFO - Processing /home/airflow/.local/lib/python3.12/site-packages/airflow/example_dags/example_python_operator.py took 0.045 seconds
[2026-05-02T07:34:45.281+0000] {processor.py:186} INFO - Started process (PID=78626) to work on /home/airflow/.local/lib/python3.12/site-packages/airflow/example_dags/example_python_operator.py
[2026-05-02T07:34:45.282+0000] {processor.py:914} INFO - Processing file /home/airflow/.local/lib/python3.12/site-packages/airflow/example_dags/example_python_operator.py for tasks to queue
[2026-05-02T07:34:45.283+0000] {logging_mixin.py:190} INFO - [2026-05-02T07:34:45.283+0000] {dagbag.py:588} INFO - Filling up the DagBag from /home/airflow/.local/lib/python3.12/site-packages/airflow/example_dags/example_python_operator.py
[2026-05-02T07:34:45.290+0000] {processor.py:925} INFO - DAG(s) 'example_python_operator' retrieved from /home/airflow/.local/lib/python3.12/site-packages/airflow/example_dags/example_python_operator.py
[2026-05-02T07:34:45.300+0000] {logging_mixin.py:190} INFO - [2026-05-02T07:34:45.300+0000] {dag.py:3239} INFO - Sync 1 DAGs
[2026-05-02T07:34:45.305+0000] {logging_mixin.py:190} INFO - [2026-05-02T07:34:45.305+0000] {dag.py:4180} INFO - Setting next_dagrun for example_python_operator to None, run_after=None
[2026-05-02T07:34:45.312+0000] {processor.py:208} INFO - Processing /home/airflow/.local/lib/python3.12/site-packages/airflow/example_dags/example_python_operator.py took 0.033 seconds
[2026-05-02T07:44:16.212+0000] {processor.py:186} INFO - Started process (PID=78690) to work on /home/airflow/.local/lib/python3.12/site-packages/airflow/example_dags/example_python_operator.py
[2026-05-02T07:44:16.213+0000] {processor.py:914} INFO - Processing file /home/airflow/.local/lib/python3.12/site-packages/airflow/example_dags/example_python_operator.py for tasks to queue
[2026-05-02T07:44:16.216+0000] {logging_mixin.py:190} INFO - [2026-05-02T07:44:16.215+0000] {dagbag.py:588} INFO - Filling up the DagBag from /home/airflow/.local/lib/python3.12/site-packages/airflow/example_dags/example_python_operator.py
[2026-05-02T07:44:16.230+0000] {processor.py:925} INFO - DAG(s) 'example_python_operator' retrieved from /home/airflow/.local/lib/python3.12/site-packages/airflow/example_dags/example_python_operator.py
[2026-05-02T07:44:16.260+0000] {logging_mixin.py:190} INFO - [2026-05-02T07:44:16.259+0000] {dag.py:3239} INFO - Sync 1 DAGs
[2026-05-02T07:44:16.274+0000] {logging_mixin.py:190} INFO - [2026-05-02T07:44:16.274+0000] {dag.py:4180} INFO - Setting next_dagrun for example_python_operator to None, run_after=None
[2026-05-02T07:44:16.291+0000] {processor.py:208} INFO - Processing /home/airflow/.local/lib/python3.12/site-packages/airflow/example_dags/example_python_operator.py took 0.085 seconds
[2026-05-02T07:44:47.253+0000] {processor.py:186} INFO - Started process (PID=78754) to work on /home/airflow/.local/lib/python3.12/site-packages/airflow/example_dags/example_python_operator.py
[2026-05-02T07:44:47.253+0000] {processor.py:914} INFO - Processing file /home/airflow/.local/lib/python3.12/site-packages/airflow/example_dags/example_python_operator.py for tasks to queue
[2026-05-02T07:44:47.254+0000] {logging_mixin.py:190} INFO - [2026-05-02T07:44:47.254+0000] {dagbag.py:588} INFO - Filling up the DagBag from /home/airflow/.local/lib/python3.12/site-packages/airflow/example_dags/example_python_operator.py
[2026-05-02T07:44:47.261+0000] {processor.py:925} INFO - DAG(s) 'example_python_operator' retrieved from /home/airflow/.local/lib/python3.12/site-packages/airflow/example_dags/example_python_operator.py
[2026-05-02T07:44:47.271+0000] {logging_mixin.py:190} INFO - [2026-05-02T07:44:47.271+0000] {dag.py:3239} INFO - Sync 1 DAGs
[2026-05-02T07:44:47.277+0000] {logging_mixin.py:190} INFO - [2026-05-02T07:44:47.277+0000] {dag.py:4180} INFO - Setting next_dagrun for example_python_operator to None, run_after=None
[2026-05-02T07:44:47.287+0000] {processor.py:208} INFO - Processing /home/airflow/.local/lib/python3.12/site-packages/airflow/example_dags/example_python_operator.py took 0.036 seconds
[2026-05-02T08:00:16.654+0000] {processor.py:186} INFO - Started process (PID=78818) to work on /home/airflow/.local/lib/python3.12/site-packages/airflow/example_dags/example_python_operator.py
[2026-05-02T08:00:16.655+0000] {processor.py:914} INFO - Processing file /home/airflow/.local/lib/python3.12/site-packages/airflow/example_dags/example_python_operator.py for tasks to queue
[2026-05-02T08:00:16.656+0000] {logging_mixin.py:190} INFO - [2026-05-02T08:00:16.656+0000] {dagbag.py:588} INFO - Filling up the DagBag from /home/airflow/.local/lib/python3.12/site-packages/airflow/example_dags/example_python_operator.py
[2026-05-02T08:00:16.663+0000] {processor.py:925} INFO - DAG(s) 'example_python_operator' retrieved from /home/airflow/.local/lib/python3.12/site-packages/airflow/example_dags/example_python_operator.py
[2026-05-02T08:00:16.672+0000] {logging_mixin.py:190} INFO - [2026-05-02T08:00:16.672+0000] {dag.py:3239} INFO - Sync 1 DAGs
[2026-05-02T08:00:16.681+0000] {logging_mixin.py:190} INFO - [2026-05-02T08:00:16.681+0000] {dag.py:4180} INFO - Setting next_dagrun for example_python_operator to None, run_after=None
[2026-05-02T08:00:16.690+0000] {processor.py:208} INFO - Processing /home/airflow/.local/lib/python3.12/site-packages/airflow/example_dags/example_python_operator.py took 0.038 seconds
[2026-05-02T08:15:47.678+0000] {processor.py:186} INFO - Started process (PID=78882) to work on /home/airflow/.local/lib/python3.12/site-packages/airflow/example_dags/example_python_operator.py
[2026-05-02T08:15:47.679+0000] {processor.py:914} INFO - Processing file /home/airflow/.local/lib/python3.12/site-packages/airflow/example_dags/example_python_operator.py for tasks to queue
[2026-05-02T08:15:47.680+0000] {logging_mixin.py:190} INFO - [2026-05-02T08:15:47.679+0000] {dagbag.py:588} INFO - Filling up the DagBag from /home/airflow/.local/lib/python3.12/site-packages/airflow/example_dags/example_python_operator.py
[2026-05-02T08:15:47.685+0000] {processor.py:925} INFO - DAG(s) 'example_python_operator' retrieved from /home/airflow/.local/lib/python3.12/site-packages/airflow/example_dags/example_python_operator.py
[2026-05-02T08:15:47.697+0000] {logging_mixin.py:190} INFO - [2026-05-02T08:15:47.696+0000] {dag.py:3239} INFO - Sync 1 DAGs
[2026-05-02T08:15:47.707+0000] {logging_mixin.py:190} INFO - [2026-05-02T08:15:47.707+0000] {dag.py:4180} INFO - Setting next_dagrun for example_python_operator to None, run_after=None
[2026-05-02T08:15:47.721+0000] {processor.py:208} INFO - Processing /home/airflow/.local/lib/python3.12/site-packages/airflow/example_dags/example_python_operator.py took 0.045 seconds
[2026-05-02T08:16:18.299+0000] {processor.py:186} INFO - Started process (PID=78946) to work on /home/airflow/.local/lib/python3.12/site-packages/airflow/example_dags/example_python_operator.py
[2026-05-02T08:16:18.299+0000] {processor.py:914} INFO - Processing file /home/airflow/.local/lib/python3.12/site-packages/airflow/example_dags/example_python_operator.py for tasks to queue
[2026-05-02T08:16:18.300+0000] {logging_mixin.py:190} INFO - [2026-05-02T08:16:18.300+0000] {dagbag.py:588} INFO - Filling up the DagBag from /home/airflow/.local/lib/python3.12/site-packages/airflow/example_dags/example_python_operator.py
[2026-05-02T08:16:18.306+0000] {processor.py:925} INFO - DAG(s) 'example_python_operator' retrieved from /home/airflow/.local/lib/python3.12/site-packages/airflow/example_dags/example_python_operator.py
[2026-05-02T08:16:18.320+0000] {logging_mixin.py:190} INFO - [2026-05-02T08:16:18.320+0000] {dag.py:3239} INFO - Sync 1 DAGs
[2026-05-02T08:16:18.329+0000] {logging_mixin.py:190} INFO - [2026-05-02T08:16:18.329+0000] {dag.py:4180} INFO - Setting next_dagrun for example_python_operator to None, run_after=None
[2026-05-02T08:16:18.343+0000] {processor.py:208} INFO - Processing /home/airflow/.local/lib/python3.12/site-packages/airflow/example_dags/example_python_operator.py took 0.047 seconds
[2026-05-02T08:31:48.696+0000] {processor.py:186} INFO - Started process (PID=79010) to work on /home/airflow/.local/lib/python3.12/site-packages/airflow/example_dags/example_python_operator.py
[2026-05-02T08:31:48.696+0000] {processor.py:914} INFO - Processing file /home/airflow/.local/lib/python3.12/site-packages/airflow/example_dags/example_python_operator.py for tasks to queue
[2026-05-02T08:31:48.697+0000] {logging_mixin.py:190} INFO - [2026-05-02T08:31:48.697+0000] {dagbag.py:588} INFO - Filling up the DagBag from /home/airflow/.local/lib/python3.12/site-packages/airflow/example_dags/example_python_operator.py
[2026-05-02T08:31:48.702+0000] {processor.py:925} INFO - DAG(s) 'example_python_operator' retrieved from /home/airflow/.local/lib/python3.12/site-packages/airflow/example_dags/example_python_operator.py
[2026-05-02T08:31:48.709+0000] {logging_mixin.py:190} INFO - [2026-05-02T08:31:48.709+0000] {dag.py:3239} INFO - Sync 1 DAGs
[2026-05-02T08:31:48.714+0000] {logging_mixin.py:190} INFO - [2026-05-02T08:31:48.714+0000] {dag.py:4180} INFO - Setting next_dagrun for example_python_operator to None, run_after=None
[2026-05-02T08:31:48.719+0000] {processor.py:208} INFO - Processing /home/airflow/.local/lib/python3.12/site-packages/airflow/example_dags/example_python_operator.py took 0.026 seconds
[2026-05-02T08:32:19.329+0000] {processor.py:186} INFO - Started process (PID=79074) to work on /home/airflow/.local/lib/python3.12/site-packages/airflow/example_dags/example_python_operator.py
[2026-05-02T08:32:19.329+0000] {processor.py:914} INFO - Processing file /home/airflow/.local/lib/python3.12/site-packages/airflow/example_dags/example_python_operator.py for tasks to queue
[2026-05-02T08:32:19.331+0000] {logging_mixin.py:190} INFO - [2026-05-02T08:32:19.331+0000] {dagbag.py:588} INFO - Filling up the DagBag from /home/airflow/.local/lib/python3.12/site-packages/airflow/example_dags/example_python_operator.py
[2026-05-02T08:32:19.337+0000] {processor.py:925} INFO - DAG(s) 'example_python_operator' retrieved from /home/airflow/.local/lib/python3.12/site-packages/airflow/example_dags/example_python_operator.py
[2026-05-02T08:32:19.347+0000] {logging_mixin.py:190} INFO - [2026-05-02T08:32:19.347+0000] {dag.py:3239} INFO - Sync 1 DAGs
[2026-05-02T08:32:19.352+0000] {logging_mixin.py:190} INFO - [2026-05-02T08:32:19.352+0000] {dag.py:4180} INFO - Setting next_dagrun for example_python_operator to None, run_after=None
[2026-05-02T08:32:19.361+0000] {processor.py:208} INFO - Processing /home/airflow/.local/lib/python3.12/site-packages/airflow/example_dags/example_python_operator.py took 0.034 seconds
[2026-05-02T08:47:49.839+0000] {processor.py:186} INFO - Started process (PID=79138) to work on /home/airflow/.local/lib/python3.12/site-packages/airflow/example_dags/example_python_operator.py
[2026-05-02T08:47:49.840+0000] {processor.py:914} INFO - Processing file /home/airflow/.local/lib/python3.12/site-packages/airflow/example_dags/example_python_operator.py for tasks to queue
[2026-05-02T08:47:49.841+0000] {logging_mixin.py:190} INFO - [2026-05-02T08:47:49.841+0000] {dagbag.py:588} INFO - Filling up the DagBag from /home/airflow/.local/lib/python3.12/site-packages/airflow/example_dags/example_python_operator.py
[2026-05-02T08:47:49.847+0000] {processor.py:925} INFO - DAG(s) 'example_python_operator' retrieved from /home/airflow/.local/lib/python3.12/site-packages/airflow/example_dags/example_python_operator.py
[2026-05-02T08:47:49.862+0000] {logging_mixin.py:190} INFO - [2026-05-02T08:47:49.862+0000] {dag.py:3239} INFO - Sync 1 DAGs
[2026-05-02T08:47:49.870+0000] {logging_mixin.py:190} INFO - [2026-05-02T08:47:49.870+0000] {dag.py:4180} INFO - Setting next_dagrun for example_python_operator to None, run_after=None
[2026-05-02T08:47:49.877+0000] {processor.py:208} INFO - Processing /home/airflow/.local/lib/python3.12/site-packages/airflow/example_dags/example_python_operator.py took 0.041 seconds
[2026-05-02T09:01:25.482+0000] {processor.py:186} INFO - Started process (PID=79202) to work on /home/airflow/.local/lib/python3.12/site-packages/airflow/example_dags/example_python_operator.py
[2026-05-02T09:01:25.482+0000] {processor.py:914} INFO - Processing file /home/airflow/.local/lib/python3.12/site-packages/airflow/example_dags/example_python_operator.py for tasks to queue
[2026-05-02T09:01:25.483+0000] {logging_mixin.py:190} INFO - [2026-05-02T09:01:25.483+0000] {dagbag.py:588} INFO - Filling up the DagBag from /home/airflow/.local/lib/python3.12/site-packages/airflow/example_dags/example_python_operator.py
[2026-05-02T09:01:25.490+0000] {processor.py:925} INFO - DAG(s) 'example_python_operator' retrieved from /home/airflow/.local/lib/python3.12/site-packages/airflow/example_dags/example_python_operator.py
[2026-05-02T09:01:25.500+0000] {logging_mixin.py:190} INFO - [2026-05-02T09:01:25.500+0000] {dag.py:3239} INFO - Sync 1 DAGs
[2026-05-02T09:01:25.507+0000] {logging_mixin.py:190} INFO - [2026-05-02T09:01:25.507+0000] {dag.py:4180} INFO - Setting next_dagrun for example_python_operator to None, run_after=None
[2026-05-02T09:01:25.516+0000] {processor.py:208} INFO - Processing /home/airflow/.local/lib/python3.12/site-packages/airflow/example_dags/example_python_operator.py took 0.037 seconds
[2026-05-02T09:01:56.193+0000] {processor.py:186} INFO - Started process (PID=79266) to work on /home/airflow/.local/lib/python3.12/site-packages/airflow/example_dags/example_python_operator.py
[2026-05-02T09:01:56.195+0000] {processor.py:914} INFO - Processing file /home/airflow/.local/lib/python3.12/site-packages/airflow/example_dags/example_python_operator.py for tasks to queue
[2026-05-02T09:01:56.196+0000] {logging_mixin.py:190} INFO - [2026-05-02T09:01:56.196+0000] {dagbag.py:588} INFO - Filling up the DagBag from /home/airflow/.local/lib/python3.12/site-packages/airflow/example_dags/example_python_operator.py
[2026-05-02T09:01:56.201+0000] {processor.py:925} INFO - DAG(s) 'example_python_operator' retrieved from /home/airflow/.local/lib/python3.12/site-packages/airflow/example_dags/example_python_operator.py
[2026-05-02T09:01:56.211+0000] {logging_mixin.py:190} INFO - [2026-05-02T09:01:56.211+0000] {dag.py:3239} INFO - Sync 1 DAGs
[2026-05-02T09:01:56.217+0000] {logging_mixin.py:190} INFO - [2026-05-02T09:01:56.217+0000] {dag.py:4180} INFO - Setting next_dagrun for example_python_operator to None, run_after=None
[2026-05-02T09:01:56.225+0000] {processor.py:208} INFO - Processing /home/airflow/.local/lib/python3.12/site-packages/airflow/example_dags/example_python_operator.py took 0.034 seconds
[2026-05-02T09:17:26.658+0000] {processor.py:186} INFO - Started process (PID=79330) to work on /home/airflow/.local/lib/python3.12/site-packages/airflow/example_dags/example_python_operator.py
[2026-05-02T09:17:26.659+0000] {processor.py:914} INFO - Processing file /home/airflow/.local/lib/python3.12/site-packages/airflow/example_dags/example_python_operator.py for tasks to queue
[2026-05-02T09:17:26.660+0000] {logging_mixin.py:190} INFO - [2026-05-02T09:17:26.660+0000] {dagbag.py:588} INFO - Filling up the DagBag from /home/airflow/.local/lib/python3.12/site-packages/airflow/example_dags/example_python_operator.py
[2026-05-02T09:17:26.666+0000] {processor.py:925} INFO - DAG(s) 'example_python_operator' retrieved from /home/airflow/.local/lib/python3.12/site-packages/airflow/example_dags/example_python_operator.py
[2026-05-02T09:17:26.677+0000] {logging_mixin.py:190} INFO - [2026-05-02T09:17:26.677+0000] {dag.py:3239} INFO - Sync 1 DAGs
[2026-05-02T09:17:26.684+0000] {logging_mixin.py:190} INFO - [2026-05-02T09:17:26.684+0000] {dag.py:4180} INFO - Setting next_dagrun for example_python_operator to None, run_after=None
[2026-05-02T09:17:26.690+0000] {processor.py:208} INFO - Processing /home/airflow/.local/lib/python3.12/site-packages/airflow/example_dags/example_python_operator.py took 0.035 seconds
[2026-05-02T09:32:57.464+0000] {processor.py:186} INFO - Started process (PID=79394) to work on /home/airflow/.local/lib/python3.12/site-packages/airflow/example_dags/example_python_operator.py
[2026-05-02T09:32:57.465+0000] {processor.py:914} INFO - Processing file /home/airflow/.local/lib/python3.12/site-packages/airflow/example_dags/example_python_operator.py for tasks to queue
[2026-05-02T09:32:57.466+0000] {logging_mixin.py:190} INFO - [2026-05-02T09:32:57.466+0000] {dagbag.py:588} INFO - Filling up the DagBag from /home/airflow/.local/lib/python3.12/site-packages/airflow/example_dags/example_python_operator.py
[2026-05-02T09:32:57.473+0000] {processor.py:925} INFO - DAG(s) 'example_python_operator' retrieved from /home/airflow/.local/lib/python3.12/site-packages/airflow/example_dags/example_python_operator.py
[2026-05-02T09:32:57.480+0000] {logging_mixin.py:190} INFO - [2026-05-02T09:32:57.480+0000] {dag.py:3239} INFO - Sync 1 DAGs
[2026-05-02T09:32:57.488+0000] {logging_mixin.py:190} INFO - [2026-05-02T09:32:57.488+0000] {dag.py:4180} INFO - Setting next_dagrun for example_python_operator to None, run_after=None
[2026-05-02T09:32:57.496+0000] {processor.py:208} INFO - Processing /home/airflow/.local/lib/python3.12/site-packages/airflow/example_dags/example_python_operator.py took 0.034 seconds
[2026-05-02T09:33:27.917+0000] {processor.py:186} INFO - Started process (PID=79458) to work on /home/airflow/.local/lib/python3.12/site-packages/airflow/example_dags/example_python_operator.py
[2026-05-02T09:33:27.917+0000] {processor.py:914} INFO - Processing file /home/airflow/.local/lib/python3.12/site-packages/airflow/example_dags/example_python_operator.py for tasks to queue
[2026-05-02T09:33:27.919+0000] {logging_mixin.py:190} INFO - [2026-05-02T09:33:27.918+0000] {dagbag.py:588} INFO - Filling up the DagBag from /home/airflow/.local/lib/python3.12/site-packages/airflow/example_dags/example_python_operator.py
[2026-05-02T09:33:27.927+0000] {processor.py:925} INFO - DAG(s) 'example_python_operator' retrieved from /home/airflow/.local/lib/python3.12/site-packages/airflow/example_dags/example_python_operator.py
[2026-05-02T09:33:27.940+0000] {logging_mixin.py:190} INFO - [2026-05-02T09:33:27.939+0000] {dag.py:3239} INFO - Sync 1 DAGs
[2026-05-02T09:33:27.945+0000] {logging_mixin.py:190} INFO - [2026-05-02T09:33:27.945+0000] {dag.py:4180} INFO - Setting next_dagrun for example_python_operator to None, run_after=None
[2026-05-02T09:33:27.953+0000] {processor.py:208} INFO - Processing /home/airflow/.local/lib/python3.12/site-packages/airflow/example_dags/example_python_operator.py took 0.039 seconds
[2026-05-02T09:40:12.874+0000] {processor.py:186} INFO - Started process (PID=79522) to work on /home/airflow/.local/lib/python3.12/site-packages/airflow/example_dags/example_python_operator.py
[2026-05-02T09:40:12.875+0000] {processor.py:914} INFO - Processing file /home/airflow/.local/lib/python3.12/site-packages/airflow/example_dags/example_python_operator.py for tasks to queue
[2026-05-02T09:40:12.876+0000] {logging_mixin.py:190} INFO - [2026-05-02T09:40:12.876+0000] {dagbag.py:588} INFO - Filling up the DagBag from /home/airflow/.local/lib/python3.12/site-packages/airflow/example_dags/example_python_operator.py
[2026-05-02T09:40:12.881+0000] {processor.py:925} INFO - DAG(s) 'example_python_operator' retrieved from /home/airflow/.local/lib/python3.12/site-packages/airflow/example_dags/example_python_operator.py
[2026-05-02T09:40:12.894+0000] {logging_mixin.py:190} INFO - [2026-05-02T09:40:12.894+0000] {dag.py:3239} INFO - Sync 1 DAGs
[2026-05-02T09:40:12.902+0000] {logging_mixin.py:190} INFO - [2026-05-02T09:40:12.902+0000] {dag.py:4180} INFO - Setting next_dagrun for example_python_operator to None, run_after=None
[2026-05-02T09:40:12.908+0000] {processor.py:208} INFO - Processing /home/airflow/.local/lib/python3.12/site-packages/airflow/example_dags/example_python_operator.py took 0.036 seconds
[2026-05-02T09:55:44.196+0000] {processor.py:186} INFO - Started process (PID=79586) to work on /home/airflow/.local/lib/python3.12/site-packages/airflow/example_dags/example_python_operator.py
[2026-05-02T09:55:44.196+0000] {processor.py:914} INFO - Processing file /home/airflow/.local/lib/python3.12/site-packages/airflow/example_dags/example_python_operator.py for tasks to queue
[2026-05-02T09:55:44.197+0000] {logging_mixin.py:190} INFO - [2026-05-02T09:55:44.197+0000] {dagbag.py:588} INFO - Filling up the DagBag from /home/airflow/.local/lib/python3.12/site-packages/airflow/example_dags/example_python_operator.py
[2026-05-02T09:55:44.202+0000] {processor.py:925} INFO - DAG(s) 'example_python_operator' retrieved from /home/airflow/.local/lib/python3.12/site-packages/airflow/example_dags/example_python_operator.py
[2026-05-02T09:55:44.213+0000] {logging_mixin.py:190} INFO - [2026-05-02T09:55:44.213+0000] {dag.py:3239} INFO - Sync 1 DAGs
[2026-05-02T09:55:44.220+0000] {logging_mixin.py:190} INFO - [2026-05-02T09:55:44.220+0000] {dag.py:4180} INFO - Setting next_dagrun for example_python_operator to None, run_after=None
[2026-05-02T09:55:44.232+0000] {processor.py:208} INFO - Processing /home/airflow/.local/lib/python3.12/site-packages/airflow/example_dags/example_python_operator.py took 0.039 seconds
[2026-05-02T09:56:14.787+0000] {processor.py:186} INFO - Started process (PID=79650) to work on /home/airflow/.local/lib/python3.12/site-packages/airflow/example_dags/example_python_operator.py
[2026-05-02T09:56:14.788+0000] {processor.py:914} INFO - Processing file /home/airflow/.local/lib/python3.12/site-packages/airflow/example_dags/example_python_operator.py for tasks to queue
[2026-05-02T09:56:14.789+0000] {logging_mixin.py:190} INFO - [2026-05-02T09:56:14.789+0000] {dagbag.py:588} INFO - Filling up the DagBag from /home/airflow/.local/lib/python3.12/site-packages/airflow/example_dags/example_python_operator.py
[2026-05-02T09:56:14.794+0000] {processor.py:925} INFO - DAG(s) 'example_python_operator' retrieved from /home/airflow/.local/lib/python3.12/site-packages/airflow/example_dags/example_python_operator.py
[2026-05-02T09:56:14.808+0000] {logging_mixin.py:190} INFO - [2026-05-02T09:56:14.808+0000] {dag.py:3239} INFO - Sync 1 DAGs
[2026-05-02T09:56:14.813+0000] {logging_mixin.py:190} INFO - [2026-05-02T09:56:14.813+0000] {dag.py:4180} INFO - Setting next_dagrun for example_python_operator to None, run_after=None
[2026-05-02T09:56:14.820+0000] {processor.py:208} INFO - Processing /home/airflow/.local/lib/python3.12/site-packages/airflow/example_dags/example_python_operator.py took 0.035 seconds
[2026-05-02T10:02:30.701+0000] {processor.py:186} INFO - Started process (PID=79714) to work on /home/airflow/.local/lib/python3.12/site-packages/airflow/example_dags/example_python_operator.py
[2026-05-02T10:02:30.702+0000] {processor.py:914} INFO - Processing file /home/airflow/.local/lib/python3.12/site-packages/airflow/example_dags/example_python_operator.py for tasks to queue
[2026-05-02T10:02:30.703+0000] {logging_mixin.py:190} INFO - [2026-05-02T10:02:30.703+0000] {dagbag.py:588} INFO - Filling up the DagBag from /home/airflow/.local/lib/python3.12/site-packages/airflow/example_dags/example_python_operator.py
[2026-05-02T10:02:30.708+0000] {processor.py:925} INFO - DAG(s) 'example_python_operator' retrieved from /home/airflow/.local/lib/python3.12/site-packages/airflow/example_dags/example_python_operator.py
[2026-05-02T10:02:30.717+0000] {logging_mixin.py:190} INFO - [2026-05-02T10:02:30.717+0000] {dag.py:3239} INFO - Sync 1 DAGs
[2026-05-02T10:02:30.723+0000] {logging_mixin.py:190} INFO - [2026-05-02T10:02:30.723+0000] {dag.py:4180} INFO - Setting next_dagrun for example_python_operator to None, run_after=None
[2026-05-02T10:02:30.735+0000] {processor.py:208} INFO - Processing /home/airflow/.local/lib/python3.12/site-packages/airflow/example_dags/example_python_operator.py took 0.036 seconds
[2026-05-02T10:03:01.636+0000] {processor.py:186} INFO - Started process (PID=79778) to work on /home/airflow/.local/lib/python3.12/site-packages/airflow/example_dags/example_python_operator.py
[2026-05-02T10:03:01.637+0000] {processor.py:914} INFO - Processing file /home/airflow/.local/lib/python3.12/site-packages/airflow/example_dags/example_python_operator.py for tasks to queue
[2026-05-02T10:03:01.638+0000] {logging_mixin.py:190} INFO - [2026-05-02T10:03:01.638+0000] {dagbag.py:588} INFO - Filling up the DagBag from /home/airflow/.local/lib/python3.12/site-packages/airflow/example_dags/example_python_operator.py
[2026-05-02T10:03:01.646+0000] {processor.py:925} INFO - DAG(s) 'example_python_operator' retrieved from /home/airflow/.local/lib/python3.12/site-packages/airflow/example_dags/example_python_operator.py
[2026-05-02T10:03:01.656+0000] {logging_mixin.py:190} INFO - [2026-05-02T10:03:01.656+0000] {dag.py:3239} INFO - Sync 1 DAGs
[2026-05-02T10:03:02.057+0000] {logging_mixin.py:190} INFO - [2026-05-02T10:03:02.057+0000] {dag.py:4180} INFO - Setting next_dagrun for example_python_operator to None, run_after=None
[2026-05-02T10:03:02.071+0000] {processor.py:208} INFO - Processing /home/airflow/.local/lib/python3.12/site-packages/airflow/example_dags/example_python_operator.py took 0.440 seconds
[2026-05-02T10:18:31.265+0000] {processor.py:186} INFO - Started process (PID=79842) to work on /home/airflow/.local/lib/python3.12/site-packages/airflow/example_dags/example_python_operator.py
[2026-05-02T10:18:31.267+0000] {processor.py:914} INFO - Processing file /home/airflow/.local/lib/python3.12/site-packages/airflow/example_dags/example_python_operator.py for tasks to queue
[2026-05-02T10:18:31.268+0000] {logging_mixin.py:190} INFO - [2026-05-02T10:18:31.268+0000] {dagbag.py:588} INFO - Filling up the DagBag from /home/airflow/.local/lib/python3.12/site-packages/airflow/example_dags/example_python_operator.py
[2026-05-02T10:18:31.276+0000] {processor.py:925} INFO - DAG(s) 'example_python_operator' retrieved from /home/airflow/.local/lib/python3.12/site-packages/airflow/example_dags/example_python_operator.py
[2026-05-02T10:18:31.288+0000] {logging_mixin.py:190} INFO - [2026-05-02T10:18:31.288+0000] {dag.py:3239} INFO - Sync 1 DAGs
[2026-05-02T10:18:31.368+0000] {logging_mixin.py:190} INFO - [2026-05-02T10:18:31.368+0000] {dag.py:4180} INFO - Setting next_dagrun for example_python_operator to None, run_after=None
[2026-05-02T10:18:31.375+0000] {processor.py:208} INFO - Processing /home/airflow/.local/lib/python3.12/site-packages/airflow/example_dags/example_python_operator.py took 0.113 seconds
[2026-05-02T10:34:01.482+0000] {processor.py:186} INFO - Started process (PID=79906) to work on /home/airflow/.local/lib/python3.12/site-packages/airflow/example_dags/example_python_operator.py
[2026-05-02T10:34:01.483+0000] {processor.py:914} INFO - Processing file /home/airflow/.local/lib/python3.12/site-packages/airflow/example_dags/example_python_operator.py for tasks to queue
[2026-05-02T10:34:01.484+0000] {logging_mixin.py:190} INFO - [2026-05-02T10:34:01.484+0000] {dagbag.py:588} INFO - Filling up the DagBag from /home/airflow/.local/lib/python3.12/site-packages/airflow/example_dags/example_python_operator.py
[2026-05-02T10:34:01.490+0000] {processor.py:925} INFO - DAG(s) 'example_python_operator' retrieved from /home/airflow/.local/lib/python3.12/site-packages/airflow/example_dags/example_python_operator.py
[2026-05-02T10:34:01.503+0000] {logging_mixin.py:190} INFO - [2026-05-02T10:34:01.503+0000] {dag.py:3239} INFO - Sync 1 DAGs
[2026-05-02T10:34:01.590+0000] {logging_mixin.py:190} INFO - [2026-05-02T10:34:01.590+0000] {dag.py:4180} INFO - Setting next_dagrun for example_python_operator to None, run_after=None
[2026-05-02T10:34:01.601+0000] {processor.py:208} INFO - Processing /home/airflow/.local/lib/python3.12/site-packages/airflow/example_dags/example_python_operator.py took 0.121 seconds
[2026-05-02T10:34:32.464+0000] {processor.py:186} INFO - Started process (PID=79970) to work on /home/airflow/.local/lib/python3.12/site-packages/airflow/example_dags/example_python_operator.py
[2026-05-02T10:34:32.467+0000] {processor.py:914} INFO - Processing file /home/airflow/.local/lib/python3.12/site-packages/airflow/example_dags/example_python_operator.py for tasks to queue
[2026-05-02T10:34:32.469+0000] {logging_mixin.py:190} INFO - [2026-05-02T10:34:32.469+0000] {dagbag.py:588} INFO - Filling up the DagBag from /home/airflow/.local/lib/python3.12/site-packages/airflow/example_dags/example_python_operator.py
[2026-05-02T10:34:32.478+0000] {processor.py:925} INFO - DAG(s) 'example_python_operator' retrieved from /home/airflow/.local/lib/python3.12/site-packages/airflow/example_dags/example_python_operator.py
[2026-05-02T10:34:32.491+0000] {logging_mixin.py:190} INFO - [2026-05-02T10:34:32.491+0000] {dag.py:3239} INFO - Sync 1 DAGs
[2026-05-02T10:34:32.499+0000] {logging_mixin.py:190} INFO - [2026-05-02T10:34:32.499+0000] {dag.py:4180} INFO - Setting next_dagrun for example_python_operator to None, run_after=None
[2026-05-02T10:34:32.510+0000] {processor.py:208} INFO - Processing /home/airflow/.local/lib/python3.12/site-packages/airflow/example_dags/example_python_operator.py took 0.050 seconds
[2026-05-02T10:50:01.450+0000] {processor.py:186} INFO - Started process (PID=80034) to work on /home/airflow/.local/lib/python3.12/site-packages/airflow/example_dags/example_python_operator.py
[2026-05-02T10:50:01.451+0000] {processor.py:914} INFO - Processing file /home/airflow/.local/lib/python3.12/site-packages/airflow/example_dags/example_python_operator.py for tasks to queue
[2026-05-02T10:50:01.452+0000] {logging_mixin.py:190} INFO - [2026-05-02T10:50:01.451+0000] {dagbag.py:588} INFO - Filling up the DagBag from /home/airflow/.local/lib/python3.12/site-packages/airflow/example_dags/example_python_operator.py
[2026-05-02T10:50:01.457+0000] {processor.py:925} INFO - DAG(s) 'example_python_operator' retrieved from /home/airflow/.local/lib/python3.12/site-packages/airflow/example_dags/example_python_operator.py
[2026-05-02T10:50:01.466+0000] {logging_mixin.py:190} INFO - [2026-05-02T10:50:01.466+0000] {dag.py:3239} INFO - Sync 1 DAGs
[2026-05-02T10:50:01.471+0000] {logging_mixin.py:190} INFO - [2026-05-02T10:50:01.471+0000] {dag.py:4180} INFO - Setting next_dagrun for example_python_operator to None, run_after=None
[2026-05-02T10:50:01.481+0000] {processor.py:208} INFO - Processing /home/airflow/.local/lib/python3.12/site-packages/airflow/example_dags/example_python_operator.py took 0.033 seconds
[2026-05-02T11:03:22.624+0000] {processor.py:186} INFO - Started process (PID=80098) to work on /home/airflow/.local/lib/python3.12/site-packages/airflow/example_dags/example_python_operator.py
[2026-05-02T11:03:22.625+0000] {processor.py:914} INFO - Processing file /home/airflow/.local/lib/python3.12/site-packages/airflow/example_dags/example_python_operator.py for tasks to queue
[2026-05-02T11:03:22.626+0000] {logging_mixin.py:190} INFO - [2026-05-02T11:03:22.625+0000] {dagbag.py:588} INFO - Filling up the DagBag from /home/airflow/.local/lib/python3.12/site-packages/airflow/example_dags/example_python_operator.py
[2026-05-02T11:03:22.634+0000] {processor.py:925} INFO - DAG(s) 'example_python_operator' retrieved from /home/airflow/.local/lib/python3.12/site-packages/airflow/example_dags/example_python_operator.py
[2026-05-02T11:03:22.642+0000] {logging_mixin.py:190} INFO - [2026-05-02T11:03:22.642+0000] {dag.py:3239} INFO - Sync 1 DAGs
[2026-05-02T11:03:22.649+0000] {logging_mixin.py:190} INFO - [2026-05-02T11:03:22.649+0000] {dag.py:4180} INFO - Setting next_dagrun for example_python_operator to None, run_after=None
[2026-05-02T11:03:22.657+0000] {processor.py:208} INFO - Processing /home/airflow/.local/lib/python3.12/site-packages/airflow/example_dags/example_python_operator.py took 0.035 seconds
[2026-05-02T11:03:53.612+0000] {processor.py:186} INFO - Started process (PID=80162) to work on /home/airflow/.local/lib/python3.12/site-packages/airflow/example_dags/example_python_operator.py
[2026-05-02T11:03:53.613+0000] {processor.py:914} INFO - Processing file /home/airflow/.local/lib/python3.12/site-packages/airflow/example_dags/example_python_operator.py for tasks to queue
[2026-05-02T11:03:53.614+0000] {logging_mixin.py:190} INFO - [2026-05-02T11:03:53.613+0000] {dagbag.py:588} INFO - Filling up the DagBag from /home/airflow/.local/lib/python3.12/site-packages/airflow/example_dags/example_python_operator.py
[2026-05-02T11:03:53.619+0000] {processor.py:925} INFO - DAG(s) 'example_python_operator' retrieved from /home/airflow/.local/lib/python3.12/site-packages/airflow/example_dags/example_python_operator.py
[2026-05-02T11:03:53.630+0000] {logging_mixin.py:190} INFO - [2026-05-02T11:03:53.630+0000] {dag.py:3239} INFO - Sync 1 DAGs
[2026-05-02T11:03:53.635+0000] {logging_mixin.py:190} INFO - [2026-05-02T11:03:53.635+0000] {dag.py:4180} INFO - Setting next_dagrun for example_python_operator to None, run_after=None
[2026-05-02T11:03:53.645+0000] {processor.py:208} INFO - Processing /home/airflow/.local/lib/python3.12/site-packages/airflow/example_dags/example_python_operator.py took 0.036 seconds
[2026-05-02T11:23:50.287+0000] {processor.py:186} INFO - Started process (PID=80226) to work on /home/airflow/.local/lib/python3.12/site-packages/airflow/example_dags/example_python_operator.py
[2026-05-02T11:23:50.289+0000] {processor.py:914} INFO - Processing file /home/airflow/.local/lib/python3.12/site-packages/airflow/example_dags/example_python_operator.py for tasks to queue
[2026-05-02T11:23:50.290+0000] {logging_mixin.py:190} INFO - [2026-05-02T11:23:50.290+0000] {dagbag.py:588} INFO - Filling up the DagBag from /home/airflow/.local/lib/python3.12/site-packages/airflow/example_dags/example_python_operator.py
[2026-05-02T11:23:50.296+0000] {processor.py:925} INFO - DAG(s) 'example_python_operator' retrieved from /home/airflow/.local/lib/python3.12/site-packages/airflow/example_dags/example_python_operator.py
[2026-05-02T11:23:50.304+0000] {logging_mixin.py:190} INFO - [2026-05-02T11:23:50.304+0000] {dag.py:3239} INFO - Sync 1 DAGs
[2026-05-02T11:23:50.310+0000] {logging_mixin.py:190} INFO - [2026-05-02T11:23:50.310+0000] {dag.py:4180} INFO - Setting next_dagrun for example_python_operator to None, run_after=None
[2026-05-02T11:23:50.322+0000] {processor.py:208} INFO - Processing /home/airflow/.local/lib/python3.12/site-packages/airflow/example_dags/example_python_operator.py took 0.037 seconds
[2026-05-02T11:24:20.578+0000] {processor.py:186} INFO - Started process (PID=80290) to work on /home/airflow/.local/lib/python3.12/site-packages/airflow/example_dags/example_python_operator.py
[2026-05-02T11:24:20.579+0000] {processor.py:914} INFO - Processing file /home/airflow/.local/lib/python3.12/site-packages/airflow/example_dags/example_python_operator.py for tasks to queue
[2026-05-02T11:24:20.580+0000] {logging_mixin.py:190} INFO - [2026-05-02T11:24:20.580+0000] {dagbag.py:588} INFO - Filling up the DagBag from /home/airflow/.local/lib/python3.12/site-packages/airflow/example_dags/example_python_operator.py
[2026-05-02T11:24:20.586+0000] {processor.py:925} INFO - DAG(s) 'example_python_operator' retrieved from /home/airflow/.local/lib/python3.12/site-packages/airflow/example_dags/example_python_operator.py
[2026-05-02T11:24:20.595+0000] {logging_mixin.py:190} INFO - [2026-05-02T11:24:20.595+0000] {dag.py:3239} INFO - Sync 1 DAGs
[2026-05-02T11:24:20.602+0000] {logging_mixin.py:190} INFO - [2026-05-02T11:24:20.602+0000] {dag.py:4180} INFO - Setting next_dagrun for example_python_operator to None, run_after=None
[2026-05-02T11:24:20.614+0000] {processor.py:208} INFO - Processing /home/airflow/.local/lib/python3.12/site-packages/airflow/example_dags/example_python_operator.py took 0.038 seconds
[2026-05-02T11:24:51.810+0000] {processor.py:186} INFO - Started process (PID=80354) to work on /home/airflow/.local/lib/python3.12/site-packages/airflow/example_dags/example_python_operator.py
[2026-05-02T11:24:51.810+0000] {processor.py:914} INFO - Processing file /home/airflow/.local/lib/python3.12/site-packages/airflow/example_dags/example_python_operator.py for tasks to queue
[2026-05-02T11:24:51.812+0000] {logging_mixin.py:190} INFO - [2026-05-02T11:24:51.812+0000] {dagbag.py:588} INFO - Filling up the DagBag from /home/airflow/.local/lib/python3.12/site-packages/airflow/example_dags/example_python_operator.py
[2026-05-02T11:24:51.818+0000] {processor.py:925} INFO - DAG(s) 'example_python_operator' retrieved from /home/airflow/.local/lib/python3.12/site-packages/airflow/example_dags/example_python_operator.py
[2026-05-02T11:24:51.828+0000] {logging_mixin.py:190} INFO - [2026-05-02T11:24:51.828+0000] {dag.py:3239} INFO - Sync 1 DAGs
[2026-05-02T11:24:51.836+0000] {logging_mixin.py:190} INFO - [2026-05-02T11:24:51.835+0000] {dag.py:4180} INFO - Setting next_dagrun for example_python_operator to None, run_after=None
[2026-05-02T11:24:51.843+0000] {processor.py:208} INFO - Processing /home/airflow/.local/lib/python3.12/site-packages/airflow/example_dags/example_python_operator.py took 0.036 seconds
[2026-05-02T11:25:22.094+0000] {processor.py:186} INFO - Started process (PID=80418) to work on /home/airflow/.local/lib/python3.12/site-packages/airflow/example_dags/example_python_operator.py
[2026-05-02T11:25:22.094+0000] {processor.py:914} INFO - Processing file /home/airflow/.local/lib/python3.12/site-packages/airflow/example_dags/example_python_operator.py for tasks to queue
[2026-05-02T11:25:22.095+0000] {logging_mixin.py:190} INFO - [2026-05-02T11:25:22.095+0000] {dagbag.py:588} INFO - Filling up the DagBag from /home/airflow/.local/lib/python3.12/site-packages/airflow/example_dags/example_python_operator.py
[2026-05-02T11:25:22.103+0000] {processor.py:925} INFO - DAG(s) 'example_python_operator' retrieved from /home/airflow/.local/lib/python3.12/site-packages/airflow/example_dags/example_python_operator.py
[2026-05-02T11:25:22.115+0000] {logging_mixin.py:190} INFO - [2026-05-02T11:25:22.115+0000] {dag.py:3239} INFO - Sync 1 DAGs
[2026-05-02T11:25:22.120+0000] {logging_mixin.py:190} INFO - [2026-05-02T11:25:22.120+0000] {dag.py:4180} INFO - Setting next_dagrun for example_python_operator to None, run_after=None
[2026-05-02T11:25:22.129+0000] {processor.py:208} INFO - Processing /home/airflow/.local/lib/python3.12/site-packages/airflow/example_dags/example_python_operator.py took 0.037 seconds
[2026-05-02T11:25:52.299+0000] {processor.py:186} INFO - Started process (PID=80482) to work on /home/airflow/.local/lib/python3.12/site-packages/airflow/example_dags/example_python_operator.py
[2026-05-02T11:25:52.300+0000] {processor.py:914} INFO - Processing file /home/airflow/.local/lib/python3.12/site-packages/airflow/example_dags/example_python_operator.py for tasks to queue
[2026-05-02T11:25:52.301+0000] {logging_mixin.py:190} INFO - [2026-05-02T11:25:52.301+0000] {dagbag.py:588} INFO - Filling up the DagBag from /home/airflow/.local/lib/python3.12/site-packages/airflow/example_dags/example_python_operator.py
[2026-05-02T11:25:52.307+0000] {processor.py:925} INFO - DAG(s) 'example_python_operator' retrieved from /home/airflow/.local/lib/python3.12/site-packages/airflow/example_dags/example_python_operator.py
[2026-05-02T11:25:52.317+0000] {logging_mixin.py:190} INFO - [2026-05-02T11:25:52.317+0000] {dag.py:3239} INFO - Sync 1 DAGs
[2026-05-02T11:25:52.322+0000] {logging_mixin.py:190} INFO - [2026-05-02T11:25:52.322+0000] {dag.py:4180} INFO - Setting next_dagrun for example_python_operator to None, run_after=None
[2026-05-02T11:25:52.331+0000] {processor.py:208} INFO - Processing /home/airflow/.local/lib/python3.12/site-packages/airflow/example_dags/example_python_operator.py took 0.034 seconds
[2026-05-02T11:26:22.749+0000] {processor.py:186} INFO - Started process (PID=80546) to work on /home/airflow/.local/lib/python3.12/site-packages/airflow/example_dags/example_python_operator.py
[2026-05-02T11:26:22.750+0000] {processor.py:914} INFO - Processing file /home/airflow/.local/lib/python3.12/site-packages/airflow/example_dags/example_python_operator.py for tasks to queue
[2026-05-02T11:26:22.755+0000] {logging_mixin.py:190} INFO - [2026-05-02T11:26:22.754+0000] {dagbag.py:588} INFO - Filling up the DagBag from /home/airflow/.local/lib/python3.12/site-packages/airflow/example_dags/example_python_operator.py
[2026-05-02T11:26:22.767+0000] {processor.py:925} INFO - DAG(s) 'example_python_operator' retrieved from /home/airflow/.local/lib/python3.12/site-packages/airflow/example_dags/example_python_operator.py
[2026-05-02T11:26:22.783+0000] {logging_mixin.py:190} INFO - [2026-05-02T11:26:22.783+0000] {dag.py:3239} INFO - Sync 1 DAGs
[2026-05-02T11:26:22.790+0000] {logging_mixin.py:190} INFO - [2026-05-02T11:26:22.790+0000] {dag.py:4180} INFO - Setting next_dagrun for example_python_operator to None, run_after=None
[2026-05-02T11:26:22.798+0000] {processor.py:208} INFO - Processing /home/airflow/.local/lib/python3.12/site-packages/airflow/example_dags/example_python_operator.py took 0.054 seconds
[2026-05-02T11:26:53.283+0000] {processor.py:186} INFO - Started process (PID=80610) to work on /home/airflow/.local/lib/python3.12/site-packages/airflow/example_dags/example_python_operator.py
[2026-05-02T11:26:53.283+0000] {processor.py:914} INFO - Processing file /home/airflow/.local/lib/python3.12/site-packages/airflow/example_dags/example_python_operator.py for tasks to queue
[2026-05-02T11:26:53.285+0000] {logging_mixin.py:190} INFO - [2026-05-02T11:26:53.285+0000] {dagbag.py:588} INFO - Filling up the DagBag from /home/airflow/.local/lib/python3.12/site-packages/airflow/example_dags/example_python_operator.py
[2026-05-02T11:26:53.290+0000] {processor.py:925} INFO - DAG(s) 'example_python_operator' retrieved from /home/airflow/.local/lib/python3.12/site-packages/airflow/example_dags/example_python_operator.py
[2026-05-02T11:26:53.301+0000] {logging_mixin.py:190} INFO - [2026-05-02T11:26:53.301+0000] {dag.py:3239} INFO - Sync 1 DAGs
[2026-05-02T11:26:53.307+0000] {logging_mixin.py:190} INFO - [2026-05-02T11:26:53.307+0000] {dag.py:4180} INFO - Setting next_dagrun for example_python_operator to None, run_after=None
[2026-05-02T11:26:53.318+0000] {processor.py:208} INFO - Processing /home/airflow/.local/lib/python3.12/site-packages/airflow/example_dags/example_python_operator.py took 0.037 seconds
[2026-05-02T11:27:24.023+0000] {processor.py:186} INFO - Started process (PID=80674) to work on /home/airflow/.local/lib/python3.12/site-packages/airflow/example_dags/example_python_operator.py
[2026-05-02T11:27:24.024+0000] {processor.py:914} INFO - Processing file /home/airflow/.local/lib/python3.12/site-packages/airflow/example_dags/example_python_operator.py for tasks to queue
[2026-05-02T11:27:24.026+0000] {logging_mixin.py:190} INFO - [2026-05-02T11:27:24.026+0000] {dagbag.py:588} INFO - Filling up the DagBag from /home/airflow/.local/lib/python3.12/site-packages/airflow/example_dags/example_python_operator.py
[2026-05-02T11:27:24.034+0000] {processor.py:925} INFO - DAG(s) 'example_python_operator' retrieved from /home/airflow/.local/lib/python3.12/site-packages/airflow/example_dags/example_python_operator.py
[2026-05-02T11:27:24.046+0000] {logging_mixin.py:190} INFO - [2026-05-02T11:27:24.046+0000] {dag.py:3239} INFO - Sync 1 DAGs
[2026-05-02T11:27:24.053+0000] {logging_mixin.py:190} INFO - [2026-05-02T11:27:24.053+0000] {dag.py:4180} INFO - Setting next_dagrun for example_python_operator to None, run_after=None
[2026-05-02T11:27:24.063+0000] {processor.py:208} INFO - Processing /home/airflow/.local/lib/python3.12/site-packages/airflow/example_dags/example_python_operator.py took 0.043 seconds
[2026-05-02T11:27:54.321+0000] {processor.py:186} INFO - Started process (PID=80738) to work on /home/airflow/.local/lib/python3.12/site-packages/airflow/example_dags/example_python_operator.py
[2026-05-02T11:27:54.321+0000] {processor.py:914} INFO - Processing file /home/airflow/.local/lib/python3.12/site-packages/airflow/example_dags/example_python_operator.py for tasks to queue
[2026-05-02T11:27:54.323+0000] {logging_mixin.py:190} INFO - [2026-05-02T11:27:54.323+0000] {dagbag.py:588} INFO - Filling up the DagBag from /home/airflow/.local/lib/python3.12/site-packages/airflow/example_dags/example_python_operator.py
[2026-05-02T11:27:54.329+0000] {processor.py:925} INFO - DAG(s) 'example_python_operator' retrieved from /home/airflow/.local/lib/python3.12/site-packages/airflow/example_dags/example_python_operator.py
[2026-05-02T11:27:54.342+0000] {logging_mixin.py:190} INFO - [2026-05-02T11:27:54.342+0000] {dag.py:3239} INFO - Sync 1 DAGs
[2026-05-02T11:27:54.347+0000] {logging_mixin.py:190} INFO - [2026-05-02T11:27:54.347+0000] {dag.py:4180} INFO - Setting next_dagrun for example_python_operator to None, run_after=None
[2026-05-02T11:27:54.355+0000] {processor.py:208} INFO - Processing /home/airflow/.local/lib/python3.12/site-packages/airflow/example_dags/example_python_operator.py took 0.037 seconds
[2026-05-02T11:28:24.590+0000] {processor.py:186} INFO - Started process (PID=80802) to work on /home/airflow/.local/lib/python3.12/site-packages/airflow/example_dags/example_python_operator.py
[2026-05-02T11:28:24.590+0000] {processor.py:914} INFO - Processing file /home/airflow/.local/lib/python3.12/site-packages/airflow/example_dags/example_python_operator.py for tasks to queue
[2026-05-02T11:28:24.591+0000] {logging_mixin.py:190} INFO - [2026-05-02T11:28:24.591+0000] {dagbag.py:588} INFO - Filling up the DagBag from /home/airflow/.local/lib/python3.12/site-packages/airflow/example_dags/example_python_operator.py
[2026-05-02T11:28:24.596+0000] {processor.py:925} INFO - DAG(s) 'example_python_operator' retrieved from /home/airflow/.local/lib/python3.12/site-packages/airflow/example_dags/example_python_operator.py
[2026-05-02T11:28:24.607+0000] {logging_mixin.py:190} INFO - [2026-05-02T11:28:24.606+0000] {dag.py:3239} INFO - Sync 1 DAGs
[2026-05-02T11:28:24.614+0000] {logging_mixin.py:190} INFO - [2026-05-02T11:28:24.614+0000] {dag.py:4180} INFO - Setting next_dagrun for example_python_operator to None, run_after=None
[2026-05-02T11:28:24.625+0000] {processor.py:208} INFO - Processing /home/airflow/.local/lib/python3.12/site-packages/airflow/example_dags/example_python_operator.py took 0.038 seconds
[2026-05-02T11:28:55.795+0000] {processor.py:186} INFO - Started process (PID=80866) to work on /home/airflow/.local/lib/python3.12/site-packages/airflow/example_dags/example_python_operator.py
[2026-05-02T11:28:55.795+0000] {processor.py:914} INFO - Processing file /home/airflow/.local/lib/python3.12/site-packages/airflow/example_dags/example_python_operator.py for tasks to queue
[2026-05-02T11:28:55.796+0000] {logging_mixin.py:190} INFO - [2026-05-02T11:28:55.796+0000] {dagbag.py:588} INFO - Filling up the DagBag from /home/airflow/.local/lib/python3.12/site-packages/airflow/example_dags/example_python_operator.py
[2026-05-02T11:28:55.801+0000] {processor.py:925} INFO - DAG(s) 'example_python_operator' retrieved from /home/airflow/.local/lib/python3.12/site-packages/airflow/example_dags/example_python_operator.py
[2026-05-02T11:28:55.808+0000] {logging_mixin.py:190} INFO - [2026-05-02T11:28:55.808+0000] {dag.py:3239} INFO - Sync 1 DAGs
[2026-05-02T11:28:55.812+0000] {logging_mixin.py:190} INFO - [2026-05-02T11:28:55.812+0000] {dag.py:4180} INFO - Setting next_dagrun for example_python_operator to None, run_after=None
[2026-05-02T11:28:55.817+0000] {processor.py:208} INFO - Processing /home/airflow/.local/lib/python3.12/site-packages/airflow/example_dags/example_python_operator.py took 0.024 seconds
[2026-05-02T11:29:27.037+0000] {processor.py:186} INFO - Started process (PID=80930) to work on /home/airflow/.local/lib/python3.12/site-packages/airflow/example_dags/example_python_operator.py
[2026-05-02T11:29:27.038+0000] {processor.py:914} INFO - Processing file /home/airflow/.local/lib/python3.12/site-packages/airflow/example_dags/example_python_operator.py for tasks to queue
[2026-05-02T11:29:27.039+0000] {logging_mixin.py:190} INFO - [2026-05-02T11:29:27.039+0000] {dagbag.py:588} INFO - Filling up the DagBag from /home/airflow/.local/lib/python3.12/site-packages/airflow/example_dags/example_python_operator.py
[2026-05-02T11:29:27.044+0000] {processor.py:925} INFO - DAG(s) 'example_python_operator' retrieved from /home/airflow/.local/lib/python3.12/site-packages/airflow/example_dags/example_python_operator.py
[2026-05-02T11:29:27.053+0000] {logging_mixin.py:190} INFO - [2026-05-02T11:29:27.053+0000] {dag.py:3239} INFO - Sync 1 DAGs
[2026-05-02T11:29:27.060+0000] {logging_mixin.py:190} INFO - [2026-05-02T11:29:27.060+0000] {dag.py:4180} INFO - Setting next_dagrun for example_python_operator to None, run_after=None
[2026-05-02T11:29:27.072+0000] {processor.py:208} INFO - Processing /home/airflow/.local/lib/python3.12/site-packages/airflow/example_dags/example_python_operator.py took 0.037 seconds
[2026-05-02T11:29:58.242+0000] {processor.py:186} INFO - Started process (PID=81001) to work on /home/airflow/.local/lib/python3.12/site-packages/airflow/example_dags/example_python_operator.py
[2026-05-02T11:29:58.243+0000] {processor.py:914} INFO - Processing file /home/airflow/.local/lib/python3.12/site-packages/airflow/example_dags/example_python_operator.py for tasks to queue
[2026-05-02T11:29:58.244+0000] {logging_mixin.py:190} INFO - [2026-05-02T11:29:58.244+0000] {dagbag.py:588} INFO - Filling up the DagBag from /home/airflow/.local/lib/python3.12/site-packages/airflow/example_dags/example_python_operator.py
[2026-05-02T11:29:58.251+0000] {processor.py:925} INFO - DAG(s) 'example_python_operator' retrieved from /home/airflow/.local/lib/python3.12/site-packages/airflow/example_dags/example_python_operator.py
[2026-05-02T11:29:58.263+0000] {logging_mixin.py:190} INFO - [2026-05-02T11:29:58.263+0000] {dag.py:3239} INFO - Sync 1 DAGs
[2026-05-02T11:29:58.271+0000] {logging_mixin.py:190} INFO - [2026-05-02T11:29:58.270+0000] {dag.py:4180} INFO - Setting next_dagrun for example_python_operator to None, run_after=None
[2026-05-02T11:29:58.281+0000] {processor.py:208} INFO - Processing /home/airflow/.local/lib/python3.12/site-packages/airflow/example_dags/example_python_operator.py took 0.041 seconds
[2026-05-02T11:30:29.103+0000] {processor.py:186} INFO - Started process (PID=81065) to work on /home/airflow/.local/lib/python3.12/site-packages/airflow/example_dags/example_python_operator.py
[2026-05-02T11:30:29.103+0000] {processor.py:914} INFO - Processing file /home/airflow/.local/lib/python3.12/site-packages/airflow/example_dags/example_python_operator.py for tasks to queue
[2026-05-02T11:30:29.105+0000] {logging_mixin.py:190} INFO - [2026-05-02T11:30:29.105+0000] {dagbag.py:588} INFO - Filling up the DagBag from /home/airflow/.local/lib/python3.12/site-packages/airflow/example_dags/example_python_operator.py
[2026-05-02T11:30:29.111+0000] {processor.py:925} INFO - DAG(s) 'example_python_operator' retrieved from /home/airflow/.local/lib/python3.12/site-packages/airflow/example_dags/example_python_operator.py
[2026-05-02T11:30:29.126+0000] {logging_mixin.py:190} INFO - [2026-05-02T11:30:29.125+0000] {dag.py:3239} INFO - Sync 1 DAGs
[2026-05-02T11:30:29.132+0000] {logging_mixin.py:190} INFO - [2026-05-02T11:30:29.132+0000] {dag.py:4180} INFO - Setting next_dagrun for example_python_operator to None, run_after=None
[2026-05-02T11:30:29.139+0000] {processor.py:208} INFO - Processing /home/airflow/.local/lib/python3.12/site-packages/airflow/example_dags/example_python_operator.py took 0.039 seconds
[2026-05-02T11:30:59.585+0000] {processor.py:186} INFO - Started process (PID=81129) to work on /home/airflow/.local/lib/python3.12/site-packages/airflow/example_dags/example_python_operator.py
[2026-05-02T11:30:59.587+0000] {processor.py:914} INFO - Processing file /home/airflow/.local/lib/python3.12/site-packages/airflow/example_dags/example_python_operator.py for tasks to queue
[2026-05-02T11:30:59.589+0000] {logging_mixin.py:190} INFO - [2026-05-02T11:30:59.589+0000] {dagbag.py:588} INFO - Filling up the DagBag from /home/airflow/.local/lib/python3.12/site-packages/airflow/example_dags/example_python_operator.py
[2026-05-02T11:30:59.594+0000] {processor.py:925} INFO - DAG(s) 'example_python_operator' retrieved from /home/airflow/.local/lib/python3.12/site-packages/airflow/example_dags/example_python_operator.py
[2026-05-02T11:30:59.605+0000] {logging_mixin.py:190} INFO - [2026-05-02T11:30:59.604+0000] {dag.py:3239} INFO - Sync 1 DAGs
[2026-05-02T11:30:59.611+0000] {logging_mixin.py:190} INFO - [2026-05-02T11:30:59.611+0000] {dag.py:4180} INFO - Setting next_dagrun for example_python_operator to None, run_after=None
[2026-05-02T11:30:59.617+0000] {processor.py:208} INFO - Processing /home/airflow/.local/lib/python3.12/site-packages/airflow/example_dags/example_python_operator.py took 0.034 seconds
[2026-05-02T11:31:30.658+0000] {processor.py:186} INFO - Started process (PID=81193) to work on /home/airflow/.local/lib/python3.12/site-packages/airflow/example_dags/example_python_operator.py
[2026-05-02T11:31:30.659+0000] {processor.py:914} INFO - Processing file /home/airflow/.local/lib/python3.12/site-packages/airflow/example_dags/example_python_operator.py for tasks to queue
[2026-05-02T11:31:30.660+0000] {logging_mixin.py:190} INFO - [2026-05-02T11:31:30.660+0000] {dagbag.py:588} INFO - Filling up the DagBag from /home/airflow/.local/lib/python3.12/site-packages/airflow/example_dags/example_python_operator.py
[2026-05-02T11:31:30.667+0000] {processor.py:925} INFO - DAG(s) 'example_python_operator' retrieved from /home/airflow/.local/lib/python3.12/site-packages/airflow/example_dags/example_python_operator.py
[2026-05-02T11:31:30.676+0000] {logging_mixin.py:190} INFO - [2026-05-02T11:31:30.676+0000] {dag.py:3239} INFO - Sync 1 DAGs
[2026-05-02T11:31:30.682+0000] {logging_mixin.py:190} INFO - [2026-05-02T11:31:30.681+0000] {dag.py:4180} INFO - Setting next_dagrun for example_python_operator to None, run_after=None
[2026-05-02T11:31:30.687+0000] {processor.py:208} INFO - Processing /home/airflow/.local/lib/python3.12/site-packages/airflow/example_dags/example_python_operator.py took 0.032 seconds
[2026-05-02T11:32:01.777+0000] {processor.py:186} INFO - Started process (PID=81257) to work on /home/airflow/.local/lib/python3.12/site-packages/airflow/example_dags/example_python_operator.py
[2026-05-02T11:32:01.778+0000] {processor.py:914} INFO - Processing file /home/airflow/.local/lib/python3.12/site-packages/airflow/example_dags/example_python_operator.py for tasks to queue
[2026-05-02T11:32:01.779+0000] {logging_mixin.py:190} INFO - [2026-05-02T11:32:01.779+0000] {dagbag.py:588} INFO - Filling up the DagBag from /home/airflow/.local/lib/python3.12/site-packages/airflow/example_dags/example_python_operator.py
[2026-05-02T11:32:01.784+0000] {processor.py:925} INFO - DAG(s) 'example_python_operator' retrieved from /home/airflow/.local/lib/python3.12/site-packages/airflow/example_dags/example_python_operator.py
[2026-05-02T11:32:01.796+0000] {logging_mixin.py:190} INFO - [2026-05-02T11:32:01.796+0000] {dag.py:3239} INFO - Sync 1 DAGs
[2026-05-02T11:32:01.801+0000] {logging_mixin.py:190} INFO - [2026-05-02T11:32:01.801+0000] {dag.py:4180} INFO - Setting next_dagrun for example_python_operator to None, run_after=None
[2026-05-02T11:32:01.807+0000] {processor.py:208} INFO - Processing /home/airflow/.local/lib/python3.12/site-packages/airflow/example_dags/example_python_operator.py took 0.033 seconds
[2026-05-02T11:32:33.064+0000] {processor.py:186} INFO - Started process (PID=81321) to work on /home/airflow/.local/lib/python3.12/site-packages/airflow/example_dags/example_python_operator.py
[2026-05-02T11:32:33.065+0000] {processor.py:914} INFO - Processing file /home/airflow/.local/lib/python3.12/site-packages/airflow/example_dags/example_python_operator.py for tasks to queue
[2026-05-02T11:32:33.066+0000] {logging_mixin.py:190} INFO - [2026-05-02T11:32:33.066+0000] {dagbag.py:588} INFO - Filling up the DagBag from /home/airflow/.local/lib/python3.12/site-packages/airflow/example_dags/example_python_operator.py
[2026-05-02T11:32:33.072+0000] {processor.py:925} INFO - DAG(s) 'example_python_operator' retrieved from /home/airflow/.local/lib/python3.12/site-packages/airflow/example_dags/example_python_operator.py
[2026-05-02T11:32:33.083+0000] {logging_mixin.py:190} INFO - [2026-05-02T11:32:33.083+0000] {dag.py:3239} INFO - Sync 1 DAGs
[2026-05-02T11:32:33.088+0000] {logging_mixin.py:190} INFO - [2026-05-02T11:32:33.088+0000] {dag.py:4180} INFO - Setting next_dagrun for example_python_operator to None, run_after=None
[2026-05-02T11:32:33.098+0000] {processor.py:208} INFO - Processing /home/airflow/.local/lib/python3.12/site-packages/airflow/example_dags/example_python_operator.py took 0.036 seconds
[2026-05-02T11:33:04.327+0000] {processor.py:186} INFO - Started process (PID=81385) to work on /home/airflow/.local/lib/python3.12/site-packages/airflow/example_dags/example_python_operator.py
[2026-05-02T11:33:04.328+0000] {processor.py:914} INFO - Processing file /home/airflow/.local/lib/python3.12/site-packages/airflow/example_dags/example_python_operator.py for tasks to queue
[2026-05-02T11:33:04.329+0000] {logging_mixin.py:190} INFO - [2026-05-02T11:33:04.329+0000] {dagbag.py:588} INFO - Filling up the DagBag from /home/airflow/.local/lib/python3.12/site-packages/airflow/example_dags/example_python_operator.py
[2026-05-02T11:33:04.335+0000] {processor.py:925} INFO - DAG(s) 'example_python_operator' retrieved from /home/airflow/.local/lib/python3.12/site-packages/airflow/example_dags/example_python_operator.py
[2026-05-02T11:33:04.347+0000] {logging_mixin.py:190} INFO - [2026-05-02T11:33:04.346+0000] {dag.py:3239} INFO - Sync 1 DAGs
[2026-05-02T11:33:04.352+0000] {logging_mixin.py:190} INFO - [2026-05-02T11:33:04.352+0000] {dag.py:4180} INFO - Setting next_dagrun for example_python_operator to None, run_after=None
[2026-05-02T11:33:04.361+0000] {processor.py:208} INFO - Processing /home/airflow/.local/lib/python3.12/site-packages/airflow/example_dags/example_python_operator.py took 0.036 seconds
[2026-05-02T11:33:35.643+0000] {processor.py:186} INFO - Started process (PID=81449) to work on /home/airflow/.local/lib/python3.12/site-packages/airflow/example_dags/example_python_operator.py
[2026-05-02T11:33:35.643+0000] {processor.py:914} INFO - Processing file /home/airflow/.local/lib/python3.12/site-packages/airflow/example_dags/example_python_operator.py for tasks to queue
[2026-05-02T11:33:35.644+0000] {logging_mixin.py:190} INFO - [2026-05-02T11:33:35.644+0000] {dagbag.py:588} INFO - Filling up the DagBag from /home/airflow/.local/lib/python3.12/site-packages/airflow/example_dags/example_python_operator.py
[2026-05-02T11:33:35.652+0000] {processor.py:925} INFO - DAG(s) 'example_python_operator' retrieved from /home/airflow/.local/lib/python3.12/site-packages/airflow/example_dags/example_python_operator.py
[2026-05-02T11:33:35.659+0000] {logging_mixin.py:190} INFO - [2026-05-02T11:33:35.659+0000] {dag.py:3239} INFO - Sync 1 DAGs
[2026-05-02T11:33:35.665+0000] {logging_mixin.py:190} INFO - [2026-05-02T11:33:35.665+0000] {dag.py:4180} INFO - Setting next_dagrun for example_python_operator to None, run_after=None
[2026-05-02T11:33:35.672+0000] {processor.py:208} INFO - Processing /home/airflow/.local/lib/python3.12/site-packages/airflow/example_dags/example_python_operator.py took 0.032 seconds
[2026-05-02T11:34:06.126+0000] {processor.py:186} INFO - Started process (PID=81513) to work on /home/airflow/.local/lib/python3.12/site-packages/airflow/example_dags/example_python_operator.py
[2026-05-02T11:34:06.127+0000] {processor.py:914} INFO - Processing file /home/airflow/.local/lib/python3.12/site-packages/airflow/example_dags/example_python_operator.py for tasks to queue
[2026-05-02T11:34:06.128+0000] {logging_mixin.py:190} INFO - [2026-05-02T11:34:06.128+0000] {dagbag.py:588} INFO - Filling up the DagBag from /home/airflow/.local/lib/python3.12/site-packages/airflow/example_dags/example_python_operator.py
[2026-05-02T11:34:06.133+0000] {processor.py:925} INFO - DAG(s) 'example_python_operator' retrieved from /home/airflow/.local/lib/python3.12/site-packages/airflow/example_dags/example_python_operator.py
[2026-05-02T11:34:06.144+0000] {logging_mixin.py:190} INFO - [2026-05-02T11:34:06.143+0000] {dag.py:3239} INFO - Sync 1 DAGs
[2026-05-02T11:34:06.151+0000] {logging_mixin.py:190} INFO - [2026-05-02T11:34:06.151+0000] {dag.py:4180} INFO - Setting next_dagrun for example_python_operator to None, run_after=None
[2026-05-02T11:34:06.159+0000] {processor.py:208} INFO - Processing /home/airflow/.local/lib/python3.12/site-packages/airflow/example_dags/example_python_operator.py took 0.036 seconds
[2026-05-02T11:34:36.395+0000] {processor.py:186} INFO - Started process (PID=81577) to work on /home/airflow/.local/lib/python3.12/site-packages/airflow/example_dags/example_python_operator.py
[2026-05-02T11:34:36.396+0000] {processor.py:914} INFO - Processing file /home/airflow/.local/lib/python3.12/site-packages/airflow/example_dags/example_python_operator.py for tasks to queue
[2026-05-02T11:34:36.397+0000] {logging_mixin.py:190} INFO - [2026-05-02T11:34:36.396+0000] {dagbag.py:588} INFO - Filling up the DagBag from /home/airflow/.local/lib/python3.12/site-packages/airflow/example_dags/example_python_operator.py
[2026-05-02T11:34:36.402+0000] {processor.py:925} INFO - DAG(s) 'example_python_operator' retrieved from /home/airflow/.local/lib/python3.12/site-packages/airflow/example_dags/example_python_operator.py
[2026-05-02T11:34:36.411+0000] {logging_mixin.py:190} INFO - [2026-05-02T11:34:36.411+0000] {dag.py:3239} INFO - Sync 1 DAGs
[2026-05-02T11:34:36.417+0000] {logging_mixin.py:190} INFO - [2026-05-02T11:34:36.416+0000] {dag.py:4180} INFO - Setting next_dagrun for example_python_operator to None, run_after=None
[2026-05-02T11:34:36.425+0000] {processor.py:208} INFO - Processing /home/airflow/.local/lib/python3.12/site-packages/airflow/example_dags/example_python_operator.py took 0.032 seconds
[2026-05-02T11:35:06.732+0000] {processor.py:186} INFO - Started process (PID=81641) to work on /home/airflow/.local/lib/python3.12/site-packages/airflow/example_dags/example_python_operator.py
[2026-05-02T11:35:06.732+0000] {processor.py:914} INFO - Processing file /home/airflow/.local/lib/python3.12/site-packages/airflow/example_dags/example_python_operator.py for tasks to queue
[2026-05-02T11:35:06.733+0000] {logging_mixin.py:190} INFO - [2026-05-02T11:35:06.733+0000] {dagbag.py:588} INFO - Filling up the DagBag from /home/airflow/.local/lib/python3.12/site-packages/airflow/example_dags/example_python_operator.py
[2026-05-02T11:35:06.738+0000] {processor.py:925} INFO - DAG(s) 'example_python_operator' retrieved from /home/airflow/.local/lib/python3.12/site-packages/airflow/example_dags/example_python_operator.py
[2026-05-02T11:35:06.748+0000] {logging_mixin.py:190} INFO - [2026-05-02T11:35:06.748+0000] {dag.py:3239} INFO - Sync 1 DAGs
[2026-05-02T11:35:06.753+0000] {logging_mixin.py:190} INFO - [2026-05-02T11:35:06.753+0000] {dag.py:4180} INFO - Setting next_dagrun for example_python_operator to None, run_after=None
[2026-05-02T11:35:06.763+0000] {processor.py:208} INFO - Processing /home/airflow/.local/lib/python3.12/site-packages/airflow/example_dags/example_python_operator.py took 0.034 seconds
[2026-05-02T11:35:36.819+0000] {processor.py:186} INFO - Started process (PID=81704) to work on /home/airflow/.local/lib/python3.12/site-packages/airflow/example_dags/example_python_operator.py
[2026-05-02T11:35:36.819+0000] {processor.py:914} INFO - Processing file /home/airflow/.local/lib/python3.12/site-packages/airflow/example_dags/example_python_operator.py for tasks to queue
[2026-05-02T11:35:36.820+0000] {logging_mixin.py:190} INFO - [2026-05-02T11:35:36.820+0000] {dagbag.py:588} INFO - Filling up the DagBag from /home/airflow/.local/lib/python3.12/site-packages/airflow/example_dags/example_python_operator.py
[2026-05-02T11:35:36.825+0000] {processor.py:925} INFO - DAG(s) 'example_python_operator' retrieved from /home/airflow/.local/lib/python3.12/site-packages/airflow/example_dags/example_python_operator.py
[2026-05-02T11:35:36.833+0000] {logging_mixin.py:190} INFO - [2026-05-02T11:35:36.833+0000] {dag.py:3239} INFO - Sync 1 DAGs
[2026-05-02T11:35:36.838+0000] {logging_mixin.py:190} INFO - [2026-05-02T11:35:36.838+0000] {dag.py:4180} INFO - Setting next_dagrun for example_python_operator to None, run_after=None
[2026-05-02T11:35:36.844+0000] {processor.py:208} INFO - Processing /home/airflow/.local/lib/python3.12/site-packages/airflow/example_dags/example_python_operator.py took 0.027 seconds
[2026-05-02T11:36:07.097+0000] {processor.py:186} INFO - Started process (PID=81768) to work on /home/airflow/.local/lib/python3.12/site-packages/airflow/example_dags/example_python_operator.py
[2026-05-02T11:36:07.098+0000] {processor.py:914} INFO - Processing file /home/airflow/.local/lib/python3.12/site-packages/airflow/example_dags/example_python_operator.py for tasks to queue
[2026-05-02T11:36:07.099+0000] {logging_mixin.py:190} INFO - [2026-05-02T11:36:07.099+0000] {dagbag.py:588} INFO - Filling up the DagBag from /home/airflow/.local/lib/python3.12/site-packages/airflow/example_dags/example_python_operator.py
[2026-05-02T11:36:07.103+0000] {processor.py:925} INFO - DAG(s) 'example_python_operator' retrieved from /home/airflow/.local/lib/python3.12/site-packages/airflow/example_dags/example_python_operator.py
[2026-05-02T11:36:07.111+0000] {logging_mixin.py:190} INFO - [2026-05-02T11:36:07.111+0000] {dag.py:3239} INFO - Sync 1 DAGs
[2026-05-02T11:36:07.116+0000] {logging_mixin.py:190} INFO - [2026-05-02T11:36:07.116+0000] {dag.py:4180} INFO - Setting next_dagrun for example_python_operator to None, run_after=None
[2026-05-02T11:36:07.122+0000] {processor.py:208} INFO - Processing /home/airflow/.local/lib/python3.12/site-packages/airflow/example_dags/example_python_operator.py took 0.027 seconds
[2026-05-02T11:36:37.413+0000] {processor.py:186} INFO - Started process (PID=81832) to work on /home/airflow/.local/lib/python3.12/site-packages/airflow/example_dags/example_python_operator.py
[2026-05-02T11:36:37.414+0000] {processor.py:914} INFO - Processing file /home/airflow/.local/lib/python3.12/site-packages/airflow/example_dags/example_python_operator.py for tasks to queue
[2026-05-02T11:36:37.417+0000] {logging_mixin.py:190} INFO - [2026-05-02T11:36:37.417+0000] {dagbag.py:588} INFO - Filling up the DagBag from /home/airflow/.local/lib/python3.12/site-packages/airflow/example_dags/example_python_operator.py
[2026-05-02T11:36:37.423+0000] {processor.py:925} INFO - DAG(s) 'example_python_operator' retrieved from /home/airflow/.local/lib/python3.12/site-packages/airflow/example_dags/example_python_operator.py
[2026-05-02T11:36:37.432+0000] {logging_mixin.py:190} INFO - [2026-05-02T11:36:37.432+0000] {dag.py:3239} INFO - Sync 1 DAGs
[2026-05-02T11:36:37.440+0000] {logging_mixin.py:190} INFO - [2026-05-02T11:36:37.440+0000] {dag.py:4180} INFO - Setting next_dagrun for example_python_operator to None, run_after=None
[2026-05-02T11:36:37.446+0000] {processor.py:208} INFO - Processing /home/airflow/.local/lib/python3.12/site-packages/airflow/example_dags/example_python_operator.py took 0.035 seconds
[2026-05-02T11:37:07.814+0000] {processor.py:186} INFO - Started process (PID=81895) to work on /home/airflow/.local/lib/python3.12/site-packages/airflow/example_dags/example_python_operator.py
[2026-05-02T11:37:07.816+0000] {processor.py:914} INFO - Processing file /home/airflow/.local/lib/python3.12/site-packages/airflow/example_dags/example_python_operator.py for tasks to queue
[2026-05-02T11:37:07.817+0000] {logging_mixin.py:190} INFO - [2026-05-02T11:37:07.817+0000] {dagbag.py:588} INFO - Filling up the DagBag from /home/airflow/.local/lib/python3.12/site-packages/airflow/example_dags/example_python_operator.py
[2026-05-02T11:37:07.824+0000] {processor.py:925} INFO - DAG(s) 'example_python_operator' retrieved from /home/airflow/.local/lib/python3.12/site-packages/airflow/example_dags/example_python_operator.py
[2026-05-02T11:37:07.835+0000] {logging_mixin.py:190} INFO - [2026-05-02T11:37:07.835+0000] {dag.py:3239} INFO - Sync 1 DAGs
[2026-05-02T11:37:07.840+0000] {logging_mixin.py:190} INFO - [2026-05-02T11:37:07.840+0000] {dag.py:4180} INFO - Setting next_dagrun for example_python_operator to None, run_after=None
[2026-05-02T11:37:07.849+0000] {processor.py:208} INFO - Processing /home/airflow/.local/lib/python3.12/site-packages/airflow/example_dags/example_python_operator.py took 0.037 seconds
[2026-05-02T11:37:38.151+0000] {processor.py:186} INFO - Started process (PID=81959) to work on /home/airflow/.local/lib/python3.12/site-packages/airflow/example_dags/example_python_operator.py
[2026-05-02T11:37:38.152+0000] {processor.py:914} INFO - Processing file /home/airflow/.local/lib/python3.12/site-packages/airflow/example_dags/example_python_operator.py for tasks to queue
[2026-05-02T11:37:38.154+0000] {logging_mixin.py:190} INFO - [2026-05-02T11:37:38.154+0000] {dagbag.py:588} INFO - Filling up the DagBag from /home/airflow/.local/lib/python3.12/site-packages/airflow/example_dags/example_python_operator.py
[2026-05-02T11:37:38.160+0000] {processor.py:925} INFO - DAG(s) 'example_python_operator' retrieved from /home/airflow/.local/lib/python3.12/site-packages/airflow/example_dags/example_python_operator.py
[2026-05-02T11:37:38.172+0000] {logging_mixin.py:190} INFO - [2026-05-02T11:37:38.172+0000] {dag.py:3239} INFO - Sync 1 DAGs
[2026-05-02T11:37:38.179+0000] {logging_mixin.py:190} INFO - [2026-05-02T11:37:38.179+0000] {dag.py:4180} INFO - Setting next_dagrun for example_python_operator to None, run_after=None
[2026-05-02T11:37:38.187+0000] {processor.py:208} INFO - Processing /home/airflow/.local/lib/python3.12/site-packages/airflow/example_dags/example_python_operator.py took 0.040 seconds
[2026-05-02T11:38:08.420+0000] {processor.py:186} INFO - Started process (PID=82023) to work on /home/airflow/.local/lib/python3.12/site-packages/airflow/example_dags/example_python_operator.py
[2026-05-02T11:38:08.420+0000] {processor.py:914} INFO - Processing file /home/airflow/.local/lib/python3.12/site-packages/airflow/example_dags/example_python_operator.py for tasks to queue
[2026-05-02T11:38:08.421+0000] {logging_mixin.py:190} INFO - [2026-05-02T11:38:08.421+0000] {dagbag.py:588} INFO - Filling up the DagBag from /home/airflow/.local/lib/python3.12/site-packages/airflow/example_dags/example_python_operator.py
[2026-05-02T11:38:08.426+0000] {processor.py:925} INFO - DAG(s) 'example_python_operator' retrieved from /home/airflow/.local/lib/python3.12/site-packages/airflow/example_dags/example_python_operator.py
[2026-05-02T11:38:08.438+0000] {logging_mixin.py:190} INFO - [2026-05-02T11:38:08.438+0000] {dag.py:3239} INFO - Sync 1 DAGs
[2026-05-02T11:38:08.444+0000] {logging_mixin.py:190} INFO - [2026-05-02T11:38:08.444+0000] {dag.py:4180} INFO - Setting next_dagrun for example_python_operator to None, run_after=None
[2026-05-02T11:38:08.455+0000] {processor.py:208} INFO - Processing /home/airflow/.local/lib/python3.12/site-packages/airflow/example_dags/example_python_operator.py took 0.038 seconds
[2026-05-02T11:38:38.759+0000] {processor.py:186} INFO - Started process (PID=82087) to work on /home/airflow/.local/lib/python3.12/site-packages/airflow/example_dags/example_python_operator.py
[2026-05-02T11:38:38.759+0000] {processor.py:914} INFO - Processing file /home/airflow/.local/lib/python3.12/site-packages/airflow/example_dags/example_python_operator.py for tasks to queue
[2026-05-02T11:38:38.760+0000] {logging_mixin.py:190} INFO - [2026-05-02T11:38:38.760+0000] {dagbag.py:588} INFO - Filling up the DagBag from /home/airflow/.local/lib/python3.12/site-packages/airflow/example_dags/example_python_operator.py
[2026-05-02T11:38:38.764+0000] {processor.py:925} INFO - DAG(s) 'example_python_operator' retrieved from /home/airflow/.local/lib/python3.12/site-packages/airflow/example_dags/example_python_operator.py
[2026-05-02T11:38:38.771+0000] {logging_mixin.py:190} INFO - [2026-05-02T11:38:38.771+0000] {dag.py:3239} INFO - Sync 1 DAGs
[2026-05-02T11:38:38.775+0000] {logging_mixin.py:190} INFO - [2026-05-02T11:38:38.775+0000] {dag.py:4180} INFO - Setting next_dagrun for example_python_operator to None, run_after=None
[2026-05-02T11:38:38.781+0000] {processor.py:208} INFO - Processing /home/airflow/.local/lib/python3.12/site-packages/airflow/example_dags/example_python_operator.py took 0.025 seconds
[2026-05-02T11:39:09.022+0000] {processor.py:186} INFO - Started process (PID=82151) to work on /home/airflow/.local/lib/python3.12/site-packages/airflow/example_dags/example_python_operator.py
[2026-05-02T11:39:09.023+0000] {processor.py:914} INFO - Processing file /home/airflow/.local/lib/python3.12/site-packages/airflow/example_dags/example_python_operator.py for tasks to queue
[2026-05-02T11:39:09.024+0000] {logging_mixin.py:190} INFO - [2026-05-02T11:39:09.024+0000] {dagbag.py:588} INFO - Filling up the DagBag from /home/airflow/.local/lib/python3.12/site-packages/airflow/example_dags/example_python_operator.py
[2026-05-02T11:39:09.032+0000] {processor.py:925} INFO - DAG(s) 'example_python_operator' retrieved from /home/airflow/.local/lib/python3.12/site-packages/airflow/example_dags/example_python_operator.py
[2026-05-02T11:39:09.041+0000] {logging_mixin.py:190} INFO - [2026-05-02T11:39:09.041+0000] {dag.py:3239} INFO - Sync 1 DAGs
[2026-05-02T11:39:09.046+0000] {logging_mixin.py:190} INFO - [2026-05-02T11:39:09.046+0000] {dag.py:4180} INFO - Setting next_dagrun for example_python_operator to None, run_after=None
[2026-05-02T11:39:09.058+0000] {processor.py:208} INFO - Processing /home/airflow/.local/lib/python3.12/site-packages/airflow/example_dags/example_python_operator.py took 0.038 seconds
[2026-05-02T11:39:39.316+0000] {processor.py:186} INFO - Started process (PID=82216) to work on /home/airflow/.local/lib/python3.12/site-packages/airflow/example_dags/example_python_operator.py
[2026-05-02T11:39:39.316+0000] {processor.py:914} INFO - Processing file /home/airflow/.local/lib/python3.12/site-packages/airflow/example_dags/example_python_operator.py for tasks to queue
[2026-05-02T11:39:39.317+0000] {logging_mixin.py:190} INFO - [2026-05-02T11:39:39.317+0000] {dagbag.py:588} INFO - Filling up the DagBag from /home/airflow/.local/lib/python3.12/site-packages/airflow/example_dags/example_python_operator.py
[2026-05-02T11:39:39.323+0000] {processor.py:925} INFO - DAG(s) 'example_python_operator' retrieved from /home/airflow/.local/lib/python3.12/site-packages/airflow/example_dags/example_python_operator.py
[2026-05-02T11:39:39.335+0000] {logging_mixin.py:190} INFO - [2026-05-02T11:39:39.335+0000] {dag.py:3239} INFO - Sync 1 DAGs
[2026-05-02T11:39:39.343+0000] {logging_mixin.py:190} INFO - [2026-05-02T11:39:39.343+0000] {dag.py:4180} INFO - Setting next_dagrun for example_python_operator to None, run_after=None
[2026-05-02T11:39:39.351+0000] {processor.py:208} INFO - Processing /home/airflow/.local/lib/python3.12/site-packages/airflow/example_dags/example_python_operator.py took 0.038 seconds
[2026-05-02T11:40:09.655+0000] {processor.py:186} INFO - Started process (PID=82280) to work on /home/airflow/.local/lib/python3.12/site-packages/airflow/example_dags/example_python_operator.py
[2026-05-02T11:40:09.655+0000] {processor.py:914} INFO - Processing file /home/airflow/.local/lib/python3.12/site-packages/airflow/example_dags/example_python_operator.py for tasks to queue
[2026-05-02T11:40:09.656+0000] {logging_mixin.py:190} INFO - [2026-05-02T11:40:09.656+0000] {dagbag.py:588} INFO - Filling up the DagBag from /home/airflow/.local/lib/python3.12/site-packages/airflow/example_dags/example_python_operator.py
[2026-05-02T11:40:09.662+0000] {processor.py:925} INFO - DAG(s) 'example_python_operator' retrieved from /home/airflow/.local/lib/python3.12/site-packages/airflow/example_dags/example_python_operator.py
[2026-05-02T11:40:09.670+0000] {logging_mixin.py:190} INFO - [2026-05-02T11:40:09.670+0000] {dag.py:3239} INFO - Sync 1 DAGs
[2026-05-02T11:40:09.675+0000] {logging_mixin.py:190} INFO - [2026-05-02T11:40:09.675+0000] {dag.py:4180} INFO - Setting next_dagrun for example_python_operator to None, run_after=None
[2026-05-02T11:40:09.687+0000] {processor.py:208} INFO - Processing /home/airflow/.local/lib/python3.12/site-packages/airflow/example_dags/example_python_operator.py took 0.034 seconds
[2026-05-02T11:40:39.969+0000] {processor.py:186} INFO - Started process (PID=82344) to work on /home/airflow/.local/lib/python3.12/site-packages/airflow/example_dags/example_python_operator.py
[2026-05-02T11:40:39.969+0000] {processor.py:914} INFO - Processing file /home/airflow/.local/lib/python3.12/site-packages/airflow/example_dags/example_python_operator.py for tasks to queue
[2026-05-02T11:40:39.970+0000] {logging_mixin.py:190} INFO - [2026-05-02T11:40:39.970+0000] {dagbag.py:588} INFO - Filling up the DagBag from /home/airflow/.local/lib/python3.12/site-packages/airflow/example_dags/example_python_operator.py
[2026-05-02T11:40:39.974+0000] {processor.py:925} INFO - DAG(s) 'example_python_operator' retrieved from /home/airflow/.local/lib/python3.12/site-packages/airflow/example_dags/example_python_operator.py
[2026-05-02T11:40:39.981+0000] {logging_mixin.py:190} INFO - [2026-05-02T11:40:39.981+0000] {dag.py:3239} INFO - Sync 1 DAGs
[2026-05-02T11:40:39.985+0000] {logging_mixin.py:190} INFO - [2026-05-02T11:40:39.985+0000] {dag.py:4180} INFO - Setting next_dagrun for example_python_operator to None, run_after=None
[2026-05-02T11:40:39.991+0000] {processor.py:208} INFO - Processing /home/airflow/.local/lib/python3.12/site-packages/airflow/example_dags/example_python_operator.py took 0.025 seconds
[2026-05-02T11:41:10.310+0000] {processor.py:186} INFO - Started process (PID=82408) to work on /home/airflow/.local/lib/python3.12/site-packages/airflow/example_dags/example_python_operator.py
[2026-05-02T11:41:10.311+0000] {processor.py:914} INFO - Processing file /home/airflow/.local/lib/python3.12/site-packages/airflow/example_dags/example_python_operator.py for tasks to queue
[2026-05-02T11:41:10.312+0000] {logging_mixin.py:190} INFO - [2026-05-02T11:41:10.311+0000] {dagbag.py:588} INFO - Filling up the DagBag from /home/airflow/.local/lib/python3.12/site-packages/airflow/example_dags/example_python_operator.py
[2026-05-02T11:41:10.316+0000] {processor.py:925} INFO - DAG(s) 'example_python_operator' retrieved from /home/airflow/.local/lib/python3.12/site-packages/airflow/example_dags/example_python_operator.py
[2026-05-02T11:41:10.324+0000] {logging_mixin.py:190} INFO - [2026-05-02T11:41:10.324+0000] {dag.py:3239} INFO - Sync 1 DAGs
[2026-05-02T11:41:10.329+0000] {logging_mixin.py:190} INFO - [2026-05-02T11:41:10.329+0000] {dag.py:4180} INFO - Setting next_dagrun for example_python_operator to None, run_after=None
[2026-05-02T11:41:10.334+0000] {processor.py:208} INFO - Processing /home/airflow/.local/lib/python3.12/site-packages/airflow/example_dags/example_python_operator.py took 0.026 seconds
[2026-05-02T11:41:40.537+0000] {processor.py:186} INFO - Started process (PID=82472) to work on /home/airflow/.local/lib/python3.12/site-packages/airflow/example_dags/example_python_operator.py
[2026-05-02T11:41:40.537+0000] {processor.py:914} INFO - Processing file /home/airflow/.local/lib/python3.12/site-packages/airflow/example_dags/example_python_operator.py for tasks to queue
[2026-05-02T11:41:40.538+0000] {logging_mixin.py:190} INFO - [2026-05-02T11:41:40.538+0000] {dagbag.py:588} INFO - Filling up the DagBag from /home/airflow/.local/lib/python3.12/site-packages/airflow/example_dags/example_python_operator.py
[2026-05-02T11:41:40.542+0000] {processor.py:925} INFO - DAG(s) 'example_python_operator' retrieved from /home/airflow/.local/lib/python3.12/site-packages/airflow/example_dags/example_python_operator.py
[2026-05-02T11:41:40.549+0000] {logging_mixin.py:190} INFO - [2026-05-02T11:41:40.549+0000] {dag.py:3239} INFO - Sync 1 DAGs
[2026-05-02T11:41:40.553+0000] {logging_mixin.py:190} INFO - [2026-05-02T11:41:40.553+0000] {dag.py:4180} INFO - Setting next_dagrun for example_python_operator to None, run_after=None
[2026-05-02T11:41:40.558+0000] {processor.py:208} INFO - Processing /home/airflow/.local/lib/python3.12/site-packages/airflow/example_dags/example_python_operator.py took 0.024 seconds
[2026-05-02T11:42:10.794+0000] {processor.py:186} INFO - Started process (PID=82536) to work on /home/airflow/.local/lib/python3.12/site-packages/airflow/example_dags/example_python_operator.py
[2026-05-02T11:42:10.794+0000] {processor.py:914} INFO - Processing file /home/airflow/.local/lib/python3.12/site-packages/airflow/example_dags/example_python_operator.py for tasks to queue
[2026-05-02T11:42:10.795+0000] {logging_mixin.py:190} INFO - [2026-05-02T11:42:10.795+0000] {dagbag.py:588} INFO - Filling up the DagBag from /home/airflow/.local/lib/python3.12/site-packages/airflow/example_dags/example_python_operator.py
[2026-05-02T11:42:10.801+0000] {processor.py:925} INFO - DAG(s) 'example_python_operator' retrieved from /home/airflow/.local/lib/python3.12/site-packages/airflow/example_dags/example_python_operator.py
[2026-05-02T11:42:10.814+0000] {logging_mixin.py:190} INFO - [2026-05-02T11:42:10.814+0000] {dag.py:3239} INFO - Sync 1 DAGs
[2026-05-02T11:42:10.818+0000] {logging_mixin.py:190} INFO - [2026-05-02T11:42:10.818+0000] {dag.py:4180} INFO - Setting next_dagrun for example_python_operator to None, run_after=None
[2026-05-02T11:42:10.826+0000] {processor.py:208} INFO - Processing /home/airflow/.local/lib/python3.12/site-packages/airflow/example_dags/example_python_operator.py took 0.034 seconds
[2026-05-02T11:42:41.014+0000] {processor.py:186} INFO - Started process (PID=82600) to work on /home/airflow/.local/lib/python3.12/site-packages/airflow/example_dags/example_python_operator.py
[2026-05-02T11:42:41.014+0000] {processor.py:914} INFO - Processing file /home/airflow/.local/lib/python3.12/site-packages/airflow/example_dags/example_python_operator.py for tasks to queue
[2026-05-02T11:42:41.015+0000] {logging_mixin.py:190} INFO - [2026-05-02T11:42:41.015+0000] {dagbag.py:588} INFO - Filling up the DagBag from /home/airflow/.local/lib/python3.12/site-packages/airflow/example_dags/example_python_operator.py
[2026-05-02T11:42:41.020+0000] {processor.py:925} INFO - DAG(s) 'example_python_operator' retrieved from /home/airflow/.local/lib/python3.12/site-packages/airflow/example_dags/example_python_operator.py
[2026-05-02T11:42:41.031+0000] {logging_mixin.py:190} INFO - [2026-05-02T11:42:41.030+0000] {dag.py:3239} INFO - Sync 1 DAGs
[2026-05-02T11:42:41.036+0000] {logging_mixin.py:190} INFO - [2026-05-02T11:42:41.036+0000] {dag.py:4180} INFO - Setting next_dagrun for example_python_operator to None, run_after=None
[2026-05-02T11:42:41.049+0000] {processor.py:208} INFO - Processing /home/airflow/.local/lib/python3.12/site-packages/airflow/example_dags/example_python_operator.py took 0.037 seconds
[2026-05-02T11:43:11.284+0000] {processor.py:186} INFO - Started process (PID=82664) to work on /home/airflow/.local/lib/python3.12/site-packages/airflow/example_dags/example_python_operator.py
[2026-05-02T11:43:11.285+0000] {processor.py:914} INFO - Processing file /home/airflow/.local/lib/python3.12/site-packages/airflow/example_dags/example_python_operator.py for tasks to queue
[2026-05-02T11:43:11.286+0000] {logging_mixin.py:190} INFO - [2026-05-02T11:43:11.286+0000] {dagbag.py:588} INFO - Filling up the DagBag from /home/airflow/.local/lib/python3.12/site-packages/airflow/example_dags/example_python_operator.py
[2026-05-02T11:43:11.292+0000] {processor.py:925} INFO - DAG(s) 'example_python_operator' retrieved from /home/airflow/.local/lib/python3.12/site-packages/airflow/example_dags/example_python_operator.py
[2026-05-02T11:43:11.302+0000] {logging_mixin.py:190} INFO - [2026-05-02T11:43:11.302+0000] {dag.py:3239} INFO - Sync 1 DAGs
[2026-05-02T11:43:11.307+0000] {logging_mixin.py:190} INFO - [2026-05-02T11:43:11.307+0000] {dag.py:4180} INFO - Setting next_dagrun for example_python_operator to None, run_after=None
[2026-05-02T11:43:11.316+0000] {processor.py:208} INFO - Processing /home/airflow/.local/lib/python3.12/site-packages/airflow/example_dags/example_python_operator.py took 0.034 seconds
[2026-05-02T11:43:41.485+0000] {processor.py:186} INFO - Started process (PID=82728) to work on /home/airflow/.local/lib/python3.12/site-packages/airflow/example_dags/example_python_operator.py
[2026-05-02T11:43:41.485+0000] {processor.py:914} INFO - Processing file /home/airflow/.local/lib/python3.12/site-packages/airflow/example_dags/example_python_operator.py for tasks to queue
[2026-05-02T11:43:41.486+0000] {logging_mixin.py:190} INFO - [2026-05-02T11:43:41.486+0000] {dagbag.py:588} INFO - Filling up the DagBag from /home/airflow/.local/lib/python3.12/site-packages/airflow/example_dags/example_python_operator.py
[2026-05-02T11:43:41.490+0000] {processor.py:925} INFO - DAG(s) 'example_python_operator' retrieved from /home/airflow/.local/lib/python3.12/site-packages/airflow/example_dags/example_python_operator.py
[2026-05-02T11:43:41.497+0000] {logging_mixin.py:190} INFO - [2026-05-02T11:43:41.497+0000] {dag.py:3239} INFO - Sync 1 DAGs
[2026-05-02T11:43:41.501+0000] {logging_mixin.py:190} INFO - [2026-05-02T11:43:41.501+0000] {dag.py:4180} INFO - Setting next_dagrun for example_python_operator to None, run_after=None
[2026-05-02T11:43:41.506+0000] {processor.py:208} INFO - Processing /home/airflow/.local/lib/python3.12/site-packages/airflow/example_dags/example_python_operator.py took 0.024 seconds
[2026-05-02T11:44:11.872+0000] {processor.py:186} INFO - Started process (PID=82792) to work on /home/airflow/.local/lib/python3.12/site-packages/airflow/example_dags/example_python_operator.py
[2026-05-02T11:44:11.872+0000] {processor.py:914} INFO - Processing file /home/airflow/.local/lib/python3.12/site-packages/airflow/example_dags/example_python_operator.py for tasks to queue
[2026-05-02T11:44:11.873+0000] {logging_mixin.py:190} INFO - [2026-05-02T11:44:11.873+0000] {dagbag.py:588} INFO - Filling up the DagBag from /home/airflow/.local/lib/python3.12/site-packages/airflow/example_dags/example_python_operator.py
[2026-05-02T11:44:11.878+0000] {processor.py:925} INFO - DAG(s) 'example_python_operator' retrieved from /home/airflow/.local/lib/python3.12/site-packages/airflow/example_dags/example_python_operator.py
[2026-05-02T11:44:11.887+0000] {logging_mixin.py:190} INFO - [2026-05-02T11:44:11.887+0000] {dag.py:3239} INFO - Sync 1 DAGs
[2026-05-02T11:44:11.892+0000] {logging_mixin.py:190} INFO - [2026-05-02T11:44:11.892+0000] {dag.py:4180} INFO - Setting next_dagrun for example_python_operator to None, run_after=None
[2026-05-02T11:44:11.903+0000] {processor.py:208} INFO - Processing /home/airflow/.local/lib/python3.12/site-packages/airflow/example_dags/example_python_operator.py took 0.034 seconds
[2026-05-02T11:44:42.062+0000] {processor.py:186} INFO - Started process (PID=82856) to work on /home/airflow/.local/lib/python3.12/site-packages/airflow/example_dags/example_python_operator.py
[2026-05-02T11:44:42.062+0000] {processor.py:914} INFO - Processing file /home/airflow/.local/lib/python3.12/site-packages/airflow/example_dags/example_python_operator.py for tasks to queue
[2026-05-02T11:44:42.063+0000] {logging_mixin.py:190} INFO - [2026-05-02T11:44:42.063+0000] {dagbag.py:588} INFO - Filling up the DagBag from /home/airflow/.local/lib/python3.12/site-packages/airflow/example_dags/example_python_operator.py
[2026-05-02T11:44:42.068+0000] {processor.py:925} INFO - DAG(s) 'example_python_operator' retrieved from /home/airflow/.local/lib/python3.12/site-packages/airflow/example_dags/example_python_operator.py
[2026-05-02T11:44:42.079+0000] {logging_mixin.py:190} INFO - [2026-05-02T11:44:42.079+0000] {dag.py:3239} INFO - Sync 1 DAGs
[2026-05-02T11:44:42.083+0000] {logging_mixin.py:190} INFO - [2026-05-02T11:44:42.083+0000] {dag.py:4180} INFO - Setting next_dagrun for example_python_operator to None, run_after=None
[2026-05-02T11:44:42.094+0000] {processor.py:208} INFO - Processing /home/airflow/.local/lib/python3.12/site-packages/airflow/example_dags/example_python_operator.py took 0.034 seconds
[2026-05-02T11:45:12.319+0000] {processor.py:186} INFO - Started process (PID=82920) to work on /home/airflow/.local/lib/python3.12/site-packages/airflow/example_dags/example_python_operator.py
[2026-05-02T11:45:12.320+0000] {processor.py:914} INFO - Processing file /home/airflow/.local/lib/python3.12/site-packages/airflow/example_dags/example_python_operator.py for tasks to queue
[2026-05-02T11:45:12.321+0000] {logging_mixin.py:190} INFO - [2026-05-02T11:45:12.320+0000] {dagbag.py:588} INFO - Filling up the DagBag from /home/airflow/.local/lib/python3.12/site-packages/airflow/example_dags/example_python_operator.py
[2026-05-02T11:45:12.326+0000] {processor.py:925} INFO - DAG(s) 'example_python_operator' retrieved from /home/airflow/.local/lib/python3.12/site-packages/airflow/example_dags/example_python_operator.py
[2026-05-02T11:45:12.336+0000] {logging_mixin.py:190} INFO - [2026-05-02T11:45:12.336+0000] {dag.py:3239} INFO - Sync 1 DAGs
[2026-05-02T11:45:12.341+0000] {logging_mixin.py:190} INFO - [2026-05-02T11:45:12.341+0000] {dag.py:4180} INFO - Setting next_dagrun for example_python_operator to None, run_after=None
[2026-05-02T11:45:12.353+0000] {processor.py:208} INFO - Processing /home/airflow/.local/lib/python3.12/site-packages/airflow/example_dags/example_python_operator.py took 0.037 seconds
[2026-05-02T11:45:42.508+0000] {processor.py:186} INFO - Started process (PID=82984) to work on /home/airflow/.local/lib/python3.12/site-packages/airflow/example_dags/example_python_operator.py
[2026-05-02T11:45:42.508+0000] {processor.py:914} INFO - Processing file /home/airflow/.local/lib/python3.12/site-packages/airflow/example_dags/example_python_operator.py for tasks to queue
[2026-05-02T11:45:42.509+0000] {logging_mixin.py:190} INFO - [2026-05-02T11:45:42.509+0000] {dagbag.py:588} INFO - Filling up the DagBag from /home/airflow/.local/lib/python3.12/site-packages/airflow/example_dags/example_python_operator.py
[2026-05-02T11:45:42.514+0000] {processor.py:925} INFO - DAG(s) 'example_python_operator' retrieved from /home/airflow/.local/lib/python3.12/site-packages/airflow/example_dags/example_python_operator.py
[2026-05-02T11:45:42.527+0000] {logging_mixin.py:190} INFO - [2026-05-02T11:45:42.527+0000] {dag.py:3239} INFO - Sync 1 DAGs
[2026-05-02T11:45:42.533+0000] {logging_mixin.py:190} INFO - [2026-05-02T11:45:42.533+0000] {dag.py:4180} INFO - Setting next_dagrun for example_python_operator to None, run_after=None
[2026-05-02T11:45:42.545+0000] {processor.py:208} INFO - Processing /home/airflow/.local/lib/python3.12/site-packages/airflow/example_dags/example_python_operator.py took 0.040 seconds
[2026-05-02T11:46:12.952+0000] {processor.py:186} INFO - Started process (PID=83048) to work on /home/airflow/.local/lib/python3.12/site-packages/airflow/example_dags/example_python_operator.py
[2026-05-02T11:46:12.954+0000] {processor.py:914} INFO - Processing file /home/airflow/.local/lib/python3.12/site-packages/airflow/example_dags/example_python_operator.py for tasks to queue
[2026-05-02T11:46:12.956+0000] {logging_mixin.py:190} INFO - [2026-05-02T11:46:12.956+0000] {dagbag.py:588} INFO - Filling up the DagBag from /home/airflow/.local/lib/python3.12/site-packages/airflow/example_dags/example_python_operator.py
[2026-05-02T11:46:12.962+0000] {processor.py:925} INFO - DAG(s) 'example_python_operator' retrieved from /home/airflow/.local/lib/python3.12/site-packages/airflow/example_dags/example_python_operator.py
[2026-05-02T11:46:12.972+0000] {logging_mixin.py:190} INFO - [2026-05-02T11:46:12.972+0000] {dag.py:3239} INFO - Sync 1 DAGs
[2026-05-02T11:46:12.981+0000] {logging_mixin.py:190} INFO - [2026-05-02T11:46:12.981+0000] {dag.py:4180} INFO - Setting next_dagrun for example_python_operator to None, run_after=None
[2026-05-02T11:46:12.993+0000] {processor.py:208} INFO - Processing /home/airflow/.local/lib/python3.12/site-packages/airflow/example_dags/example_python_operator.py took 0.044 seconds
[2026-05-02T11:46:43.476+0000] {processor.py:186} INFO - Started process (PID=83112) to work on /home/airflow/.local/lib/python3.12/site-packages/airflow/example_dags/example_python_operator.py
[2026-05-02T11:46:43.476+0000] {processor.py:914} INFO - Processing file /home/airflow/.local/lib/python3.12/site-packages/airflow/example_dags/example_python_operator.py for tasks to queue
[2026-05-02T11:46:43.477+0000] {logging_mixin.py:190} INFO - [2026-05-02T11:46:43.477+0000] {dagbag.py:588} INFO - Filling up the DagBag from /home/airflow/.local/lib/python3.12/site-packages/airflow/example_dags/example_python_operator.py
[2026-05-02T11:46:43.482+0000] {processor.py:925} INFO - DAG(s) 'example_python_operator' retrieved from /home/airflow/.local/lib/python3.12/site-packages/airflow/example_dags/example_python_operator.py
[2026-05-02T11:46:43.494+0000] {logging_mixin.py:190} INFO - [2026-05-02T11:46:43.494+0000] {dag.py:3239} INFO - Sync 1 DAGs
[2026-05-02T11:46:43.499+0000] {logging_mixin.py:190} INFO - [2026-05-02T11:46:43.499+0000] {dag.py:4180} INFO - Setting next_dagrun for example_python_operator to None, run_after=None
[2026-05-02T11:46:43.510+0000] {processor.py:208} INFO - Processing /home/airflow/.local/lib/python3.12/site-packages/airflow/example_dags/example_python_operator.py took 0.037 seconds
[2026-05-02T11:47:13.941+0000] {processor.py:186} INFO - Started process (PID=83176) to work on /home/airflow/.local/lib/python3.12/site-packages/airflow/example_dags/example_python_operator.py
[2026-05-02T11:47:13.941+0000] {processor.py:914} INFO - Processing file /home/airflow/.local/lib/python3.12/site-packages/airflow/example_dags/example_python_operator.py for tasks to queue
[2026-05-02T11:47:13.942+0000] {logging_mixin.py:190} INFO - [2026-05-02T11:47:13.942+0000] {dagbag.py:588} INFO - Filling up the DagBag from /home/airflow/.local/lib/python3.12/site-packages/airflow/example_dags/example_python_operator.py
[2026-05-02T11:47:13.947+0000] {processor.py:925} INFO - DAG(s) 'example_python_operator' retrieved from /home/airflow/.local/lib/python3.12/site-packages/airflow/example_dags/example_python_operator.py
[2026-05-02T11:47:13.958+0000] {logging_mixin.py:190} INFO - [2026-05-02T11:47:13.958+0000] {dag.py:3239} INFO - Sync 1 DAGs
[2026-05-02T11:47:13.966+0000] {logging_mixin.py:190} INFO - [2026-05-02T11:47:13.966+0000] {dag.py:4180} INFO - Setting next_dagrun for example_python_operator to None, run_after=None
[2026-05-02T11:47:13.975+0000] {processor.py:208} INFO - Processing /home/airflow/.local/lib/python3.12/site-packages/airflow/example_dags/example_python_operator.py took 0.037 seconds
[2026-05-02T11:47:44.442+0000] {processor.py:186} INFO - Started process (PID=83240) to work on /home/airflow/.local/lib/python3.12/site-packages/airflow/example_dags/example_python_operator.py
[2026-05-02T11:47:44.443+0000] {processor.py:914} INFO - Processing file /home/airflow/.local/lib/python3.12/site-packages/airflow/example_dags/example_python_operator.py for tasks to queue
[2026-05-02T11:47:44.444+0000] {logging_mixin.py:190} INFO - [2026-05-02T11:47:44.443+0000] {dagbag.py:588} INFO - Filling up the DagBag from /home/airflow/.local/lib/python3.12/site-packages/airflow/example_dags/example_python_operator.py
[2026-05-02T11:47:44.449+0000] {processor.py:925} INFO - DAG(s) 'example_python_operator' retrieved from /home/airflow/.local/lib/python3.12/site-packages/airflow/example_dags/example_python_operator.py
[2026-05-02T11:47:44.459+0000] {logging_mixin.py:190} INFO - [2026-05-02T11:47:44.459+0000] {dag.py:3239} INFO - Sync 1 DAGs
[2026-05-02T11:47:44.467+0000] {logging_mixin.py:190} INFO - [2026-05-02T11:47:44.467+0000] {dag.py:4180} INFO - Setting next_dagrun for example_python_operator to None, run_after=None
[2026-05-02T11:47:44.476+0000] {processor.py:208} INFO - Processing /home/airflow/.local/lib/python3.12/site-packages/airflow/example_dags/example_python_operator.py took 0.036 seconds
[2026-05-02T11:48:14.921+0000] {processor.py:186} INFO - Started process (PID=83303) to work on /home/airflow/.local/lib/python3.12/site-packages/airflow/example_dags/example_python_operator.py
[2026-05-02T11:48:14.922+0000] {processor.py:914} INFO - Processing file /home/airflow/.local/lib/python3.12/site-packages/airflow/example_dags/example_python_operator.py for tasks to queue
[2026-05-02T11:48:14.923+0000] {logging_mixin.py:190} INFO - [2026-05-02T11:48:14.923+0000] {dagbag.py:588} INFO - Filling up the DagBag from /home/airflow/.local/lib/python3.12/site-packages/airflow/example_dags/example_python_operator.py
[2026-05-02T11:48:14.930+0000] {processor.py:925} INFO - DAG(s) 'example_python_operator' retrieved from /home/airflow/.local/lib/python3.12/site-packages/airflow/example_dags/example_python_operator.py
[2026-05-02T11:48:14.940+0000] {logging_mixin.py:190} INFO - [2026-05-02T11:48:14.940+0000] {dag.py:3239} INFO - Sync 1 DAGs
[2026-05-02T11:48:14.946+0000] {logging_mixin.py:190} INFO - [2026-05-02T11:48:14.945+0000] {dag.py:4180} INFO - Setting next_dagrun for example_python_operator to None, run_after=None
[2026-05-02T11:48:14.955+0000] {processor.py:208} INFO - Processing /home/airflow/.local/lib/python3.12/site-packages/airflow/example_dags/example_python_operator.py took 0.037 seconds
[2026-05-02T11:48:45.311+0000] {processor.py:186} INFO - Started process (PID=83367) to work on /home/airflow/.local/lib/python3.12/site-packages/airflow/example_dags/example_python_operator.py
[2026-05-02T11:48:45.312+0000] {processor.py:914} INFO - Processing file /home/airflow/.local/lib/python3.12/site-packages/airflow/example_dags/example_python_operator.py for tasks to queue
[2026-05-02T11:48:45.313+0000] {logging_mixin.py:190} INFO - [2026-05-02T11:48:45.312+0000] {dagbag.py:588} INFO - Filling up the DagBag from /home/airflow/.local/lib/python3.12/site-packages/airflow/example_dags/example_python_operator.py
[2026-05-02T11:48:45.321+0000] {processor.py:925} INFO - DAG(s) 'example_python_operator' retrieved from /home/airflow/.local/lib/python3.12/site-packages/airflow/example_dags/example_python_operator.py
[2026-05-02T11:48:45.331+0000] {logging_mixin.py:190} INFO - [2026-05-02T11:48:45.330+0000] {dag.py:3239} INFO - Sync 1 DAGs
[2026-05-02T11:48:45.335+0000] {logging_mixin.py:190} INFO - [2026-05-02T11:48:45.335+0000] {dag.py:4180} INFO - Setting next_dagrun for example_python_operator to None, run_after=None
[2026-05-02T11:48:45.343+0000] {processor.py:208} INFO - Processing /home/airflow/.local/lib/python3.12/site-packages/airflow/example_dags/example_python_operator.py took 0.035 seconds
[2026-05-02T11:49:15.725+0000] {processor.py:186} INFO - Started process (PID=83431) to work on /home/airflow/.local/lib/python3.12/site-packages/airflow/example_dags/example_python_operator.py
[2026-05-02T11:49:15.726+0000] {processor.py:914} INFO - Processing file /home/airflow/.local/lib/python3.12/site-packages/airflow/example_dags/example_python_operator.py for tasks to queue
[2026-05-02T11:49:15.727+0000] {logging_mixin.py:190} INFO - [2026-05-02T11:49:15.727+0000] {dagbag.py:588} INFO - Filling up the DagBag from /home/airflow/.local/lib/python3.12/site-packages/airflow/example_dags/example_python_operator.py
[2026-05-02T11:49:15.732+0000] {processor.py:925} INFO - DAG(s) 'example_python_operator' retrieved from /home/airflow/.local/lib/python3.12/site-packages/airflow/example_dags/example_python_operator.py
[2026-05-02T11:49:15.742+0000] {logging_mixin.py:190} INFO - [2026-05-02T11:49:15.742+0000] {dag.py:3239} INFO - Sync 1 DAGs
[2026-05-02T11:49:15.748+0000] {logging_mixin.py:190} INFO - [2026-05-02T11:49:15.748+0000] {dag.py:4180} INFO - Setting next_dagrun for example_python_operator to None, run_after=None
[2026-05-02T11:49:15.758+0000] {processor.py:208} INFO - Processing /home/airflow/.local/lib/python3.12/site-packages/airflow/example_dags/example_python_operator.py took 0.035 seconds
[2026-05-02T11:49:46.382+0000] {processor.py:186} INFO - Started process (PID=83495) to work on /home/airflow/.local/lib/python3.12/site-packages/airflow/example_dags/example_python_operator.py
[2026-05-02T11:49:46.383+0000] {processor.py:914} INFO - Processing file /home/airflow/.local/lib/python3.12/site-packages/airflow/example_dags/example_python_operator.py for tasks to queue
[2026-05-02T11:49:46.384+0000] {logging_mixin.py:190} INFO - [2026-05-02T11:49:46.384+0000] {dagbag.py:588} INFO - Filling up the DagBag from /home/airflow/.local/lib/python3.12/site-packages/airflow/example_dags/example_python_operator.py
[2026-05-02T11:49:46.392+0000] {processor.py:925} INFO - DAG(s) 'example_python_operator' retrieved from /home/airflow/.local/lib/python3.12/site-packages/airflow/example_dags/example_python_operator.py
[2026-05-02T11:49:46.408+0000] {logging_mixin.py:190} INFO - [2026-05-02T11:49:46.408+0000] {dag.py:3239} INFO - Sync 1 DAGs
[2026-05-02T11:49:46.416+0000] {logging_mixin.py:190} INFO - [2026-05-02T11:49:46.416+0000] {dag.py:4180} INFO - Setting next_dagrun for example_python_operator to None, run_after=None
[2026-05-02T11:49:46.423+0000] {processor.py:208} INFO - Processing /home/airflow/.local/lib/python3.12/site-packages/airflow/example_dags/example_python_operator.py took 0.045 seconds
[2026-05-02T11:50:17.031+0000] {processor.py:186} INFO - Started process (PID=83559) to work on /home/airflow/.local/lib/python3.12/site-packages/airflow/example_dags/example_python_operator.py
[2026-05-02T11:50:17.031+0000] {processor.py:914} INFO - Processing file /home/airflow/.local/lib/python3.12/site-packages/airflow/example_dags/example_python_operator.py for tasks to queue
[2026-05-02T11:50:17.032+0000] {logging_mixin.py:190} INFO - [2026-05-02T11:50:17.032+0000] {dagbag.py:588} INFO - Filling up the DagBag from /home/airflow/.local/lib/python3.12/site-packages/airflow/example_dags/example_python_operator.py
[2026-05-02T11:50:17.039+0000] {processor.py:925} INFO - DAG(s) 'example_python_operator' retrieved from /home/airflow/.local/lib/python3.12/site-packages/airflow/example_dags/example_python_operator.py
[2026-05-02T11:50:17.050+0000] {logging_mixin.py:190} INFO - [2026-05-02T11:50:17.050+0000] {dag.py:3239} INFO - Sync 1 DAGs
[2026-05-02T11:50:17.056+0000] {logging_mixin.py:190} INFO - [2026-05-02T11:50:17.056+0000] {dag.py:4180} INFO - Setting next_dagrun for example_python_operator to None, run_after=None
[2026-05-02T11:50:17.065+0000] {processor.py:208} INFO - Processing /home/airflow/.local/lib/python3.12/site-packages/airflow/example_dags/example_python_operator.py took 0.037 seconds
[2026-05-02T11:50:47.451+0000] {processor.py:186} INFO - Started process (PID=83623) to work on /home/airflow/.local/lib/python3.12/site-packages/airflow/example_dags/example_python_operator.py
[2026-05-02T11:50:47.452+0000] {processor.py:914} INFO - Processing file /home/airflow/.local/lib/python3.12/site-packages/airflow/example_dags/example_python_operator.py for tasks to queue
[2026-05-02T11:50:47.453+0000] {logging_mixin.py:190} INFO - [2026-05-02T11:50:47.452+0000] {dagbag.py:588} INFO - Filling up the DagBag from /home/airflow/.local/lib/python3.12/site-packages/airflow/example_dags/example_python_operator.py
[2026-05-02T11:50:47.458+0000] {processor.py:925} INFO - DAG(s) 'example_python_operator' retrieved from /home/airflow/.local/lib/python3.12/site-packages/airflow/example_dags/example_python_operator.py
[2026-05-02T11:50:47.467+0000] {logging_mixin.py:190} INFO - [2026-05-02T11:50:47.467+0000] {dag.py:3239} INFO - Sync 1 DAGs
[2026-05-02T11:50:47.472+0000] {logging_mixin.py:190} INFO - [2026-05-02T11:50:47.472+0000] {dag.py:4180} INFO - Setting next_dagrun for example_python_operator to None, run_after=None
[2026-05-02T11:50:47.481+0000] {processor.py:208} INFO - Processing /home/airflow/.local/lib/python3.12/site-packages/airflow/example_dags/example_python_operator.py took 0.033 seconds
[2026-05-02T11:51:17.936+0000] {processor.py:186} INFO - Started process (PID=83687) to work on /home/airflow/.local/lib/python3.12/site-packages/airflow/example_dags/example_python_operator.py
[2026-05-02T11:51:17.936+0000] {processor.py:914} INFO - Processing file /home/airflow/.local/lib/python3.12/site-packages/airflow/example_dags/example_python_operator.py for tasks to queue
[2026-05-02T11:51:17.937+0000] {logging_mixin.py:190} INFO - [2026-05-02T11:51:17.937+0000] {dagbag.py:588} INFO - Filling up the DagBag from /home/airflow/.local/lib/python3.12/site-packages/airflow/example_dags/example_python_operator.py
[2026-05-02T11:51:17.943+0000] {processor.py:925} INFO - DAG(s) 'example_python_operator' retrieved from /home/airflow/.local/lib/python3.12/site-packages/airflow/example_dags/example_python_operator.py
[2026-05-02T11:51:17.955+0000] {logging_mixin.py:190} INFO - [2026-05-02T11:51:17.955+0000] {dag.py:3239} INFO - Sync 1 DAGs
[2026-05-02T11:51:17.961+0000] {logging_mixin.py:190} INFO - [2026-05-02T11:51:17.961+0000] {dag.py:4180} INFO - Setting next_dagrun for example_python_operator to None, run_after=None
[2026-05-02T11:51:17.970+0000] {processor.py:208} INFO - Processing /home/airflow/.local/lib/python3.12/site-packages/airflow/example_dags/example_python_operator.py took 0.037 seconds
[2026-05-02T11:51:48.443+0000] {processor.py:186} INFO - Started process (PID=83751) to work on /home/airflow/.local/lib/python3.12/site-packages/airflow/example_dags/example_python_operator.py
[2026-05-02T11:51:48.443+0000] {processor.py:914} INFO - Processing file /home/airflow/.local/lib/python3.12/site-packages/airflow/example_dags/example_python_operator.py for tasks to queue
[2026-05-02T11:51:48.444+0000] {logging_mixin.py:190} INFO - [2026-05-02T11:51:48.444+0000] {dagbag.py:588} INFO - Filling up the DagBag from /home/airflow/.local/lib/python3.12/site-packages/airflow/example_dags/example_python_operator.py
[2026-05-02T11:51:48.450+0000] {processor.py:925} INFO - DAG(s) 'example_python_operator' retrieved from /home/airflow/.local/lib/python3.12/site-packages/airflow/example_dags/example_python_operator.py
[2026-05-02T11:51:48.460+0000] {logging_mixin.py:190} INFO - [2026-05-02T11:51:48.460+0000] {dag.py:3239} INFO - Sync 1 DAGs
[2026-05-02T11:51:48.465+0000] {logging_mixin.py:190} INFO - [2026-05-02T11:51:48.465+0000] {dag.py:4180} INFO - Setting next_dagrun for example_python_operator to None, run_after=None
[2026-05-02T11:51:48.471+0000] {processor.py:208} INFO - Processing /home/airflow/.local/lib/python3.12/site-packages/airflow/example_dags/example_python_operator.py took 0.031 seconds
[2026-05-02T11:52:19.191+0000] {processor.py:186} INFO - Started process (PID=83815) to work on /home/airflow/.local/lib/python3.12/site-packages/airflow/example_dags/example_python_operator.py
[2026-05-02T11:52:19.192+0000] {processor.py:914} INFO - Processing file /home/airflow/.local/lib/python3.12/site-packages/airflow/example_dags/example_python_operator.py for tasks to queue
[2026-05-02T11:52:19.192+0000] {logging_mixin.py:190} INFO - [2026-05-02T11:52:19.192+0000] {dagbag.py:588} INFO - Filling up the DagBag from /home/airflow/.local/lib/python3.12/site-packages/airflow/example_dags/example_python_operator.py
[2026-05-02T11:52:19.200+0000] {processor.py:925} INFO - DAG(s) 'example_python_operator' retrieved from /home/airflow/.local/lib/python3.12/site-packages/airflow/example_dags/example_python_operator.py
[2026-05-02T11:52:19.209+0000] {logging_mixin.py:190} INFO - [2026-05-02T11:52:19.208+0000] {dag.py:3239} INFO - Sync 1 DAGs
[2026-05-02T11:52:19.213+0000] {logging_mixin.py:190} INFO - [2026-05-02T11:52:19.213+0000] {dag.py:4180} INFO - Setting next_dagrun for example_python_operator to None, run_after=None
[2026-05-02T11:52:19.224+0000] {processor.py:208} INFO - Processing /home/airflow/.local/lib/python3.12/site-packages/airflow/example_dags/example_python_operator.py took 0.036 seconds
[2026-05-02T11:52:50.303+0000] {processor.py:186} INFO - Started process (PID=83879) to work on /home/airflow/.local/lib/python3.12/site-packages/airflow/example_dags/example_python_operator.py
[2026-05-02T11:52:50.305+0000] {processor.py:914} INFO - Processing file /home/airflow/.local/lib/python3.12/site-packages/airflow/example_dags/example_python_operator.py for tasks to queue
[2026-05-02T11:52:50.306+0000] {logging_mixin.py:190} INFO - [2026-05-02T11:52:50.306+0000] {dagbag.py:588} INFO - Filling up the DagBag from /home/airflow/.local/lib/python3.12/site-packages/airflow/example_dags/example_python_operator.py
[2026-05-02T11:52:50.312+0000] {processor.py:925} INFO - DAG(s) 'example_python_operator' retrieved from /home/airflow/.local/lib/python3.12/site-packages/airflow/example_dags/example_python_operator.py
[2026-05-02T11:52:50.326+0000] {logging_mixin.py:190} INFO - [2026-05-02T11:52:50.326+0000] {dag.py:3239} INFO - Sync 1 DAGs
[2026-05-02T11:52:50.336+0000] {logging_mixin.py:190} INFO - [2026-05-02T11:52:50.334+0000] {dag.py:4180} INFO - Setting next_dagrun for example_python_operator to None, run_after=None
[2026-05-02T11:52:50.350+0000] {processor.py:208} INFO - Processing /home/airflow/.local/lib/python3.12/site-packages/airflow/example_dags/example_python_operator.py took 0.053 seconds
[2026-05-02T11:53:21.149+0000] {processor.py:186} INFO - Started process (PID=83943) to work on /home/airflow/.local/lib/python3.12/site-packages/airflow/example_dags/example_python_operator.py
[2026-05-02T11:53:21.150+0000] {processor.py:914} INFO - Processing file /home/airflow/.local/lib/python3.12/site-packages/airflow/example_dags/example_python_operator.py for tasks to queue
[2026-05-02T11:53:21.151+0000] {logging_mixin.py:190} INFO - [2026-05-02T11:53:21.151+0000] {dagbag.py:588} INFO - Filling up the DagBag from /home/airflow/.local/lib/python3.12/site-packages/airflow/example_dags/example_python_operator.py
[2026-05-02T11:53:21.156+0000] {processor.py:925} INFO - DAG(s) 'example_python_operator' retrieved from /home/airflow/.local/lib/python3.12/site-packages/airflow/example_dags/example_python_operator.py
[2026-05-02T11:53:21.172+0000] {logging_mixin.py:190} INFO - [2026-05-02T11:53:21.171+0000] {dag.py:3239} INFO - Sync 1 DAGs
[2026-05-02T11:53:21.181+0000] {logging_mixin.py:190} INFO - [2026-05-02T11:53:21.181+0000] {dag.py:4180} INFO - Setting next_dagrun for example_python_operator to None, run_after=None
[2026-05-02T11:53:21.191+0000] {processor.py:208} INFO - Processing /home/airflow/.local/lib/python3.12/site-packages/airflow/example_dags/example_python_operator.py took 0.045 seconds
[2026-05-02T11:53:52.048+0000] {processor.py:186} INFO - Started process (PID=84007) to work on /home/airflow/.local/lib/python3.12/site-packages/airflow/example_dags/example_python_operator.py
[2026-05-02T11:53:52.049+0000] {processor.py:914} INFO - Processing file /home/airflow/.local/lib/python3.12/site-packages/airflow/example_dags/example_python_operator.py for tasks to queue
[2026-05-02T11:53:52.051+0000] {logging_mixin.py:190} INFO - [2026-05-02T11:53:52.050+0000] {dagbag.py:588} INFO - Filling up the DagBag from /home/airflow/.local/lib/python3.12/site-packages/airflow/example_dags/example_python_operator.py
[2026-05-02T11:53:52.056+0000] {processor.py:925} INFO - DAG(s) 'example_python_operator' retrieved from /home/airflow/.local/lib/python3.12/site-packages/airflow/example_dags/example_python_operator.py
[2026-05-02T11:53:52.068+0000] {logging_mixin.py:190} INFO - [2026-05-02T11:53:52.068+0000] {dag.py:3239} INFO - Sync 1 DAGs
[2026-05-02T11:53:52.077+0000] {logging_mixin.py:190} INFO - [2026-05-02T11:53:52.077+0000] {dag.py:4180} INFO - Setting next_dagrun for example_python_operator to None, run_after=None
[2026-05-02T11:53:52.089+0000] {processor.py:208} INFO - Processing /home/airflow/.local/lib/python3.12/site-packages/airflow/example_dags/example_python_operator.py took 0.045 seconds
[2026-05-02T11:54:22.805+0000] {processor.py:186} INFO - Started process (PID=84071) to work on /home/airflow/.local/lib/python3.12/site-packages/airflow/example_dags/example_python_operator.py
[2026-05-02T11:54:22.806+0000] {processor.py:914} INFO - Processing file /home/airflow/.local/lib/python3.12/site-packages/airflow/example_dags/example_python_operator.py for tasks to queue
[2026-05-02T11:54:22.807+0000] {logging_mixin.py:190} INFO - [2026-05-02T11:54:22.806+0000] {dagbag.py:588} INFO - Filling up the DagBag from /home/airflow/.local/lib/python3.12/site-packages/airflow/example_dags/example_python_operator.py
[2026-05-02T11:54:22.812+0000] {processor.py:925} INFO - DAG(s) 'example_python_operator' retrieved from /home/airflow/.local/lib/python3.12/site-packages/airflow/example_dags/example_python_operator.py
[2026-05-02T11:54:22.825+0000] {logging_mixin.py:190} INFO - [2026-05-02T11:54:22.824+0000] {dag.py:3239} INFO - Sync 1 DAGs
[2026-05-02T11:54:22.831+0000] {logging_mixin.py:190} INFO - [2026-05-02T11:54:22.831+0000] {dag.py:4180} INFO - Setting next_dagrun for example_python_operator to None, run_after=None
[2026-05-02T11:54:22.839+0000] {processor.py:208} INFO - Processing /home/airflow/.local/lib/python3.12/site-packages/airflow/example_dags/example_python_operator.py took 0.036 seconds
[2026-05-02T11:54:53.422+0000] {processor.py:186} INFO - Started process (PID=84135) to work on /home/airflow/.local/lib/python3.12/site-packages/airflow/example_dags/example_python_operator.py
[2026-05-02T11:54:53.422+0000] {processor.py:914} INFO - Processing file /home/airflow/.local/lib/python3.12/site-packages/airflow/example_dags/example_python_operator.py for tasks to queue
[2026-05-02T11:54:53.424+0000] {logging_mixin.py:190} INFO - [2026-05-02T11:54:53.423+0000] {dagbag.py:588} INFO - Filling up the DagBag from /home/airflow/.local/lib/python3.12/site-packages/airflow/example_dags/example_python_operator.py
[2026-05-02T11:54:53.429+0000] {processor.py:925} INFO - DAG(s) 'example_python_operator' retrieved from /home/airflow/.local/lib/python3.12/site-packages/airflow/example_dags/example_python_operator.py
[2026-05-02T11:54:53.443+0000] {logging_mixin.py:190} INFO - [2026-05-02T11:54:53.443+0000] {dag.py:3239} INFO - Sync 1 DAGs
[2026-05-02T11:54:53.448+0000] {logging_mixin.py:190} INFO - [2026-05-02T11:54:53.448+0000] {dag.py:4180} INFO - Setting next_dagrun for example_python_operator to None, run_after=None
[2026-05-02T11:54:53.457+0000] {processor.py:208} INFO - Processing /home/airflow/.local/lib/python3.12/site-packages/airflow/example_dags/example_python_operator.py took 0.037 seconds
[2026-05-02T11:55:23.860+0000] {processor.py:186} INFO - Started process (PID=84199) to work on /home/airflow/.local/lib/python3.12/site-packages/airflow/example_dags/example_python_operator.py
[2026-05-02T11:55:23.861+0000] {processor.py:914} INFO - Processing file /home/airflow/.local/lib/python3.12/site-packages/airflow/example_dags/example_python_operator.py for tasks to queue
[2026-05-02T11:55:23.862+0000] {logging_mixin.py:190} INFO - [2026-05-02T11:55:23.862+0000] {dagbag.py:588} INFO - Filling up the DagBag from /home/airflow/.local/lib/python3.12/site-packages/airflow/example_dags/example_python_operator.py
[2026-05-02T11:55:23.867+0000] {processor.py:925} INFO - DAG(s) 'example_python_operator' retrieved from /home/airflow/.local/lib/python3.12/site-packages/airflow/example_dags/example_python_operator.py
[2026-05-02T11:55:23.881+0000] {logging_mixin.py:190} INFO - [2026-05-02T11:55:23.881+0000] {dag.py:3239} INFO - Sync 1 DAGs
[2026-05-02T11:55:23.887+0000] {logging_mixin.py:190} INFO - [2026-05-02T11:55:23.887+0000] {dag.py:4180} INFO - Setting next_dagrun for example_python_operator to None, run_after=None
[2026-05-02T11:55:23.896+0000] {processor.py:208} INFO - Processing /home/airflow/.local/lib/python3.12/site-packages/airflow/example_dags/example_python_operator.py took 0.039 seconds
[2026-05-02T11:55:54.491+0000] {processor.py:186} INFO - Started process (PID=84263) to work on /home/airflow/.local/lib/python3.12/site-packages/airflow/example_dags/example_python_operator.py
[2026-05-02T11:55:54.492+0000] {processor.py:914} INFO - Processing file /home/airflow/.local/lib/python3.12/site-packages/airflow/example_dags/example_python_operator.py for tasks to queue
[2026-05-02T11:55:54.493+0000] {logging_mixin.py:190} INFO - [2026-05-02T11:55:54.493+0000] {dagbag.py:588} INFO - Filling up the DagBag from /home/airflow/.local/lib/python3.12/site-packages/airflow/example_dags/example_python_operator.py
[2026-05-02T11:55:54.500+0000] {processor.py:925} INFO - DAG(s) 'example_python_operator' retrieved from /home/airflow/.local/lib/python3.12/site-packages/airflow/example_dags/example_python_operator.py
[2026-05-02T11:55:54.511+0000] {logging_mixin.py:190} INFO - [2026-05-02T11:55:54.511+0000] {dag.py:3239} INFO - Sync 1 DAGs
[2026-05-02T11:55:54.517+0000] {logging_mixin.py:190} INFO - [2026-05-02T11:55:54.517+0000] {dag.py:4180} INFO - Setting next_dagrun for example_python_operator to None, run_after=None
[2026-05-02T11:55:54.527+0000] {processor.py:208} INFO - Processing /home/airflow/.local/lib/python3.12/site-packages/airflow/example_dags/example_python_operator.py took 0.038 seconds
[2026-05-02T11:56:24.949+0000] {processor.py:186} INFO - Started process (PID=84327) to work on /home/airflow/.local/lib/python3.12/site-packages/airflow/example_dags/example_python_operator.py
[2026-05-02T11:56:24.950+0000] {processor.py:914} INFO - Processing file /home/airflow/.local/lib/python3.12/site-packages/airflow/example_dags/example_python_operator.py for tasks to queue
[2026-05-02T11:56:24.952+0000] {logging_mixin.py:190} INFO - [2026-05-02T11:56:24.951+0000] {dagbag.py:588} INFO - Filling up the DagBag from /home/airflow/.local/lib/python3.12/site-packages/airflow/example_dags/example_python_operator.py
[2026-05-02T11:56:24.958+0000] {processor.py:925} INFO - DAG(s) 'example_python_operator' retrieved from /home/airflow/.local/lib/python3.12/site-packages/airflow/example_dags/example_python_operator.py
[2026-05-02T11:56:24.975+0000] {logging_mixin.py:190} INFO - [2026-05-02T11:56:24.974+0000] {dag.py:3239} INFO - Sync 1 DAGs
[2026-05-02T11:56:24.980+0000] {logging_mixin.py:190} INFO - [2026-05-02T11:56:24.980+0000] {dag.py:4180} INFO - Setting next_dagrun for example_python_operator to None, run_after=None
[2026-05-02T11:56:24.988+0000] {processor.py:208} INFO - Processing /home/airflow/.local/lib/python3.12/site-packages/airflow/example_dags/example_python_operator.py took 0.042 seconds
[2026-05-02T11:56:55.476+0000] {processor.py:186} INFO - Started process (PID=84391) to work on /home/airflow/.local/lib/python3.12/site-packages/airflow/example_dags/example_python_operator.py
[2026-05-02T11:56:55.476+0000] {processor.py:914} INFO - Processing file /home/airflow/.local/lib/python3.12/site-packages/airflow/example_dags/example_python_operator.py for tasks to queue
[2026-05-02T11:56:55.477+0000] {logging_mixin.py:190} INFO - [2026-05-02T11:56:55.477+0000] {dagbag.py:588} INFO - Filling up the DagBag from /home/airflow/.local/lib/python3.12/site-packages/airflow/example_dags/example_python_operator.py
[2026-05-02T11:56:55.482+0000] {processor.py:925} INFO - DAG(s) 'example_python_operator' retrieved from /home/airflow/.local/lib/python3.12/site-packages/airflow/example_dags/example_python_operator.py
[2026-05-02T11:56:55.494+0000] {logging_mixin.py:190} INFO - [2026-05-02T11:56:55.494+0000] {dag.py:3239} INFO - Sync 1 DAGs
[2026-05-02T11:56:55.504+0000] {logging_mixin.py:190} INFO - [2026-05-02T11:56:55.504+0000] {dag.py:4180} INFO - Setting next_dagrun for example_python_operator to None, run_after=None
[2026-05-02T11:56:55.513+0000] {processor.py:208} INFO - Processing /home/airflow/.local/lib/python3.12/site-packages/airflow/example_dags/example_python_operator.py took 0.040 seconds
[2026-05-02T11:57:25.934+0000] {processor.py:186} INFO - Started process (PID=84456) to work on /home/airflow/.local/lib/python3.12/site-packages/airflow/example_dags/example_python_operator.py
[2026-05-02T11:57:25.934+0000] {processor.py:914} INFO - Processing file /home/airflow/.local/lib/python3.12/site-packages/airflow/example_dags/example_python_operator.py for tasks to queue
[2026-05-02T11:57:25.935+0000] {logging_mixin.py:190} INFO - [2026-05-02T11:57:25.935+0000] {dagbag.py:588} INFO - Filling up the DagBag from /home/airflow/.local/lib/python3.12/site-packages/airflow/example_dags/example_python_operator.py
[2026-05-02T11:57:25.940+0000] {processor.py:925} INFO - DAG(s) 'example_python_operator' retrieved from /home/airflow/.local/lib/python3.12/site-packages/airflow/example_dags/example_python_operator.py
[2026-05-02T11:57:25.952+0000] {logging_mixin.py:190} INFO - [2026-05-02T11:57:25.952+0000] {dag.py:3239} INFO - Sync 1 DAGs
[2026-05-02T11:57:25.958+0000] {logging_mixin.py:190} INFO - [2026-05-02T11:57:25.958+0000] {dag.py:4180} INFO - Setting next_dagrun for example_python_operator to None, run_after=None
[2026-05-02T11:57:25.968+0000] {processor.py:208} INFO - Processing /home/airflow/.local/lib/python3.12/site-packages/airflow/example_dags/example_python_operator.py took 0.036 seconds
[2026-05-02T11:57:56.394+0000] {processor.py:186} INFO - Started process (PID=84520) to work on /home/airflow/.local/lib/python3.12/site-packages/airflow/example_dags/example_python_operator.py
[2026-05-02T11:57:56.394+0000] {processor.py:914} INFO - Processing file /home/airflow/.local/lib/python3.12/site-packages/airflow/example_dags/example_python_operator.py for tasks to queue
[2026-05-02T11:57:56.396+0000] {logging_mixin.py:190} INFO - [2026-05-02T11:57:56.395+0000] {dagbag.py:588} INFO - Filling up the DagBag from /home/airflow/.local/lib/python3.12/site-packages/airflow/example_dags/example_python_operator.py
[2026-05-02T11:57:56.402+0000] {processor.py:925} INFO - DAG(s) 'example_python_operator' retrieved from /home/airflow/.local/lib/python3.12/site-packages/airflow/example_dags/example_python_operator.py
[2026-05-02T11:57:56.410+0000] {logging_mixin.py:190} INFO - [2026-05-02T11:57:56.410+0000] {dag.py:3239} INFO - Sync 1 DAGs
[2026-05-02T11:57:56.416+0000] {logging_mixin.py:190} INFO - [2026-05-02T11:57:56.416+0000] {dag.py:4180} INFO - Setting next_dagrun for example_python_operator to None, run_after=None
[2026-05-02T11:57:56.425+0000] {processor.py:208} INFO - Processing /home/airflow/.local/lib/python3.12/site-packages/airflow/example_dags/example_python_operator.py took 0.033 seconds
[2026-05-02T11:58:26.837+0000] {processor.py:186} INFO - Started process (PID=84584) to work on /home/airflow/.local/lib/python3.12/site-packages/airflow/example_dags/example_python_operator.py
[2026-05-02T11:58:26.838+0000] {processor.py:914} INFO - Processing file /home/airflow/.local/lib/python3.12/site-packages/airflow/example_dags/example_python_operator.py for tasks to queue
[2026-05-02T11:58:26.839+0000] {logging_mixin.py:190} INFO - [2026-05-02T11:58:26.838+0000] {dagbag.py:588} INFO - Filling up the DagBag from /home/airflow/.local/lib/python3.12/site-packages/airflow/example_dags/example_python_operator.py
[2026-05-02T11:58:26.845+0000] {processor.py:925} INFO - DAG(s) 'example_python_operator' retrieved from /home/airflow/.local/lib/python3.12/site-packages/airflow/example_dags/example_python_operator.py
[2026-05-02T11:58:26.856+0000] {logging_mixin.py:190} INFO - [2026-05-02T11:58:26.856+0000] {dag.py:3239} INFO - Sync 1 DAGs
[2026-05-02T11:58:26.863+0000] {logging_mixin.py:190} INFO - [2026-05-02T11:58:26.862+0000] {dag.py:4180} INFO - Setting next_dagrun for example_python_operator to None, run_after=None
[2026-05-02T11:58:26.871+0000] {processor.py:208} INFO - Processing /home/airflow/.local/lib/python3.12/site-packages/airflow/example_dags/example_python_operator.py took 0.037 seconds
[2026-05-02T11:58:57.308+0000] {processor.py:186} INFO - Started process (PID=84648) to work on /home/airflow/.local/lib/python3.12/site-packages/airflow/example_dags/example_python_operator.py
[2026-05-02T11:58:57.308+0000] {processor.py:914} INFO - Processing file /home/airflow/.local/lib/python3.12/site-packages/airflow/example_dags/example_python_operator.py for tasks to queue
[2026-05-02T11:58:57.310+0000] {logging_mixin.py:190} INFO - [2026-05-02T11:58:57.309+0000] {dagbag.py:588} INFO - Filling up the DagBag from /home/airflow/.local/lib/python3.12/site-packages/airflow/example_dags/example_python_operator.py
[2026-05-02T11:58:57.316+0000] {processor.py:925} INFO - DAG(s) 'example_python_operator' retrieved from /home/airflow/.local/lib/python3.12/site-packages/airflow/example_dags/example_python_operator.py
[2026-05-02T11:58:57.327+0000] {logging_mixin.py:190} INFO - [2026-05-02T11:58:57.326+0000] {dag.py:3239} INFO - Sync 1 DAGs
[2026-05-02T11:58:57.332+0000] {logging_mixin.py:190} INFO - [2026-05-02T11:58:57.332+0000] {dag.py:4180} INFO - Setting next_dagrun for example_python_operator to None, run_after=None
[2026-05-02T11:58:57.341+0000] {processor.py:208} INFO - Processing /home/airflow/.local/lib/python3.12/site-packages/airflow/example_dags/example_python_operator.py took 0.037 seconds
[2026-05-02T11:59:27.757+0000] {processor.py:186} INFO - Started process (PID=84712) to work on /home/airflow/.local/lib/python3.12/site-packages/airflow/example_dags/example_python_operator.py
[2026-05-02T11:59:27.757+0000] {processor.py:914} INFO - Processing file /home/airflow/.local/lib/python3.12/site-packages/airflow/example_dags/example_python_operator.py for tasks to queue
[2026-05-02T11:59:27.758+0000] {logging_mixin.py:190} INFO - [2026-05-02T11:59:27.758+0000] {dagbag.py:588} INFO - Filling up the DagBag from /home/airflow/.local/lib/python3.12/site-packages/airflow/example_dags/example_python_operator.py
[2026-05-02T11:59:27.764+0000] {processor.py:925} INFO - DAG(s) 'example_python_operator' retrieved from /home/airflow/.local/lib/python3.12/site-packages/airflow/example_dags/example_python_operator.py
[2026-05-02T11:59:27.774+0000] {logging_mixin.py:190} INFO - [2026-05-02T11:59:27.774+0000] {dag.py:3239} INFO - Sync 1 DAGs
[2026-05-02T11:59:27.780+0000] {logging_mixin.py:190} INFO - [2026-05-02T11:59:27.779+0000] {dag.py:4180} INFO - Setting next_dagrun for example_python_operator to None, run_after=None
[2026-05-02T11:59:27.787+0000] {processor.py:208} INFO - Processing /home/airflow/.local/lib/python3.12/site-packages/airflow/example_dags/example_python_operator.py took 0.033 seconds
[2026-05-02T11:59:58.183+0000] {processor.py:186} INFO - Started process (PID=84776) to work on /home/airflow/.local/lib/python3.12/site-packages/airflow/example_dags/example_python_operator.py
[2026-05-02T11:59:58.185+0000] {processor.py:914} INFO - Processing file /home/airflow/.local/lib/python3.12/site-packages/airflow/example_dags/example_python_operator.py for tasks to queue
[2026-05-02T11:59:58.186+0000] {logging_mixin.py:190} INFO - [2026-05-02T11:59:58.186+0000] {dagbag.py:588} INFO - Filling up the DagBag from /home/airflow/.local/lib/python3.12/site-packages/airflow/example_dags/example_python_operator.py
[2026-05-02T11:59:58.191+0000] {processor.py:925} INFO - DAG(s) 'example_python_operator' retrieved from /home/airflow/.local/lib/python3.12/site-packages/airflow/example_dags/example_python_operator.py
[2026-05-02T11:59:58.205+0000] {logging_mixin.py:190} INFO - [2026-05-02T11:59:58.205+0000] {dag.py:3239} INFO - Sync 1 DAGs
[2026-05-02T11:59:58.210+0000] {logging_mixin.py:190} INFO - [2026-05-02T11:59:58.210+0000] {dag.py:4180} INFO - Setting next_dagrun for example_python_operator to None, run_after=None
[2026-05-02T11:59:58.216+0000] {processor.py:208} INFO - Processing /home/airflow/.local/lib/python3.12/site-packages/airflow/example_dags/example_python_operator.py took 0.036 seconds
[2026-05-02T12:00:28.709+0000] {processor.py:186} INFO - Started process (PID=84840) to work on /home/airflow/.local/lib/python3.12/site-packages/airflow/example_dags/example_python_operator.py
[2026-05-02T12:00:28.712+0000] {processor.py:914} INFO - Processing file /home/airflow/.local/lib/python3.12/site-packages/airflow/example_dags/example_python_operator.py for tasks to queue
[2026-05-02T12:00:28.714+0000] {logging_mixin.py:190} INFO - [2026-05-02T12:00:28.713+0000] {dagbag.py:588} INFO - Filling up the DagBag from /home/airflow/.local/lib/python3.12/site-packages/airflow/example_dags/example_python_operator.py
[2026-05-02T12:00:28.722+0000] {processor.py:925} INFO - DAG(s) 'example_python_operator' retrieved from /home/airflow/.local/lib/python3.12/site-packages/airflow/example_dags/example_python_operator.py
[2026-05-02T12:00:28.732+0000] {logging_mixin.py:190} INFO - [2026-05-02T12:00:28.732+0000] {dag.py:3239} INFO - Sync 1 DAGs
[2026-05-02T12:00:28.737+0000] {logging_mixin.py:190} INFO - [2026-05-02T12:00:28.737+0000] {dag.py:4180} INFO - Setting next_dagrun for example_python_operator to None, run_after=None
[2026-05-02T12:00:28.743+0000] {processor.py:208} INFO - Processing /home/airflow/.local/lib/python3.12/site-packages/airflow/example_dags/example_python_operator.py took 0.036 seconds
[2026-05-02T12:00:59.394+0000] {processor.py:186} INFO - Started process (PID=84904) to work on /home/airflow/.local/lib/python3.12/site-packages/airflow/example_dags/example_python_operator.py
[2026-05-02T12:00:59.394+0000] {processor.py:914} INFO - Processing file /home/airflow/.local/lib/python3.12/site-packages/airflow/example_dags/example_python_operator.py for tasks to queue
[2026-05-02T12:00:59.395+0000] {logging_mixin.py:190} INFO - [2026-05-02T12:00:59.395+0000] {dagbag.py:588} INFO - Filling up the DagBag from /home/airflow/.local/lib/python3.12/site-packages/airflow/example_dags/example_python_operator.py
[2026-05-02T12:00:59.400+0000] {processor.py:925} INFO - DAG(s) 'example_python_operator' retrieved from /home/airflow/.local/lib/python3.12/site-packages/airflow/example_dags/example_python_operator.py
[2026-05-02T12:00:59.411+0000] {logging_mixin.py:190} INFO - [2026-05-02T12:00:59.411+0000] {dag.py:3239} INFO - Sync 1 DAGs
[2026-05-02T12:00:59.416+0000] {logging_mixin.py:190} INFO - [2026-05-02T12:00:59.416+0000] {dag.py:4180} INFO - Setting next_dagrun for example_python_operator to None, run_after=None
[2026-05-02T12:00:59.428+0000] {processor.py:208} INFO - Processing /home/airflow/.local/lib/python3.12/site-packages/airflow/example_dags/example_python_operator.py took 0.037 seconds
[2026-05-02T12:01:29.831+0000] {processor.py:186} INFO - Started process (PID=84968) to work on /home/airflow/.local/lib/python3.12/site-packages/airflow/example_dags/example_python_operator.py
[2026-05-02T12:01:29.832+0000] {processor.py:914} INFO - Processing file /home/airflow/.local/lib/python3.12/site-packages/airflow/example_dags/example_python_operator.py for tasks to queue
[2026-05-02T12:01:29.833+0000] {logging_mixin.py:190} INFO - [2026-05-02T12:01:29.833+0000] {dagbag.py:588} INFO - Filling up the DagBag from /home/airflow/.local/lib/python3.12/site-packages/airflow/example_dags/example_python_operator.py
[2026-05-02T12:01:29.840+0000] {processor.py:925} INFO - DAG(s) 'example_python_operator' retrieved from /home/airflow/.local/lib/python3.12/site-packages/airflow/example_dags/example_python_operator.py
[2026-05-02T12:01:29.850+0000] {logging_mixin.py:190} INFO - [2026-05-02T12:01:29.850+0000] {dag.py:3239} INFO - Sync 1 DAGs
[2026-05-02T12:01:29.856+0000] {logging_mixin.py:190} INFO - [2026-05-02T12:01:29.856+0000] {dag.py:4180} INFO - Setting next_dagrun for example_python_operator to None, run_after=None
[2026-05-02T12:01:29.864+0000] {processor.py:208} INFO - Processing /home/airflow/.local/lib/python3.12/site-packages/airflow/example_dags/example_python_operator.py took 0.036 seconds
[2026-05-02T12:02:00.361+0000] {processor.py:186} INFO - Started process (PID=85032) to work on /home/airflow/.local/lib/python3.12/site-packages/airflow/example_dags/example_python_operator.py
[2026-05-02T12:02:00.361+0000] {processor.py:914} INFO - Processing file /home/airflow/.local/lib/python3.12/site-packages/airflow/example_dags/example_python_operator.py for tasks to queue
[2026-05-02T12:02:00.363+0000] {logging_mixin.py:190} INFO - [2026-05-02T12:02:00.363+0000] {dagbag.py:588} INFO - Filling up the DagBag from /home/airflow/.local/lib/python3.12/site-packages/airflow/example_dags/example_python_operator.py
[2026-05-02T12:02:00.369+0000] {processor.py:925} INFO - DAG(s) 'example_python_operator' retrieved from /home/airflow/.local/lib/python3.12/site-packages/airflow/example_dags/example_python_operator.py
[2026-05-02T12:02:00.377+0000] {logging_mixin.py:190} INFO - [2026-05-02T12:02:00.377+0000] {dag.py:3239} INFO - Sync 1 DAGs
[2026-05-02T12:02:00.382+0000] {logging_mixin.py:190} INFO - [2026-05-02T12:02:00.382+0000] {dag.py:4180} INFO - Setting next_dagrun for example_python_operator to None, run_after=None
[2026-05-02T12:02:00.391+0000] {processor.py:208} INFO - Processing /home/airflow/.local/lib/python3.12/site-packages/airflow/example_dags/example_python_operator.py took 0.034 seconds
[2026-05-02T12:02:30.870+0000] {processor.py:186} INFO - Started process (PID=85097) to work on /home/airflow/.local/lib/python3.12/site-packages/airflow/example_dags/example_python_operator.py
[2026-05-02T12:02:30.871+0000] {processor.py:914} INFO - Processing file /home/airflow/.local/lib/python3.12/site-packages/airflow/example_dags/example_python_operator.py for tasks to queue
[2026-05-02T12:02:30.872+0000] {logging_mixin.py:190} INFO - [2026-05-02T12:02:30.872+0000] {dagbag.py:588} INFO - Filling up the DagBag from /home/airflow/.local/lib/python3.12/site-packages/airflow/example_dags/example_python_operator.py
[2026-05-02T12:02:30.878+0000] {processor.py:925} INFO - DAG(s) 'example_python_operator' retrieved from /home/airflow/.local/lib/python3.12/site-packages/airflow/example_dags/example_python_operator.py
[2026-05-02T12:02:30.885+0000] {logging_mixin.py:190} INFO - [2026-05-02T12:02:30.885+0000] {dag.py:3239} INFO - Sync 1 DAGs
[2026-05-02T12:02:30.891+0000] {logging_mixin.py:190} INFO - [2026-05-02T12:02:30.890+0000] {dag.py:4180} INFO - Setting next_dagrun for example_python_operator to None, run_after=None
[2026-05-02T12:02:30.904+0000] {processor.py:208} INFO - Processing /home/airflow/.local/lib/python3.12/site-packages/airflow/example_dags/example_python_operator.py took 0.037 seconds
[2026-05-02T12:03:01.393+0000] {processor.py:186} INFO - Started process (PID=85161) to work on /home/airflow/.local/lib/python3.12/site-packages/airflow/example_dags/example_python_operator.py
[2026-05-02T12:03:01.394+0000] {processor.py:914} INFO - Processing file /home/airflow/.local/lib/python3.12/site-packages/airflow/example_dags/example_python_operator.py for tasks to queue
[2026-05-02T12:03:01.395+0000] {logging_mixin.py:190} INFO - [2026-05-02T12:03:01.395+0000] {dagbag.py:588} INFO - Filling up the DagBag from /home/airflow/.local/lib/python3.12/site-packages/airflow/example_dags/example_python_operator.py
[2026-05-02T12:03:01.402+0000] {processor.py:925} INFO - DAG(s) 'example_python_operator' retrieved from /home/airflow/.local/lib/python3.12/site-packages/airflow/example_dags/example_python_operator.py
[2026-05-02T12:03:01.415+0000] {logging_mixin.py:190} INFO - [2026-05-02T12:03:01.415+0000] {dag.py:3239} INFO - Sync 1 DAGs
[2026-05-02T12:03:01.420+0000] {logging_mixin.py:190} INFO - [2026-05-02T12:03:01.420+0000] {dag.py:4180} INFO - Setting next_dagrun for example_python_operator to None, run_after=None
[2026-05-02T12:03:01.426+0000] {processor.py:208} INFO - Processing /home/airflow/.local/lib/python3.12/site-packages/airflow/example_dags/example_python_operator.py took 0.035 seconds
[2026-05-02T12:03:31.839+0000] {processor.py:186} INFO - Started process (PID=85225) to work on /home/airflow/.local/lib/python3.12/site-packages/airflow/example_dags/example_python_operator.py
[2026-05-02T12:03:31.840+0000] {processor.py:914} INFO - Processing file /home/airflow/.local/lib/python3.12/site-packages/airflow/example_dags/example_python_operator.py for tasks to queue
[2026-05-02T12:03:31.842+0000] {logging_mixin.py:190} INFO - [2026-05-02T12:03:31.842+0000] {dagbag.py:588} INFO - Filling up the DagBag from /home/airflow/.local/lib/python3.12/site-packages/airflow/example_dags/example_python_operator.py
[2026-05-02T12:03:31.847+0000] {processor.py:925} INFO - DAG(s) 'example_python_operator' retrieved from /home/airflow/.local/lib/python3.12/site-packages/airflow/example_dags/example_python_operator.py
[2026-05-02T12:03:31.858+0000] {logging_mixin.py:190} INFO - [2026-05-02T12:03:31.858+0000] {dag.py:3239} INFO - Sync 1 DAGs
[2026-05-02T12:03:31.863+0000] {logging_mixin.py:190} INFO - [2026-05-02T12:03:31.863+0000] {dag.py:4180} INFO - Setting next_dagrun for example_python_operator to None, run_after=None
[2026-05-02T12:03:31.872+0000] {processor.py:208} INFO - Processing /home/airflow/.local/lib/python3.12/site-packages/airflow/example_dags/example_python_operator.py took 0.036 seconds
[2026-05-02T12:04:02.617+0000] {processor.py:186} INFO - Started process (PID=85289) to work on /home/airflow/.local/lib/python3.12/site-packages/airflow/example_dags/example_python_operator.py
[2026-05-02T12:04:02.618+0000] {processor.py:914} INFO - Processing file /home/airflow/.local/lib/python3.12/site-packages/airflow/example_dags/example_python_operator.py for tasks to queue
[2026-05-02T12:04:02.619+0000] {logging_mixin.py:190} INFO - [2026-05-02T12:04:02.619+0000] {dagbag.py:588} INFO - Filling up the DagBag from /home/airflow/.local/lib/python3.12/site-packages/airflow/example_dags/example_python_operator.py
[2026-05-02T12:04:02.624+0000] {processor.py:925} INFO - DAG(s) 'example_python_operator' retrieved from /home/airflow/.local/lib/python3.12/site-packages/airflow/example_dags/example_python_operator.py
[2026-05-02T12:04:02.636+0000] {logging_mixin.py:190} INFO - [2026-05-02T12:04:02.636+0000] {dag.py:3239} INFO - Sync 1 DAGs
[2026-05-02T12:04:02.641+0000] {logging_mixin.py:190} INFO - [2026-05-02T12:04:02.641+0000] {dag.py:4180} INFO - Setting next_dagrun for example_python_operator to None, run_after=None
[2026-05-02T12:04:02.656+0000] {processor.py:208} INFO - Processing /home/airflow/.local/lib/python3.12/site-packages/airflow/example_dags/example_python_operator.py took 0.041 seconds
[2026-05-02T12:04:33.265+0000] {processor.py:186} INFO - Started process (PID=85359) to work on /home/airflow/.local/lib/python3.12/site-packages/airflow/example_dags/example_python_operator.py
[2026-05-02T12:04:33.265+0000] {processor.py:914} INFO - Processing file /home/airflow/.local/lib/python3.12/site-packages/airflow/example_dags/example_python_operator.py for tasks to queue
[2026-05-02T12:04:33.267+0000] {logging_mixin.py:190} INFO - [2026-05-02T12:04:33.267+0000] {dagbag.py:588} INFO - Filling up the DagBag from /home/airflow/.local/lib/python3.12/site-packages/airflow/example_dags/example_python_operator.py
[2026-05-02T12:04:33.276+0000] {processor.py:925} INFO - DAG(s) 'example_python_operator' retrieved from /home/airflow/.local/lib/python3.12/site-packages/airflow/example_dags/example_python_operator.py
[2026-05-02T12:04:33.287+0000] {logging_mixin.py:190} INFO - [2026-05-02T12:04:33.287+0000] {dag.py:3239} INFO - Sync 1 DAGs
[2026-05-02T12:04:33.292+0000] {logging_mixin.py:190} INFO - [2026-05-02T12:04:33.292+0000] {dag.py:4180} INFO - Setting next_dagrun for example_python_operator to None, run_after=None
[2026-05-02T12:04:33.302+0000] {processor.py:208} INFO - Processing /home/airflow/.local/lib/python3.12/site-packages/airflow/example_dags/example_python_operator.py took 0.039 seconds
[2026-05-02T12:05:03.694+0000] {processor.py:186} INFO - Started process (PID=85423) to work on /home/airflow/.local/lib/python3.12/site-packages/airflow/example_dags/example_python_operator.py
[2026-05-02T12:05:03.694+0000] {processor.py:914} INFO - Processing file /home/airflow/.local/lib/python3.12/site-packages/airflow/example_dags/example_python_operator.py for tasks to queue
[2026-05-02T12:05:03.695+0000] {logging_mixin.py:190} INFO - [2026-05-02T12:05:03.695+0000] {dagbag.py:588} INFO - Filling up the DagBag from /home/airflow/.local/lib/python3.12/site-packages/airflow/example_dags/example_python_operator.py
[2026-05-02T12:05:03.700+0000] {processor.py:925} INFO - DAG(s) 'example_python_operator' retrieved from /home/airflow/.local/lib/python3.12/site-packages/airflow/example_dags/example_python_operator.py
[2026-05-02T12:05:03.712+0000] {logging_mixin.py:190} INFO - [2026-05-02T12:05:03.712+0000] {dag.py:3239} INFO - Sync 1 DAGs
[2026-05-02T12:05:03.719+0000] {logging_mixin.py:190} INFO - [2026-05-02T12:05:03.719+0000] {dag.py:4180} INFO - Setting next_dagrun for example_python_operator to None, run_after=None
[2026-05-02T12:05:03.729+0000] {processor.py:208} INFO - Processing /home/airflow/.local/lib/python3.12/site-packages/airflow/example_dags/example_python_operator.py took 0.037 seconds
[2026-05-02T12:05:34.213+0000] {processor.py:186} INFO - Started process (PID=85487) to work on /home/airflow/.local/lib/python3.12/site-packages/airflow/example_dags/example_python_operator.py
[2026-05-02T12:05:34.213+0000] {processor.py:914} INFO - Processing file /home/airflow/.local/lib/python3.12/site-packages/airflow/example_dags/example_python_operator.py for tasks to queue
[2026-05-02T12:05:34.215+0000] {logging_mixin.py:190} INFO - [2026-05-02T12:05:34.215+0000] {dagbag.py:588} INFO - Filling up the DagBag from /home/airflow/.local/lib/python3.12/site-packages/airflow/example_dags/example_python_operator.py
[2026-05-02T12:05:34.220+0000] {processor.py:925} INFO - DAG(s) 'example_python_operator' retrieved from /home/airflow/.local/lib/python3.12/site-packages/airflow/example_dags/example_python_operator.py
[2026-05-02T12:05:34.229+0000] {logging_mixin.py:190} INFO - [2026-05-02T12:05:34.229+0000] {dag.py:3239} INFO - Sync 1 DAGs
[2026-05-02T12:05:34.238+0000] {logging_mixin.py:190} INFO - [2026-05-02T12:05:34.238+0000] {dag.py:4180} INFO - Setting next_dagrun for example_python_operator to None, run_after=None
[2026-05-02T12:05:34.246+0000] {processor.py:208} INFO - Processing /home/airflow/.local/lib/python3.12/site-packages/airflow/example_dags/example_python_operator.py took 0.036 seconds
[2026-05-02T12:06:04.750+0000] {processor.py:186} INFO - Started process (PID=85551) to work on /home/airflow/.local/lib/python3.12/site-packages/airflow/example_dags/example_python_operator.py
[2026-05-02T12:06:04.751+0000] {processor.py:914} INFO - Processing file /home/airflow/.local/lib/python3.12/site-packages/airflow/example_dags/example_python_operator.py for tasks to queue
[2026-05-02T12:06:04.753+0000] {logging_mixin.py:190} INFO - [2026-05-02T12:06:04.753+0000] {dagbag.py:588} INFO - Filling up the DagBag from /home/airflow/.local/lib/python3.12/site-packages/airflow/example_dags/example_python_operator.py
[2026-05-02T12:06:04.758+0000] {processor.py:925} INFO - DAG(s) 'example_python_operator' retrieved from /home/airflow/.local/lib/python3.12/site-packages/airflow/example_dags/example_python_operator.py
[2026-05-02T12:06:04.769+0000] {logging_mixin.py:190} INFO - [2026-05-02T12:06:04.769+0000] {dag.py:3239} INFO - Sync 1 DAGs
[2026-05-02T12:06:04.775+0000] {logging_mixin.py:190} INFO - [2026-05-02T12:06:04.775+0000] {dag.py:4180} INFO - Setting next_dagrun for example_python_operator to None, run_after=None
[2026-05-02T12:06:04.785+0000] {processor.py:208} INFO - Processing /home/airflow/.local/lib/python3.12/site-packages/airflow/example_dags/example_python_operator.py took 0.037 seconds
[2026-05-02T12:06:35.559+0000] {processor.py:186} INFO - Started process (PID=85615) to work on /home/airflow/.local/lib/python3.12/site-packages/airflow/example_dags/example_python_operator.py
[2026-05-02T12:06:35.560+0000] {processor.py:914} INFO - Processing file /home/airflow/.local/lib/python3.12/site-packages/airflow/example_dags/example_python_operator.py for tasks to queue
[2026-05-02T12:06:35.562+0000] {logging_mixin.py:190} INFO - [2026-05-02T12:06:35.562+0000] {dagbag.py:588} INFO - Filling up the DagBag from /home/airflow/.local/lib/python3.12/site-packages/airflow/example_dags/example_python_operator.py
[2026-05-02T12:06:35.568+0000] {processor.py:925} INFO - DAG(s) 'example_python_operator' retrieved from /home/airflow/.local/lib/python3.12/site-packages/airflow/example_dags/example_python_operator.py
[2026-05-02T12:06:35.579+0000] {logging_mixin.py:190} INFO - [2026-05-02T12:06:35.579+0000] {dag.py:3239} INFO - Sync 1 DAGs
[2026-05-02T12:06:35.585+0000] {logging_mixin.py:190} INFO - [2026-05-02T12:06:35.585+0000] {dag.py:4180} INFO - Setting next_dagrun for example_python_operator to None, run_after=None
[2026-05-02T12:06:35.594+0000] {processor.py:208} INFO - Processing /home/airflow/.local/lib/python3.12/site-packages/airflow/example_dags/example_python_operator.py took 0.037 seconds
[2026-05-02T12:07:05.948+0000] {processor.py:186} INFO - Started process (PID=85679) to work on /home/airflow/.local/lib/python3.12/site-packages/airflow/example_dags/example_python_operator.py
[2026-05-02T12:07:05.949+0000] {processor.py:914} INFO - Processing file /home/airflow/.local/lib/python3.12/site-packages/airflow/example_dags/example_python_operator.py for tasks to queue
[2026-05-02T12:07:05.950+0000] {logging_mixin.py:190} INFO - [2026-05-02T12:07:05.950+0000] {dagbag.py:588} INFO - Filling up the DagBag from /home/airflow/.local/lib/python3.12/site-packages/airflow/example_dags/example_python_operator.py
[2026-05-02T12:07:05.955+0000] {processor.py:925} INFO - DAG(s) 'example_python_operator' retrieved from /home/airflow/.local/lib/python3.12/site-packages/airflow/example_dags/example_python_operator.py
[2026-05-02T12:07:05.963+0000] {logging_mixin.py:190} INFO - [2026-05-02T12:07:05.963+0000] {dag.py:3239} INFO - Sync 1 DAGs
[2026-05-02T12:07:05.969+0000] {logging_mixin.py:190} INFO - [2026-05-02T12:07:05.969+0000] {dag.py:4180} INFO - Setting next_dagrun for example_python_operator to None, run_after=None
[2026-05-02T12:07:05.976+0000] {processor.py:208} INFO - Processing /home/airflow/.local/lib/python3.12/site-packages/airflow/example_dags/example_python_operator.py took 0.030 seconds
[2026-05-02T12:07:37.162+0000] {processor.py:186} INFO - Started process (PID=85743) to work on /home/airflow/.local/lib/python3.12/site-packages/airflow/example_dags/example_python_operator.py
[2026-05-02T12:07:37.162+0000] {processor.py:914} INFO - Processing file /home/airflow/.local/lib/python3.12/site-packages/airflow/example_dags/example_python_operator.py for tasks to queue
[2026-05-02T12:07:37.163+0000] {logging_mixin.py:190} INFO - [2026-05-02T12:07:37.163+0000] {dagbag.py:588} INFO - Filling up the DagBag from /home/airflow/.local/lib/python3.12/site-packages/airflow/example_dags/example_python_operator.py
[2026-05-02T12:07:37.169+0000] {processor.py:925} INFO - DAG(s) 'example_python_operator' retrieved from /home/airflow/.local/lib/python3.12/site-packages/airflow/example_dags/example_python_operator.py
[2026-05-02T12:07:37.180+0000] {logging_mixin.py:190} INFO - [2026-05-02T12:07:37.180+0000] {dag.py:3239} INFO - Sync 1 DAGs
[2026-05-02T12:07:37.190+0000] {logging_mixin.py:190} INFO - [2026-05-02T12:07:37.189+0000] {dag.py:4180} INFO - Setting next_dagrun for example_python_operator to None, run_after=None
[2026-05-02T12:07:37.204+0000] {processor.py:208} INFO - Processing /home/airflow/.local/lib/python3.12/site-packages/airflow/example_dags/example_python_operator.py took 0.045 seconds
[2026-05-02T12:08:08.005+0000] {processor.py:186} INFO - Started process (PID=85807) to work on /home/airflow/.local/lib/python3.12/site-packages/airflow/example_dags/example_python_operator.py
[2026-05-02T12:08:08.006+0000] {processor.py:914} INFO - Processing file /home/airflow/.local/lib/python3.12/site-packages/airflow/example_dags/example_python_operator.py for tasks to queue
[2026-05-02T12:08:08.007+0000] {logging_mixin.py:190} INFO - [2026-05-02T12:08:08.007+0000] {dagbag.py:588} INFO - Filling up the DagBag from /home/airflow/.local/lib/python3.12/site-packages/airflow/example_dags/example_python_operator.py
[2026-05-02T12:08:08.014+0000] {processor.py:925} INFO - DAG(s) 'example_python_operator' retrieved from /home/airflow/.local/lib/python3.12/site-packages/airflow/example_dags/example_python_operator.py
[2026-05-02T12:08:08.026+0000] {logging_mixin.py:190} INFO - [2026-05-02T12:08:08.025+0000] {dag.py:3239} INFO - Sync 1 DAGs
[2026-05-02T12:08:08.116+0000] {logging_mixin.py:190} INFO - [2026-05-02T12:08:08.116+0000] {dag.py:4180} INFO - Setting next_dagrun for example_python_operator to None, run_after=None
[2026-05-02T12:08:08.128+0000] {processor.py:208} INFO - Processing /home/airflow/.local/lib/python3.12/site-packages/airflow/example_dags/example_python_operator.py took 0.125 seconds
[2026-05-02T12:08:38.145+0000] {processor.py:186} INFO - Started process (PID=85871) to work on /home/airflow/.local/lib/python3.12/site-packages/airflow/example_dags/example_python_operator.py
[2026-05-02T12:08:38.145+0000] {processor.py:914} INFO - Processing file /home/airflow/.local/lib/python3.12/site-packages/airflow/example_dags/example_python_operator.py for tasks to queue
[2026-05-02T12:08:38.148+0000] {logging_mixin.py:190} INFO - [2026-05-02T12:08:38.148+0000] {dagbag.py:588} INFO - Filling up the DagBag from /home/airflow/.local/lib/python3.12/site-packages/airflow/example_dags/example_python_operator.py
[2026-05-02T12:08:38.153+0000] {processor.py:925} INFO - DAG(s) 'example_python_operator' retrieved from /home/airflow/.local/lib/python3.12/site-packages/airflow/example_dags/example_python_operator.py
[2026-05-02T12:08:38.164+0000] {logging_mixin.py:190} INFO - [2026-05-02T12:08:38.164+0000] {dag.py:3239} INFO - Sync 1 DAGs
[2026-05-02T12:08:38.170+0000] {logging_mixin.py:190} INFO - [2026-05-02T12:08:38.170+0000] {dag.py:4180} INFO - Setting next_dagrun for example_python_operator to None, run_after=None
[2026-05-02T12:08:38.181+0000] {processor.py:208} INFO - Processing /home/airflow/.local/lib/python3.12/site-packages/airflow/example_dags/example_python_operator.py took 0.039 seconds
[2026-05-02T12:09:08.693+0000] {processor.py:186} INFO - Started process (PID=85935) to work on /home/airflow/.local/lib/python3.12/site-packages/airflow/example_dags/example_python_operator.py
[2026-05-02T12:09:08.694+0000] {processor.py:914} INFO - Processing file /home/airflow/.local/lib/python3.12/site-packages/airflow/example_dags/example_python_operator.py for tasks to queue
[2026-05-02T12:09:08.695+0000] {logging_mixin.py:190} INFO - [2026-05-02T12:09:08.695+0000] {dagbag.py:588} INFO - Filling up the DagBag from /home/airflow/.local/lib/python3.12/site-packages/airflow/example_dags/example_python_operator.py
[2026-05-02T12:09:08.700+0000] {processor.py:925} INFO - DAG(s) 'example_python_operator' retrieved from /home/airflow/.local/lib/python3.12/site-packages/airflow/example_dags/example_python_operator.py
[2026-05-02T12:09:08.710+0000] {logging_mixin.py:190} INFO - [2026-05-02T12:09:08.710+0000] {dag.py:3239} INFO - Sync 1 DAGs
[2026-05-02T12:09:08.717+0000] {logging_mixin.py:190} INFO - [2026-05-02T12:09:08.717+0000] {dag.py:4180} INFO - Setting next_dagrun for example_python_operator to None, run_after=None
[2026-05-02T12:09:08.727+0000] {processor.py:208} INFO - Processing /home/airflow/.local/lib/python3.12/site-packages/airflow/example_dags/example_python_operator.py took 0.037 seconds
[2026-05-02T12:09:39.598+0000] {processor.py:186} INFO - Started process (PID=85999) to work on /home/airflow/.local/lib/python3.12/site-packages/airflow/example_dags/example_python_operator.py
[2026-05-02T12:09:39.599+0000] {processor.py:914} INFO - Processing file /home/airflow/.local/lib/python3.12/site-packages/airflow/example_dags/example_python_operator.py for tasks to queue
[2026-05-02T12:09:39.600+0000] {logging_mixin.py:190} INFO - [2026-05-02T12:09:39.600+0000] {dagbag.py:588} INFO - Filling up the DagBag from /home/airflow/.local/lib/python3.12/site-packages/airflow/example_dags/example_python_operator.py
[2026-05-02T12:09:39.607+0000] {processor.py:925} INFO - DAG(s) 'example_python_operator' retrieved from /home/airflow/.local/lib/python3.12/site-packages/airflow/example_dags/example_python_operator.py
[2026-05-02T12:09:39.614+0000] {logging_mixin.py:190} INFO - [2026-05-02T12:09:39.614+0000] {dag.py:3239} INFO - Sync 1 DAGs
[2026-05-02T12:09:39.619+0000] {logging_mixin.py:190} INFO - [2026-05-02T12:09:39.619+0000] {dag.py:4180} INFO - Setting next_dagrun for example_python_operator to None, run_after=None
[2026-05-02T12:09:39.628+0000] {processor.py:208} INFO - Processing /home/airflow/.local/lib/python3.12/site-packages/airflow/example_dags/example_python_operator.py took 0.032 seconds
[2026-05-02T12:10:09.776+0000] {processor.py:186} INFO - Started process (PID=86063) to work on /home/airflow/.local/lib/python3.12/site-packages/airflow/example_dags/example_python_operator.py
[2026-05-02T12:10:09.776+0000] {processor.py:914} INFO - Processing file /home/airflow/.local/lib/python3.12/site-packages/airflow/example_dags/example_python_operator.py for tasks to queue
[2026-05-02T12:10:09.777+0000] {logging_mixin.py:190} INFO - [2026-05-02T12:10:09.777+0000] {dagbag.py:588} INFO - Filling up the DagBag from /home/airflow/.local/lib/python3.12/site-packages/airflow/example_dags/example_python_operator.py
[2026-05-02T12:10:09.783+0000] {processor.py:925} INFO - DAG(s) 'example_python_operator' retrieved from /home/airflow/.local/lib/python3.12/site-packages/airflow/example_dags/example_python_operator.py
[2026-05-02T12:10:09.793+0000] {logging_mixin.py:190} INFO - [2026-05-02T12:10:09.793+0000] {dag.py:3239} INFO - Sync 1 DAGs
[2026-05-02T12:10:09.801+0000] {logging_mixin.py:190} INFO - [2026-05-02T12:10:09.801+0000] {dag.py:4180} INFO - Setting next_dagrun for example_python_operator to None, run_after=None
[2026-05-02T12:10:09.811+0000] {processor.py:208} INFO - Processing /home/airflow/.local/lib/python3.12/site-packages/airflow/example_dags/example_python_operator.py took 0.038 seconds
[2026-05-02T12:10:40.032+0000] {processor.py:186} INFO - Started process (PID=86127) to work on /home/airflow/.local/lib/python3.12/site-packages/airflow/example_dags/example_python_operator.py
[2026-05-02T12:10:40.034+0000] {processor.py:914} INFO - Processing file /home/airflow/.local/lib/python3.12/site-packages/airflow/example_dags/example_python_operator.py for tasks to queue
[2026-05-02T12:10:40.035+0000] {logging_mixin.py:190} INFO - [2026-05-02T12:10:40.035+0000] {dagbag.py:588} INFO - Filling up the DagBag from /home/airflow/.local/lib/python3.12/site-packages/airflow/example_dags/example_python_operator.py
[2026-05-02T12:10:40.044+0000] {processor.py:925} INFO - DAG(s) 'example_python_operator' retrieved from /home/airflow/.local/lib/python3.12/site-packages/airflow/example_dags/example_python_operator.py
[2026-05-02T12:10:40.057+0000] {logging_mixin.py:190} INFO - [2026-05-02T12:10:40.057+0000] {dag.py:3239} INFO - Sync 1 DAGs
[2026-05-02T12:10:40.065+0000] {logging_mixin.py:190} INFO - [2026-05-02T12:10:40.065+0000] {dag.py:4180} INFO - Setting next_dagrun for example_python_operator to None, run_after=None
[2026-05-02T12:10:40.074+0000] {processor.py:208} INFO - Processing /home/airflow/.local/lib/python3.12/site-packages/airflow/example_dags/example_python_operator.py took 0.045 seconds
[2026-05-02T12:11:10.280+0000] {processor.py:186} INFO - Started process (PID=86191) to work on /home/airflow/.local/lib/python3.12/site-packages/airflow/example_dags/example_python_operator.py
[2026-05-02T12:11:10.281+0000] {processor.py:914} INFO - Processing file /home/airflow/.local/lib/python3.12/site-packages/airflow/example_dags/example_python_operator.py for tasks to queue
[2026-05-02T12:11:10.282+0000] {logging_mixin.py:190} INFO - [2026-05-02T12:11:10.282+0000] {dagbag.py:588} INFO - Filling up the DagBag from /home/airflow/.local/lib/python3.12/site-packages/airflow/example_dags/example_python_operator.py
[2026-05-02T12:11:10.287+0000] {processor.py:925} INFO - DAG(s) 'example_python_operator' retrieved from /home/airflow/.local/lib/python3.12/site-packages/airflow/example_dags/example_python_operator.py
[2026-05-02T12:11:10.297+0000] {logging_mixin.py:190} INFO - [2026-05-02T12:11:10.297+0000] {dag.py:3239} INFO - Sync 1 DAGs
[2026-05-02T12:11:10.304+0000] {logging_mixin.py:190} INFO - [2026-05-02T12:11:10.304+0000] {dag.py:4180} INFO - Setting next_dagrun for example_python_operator to None, run_after=None
[2026-05-02T12:11:10.315+0000] {processor.py:208} INFO - Processing /home/airflow/.local/lib/python3.12/site-packages/airflow/example_dags/example_python_operator.py took 0.037 seconds
[2026-05-02T12:11:40.452+0000] {processor.py:186} INFO - Started process (PID=86255) to work on /home/airflow/.local/lib/python3.12/site-packages/airflow/example_dags/example_python_operator.py
[2026-05-02T12:11:40.452+0000] {processor.py:914} INFO - Processing file /home/airflow/.local/lib/python3.12/site-packages/airflow/example_dags/example_python_operator.py for tasks to queue
[2026-05-02T12:11:40.453+0000] {logging_mixin.py:190} INFO - [2026-05-02T12:11:40.453+0000] {dagbag.py:588} INFO - Filling up the DagBag from /home/airflow/.local/lib/python3.12/site-packages/airflow/example_dags/example_python_operator.py
[2026-05-02T12:11:40.459+0000] {processor.py:925} INFO - DAG(s) 'example_python_operator' retrieved from /home/airflow/.local/lib/python3.12/site-packages/airflow/example_dags/example_python_operator.py
[2026-05-02T12:11:40.472+0000] {logging_mixin.py:190} INFO - [2026-05-02T12:11:40.471+0000] {dag.py:3239} INFO - Sync 1 DAGs
[2026-05-02T12:11:40.479+0000] {logging_mixin.py:190} INFO - [2026-05-02T12:11:40.479+0000] {dag.py:4180} INFO - Setting next_dagrun for example_python_operator to None, run_after=None
[2026-05-02T12:11:40.489+0000] {processor.py:208} INFO - Processing /home/airflow/.local/lib/python3.12/site-packages/airflow/example_dags/example_python_operator.py took 0.040 seconds
[2026-05-02T12:12:10.677+0000] {processor.py:186} INFO - Started process (PID=86319) to work on /home/airflow/.local/lib/python3.12/site-packages/airflow/example_dags/example_python_operator.py
[2026-05-02T12:12:10.677+0000] {processor.py:914} INFO - Processing file /home/airflow/.local/lib/python3.12/site-packages/airflow/example_dags/example_python_operator.py for tasks to queue
[2026-05-02T12:12:10.678+0000] {logging_mixin.py:190} INFO - [2026-05-02T12:12:10.678+0000] {dagbag.py:588} INFO - Filling up the DagBag from /home/airflow/.local/lib/python3.12/site-packages/airflow/example_dags/example_python_operator.py
[2026-05-02T12:12:10.682+0000] {processor.py:925} INFO - DAG(s) 'example_python_operator' retrieved from /home/airflow/.local/lib/python3.12/site-packages/airflow/example_dags/example_python_operator.py
[2026-05-02T12:12:10.690+0000] {logging_mixin.py:190} INFO - [2026-05-02T12:12:10.690+0000] {dag.py:3239} INFO - Sync 1 DAGs
[2026-05-02T12:12:10.694+0000] {logging_mixin.py:190} INFO - [2026-05-02T12:12:10.694+0000] {dag.py:4180} INFO - Setting next_dagrun for example_python_operator to None, run_after=None
[2026-05-02T12:12:10.699+0000] {processor.py:208} INFO - Processing /home/airflow/.local/lib/python3.12/site-packages/airflow/example_dags/example_python_operator.py took 0.025 seconds
[2026-05-02T12:12:40.850+0000] {processor.py:186} INFO - Started process (PID=86383) to work on /home/airflow/.local/lib/python3.12/site-packages/airflow/example_dags/example_python_operator.py
[2026-05-02T12:12:40.850+0000] {processor.py:914} INFO - Processing file /home/airflow/.local/lib/python3.12/site-packages/airflow/example_dags/example_python_operator.py for tasks to queue
[2026-05-02T12:12:40.851+0000] {logging_mixin.py:190} INFO - [2026-05-02T12:12:40.851+0000] {dagbag.py:588} INFO - Filling up the DagBag from /home/airflow/.local/lib/python3.12/site-packages/airflow/example_dags/example_python_operator.py
[2026-05-02T12:12:40.857+0000] {processor.py:925} INFO - DAG(s) 'example_python_operator' retrieved from /home/airflow/.local/lib/python3.12/site-packages/airflow/example_dags/example_python_operator.py
[2026-05-02T12:12:40.869+0000] {logging_mixin.py:190} INFO - [2026-05-02T12:12:40.868+0000] {dag.py:3239} INFO - Sync 1 DAGs
[2026-05-02T12:12:40.875+0000] {logging_mixin.py:190} INFO - [2026-05-02T12:12:40.875+0000] {dag.py:4180} INFO - Setting next_dagrun for example_python_operator to None, run_after=None
[2026-05-02T12:12:40.884+0000] {processor.py:208} INFO - Processing /home/airflow/.local/lib/python3.12/site-packages/airflow/example_dags/example_python_operator.py took 0.037 seconds
[2026-05-02T12:13:11.050+0000] {processor.py:186} INFO - Started process (PID=86447) to work on /home/airflow/.local/lib/python3.12/site-packages/airflow/example_dags/example_python_operator.py
[2026-05-02T12:13:11.051+0000] {processor.py:914} INFO - Processing file /home/airflow/.local/lib/python3.12/site-packages/airflow/example_dags/example_python_operator.py for tasks to queue
[2026-05-02T12:13:11.052+0000] {logging_mixin.py:190} INFO - [2026-05-02T12:13:11.052+0000] {dagbag.py:588} INFO - Filling up the DagBag from /home/airflow/.local/lib/python3.12/site-packages/airflow/example_dags/example_python_operator.py
[2026-05-02T12:13:11.057+0000] {processor.py:925} INFO - DAG(s) 'example_python_operator' retrieved from /home/airflow/.local/lib/python3.12/site-packages/airflow/example_dags/example_python_operator.py
[2026-05-02T12:13:11.071+0000] {logging_mixin.py:190} INFO - [2026-05-02T12:13:11.071+0000] {dag.py:3239} INFO - Sync 1 DAGs
[2026-05-02T12:13:11.079+0000] {logging_mixin.py:190} INFO - [2026-05-02T12:13:11.079+0000] {dag.py:4180} INFO - Setting next_dagrun for example_python_operator to None, run_after=None
[2026-05-02T12:13:11.085+0000] {processor.py:208} INFO - Processing /home/airflow/.local/lib/python3.12/site-packages/airflow/example_dags/example_python_operator.py took 0.037 seconds
[2026-05-02T12:13:41.279+0000] {processor.py:186} INFO - Started process (PID=86511) to work on /home/airflow/.local/lib/python3.12/site-packages/airflow/example_dags/example_python_operator.py
[2026-05-02T12:13:41.280+0000] {processor.py:914} INFO - Processing file /home/airflow/.local/lib/python3.12/site-packages/airflow/example_dags/example_python_operator.py for tasks to queue
[2026-05-02T12:13:41.281+0000] {logging_mixin.py:190} INFO - [2026-05-02T12:13:41.281+0000] {dagbag.py:588} INFO - Filling up the DagBag from /home/airflow/.local/lib/python3.12/site-packages/airflow/example_dags/example_python_operator.py
[2026-05-02T12:13:41.286+0000] {processor.py:925} INFO - DAG(s) 'example_python_operator' retrieved from /home/airflow/.local/lib/python3.12/site-packages/airflow/example_dags/example_python_operator.py
[2026-05-02T12:13:41.298+0000] {logging_mixin.py:190} INFO - [2026-05-02T12:13:41.298+0000] {dag.py:3239} INFO - Sync 1 DAGs
[2026-05-02T12:13:41.304+0000] {logging_mixin.py:190} INFO - [2026-05-02T12:13:41.304+0000] {dag.py:4180} INFO - Setting next_dagrun for example_python_operator to None, run_after=None
[2026-05-02T12:13:41.315+0000] {processor.py:208} INFO - Processing /home/airflow/.local/lib/python3.12/site-packages/airflow/example_dags/example_python_operator.py took 0.038 seconds
[2026-05-02T12:14:11.579+0000] {processor.py:186} INFO - Started process (PID=86574) to work on /home/airflow/.local/lib/python3.12/site-packages/airflow/example_dags/example_python_operator.py
[2026-05-02T12:14:11.580+0000] {processor.py:914} INFO - Processing file /home/airflow/.local/lib/python3.12/site-packages/airflow/example_dags/example_python_operator.py for tasks to queue
[2026-05-02T12:14:11.581+0000] {logging_mixin.py:190} INFO - [2026-05-02T12:14:11.580+0000] {dagbag.py:588} INFO - Filling up the DagBag from /home/airflow/.local/lib/python3.12/site-packages/airflow/example_dags/example_python_operator.py
[2026-05-02T12:14:11.585+0000] {processor.py:925} INFO - DAG(s) 'example_python_operator' retrieved from /home/airflow/.local/lib/python3.12/site-packages/airflow/example_dags/example_python_operator.py
[2026-05-02T12:14:11.595+0000] {logging_mixin.py:190} INFO - [2026-05-02T12:14:11.595+0000] {dag.py:3239} INFO - Sync 1 DAGs
[2026-05-02T12:14:11.600+0000] {logging_mixin.py:190} INFO - [2026-05-02T12:14:11.600+0000] {dag.py:4180} INFO - Setting next_dagrun for example_python_operator to None, run_after=None
[2026-05-02T12:14:11.606+0000] {processor.py:208} INFO - Processing /home/airflow/.local/lib/python3.12/site-packages/airflow/example_dags/example_python_operator.py took 0.029 seconds
[2026-05-02T12:14:41.763+0000] {processor.py:186} INFO - Started process (PID=86638) to work on /home/airflow/.local/lib/python3.12/site-packages/airflow/example_dags/example_python_operator.py
[2026-05-02T12:14:41.763+0000] {processor.py:914} INFO - Processing file /home/airflow/.local/lib/python3.12/site-packages/airflow/example_dags/example_python_operator.py for tasks to queue
[2026-05-02T12:14:41.764+0000] {logging_mixin.py:190} INFO - [2026-05-02T12:14:41.764+0000] {dagbag.py:588} INFO - Filling up the DagBag from /home/airflow/.local/lib/python3.12/site-packages/airflow/example_dags/example_python_operator.py
[2026-05-02T12:14:41.770+0000] {processor.py:925} INFO - DAG(s) 'example_python_operator' retrieved from /home/airflow/.local/lib/python3.12/site-packages/airflow/example_dags/example_python_operator.py
[2026-05-02T12:14:41.781+0000] {logging_mixin.py:190} INFO - [2026-05-02T12:14:41.780+0000] {dag.py:3239} INFO - Sync 1 DAGs
[2026-05-02T12:14:41.787+0000] {logging_mixin.py:190} INFO - [2026-05-02T12:14:41.787+0000] {dag.py:4180} INFO - Setting next_dagrun for example_python_operator to None, run_after=None
[2026-05-02T12:14:41.796+0000] {processor.py:208} INFO - Processing /home/airflow/.local/lib/python3.12/site-packages/airflow/example_dags/example_python_operator.py took 0.035 seconds
[2026-05-02T12:15:11.909+0000] {processor.py:186} INFO - Started process (PID=86702) to work on /home/airflow/.local/lib/python3.12/site-packages/airflow/example_dags/example_python_operator.py
[2026-05-02T12:15:11.909+0000] {processor.py:914} INFO - Processing file /home/airflow/.local/lib/python3.12/site-packages/airflow/example_dags/example_python_operator.py for tasks to queue
[2026-05-02T12:15:11.910+0000] {logging_mixin.py:190} INFO - [2026-05-02T12:15:11.910+0000] {dagbag.py:588} INFO - Filling up the DagBag from /home/airflow/.local/lib/python3.12/site-packages/airflow/example_dags/example_python_operator.py
[2026-05-02T12:15:11.915+0000] {processor.py:925} INFO - DAG(s) 'example_python_operator' retrieved from /home/airflow/.local/lib/python3.12/site-packages/airflow/example_dags/example_python_operator.py
[2026-05-02T12:15:11.926+0000] {logging_mixin.py:190} INFO - [2026-05-02T12:15:11.925+0000] {dag.py:3239} INFO - Sync 1 DAGs
[2026-05-02T12:15:11.931+0000] {logging_mixin.py:190} INFO - [2026-05-02T12:15:11.931+0000] {dag.py:4180} INFO - Setting next_dagrun for example_python_operator to None, run_after=None
[2026-05-02T12:15:11.943+0000] {processor.py:208} INFO - Processing /home/airflow/.local/lib/python3.12/site-packages/airflow/example_dags/example_python_operator.py took 0.037 seconds
[2026-05-02T12:15:42.157+0000] {processor.py:186} INFO - Started process (PID=86766) to work on /home/airflow/.local/lib/python3.12/site-packages/airflow/example_dags/example_python_operator.py
[2026-05-02T12:15:42.157+0000] {processor.py:914} INFO - Processing file /home/airflow/.local/lib/python3.12/site-packages/airflow/example_dags/example_python_operator.py for tasks to queue
[2026-05-02T12:15:42.158+0000] {logging_mixin.py:190} INFO - [2026-05-02T12:15:42.158+0000] {dagbag.py:588} INFO - Filling up the DagBag from /home/airflow/.local/lib/python3.12/site-packages/airflow/example_dags/example_python_operator.py
[2026-05-02T12:15:42.163+0000] {processor.py:925} INFO - DAG(s) 'example_python_operator' retrieved from /home/airflow/.local/lib/python3.12/site-packages/airflow/example_dags/example_python_operator.py
[2026-05-02T12:15:42.170+0000] {logging_mixin.py:190} INFO - [2026-05-02T12:15:42.170+0000] {dag.py:3239} INFO - Sync 1 DAGs
[2026-05-02T12:15:42.174+0000] {logging_mixin.py:190} INFO - [2026-05-02T12:15:42.174+0000] {dag.py:4180} INFO - Setting next_dagrun for example_python_operator to None, run_after=None
[2026-05-02T12:15:42.180+0000] {processor.py:208} INFO - Processing /home/airflow/.local/lib/python3.12/site-packages/airflow/example_dags/example_python_operator.py took 0.025 seconds
[2026-05-02T12:16:12.448+0000] {processor.py:186} INFO - Started process (PID=86830) to work on /home/airflow/.local/lib/python3.12/site-packages/airflow/example_dags/example_python_operator.py
[2026-05-02T12:16:12.450+0000] {processor.py:914} INFO - Processing file /home/airflow/.local/lib/python3.12/site-packages/airflow/example_dags/example_python_operator.py for tasks to queue
[2026-05-02T12:16:12.451+0000] {logging_mixin.py:190} INFO - [2026-05-02T12:16:12.451+0000] {dagbag.py:588} INFO - Filling up the DagBag from /home/airflow/.local/lib/python3.12/site-packages/airflow/example_dags/example_python_operator.py
[2026-05-02T12:16:12.456+0000] {processor.py:925} INFO - DAG(s) 'example_python_operator' retrieved from /home/airflow/.local/lib/python3.12/site-packages/airflow/example_dags/example_python_operator.py
[2026-05-02T12:16:12.467+0000] {logging_mixin.py:190} INFO - [2026-05-02T12:16:12.466+0000] {dag.py:3239} INFO - Sync 1 DAGs
[2026-05-02T12:16:12.472+0000] {logging_mixin.py:190} INFO - [2026-05-02T12:16:12.472+0000] {dag.py:4180} INFO - Setting next_dagrun for example_python_operator to None, run_after=None
[2026-05-02T12:16:12.480+0000] {processor.py:208} INFO - Processing /home/airflow/.local/lib/python3.12/site-packages/airflow/example_dags/example_python_operator.py took 0.035 seconds
[2026-05-02T12:16:42.648+0000] {processor.py:186} INFO - Started process (PID=86894) to work on /home/airflow/.local/lib/python3.12/site-packages/airflow/example_dags/example_python_operator.py
[2026-05-02T12:16:42.648+0000] {processor.py:914} INFO - Processing file /home/airflow/.local/lib/python3.12/site-packages/airflow/example_dags/example_python_operator.py for tasks to queue
[2026-05-02T12:16:42.649+0000] {logging_mixin.py:190} INFO - [2026-05-02T12:16:42.649+0000] {dagbag.py:588} INFO - Filling up the DagBag from /home/airflow/.local/lib/python3.12/site-packages/airflow/example_dags/example_python_operator.py
[2026-05-02T12:16:42.654+0000] {processor.py:925} INFO - DAG(s) 'example_python_operator' retrieved from /home/airflow/.local/lib/python3.12/site-packages/airflow/example_dags/example_python_operator.py
[2026-05-02T12:16:42.666+0000] {logging_mixin.py:190} INFO - [2026-05-02T12:16:42.666+0000] {dag.py:3239} INFO - Sync 1 DAGs
[2026-05-02T12:16:42.674+0000] {logging_mixin.py:190} INFO - [2026-05-02T12:16:42.674+0000] {dag.py:4180} INFO - Setting next_dagrun for example_python_operator to None, run_after=None
[2026-05-02T12:16:42.684+0000] {processor.py:208} INFO - Processing /home/airflow/.local/lib/python3.12/site-packages/airflow/example_dags/example_python_operator.py took 0.038 seconds
[2026-05-02T12:17:12.761+0000] {processor.py:186} INFO - Started process (PID=86958) to work on /home/airflow/.local/lib/python3.12/site-packages/airflow/example_dags/example_python_operator.py
[2026-05-02T12:17:12.763+0000] {processor.py:914} INFO - Processing file /home/airflow/.local/lib/python3.12/site-packages/airflow/example_dags/example_python_operator.py for tasks to queue
[2026-05-02T12:17:12.764+0000] {logging_mixin.py:190} INFO - [2026-05-02T12:17:12.764+0000] {dagbag.py:588} INFO - Filling up the DagBag from /home/airflow/.local/lib/python3.12/site-packages/airflow/example_dags/example_python_operator.py
[2026-05-02T12:17:12.769+0000] {processor.py:925} INFO - DAG(s) 'example_python_operator' retrieved from /home/airflow/.local/lib/python3.12/site-packages/airflow/example_dags/example_python_operator.py
[2026-05-02T12:17:12.782+0000] {logging_mixin.py:190} INFO - [2026-05-02T12:17:12.782+0000] {dag.py:3239} INFO - Sync 1 DAGs
[2026-05-02T12:17:12.790+0000] {logging_mixin.py:190} INFO - [2026-05-02T12:17:12.790+0000] {dag.py:4180} INFO - Setting next_dagrun for example_python_operator to None, run_after=None
[2026-05-02T12:17:12.799+0000] {processor.py:208} INFO - Processing /home/airflow/.local/lib/python3.12/site-packages/airflow/example_dags/example_python_operator.py took 0.039 seconds
[2026-05-02T12:17:42.977+0000] {processor.py:186} INFO - Started process (PID=87022) to work on /home/airflow/.local/lib/python3.12/site-packages/airflow/example_dags/example_python_operator.py
[2026-05-02T12:17:42.977+0000] {processor.py:914} INFO - Processing file /home/airflow/.local/lib/python3.12/site-packages/airflow/example_dags/example_python_operator.py for tasks to queue
[2026-05-02T12:17:42.979+0000] {logging_mixin.py:190} INFO - [2026-05-02T12:17:42.979+0000] {dagbag.py:588} INFO - Filling up the DagBag from /home/airflow/.local/lib/python3.12/site-packages/airflow/example_dags/example_python_operator.py
[2026-05-02T12:17:42.984+0000] {processor.py:925} INFO - DAG(s) 'example_python_operator' retrieved from /home/airflow/.local/lib/python3.12/site-packages/airflow/example_dags/example_python_operator.py
[2026-05-02T12:17:42.995+0000] {logging_mixin.py:190} INFO - [2026-05-02T12:17:42.995+0000] {dag.py:3239} INFO - Sync 1 DAGs
[2026-05-02T12:17:43.000+0000] {logging_mixin.py:190} INFO - [2026-05-02T12:17:43.000+0000] {dag.py:4180} INFO - Setting next_dagrun for example_python_operator to None, run_after=None
[2026-05-02T12:17:43.011+0000] {processor.py:208} INFO - Processing /home/airflow/.local/lib/python3.12/site-packages/airflow/example_dags/example_python_operator.py took 0.036 seconds
[2026-05-02T12:18:13.236+0000] {processor.py:186} INFO - Started process (PID=87086) to work on /home/airflow/.local/lib/python3.12/site-packages/airflow/example_dags/example_python_operator.py
[2026-05-02T12:18:13.236+0000] {processor.py:914} INFO - Processing file /home/airflow/.local/lib/python3.12/site-packages/airflow/example_dags/example_python_operator.py for tasks to queue
[2026-05-02T12:18:13.237+0000] {logging_mixin.py:190} INFO - [2026-05-02T12:18:13.237+0000] {dagbag.py:588} INFO - Filling up the DagBag from /home/airflow/.local/lib/python3.12/site-packages/airflow/example_dags/example_python_operator.py
[2026-05-02T12:18:13.243+0000] {processor.py:925} INFO - DAG(s) 'example_python_operator' retrieved from /home/airflow/.local/lib/python3.12/site-packages/airflow/example_dags/example_python_operator.py
[2026-05-02T12:18:13.254+0000] {logging_mixin.py:190} INFO - [2026-05-02T12:18:13.253+0000] {dag.py:3239} INFO - Sync 1 DAGs
[2026-05-02T12:18:13.259+0000] {logging_mixin.py:190} INFO - [2026-05-02T12:18:13.259+0000] {dag.py:4180} INFO - Setting next_dagrun for example_python_operator to None, run_after=None
[2026-05-02T12:18:13.271+0000] {processor.py:208} INFO - Processing /home/airflow/.local/lib/python3.12/site-packages/airflow/example_dags/example_python_operator.py took 0.038 seconds
[2026-05-02T12:18:43.315+0000] {processor.py:186} INFO - Started process (PID=87150) to work on /home/airflow/.local/lib/python3.12/site-packages/airflow/example_dags/example_python_operator.py
[2026-05-02T12:18:43.316+0000] {processor.py:914} INFO - Processing file /home/airflow/.local/lib/python3.12/site-packages/airflow/example_dags/example_python_operator.py for tasks to queue
[2026-05-02T12:18:43.317+0000] {logging_mixin.py:190} INFO - [2026-05-02T12:18:43.317+0000] {dagbag.py:588} INFO - Filling up the DagBag from /home/airflow/.local/lib/python3.12/site-packages/airflow/example_dags/example_python_operator.py
[2026-05-02T12:18:43.323+0000] {processor.py:925} INFO - DAG(s) 'example_python_operator' retrieved from /home/airflow/.local/lib/python3.12/site-packages/airflow/example_dags/example_python_operator.py
[2026-05-02T12:18:43.336+0000] {logging_mixin.py:190} INFO - [2026-05-02T12:18:43.336+0000] {dag.py:3239} INFO - Sync 1 DAGs
[2026-05-02T12:18:43.345+0000] {logging_mixin.py:190} INFO - [2026-05-02T12:18:43.345+0000] {dag.py:4180} INFO - Setting next_dagrun for example_python_operator to None, run_after=None
[2026-05-02T12:18:43.355+0000] {processor.py:208} INFO - Processing /home/airflow/.local/lib/python3.12/site-packages/airflow/example_dags/example_python_operator.py took 0.043 seconds
[2026-05-02T12:19:13.603+0000] {processor.py:186} INFO - Started process (PID=87214) to work on /home/airflow/.local/lib/python3.12/site-packages/airflow/example_dags/example_python_operator.py
[2026-05-02T12:19:13.603+0000] {processor.py:914} INFO - Processing file /home/airflow/.local/lib/python3.12/site-packages/airflow/example_dags/example_python_operator.py for tasks to queue
[2026-05-02T12:19:13.604+0000] {logging_mixin.py:190} INFO - [2026-05-02T12:19:13.604+0000] {dagbag.py:588} INFO - Filling up the DagBag from /home/airflow/.local/lib/python3.12/site-packages/airflow/example_dags/example_python_operator.py
[2026-05-02T12:19:13.610+0000] {processor.py:925} INFO - DAG(s) 'example_python_operator' retrieved from /home/airflow/.local/lib/python3.12/site-packages/airflow/example_dags/example_python_operator.py
[2026-05-02T12:19:13.623+0000] {logging_mixin.py:190} INFO - [2026-05-02T12:19:13.623+0000] {dag.py:3239} INFO - Sync 1 DAGs
[2026-05-02T12:19:13.629+0000] {logging_mixin.py:190} INFO - [2026-05-02T12:19:13.629+0000] {dag.py:4180} INFO - Setting next_dagrun for example_python_operator to None, run_after=None
[2026-05-02T12:19:13.638+0000] {processor.py:208} INFO - Processing /home/airflow/.local/lib/python3.12/site-packages/airflow/example_dags/example_python_operator.py took 0.037 seconds
[2026-05-02T12:19:44.068+0000] {processor.py:186} INFO - Started process (PID=87278) to work on /home/airflow/.local/lib/python3.12/site-packages/airflow/example_dags/example_python_operator.py
[2026-05-02T12:19:44.068+0000] {processor.py:914} INFO - Processing file /home/airflow/.local/lib/python3.12/site-packages/airflow/example_dags/example_python_operator.py for tasks to queue
[2026-05-02T12:19:44.069+0000] {logging_mixin.py:190} INFO - [2026-05-02T12:19:44.069+0000] {dagbag.py:588} INFO - Filling up the DagBag from /home/airflow/.local/lib/python3.12/site-packages/airflow/example_dags/example_python_operator.py
[2026-05-02T12:19:44.074+0000] {processor.py:925} INFO - DAG(s) 'example_python_operator' retrieved from /home/airflow/.local/lib/python3.12/site-packages/airflow/example_dags/example_python_operator.py
[2026-05-02T12:19:44.081+0000] {logging_mixin.py:190} INFO - [2026-05-02T12:19:44.081+0000] {dag.py:3239} INFO - Sync 1 DAGs
[2026-05-02T12:19:44.086+0000] {logging_mixin.py:190} INFO - [2026-05-02T12:19:44.086+0000] {dag.py:4180} INFO - Setting next_dagrun for example_python_operator to None, run_after=None
[2026-05-02T12:19:44.092+0000] {processor.py:208} INFO - Processing /home/airflow/.local/lib/python3.12/site-packages/airflow/example_dags/example_python_operator.py took 0.027 seconds
[2026-05-02T12:20:14.442+0000] {processor.py:186} INFO - Started process (PID=87331) to work on /home/airflow/.local/lib/python3.12/site-packages/airflow/example_dags/example_python_operator.py
[2026-05-02T12:20:14.443+0000] {processor.py:914} INFO - Processing file /home/airflow/.local/lib/python3.12/site-packages/airflow/example_dags/example_python_operator.py for tasks to queue
[2026-05-02T12:20:14.444+0000] {logging_mixin.py:190} INFO - [2026-05-02T12:20:14.444+0000] {dagbag.py:588} INFO - Filling up the DagBag from /home/airflow/.local/lib/python3.12/site-packages/airflow/example_dags/example_python_operator.py
[2026-05-02T12:20:14.451+0000] {processor.py:925} INFO - DAG(s) 'example_python_operator' retrieved from /home/airflow/.local/lib/python3.12/site-packages/airflow/example_dags/example_python_operator.py
[2026-05-02T12:20:14.463+0000] {logging_mixin.py:190} INFO - [2026-05-02T12:20:14.463+0000] {dag.py:3239} INFO - Sync 1 DAGs
[2026-05-02T12:20:14.469+0000] {logging_mixin.py:190} INFO - [2026-05-02T12:20:14.469+0000] {dag.py:4180} INFO - Setting next_dagrun for example_python_operator to None, run_after=None
[2026-05-02T12:20:14.478+0000] {processor.py:208} INFO - Processing /home/airflow/.local/lib/python3.12/site-packages/airflow/example_dags/example_python_operator.py took 0.038 seconds
[2026-05-02T12:20:44.900+0000] {processor.py:186} INFO - Started process (PID=87395) to work on /home/airflow/.local/lib/python3.12/site-packages/airflow/example_dags/example_python_operator.py
[2026-05-02T12:20:44.900+0000] {processor.py:914} INFO - Processing file /home/airflow/.local/lib/python3.12/site-packages/airflow/example_dags/example_python_operator.py for tasks to queue
[2026-05-02T12:20:44.901+0000] {logging_mixin.py:190} INFO - [2026-05-02T12:20:44.901+0000] {dagbag.py:588} INFO - Filling up the DagBag from /home/airflow/.local/lib/python3.12/site-packages/airflow/example_dags/example_python_operator.py
[2026-05-02T12:20:44.906+0000] {processor.py:925} INFO - DAG(s) 'example_python_operator' retrieved from /home/airflow/.local/lib/python3.12/site-packages/airflow/example_dags/example_python_operator.py
[2026-05-02T12:20:44.919+0000] {logging_mixin.py:190} INFO - [2026-05-02T12:20:44.919+0000] {dag.py:3239} INFO - Sync 1 DAGs
[2026-05-02T12:20:44.926+0000] {logging_mixin.py:190} INFO - [2026-05-02T12:20:44.925+0000] {dag.py:4180} INFO - Setting next_dagrun for example_python_operator to None, run_after=None
[2026-05-02T12:20:44.935+0000] {processor.py:208} INFO - Processing /home/airflow/.local/lib/python3.12/site-packages/airflow/example_dags/example_python_operator.py took 0.038 seconds
[2026-05-02T12:21:15.911+0000] {processor.py:186} INFO - Started process (PID=87458) to work on /home/airflow/.local/lib/python3.12/site-packages/airflow/example_dags/example_python_operator.py
[2026-05-02T12:21:15.911+0000] {processor.py:914} INFO - Processing file /home/airflow/.local/lib/python3.12/site-packages/airflow/example_dags/example_python_operator.py for tasks to queue
[2026-05-02T12:21:15.912+0000] {logging_mixin.py:190} INFO - [2026-05-02T12:21:15.912+0000] {dagbag.py:588} INFO - Filling up the DagBag from /home/airflow/.local/lib/python3.12/site-packages/airflow/example_dags/example_python_operator.py
[2026-05-02T12:21:15.917+0000] {processor.py:925} INFO - DAG(s) 'example_python_operator' retrieved from /home/airflow/.local/lib/python3.12/site-packages/airflow/example_dags/example_python_operator.py
[2026-05-02T12:21:15.929+0000] {logging_mixin.py:190} INFO - [2026-05-02T12:21:15.929+0000] {dag.py:3239} INFO - Sync 1 DAGs
[2026-05-02T12:21:15.934+0000] {logging_mixin.py:190} INFO - [2026-05-02T12:21:15.934+0000] {dag.py:4180} INFO - Setting next_dagrun for example_python_operator to None, run_after=None
[2026-05-02T12:21:15.943+0000] {processor.py:208} INFO - Processing /home/airflow/.local/lib/python3.12/site-packages/airflow/example_dags/example_python_operator.py took 0.035 seconds
[2026-05-02T12:21:47.520+0000] {processor.py:186} INFO - Started process (PID=87522) to work on /home/airflow/.local/lib/python3.12/site-packages/airflow/example_dags/example_python_operator.py
[2026-05-02T12:21:47.521+0000] {processor.py:914} INFO - Processing file /home/airflow/.local/lib/python3.12/site-packages/airflow/example_dags/example_python_operator.py for tasks to queue
[2026-05-02T12:21:47.522+0000] {logging_mixin.py:190} INFO - [2026-05-02T12:21:47.522+0000] {dagbag.py:588} INFO - Filling up the DagBag from /home/airflow/.local/lib/python3.12/site-packages/airflow/example_dags/example_python_operator.py
[2026-05-02T12:21:47.532+0000] {processor.py:925} INFO - DAG(s) 'example_python_operator' retrieved from /home/airflow/.local/lib/python3.12/site-packages/airflow/example_dags/example_python_operator.py
[2026-05-02T12:21:47.548+0000] {logging_mixin.py:190} INFO - [2026-05-02T12:21:47.548+0000] {dag.py:3239} INFO - Sync 1 DAGs
[2026-05-02T12:21:47.559+0000] {logging_mixin.py:190} INFO - [2026-05-02T12:21:47.558+0000] {dag.py:4180} INFO - Setting next_dagrun for example_python_operator to None, run_after=None
[2026-05-02T12:21:47.572+0000] {processor.py:208} INFO - Processing /home/airflow/.local/lib/python3.12/site-packages/airflow/example_dags/example_python_operator.py took 0.056 seconds
[2026-05-02T12:22:17.940+0000] {processor.py:186} INFO - Started process (PID=87586) to work on /home/airflow/.local/lib/python3.12/site-packages/airflow/example_dags/example_python_operator.py
[2026-05-02T12:22:17.941+0000] {processor.py:914} INFO - Processing file /home/airflow/.local/lib/python3.12/site-packages/airflow/example_dags/example_python_operator.py for tasks to queue
[2026-05-02T12:22:17.942+0000] {logging_mixin.py:190} INFO - [2026-05-02T12:22:17.941+0000] {dagbag.py:588} INFO - Filling up the DagBag from /home/airflow/.local/lib/python3.12/site-packages/airflow/example_dags/example_python_operator.py
[2026-05-02T12:22:17.948+0000] {processor.py:925} INFO - DAG(s) 'example_python_operator' retrieved from /home/airflow/.local/lib/python3.12/site-packages/airflow/example_dags/example_python_operator.py
[2026-05-02T12:22:17.958+0000] {logging_mixin.py:190} INFO - [2026-05-02T12:22:17.958+0000] {dag.py:3239} INFO - Sync 1 DAGs
[2026-05-02T12:22:17.963+0000] {logging_mixin.py:190} INFO - [2026-05-02T12:22:17.963+0000] {dag.py:4180} INFO - Setting next_dagrun for example_python_operator to None, run_after=None
[2026-05-02T12:22:17.972+0000] {processor.py:208} INFO - Processing /home/airflow/.local/lib/python3.12/site-packages/airflow/example_dags/example_python_operator.py took 0.034 seconds
[2026-05-02T12:22:48.122+0000] {processor.py:186} INFO - Started process (PID=87645) to work on /home/airflow/.local/lib/python3.12/site-packages/airflow/example_dags/example_python_operator.py
[2026-05-02T12:22:48.123+0000] {processor.py:914} INFO - Processing file /home/airflow/.local/lib/python3.12/site-packages/airflow/example_dags/example_python_operator.py for tasks to queue
[2026-05-02T12:22:48.125+0000] {logging_mixin.py:190} INFO - [2026-05-02T12:22:48.124+0000] {dagbag.py:588} INFO - Filling up the DagBag from /home/airflow/.local/lib/python3.12/site-packages/airflow/example_dags/example_python_operator.py
[2026-05-02T12:22:48.131+0000] {processor.py:925} INFO - DAG(s) 'example_python_operator' retrieved from /home/airflow/.local/lib/python3.12/site-packages/airflow/example_dags/example_python_operator.py
[2026-05-02T12:22:48.141+0000] {logging_mixin.py:190} INFO - [2026-05-02T12:22:48.141+0000] {dag.py:3239} INFO - Sync 1 DAGs
[2026-05-02T12:22:48.147+0000] {logging_mixin.py:190} INFO - [2026-05-02T12:22:48.147+0000] {dag.py:4180} INFO - Setting next_dagrun for example_python_operator to None, run_after=None
[2026-05-02T12:22:48.155+0000] {processor.py:208} INFO - Processing /home/airflow/.local/lib/python3.12/site-packages/airflow/example_dags/example_python_operator.py took 0.037 seconds
[2026-05-02T12:23:18.589+0000] {processor.py:186} INFO - Started process (PID=87707) to work on /home/airflow/.local/lib/python3.12/site-packages/airflow/example_dags/example_python_operator.py
[2026-05-02T12:23:18.589+0000] {processor.py:914} INFO - Processing file /home/airflow/.local/lib/python3.12/site-packages/airflow/example_dags/example_python_operator.py for tasks to queue
[2026-05-02T12:23:18.591+0000] {logging_mixin.py:190} INFO - [2026-05-02T12:23:18.591+0000] {dagbag.py:588} INFO - Filling up the DagBag from /home/airflow/.local/lib/python3.12/site-packages/airflow/example_dags/example_python_operator.py
[2026-05-02T12:23:18.599+0000] {processor.py:925} INFO - DAG(s) 'example_python_operator' retrieved from /home/airflow/.local/lib/python3.12/site-packages/airflow/example_dags/example_python_operator.py
[2026-05-02T12:23:18.610+0000] {logging_mixin.py:190} INFO - [2026-05-02T12:23:18.610+0000] {dag.py:3239} INFO - Sync 1 DAGs
[2026-05-02T12:23:18.618+0000] {logging_mixin.py:190} INFO - [2026-05-02T12:23:18.618+0000] {dag.py:4180} INFO - Setting next_dagrun for example_python_operator to None, run_after=None
[2026-05-02T12:23:18.624+0000] {processor.py:208} INFO - Processing /home/airflow/.local/lib/python3.12/site-packages/airflow/example_dags/example_python_operator.py took 0.038 seconds
[2026-05-02T12:23:49.105+0000] {processor.py:186} INFO - Started process (PID=87763) to work on /home/airflow/.local/lib/python3.12/site-packages/airflow/example_dags/example_python_operator.py
[2026-05-02T12:23:49.105+0000] {processor.py:914} INFO - Processing file /home/airflow/.local/lib/python3.12/site-packages/airflow/example_dags/example_python_operator.py for tasks to queue
[2026-05-02T12:23:49.106+0000] {logging_mixin.py:190} INFO - [2026-05-02T12:23:49.106+0000] {dagbag.py:588} INFO - Filling up the DagBag from /home/airflow/.local/lib/python3.12/site-packages/airflow/example_dags/example_python_operator.py
[2026-05-02T12:23:49.115+0000] {processor.py:925} INFO - DAG(s) 'example_python_operator' retrieved from /home/airflow/.local/lib/python3.12/site-packages/airflow/example_dags/example_python_operator.py
[2026-05-02T12:23:49.131+0000] {logging_mixin.py:190} INFO - [2026-05-02T12:23:49.131+0000] {dag.py:3239} INFO - Sync 1 DAGs
[2026-05-02T12:23:49.140+0000] {logging_mixin.py:190} INFO - [2026-05-02T12:23:49.140+0000] {dag.py:4180} INFO - Setting next_dagrun for example_python_operator to None, run_after=None
[2026-05-02T12:23:49.149+0000] {processor.py:208} INFO - Processing /home/airflow/.local/lib/python3.12/site-packages/airflow/example_dags/example_python_operator.py took 0.047 seconds
[2026-05-02T12:24:19.501+0000] {processor.py:186} INFO - Started process (PID=87818) to work on /home/airflow/.local/lib/python3.12/site-packages/airflow/example_dags/example_python_operator.py
[2026-05-02T12:24:19.502+0000] {processor.py:914} INFO - Processing file /home/airflow/.local/lib/python3.12/site-packages/airflow/example_dags/example_python_operator.py for tasks to queue
[2026-05-02T12:24:19.503+0000] {logging_mixin.py:190} INFO - [2026-05-02T12:24:19.502+0000] {dagbag.py:588} INFO - Filling up the DagBag from /home/airflow/.local/lib/python3.12/site-packages/airflow/example_dags/example_python_operator.py
[2026-05-02T12:24:19.508+0000] {processor.py:925} INFO - DAG(s) 'example_python_operator' retrieved from /home/airflow/.local/lib/python3.12/site-packages/airflow/example_dags/example_python_operator.py
[2026-05-02T12:24:19.518+0000] {logging_mixin.py:190} INFO - [2026-05-02T12:24:19.518+0000] {dag.py:3239} INFO - Sync 1 DAGs
[2026-05-02T12:24:19.522+0000] {logging_mixin.py:190} INFO - [2026-05-02T12:24:19.522+0000] {dag.py:4180} INFO - Setting next_dagrun for example_python_operator to None, run_after=None
[2026-05-02T12:24:19.535+0000] {processor.py:208} INFO - Processing /home/airflow/.local/lib/python3.12/site-packages/airflow/example_dags/example_python_operator.py took 0.037 seconds
[2026-05-02T12:24:50.084+0000] {processor.py:186} INFO - Started process (PID=87882) to work on /home/airflow/.local/lib/python3.12/site-packages/airflow/example_dags/example_python_operator.py
[2026-05-02T12:24:50.085+0000] {processor.py:914} INFO - Processing file /home/airflow/.local/lib/python3.12/site-packages/airflow/example_dags/example_python_operator.py for tasks to queue
[2026-05-02T12:24:50.086+0000] {logging_mixin.py:190} INFO - [2026-05-02T12:24:50.086+0000] {dagbag.py:588} INFO - Filling up the DagBag from /home/airflow/.local/lib/python3.12/site-packages/airflow/example_dags/example_python_operator.py
[2026-05-02T12:24:50.093+0000] {processor.py:925} INFO - DAG(s) 'example_python_operator' retrieved from /home/airflow/.local/lib/python3.12/site-packages/airflow/example_dags/example_python_operator.py
[2026-05-02T12:24:50.102+0000] {logging_mixin.py:190} INFO - [2026-05-02T12:24:50.102+0000] {dag.py:3239} INFO - Sync 1 DAGs
[2026-05-02T12:24:50.108+0000] {logging_mixin.py:190} INFO - [2026-05-02T12:24:50.108+0000] {dag.py:4180} INFO - Setting next_dagrun for example_python_operator to None, run_after=None
[2026-05-02T12:24:50.117+0000] {processor.py:208} INFO - Processing /home/airflow/.local/lib/python3.12/site-packages/airflow/example_dags/example_python_operator.py took 0.035 seconds
[2026-05-02T12:25:20.759+0000] {processor.py:186} INFO - Started process (PID=87946) to work on /home/airflow/.local/lib/python3.12/site-packages/airflow/example_dags/example_python_operator.py
[2026-05-02T12:25:20.761+0000] {processor.py:914} INFO - Processing file /home/airflow/.local/lib/python3.12/site-packages/airflow/example_dags/example_python_operator.py for tasks to queue
[2026-05-02T12:25:20.764+0000] {logging_mixin.py:190} INFO - [2026-05-02T12:25:20.764+0000] {dagbag.py:588} INFO - Filling up the DagBag from /home/airflow/.local/lib/python3.12/site-packages/airflow/example_dags/example_python_operator.py
[2026-05-02T12:25:20.771+0000] {processor.py:925} INFO - DAG(s) 'example_python_operator' retrieved from /home/airflow/.local/lib/python3.12/site-packages/airflow/example_dags/example_python_operator.py
[2026-05-02T12:25:20.782+0000] {logging_mixin.py:190} INFO - [2026-05-02T12:25:20.781+0000] {dag.py:3239} INFO - Sync 1 DAGs
[2026-05-02T12:25:20.787+0000] {logging_mixin.py:190} INFO - [2026-05-02T12:25:20.786+0000] {dag.py:4180} INFO - Setting next_dagrun for example_python_operator to None, run_after=None
[2026-05-02T12:25:20.792+0000] {processor.py:208} INFO - Processing /home/airflow/.local/lib/python3.12/site-packages/airflow/example_dags/example_python_operator.py took 0.035 seconds
[2026-05-02T12:25:51.250+0000] {processor.py:186} INFO - Started process (PID=88010) to work on /home/airflow/.local/lib/python3.12/site-packages/airflow/example_dags/example_python_operator.py
[2026-05-02T12:25:51.251+0000] {processor.py:914} INFO - Processing file /home/airflow/.local/lib/python3.12/site-packages/airflow/example_dags/example_python_operator.py for tasks to queue
[2026-05-02T12:25:51.253+0000] {logging_mixin.py:190} INFO - [2026-05-02T12:25:51.253+0000] {dagbag.py:588} INFO - Filling up the DagBag from /home/airflow/.local/lib/python3.12/site-packages/airflow/example_dags/example_python_operator.py
[2026-05-02T12:25:51.260+0000] {processor.py:925} INFO - DAG(s) 'example_python_operator' retrieved from /home/airflow/.local/lib/python3.12/site-packages/airflow/example_dags/example_python_operator.py
[2026-05-02T12:25:51.271+0000] {logging_mixin.py:190} INFO - [2026-05-02T12:25:51.271+0000] {dag.py:3239} INFO - Sync 1 DAGs
[2026-05-02T12:25:51.277+0000] {logging_mixin.py:190} INFO - [2026-05-02T12:25:51.277+0000] {dag.py:4180} INFO - Setting next_dagrun for example_python_operator to None, run_after=None
[2026-05-02T12:25:51.287+0000] {processor.py:208} INFO - Processing /home/airflow/.local/lib/python3.12/site-packages/airflow/example_dags/example_python_operator.py took 0.040 seconds
[2026-05-02T12:26:22.076+0000] {processor.py:186} INFO - Started process (PID=88074) to work on /home/airflow/.local/lib/python3.12/site-packages/airflow/example_dags/example_python_operator.py
[2026-05-02T12:26:22.077+0000] {processor.py:914} INFO - Processing file /home/airflow/.local/lib/python3.12/site-packages/airflow/example_dags/example_python_operator.py for tasks to queue
[2026-05-02T12:26:22.078+0000] {logging_mixin.py:190} INFO - [2026-05-02T12:26:22.078+0000] {dagbag.py:588} INFO - Filling up the DagBag from /home/airflow/.local/lib/python3.12/site-packages/airflow/example_dags/example_python_operator.py
[2026-05-02T12:26:22.084+0000] {processor.py:925} INFO - DAG(s) 'example_python_operator' retrieved from /home/airflow/.local/lib/python3.12/site-packages/airflow/example_dags/example_python_operator.py
[2026-05-02T12:26:22.093+0000] {logging_mixin.py:190} INFO - [2026-05-02T12:26:22.092+0000] {dag.py:3239} INFO - Sync 1 DAGs
[2026-05-02T12:26:22.099+0000] {logging_mixin.py:190} INFO - [2026-05-02T12:26:22.099+0000] {dag.py:4180} INFO - Setting next_dagrun for example_python_operator to None, run_after=None
[2026-05-02T12:26:22.111+0000] {processor.py:208} INFO - Processing /home/airflow/.local/lib/python3.12/site-packages/airflow/example_dags/example_python_operator.py took 0.038 seconds
[2026-05-02T12:26:53.056+0000] {processor.py:186} INFO - Started process (PID=88138) to work on /home/airflow/.local/lib/python3.12/site-packages/airflow/example_dags/example_python_operator.py
[2026-05-02T12:26:53.056+0000] {processor.py:914} INFO - Processing file /home/airflow/.local/lib/python3.12/site-packages/airflow/example_dags/example_python_operator.py for tasks to queue
[2026-05-02T12:26:53.057+0000] {logging_mixin.py:190} INFO - [2026-05-02T12:26:53.057+0000] {dagbag.py:588} INFO - Filling up the DagBag from /home/airflow/.local/lib/python3.12/site-packages/airflow/example_dags/example_python_operator.py
[2026-05-02T12:26:53.063+0000] {processor.py:925} INFO - DAG(s) 'example_python_operator' retrieved from /home/airflow/.local/lib/python3.12/site-packages/airflow/example_dags/example_python_operator.py
[2026-05-02T12:26:53.074+0000] {logging_mixin.py:190} INFO - [2026-05-02T12:26:53.074+0000] {dag.py:3239} INFO - Sync 1 DAGs
[2026-05-02T12:26:53.080+0000] {logging_mixin.py:190} INFO - [2026-05-02T12:26:53.079+0000] {dag.py:4180} INFO - Setting next_dagrun for example_python_operator to None, run_after=None
[2026-05-02T12:26:53.087+0000] {processor.py:208} INFO - Processing /home/airflow/.local/lib/python3.12/site-packages/airflow/example_dags/example_python_operator.py took 0.035 seconds
[2026-05-02T12:27:23.682+0000] {processor.py:186} INFO - Started process (PID=88202) to work on /home/airflow/.local/lib/python3.12/site-packages/airflow/example_dags/example_python_operator.py
[2026-05-02T12:27:23.683+0000] {processor.py:914} INFO - Processing file /home/airflow/.local/lib/python3.12/site-packages/airflow/example_dags/example_python_operator.py for tasks to queue
[2026-05-02T12:27:23.684+0000] {logging_mixin.py:190} INFO - [2026-05-02T12:27:23.683+0000] {dagbag.py:588} INFO - Filling up the DagBag from /home/airflow/.local/lib/python3.12/site-packages/airflow/example_dags/example_python_operator.py
[2026-05-02T12:27:23.688+0000] {processor.py:925} INFO - DAG(s) 'example_python_operator' retrieved from /home/airflow/.local/lib/python3.12/site-packages/airflow/example_dags/example_python_operator.py
[2026-05-02T12:27:23.696+0000] {logging_mixin.py:190} INFO - [2026-05-02T12:27:23.696+0000] {dag.py:3239} INFO - Sync 1 DAGs
[2026-05-02T12:27:23.701+0000] {logging_mixin.py:190} INFO - [2026-05-02T12:27:23.701+0000] {dag.py:4180} INFO - Setting next_dagrun for example_python_operator to None, run_after=None
[2026-05-02T12:27:23.706+0000] {processor.py:208} INFO - Processing /home/airflow/.local/lib/python3.12/site-packages/airflow/example_dags/example_python_operator.py took 0.026 seconds
[2026-05-02T12:27:54.265+0000] {processor.py:186} INFO - Started process (PID=88266) to work on /home/airflow/.local/lib/python3.12/site-packages/airflow/example_dags/example_python_operator.py
[2026-05-02T12:27:54.266+0000] {processor.py:914} INFO - Processing file /home/airflow/.local/lib/python3.12/site-packages/airflow/example_dags/example_python_operator.py for tasks to queue
[2026-05-02T12:27:54.267+0000] {logging_mixin.py:190} INFO - [2026-05-02T12:27:54.267+0000] {dagbag.py:588} INFO - Filling up the DagBag from /home/airflow/.local/lib/python3.12/site-packages/airflow/example_dags/example_python_operator.py
[2026-05-02T12:27:54.272+0000] {processor.py:925} INFO - DAG(s) 'example_python_operator' retrieved from /home/airflow/.local/lib/python3.12/site-packages/airflow/example_dags/example_python_operator.py
[2026-05-02T12:27:54.285+0000] {logging_mixin.py:190} INFO - [2026-05-02T12:27:54.284+0000] {dag.py:3239} INFO - Sync 1 DAGs
[2026-05-02T12:27:54.290+0000] {logging_mixin.py:190} INFO - [2026-05-02T12:27:54.290+0000] {dag.py:4180} INFO - Setting next_dagrun for example_python_operator to None, run_after=None
[2026-05-02T12:27:54.302+0000] {processor.py:208} INFO - Processing /home/airflow/.local/lib/python3.12/site-packages/airflow/example_dags/example_python_operator.py took 0.040 seconds
[2026-05-02T12:28:24.776+0000] {processor.py:186} INFO - Started process (PID=88330) to work on /home/airflow/.local/lib/python3.12/site-packages/airflow/example_dags/example_python_operator.py
[2026-05-02T12:28:24.777+0000] {processor.py:914} INFO - Processing file /home/airflow/.local/lib/python3.12/site-packages/airflow/example_dags/example_python_operator.py for tasks to queue
[2026-05-02T12:28:24.778+0000] {logging_mixin.py:190} INFO - [2026-05-02T12:28:24.777+0000] {dagbag.py:588} INFO - Filling up the DagBag from /home/airflow/.local/lib/python3.12/site-packages/airflow/example_dags/example_python_operator.py
[2026-05-02T12:28:24.783+0000] {processor.py:925} INFO - DAG(s) 'example_python_operator' retrieved from /home/airflow/.local/lib/python3.12/site-packages/airflow/example_dags/example_python_operator.py
[2026-05-02T12:28:24.796+0000] {logging_mixin.py:190} INFO - [2026-05-02T12:28:24.796+0000] {dag.py:3239} INFO - Sync 1 DAGs
[2026-05-02T12:28:24.803+0000] {logging_mixin.py:190} INFO - [2026-05-02T12:28:24.803+0000] {dag.py:4180} INFO - Setting next_dagrun for example_python_operator to None, run_after=None
[2026-05-02T12:28:24.815+0000] {processor.py:208} INFO - Processing /home/airflow/.local/lib/python3.12/site-packages/airflow/example_dags/example_python_operator.py took 0.042 seconds
[2026-05-02T12:28:55.252+0000] {processor.py:186} INFO - Started process (PID=88395) to work on /home/airflow/.local/lib/python3.12/site-packages/airflow/example_dags/example_python_operator.py
[2026-05-02T12:28:55.253+0000] {processor.py:914} INFO - Processing file /home/airflow/.local/lib/python3.12/site-packages/airflow/example_dags/example_python_operator.py for tasks to queue
[2026-05-02T12:28:55.254+0000] {logging_mixin.py:190} INFO - [2026-05-02T12:28:55.254+0000] {dagbag.py:588} INFO - Filling up the DagBag from /home/airflow/.local/lib/python3.12/site-packages/airflow/example_dags/example_python_operator.py
[2026-05-02T12:28:55.259+0000] {processor.py:925} INFO - DAG(s) 'example_python_operator' retrieved from /home/airflow/.local/lib/python3.12/site-packages/airflow/example_dags/example_python_operator.py
[2026-05-02T12:28:55.271+0000] {logging_mixin.py:190} INFO - [2026-05-02T12:28:55.271+0000] {dag.py:3239} INFO - Sync 1 DAGs
[2026-05-02T12:28:55.279+0000] {logging_mixin.py:190} INFO - [2026-05-02T12:28:55.279+0000] {dag.py:4180} INFO - Setting next_dagrun for example_python_operator to None, run_after=None
[2026-05-02T12:28:55.290+0000] {processor.py:208} INFO - Processing /home/airflow/.local/lib/python3.12/site-packages/airflow/example_dags/example_python_operator.py took 0.040 seconds
[2026-05-02T12:29:26.689+0000] {processor.py:186} INFO - Started process (PID=88459) to work on /home/airflow/.local/lib/python3.12/site-packages/airflow/example_dags/example_python_operator.py
[2026-05-02T12:29:26.689+0000] {processor.py:914} INFO - Processing file /home/airflow/.local/lib/python3.12/site-packages/airflow/example_dags/example_python_operator.py for tasks to queue
[2026-05-02T12:29:26.691+0000] {logging_mixin.py:190} INFO - [2026-05-02T12:29:26.691+0000] {dagbag.py:588} INFO - Filling up the DagBag from /home/airflow/.local/lib/python3.12/site-packages/airflow/example_dags/example_python_operator.py
[2026-05-02T12:29:26.698+0000] {processor.py:925} INFO - DAG(s) 'example_python_operator' retrieved from /home/airflow/.local/lib/python3.12/site-packages/airflow/example_dags/example_python_operator.py
[2026-05-02T12:29:26.709+0000] {logging_mixin.py:190} INFO - [2026-05-02T12:29:26.709+0000] {dag.py:3239} INFO - Sync 1 DAGs
[2026-05-02T12:29:26.715+0000] {logging_mixin.py:190} INFO - [2026-05-02T12:29:26.714+0000] {dag.py:4180} INFO - Setting next_dagrun for example_python_operator to None, run_after=None
[2026-05-02T12:29:26.720+0000] {processor.py:208} INFO - Processing /home/airflow/.local/lib/python3.12/site-packages/airflow/example_dags/example_python_operator.py took 0.034 seconds
[2026-05-02T12:29:57.209+0000] {processor.py:186} INFO - Started process (PID=88523) to work on /home/airflow/.local/lib/python3.12/site-packages/airflow/example_dags/example_python_operator.py
[2026-05-02T12:29:57.210+0000] {processor.py:914} INFO - Processing file /home/airflow/.local/lib/python3.12/site-packages/airflow/example_dags/example_python_operator.py for tasks to queue
[2026-05-02T12:29:57.211+0000] {logging_mixin.py:190} INFO - [2026-05-02T12:29:57.211+0000] {dagbag.py:588} INFO - Filling up the DagBag from /home/airflow/.local/lib/python3.12/site-packages/airflow/example_dags/example_python_operator.py
[2026-05-02T12:29:57.216+0000] {processor.py:925} INFO - DAG(s) 'example_python_operator' retrieved from /home/airflow/.local/lib/python3.12/site-packages/airflow/example_dags/example_python_operator.py
[2026-05-02T12:29:57.227+0000] {logging_mixin.py:190} INFO - [2026-05-02T12:29:57.227+0000] {dag.py:3239} INFO - Sync 1 DAGs
[2026-05-02T12:29:57.232+0000] {logging_mixin.py:190} INFO - [2026-05-02T12:29:57.232+0000] {dag.py:4180} INFO - Setting next_dagrun for example_python_operator to None, run_after=None
[2026-05-02T12:29:57.242+0000] {processor.py:208} INFO - Processing /home/airflow/.local/lib/python3.12/site-packages/airflow/example_dags/example_python_operator.py took 0.035 seconds
[2026-05-02T12:30:27.909+0000] {processor.py:186} INFO - Started process (PID=88587) to work on /home/airflow/.local/lib/python3.12/site-packages/airflow/example_dags/example_python_operator.py
[2026-05-02T12:30:27.909+0000] {processor.py:914} INFO - Processing file /home/airflow/.local/lib/python3.12/site-packages/airflow/example_dags/example_python_operator.py for tasks to queue
[2026-05-02T12:30:27.910+0000] {logging_mixin.py:190} INFO - [2026-05-02T12:30:27.910+0000] {dagbag.py:588} INFO - Filling up the DagBag from /home/airflow/.local/lib/python3.12/site-packages/airflow/example_dags/example_python_operator.py
[2026-05-02T12:30:27.918+0000] {processor.py:925} INFO - DAG(s) 'example_python_operator' retrieved from /home/airflow/.local/lib/python3.12/site-packages/airflow/example_dags/example_python_operator.py
[2026-05-02T12:30:27.931+0000] {logging_mixin.py:190} INFO - [2026-05-02T12:30:27.931+0000] {dag.py:3239} INFO - Sync 1 DAGs
[2026-05-02T12:30:27.936+0000] {logging_mixin.py:190} INFO - [2026-05-02T12:30:27.936+0000] {dag.py:4180} INFO - Setting next_dagrun for example_python_operator to None, run_after=None
[2026-05-02T12:30:27.945+0000] {processor.py:208} INFO - Processing /home/airflow/.local/lib/python3.12/site-packages/airflow/example_dags/example_python_operator.py took 0.039 seconds
[2026-05-02T12:30:58.522+0000] {processor.py:186} INFO - Started process (PID=88651) to work on /home/airflow/.local/lib/python3.12/site-packages/airflow/example_dags/example_python_operator.py
[2026-05-02T12:30:58.523+0000] {processor.py:914} INFO - Processing file /home/airflow/.local/lib/python3.12/site-packages/airflow/example_dags/example_python_operator.py for tasks to queue
[2026-05-02T12:30:58.524+0000] {logging_mixin.py:190} INFO - [2026-05-02T12:30:58.524+0000] {dagbag.py:588} INFO - Filling up the DagBag from /home/airflow/.local/lib/python3.12/site-packages/airflow/example_dags/example_python_operator.py
[2026-05-02T12:30:58.530+0000] {processor.py:925} INFO - DAG(s) 'example_python_operator' retrieved from /home/airflow/.local/lib/python3.12/site-packages/airflow/example_dags/example_python_operator.py
[2026-05-02T12:30:58.543+0000] {logging_mixin.py:190} INFO - [2026-05-02T12:30:58.543+0000] {dag.py:3239} INFO - Sync 1 DAGs
[2026-05-02T12:30:58.550+0000] {logging_mixin.py:190} INFO - [2026-05-02T12:30:58.550+0000] {dag.py:4180} INFO - Setting next_dagrun for example_python_operator to None, run_after=None
[2026-05-02T12:30:58.556+0000] {processor.py:208} INFO - Processing /home/airflow/.local/lib/python3.12/site-packages/airflow/example_dags/example_python_operator.py took 0.036 seconds
[2026-05-02T12:31:29.436+0000] {processor.py:186} INFO - Started process (PID=88715) to work on /home/airflow/.local/lib/python3.12/site-packages/airflow/example_dags/example_python_operator.py
[2026-05-02T12:31:29.436+0000] {processor.py:914} INFO - Processing file /home/airflow/.local/lib/python3.12/site-packages/airflow/example_dags/example_python_operator.py for tasks to queue
[2026-05-02T12:31:29.438+0000] {logging_mixin.py:190} INFO - [2026-05-02T12:31:29.438+0000] {dagbag.py:588} INFO - Filling up the DagBag from /home/airflow/.local/lib/python3.12/site-packages/airflow/example_dags/example_python_operator.py
[2026-05-02T12:31:29.446+0000] {processor.py:925} INFO - DAG(s) 'example_python_operator' retrieved from /home/airflow/.local/lib/python3.12/site-packages/airflow/example_dags/example_python_operator.py
[2026-05-02T12:31:29.461+0000] {logging_mixin.py:190} INFO - [2026-05-02T12:31:29.461+0000] {dag.py:3239} INFO - Sync 1 DAGs
[2026-05-02T12:31:29.469+0000] {logging_mixin.py:190} INFO - [2026-05-02T12:31:29.469+0000] {dag.py:4180} INFO - Setting next_dagrun for example_python_operator to None, run_after=None
[2026-05-02T12:31:29.479+0000] {processor.py:208} INFO - Processing /home/airflow/.local/lib/python3.12/site-packages/airflow/example_dags/example_python_operator.py took 0.048 seconds
[2026-05-02T12:32:00.475+0000] {processor.py:186} INFO - Started process (PID=88779) to work on /home/airflow/.local/lib/python3.12/site-packages/airflow/example_dags/example_python_operator.py
[2026-05-02T12:32:00.475+0000] {processor.py:914} INFO - Processing file /home/airflow/.local/lib/python3.12/site-packages/airflow/example_dags/example_python_operator.py for tasks to queue
[2026-05-02T12:32:00.476+0000] {logging_mixin.py:190} INFO - [2026-05-02T12:32:00.476+0000] {dagbag.py:588} INFO - Filling up the DagBag from /home/airflow/.local/lib/python3.12/site-packages/airflow/example_dags/example_python_operator.py
[2026-05-02T12:32:00.481+0000] {processor.py:925} INFO - DAG(s) 'example_python_operator' retrieved from /home/airflow/.local/lib/python3.12/site-packages/airflow/example_dags/example_python_operator.py
[2026-05-02T12:32:00.489+0000] {logging_mixin.py:190} INFO - [2026-05-02T12:32:00.489+0000] {dag.py:3239} INFO - Sync 1 DAGs
[2026-05-02T12:32:00.494+0000] {logging_mixin.py:190} INFO - [2026-05-02T12:32:00.494+0000] {dag.py:4180} INFO - Setting next_dagrun for example_python_operator to None, run_after=None
[2026-05-02T12:32:00.500+0000] {processor.py:208} INFO - Processing /home/airflow/.local/lib/python3.12/site-packages/airflow/example_dags/example_python_operator.py took 0.027 seconds
[2026-05-02T12:32:31.309+0000] {processor.py:186} INFO - Started process (PID=88843) to work on /home/airflow/.local/lib/python3.12/site-packages/airflow/example_dags/example_python_operator.py
[2026-05-02T12:32:31.309+0000] {processor.py:914} INFO - Processing file /home/airflow/.local/lib/python3.12/site-packages/airflow/example_dags/example_python_operator.py for tasks to queue
[2026-05-02T12:32:31.310+0000] {logging_mixin.py:190} INFO - [2026-05-02T12:32:31.310+0000] {dagbag.py:588} INFO - Filling up the DagBag from /home/airflow/.local/lib/python3.12/site-packages/airflow/example_dags/example_python_operator.py
[2026-05-02T12:32:31.318+0000] {processor.py:925} INFO - DAG(s) 'example_python_operator' retrieved from /home/airflow/.local/lib/python3.12/site-packages/airflow/example_dags/example_python_operator.py
[2026-05-02T12:32:31.331+0000] {logging_mixin.py:190} INFO - [2026-05-02T12:32:31.330+0000] {dag.py:3239} INFO - Sync 1 DAGs
[2026-05-02T12:32:31.336+0000] {logging_mixin.py:190} INFO - [2026-05-02T12:32:31.336+0000] {dag.py:4180} INFO - Setting next_dagrun for example_python_operator to None, run_after=None
[2026-05-02T12:32:31.344+0000] {processor.py:208} INFO - Processing /home/airflow/.local/lib/python3.12/site-packages/airflow/example_dags/example_python_operator.py took 0.039 seconds
[2026-05-02T12:33:02.030+0000] {processor.py:186} INFO - Started process (PID=88907) to work on /home/airflow/.local/lib/python3.12/site-packages/airflow/example_dags/example_python_operator.py
[2026-05-02T12:33:02.031+0000] {processor.py:914} INFO - Processing file /home/airflow/.local/lib/python3.12/site-packages/airflow/example_dags/example_python_operator.py for tasks to queue
[2026-05-02T12:33:02.032+0000] {logging_mixin.py:190} INFO - [2026-05-02T12:33:02.032+0000] {dagbag.py:588} INFO - Filling up the DagBag from /home/airflow/.local/lib/python3.12/site-packages/airflow/example_dags/example_python_operator.py
[2026-05-02T12:33:02.039+0000] {processor.py:925} INFO - DAG(s) 'example_python_operator' retrieved from /home/airflow/.local/lib/python3.12/site-packages/airflow/example_dags/example_python_operator.py
[2026-05-02T12:33:02.053+0000] {logging_mixin.py:190} INFO - [2026-05-02T12:33:02.052+0000] {dag.py:3239} INFO - Sync 1 DAGs
[2026-05-02T12:33:02.061+0000] {logging_mixin.py:190} INFO - [2026-05-02T12:33:02.061+0000] {dag.py:4180} INFO - Setting next_dagrun for example_python_operator to None, run_after=None
[2026-05-02T12:33:02.074+0000] {processor.py:208} INFO - Processing /home/airflow/.local/lib/python3.12/site-packages/airflow/example_dags/example_python_operator.py took 0.047 seconds
[2026-05-02T12:33:32.862+0000] {processor.py:186} INFO - Started process (PID=88971) to work on /home/airflow/.local/lib/python3.12/site-packages/airflow/example_dags/example_python_operator.py
[2026-05-02T12:33:32.863+0000] {processor.py:914} INFO - Processing file /home/airflow/.local/lib/python3.12/site-packages/airflow/example_dags/example_python_operator.py for tasks to queue
[2026-05-02T12:33:32.864+0000] {logging_mixin.py:190} INFO - [2026-05-02T12:33:32.864+0000] {dagbag.py:588} INFO - Filling up the DagBag from /home/airflow/.local/lib/python3.12/site-packages/airflow/example_dags/example_python_operator.py
[2026-05-02T12:33:32.869+0000] {processor.py:925} INFO - DAG(s) 'example_python_operator' retrieved from /home/airflow/.local/lib/python3.12/site-packages/airflow/example_dags/example_python_operator.py
[2026-05-02T12:33:32.881+0000] {logging_mixin.py:190} INFO - [2026-05-02T12:33:32.880+0000] {dag.py:3239} INFO - Sync 1 DAGs
[2026-05-02T12:33:32.888+0000] {logging_mixin.py:190} INFO - [2026-05-02T12:33:32.888+0000] {dag.py:4180} INFO - Setting next_dagrun for example_python_operator to None, run_after=None
[2026-05-02T12:33:32.900+0000] {processor.py:208} INFO - Processing /home/airflow/.local/lib/python3.12/site-packages/airflow/example_dags/example_python_operator.py took 0.040 seconds
[2026-05-02T12:34:03.491+0000] {processor.py:186} INFO - Started process (PID=89035) to work on /home/airflow/.local/lib/python3.12/site-packages/airflow/example_dags/example_python_operator.py
[2026-05-02T12:34:03.492+0000] {processor.py:914} INFO - Processing file /home/airflow/.local/lib/python3.12/site-packages/airflow/example_dags/example_python_operator.py for tasks to queue
[2026-05-02T12:34:03.493+0000] {logging_mixin.py:190} INFO - [2026-05-02T12:34:03.493+0000] {dagbag.py:588} INFO - Filling up the DagBag from /home/airflow/.local/lib/python3.12/site-packages/airflow/example_dags/example_python_operator.py
[2026-05-02T12:34:03.498+0000] {processor.py:925} INFO - DAG(s) 'example_python_operator' retrieved from /home/airflow/.local/lib/python3.12/site-packages/airflow/example_dags/example_python_operator.py
[2026-05-02T12:34:03.507+0000] {logging_mixin.py:190} INFO - [2026-05-02T12:34:03.506+0000] {dag.py:3239} INFO - Sync 1 DAGs
[2026-05-02T12:34:03.515+0000] {logging_mixin.py:190} INFO - [2026-05-02T12:34:03.515+0000] {dag.py:4180} INFO - Setting next_dagrun for example_python_operator to None, run_after=None
[2026-05-02T12:34:03.522+0000] {processor.py:208} INFO - Processing /home/airflow/.local/lib/python3.12/site-packages/airflow/example_dags/example_python_operator.py took 0.033 seconds
[2026-05-02T12:34:34.989+0000] {processor.py:186} INFO - Started process (PID=89099) to work on /home/airflow/.local/lib/python3.12/site-packages/airflow/example_dags/example_python_operator.py
[2026-05-02T12:34:34.990+0000] {processor.py:914} INFO - Processing file /home/airflow/.local/lib/python3.12/site-packages/airflow/example_dags/example_python_operator.py for tasks to queue
[2026-05-02T12:34:34.993+0000] {logging_mixin.py:190} INFO - [2026-05-02T12:34:34.992+0000] {dagbag.py:588} INFO - Filling up the DagBag from /home/airflow/.local/lib/python3.12/site-packages/airflow/example_dags/example_python_operator.py
[2026-05-02T12:34:35.006+0000] {processor.py:925} INFO - DAG(s) 'example_python_operator' retrieved from /home/airflow/.local/lib/python3.12/site-packages/airflow/example_dags/example_python_operator.py
[2026-05-02T12:34:35.016+0000] {logging_mixin.py:190} INFO - [2026-05-02T12:34:35.016+0000] {dag.py:3239} INFO - Sync 1 DAGs
[2026-05-02T12:34:35.022+0000] {logging_mixin.py:190} INFO - [2026-05-02T12:34:35.022+0000] {dag.py:4180} INFO - Setting next_dagrun for example_python_operator to None, run_after=None
[2026-05-02T12:34:35.035+0000] {processor.py:208} INFO - Processing /home/airflow/.local/lib/python3.12/site-packages/airflow/example_dags/example_python_operator.py took 0.048 seconds
[2026-05-02T12:35:05.620+0000] {processor.py:186} INFO - Started process (PID=89163) to work on /home/airflow/.local/lib/python3.12/site-packages/airflow/example_dags/example_python_operator.py
[2026-05-02T12:35:05.621+0000] {processor.py:914} INFO - Processing file /home/airflow/.local/lib/python3.12/site-packages/airflow/example_dags/example_python_operator.py for tasks to queue
[2026-05-02T12:35:05.622+0000] {logging_mixin.py:190} INFO - [2026-05-02T12:35:05.622+0000] {dagbag.py:588} INFO - Filling up the DagBag from /home/airflow/.local/lib/python3.12/site-packages/airflow/example_dags/example_python_operator.py
[2026-05-02T12:35:05.629+0000] {processor.py:925} INFO - DAG(s) 'example_python_operator' retrieved from /home/airflow/.local/lib/python3.12/site-packages/airflow/example_dags/example_python_operator.py
[2026-05-02T12:35:05.639+0000] {logging_mixin.py:190} INFO - [2026-05-02T12:35:05.638+0000] {dag.py:3239} INFO - Sync 1 DAGs
[2026-05-02T12:35:05.644+0000] {logging_mixin.py:190} INFO - [2026-05-02T12:35:05.644+0000] {dag.py:4180} INFO - Setting next_dagrun for example_python_operator to None, run_after=None
[2026-05-02T12:35:05.652+0000] {processor.py:208} INFO - Processing /home/airflow/.local/lib/python3.12/site-packages/airflow/example_dags/example_python_operator.py took 0.034 seconds
[2026-05-02T12:35:36.406+0000] {processor.py:186} INFO - Started process (PID=89227) to work on /home/airflow/.local/lib/python3.12/site-packages/airflow/example_dags/example_python_operator.py
[2026-05-02T12:35:36.408+0000] {processor.py:914} INFO - Processing file /home/airflow/.local/lib/python3.12/site-packages/airflow/example_dags/example_python_operator.py for tasks to queue
[2026-05-02T12:35:36.410+0000] {logging_mixin.py:190} INFO - [2026-05-02T12:35:36.410+0000] {dagbag.py:588} INFO - Filling up the DagBag from /home/airflow/.local/lib/python3.12/site-packages/airflow/example_dags/example_python_operator.py
[2026-05-02T12:35:36.424+0000] {processor.py:925} INFO - DAG(s) 'example_python_operator' retrieved from /home/airflow/.local/lib/python3.12/site-packages/airflow/example_dags/example_python_operator.py
[2026-05-02T12:35:36.439+0000] {logging_mixin.py:190} INFO - [2026-05-02T12:35:36.439+0000] {dag.py:3239} INFO - Sync 1 DAGs
[2026-05-02T12:35:36.448+0000] {logging_mixin.py:190} INFO - [2026-05-02T12:35:36.448+0000] {dag.py:4180} INFO - Setting next_dagrun for example_python_operator to None, run_after=None
[2026-05-02T12:35:36.462+0000] {processor.py:208} INFO - Processing /home/airflow/.local/lib/python3.12/site-packages/airflow/example_dags/example_python_operator.py took 0.060 seconds
[2026-05-02T12:36:07.041+0000] {processor.py:186} INFO - Started process (PID=89291) to work on /home/airflow/.local/lib/python3.12/site-packages/airflow/example_dags/example_python_operator.py
[2026-05-02T12:36:07.042+0000] {processor.py:914} INFO - Processing file /home/airflow/.local/lib/python3.12/site-packages/airflow/example_dags/example_python_operator.py for tasks to queue
[2026-05-02T12:36:07.044+0000] {logging_mixin.py:190} INFO - [2026-05-02T12:36:07.044+0000] {dagbag.py:588} INFO - Filling up the DagBag from /home/airflow/.local/lib/python3.12/site-packages/airflow/example_dags/example_python_operator.py
[2026-05-02T12:36:07.050+0000] {processor.py:925} INFO - DAG(s) 'example_python_operator' retrieved from /home/airflow/.local/lib/python3.12/site-packages/airflow/example_dags/example_python_operator.py
[2026-05-02T12:36:07.062+0000] {logging_mixin.py:190} INFO - [2026-05-02T12:36:07.062+0000] {dag.py:3239} INFO - Sync 1 DAGs
[2026-05-02T12:36:07.067+0000] {logging_mixin.py:190} INFO - [2026-05-02T12:36:07.067+0000] {dag.py:4180} INFO - Setting next_dagrun for example_python_operator to None, run_after=None
[2026-05-02T12:36:07.076+0000] {processor.py:208} INFO - Processing /home/airflow/.local/lib/python3.12/site-packages/airflow/example_dags/example_python_operator.py took 0.038 seconds
[2026-05-02T12:36:37.695+0000] {processor.py:186} INFO - Started process (PID=89354) to work on /home/airflow/.local/lib/python3.12/site-packages/airflow/example_dags/example_python_operator.py
[2026-05-02T12:36:37.696+0000] {processor.py:914} INFO - Processing file /home/airflow/.local/lib/python3.12/site-packages/airflow/example_dags/example_python_operator.py for tasks to queue
[2026-05-02T12:36:37.697+0000] {logging_mixin.py:190} INFO - [2026-05-02T12:36:37.697+0000] {dagbag.py:588} INFO - Filling up the DagBag from /home/airflow/.local/lib/python3.12/site-packages/airflow/example_dags/example_python_operator.py
[2026-05-02T12:36:37.703+0000] {processor.py:925} INFO - DAG(s) 'example_python_operator' retrieved from /home/airflow/.local/lib/python3.12/site-packages/airflow/example_dags/example_python_operator.py
[2026-05-02T12:36:37.714+0000] {logging_mixin.py:190} INFO - [2026-05-02T12:36:37.714+0000] {dag.py:3239} INFO - Sync 1 DAGs
[2026-05-02T12:36:37.720+0000] {logging_mixin.py:190} INFO - [2026-05-02T12:36:37.720+0000] {dag.py:4180} INFO - Setting next_dagrun for example_python_operator to None, run_after=None
[2026-05-02T12:36:37.726+0000] {processor.py:208} INFO - Processing /home/airflow/.local/lib/python3.12/site-packages/airflow/example_dags/example_python_operator.py took 0.033 seconds
[2026-05-02T12:37:08.156+0000] {processor.py:186} INFO - Started process (PID=89424) to work on /home/airflow/.local/lib/python3.12/site-packages/airflow/example_dags/example_python_operator.py
[2026-05-02T12:37:08.156+0000] {processor.py:914} INFO - Processing file /home/airflow/.local/lib/python3.12/site-packages/airflow/example_dags/example_python_operator.py for tasks to queue
[2026-05-02T12:37:08.159+0000] {logging_mixin.py:190} INFO - [2026-05-02T12:37:08.159+0000] {dagbag.py:588} INFO - Filling up the DagBag from /home/airflow/.local/lib/python3.12/site-packages/airflow/example_dags/example_python_operator.py
[2026-05-02T12:37:08.167+0000] {processor.py:925} INFO - DAG(s) 'example_python_operator' retrieved from /home/airflow/.local/lib/python3.12/site-packages/airflow/example_dags/example_python_operator.py
[2026-05-02T12:37:08.178+0000] {logging_mixin.py:190} INFO - [2026-05-02T12:37:08.177+0000] {dag.py:3239} INFO - Sync 1 DAGs
[2026-05-02T12:37:08.186+0000] {logging_mixin.py:190} INFO - [2026-05-02T12:37:08.186+0000] {dag.py:4180} INFO - Setting next_dagrun for example_python_operator to None, run_after=None
[2026-05-02T12:37:08.194+0000] {processor.py:208} INFO - Processing /home/airflow/.local/lib/python3.12/site-packages/airflow/example_dags/example_python_operator.py took 0.041 seconds
[2026-05-02T12:37:39.590+0000] {processor.py:186} INFO - Started process (PID=89488) to work on /home/airflow/.local/lib/python3.12/site-packages/airflow/example_dags/example_python_operator.py
[2026-05-02T12:37:39.591+0000] {processor.py:914} INFO - Processing file /home/airflow/.local/lib/python3.12/site-packages/airflow/example_dags/example_python_operator.py for tasks to queue
[2026-05-02T12:37:39.592+0000] {logging_mixin.py:190} INFO - [2026-05-02T12:37:39.592+0000] {dagbag.py:588} INFO - Filling up the DagBag from /home/airflow/.local/lib/python3.12/site-packages/airflow/example_dags/example_python_operator.py
[2026-05-02T12:37:39.598+0000] {processor.py:925} INFO - DAG(s) 'example_python_operator' retrieved from /home/airflow/.local/lib/python3.12/site-packages/airflow/example_dags/example_python_operator.py
[2026-05-02T12:37:39.607+0000] {logging_mixin.py:190} INFO - [2026-05-02T12:37:39.606+0000] {dag.py:3239} INFO - Sync 1 DAGs
[2026-05-02T12:37:39.613+0000] {logging_mixin.py:190} INFO - [2026-05-02T12:37:39.613+0000] {dag.py:4180} INFO - Setting next_dagrun for example_python_operator to None, run_after=None
[2026-05-02T12:37:39.625+0000] {processor.py:208} INFO - Processing /home/airflow/.local/lib/python3.12/site-packages/airflow/example_dags/example_python_operator.py took 0.038 seconds
[2026-05-02T12:38:10.286+0000] {processor.py:186} INFO - Started process (PID=89552) to work on /home/airflow/.local/lib/python3.12/site-packages/airflow/example_dags/example_python_operator.py
[2026-05-02T12:38:10.287+0000] {processor.py:914} INFO - Processing file /home/airflow/.local/lib/python3.12/site-packages/airflow/example_dags/example_python_operator.py for tasks to queue
[2026-05-02T12:38:10.288+0000] {logging_mixin.py:190} INFO - [2026-05-02T12:38:10.287+0000] {dagbag.py:588} INFO - Filling up the DagBag from /home/airflow/.local/lib/python3.12/site-packages/airflow/example_dags/example_python_operator.py
[2026-05-02T12:38:10.293+0000] {processor.py:925} INFO - DAG(s) 'example_python_operator' retrieved from /home/airflow/.local/lib/python3.12/site-packages/airflow/example_dags/example_python_operator.py
[2026-05-02T12:38:10.302+0000] {logging_mixin.py:190} INFO - [2026-05-02T12:38:10.302+0000] {dag.py:3239} INFO - Sync 1 DAGs
[2026-05-02T12:38:10.308+0000] {logging_mixin.py:190} INFO - [2026-05-02T12:38:10.308+0000] {dag.py:4180} INFO - Setting next_dagrun for example_python_operator to None, run_after=None
[2026-05-02T12:38:10.314+0000] {processor.py:208} INFO - Processing /home/airflow/.local/lib/python3.12/site-packages/airflow/example_dags/example_python_operator.py took 0.032 seconds
[2026-05-02T12:38:41.232+0000] {processor.py:186} INFO - Started process (PID=89616) to work on /home/airflow/.local/lib/python3.12/site-packages/airflow/example_dags/example_python_operator.py
[2026-05-02T12:38:41.232+0000] {processor.py:914} INFO - Processing file /home/airflow/.local/lib/python3.12/site-packages/airflow/example_dags/example_python_operator.py for tasks to queue
[2026-05-02T12:38:41.234+0000] {logging_mixin.py:190} INFO - [2026-05-02T12:38:41.234+0000] {dagbag.py:588} INFO - Filling up the DagBag from /home/airflow/.local/lib/python3.12/site-packages/airflow/example_dags/example_python_operator.py
[2026-05-02T12:38:41.245+0000] {processor.py:925} INFO - DAG(s) 'example_python_operator' retrieved from /home/airflow/.local/lib/python3.12/site-packages/airflow/example_dags/example_python_operator.py
[2026-05-02T12:38:41.260+0000] {logging_mixin.py:190} INFO - [2026-05-02T12:38:41.260+0000] {dag.py:3239} INFO - Sync 1 DAGs
[2026-05-02T12:38:41.268+0000] {logging_mixin.py:190} INFO - [2026-05-02T12:38:41.268+0000] {dag.py:4180} INFO - Setting next_dagrun for example_python_operator to None, run_after=None
[2026-05-02T12:38:41.281+0000] {processor.py:208} INFO - Processing /home/airflow/.local/lib/python3.12/site-packages/airflow/example_dags/example_python_operator.py took 0.053 seconds
[2026-05-02T12:39:12.502+0000] {processor.py:186} INFO - Started process (PID=89680) to work on /home/airflow/.local/lib/python3.12/site-packages/airflow/example_dags/example_python_operator.py
[2026-05-02T12:39:12.505+0000] {processor.py:914} INFO - Processing file /home/airflow/.local/lib/python3.12/site-packages/airflow/example_dags/example_python_operator.py for tasks to queue
[2026-05-02T12:39:12.506+0000] {logging_mixin.py:190} INFO - [2026-05-02T12:39:12.506+0000] {dagbag.py:588} INFO - Filling up the DagBag from /home/airflow/.local/lib/python3.12/site-packages/airflow/example_dags/example_python_operator.py
[2026-05-02T12:39:12.512+0000] {processor.py:925} INFO - DAG(s) 'example_python_operator' retrieved from /home/airflow/.local/lib/python3.12/site-packages/airflow/example_dags/example_python_operator.py
[2026-05-02T12:39:12.524+0000] {logging_mixin.py:190} INFO - [2026-05-02T12:39:12.524+0000] {dag.py:3239} INFO - Sync 1 DAGs
[2026-05-02T12:39:12.534+0000] {logging_mixin.py:190} INFO - [2026-05-02T12:39:12.534+0000] {dag.py:4180} INFO - Setting next_dagrun for example_python_operator to None, run_after=None
[2026-05-02T12:39:12.549+0000] {processor.py:208} INFO - Processing /home/airflow/.local/lib/python3.12/site-packages/airflow/example_dags/example_python_operator.py took 0.051 seconds
[2026-05-02T12:39:43.449+0000] {processor.py:186} INFO - Started process (PID=89744) to work on /home/airflow/.local/lib/python3.12/site-packages/airflow/example_dags/example_python_operator.py
[2026-05-02T12:39:43.449+0000] {processor.py:914} INFO - Processing file /home/airflow/.local/lib/python3.12/site-packages/airflow/example_dags/example_python_operator.py for tasks to queue
[2026-05-02T12:39:43.452+0000] {logging_mixin.py:190} INFO - [2026-05-02T12:39:43.452+0000] {dagbag.py:588} INFO - Filling up the DagBag from /home/airflow/.local/lib/python3.12/site-packages/airflow/example_dags/example_python_operator.py
[2026-05-02T12:39:43.459+0000] {processor.py:925} INFO - DAG(s) 'example_python_operator' retrieved from /home/airflow/.local/lib/python3.12/site-packages/airflow/example_dags/example_python_operator.py
[2026-05-02T12:39:43.470+0000] {logging_mixin.py:190} INFO - [2026-05-02T12:39:43.470+0000] {dag.py:3239} INFO - Sync 1 DAGs
[2026-05-02T12:39:43.476+0000] {logging_mixin.py:190} INFO - [2026-05-02T12:39:43.476+0000] {dag.py:4180} INFO - Setting next_dagrun for example_python_operator to None, run_after=None
[2026-05-02T12:39:43.484+0000] {processor.py:208} INFO - Processing /home/airflow/.local/lib/python3.12/site-packages/airflow/example_dags/example_python_operator.py took 0.038 seconds
[2026-05-02T12:40:14.585+0000] {processor.py:186} INFO - Started process (PID=89807) to work on /home/airflow/.local/lib/python3.12/site-packages/airflow/example_dags/example_python_operator.py
[2026-05-02T12:40:14.586+0000] {processor.py:914} INFO - Processing file /home/airflow/.local/lib/python3.12/site-packages/airflow/example_dags/example_python_operator.py for tasks to queue
[2026-05-02T12:40:14.587+0000] {logging_mixin.py:190} INFO - [2026-05-02T12:40:14.587+0000] {dagbag.py:588} INFO - Filling up the DagBag from /home/airflow/.local/lib/python3.12/site-packages/airflow/example_dags/example_python_operator.py
[2026-05-02T12:40:14.592+0000] {processor.py:925} INFO - DAG(s) 'example_python_operator' retrieved from /home/airflow/.local/lib/python3.12/site-packages/airflow/example_dags/example_python_operator.py
[2026-05-02T12:40:14.610+0000] {logging_mixin.py:190} INFO - [2026-05-02T12:40:14.610+0000] {dag.py:3239} INFO - Sync 1 DAGs
[2026-05-02T12:40:14.616+0000] {logging_mixin.py:190} INFO - [2026-05-02T12:40:14.616+0000] {dag.py:4180} INFO - Setting next_dagrun for example_python_operator to None, run_after=None
[2026-05-02T12:40:14.624+0000] {processor.py:208} INFO - Processing /home/airflow/.local/lib/python3.12/site-packages/airflow/example_dags/example_python_operator.py took 0.050 seconds
[2026-05-02T12:40:46.068+0000] {processor.py:186} INFO - Started process (PID=89871) to work on /home/airflow/.local/lib/python3.12/site-packages/airflow/example_dags/example_python_operator.py
[2026-05-02T12:40:46.068+0000] {processor.py:914} INFO - Processing file /home/airflow/.local/lib/python3.12/site-packages/airflow/example_dags/example_python_operator.py for tasks to queue
[2026-05-02T12:40:46.069+0000] {logging_mixin.py:190} INFO - [2026-05-02T12:40:46.069+0000] {dagbag.py:588} INFO - Filling up the DagBag from /home/airflow/.local/lib/python3.12/site-packages/airflow/example_dags/example_python_operator.py
[2026-05-02T12:40:46.075+0000] {processor.py:925} INFO - DAG(s) 'example_python_operator' retrieved from /home/airflow/.local/lib/python3.12/site-packages/airflow/example_dags/example_python_operator.py
[2026-05-02T12:40:46.084+0000] {logging_mixin.py:190} INFO - [2026-05-02T12:40:46.084+0000] {dag.py:3239} INFO - Sync 1 DAGs
[2026-05-02T12:40:46.089+0000] {logging_mixin.py:190} INFO - [2026-05-02T12:40:46.089+0000] {dag.py:4180} INFO - Setting next_dagrun for example_python_operator to None, run_after=None
[2026-05-02T12:40:46.095+0000] {processor.py:208} INFO - Processing /home/airflow/.local/lib/python3.12/site-packages/airflow/example_dags/example_python_operator.py took 0.030 seconds
[2026-05-02T12:41:16.873+0000] {processor.py:186} INFO - Started process (PID=89935) to work on /home/airflow/.local/lib/python3.12/site-packages/airflow/example_dags/example_python_operator.py
[2026-05-02T12:41:16.874+0000] {processor.py:914} INFO - Processing file /home/airflow/.local/lib/python3.12/site-packages/airflow/example_dags/example_python_operator.py for tasks to queue
[2026-05-02T12:41:16.875+0000] {logging_mixin.py:190} INFO - [2026-05-02T12:41:16.874+0000] {dagbag.py:588} INFO - Filling up the DagBag from /home/airflow/.local/lib/python3.12/site-packages/airflow/example_dags/example_python_operator.py
[2026-05-02T12:41:16.880+0000] {processor.py:925} INFO - DAG(s) 'example_python_operator' retrieved from /home/airflow/.local/lib/python3.12/site-packages/airflow/example_dags/example_python_operator.py
[2026-05-02T12:41:16.892+0000] {logging_mixin.py:190} INFO - [2026-05-02T12:41:16.892+0000] {dag.py:3239} INFO - Sync 1 DAGs
[2026-05-02T12:41:16.898+0000] {logging_mixin.py:190} INFO - [2026-05-02T12:41:16.898+0000] {dag.py:4180} INFO - Setting next_dagrun for example_python_operator to None, run_after=None
[2026-05-02T12:41:16.910+0000] {processor.py:208} INFO - Processing /home/airflow/.local/lib/python3.12/site-packages/airflow/example_dags/example_python_operator.py took 0.040 seconds
[2026-05-02T12:41:48.000+0000] {processor.py:186} INFO - Started process (PID=89999) to work on /home/airflow/.local/lib/python3.12/site-packages/airflow/example_dags/example_python_operator.py
[2026-05-02T12:41:48.001+0000] {processor.py:914} INFO - Processing file /home/airflow/.local/lib/python3.12/site-packages/airflow/example_dags/example_python_operator.py for tasks to queue
[2026-05-02T12:41:48.005+0000] {logging_mixin.py:190} INFO - [2026-05-02T12:41:48.005+0000] {dagbag.py:588} INFO - Filling up the DagBag from /home/airflow/.local/lib/python3.12/site-packages/airflow/example_dags/example_python_operator.py
[2026-05-02T12:41:48.018+0000] {processor.py:925} INFO - DAG(s) 'example_python_operator' retrieved from /home/airflow/.local/lib/python3.12/site-packages/airflow/example_dags/example_python_operator.py
[2026-05-02T12:41:48.039+0000] {logging_mixin.py:190} INFO - [2026-05-02T12:41:48.039+0000] {dag.py:3239} INFO - Sync 1 DAGs
[2026-05-02T12:41:48.052+0000] {logging_mixin.py:190} INFO - [2026-05-02T12:41:48.052+0000] {dag.py:4180} INFO - Setting next_dagrun for example_python_operator to None, run_after=None
[2026-05-02T12:41:48.064+0000] {processor.py:208} INFO - Processing /home/airflow/.local/lib/python3.12/site-packages/airflow/example_dags/example_python_operator.py took 0.069 seconds
[2026-05-02T12:42:18.874+0000] {processor.py:186} INFO - Started process (PID=90063) to work on /home/airflow/.local/lib/python3.12/site-packages/airflow/example_dags/example_python_operator.py
[2026-05-02T12:42:18.875+0000] {processor.py:914} INFO - Processing file /home/airflow/.local/lib/python3.12/site-packages/airflow/example_dags/example_python_operator.py for tasks to queue
[2026-05-02T12:42:18.876+0000] {logging_mixin.py:190} INFO - [2026-05-02T12:42:18.876+0000] {dagbag.py:588} INFO - Filling up the DagBag from /home/airflow/.local/lib/python3.12/site-packages/airflow/example_dags/example_python_operator.py
[2026-05-02T12:42:18.881+0000] {processor.py:925} INFO - DAG(s) 'example_python_operator' retrieved from /home/airflow/.local/lib/python3.12/site-packages/airflow/example_dags/example_python_operator.py
[2026-05-02T12:42:18.897+0000] {logging_mixin.py:190} INFO - [2026-05-02T12:42:18.897+0000] {dag.py:3239} INFO - Sync 1 DAGs
[2026-05-02T12:42:18.903+0000] {logging_mixin.py:190} INFO - [2026-05-02T12:42:18.903+0000] {dag.py:4180} INFO - Setting next_dagrun for example_python_operator to None, run_after=None
[2026-05-02T12:42:18.912+0000] {processor.py:208} INFO - Processing /home/airflow/.local/lib/python3.12/site-packages/airflow/example_dags/example_python_operator.py took 0.040 seconds
[2026-05-02T12:42:49.704+0000] {processor.py:186} INFO - Started process (PID=90127) to work on /home/airflow/.local/lib/python3.12/site-packages/airflow/example_dags/example_python_operator.py
[2026-05-02T12:42:49.704+0000] {processor.py:914} INFO - Processing file /home/airflow/.local/lib/python3.12/site-packages/airflow/example_dags/example_python_operator.py for tasks to queue
[2026-05-02T12:42:49.705+0000] {logging_mixin.py:190} INFO - [2026-05-02T12:42:49.705+0000] {dagbag.py:588} INFO - Filling up the DagBag from /home/airflow/.local/lib/python3.12/site-packages/airflow/example_dags/example_python_operator.py
[2026-05-02T12:42:49.713+0000] {processor.py:925} INFO - DAG(s) 'example_python_operator' retrieved from /home/airflow/.local/lib/python3.12/site-packages/airflow/example_dags/example_python_operator.py
[2026-05-02T12:42:49.723+0000] {logging_mixin.py:190} INFO - [2026-05-02T12:42:49.723+0000] {dag.py:3239} INFO - Sync 1 DAGs
[2026-05-02T12:42:49.730+0000] {logging_mixin.py:190} INFO - [2026-05-02T12:42:49.730+0000] {dag.py:4180} INFO - Setting next_dagrun for example_python_operator to None, run_after=None
[2026-05-02T12:42:49.740+0000] {processor.py:208} INFO - Processing /home/airflow/.local/lib/python3.12/site-packages/airflow/example_dags/example_python_operator.py took 0.039 seconds
[2026-05-02T12:43:20.711+0000] {processor.py:186} INFO - Started process (PID=90191) to work on /home/airflow/.local/lib/python3.12/site-packages/airflow/example_dags/example_python_operator.py
[2026-05-02T12:43:20.712+0000] {processor.py:914} INFO - Processing file /home/airflow/.local/lib/python3.12/site-packages/airflow/example_dags/example_python_operator.py for tasks to queue
[2026-05-02T12:43:20.715+0000] {logging_mixin.py:190} INFO - [2026-05-02T12:43:20.715+0000] {dagbag.py:588} INFO - Filling up the DagBag from /home/airflow/.local/lib/python3.12/site-packages/airflow/example_dags/example_python_operator.py
[2026-05-02T12:43:20.723+0000] {processor.py:925} INFO - DAG(s) 'example_python_operator' retrieved from /home/airflow/.local/lib/python3.12/site-packages/airflow/example_dags/example_python_operator.py
[2026-05-02T12:43:20.740+0000] {logging_mixin.py:190} INFO - [2026-05-02T12:43:20.740+0000] {dag.py:3239} INFO - Sync 1 DAGs
[2026-05-02T12:43:20.748+0000] {logging_mixin.py:190} INFO - [2026-05-02T12:43:20.748+0000] {dag.py:4180} INFO - Setting next_dagrun for example_python_operator to None, run_after=None
[2026-05-02T12:43:20.759+0000] {processor.py:208} INFO - Processing /home/airflow/.local/lib/python3.12/site-packages/airflow/example_dags/example_python_operator.py took 0.052 seconds
[2026-05-02T12:43:51.616+0000] {processor.py:186} INFO - Started process (PID=90255) to work on /home/airflow/.local/lib/python3.12/site-packages/airflow/example_dags/example_python_operator.py
[2026-05-02T12:43:51.616+0000] {processor.py:914} INFO - Processing file /home/airflow/.local/lib/python3.12/site-packages/airflow/example_dags/example_python_operator.py for tasks to queue
[2026-05-02T12:43:51.617+0000] {logging_mixin.py:190} INFO - [2026-05-02T12:43:51.617+0000] {dagbag.py:588} INFO - Filling up the DagBag from /home/airflow/.local/lib/python3.12/site-packages/airflow/example_dags/example_python_operator.py
[2026-05-02T12:43:51.621+0000] {processor.py:925} INFO - DAG(s) 'example_python_operator' retrieved from /home/airflow/.local/lib/python3.12/site-packages/airflow/example_dags/example_python_operator.py
[2026-05-02T12:43:51.637+0000] {logging_mixin.py:190} INFO - [2026-05-02T12:43:51.636+0000] {dag.py:3239} INFO - Sync 1 DAGs
[2026-05-02T12:43:51.642+0000] {logging_mixin.py:190} INFO - [2026-05-02T12:43:51.642+0000] {dag.py:4180} INFO - Setting next_dagrun for example_python_operator to None, run_after=None
[2026-05-02T12:43:51.651+0000] {processor.py:208} INFO - Processing /home/airflow/.local/lib/python3.12/site-packages/airflow/example_dags/example_python_operator.py took 0.038 seconds
[2026-05-02T12:44:22.515+0000] {processor.py:186} INFO - Started process (PID=90319) to work on /home/airflow/.local/lib/python3.12/site-packages/airflow/example_dags/example_python_operator.py
[2026-05-02T12:44:22.516+0000] {processor.py:914} INFO - Processing file /home/airflow/.local/lib/python3.12/site-packages/airflow/example_dags/example_python_operator.py for tasks to queue
[2026-05-02T12:44:22.517+0000] {logging_mixin.py:190} INFO - [2026-05-02T12:44:22.517+0000] {dagbag.py:588} INFO - Filling up the DagBag from /home/airflow/.local/lib/python3.12/site-packages/airflow/example_dags/example_python_operator.py
[2026-05-02T12:44:22.522+0000] {processor.py:925} INFO - DAG(s) 'example_python_operator' retrieved from /home/airflow/.local/lib/python3.12/site-packages/airflow/example_dags/example_python_operator.py
[2026-05-02T12:44:22.529+0000] {logging_mixin.py:190} INFO - [2026-05-02T12:44:22.529+0000] {dag.py:3239} INFO - Sync 1 DAGs
[2026-05-02T12:44:22.534+0000] {logging_mixin.py:190} INFO - [2026-05-02T12:44:22.533+0000] {dag.py:4180} INFO - Setting next_dagrun for example_python_operator to None, run_after=None
[2026-05-02T12:44:22.539+0000] {processor.py:208} INFO - Processing /home/airflow/.local/lib/python3.12/site-packages/airflow/example_dags/example_python_operator.py took 0.026 seconds
[2026-05-02T12:44:53.381+0000] {processor.py:186} INFO - Started process (PID=90383) to work on /home/airflow/.local/lib/python3.12/site-packages/airflow/example_dags/example_python_operator.py
[2026-05-02T12:44:53.381+0000] {processor.py:914} INFO - Processing file /home/airflow/.local/lib/python3.12/site-packages/airflow/example_dags/example_python_operator.py for tasks to queue
[2026-05-02T12:44:53.383+0000] {logging_mixin.py:190} INFO - [2026-05-02T12:44:53.383+0000] {dagbag.py:588} INFO - Filling up the DagBag from /home/airflow/.local/lib/python3.12/site-packages/airflow/example_dags/example_python_operator.py
[2026-05-02T12:44:53.391+0000] {processor.py:925} INFO - DAG(s) 'example_python_operator' retrieved from /home/airflow/.local/lib/python3.12/site-packages/airflow/example_dags/example_python_operator.py
[2026-05-02T12:44:53.403+0000] {logging_mixin.py:190} INFO - [2026-05-02T12:44:53.403+0000] {dag.py:3239} INFO - Sync 1 DAGs
[2026-05-02T12:44:53.409+0000] {logging_mixin.py:190} INFO - [2026-05-02T12:44:53.409+0000] {dag.py:4180} INFO - Setting next_dagrun for example_python_operator to None, run_after=None
[2026-05-02T12:44:53.422+0000] {processor.py:208} INFO - Processing /home/airflow/.local/lib/python3.12/site-packages/airflow/example_dags/example_python_operator.py took 0.045 seconds
[2026-05-02T12:45:24.100+0000] {processor.py:186} INFO - Started process (PID=90447) to work on /home/airflow/.local/lib/python3.12/site-packages/airflow/example_dags/example_python_operator.py
[2026-05-02T12:45:24.101+0000] {processor.py:914} INFO - Processing file /home/airflow/.local/lib/python3.12/site-packages/airflow/example_dags/example_python_operator.py for tasks to queue
[2026-05-02T12:45:24.102+0000] {logging_mixin.py:190} INFO - [2026-05-02T12:45:24.102+0000] {dagbag.py:588} INFO - Filling up the DagBag from /home/airflow/.local/lib/python3.12/site-packages/airflow/example_dags/example_python_operator.py
[2026-05-02T12:45:24.107+0000] {processor.py:925} INFO - DAG(s) 'example_python_operator' retrieved from /home/airflow/.local/lib/python3.12/site-packages/airflow/example_dags/example_python_operator.py
[2026-05-02T12:45:24.120+0000] {logging_mixin.py:190} INFO - [2026-05-02T12:45:24.119+0000] {dag.py:3239} INFO - Sync 1 DAGs
[2026-05-02T12:45:24.128+0000] {logging_mixin.py:190} INFO - [2026-05-02T12:45:24.128+0000] {dag.py:4180} INFO - Setting next_dagrun for example_python_operator to None, run_after=None
[2026-05-02T12:45:24.137+0000] {processor.py:208} INFO - Processing /home/airflow/.local/lib/python3.12/site-packages/airflow/example_dags/example_python_operator.py took 0.039 seconds
[2026-05-02T12:45:54.718+0000] {processor.py:186} INFO - Started process (PID=90511) to work on /home/airflow/.local/lib/python3.12/site-packages/airflow/example_dags/example_python_operator.py
[2026-05-02T12:45:54.719+0000] {processor.py:914} INFO - Processing file /home/airflow/.local/lib/python3.12/site-packages/airflow/example_dags/example_python_operator.py for tasks to queue
[2026-05-02T12:45:54.720+0000] {logging_mixin.py:190} INFO - [2026-05-02T12:45:54.720+0000] {dagbag.py:588} INFO - Filling up the DagBag from /home/airflow/.local/lib/python3.12/site-packages/airflow/example_dags/example_python_operator.py
[2026-05-02T12:45:54.725+0000] {processor.py:925} INFO - DAG(s) 'example_python_operator' retrieved from /home/airflow/.local/lib/python3.12/site-packages/airflow/example_dags/example_python_operator.py
[2026-05-02T12:45:54.737+0000] {logging_mixin.py:190} INFO - [2026-05-02T12:45:54.737+0000] {dag.py:3239} INFO - Sync 1 DAGs
[2026-05-02T12:45:54.744+0000] {logging_mixin.py:190} INFO - [2026-05-02T12:45:54.744+0000] {dag.py:4180} INFO - Setting next_dagrun for example_python_operator to None, run_after=None
[2026-05-02T12:45:54.753+0000] {processor.py:208} INFO - Processing /home/airflow/.local/lib/python3.12/site-packages/airflow/example_dags/example_python_operator.py took 0.039 seconds
[2026-05-02T12:46:25.314+0000] {processor.py:186} INFO - Started process (PID=90574) to work on /home/airflow/.local/lib/python3.12/site-packages/airflow/example_dags/example_python_operator.py
[2026-05-02T12:46:25.314+0000] {processor.py:914} INFO - Processing file /home/airflow/.local/lib/python3.12/site-packages/airflow/example_dags/example_python_operator.py for tasks to queue
[2026-05-02T12:46:25.315+0000] {logging_mixin.py:190} INFO - [2026-05-02T12:46:25.315+0000] {dagbag.py:588} INFO - Filling up the DagBag from /home/airflow/.local/lib/python3.12/site-packages/airflow/example_dags/example_python_operator.py
[2026-05-02T12:46:25.321+0000] {processor.py:925} INFO - DAG(s) 'example_python_operator' retrieved from /home/airflow/.local/lib/python3.12/site-packages/airflow/example_dags/example_python_operator.py
[2026-05-02T12:46:25.332+0000] {logging_mixin.py:190} INFO - [2026-05-02T12:46:25.331+0000] {dag.py:3239} INFO - Sync 1 DAGs
[2026-05-02T12:46:25.343+0000] {logging_mixin.py:190} INFO - [2026-05-02T12:46:25.343+0000] {dag.py:4180} INFO - Setting next_dagrun for example_python_operator to None, run_after=None
[2026-05-02T12:46:25.351+0000] {processor.py:208} INFO - Processing /home/airflow/.local/lib/python3.12/site-packages/airflow/example_dags/example_python_operator.py took 0.040 seconds
[2026-05-02T12:46:56.077+0000] {processor.py:186} INFO - Started process (PID=90638) to work on /home/airflow/.local/lib/python3.12/site-packages/airflow/example_dags/example_python_operator.py
[2026-05-02T12:46:56.077+0000] {processor.py:914} INFO - Processing file /home/airflow/.local/lib/python3.12/site-packages/airflow/example_dags/example_python_operator.py for tasks to queue
[2026-05-02T12:46:56.079+0000] {logging_mixin.py:190} INFO - [2026-05-02T12:46:56.079+0000] {dagbag.py:588} INFO - Filling up the DagBag from /home/airflow/.local/lib/python3.12/site-packages/airflow/example_dags/example_python_operator.py
[2026-05-02T12:46:56.085+0000] {processor.py:925} INFO - DAG(s) 'example_python_operator' retrieved from /home/airflow/.local/lib/python3.12/site-packages/airflow/example_dags/example_python_operator.py
[2026-05-02T12:46:56.097+0000] {logging_mixin.py:190} INFO - [2026-05-02T12:46:56.097+0000] {dag.py:3239} INFO - Sync 1 DAGs
[2026-05-02T12:46:56.106+0000] {logging_mixin.py:190} INFO - [2026-05-02T12:46:56.106+0000] {dag.py:4180} INFO - Setting next_dagrun for example_python_operator to None, run_after=None
[2026-05-02T12:46:56.116+0000] {processor.py:208} INFO - Processing /home/airflow/.local/lib/python3.12/site-packages/airflow/example_dags/example_python_operator.py took 0.042 seconds
[2026-05-02T12:47:26.959+0000] {processor.py:186} INFO - Started process (PID=90702) to work on /home/airflow/.local/lib/python3.12/site-packages/airflow/example_dags/example_python_operator.py
[2026-05-02T12:47:26.960+0000] {processor.py:914} INFO - Processing file /home/airflow/.local/lib/python3.12/site-packages/airflow/example_dags/example_python_operator.py for tasks to queue
[2026-05-02T12:47:26.964+0000] {logging_mixin.py:190} INFO - [2026-05-02T12:47:26.963+0000] {dagbag.py:588} INFO - Filling up the DagBag from /home/airflow/.local/lib/python3.12/site-packages/airflow/example_dags/example_python_operator.py
[2026-05-02T12:47:26.970+0000] {processor.py:925} INFO - DAG(s) 'example_python_operator' retrieved from /home/airflow/.local/lib/python3.12/site-packages/airflow/example_dags/example_python_operator.py
[2026-05-02T12:47:26.979+0000] {logging_mixin.py:190} INFO - [2026-05-02T12:47:26.979+0000] {dag.py:3239} INFO - Sync 1 DAGs
[2026-05-02T12:47:26.985+0000] {logging_mixin.py:190} INFO - [2026-05-02T12:47:26.985+0000] {dag.py:4180} INFO - Setting next_dagrun for example_python_operator to None, run_after=None
[2026-05-02T12:47:26.996+0000] {processor.py:208} INFO - Processing /home/airflow/.local/lib/python3.12/site-packages/airflow/example_dags/example_python_operator.py took 0.041 seconds
[2026-05-02T12:47:57.826+0000] {processor.py:186} INFO - Started process (PID=90766) to work on /home/airflow/.local/lib/python3.12/site-packages/airflow/example_dags/example_python_operator.py
[2026-05-02T12:47:57.826+0000] {processor.py:914} INFO - Processing file /home/airflow/.local/lib/python3.12/site-packages/airflow/example_dags/example_python_operator.py for tasks to queue
[2026-05-02T12:47:57.827+0000] {logging_mixin.py:190} INFO - [2026-05-02T12:47:57.827+0000] {dagbag.py:588} INFO - Filling up the DagBag from /home/airflow/.local/lib/python3.12/site-packages/airflow/example_dags/example_python_operator.py
[2026-05-02T12:47:57.833+0000] {processor.py:925} INFO - DAG(s) 'example_python_operator' retrieved from /home/airflow/.local/lib/python3.12/site-packages/airflow/example_dags/example_python_operator.py
[2026-05-02T12:47:57.848+0000] {logging_mixin.py:190} INFO - [2026-05-02T12:47:57.847+0000] {dag.py:3239} INFO - Sync 1 DAGs
[2026-05-02T12:47:57.854+0000] {logging_mixin.py:190} INFO - [2026-05-02T12:47:57.854+0000] {dag.py:4180} INFO - Setting next_dagrun for example_python_operator to None, run_after=None
[2026-05-02T12:47:57.864+0000] {processor.py:208} INFO - Processing /home/airflow/.local/lib/python3.12/site-packages/airflow/example_dags/example_python_operator.py took 0.041 seconds
[2026-05-02T12:48:28.603+0000] {processor.py:186} INFO - Started process (PID=90830) to work on /home/airflow/.local/lib/python3.12/site-packages/airflow/example_dags/example_python_operator.py
[2026-05-02T12:48:28.603+0000] {processor.py:914} INFO - Processing file /home/airflow/.local/lib/python3.12/site-packages/airflow/example_dags/example_python_operator.py for tasks to queue
[2026-05-02T12:48:28.605+0000] {logging_mixin.py:190} INFO - [2026-05-02T12:48:28.604+0000] {dagbag.py:588} INFO - Filling up the DagBag from /home/airflow/.local/lib/python3.12/site-packages/airflow/example_dags/example_python_operator.py
[2026-05-02T12:48:28.613+0000] {processor.py:925} INFO - DAG(s) 'example_python_operator' retrieved from /home/airflow/.local/lib/python3.12/site-packages/airflow/example_dags/example_python_operator.py
[2026-05-02T12:48:28.625+0000] {logging_mixin.py:190} INFO - [2026-05-02T12:48:28.624+0000] {dag.py:3239} INFO - Sync 1 DAGs
[2026-05-02T12:48:28.629+0000] {logging_mixin.py:190} INFO - [2026-05-02T12:48:28.629+0000] {dag.py:4180} INFO - Setting next_dagrun for example_python_operator to None, run_after=None
[2026-05-02T12:48:28.640+0000] {processor.py:208} INFO - Processing /home/airflow/.local/lib/python3.12/site-packages/airflow/example_dags/example_python_operator.py took 0.039 seconds
[2026-05-02T12:48:59.349+0000] {processor.py:186} INFO - Started process (PID=90894) to work on /home/airflow/.local/lib/python3.12/site-packages/airflow/example_dags/example_python_operator.py
[2026-05-02T12:48:59.350+0000] {processor.py:914} INFO - Processing file /home/airflow/.local/lib/python3.12/site-packages/airflow/example_dags/example_python_operator.py for tasks to queue
[2026-05-02T12:48:59.351+0000] {logging_mixin.py:190} INFO - [2026-05-02T12:48:59.351+0000] {dagbag.py:588} INFO - Filling up the DagBag from /home/airflow/.local/lib/python3.12/site-packages/airflow/example_dags/example_python_operator.py
[2026-05-02T12:48:59.357+0000] {processor.py:925} INFO - DAG(s) 'example_python_operator' retrieved from /home/airflow/.local/lib/python3.12/site-packages/airflow/example_dags/example_python_operator.py
[2026-05-02T12:48:59.368+0000] {logging_mixin.py:190} INFO - [2026-05-02T12:48:59.368+0000] {dag.py:3239} INFO - Sync 1 DAGs
[2026-05-02T12:48:59.373+0000] {logging_mixin.py:190} INFO - [2026-05-02T12:48:59.373+0000] {dag.py:4180} INFO - Setting next_dagrun for example_python_operator to None, run_after=None
[2026-05-02T12:48:59.385+0000] {processor.py:208} INFO - Processing /home/airflow/.local/lib/python3.12/site-packages/airflow/example_dags/example_python_operator.py took 0.039 seconds
[2026-05-02T12:49:30.077+0000] {processor.py:186} INFO - Started process (PID=90958) to work on /home/airflow/.local/lib/python3.12/site-packages/airflow/example_dags/example_python_operator.py
[2026-05-02T12:49:30.078+0000] {processor.py:914} INFO - Processing file /home/airflow/.local/lib/python3.12/site-packages/airflow/example_dags/example_python_operator.py for tasks to queue
[2026-05-02T12:49:30.079+0000] {logging_mixin.py:190} INFO - [2026-05-02T12:49:30.079+0000] {dagbag.py:588} INFO - Filling up the DagBag from /home/airflow/.local/lib/python3.12/site-packages/airflow/example_dags/example_python_operator.py
[2026-05-02T12:49:30.084+0000] {processor.py:925} INFO - DAG(s) 'example_python_operator' retrieved from /home/airflow/.local/lib/python3.12/site-packages/airflow/example_dags/example_python_operator.py
[2026-05-02T12:49:30.091+0000] {logging_mixin.py:190} INFO - [2026-05-02T12:49:30.091+0000] {dag.py:3239} INFO - Sync 1 DAGs
[2026-05-02T12:49:30.096+0000] {logging_mixin.py:190} INFO - [2026-05-02T12:49:30.096+0000] {dag.py:4180} INFO - Setting next_dagrun for example_python_operator to None, run_after=None
[2026-05-02T12:49:30.101+0000] {processor.py:208} INFO - Processing /home/airflow/.local/lib/python3.12/site-packages/airflow/example_dags/example_python_operator.py took 0.026 seconds
[2026-05-02T12:50:00.964+0000] {processor.py:186} INFO - Started process (PID=91023) to work on /home/airflow/.local/lib/python3.12/site-packages/airflow/example_dags/example_python_operator.py
[2026-05-02T12:50:00.964+0000] {processor.py:914} INFO - Processing file /home/airflow/.local/lib/python3.12/site-packages/airflow/example_dags/example_python_operator.py for tasks to queue
[2026-05-02T12:50:00.967+0000] {logging_mixin.py:190} INFO - [2026-05-02T12:50:00.967+0000] {dagbag.py:588} INFO - Filling up the DagBag from /home/airflow/.local/lib/python3.12/site-packages/airflow/example_dags/example_python_operator.py
[2026-05-02T12:50:00.975+0000] {processor.py:925} INFO - DAG(s) 'example_python_operator' retrieved from /home/airflow/.local/lib/python3.12/site-packages/airflow/example_dags/example_python_operator.py
[2026-05-02T12:50:00.986+0000] {logging_mixin.py:190} INFO - [2026-05-02T12:50:00.986+0000] {dag.py:3239} INFO - Sync 1 DAGs
[2026-05-02T12:50:00.991+0000] {logging_mixin.py:190} INFO - [2026-05-02T12:50:00.991+0000] {dag.py:4180} INFO - Setting next_dagrun for example_python_operator to None, run_after=None
[2026-05-02T12:50:01.000+0000] {processor.py:208} INFO - Processing /home/airflow/.local/lib/python3.12/site-packages/airflow/example_dags/example_python_operator.py took 0.039 seconds
[2026-05-02T12:50:31.499+0000] {processor.py:186} INFO - Started process (PID=91087) to work on /home/airflow/.local/lib/python3.12/site-packages/airflow/example_dags/example_python_operator.py
[2026-05-02T12:50:31.501+0000] {processor.py:914} INFO - Processing file /home/airflow/.local/lib/python3.12/site-packages/airflow/example_dags/example_python_operator.py for tasks to queue
[2026-05-02T12:50:31.504+0000] {logging_mixin.py:190} INFO - [2026-05-02T12:50:31.504+0000] {dagbag.py:588} INFO - Filling up the DagBag from /home/airflow/.local/lib/python3.12/site-packages/airflow/example_dags/example_python_operator.py
[2026-05-02T12:50:31.509+0000] {processor.py:925} INFO - DAG(s) 'example_python_operator' retrieved from /home/airflow/.local/lib/python3.12/site-packages/airflow/example_dags/example_python_operator.py
[2026-05-02T12:50:31.521+0000] {logging_mixin.py:190} INFO - [2026-05-02T12:50:31.521+0000] {dag.py:3239} INFO - Sync 1 DAGs
[2026-05-02T12:50:31.528+0000] {logging_mixin.py:190} INFO - [2026-05-02T12:50:31.528+0000] {dag.py:4180} INFO - Setting next_dagrun for example_python_operator to None, run_after=None
[2026-05-02T12:50:31.534+0000] {processor.py:208} INFO - Processing /home/airflow/.local/lib/python3.12/site-packages/airflow/example_dags/example_python_operator.py took 0.038 seconds
[2026-05-02T12:51:02.241+0000] {processor.py:186} INFO - Started process (PID=91151) to work on /home/airflow/.local/lib/python3.12/site-packages/airflow/example_dags/example_python_operator.py
[2026-05-02T12:51:02.242+0000] {processor.py:914} INFO - Processing file /home/airflow/.local/lib/python3.12/site-packages/airflow/example_dags/example_python_operator.py for tasks to queue
[2026-05-02T12:51:02.243+0000] {logging_mixin.py:190} INFO - [2026-05-02T12:51:02.243+0000] {dagbag.py:588} INFO - Filling up the DagBag from /home/airflow/.local/lib/python3.12/site-packages/airflow/example_dags/example_python_operator.py
[2026-05-02T12:51:02.248+0000] {processor.py:925} INFO - DAG(s) 'example_python_operator' retrieved from /home/airflow/.local/lib/python3.12/site-packages/airflow/example_dags/example_python_operator.py
[2026-05-02T12:51:02.258+0000] {logging_mixin.py:190} INFO - [2026-05-02T12:51:02.258+0000] {dag.py:3239} INFO - Sync 1 DAGs
[2026-05-02T12:51:02.265+0000] {logging_mixin.py:190} INFO - [2026-05-02T12:51:02.265+0000] {dag.py:4180} INFO - Setting next_dagrun for example_python_operator to None, run_after=None
[2026-05-02T12:51:02.274+0000] {processor.py:208} INFO - Processing /home/airflow/.local/lib/python3.12/site-packages/airflow/example_dags/example_python_operator.py took 0.036 seconds
[2026-05-02T12:51:33.009+0000] {processor.py:186} INFO - Started process (PID=91215) to work on /home/airflow/.local/lib/python3.12/site-packages/airflow/example_dags/example_python_operator.py
[2026-05-02T12:51:33.010+0000] {processor.py:914} INFO - Processing file /home/airflow/.local/lib/python3.12/site-packages/airflow/example_dags/example_python_operator.py for tasks to queue
[2026-05-02T12:51:33.011+0000] {logging_mixin.py:190} INFO - [2026-05-02T12:51:33.010+0000] {dagbag.py:588} INFO - Filling up the DagBag from /home/airflow/.local/lib/python3.12/site-packages/airflow/example_dags/example_python_operator.py
[2026-05-02T12:51:33.016+0000] {processor.py:925} INFO - DAG(s) 'example_python_operator' retrieved from /home/airflow/.local/lib/python3.12/site-packages/airflow/example_dags/example_python_operator.py
[2026-05-02T12:51:33.027+0000] {logging_mixin.py:190} INFO - [2026-05-02T12:51:33.027+0000] {dag.py:3239} INFO - Sync 1 DAGs
[2026-05-02T12:51:33.033+0000] {logging_mixin.py:190} INFO - [2026-05-02T12:51:33.033+0000] {dag.py:4180} INFO - Setting next_dagrun for example_python_operator to None, run_after=None
[2026-05-02T12:51:33.047+0000] {processor.py:208} INFO - Processing /home/airflow/.local/lib/python3.12/site-packages/airflow/example_dags/example_python_operator.py took 0.042 seconds
[2026-05-02T12:52:03.665+0000] {processor.py:186} INFO - Started process (PID=91279) to work on /home/airflow/.local/lib/python3.12/site-packages/airflow/example_dags/example_python_operator.py
[2026-05-02T12:52:03.666+0000] {processor.py:914} INFO - Processing file /home/airflow/.local/lib/python3.12/site-packages/airflow/example_dags/example_python_operator.py for tasks to queue
[2026-05-02T12:52:03.667+0000] {logging_mixin.py:190} INFO - [2026-05-02T12:52:03.667+0000] {dagbag.py:588} INFO - Filling up the DagBag from /home/airflow/.local/lib/python3.12/site-packages/airflow/example_dags/example_python_operator.py
[2026-05-02T12:52:03.672+0000] {processor.py:925} INFO - DAG(s) 'example_python_operator' retrieved from /home/airflow/.local/lib/python3.12/site-packages/airflow/example_dags/example_python_operator.py
[2026-05-02T12:52:03.682+0000] {logging_mixin.py:190} INFO - [2026-05-02T12:52:03.682+0000] {dag.py:3239} INFO - Sync 1 DAGs
[2026-05-02T12:52:03.687+0000] {logging_mixin.py:190} INFO - [2026-05-02T12:52:03.687+0000] {dag.py:4180} INFO - Setting next_dagrun for example_python_operator to None, run_after=None
[2026-05-02T12:52:03.699+0000] {processor.py:208} INFO - Processing /home/airflow/.local/lib/python3.12/site-packages/airflow/example_dags/example_python_operator.py took 0.038 seconds
[2026-05-02T12:52:34.433+0000] {processor.py:186} INFO - Started process (PID=91344) to work on /home/airflow/.local/lib/python3.12/site-packages/airflow/example_dags/example_python_operator.py
[2026-05-02T12:52:34.433+0000] {processor.py:914} INFO - Processing file /home/airflow/.local/lib/python3.12/site-packages/airflow/example_dags/example_python_operator.py for tasks to queue
[2026-05-02T12:52:34.434+0000] {logging_mixin.py:190} INFO - [2026-05-02T12:52:34.434+0000] {dagbag.py:588} INFO - Filling up the DagBag from /home/airflow/.local/lib/python3.12/site-packages/airflow/example_dags/example_python_operator.py
[2026-05-02T12:52:34.439+0000] {processor.py:925} INFO - DAG(s) 'example_python_operator' retrieved from /home/airflow/.local/lib/python3.12/site-packages/airflow/example_dags/example_python_operator.py
[2026-05-02T12:52:34.450+0000] {logging_mixin.py:190} INFO - [2026-05-02T12:52:34.449+0000] {dag.py:3239} INFO - Sync 1 DAGs
[2026-05-02T12:52:34.454+0000] {logging_mixin.py:190} INFO - [2026-05-02T12:52:34.454+0000] {dag.py:4180} INFO - Setting next_dagrun for example_python_operator to None, run_after=None
[2026-05-02T12:52:34.460+0000] {processor.py:208} INFO - Processing /home/airflow/.local/lib/python3.12/site-packages/airflow/example_dags/example_python_operator.py took 0.030 seconds
[2026-05-02T12:53:05.093+0000] {processor.py:186} INFO - Started process (PID=91408) to work on /home/airflow/.local/lib/python3.12/site-packages/airflow/example_dags/example_python_operator.py
[2026-05-02T12:53:05.094+0000] {processor.py:914} INFO - Processing file /home/airflow/.local/lib/python3.12/site-packages/airflow/example_dags/example_python_operator.py for tasks to queue
[2026-05-02T12:53:05.095+0000] {logging_mixin.py:190} INFO - [2026-05-02T12:53:05.095+0000] {dagbag.py:588} INFO - Filling up the DagBag from /home/airflow/.local/lib/python3.12/site-packages/airflow/example_dags/example_python_operator.py
[2026-05-02T12:53:05.100+0000] {processor.py:925} INFO - DAG(s) 'example_python_operator' retrieved from /home/airflow/.local/lib/python3.12/site-packages/airflow/example_dags/example_python_operator.py
[2026-05-02T12:53:05.110+0000] {logging_mixin.py:190} INFO - [2026-05-02T12:53:05.110+0000] {dag.py:3239} INFO - Sync 1 DAGs
[2026-05-02T12:53:05.116+0000] {logging_mixin.py:190} INFO - [2026-05-02T12:53:05.115+0000] {dag.py:4180} INFO - Setting next_dagrun for example_python_operator to None, run_after=None
[2026-05-02T12:53:05.123+0000] {processor.py:208} INFO - Processing /home/airflow/.local/lib/python3.12/site-packages/airflow/example_dags/example_python_operator.py took 0.032 seconds
