[2026-05-02T00:10:28.143+0000] {processor.py:186} INFO - Started process (PID=74639) to work on /home/airflow/.local/lib/python3.12/site-packages/airflow/example_dags/example_kubernetes_executor.py
[2026-05-02T00:10:28.144+0000] {processor.py:914} INFO - Processing file /home/airflow/.local/lib/python3.12/site-packages/airflow/example_dags/example_kubernetes_executor.py for tasks to queue
[2026-05-02T00:10:28.145+0000] {logging_mixin.py:190} INFO - [2026-05-02T00:10:28.145+0000] {dagbag.py:588} INFO - Filling up the DagBag from /home/airflow/.local/lib/python3.12/site-packages/airflow/example_dags/example_kubernetes_executor.py
[2026-05-02T00:10:28.151+0000] {processor.py:925} INFO - DAG(s) 'example_kubernetes_executor' retrieved from /home/airflow/.local/lib/python3.12/site-packages/airflow/example_dags/example_kubernetes_executor.py
[2026-05-02T00:10:28.165+0000] {logging_mixin.py:190} INFO - [2026-05-02T00:10:28.165+0000] {dag.py:3239} INFO - Sync 1 DAGs
[2026-05-02T00:10:28.170+0000] {logging_mixin.py:190} INFO - [2026-05-02T00:10:28.170+0000] {dag.py:4180} INFO - Setting next_dagrun for example_kubernetes_executor to None, run_after=None
[2026-05-02T00:10:28.179+0000] {processor.py:208} INFO - Processing /home/airflow/.local/lib/python3.12/site-packages/airflow/example_dags/example_kubernetes_executor.py took 0.038 seconds
[2026-05-02T00:26:04.269+0000] {processor.py:186} INFO - Started process (PID=74703) to work on /home/airflow/.local/lib/python3.12/site-packages/airflow/example_dags/example_kubernetes_executor.py
[2026-05-02T00:26:04.269+0000] {processor.py:914} INFO - Processing file /home/airflow/.local/lib/python3.12/site-packages/airflow/example_dags/example_kubernetes_executor.py for tasks to queue
[2026-05-02T00:26:04.270+0000] {logging_mixin.py:190} INFO - [2026-05-02T00:26:04.270+0000] {dagbag.py:588} INFO - Filling up the DagBag from /home/airflow/.local/lib/python3.12/site-packages/airflow/example_dags/example_kubernetes_executor.py
[2026-05-02T00:26:04.282+0000] {processor.py:925} INFO - DAG(s) 'example_kubernetes_executor' retrieved from /home/airflow/.local/lib/python3.12/site-packages/airflow/example_dags/example_kubernetes_executor.py
[2026-05-02T00:26:04.302+0000] {logging_mixin.py:190} INFO - [2026-05-02T00:26:04.302+0000] {dag.py:3239} INFO - Sync 1 DAGs
[2026-05-02T00:26:04.308+0000] {logging_mixin.py:190} INFO - [2026-05-02T00:26:04.308+0000] {dag.py:4180} INFO - Setting next_dagrun for example_kubernetes_executor to None, run_after=None
[2026-05-02T00:26:04.319+0000] {processor.py:208} INFO - Processing /home/airflow/.local/lib/python3.12/site-packages/airflow/example_dags/example_kubernetes_executor.py took 0.053 seconds
[2026-05-02T00:26:34.760+0000] {processor.py:186} INFO - Started process (PID=74767) to work on /home/airflow/.local/lib/python3.12/site-packages/airflow/example_dags/example_kubernetes_executor.py
[2026-05-02T00:26:34.761+0000] {processor.py:914} INFO - Processing file /home/airflow/.local/lib/python3.12/site-packages/airflow/example_dags/example_kubernetes_executor.py for tasks to queue
[2026-05-02T00:26:34.762+0000] {logging_mixin.py:190} INFO - [2026-05-02T00:26:34.762+0000] {dagbag.py:588} INFO - Filling up the DagBag from /home/airflow/.local/lib/python3.12/site-packages/airflow/example_dags/example_kubernetes_executor.py
[2026-05-02T00:26:34.771+0000] {processor.py:925} INFO - DAG(s) 'example_kubernetes_executor' retrieved from /home/airflow/.local/lib/python3.12/site-packages/airflow/example_dags/example_kubernetes_executor.py
[2026-05-02T00:26:34.785+0000] {logging_mixin.py:190} INFO - [2026-05-02T00:26:34.784+0000] {dag.py:3239} INFO - Sync 1 DAGs
[2026-05-02T00:26:34.791+0000] {logging_mixin.py:190} INFO - [2026-05-02T00:26:34.791+0000] {dag.py:4180} INFO - Setting next_dagrun for example_kubernetes_executor to None, run_after=None
[2026-05-02T00:26:34.801+0000] {processor.py:208} INFO - Processing /home/airflow/.local/lib/python3.12/site-packages/airflow/example_dags/example_kubernetes_executor.py took 0.044 seconds
[2026-05-02T00:42:04.661+0000] {processor.py:186} INFO - Started process (PID=74831) to work on /home/airflow/.local/lib/python3.12/site-packages/airflow/example_dags/example_kubernetes_executor.py
[2026-05-02T00:42:04.661+0000] {processor.py:914} INFO - Processing file /home/airflow/.local/lib/python3.12/site-packages/airflow/example_dags/example_kubernetes_executor.py for tasks to queue
[2026-05-02T00:42:04.662+0000] {logging_mixin.py:190} INFO - [2026-05-02T00:42:04.662+0000] {dagbag.py:588} INFO - Filling up the DagBag from /home/airflow/.local/lib/python3.12/site-packages/airflow/example_dags/example_kubernetes_executor.py
[2026-05-02T00:42:04.673+0000] {processor.py:925} INFO - DAG(s) 'example_kubernetes_executor' retrieved from /home/airflow/.local/lib/python3.12/site-packages/airflow/example_dags/example_kubernetes_executor.py
[2026-05-02T00:42:04.683+0000] {logging_mixin.py:190} INFO - [2026-05-02T00:42:04.683+0000] {dag.py:3239} INFO - Sync 1 DAGs
[2026-05-02T00:42:04.691+0000] {logging_mixin.py:190} INFO - [2026-05-02T00:42:04.691+0000] {dag.py:4180} INFO - Setting next_dagrun for example_kubernetes_executor to None, run_after=None
[2026-05-02T00:42:04.699+0000] {processor.py:208} INFO - Processing /home/airflow/.local/lib/python3.12/site-packages/airflow/example_dags/example_kubernetes_executor.py took 0.041 seconds
[2026-05-02T00:57:36.092+0000] {processor.py:186} INFO - Started process (PID=74895) to work on /home/airflow/.local/lib/python3.12/site-packages/airflow/example_dags/example_kubernetes_executor.py
[2026-05-02T00:57:36.093+0000] {processor.py:914} INFO - Processing file /home/airflow/.local/lib/python3.12/site-packages/airflow/example_dags/example_kubernetes_executor.py for tasks to queue
[2026-05-02T00:57:36.094+0000] {logging_mixin.py:190} INFO - [2026-05-02T00:57:36.094+0000] {dagbag.py:588} INFO - Filling up the DagBag from /home/airflow/.local/lib/python3.12/site-packages/airflow/example_dags/example_kubernetes_executor.py
[2026-05-02T00:57:36.101+0000] {processor.py:925} INFO - DAG(s) 'example_kubernetes_executor' retrieved from /home/airflow/.local/lib/python3.12/site-packages/airflow/example_dags/example_kubernetes_executor.py
[2026-05-02T00:57:36.115+0000] {logging_mixin.py:190} INFO - [2026-05-02T00:57:36.115+0000] {dag.py:3239} INFO - Sync 1 DAGs
[2026-05-02T00:57:36.123+0000] {logging_mixin.py:190} INFO - [2026-05-02T00:57:36.123+0000] {dag.py:4180} INFO - Setting next_dagrun for example_kubernetes_executor to None, run_after=None
[2026-05-02T00:57:36.131+0000] {processor.py:208} INFO - Processing /home/airflow/.local/lib/python3.12/site-packages/airflow/example_dags/example_kubernetes_executor.py took 0.041 seconds
[2026-05-02T00:58:06.492+0000] {processor.py:186} INFO - Started process (PID=74959) to work on /home/airflow/.local/lib/python3.12/site-packages/airflow/example_dags/example_kubernetes_executor.py
[2026-05-02T00:58:06.492+0000] {processor.py:914} INFO - Processing file /home/airflow/.local/lib/python3.12/site-packages/airflow/example_dags/example_kubernetes_executor.py for tasks to queue
[2026-05-02T00:58:06.493+0000] {logging_mixin.py:190} INFO - [2026-05-02T00:58:06.493+0000] {dagbag.py:588} INFO - Filling up the DagBag from /home/airflow/.local/lib/python3.12/site-packages/airflow/example_dags/example_kubernetes_executor.py
[2026-05-02T00:58:06.501+0000] {processor.py:925} INFO - DAG(s) 'example_kubernetes_executor' retrieved from /home/airflow/.local/lib/python3.12/site-packages/airflow/example_dags/example_kubernetes_executor.py
[2026-05-02T00:58:06.514+0000] {logging_mixin.py:190} INFO - [2026-05-02T00:58:06.514+0000] {dag.py:3239} INFO - Sync 1 DAGs
[2026-05-02T00:58:06.520+0000] {logging_mixin.py:190} INFO - [2026-05-02T00:58:06.520+0000] {dag.py:4180} INFO - Setting next_dagrun for example_kubernetes_executor to None, run_after=None
[2026-05-02T00:58:06.527+0000] {processor.py:208} INFO - Processing /home/airflow/.local/lib/python3.12/site-packages/airflow/example_dags/example_kubernetes_executor.py took 0.039 seconds
[2026-05-02T01:13:36.942+0000] {processor.py:186} INFO - Started process (PID=75023) to work on /home/airflow/.local/lib/python3.12/site-packages/airflow/example_dags/example_kubernetes_executor.py
[2026-05-02T01:13:36.943+0000] {processor.py:914} INFO - Processing file /home/airflow/.local/lib/python3.12/site-packages/airflow/example_dags/example_kubernetes_executor.py for tasks to queue
[2026-05-02T01:13:36.944+0000] {logging_mixin.py:190} INFO - [2026-05-02T01:13:36.944+0000] {dagbag.py:588} INFO - Filling up the DagBag from /home/airflow/.local/lib/python3.12/site-packages/airflow/example_dags/example_kubernetes_executor.py
[2026-05-02T01:13:36.956+0000] {processor.py:925} INFO - DAG(s) 'example_kubernetes_executor' retrieved from /home/airflow/.local/lib/python3.12/site-packages/airflow/example_dags/example_kubernetes_executor.py
[2026-05-02T01:13:36.973+0000] {logging_mixin.py:190} INFO - [2026-05-02T01:13:36.973+0000] {dag.py:3239} INFO - Sync 1 DAGs
[2026-05-02T01:13:36.984+0000] {logging_mixin.py:190} INFO - [2026-05-02T01:13:36.984+0000] {dag.py:4180} INFO - Setting next_dagrun for example_kubernetes_executor to None, run_after=None
[2026-05-02T01:13:36.994+0000] {processor.py:208} INFO - Processing /home/airflow/.local/lib/python3.12/site-packages/airflow/example_dags/example_kubernetes_executor.py took 0.057 seconds
[2026-05-02T01:26:58.019+0000] {processor.py:186} INFO - Started process (PID=75087) to work on /home/airflow/.local/lib/python3.12/site-packages/airflow/example_dags/example_kubernetes_executor.py
[2026-05-02T01:26:58.021+0000] {processor.py:914} INFO - Processing file /home/airflow/.local/lib/python3.12/site-packages/airflow/example_dags/example_kubernetes_executor.py for tasks to queue
[2026-05-02T01:26:58.023+0000] {logging_mixin.py:190} INFO - [2026-05-02T01:26:58.023+0000] {dagbag.py:588} INFO - Filling up the DagBag from /home/airflow/.local/lib/python3.12/site-packages/airflow/example_dags/example_kubernetes_executor.py
[2026-05-02T01:26:58.035+0000] {processor.py:925} INFO - DAG(s) 'example_kubernetes_executor' retrieved from /home/airflow/.local/lib/python3.12/site-packages/airflow/example_dags/example_kubernetes_executor.py
[2026-05-02T01:26:58.051+0000] {logging_mixin.py:190} INFO - [2026-05-02T01:26:58.050+0000] {dag.py:3239} INFO - Sync 1 DAGs
[2026-05-02T01:26:58.058+0000] {logging_mixin.py:190} INFO - [2026-05-02T01:26:58.058+0000] {dag.py:4180} INFO - Setting next_dagrun for example_kubernetes_executor to None, run_after=None
[2026-05-02T01:26:58.068+0000] {processor.py:208} INFO - Processing /home/airflow/.local/lib/python3.12/site-packages/airflow/example_dags/example_kubernetes_executor.py took 0.052 seconds
[2026-05-02T01:27:28.588+0000] {processor.py:186} INFO - Started process (PID=75151) to work on /home/airflow/.local/lib/python3.12/site-packages/airflow/example_dags/example_kubernetes_executor.py
[2026-05-02T01:27:28.589+0000] {processor.py:914} INFO - Processing file /home/airflow/.local/lib/python3.12/site-packages/airflow/example_dags/example_kubernetes_executor.py for tasks to queue
[2026-05-02T01:27:28.589+0000] {logging_mixin.py:190} INFO - [2026-05-02T01:27:28.589+0000] {dagbag.py:588} INFO - Filling up the DagBag from /home/airflow/.local/lib/python3.12/site-packages/airflow/example_dags/example_kubernetes_executor.py
[2026-05-02T01:27:28.595+0000] {processor.py:925} INFO - DAG(s) 'example_kubernetes_executor' retrieved from /home/airflow/.local/lib/python3.12/site-packages/airflow/example_dags/example_kubernetes_executor.py
[2026-05-02T01:27:28.607+0000] {logging_mixin.py:190} INFO - [2026-05-02T01:27:28.607+0000] {dag.py:3239} INFO - Sync 1 DAGs
[2026-05-02T01:27:28.613+0000] {logging_mixin.py:190} INFO - [2026-05-02T01:27:28.613+0000] {dag.py:4180} INFO - Setting next_dagrun for example_kubernetes_executor to None, run_after=None
[2026-05-02T01:27:28.623+0000] {processor.py:208} INFO - Processing /home/airflow/.local/lib/python3.12/site-packages/airflow/example_dags/example_kubernetes_executor.py took 0.038 seconds
[2026-05-02T01:42:59.462+0000] {processor.py:186} INFO - Started process (PID=75215) to work on /home/airflow/.local/lib/python3.12/site-packages/airflow/example_dags/example_kubernetes_executor.py
[2026-05-02T01:42:59.462+0000] {processor.py:914} INFO - Processing file /home/airflow/.local/lib/python3.12/site-packages/airflow/example_dags/example_kubernetes_executor.py for tasks to queue
[2026-05-02T01:42:59.464+0000] {logging_mixin.py:190} INFO - [2026-05-02T01:42:59.463+0000] {dagbag.py:588} INFO - Filling up the DagBag from /home/airflow/.local/lib/python3.12/site-packages/airflow/example_dags/example_kubernetes_executor.py
[2026-05-02T01:42:59.470+0000] {processor.py:925} INFO - DAG(s) 'example_kubernetes_executor' retrieved from /home/airflow/.local/lib/python3.12/site-packages/airflow/example_dags/example_kubernetes_executor.py
[2026-05-02T01:42:59.482+0000] {logging_mixin.py:190} INFO - [2026-05-02T01:42:59.482+0000] {dag.py:3239} INFO - Sync 1 DAGs
[2026-05-02T01:42:59.489+0000] {logging_mixin.py:190} INFO - [2026-05-02T01:42:59.489+0000] {dag.py:4180} INFO - Setting next_dagrun for example_kubernetes_executor to None, run_after=None
[2026-05-02T01:42:59.500+0000] {processor.py:208} INFO - Processing /home/airflow/.local/lib/python3.12/site-packages/airflow/example_dags/example_kubernetes_executor.py took 0.041 seconds
[2026-05-02T01:43:29.762+0000] {processor.py:186} INFO - Started process (PID=75279) to work on /home/airflow/.local/lib/python3.12/site-packages/airflow/example_dags/example_kubernetes_executor.py
[2026-05-02T01:43:29.763+0000] {processor.py:914} INFO - Processing file /home/airflow/.local/lib/python3.12/site-packages/airflow/example_dags/example_kubernetes_executor.py for tasks to queue
[2026-05-02T01:43:29.764+0000] {logging_mixin.py:190} INFO - [2026-05-02T01:43:29.764+0000] {dagbag.py:588} INFO - Filling up the DagBag from /home/airflow/.local/lib/python3.12/site-packages/airflow/example_dags/example_kubernetes_executor.py
[2026-05-02T01:43:29.775+0000] {processor.py:925} INFO - DAG(s) 'example_kubernetes_executor' retrieved from /home/airflow/.local/lib/python3.12/site-packages/airflow/example_dags/example_kubernetes_executor.py
[2026-05-02T01:43:29.788+0000] {logging_mixin.py:190} INFO - [2026-05-02T01:43:29.788+0000] {dag.py:3239} INFO - Sync 1 DAGs
[2026-05-02T01:43:29.795+0000] {logging_mixin.py:190} INFO - [2026-05-02T01:43:29.794+0000] {dag.py:4180} INFO - Setting next_dagrun for example_kubernetes_executor to None, run_after=None
[2026-05-02T01:43:29.805+0000] {processor.py:208} INFO - Processing /home/airflow/.local/lib/python3.12/site-packages/airflow/example_dags/example_kubernetes_executor.py took 0.046 seconds
[2026-05-02T01:55:41.711+0000] {processor.py:186} INFO - Started process (PID=75343) to work on /home/airflow/.local/lib/python3.12/site-packages/airflow/example_dags/example_kubernetes_executor.py
[2026-05-02T01:55:41.712+0000] {processor.py:914} INFO - Processing file /home/airflow/.local/lib/python3.12/site-packages/airflow/example_dags/example_kubernetes_executor.py for tasks to queue
[2026-05-02T01:55:41.714+0000] {logging_mixin.py:190} INFO - [2026-05-02T01:55:41.714+0000] {dagbag.py:588} INFO - Filling up the DagBag from /home/airflow/.local/lib/python3.12/site-packages/airflow/example_dags/example_kubernetes_executor.py
[2026-05-02T01:55:41.732+0000] {processor.py:925} INFO - DAG(s) 'example_kubernetes_executor' retrieved from /home/airflow/.local/lib/python3.12/site-packages/airflow/example_dags/example_kubernetes_executor.py
[2026-05-02T01:55:41.744+0000] {logging_mixin.py:190} INFO - [2026-05-02T01:55:41.744+0000] {dag.py:3239} INFO - Sync 1 DAGs
[2026-05-02T01:55:41.751+0000] {logging_mixin.py:190} INFO - [2026-05-02T01:55:41.751+0000] {dag.py:4180} INFO - Setting next_dagrun for example_kubernetes_executor to None, run_after=None
[2026-05-02T01:55:41.762+0000] {processor.py:208} INFO - Processing /home/airflow/.local/lib/python3.12/site-packages/airflow/example_dags/example_kubernetes_executor.py took 0.055 seconds
[2026-05-02T02:11:13.795+0000] {processor.py:186} INFO - Started process (PID=75407) to work on /home/airflow/.local/lib/python3.12/site-packages/airflow/example_dags/example_kubernetes_executor.py
[2026-05-02T02:11:13.796+0000] {processor.py:914} INFO - Processing file /home/airflow/.local/lib/python3.12/site-packages/airflow/example_dags/example_kubernetes_executor.py for tasks to queue
[2026-05-02T02:11:13.797+0000] {logging_mixin.py:190} INFO - [2026-05-02T02:11:13.797+0000] {dagbag.py:588} INFO - Filling up the DagBag from /home/airflow/.local/lib/python3.12/site-packages/airflow/example_dags/example_kubernetes_executor.py
[2026-05-02T02:11:13.808+0000] {processor.py:925} INFO - DAG(s) 'example_kubernetes_executor' retrieved from /home/airflow/.local/lib/python3.12/site-packages/airflow/example_dags/example_kubernetes_executor.py
[2026-05-02T02:11:13.825+0000] {logging_mixin.py:190} INFO - [2026-05-02T02:11:13.825+0000] {dag.py:3239} INFO - Sync 1 DAGs
[2026-05-02T02:11:13.832+0000] {logging_mixin.py:190} INFO - [2026-05-02T02:11:13.831+0000] {dag.py:4180} INFO - Setting next_dagrun for example_kubernetes_executor to None, run_after=None
[2026-05-02T02:11:13.841+0000] {processor.py:208} INFO - Processing /home/airflow/.local/lib/python3.12/site-packages/airflow/example_dags/example_kubernetes_executor.py took 0.049 seconds
[2026-05-02T02:11:44.097+0000] {processor.py:186} INFO - Started process (PID=75471) to work on /home/airflow/.local/lib/python3.12/site-packages/airflow/example_dags/example_kubernetes_executor.py
[2026-05-02T02:11:44.098+0000] {processor.py:914} INFO - Processing file /home/airflow/.local/lib/python3.12/site-packages/airflow/example_dags/example_kubernetes_executor.py for tasks to queue
[2026-05-02T02:11:44.099+0000] {logging_mixin.py:190} INFO - [2026-05-02T02:11:44.099+0000] {dagbag.py:588} INFO - Filling up the DagBag from /home/airflow/.local/lib/python3.12/site-packages/airflow/example_dags/example_kubernetes_executor.py
[2026-05-02T02:11:44.105+0000] {processor.py:925} INFO - DAG(s) 'example_kubernetes_executor' retrieved from /home/airflow/.local/lib/python3.12/site-packages/airflow/example_dags/example_kubernetes_executor.py
[2026-05-02T02:11:44.116+0000] {logging_mixin.py:190} INFO - [2026-05-02T02:11:44.116+0000] {dag.py:3239} INFO - Sync 1 DAGs
[2026-05-02T02:11:44.122+0000] {logging_mixin.py:190} INFO - [2026-05-02T02:11:44.122+0000] {dag.py:4180} INFO - Setting next_dagrun for example_kubernetes_executor to None, run_after=None
[2026-05-02T02:11:44.130+0000] {processor.py:208} INFO - Processing /home/airflow/.local/lib/python3.12/site-packages/airflow/example_dags/example_kubernetes_executor.py took 0.035 seconds
[2026-05-02T02:13:20.364+0000] {processor.py:186} INFO - Started process (PID=75535) to work on /home/airflow/.local/lib/python3.12/site-packages/airflow/example_dags/example_kubernetes_executor.py
[2026-05-02T02:13:20.364+0000] {processor.py:914} INFO - Processing file /home/airflow/.local/lib/python3.12/site-packages/airflow/example_dags/example_kubernetes_executor.py for tasks to queue
[2026-05-02T02:13:20.365+0000] {logging_mixin.py:190} INFO - [2026-05-02T02:13:20.365+0000] {dagbag.py:588} INFO - Filling up the DagBag from /home/airflow/.local/lib/python3.12/site-packages/airflow/example_dags/example_kubernetes_executor.py
[2026-05-02T02:13:20.374+0000] {processor.py:925} INFO - DAG(s) 'example_kubernetes_executor' retrieved from /home/airflow/.local/lib/python3.12/site-packages/airflow/example_dags/example_kubernetes_executor.py
[2026-05-02T02:13:20.386+0000] {logging_mixin.py:190} INFO - [2026-05-02T02:13:20.386+0000] {dag.py:3239} INFO - Sync 1 DAGs
[2026-05-02T02:13:20.391+0000] {logging_mixin.py:190} INFO - [2026-05-02T02:13:20.391+0000] {dag.py:4180} INFO - Setting next_dagrun for example_kubernetes_executor to None, run_after=None
[2026-05-02T02:13:20.400+0000] {processor.py:208} INFO - Processing /home/airflow/.local/lib/python3.12/site-packages/airflow/example_dags/example_kubernetes_executor.py took 0.038 seconds
[2026-05-02T02:28:52.074+0000] {processor.py:186} INFO - Started process (PID=75599) to work on /home/airflow/.local/lib/python3.12/site-packages/airflow/example_dags/example_kubernetes_executor.py
[2026-05-02T02:28:52.075+0000] {processor.py:914} INFO - Processing file /home/airflow/.local/lib/python3.12/site-packages/airflow/example_dags/example_kubernetes_executor.py for tasks to queue
[2026-05-02T02:28:52.076+0000] {logging_mixin.py:190} INFO - [2026-05-02T02:28:52.075+0000] {dagbag.py:588} INFO - Filling up the DagBag from /home/airflow/.local/lib/python3.12/site-packages/airflow/example_dags/example_kubernetes_executor.py
[2026-05-02T02:28:52.086+0000] {processor.py:925} INFO - DAG(s) 'example_kubernetes_executor' retrieved from /home/airflow/.local/lib/python3.12/site-packages/airflow/example_dags/example_kubernetes_executor.py
[2026-05-02T02:28:52.096+0000] {logging_mixin.py:190} INFO - [2026-05-02T02:28:52.096+0000] {dag.py:3239} INFO - Sync 1 DAGs
[2026-05-02T02:28:52.102+0000] {logging_mixin.py:190} INFO - [2026-05-02T02:28:52.102+0000] {dag.py:4180} INFO - Setting next_dagrun for example_kubernetes_executor to None, run_after=None
[2026-05-02T02:28:52.110+0000] {processor.py:208} INFO - Processing /home/airflow/.local/lib/python3.12/site-packages/airflow/example_dags/example_kubernetes_executor.py took 0.039 seconds
[2026-05-02T02:29:22.900+0000] {processor.py:186} INFO - Started process (PID=75663) to work on /home/airflow/.local/lib/python3.12/site-packages/airflow/example_dags/example_kubernetes_executor.py
[2026-05-02T02:29:22.900+0000] {processor.py:914} INFO - Processing file /home/airflow/.local/lib/python3.12/site-packages/airflow/example_dags/example_kubernetes_executor.py for tasks to queue
[2026-05-02T02:29:22.901+0000] {logging_mixin.py:190} INFO - [2026-05-02T02:29:22.901+0000] {dagbag.py:588} INFO - Filling up the DagBag from /home/airflow/.local/lib/python3.12/site-packages/airflow/example_dags/example_kubernetes_executor.py
[2026-05-02T02:29:22.909+0000] {processor.py:925} INFO - DAG(s) 'example_kubernetes_executor' retrieved from /home/airflow/.local/lib/python3.12/site-packages/airflow/example_dags/example_kubernetes_executor.py
[2026-05-02T02:29:22.919+0000] {logging_mixin.py:190} INFO - [2026-05-02T02:29:22.919+0000] {dag.py:3239} INFO - Sync 1 DAGs
[2026-05-02T02:29:22.927+0000] {logging_mixin.py:190} INFO - [2026-05-02T02:29:22.927+0000] {dag.py:4180} INFO - Setting next_dagrun for example_kubernetes_executor to None, run_after=None
[2026-05-02T02:29:22.936+0000] {processor.py:208} INFO - Processing /home/airflow/.local/lib/python3.12/site-packages/airflow/example_dags/example_kubernetes_executor.py took 0.040 seconds
[2026-05-02T02:44:55.309+0000] {processor.py:186} INFO - Started process (PID=75727) to work on /home/airflow/.local/lib/python3.12/site-packages/airflow/example_dags/example_kubernetes_executor.py
[2026-05-02T02:44:55.310+0000] {processor.py:914} INFO - Processing file /home/airflow/.local/lib/python3.12/site-packages/airflow/example_dags/example_kubernetes_executor.py for tasks to queue
[2026-05-02T02:44:55.311+0000] {logging_mixin.py:190} INFO - [2026-05-02T02:44:55.311+0000] {dagbag.py:588} INFO - Filling up the DagBag from /home/airflow/.local/lib/python3.12/site-packages/airflow/example_dags/example_kubernetes_executor.py
[2026-05-02T02:44:55.317+0000] {processor.py:925} INFO - DAG(s) 'example_kubernetes_executor' retrieved from /home/airflow/.local/lib/python3.12/site-packages/airflow/example_dags/example_kubernetes_executor.py
[2026-05-02T02:44:55.330+0000] {logging_mixin.py:190} INFO - [2026-05-02T02:44:55.330+0000] {dag.py:3239} INFO - Sync 1 DAGs
[2026-05-02T02:44:55.335+0000] {logging_mixin.py:190} INFO - [2026-05-02T02:44:55.335+0000] {dag.py:4180} INFO - Setting next_dagrun for example_kubernetes_executor to None, run_after=None
[2026-05-02T02:44:55.345+0000] {processor.py:208} INFO - Processing /home/airflow/.local/lib/python3.12/site-packages/airflow/example_dags/example_kubernetes_executor.py took 0.039 seconds
[2026-05-02T02:56:16.605+0000] {processor.py:186} INFO - Started process (PID=75791) to work on /home/airflow/.local/lib/python3.12/site-packages/airflow/example_dags/example_kubernetes_executor.py
[2026-05-02T02:56:16.606+0000] {processor.py:914} INFO - Processing file /home/airflow/.local/lib/python3.12/site-packages/airflow/example_dags/example_kubernetes_executor.py for tasks to queue
[2026-05-02T02:56:16.607+0000] {logging_mixin.py:190} INFO - [2026-05-02T02:56:16.606+0000] {dagbag.py:588} INFO - Filling up the DagBag from /home/airflow/.local/lib/python3.12/site-packages/airflow/example_dags/example_kubernetes_executor.py
[2026-05-02T02:56:16.617+0000] {processor.py:925} INFO - DAG(s) 'example_kubernetes_executor' retrieved from /home/airflow/.local/lib/python3.12/site-packages/airflow/example_dags/example_kubernetes_executor.py
[2026-05-02T02:56:16.628+0000] {logging_mixin.py:190} INFO - [2026-05-02T02:56:16.628+0000] {dag.py:3239} INFO - Sync 1 DAGs
[2026-05-02T02:56:16.633+0000] {logging_mixin.py:190} INFO - [2026-05-02T02:56:16.633+0000] {dag.py:4180} INFO - Setting next_dagrun for example_kubernetes_executor to None, run_after=None
[2026-05-02T02:56:16.642+0000] {processor.py:208} INFO - Processing /home/airflow/.local/lib/python3.12/site-packages/airflow/example_dags/example_kubernetes_executor.py took 0.041 seconds
[2026-05-02T02:56:47.277+0000] {processor.py:186} INFO - Started process (PID=75855) to work on /home/airflow/.local/lib/python3.12/site-packages/airflow/example_dags/example_kubernetes_executor.py
[2026-05-02T02:56:47.278+0000] {processor.py:914} INFO - Processing file /home/airflow/.local/lib/python3.12/site-packages/airflow/example_dags/example_kubernetes_executor.py for tasks to queue
[2026-05-02T02:56:47.279+0000] {logging_mixin.py:190} INFO - [2026-05-02T02:56:47.278+0000] {dagbag.py:588} INFO - Filling up the DagBag from /home/airflow/.local/lib/python3.12/site-packages/airflow/example_dags/example_kubernetes_executor.py
[2026-05-02T02:56:47.287+0000] {processor.py:925} INFO - DAG(s) 'example_kubernetes_executor' retrieved from /home/airflow/.local/lib/python3.12/site-packages/airflow/example_dags/example_kubernetes_executor.py
[2026-05-02T02:56:47.302+0000] {logging_mixin.py:190} INFO - [2026-05-02T02:56:47.301+0000] {dag.py:3239} INFO - Sync 1 DAGs
[2026-05-02T02:56:47.308+0000] {logging_mixin.py:190} INFO - [2026-05-02T02:56:47.308+0000] {dag.py:4180} INFO - Setting next_dagrun for example_kubernetes_executor to None, run_after=None
[2026-05-02T02:56:47.319+0000] {processor.py:208} INFO - Processing /home/airflow/.local/lib/python3.12/site-packages/airflow/example_dags/example_kubernetes_executor.py took 0.045 seconds
[2026-05-02T03:12:18.229+0000] {processor.py:186} INFO - Started process (PID=75919) to work on /home/airflow/.local/lib/python3.12/site-packages/airflow/example_dags/example_kubernetes_executor.py
[2026-05-02T03:12:18.230+0000] {processor.py:914} INFO - Processing file /home/airflow/.local/lib/python3.12/site-packages/airflow/example_dags/example_kubernetes_executor.py for tasks to queue
[2026-05-02T03:12:18.231+0000] {logging_mixin.py:190} INFO - [2026-05-02T03:12:18.231+0000] {dagbag.py:588} INFO - Filling up the DagBag from /home/airflow/.local/lib/python3.12/site-packages/airflow/example_dags/example_kubernetes_executor.py
[2026-05-02T03:12:18.244+0000] {processor.py:925} INFO - DAG(s) 'example_kubernetes_executor' retrieved from /home/airflow/.local/lib/python3.12/site-packages/airflow/example_dags/example_kubernetes_executor.py
[2026-05-02T03:12:18.256+0000] {logging_mixin.py:190} INFO - [2026-05-02T03:12:18.255+0000] {dag.py:3239} INFO - Sync 1 DAGs
[2026-05-02T03:12:18.261+0000] {logging_mixin.py:190} INFO - [2026-05-02T03:12:18.261+0000] {dag.py:4180} INFO - Setting next_dagrun for example_kubernetes_executor to None, run_after=None
[2026-05-02T03:12:18.269+0000] {processor.py:208} INFO - Processing /home/airflow/.local/lib/python3.12/site-packages/airflow/example_dags/example_kubernetes_executor.py took 0.042 seconds
[2026-05-02T03:27:50.125+0000] {processor.py:186} INFO - Started process (PID=75983) to work on /home/airflow/.local/lib/python3.12/site-packages/airflow/example_dags/example_kubernetes_executor.py
[2026-05-02T03:27:50.125+0000] {processor.py:914} INFO - Processing file /home/airflow/.local/lib/python3.12/site-packages/airflow/example_dags/example_kubernetes_executor.py for tasks to queue
[2026-05-02T03:27:50.127+0000] {logging_mixin.py:190} INFO - [2026-05-02T03:27:50.127+0000] {dagbag.py:588} INFO - Filling up the DagBag from /home/airflow/.local/lib/python3.12/site-packages/airflow/example_dags/example_kubernetes_executor.py
[2026-05-02T03:27:50.139+0000] {processor.py:925} INFO - DAG(s) 'example_kubernetes_executor' retrieved from /home/airflow/.local/lib/python3.12/site-packages/airflow/example_dags/example_kubernetes_executor.py
[2026-05-02T03:27:50.153+0000] {logging_mixin.py:190} INFO - [2026-05-02T03:27:50.152+0000] {dag.py:3239} INFO - Sync 1 DAGs
[2026-05-02T03:27:50.161+0000] {logging_mixin.py:190} INFO - [2026-05-02T03:27:50.161+0000] {dag.py:4180} INFO - Setting next_dagrun for example_kubernetes_executor to None, run_after=None
[2026-05-02T03:27:50.173+0000] {processor.py:208} INFO - Processing /home/airflow/.local/lib/python3.12/site-packages/airflow/example_dags/example_kubernetes_executor.py took 0.051 seconds
[2026-05-02T03:28:20.888+0000] {processor.py:186} INFO - Started process (PID=76047) to work on /home/airflow/.local/lib/python3.12/site-packages/airflow/example_dags/example_kubernetes_executor.py
[2026-05-02T03:28:20.889+0000] {processor.py:914} INFO - Processing file /home/airflow/.local/lib/python3.12/site-packages/airflow/example_dags/example_kubernetes_executor.py for tasks to queue
[2026-05-02T03:28:20.890+0000] {logging_mixin.py:190} INFO - [2026-05-02T03:28:20.890+0000] {dagbag.py:588} INFO - Filling up the DagBag from /home/airflow/.local/lib/python3.12/site-packages/airflow/example_dags/example_kubernetes_executor.py
[2026-05-02T03:28:20.898+0000] {processor.py:925} INFO - DAG(s) 'example_kubernetes_executor' retrieved from /home/airflow/.local/lib/python3.12/site-packages/airflow/example_dags/example_kubernetes_executor.py
[2026-05-02T03:28:20.913+0000] {logging_mixin.py:190} INFO - [2026-05-02T03:28:20.912+0000] {dag.py:3239} INFO - Sync 1 DAGs
[2026-05-02T03:28:20.921+0000] {logging_mixin.py:190} INFO - [2026-05-02T03:28:20.921+0000] {dag.py:4180} INFO - Setting next_dagrun for example_kubernetes_executor to None, run_after=None
[2026-05-02T03:28:20.935+0000] {processor.py:208} INFO - Processing /home/airflow/.local/lib/python3.12/site-packages/airflow/example_dags/example_kubernetes_executor.py took 0.051 seconds
[2026-05-02T03:43:52.063+0000] {processor.py:186} INFO - Started process (PID=76111) to work on /home/airflow/.local/lib/python3.12/site-packages/airflow/example_dags/example_kubernetes_executor.py
[2026-05-02T03:43:52.064+0000] {processor.py:914} INFO - Processing file /home/airflow/.local/lib/python3.12/site-packages/airflow/example_dags/example_kubernetes_executor.py for tasks to queue
[2026-05-02T03:43:52.065+0000] {logging_mixin.py:190} INFO - [2026-05-02T03:43:52.065+0000] {dagbag.py:588} INFO - Filling up the DagBag from /home/airflow/.local/lib/python3.12/site-packages/airflow/example_dags/example_kubernetes_executor.py
[2026-05-02T03:43:52.074+0000] {processor.py:925} INFO - DAG(s) 'example_kubernetes_executor' retrieved from /home/airflow/.local/lib/python3.12/site-packages/airflow/example_dags/example_kubernetes_executor.py
[2026-05-02T03:43:52.089+0000] {logging_mixin.py:190} INFO - [2026-05-02T03:43:52.089+0000] {dag.py:3239} INFO - Sync 1 DAGs
[2026-05-02T03:43:52.097+0000] {logging_mixin.py:190} INFO - [2026-05-02T03:43:52.096+0000] {dag.py:4180} INFO - Setting next_dagrun for example_kubernetes_executor to None, run_after=None
[2026-05-02T03:43:52.106+0000] {processor.py:208} INFO - Processing /home/airflow/.local/lib/python3.12/site-packages/airflow/example_dags/example_kubernetes_executor.py took 0.046 seconds
[2026-05-02T03:44:23.037+0000] {processor.py:186} INFO - Started process (PID=76175) to work on /home/airflow/.local/lib/python3.12/site-packages/airflow/example_dags/example_kubernetes_executor.py
[2026-05-02T03:44:23.038+0000] {processor.py:914} INFO - Processing file /home/airflow/.local/lib/python3.12/site-packages/airflow/example_dags/example_kubernetes_executor.py for tasks to queue
[2026-05-02T03:44:23.039+0000] {logging_mixin.py:190} INFO - [2026-05-02T03:44:23.039+0000] {dagbag.py:588} INFO - Filling up the DagBag from /home/airflow/.local/lib/python3.12/site-packages/airflow/example_dags/example_kubernetes_executor.py
[2026-05-02T03:44:23.049+0000] {processor.py:925} INFO - DAG(s) 'example_kubernetes_executor' retrieved from /home/airflow/.local/lib/python3.12/site-packages/airflow/example_dags/example_kubernetes_executor.py
[2026-05-02T03:44:23.061+0000] {logging_mixin.py:190} INFO - [2026-05-02T03:44:23.061+0000] {dag.py:3239} INFO - Sync 1 DAGs
[2026-05-02T03:44:23.066+0000] {logging_mixin.py:190} INFO - [2026-05-02T03:44:23.066+0000] {dag.py:4180} INFO - Setting next_dagrun for example_kubernetes_executor to None, run_after=None
[2026-05-02T03:44:23.074+0000] {processor.py:208} INFO - Processing /home/airflow/.local/lib/python3.12/site-packages/airflow/example_dags/example_kubernetes_executor.py took 0.040 seconds
[2026-05-02T03:57:38.675+0000] {processor.py:186} INFO - Started process (PID=76239) to work on /home/airflow/.local/lib/python3.12/site-packages/airflow/example_dags/example_kubernetes_executor.py
[2026-05-02T03:57:38.675+0000] {processor.py:914} INFO - Processing file /home/airflow/.local/lib/python3.12/site-packages/airflow/example_dags/example_kubernetes_executor.py for tasks to queue
[2026-05-02T03:57:38.676+0000] {logging_mixin.py:190} INFO - [2026-05-02T03:57:38.676+0000] {dagbag.py:588} INFO - Filling up the DagBag from /home/airflow/.local/lib/python3.12/site-packages/airflow/example_dags/example_kubernetes_executor.py
[2026-05-02T03:57:38.687+0000] {processor.py:925} INFO - DAG(s) 'example_kubernetes_executor' retrieved from /home/airflow/.local/lib/python3.12/site-packages/airflow/example_dags/example_kubernetes_executor.py
[2026-05-02T03:57:38.701+0000] {logging_mixin.py:190} INFO - [2026-05-02T03:57:38.701+0000] {dag.py:3239} INFO - Sync 1 DAGs
[2026-05-02T03:57:38.709+0000] {logging_mixin.py:190} INFO - [2026-05-02T03:57:38.709+0000] {dag.py:4180} INFO - Setting next_dagrun for example_kubernetes_executor to None, run_after=None
[2026-05-02T03:57:38.718+0000] {processor.py:208} INFO - Processing /home/airflow/.local/lib/python3.12/site-packages/airflow/example_dags/example_kubernetes_executor.py took 0.046 seconds
[2026-05-02T04:13:09.920+0000] {processor.py:186} INFO - Started process (PID=76304) to work on /home/airflow/.local/lib/python3.12/site-packages/airflow/example_dags/example_kubernetes_executor.py
[2026-05-02T04:13:09.922+0000] {processor.py:914} INFO - Processing file /home/airflow/.local/lib/python3.12/site-packages/airflow/example_dags/example_kubernetes_executor.py for tasks to queue
[2026-05-02T04:13:09.923+0000] {logging_mixin.py:190} INFO - [2026-05-02T04:13:09.922+0000] {dagbag.py:588} INFO - Filling up the DagBag from /home/airflow/.local/lib/python3.12/site-packages/airflow/example_dags/example_kubernetes_executor.py
[2026-05-02T04:13:09.935+0000] {processor.py:925} INFO - DAG(s) 'example_kubernetes_executor' retrieved from /home/airflow/.local/lib/python3.12/site-packages/airflow/example_dags/example_kubernetes_executor.py
[2026-05-02T04:13:09.952+0000] {logging_mixin.py:190} INFO - [2026-05-02T04:13:09.952+0000] {dag.py:3239} INFO - Sync 1 DAGs
[2026-05-02T04:13:09.959+0000] {logging_mixin.py:190} INFO - [2026-05-02T04:13:09.959+0000] {dag.py:4180} INFO - Setting next_dagrun for example_kubernetes_executor to None, run_after=None
[2026-05-02T04:13:09.966+0000] {processor.py:208} INFO - Processing /home/airflow/.local/lib/python3.12/site-packages/airflow/example_dags/example_kubernetes_executor.py took 0.052 seconds
[2026-05-02T04:13:40.801+0000] {processor.py:186} INFO - Started process (PID=76368) to work on /home/airflow/.local/lib/python3.12/site-packages/airflow/example_dags/example_kubernetes_executor.py
[2026-05-02T04:13:40.801+0000] {processor.py:914} INFO - Processing file /home/airflow/.local/lib/python3.12/site-packages/airflow/example_dags/example_kubernetes_executor.py for tasks to queue
[2026-05-02T04:13:40.802+0000] {logging_mixin.py:190} INFO - [2026-05-02T04:13:40.802+0000] {dagbag.py:588} INFO - Filling up the DagBag from /home/airflow/.local/lib/python3.12/site-packages/airflow/example_dags/example_kubernetes_executor.py
[2026-05-02T04:13:40.809+0000] {processor.py:925} INFO - DAG(s) 'example_kubernetes_executor' retrieved from /home/airflow/.local/lib/python3.12/site-packages/airflow/example_dags/example_kubernetes_executor.py
[2026-05-02T04:13:40.819+0000] {logging_mixin.py:190} INFO - [2026-05-02T04:13:40.819+0000] {dag.py:3239} INFO - Sync 1 DAGs
[2026-05-02T04:13:40.826+0000] {logging_mixin.py:190} INFO - [2026-05-02T04:13:40.826+0000] {dag.py:4180} INFO - Setting next_dagrun for example_kubernetes_executor to None, run_after=None
[2026-05-02T04:13:40.836+0000] {processor.py:208} INFO - Processing /home/airflow/.local/lib/python3.12/site-packages/airflow/example_dags/example_kubernetes_executor.py took 0.039 seconds
[2026-05-02T04:14:11.350+0000] {processor.py:186} INFO - Started process (PID=76432) to work on /home/airflow/.local/lib/python3.12/site-packages/airflow/example_dags/example_kubernetes_executor.py
[2026-05-02T04:14:11.351+0000] {processor.py:914} INFO - Processing file /home/airflow/.local/lib/python3.12/site-packages/airflow/example_dags/example_kubernetes_executor.py for tasks to queue
[2026-05-02T04:14:11.353+0000] {logging_mixin.py:190} INFO - [2026-05-02T04:14:11.353+0000] {dagbag.py:588} INFO - Filling up the DagBag from /home/airflow/.local/lib/python3.12/site-packages/airflow/example_dags/example_kubernetes_executor.py
[2026-05-02T04:14:11.363+0000] {processor.py:925} INFO - DAG(s) 'example_kubernetes_executor' retrieved from /home/airflow/.local/lib/python3.12/site-packages/airflow/example_dags/example_kubernetes_executor.py
[2026-05-02T04:14:11.377+0000] {logging_mixin.py:190} INFO - [2026-05-02T04:14:11.377+0000] {dag.py:3239} INFO - Sync 1 DAGs
[2026-05-02T04:14:11.385+0000] {logging_mixin.py:190} INFO - [2026-05-02T04:14:11.384+0000] {dag.py:4180} INFO - Setting next_dagrun for example_kubernetes_executor to None, run_after=None
[2026-05-02T04:14:11.391+0000] {processor.py:208} INFO - Processing /home/airflow/.local/lib/python3.12/site-packages/airflow/example_dags/example_kubernetes_executor.py took 0.044 seconds
[2026-05-02T04:14:41.761+0000] {processor.py:186} INFO - Started process (PID=76496) to work on /home/airflow/.local/lib/python3.12/site-packages/airflow/example_dags/example_kubernetes_executor.py
[2026-05-02T04:14:41.762+0000] {processor.py:914} INFO - Processing file /home/airflow/.local/lib/python3.12/site-packages/airflow/example_dags/example_kubernetes_executor.py for tasks to queue
[2026-05-02T04:14:41.763+0000] {logging_mixin.py:190} INFO - [2026-05-02T04:14:41.763+0000] {dagbag.py:588} INFO - Filling up the DagBag from /home/airflow/.local/lib/python3.12/site-packages/airflow/example_dags/example_kubernetes_executor.py
[2026-05-02T04:14:41.769+0000] {processor.py:925} INFO - DAG(s) 'example_kubernetes_executor' retrieved from /home/airflow/.local/lib/python3.12/site-packages/airflow/example_dags/example_kubernetes_executor.py
[2026-05-02T04:14:41.781+0000] {logging_mixin.py:190} INFO - [2026-05-02T04:14:41.781+0000] {dag.py:3239} INFO - Sync 1 DAGs
[2026-05-02T04:14:41.786+0000] {logging_mixin.py:190} INFO - [2026-05-02T04:14:41.786+0000] {dag.py:4180} INFO - Setting next_dagrun for example_kubernetes_executor to None, run_after=None
[2026-05-02T04:14:41.792+0000] {processor.py:208} INFO - Processing /home/airflow/.local/lib/python3.12/site-packages/airflow/example_dags/example_kubernetes_executor.py took 0.034 seconds
[2026-05-02T04:30:10.753+0000] {processor.py:186} INFO - Started process (PID=76560) to work on /home/airflow/.local/lib/python3.12/site-packages/airflow/example_dags/example_kubernetes_executor.py
[2026-05-02T04:30:10.754+0000] {processor.py:914} INFO - Processing file /home/airflow/.local/lib/python3.12/site-packages/airflow/example_dags/example_kubernetes_executor.py for tasks to queue
[2026-05-02T04:30:10.755+0000] {logging_mixin.py:190} INFO - [2026-05-02T04:30:10.755+0000] {dagbag.py:588} INFO - Filling up the DagBag from /home/airflow/.local/lib/python3.12/site-packages/airflow/example_dags/example_kubernetes_executor.py
[2026-05-02T04:30:10.761+0000] {processor.py:925} INFO - DAG(s) 'example_kubernetes_executor' retrieved from /home/airflow/.local/lib/python3.12/site-packages/airflow/example_dags/example_kubernetes_executor.py
[2026-05-02T04:30:10.779+0000] {logging_mixin.py:190} INFO - [2026-05-02T04:30:10.779+0000] {dag.py:3239} INFO - Sync 1 DAGs
[2026-05-02T04:30:10.784+0000] {logging_mixin.py:190} INFO - [2026-05-02T04:30:10.784+0000] {dag.py:4180} INFO - Setting next_dagrun for example_kubernetes_executor to None, run_after=None
[2026-05-02T04:30:10.792+0000] {processor.py:208} INFO - Processing /home/airflow/.local/lib/python3.12/site-packages/airflow/example_dags/example_kubernetes_executor.py took 0.045 seconds
[2026-05-02T04:30:41.454+0000] {processor.py:186} INFO - Started process (PID=76624) to work on /home/airflow/.local/lib/python3.12/site-packages/airflow/example_dags/example_kubernetes_executor.py
[2026-05-02T04:30:41.457+0000] {processor.py:914} INFO - Processing file /home/airflow/.local/lib/python3.12/site-packages/airflow/example_dags/example_kubernetes_executor.py for tasks to queue
[2026-05-02T04:30:41.458+0000] {logging_mixin.py:190} INFO - [2026-05-02T04:30:41.458+0000] {dagbag.py:588} INFO - Filling up the DagBag from /home/airflow/.local/lib/python3.12/site-packages/airflow/example_dags/example_kubernetes_executor.py
[2026-05-02T04:30:41.465+0000] {processor.py:925} INFO - DAG(s) 'example_kubernetes_executor' retrieved from /home/airflow/.local/lib/python3.12/site-packages/airflow/example_dags/example_kubernetes_executor.py
[2026-05-02T04:30:41.479+0000] {logging_mixin.py:190} INFO - [2026-05-02T04:30:41.479+0000] {dag.py:3239} INFO - Sync 1 DAGs
[2026-05-02T04:30:41.487+0000] {logging_mixin.py:190} INFO - [2026-05-02T04:30:41.487+0000] {dag.py:4180} INFO - Setting next_dagrun for example_kubernetes_executor to None, run_after=None
[2026-05-02T04:30:41.493+0000] {processor.py:208} INFO - Processing /home/airflow/.local/lib/python3.12/site-packages/airflow/example_dags/example_kubernetes_executor.py took 0.042 seconds
[2026-05-02T04:31:19.201+0000] {processor.py:186} INFO - Started process (PID=76688) to work on /home/airflow/.local/lib/python3.12/site-packages/airflow/example_dags/example_kubernetes_executor.py
[2026-05-02T04:31:19.203+0000] {processor.py:914} INFO - Processing file /home/airflow/.local/lib/python3.12/site-packages/airflow/example_dags/example_kubernetes_executor.py for tasks to queue
[2026-05-02T04:31:19.204+0000] {logging_mixin.py:190} INFO - [2026-05-02T04:31:19.204+0000] {dagbag.py:588} INFO - Filling up the DagBag from /home/airflow/.local/lib/python3.12/site-packages/airflow/example_dags/example_kubernetes_executor.py
[2026-05-02T04:31:19.212+0000] {processor.py:925} INFO - DAG(s) 'example_kubernetes_executor' retrieved from /home/airflow/.local/lib/python3.12/site-packages/airflow/example_dags/example_kubernetes_executor.py
[2026-05-02T04:31:19.223+0000] {logging_mixin.py:190} INFO - [2026-05-02T04:31:19.223+0000] {dag.py:3239} INFO - Sync 1 DAGs
[2026-05-02T04:31:19.228+0000] {logging_mixin.py:190} INFO - [2026-05-02T04:31:19.228+0000] {dag.py:4180} INFO - Setting next_dagrun for example_kubernetes_executor to None, run_after=None
[2026-05-02T04:31:19.237+0000] {processor.py:208} INFO - Processing /home/airflow/.local/lib/python3.12/site-packages/airflow/example_dags/example_kubernetes_executor.py took 0.038 seconds
[2026-05-02T04:31:49.854+0000] {processor.py:186} INFO - Started process (PID=76752) to work on /home/airflow/.local/lib/python3.12/site-packages/airflow/example_dags/example_kubernetes_executor.py
[2026-05-02T04:31:49.855+0000] {processor.py:914} INFO - Processing file /home/airflow/.local/lib/python3.12/site-packages/airflow/example_dags/example_kubernetes_executor.py for tasks to queue
[2026-05-02T04:31:49.856+0000] {logging_mixin.py:190} INFO - [2026-05-02T04:31:49.856+0000] {dagbag.py:588} INFO - Filling up the DagBag from /home/airflow/.local/lib/python3.12/site-packages/airflow/example_dags/example_kubernetes_executor.py
[2026-05-02T04:31:49.865+0000] {processor.py:925} INFO - DAG(s) 'example_kubernetes_executor' retrieved from /home/airflow/.local/lib/python3.12/site-packages/airflow/example_dags/example_kubernetes_executor.py
[2026-05-02T04:31:49.877+0000] {logging_mixin.py:190} INFO - [2026-05-02T04:31:49.877+0000] {dag.py:3239} INFO - Sync 1 DAGs
[2026-05-02T04:31:49.886+0000] {logging_mixin.py:190} INFO - [2026-05-02T04:31:49.885+0000] {dag.py:4180} INFO - Setting next_dagrun for example_kubernetes_executor to None, run_after=None
[2026-05-02T04:31:49.897+0000] {processor.py:208} INFO - Processing /home/airflow/.local/lib/python3.12/site-packages/airflow/example_dags/example_kubernetes_executor.py took 0.047 seconds
[2026-05-02T04:47:19.532+0000] {processor.py:186} INFO - Started process (PID=76816) to work on /home/airflow/.local/lib/python3.12/site-packages/airflow/example_dags/example_kubernetes_executor.py
[2026-05-02T04:47:19.533+0000] {processor.py:914} INFO - Processing file /home/airflow/.local/lib/python3.12/site-packages/airflow/example_dags/example_kubernetes_executor.py for tasks to queue
[2026-05-02T04:47:19.535+0000] {logging_mixin.py:190} INFO - [2026-05-02T04:47:19.535+0000] {dagbag.py:588} INFO - Filling up the DagBag from /home/airflow/.local/lib/python3.12/site-packages/airflow/example_dags/example_kubernetes_executor.py
[2026-05-02T04:47:19.543+0000] {processor.py:925} INFO - DAG(s) 'example_kubernetes_executor' retrieved from /home/airflow/.local/lib/python3.12/site-packages/airflow/example_dags/example_kubernetes_executor.py
[2026-05-02T04:47:19.554+0000] {logging_mixin.py:190} INFO - [2026-05-02T04:47:19.554+0000] {dag.py:3239} INFO - Sync 1 DAGs
[2026-05-02T04:47:19.561+0000] {logging_mixin.py:190} INFO - [2026-05-02T04:47:19.561+0000] {dag.py:4180} INFO - Setting next_dagrun for example_kubernetes_executor to None, run_after=None
[2026-05-02T04:47:19.569+0000] {processor.py:208} INFO - Processing /home/airflow/.local/lib/python3.12/site-packages/airflow/example_dags/example_kubernetes_executor.py took 0.041 seconds
[2026-05-02T04:58:25.144+0000] {processor.py:186} INFO - Started process (PID=76880) to work on /home/airflow/.local/lib/python3.12/site-packages/airflow/example_dags/example_kubernetes_executor.py
[2026-05-02T04:58:25.144+0000] {processor.py:914} INFO - Processing file /home/airflow/.local/lib/python3.12/site-packages/airflow/example_dags/example_kubernetes_executor.py for tasks to queue
[2026-05-02T04:58:25.146+0000] {logging_mixin.py:190} INFO - [2026-05-02T04:58:25.145+0000] {dagbag.py:588} INFO - Filling up the DagBag from /home/airflow/.local/lib/python3.12/site-packages/airflow/example_dags/example_kubernetes_executor.py
[2026-05-02T04:58:25.155+0000] {processor.py:925} INFO - DAG(s) 'example_kubernetes_executor' retrieved from /home/airflow/.local/lib/python3.12/site-packages/airflow/example_dags/example_kubernetes_executor.py
[2026-05-02T04:58:25.180+0000] {logging_mixin.py:190} INFO - [2026-05-02T04:58:25.180+0000] {dag.py:3239} INFO - Sync 1 DAGs
[2026-05-02T04:58:25.188+0000] {logging_mixin.py:190} INFO - [2026-05-02T04:58:25.188+0000] {dag.py:4180} INFO - Setting next_dagrun for example_kubernetes_executor to None, run_after=None
[2026-05-02T04:58:25.198+0000] {processor.py:208} INFO - Processing /home/airflow/.local/lib/python3.12/site-packages/airflow/example_dags/example_kubernetes_executor.py took 0.057 seconds
[2026-05-02T04:58:56.015+0000] {processor.py:186} INFO - Started process (PID=76944) to work on /home/airflow/.local/lib/python3.12/site-packages/airflow/example_dags/example_kubernetes_executor.py
[2026-05-02T04:58:56.015+0000] {processor.py:914} INFO - Processing file /home/airflow/.local/lib/python3.12/site-packages/airflow/example_dags/example_kubernetes_executor.py for tasks to queue
[2026-05-02T04:58:56.016+0000] {logging_mixin.py:190} INFO - [2026-05-02T04:58:56.016+0000] {dagbag.py:588} INFO - Filling up the DagBag from /home/airflow/.local/lib/python3.12/site-packages/airflow/example_dags/example_kubernetes_executor.py
[2026-05-02T04:58:56.022+0000] {processor.py:925} INFO - DAG(s) 'example_kubernetes_executor' retrieved from /home/airflow/.local/lib/python3.12/site-packages/airflow/example_dags/example_kubernetes_executor.py
[2026-05-02T04:58:56.037+0000] {logging_mixin.py:190} INFO - [2026-05-02T04:58:56.037+0000] {dag.py:3239} INFO - Sync 1 DAGs
[2026-05-02T04:58:56.043+0000] {logging_mixin.py:190} INFO - [2026-05-02T04:58:56.043+0000] {dag.py:4180} INFO - Setting next_dagrun for example_kubernetes_executor to None, run_after=None
[2026-05-02T04:58:56.051+0000] {processor.py:208} INFO - Processing /home/airflow/.local/lib/python3.12/site-packages/airflow/example_dags/example_kubernetes_executor.py took 0.039 seconds
[2026-05-02T05:14:26.532+0000] {processor.py:186} INFO - Started process (PID=77008) to work on /home/airflow/.local/lib/python3.12/site-packages/airflow/example_dags/example_kubernetes_executor.py
[2026-05-02T05:14:26.533+0000] {processor.py:914} INFO - Processing file /home/airflow/.local/lib/python3.12/site-packages/airflow/example_dags/example_kubernetes_executor.py for tasks to queue
[2026-05-02T05:14:26.534+0000] {logging_mixin.py:190} INFO - [2026-05-02T05:14:26.533+0000] {dagbag.py:588} INFO - Filling up the DagBag from /home/airflow/.local/lib/python3.12/site-packages/airflow/example_dags/example_kubernetes_executor.py
[2026-05-02T05:14:26.540+0000] {processor.py:925} INFO - DAG(s) 'example_kubernetes_executor' retrieved from /home/airflow/.local/lib/python3.12/site-packages/airflow/example_dags/example_kubernetes_executor.py
[2026-05-02T05:14:26.549+0000] {logging_mixin.py:190} INFO - [2026-05-02T05:14:26.549+0000] {dag.py:3239} INFO - Sync 1 DAGs
[2026-05-02T05:14:26.556+0000] {logging_mixin.py:190} INFO - [2026-05-02T05:14:26.556+0000] {dag.py:4180} INFO - Setting next_dagrun for example_kubernetes_executor to None, run_after=None
[2026-05-02T05:14:26.565+0000] {processor.py:208} INFO - Processing /home/airflow/.local/lib/python3.12/site-packages/airflow/example_dags/example_kubernetes_executor.py took 0.035 seconds
[2026-05-02T05:29:56.697+0000] {processor.py:186} INFO - Started process (PID=77072) to work on /home/airflow/.local/lib/python3.12/site-packages/airflow/example_dags/example_kubernetes_executor.py
[2026-05-02T05:29:56.698+0000] {processor.py:914} INFO - Processing file /home/airflow/.local/lib/python3.12/site-packages/airflow/example_dags/example_kubernetes_executor.py for tasks to queue
[2026-05-02T05:29:56.699+0000] {logging_mixin.py:190} INFO - [2026-05-02T05:29:56.698+0000] {dagbag.py:588} INFO - Filling up the DagBag from /home/airflow/.local/lib/python3.12/site-packages/airflow/example_dags/example_kubernetes_executor.py
[2026-05-02T05:29:56.709+0000] {processor.py:925} INFO - DAG(s) 'example_kubernetes_executor' retrieved from /home/airflow/.local/lib/python3.12/site-packages/airflow/example_dags/example_kubernetes_executor.py
[2026-05-02T05:29:56.722+0000] {logging_mixin.py:190} INFO - [2026-05-02T05:29:56.722+0000] {dag.py:3239} INFO - Sync 1 DAGs
[2026-05-02T05:29:56.727+0000] {logging_mixin.py:190} INFO - [2026-05-02T05:29:56.727+0000] {dag.py:4180} INFO - Setting next_dagrun for example_kubernetes_executor to None, run_after=None
[2026-05-02T05:29:56.734+0000] {processor.py:208} INFO - Processing /home/airflow/.local/lib/python3.12/site-packages/airflow/example_dags/example_kubernetes_executor.py took 0.041 seconds
[2026-05-02T05:30:27.789+0000] {processor.py:186} INFO - Started process (PID=77136) to work on /home/airflow/.local/lib/python3.12/site-packages/airflow/example_dags/example_kubernetes_executor.py
[2026-05-02T05:30:27.790+0000] {processor.py:914} INFO - Processing file /home/airflow/.local/lib/python3.12/site-packages/airflow/example_dags/example_kubernetes_executor.py for tasks to queue
[2026-05-02T05:30:27.792+0000] {logging_mixin.py:190} INFO - [2026-05-02T05:30:27.792+0000] {dagbag.py:588} INFO - Filling up the DagBag from /home/airflow/.local/lib/python3.12/site-packages/airflow/example_dags/example_kubernetes_executor.py
[2026-05-02T05:30:27.801+0000] {processor.py:925} INFO - DAG(s) 'example_kubernetes_executor' retrieved from /home/airflow/.local/lib/python3.12/site-packages/airflow/example_dags/example_kubernetes_executor.py
[2026-05-02T05:30:27.819+0000] {logging_mixin.py:190} INFO - [2026-05-02T05:30:27.819+0000] {dag.py:3239} INFO - Sync 1 DAGs
[2026-05-02T05:30:27.824+0000] {logging_mixin.py:190} INFO - [2026-05-02T05:30:27.824+0000] {dag.py:4180} INFO - Setting next_dagrun for example_kubernetes_executor to None, run_after=None
[2026-05-02T05:30:27.832+0000] {processor.py:208} INFO - Processing /home/airflow/.local/lib/python3.12/site-packages/airflow/example_dags/example_kubernetes_executor.py took 0.046 seconds
[2026-05-02T05:45:58.907+0000] {processor.py:186} INFO - Started process (PID=77200) to work on /home/airflow/.local/lib/python3.12/site-packages/airflow/example_dags/example_kubernetes_executor.py
[2026-05-02T05:45:58.908+0000] {processor.py:914} INFO - Processing file /home/airflow/.local/lib/python3.12/site-packages/airflow/example_dags/example_kubernetes_executor.py for tasks to queue
[2026-05-02T05:45:58.910+0000] {logging_mixin.py:190} INFO - [2026-05-02T05:45:58.910+0000] {dagbag.py:588} INFO - Filling up the DagBag from /home/airflow/.local/lib/python3.12/site-packages/airflow/example_dags/example_kubernetes_executor.py
[2026-05-02T05:45:58.929+0000] {processor.py:925} INFO - DAG(s) 'example_kubernetes_executor' retrieved from /home/airflow/.local/lib/python3.12/site-packages/airflow/example_dags/example_kubernetes_executor.py
[2026-05-02T05:45:58.944+0000] {logging_mixin.py:190} INFO - [2026-05-02T05:45:58.943+0000] {dag.py:3239} INFO - Sync 1 DAGs
[2026-05-02T05:45:58.952+0000] {logging_mixin.py:190} INFO - [2026-05-02T05:45:58.952+0000] {dag.py:4180} INFO - Setting next_dagrun for example_kubernetes_executor to None, run_after=None
[2026-05-02T05:45:58.959+0000] {processor.py:208} INFO - Processing /home/airflow/.local/lib/python3.12/site-packages/airflow/example_dags/example_kubernetes_executor.py took 0.054 seconds
[2026-05-02T05:48:18.467+0000] {processor.py:186} INFO - Started process (PID=77264) to work on /home/airflow/.local/lib/python3.12/site-packages/airflow/example_dags/example_kubernetes_executor.py
[2026-05-02T05:48:18.468+0000] {processor.py:914} INFO - Processing file /home/airflow/.local/lib/python3.12/site-packages/airflow/example_dags/example_kubernetes_executor.py for tasks to queue
[2026-05-02T05:48:18.469+0000] {logging_mixin.py:190} INFO - [2026-05-02T05:48:18.469+0000] {dagbag.py:588} INFO - Filling up the DagBag from /home/airflow/.local/lib/python3.12/site-packages/airflow/example_dags/example_kubernetes_executor.py
[2026-05-02T05:48:18.482+0000] {processor.py:925} INFO - DAG(s) 'example_kubernetes_executor' retrieved from /home/airflow/.local/lib/python3.12/site-packages/airflow/example_dags/example_kubernetes_executor.py
[2026-05-02T05:48:18.495+0000] {logging_mixin.py:190} INFO - [2026-05-02T05:48:18.495+0000] {dag.py:3239} INFO - Sync 1 DAGs
[2026-05-02T05:48:18.507+0000] {logging_mixin.py:190} INFO - [2026-05-02T05:48:18.507+0000] {dag.py:4180} INFO - Setting next_dagrun for example_kubernetes_executor to None, run_after=None
[2026-05-02T05:48:18.518+0000] {processor.py:208} INFO - Processing /home/airflow/.local/lib/python3.12/site-packages/airflow/example_dags/example_kubernetes_executor.py took 0.058 seconds
[2026-05-02T05:48:49.238+0000] {processor.py:186} INFO - Started process (PID=77328) to work on /home/airflow/.local/lib/python3.12/site-packages/airflow/example_dags/example_kubernetes_executor.py
[2026-05-02T05:48:49.239+0000] {processor.py:914} INFO - Processing file /home/airflow/.local/lib/python3.12/site-packages/airflow/example_dags/example_kubernetes_executor.py for tasks to queue
[2026-05-02T05:48:49.240+0000] {logging_mixin.py:190} INFO - [2026-05-02T05:48:49.239+0000] {dagbag.py:588} INFO - Filling up the DagBag from /home/airflow/.local/lib/python3.12/site-packages/airflow/example_dags/example_kubernetes_executor.py
[2026-05-02T05:48:49.246+0000] {processor.py:925} INFO - DAG(s) 'example_kubernetes_executor' retrieved from /home/airflow/.local/lib/python3.12/site-packages/airflow/example_dags/example_kubernetes_executor.py
[2026-05-02T05:48:49.258+0000] {logging_mixin.py:190} INFO - [2026-05-02T05:48:49.258+0000] {dag.py:3239} INFO - Sync 1 DAGs
[2026-05-02T05:48:49.265+0000] {logging_mixin.py:190} INFO - [2026-05-02T05:48:49.264+0000] {dag.py:4180} INFO - Setting next_dagrun for example_kubernetes_executor to None, run_after=None
[2026-05-02T05:48:49.275+0000] {processor.py:208} INFO - Processing /home/airflow/.local/lib/python3.12/site-packages/airflow/example_dags/example_kubernetes_executor.py took 0.039 seconds
[2026-05-02T05:55:29.711+0000] {processor.py:186} INFO - Started process (PID=77392) to work on /home/airflow/.local/lib/python3.12/site-packages/airflow/example_dags/example_kubernetes_executor.py
[2026-05-02T05:55:29.711+0000] {processor.py:914} INFO - Processing file /home/airflow/.local/lib/python3.12/site-packages/airflow/example_dags/example_kubernetes_executor.py for tasks to queue
[2026-05-02T05:55:29.712+0000] {logging_mixin.py:190} INFO - [2026-05-02T05:55:29.712+0000] {dagbag.py:588} INFO - Filling up the DagBag from /home/airflow/.local/lib/python3.12/site-packages/airflow/example_dags/example_kubernetes_executor.py
[2026-05-02T05:55:29.719+0000] {processor.py:925} INFO - DAG(s) 'example_kubernetes_executor' retrieved from /home/airflow/.local/lib/python3.12/site-packages/airflow/example_dags/example_kubernetes_executor.py
[2026-05-02T05:55:29.735+0000] {logging_mixin.py:190} INFO - [2026-05-02T05:55:29.735+0000] {dag.py:3239} INFO - Sync 1 DAGs
[2026-05-02T05:55:29.741+0000] {logging_mixin.py:190} INFO - [2026-05-02T05:55:29.741+0000] {dag.py:4180} INFO - Setting next_dagrun for example_kubernetes_executor to None, run_after=None
[2026-05-02T05:55:29.751+0000] {processor.py:208} INFO - Processing /home/airflow/.local/lib/python3.12/site-packages/airflow/example_dags/example_kubernetes_executor.py took 0.043 seconds
[2026-05-02T05:56:00.233+0000] {processor.py:186} INFO - Started process (PID=77456) to work on /home/airflow/.local/lib/python3.12/site-packages/airflow/example_dags/example_kubernetes_executor.py
[2026-05-02T05:56:00.235+0000] {processor.py:914} INFO - Processing file /home/airflow/.local/lib/python3.12/site-packages/airflow/example_dags/example_kubernetes_executor.py for tasks to queue
[2026-05-02T05:56:00.236+0000] {logging_mixin.py:190} INFO - [2026-05-02T05:56:00.236+0000] {dagbag.py:588} INFO - Filling up the DagBag from /home/airflow/.local/lib/python3.12/site-packages/airflow/example_dags/example_kubernetes_executor.py
[2026-05-02T05:56:00.245+0000] {processor.py:925} INFO - DAG(s) 'example_kubernetes_executor' retrieved from /home/airflow/.local/lib/python3.12/site-packages/airflow/example_dags/example_kubernetes_executor.py
[2026-05-02T05:56:00.257+0000] {logging_mixin.py:190} INFO - [2026-05-02T05:56:00.257+0000] {dag.py:3239} INFO - Sync 1 DAGs
[2026-05-02T05:56:00.266+0000] {logging_mixin.py:190} INFO - [2026-05-02T05:56:00.266+0000] {dag.py:4180} INFO - Setting next_dagrun for example_kubernetes_executor to None, run_after=None
[2026-05-02T05:56:00.276+0000] {processor.py:208} INFO - Processing /home/airflow/.local/lib/python3.12/site-packages/airflow/example_dags/example_kubernetes_executor.py took 0.046 seconds
[2026-05-02T05:59:43.835+0000] {processor.py:186} INFO - Started process (PID=77520) to work on /home/airflow/.local/lib/python3.12/site-packages/airflow/example_dags/example_kubernetes_executor.py
[2026-05-02T05:59:43.835+0000] {processor.py:914} INFO - Processing file /home/airflow/.local/lib/python3.12/site-packages/airflow/example_dags/example_kubernetes_executor.py for tasks to queue
[2026-05-02T05:59:43.836+0000] {logging_mixin.py:190} INFO - [2026-05-02T05:59:43.836+0000] {dagbag.py:588} INFO - Filling up the DagBag from /home/airflow/.local/lib/python3.12/site-packages/airflow/example_dags/example_kubernetes_executor.py
[2026-05-02T05:59:43.843+0000] {processor.py:925} INFO - DAG(s) 'example_kubernetes_executor' retrieved from /home/airflow/.local/lib/python3.12/site-packages/airflow/example_dags/example_kubernetes_executor.py
[2026-05-02T05:59:43.856+0000] {logging_mixin.py:190} INFO - [2026-05-02T05:59:43.856+0000] {dag.py:3239} INFO - Sync 1 DAGs
[2026-05-02T05:59:43.862+0000] {logging_mixin.py:190} INFO - [2026-05-02T05:59:43.862+0000] {dag.py:4180} INFO - Setting next_dagrun for example_kubernetes_executor to None, run_after=None
[2026-05-02T05:59:43.870+0000] {processor.py:208} INFO - Processing /home/airflow/.local/lib/python3.12/site-packages/airflow/example_dags/example_kubernetes_executor.py took 0.038 seconds
[2026-05-02T06:03:25.298+0000] {processor.py:186} INFO - Started process (PID=77584) to work on /home/airflow/.local/lib/python3.12/site-packages/airflow/example_dags/example_kubernetes_executor.py
[2026-05-02T06:03:25.298+0000] {processor.py:914} INFO - Processing file /home/airflow/.local/lib/python3.12/site-packages/airflow/example_dags/example_kubernetes_executor.py for tasks to queue
[2026-05-02T06:03:25.300+0000] {logging_mixin.py:190} INFO - [2026-05-02T06:03:25.300+0000] {dagbag.py:588} INFO - Filling up the DagBag from /home/airflow/.local/lib/python3.12/site-packages/airflow/example_dags/example_kubernetes_executor.py
[2026-05-02T06:03:25.308+0000] {processor.py:925} INFO - DAG(s) 'example_kubernetes_executor' retrieved from /home/airflow/.local/lib/python3.12/site-packages/airflow/example_dags/example_kubernetes_executor.py
[2026-05-02T06:03:25.323+0000] {logging_mixin.py:190} INFO - [2026-05-02T06:03:25.323+0000] {dag.py:3239} INFO - Sync 1 DAGs
[2026-05-02T06:03:25.328+0000] {logging_mixin.py:190} INFO - [2026-05-02T06:03:25.328+0000] {dag.py:4180} INFO - Setting next_dagrun for example_kubernetes_executor to None, run_after=None
[2026-05-02T06:03:25.334+0000] {processor.py:208} INFO - Processing /home/airflow/.local/lib/python3.12/site-packages/airflow/example_dags/example_kubernetes_executor.py took 0.040 seconds
[2026-05-02T06:03:56.224+0000] {processor.py:186} INFO - Started process (PID=77648) to work on /home/airflow/.local/lib/python3.12/site-packages/airflow/example_dags/example_kubernetes_executor.py
[2026-05-02T06:03:56.225+0000] {processor.py:914} INFO - Processing file /home/airflow/.local/lib/python3.12/site-packages/airflow/example_dags/example_kubernetes_executor.py for tasks to queue
[2026-05-02T06:03:56.227+0000] {logging_mixin.py:190} INFO - [2026-05-02T06:03:56.226+0000] {dagbag.py:588} INFO - Filling up the DagBag from /home/airflow/.local/lib/python3.12/site-packages/airflow/example_dags/example_kubernetes_executor.py
[2026-05-02T06:03:56.236+0000] {processor.py:925} INFO - DAG(s) 'example_kubernetes_executor' retrieved from /home/airflow/.local/lib/python3.12/site-packages/airflow/example_dags/example_kubernetes_executor.py
[2026-05-02T06:03:56.253+0000] {logging_mixin.py:190} INFO - [2026-05-02T06:03:56.253+0000] {dag.py:3239} INFO - Sync 1 DAGs
[2026-05-02T06:03:56.258+0000] {logging_mixin.py:190} INFO - [2026-05-02T06:03:56.258+0000] {dag.py:4180} INFO - Setting next_dagrun for example_kubernetes_executor to None, run_after=None
[2026-05-02T06:03:56.266+0000] {processor.py:208} INFO - Processing /home/airflow/.local/lib/python3.12/site-packages/airflow/example_dags/example_kubernetes_executor.py took 0.045 seconds
[2026-05-02T06:09:48.924+0000] {processor.py:186} INFO - Started process (PID=77712) to work on /home/airflow/.local/lib/python3.12/site-packages/airflow/example_dags/example_kubernetes_executor.py
[2026-05-02T06:09:48.924+0000] {processor.py:914} INFO - Processing file /home/airflow/.local/lib/python3.12/site-packages/airflow/example_dags/example_kubernetes_executor.py for tasks to queue
[2026-05-02T06:09:48.925+0000] {logging_mixin.py:190} INFO - [2026-05-02T06:09:48.925+0000] {dagbag.py:588} INFO - Filling up the DagBag from /home/airflow/.local/lib/python3.12/site-packages/airflow/example_dags/example_kubernetes_executor.py
[2026-05-02T06:09:48.933+0000] {processor.py:925} INFO - DAG(s) 'example_kubernetes_executor' retrieved from /home/airflow/.local/lib/python3.12/site-packages/airflow/example_dags/example_kubernetes_executor.py
[2026-05-02T06:09:48.947+0000] {logging_mixin.py:190} INFO - [2026-05-02T06:09:48.947+0000] {dag.py:3239} INFO - Sync 1 DAGs
[2026-05-02T06:09:48.951+0000] {logging_mixin.py:190} INFO - [2026-05-02T06:09:48.951+0000] {dag.py:4180} INFO - Setting next_dagrun for example_kubernetes_executor to None, run_after=None
[2026-05-02T06:09:48.959+0000] {processor.py:208} INFO - Processing /home/airflow/.local/lib/python3.12/site-packages/airflow/example_dags/example_kubernetes_executor.py took 0.037 seconds
[2026-05-02T06:16:04.452+0000] {processor.py:186} INFO - Started process (PID=77776) to work on /home/airflow/.local/lib/python3.12/site-packages/airflow/example_dags/example_kubernetes_executor.py
[2026-05-02T06:16:04.452+0000] {processor.py:914} INFO - Processing file /home/airflow/.local/lib/python3.12/site-packages/airflow/example_dags/example_kubernetes_executor.py for tasks to queue
[2026-05-02T06:16:04.454+0000] {logging_mixin.py:190} INFO - [2026-05-02T06:16:04.454+0000] {dagbag.py:588} INFO - Filling up the DagBag from /home/airflow/.local/lib/python3.12/site-packages/airflow/example_dags/example_kubernetes_executor.py
[2026-05-02T06:16:04.465+0000] {processor.py:925} INFO - DAG(s) 'example_kubernetes_executor' retrieved from /home/airflow/.local/lib/python3.12/site-packages/airflow/example_dags/example_kubernetes_executor.py
[2026-05-02T06:16:04.479+0000] {logging_mixin.py:190} INFO - [2026-05-02T06:16:04.479+0000] {dag.py:3239} INFO - Sync 1 DAGs
[2026-05-02T06:16:04.491+0000] {logging_mixin.py:190} INFO - [2026-05-02T06:16:04.490+0000] {dag.py:4180} INFO - Setting next_dagrun for example_kubernetes_executor to None, run_after=None
[2026-05-02T06:16:04.497+0000] {processor.py:208} INFO - Processing /home/airflow/.local/lib/python3.12/site-packages/airflow/example_dags/example_kubernetes_executor.py took 0.049 seconds
[2026-05-02T06:16:35.023+0000] {processor.py:186} INFO - Started process (PID=77840) to work on /home/airflow/.local/lib/python3.12/site-packages/airflow/example_dags/example_kubernetes_executor.py
[2026-05-02T06:16:35.023+0000] {processor.py:914} INFO - Processing file /home/airflow/.local/lib/python3.12/site-packages/airflow/example_dags/example_kubernetes_executor.py for tasks to queue
[2026-05-02T06:16:35.024+0000] {logging_mixin.py:190} INFO - [2026-05-02T06:16:35.024+0000] {dagbag.py:588} INFO - Filling up the DagBag from /home/airflow/.local/lib/python3.12/site-packages/airflow/example_dags/example_kubernetes_executor.py
[2026-05-02T06:16:35.034+0000] {processor.py:925} INFO - DAG(s) 'example_kubernetes_executor' retrieved from /home/airflow/.local/lib/python3.12/site-packages/airflow/example_dags/example_kubernetes_executor.py
[2026-05-02T06:16:35.045+0000] {logging_mixin.py:190} INFO - [2026-05-02T06:16:35.045+0000] {dag.py:3239} INFO - Sync 1 DAGs
[2026-05-02T06:16:35.049+0000] {logging_mixin.py:190} INFO - [2026-05-02T06:16:35.049+0000] {dag.py:4180} INFO - Setting next_dagrun for example_kubernetes_executor to None, run_after=None
[2026-05-02T06:16:35.058+0000] {processor.py:208} INFO - Processing /home/airflow/.local/lib/python3.12/site-packages/airflow/example_dags/example_kubernetes_executor.py took 0.038 seconds
[2026-05-02T06:32:04.987+0000] {processor.py:186} INFO - Started process (PID=77904) to work on /home/airflow/.local/lib/python3.12/site-packages/airflow/example_dags/example_kubernetes_executor.py
[2026-05-02T06:32:04.989+0000] {processor.py:914} INFO - Processing file /home/airflow/.local/lib/python3.12/site-packages/airflow/example_dags/example_kubernetes_executor.py for tasks to queue
[2026-05-02T06:32:04.989+0000] {logging_mixin.py:190} INFO - [2026-05-02T06:32:04.989+0000] {dagbag.py:588} INFO - Filling up the DagBag from /home/airflow/.local/lib/python3.12/site-packages/airflow/example_dags/example_kubernetes_executor.py
[2026-05-02T06:32:04.998+0000] {processor.py:925} INFO - DAG(s) 'example_kubernetes_executor' retrieved from /home/airflow/.local/lib/python3.12/site-packages/airflow/example_dags/example_kubernetes_executor.py
[2026-05-02T06:32:05.014+0000] {logging_mixin.py:190} INFO - [2026-05-02T06:32:05.014+0000] {dag.py:3239} INFO - Sync 1 DAGs
[2026-05-02T06:32:05.019+0000] {logging_mixin.py:190} INFO - [2026-05-02T06:32:05.019+0000] {dag.py:4180} INFO - Setting next_dagrun for example_kubernetes_executor to None, run_after=None
[2026-05-02T06:32:05.028+0000] {processor.py:208} INFO - Processing /home/airflow/.local/lib/python3.12/site-packages/airflow/example_dags/example_kubernetes_executor.py took 0.045 seconds
[2026-05-02T06:47:35.818+0000] {processor.py:186} INFO - Started process (PID=77969) to work on /home/airflow/.local/lib/python3.12/site-packages/airflow/example_dags/example_kubernetes_executor.py
[2026-05-02T06:47:35.819+0000] {processor.py:914} INFO - Processing file /home/airflow/.local/lib/python3.12/site-packages/airflow/example_dags/example_kubernetes_executor.py for tasks to queue
[2026-05-02T06:47:35.820+0000] {logging_mixin.py:190} INFO - [2026-05-02T06:47:35.820+0000] {dagbag.py:588} INFO - Filling up the DagBag from /home/airflow/.local/lib/python3.12/site-packages/airflow/example_dags/example_kubernetes_executor.py
[2026-05-02T06:47:35.827+0000] {processor.py:925} INFO - DAG(s) 'example_kubernetes_executor' retrieved from /home/airflow/.local/lib/python3.12/site-packages/airflow/example_dags/example_kubernetes_executor.py
[2026-05-02T06:47:35.846+0000] {logging_mixin.py:190} INFO - [2026-05-02T06:47:35.846+0000] {dag.py:3239} INFO - Sync 1 DAGs
[2026-05-02T06:47:35.852+0000] {logging_mixin.py:190} INFO - [2026-05-02T06:47:35.852+0000] {dag.py:4180} INFO - Setting next_dagrun for example_kubernetes_executor to None, run_after=None
[2026-05-02T06:47:35.861+0000] {processor.py:208} INFO - Processing /home/airflow/.local/lib/python3.12/site-packages/airflow/example_dags/example_kubernetes_executor.py took 0.046 seconds
[2026-05-02T06:48:06.517+0000] {processor.py:186} INFO - Started process (PID=78033) to work on /home/airflow/.local/lib/python3.12/site-packages/airflow/example_dags/example_kubernetes_executor.py
[2026-05-02T06:48:06.517+0000] {processor.py:914} INFO - Processing file /home/airflow/.local/lib/python3.12/site-packages/airflow/example_dags/example_kubernetes_executor.py for tasks to queue
[2026-05-02T06:48:06.519+0000] {logging_mixin.py:190} INFO - [2026-05-02T06:48:06.518+0000] {dagbag.py:588} INFO - Filling up the DagBag from /home/airflow/.local/lib/python3.12/site-packages/airflow/example_dags/example_kubernetes_executor.py
[2026-05-02T06:48:06.527+0000] {processor.py:925} INFO - DAG(s) 'example_kubernetes_executor' retrieved from /home/airflow/.local/lib/python3.12/site-packages/airflow/example_dags/example_kubernetes_executor.py
[2026-05-02T06:48:06.539+0000] {logging_mixin.py:190} INFO - [2026-05-02T06:48:06.539+0000] {dag.py:3239} INFO - Sync 1 DAGs
[2026-05-02T06:48:06.544+0000] {logging_mixin.py:190} INFO - [2026-05-02T06:48:06.543+0000] {dag.py:4180} INFO - Setting next_dagrun for example_kubernetes_executor to None, run_after=None
[2026-05-02T06:48:06.552+0000] {processor.py:208} INFO - Processing /home/airflow/.local/lib/python3.12/site-packages/airflow/example_dags/example_kubernetes_executor.py took 0.038 seconds
[2026-05-02T06:49:59.546+0000] {processor.py:186} INFO - Started process (PID=78097) to work on /home/airflow/.local/lib/python3.12/site-packages/airflow/example_dags/example_kubernetes_executor.py
[2026-05-02T06:49:59.547+0000] {processor.py:914} INFO - Processing file /home/airflow/.local/lib/python3.12/site-packages/airflow/example_dags/example_kubernetes_executor.py for tasks to queue
[2026-05-02T06:49:59.548+0000] {logging_mixin.py:190} INFO - [2026-05-02T06:49:59.548+0000] {dagbag.py:588} INFO - Filling up the DagBag from /home/airflow/.local/lib/python3.12/site-packages/airflow/example_dags/example_kubernetes_executor.py
[2026-05-02T06:49:59.556+0000] {processor.py:925} INFO - DAG(s) 'example_kubernetes_executor' retrieved from /home/airflow/.local/lib/python3.12/site-packages/airflow/example_dags/example_kubernetes_executor.py
[2026-05-02T06:49:59.568+0000] {logging_mixin.py:190} INFO - [2026-05-02T06:49:59.568+0000] {dag.py:3239} INFO - Sync 1 DAGs
[2026-05-02T06:49:59.573+0000] {logging_mixin.py:190} INFO - [2026-05-02T06:49:59.573+0000] {dag.py:4180} INFO - Setting next_dagrun for example_kubernetes_executor to None, run_after=None
[2026-05-02T06:49:59.580+0000] {processor.py:208} INFO - Processing /home/airflow/.local/lib/python3.12/site-packages/airflow/example_dags/example_kubernetes_executor.py took 0.037 seconds
[2026-05-02T06:56:08.117+0000] {processor.py:186} INFO - Started process (PID=78161) to work on /home/airflow/.local/lib/python3.12/site-packages/airflow/example_dags/example_kubernetes_executor.py
[2026-05-02T06:56:08.117+0000] {processor.py:914} INFO - Processing file /home/airflow/.local/lib/python3.12/site-packages/airflow/example_dags/example_kubernetes_executor.py for tasks to queue
[2026-05-02T06:56:08.119+0000] {logging_mixin.py:190} INFO - [2026-05-02T06:56:08.119+0000] {dagbag.py:588} INFO - Filling up the DagBag from /home/airflow/.local/lib/python3.12/site-packages/airflow/example_dags/example_kubernetes_executor.py
[2026-05-02T06:56:08.130+0000] {processor.py:925} INFO - DAG(s) 'example_kubernetes_executor' retrieved from /home/airflow/.local/lib/python3.12/site-packages/airflow/example_dags/example_kubernetes_executor.py
[2026-05-02T06:56:08.150+0000] {logging_mixin.py:190} INFO - [2026-05-02T06:56:08.149+0000] {dag.py:3239} INFO - Sync 1 DAGs
[2026-05-02T06:56:08.156+0000] {logging_mixin.py:190} INFO - [2026-05-02T06:56:08.156+0000] {dag.py:4180} INFO - Setting next_dagrun for example_kubernetes_executor to None, run_after=None
[2026-05-02T06:56:08.166+0000] {processor.py:208} INFO - Processing /home/airflow/.local/lib/python3.12/site-packages/airflow/example_dags/example_kubernetes_executor.py took 0.054 seconds
[2026-05-02T06:56:38.706+0000] {processor.py:186} INFO - Started process (PID=78225) to work on /home/airflow/.local/lib/python3.12/site-packages/airflow/example_dags/example_kubernetes_executor.py
[2026-05-02T06:56:38.706+0000] {processor.py:914} INFO - Processing file /home/airflow/.local/lib/python3.12/site-packages/airflow/example_dags/example_kubernetes_executor.py for tasks to queue
[2026-05-02T06:56:38.707+0000] {logging_mixin.py:190} INFO - [2026-05-02T06:56:38.707+0000] {dagbag.py:588} INFO - Filling up the DagBag from /home/airflow/.local/lib/python3.12/site-packages/airflow/example_dags/example_kubernetes_executor.py
[2026-05-02T06:56:38.715+0000] {processor.py:925} INFO - DAG(s) 'example_kubernetes_executor' retrieved from /home/airflow/.local/lib/python3.12/site-packages/airflow/example_dags/example_kubernetes_executor.py
[2026-05-02T06:56:38.731+0000] {logging_mixin.py:190} INFO - [2026-05-02T06:56:38.731+0000] {dag.py:3239} INFO - Sync 1 DAGs
[2026-05-02T06:56:38.738+0000] {logging_mixin.py:190} INFO - [2026-05-02T06:56:38.738+0000] {dag.py:4180} INFO - Setting next_dagrun for example_kubernetes_executor to None, run_after=None
[2026-05-02T06:56:38.749+0000] {processor.py:208} INFO - Processing /home/airflow/.local/lib/python3.12/site-packages/airflow/example_dags/example_kubernetes_executor.py took 0.046 seconds
[2026-05-02T07:00:27.326+0000] {processor.py:186} INFO - Started process (PID=78289) to work on /home/airflow/.local/lib/python3.12/site-packages/airflow/example_dags/example_kubernetes_executor.py
[2026-05-02T07:00:27.326+0000] {processor.py:914} INFO - Processing file /home/airflow/.local/lib/python3.12/site-packages/airflow/example_dags/example_kubernetes_executor.py for tasks to queue
[2026-05-02T07:00:27.327+0000] {logging_mixin.py:190} INFO - [2026-05-02T07:00:27.327+0000] {dagbag.py:588} INFO - Filling up the DagBag from /home/airflow/.local/lib/python3.12/site-packages/airflow/example_dags/example_kubernetes_executor.py
[2026-05-02T07:00:27.335+0000] {processor.py:925} INFO - DAG(s) 'example_kubernetes_executor' retrieved from /home/airflow/.local/lib/python3.12/site-packages/airflow/example_dags/example_kubernetes_executor.py
[2026-05-02T07:00:27.347+0000] {logging_mixin.py:190} INFO - [2026-05-02T07:00:27.347+0000] {dag.py:3239} INFO - Sync 1 DAGs
[2026-05-02T07:00:27.355+0000] {logging_mixin.py:190} INFO - [2026-05-02T07:00:27.355+0000] {dag.py:4180} INFO - Setting next_dagrun for example_kubernetes_executor to None, run_after=None
[2026-05-02T07:00:27.364+0000] {processor.py:208} INFO - Processing /home/airflow/.local/lib/python3.12/site-packages/airflow/example_dags/example_kubernetes_executor.py took 0.041 seconds
[2026-05-02T07:00:57.874+0000] {processor.py:186} INFO - Started process (PID=78353) to work on /home/airflow/.local/lib/python3.12/site-packages/airflow/example_dags/example_kubernetes_executor.py
[2026-05-02T07:00:57.875+0000] {processor.py:914} INFO - Processing file /home/airflow/.local/lib/python3.12/site-packages/airflow/example_dags/example_kubernetes_executor.py for tasks to queue
[2026-05-02T07:00:57.876+0000] {logging_mixin.py:190} INFO - [2026-05-02T07:00:57.876+0000] {dagbag.py:588} INFO - Filling up the DagBag from /home/airflow/.local/lib/python3.12/site-packages/airflow/example_dags/example_kubernetes_executor.py
[2026-05-02T07:00:57.885+0000] {processor.py:925} INFO - DAG(s) 'example_kubernetes_executor' retrieved from /home/airflow/.local/lib/python3.12/site-packages/airflow/example_dags/example_kubernetes_executor.py
[2026-05-02T07:00:57.898+0000] {logging_mixin.py:190} INFO - [2026-05-02T07:00:57.898+0000] {dag.py:3239} INFO - Sync 1 DAGs
[2026-05-02T07:00:57.903+0000] {logging_mixin.py:190} INFO - [2026-05-02T07:00:57.903+0000] {dag.py:4180} INFO - Setting next_dagrun for example_kubernetes_executor to None, run_after=None
[2026-05-02T07:00:57.912+0000] {processor.py:208} INFO - Processing /home/airflow/.local/lib/python3.12/site-packages/airflow/example_dags/example_kubernetes_executor.py took 0.040 seconds
[2026-05-02T07:03:12.136+0000] {processor.py:186} INFO - Started process (PID=78417) to work on /home/airflow/.local/lib/python3.12/site-packages/airflow/example_dags/example_kubernetes_executor.py
[2026-05-02T07:03:12.137+0000] {processor.py:914} INFO - Processing file /home/airflow/.local/lib/python3.12/site-packages/airflow/example_dags/example_kubernetes_executor.py for tasks to queue
[2026-05-02T07:03:12.138+0000] {logging_mixin.py:190} INFO - [2026-05-02T07:03:12.138+0000] {dagbag.py:588} INFO - Filling up the DagBag from /home/airflow/.local/lib/python3.12/site-packages/airflow/example_dags/example_kubernetes_executor.py
[2026-05-02T07:03:12.145+0000] {processor.py:925} INFO - DAG(s) 'example_kubernetes_executor' retrieved from /home/airflow/.local/lib/python3.12/site-packages/airflow/example_dags/example_kubernetes_executor.py
[2026-05-02T07:03:12.159+0000] {logging_mixin.py:190} INFO - [2026-05-02T07:03:12.158+0000] {dag.py:3239} INFO - Sync 1 DAGs
[2026-05-02T07:03:12.165+0000] {logging_mixin.py:190} INFO - [2026-05-02T07:03:12.165+0000] {dag.py:4180} INFO - Setting next_dagrun for example_kubernetes_executor to None, run_after=None
[2026-05-02T07:03:12.175+0000] {processor.py:208} INFO - Processing /home/airflow/.local/lib/python3.12/site-packages/airflow/example_dags/example_kubernetes_executor.py took 0.045 seconds
[2026-05-02T07:18:43.531+0000] {processor.py:186} INFO - Started process (PID=78481) to work on /home/airflow/.local/lib/python3.12/site-packages/airflow/example_dags/example_kubernetes_executor.py
[2026-05-02T07:18:43.531+0000] {processor.py:914} INFO - Processing file /home/airflow/.local/lib/python3.12/site-packages/airflow/example_dags/example_kubernetes_executor.py for tasks to queue
[2026-05-02T07:18:43.533+0000] {logging_mixin.py:190} INFO - [2026-05-02T07:18:43.532+0000] {dagbag.py:588} INFO - Filling up the DagBag from /home/airflow/.local/lib/python3.12/site-packages/airflow/example_dags/example_kubernetes_executor.py
[2026-05-02T07:18:43.544+0000] {processor.py:925} INFO - DAG(s) 'example_kubernetes_executor' retrieved from /home/airflow/.local/lib/python3.12/site-packages/airflow/example_dags/example_kubernetes_executor.py
[2026-05-02T07:18:43.558+0000] {logging_mixin.py:190} INFO - [2026-05-02T07:18:43.558+0000] {dag.py:3239} INFO - Sync 1 DAGs
[2026-05-02T07:18:43.565+0000] {logging_mixin.py:190} INFO - [2026-05-02T07:18:43.565+0000] {dag.py:4180} INFO - Setting next_dagrun for example_kubernetes_executor to None, run_after=None
[2026-05-02T07:18:43.574+0000] {processor.py:208} INFO - Processing /home/airflow/.local/lib/python3.12/site-packages/airflow/example_dags/example_kubernetes_executor.py took 0.045 seconds
[2026-05-02T07:19:14.251+0000] {processor.py:186} INFO - Started process (PID=78545) to work on /home/airflow/.local/lib/python3.12/site-packages/airflow/example_dags/example_kubernetes_executor.py
[2026-05-02T07:19:14.251+0000] {processor.py:914} INFO - Processing file /home/airflow/.local/lib/python3.12/site-packages/airflow/example_dags/example_kubernetes_executor.py for tasks to queue
[2026-05-02T07:19:14.252+0000] {logging_mixin.py:190} INFO - [2026-05-02T07:19:14.252+0000] {dagbag.py:588} INFO - Filling up the DagBag from /home/airflow/.local/lib/python3.12/site-packages/airflow/example_dags/example_kubernetes_executor.py
[2026-05-02T07:19:14.260+0000] {processor.py:925} INFO - DAG(s) 'example_kubernetes_executor' retrieved from /home/airflow/.local/lib/python3.12/site-packages/airflow/example_dags/example_kubernetes_executor.py
[2026-05-02T07:19:14.272+0000] {logging_mixin.py:190} INFO - [2026-05-02T07:19:14.272+0000] {dag.py:3239} INFO - Sync 1 DAGs
[2026-05-02T07:19:14.277+0000] {logging_mixin.py:190} INFO - [2026-05-02T07:19:14.277+0000] {dag.py:4180} INFO - Setting next_dagrun for example_kubernetes_executor to None, run_after=None
[2026-05-02T07:19:14.287+0000] {processor.py:208} INFO - Processing /home/airflow/.local/lib/python3.12/site-packages/airflow/example_dags/example_kubernetes_executor.py took 0.040 seconds
[2026-05-02T07:34:44.487+0000] {processor.py:186} INFO - Started process (PID=78609) to work on /home/airflow/.local/lib/python3.12/site-packages/airflow/example_dags/example_kubernetes_executor.py
[2026-05-02T07:34:44.488+0000] {processor.py:914} INFO - Processing file /home/airflow/.local/lib/python3.12/site-packages/airflow/example_dags/example_kubernetes_executor.py for tasks to queue
[2026-05-02T07:34:44.488+0000] {logging_mixin.py:190} INFO - [2026-05-02T07:34:44.488+0000] {dagbag.py:588} INFO - Filling up the DagBag from /home/airflow/.local/lib/python3.12/site-packages/airflow/example_dags/example_kubernetes_executor.py
[2026-05-02T07:34:44.498+0000] {processor.py:925} INFO - DAG(s) 'example_kubernetes_executor' retrieved from /home/airflow/.local/lib/python3.12/site-packages/airflow/example_dags/example_kubernetes_executor.py
[2026-05-02T07:34:44.508+0000] {logging_mixin.py:190} INFO - [2026-05-02T07:34:44.508+0000] {dag.py:3239} INFO - Sync 1 DAGs
[2026-05-02T07:34:44.513+0000] {logging_mixin.py:190} INFO - [2026-05-02T07:34:44.513+0000] {dag.py:4180} INFO - Setting next_dagrun for example_kubernetes_executor to None, run_after=None
[2026-05-02T07:34:44.522+0000] {processor.py:208} INFO - Processing /home/airflow/.local/lib/python3.12/site-packages/airflow/example_dags/example_kubernetes_executor.py took 0.038 seconds
[2026-05-02T07:44:14.901+0000] {processor.py:186} INFO - Started process (PID=78673) to work on /home/airflow/.local/lib/python3.12/site-packages/airflow/example_dags/example_kubernetes_executor.py
[2026-05-02T07:44:14.901+0000] {processor.py:914} INFO - Processing file /home/airflow/.local/lib/python3.12/site-packages/airflow/example_dags/example_kubernetes_executor.py for tasks to queue
[2026-05-02T07:44:14.902+0000] {logging_mixin.py:190} INFO - [2026-05-02T07:44:14.902+0000] {dagbag.py:588} INFO - Filling up the DagBag from /home/airflow/.local/lib/python3.12/site-packages/airflow/example_dags/example_kubernetes_executor.py
[2026-05-02T07:44:14.913+0000] {processor.py:925} INFO - DAG(s) 'example_kubernetes_executor' retrieved from /home/airflow/.local/lib/python3.12/site-packages/airflow/example_dags/example_kubernetes_executor.py
[2026-05-02T07:44:14.933+0000] {logging_mixin.py:190} INFO - [2026-05-02T07:44:14.933+0000] {dag.py:3239} INFO - Sync 1 DAGs
[2026-05-02T07:44:14.941+0000] {logging_mixin.py:190} INFO - [2026-05-02T07:44:14.941+0000] {dag.py:4180} INFO - Setting next_dagrun for example_kubernetes_executor to None, run_after=None
[2026-05-02T07:44:14.953+0000] {processor.py:208} INFO - Processing /home/airflow/.local/lib/python3.12/site-packages/airflow/example_dags/example_kubernetes_executor.py took 0.055 seconds
[2026-05-02T07:44:45.494+0000] {processor.py:186} INFO - Started process (PID=78737) to work on /home/airflow/.local/lib/python3.12/site-packages/airflow/example_dags/example_kubernetes_executor.py
[2026-05-02T07:44:45.494+0000] {processor.py:914} INFO - Processing file /home/airflow/.local/lib/python3.12/site-packages/airflow/example_dags/example_kubernetes_executor.py for tasks to queue
[2026-05-02T07:44:45.495+0000] {logging_mixin.py:190} INFO - [2026-05-02T07:44:45.495+0000] {dagbag.py:588} INFO - Filling up the DagBag from /home/airflow/.local/lib/python3.12/site-packages/airflow/example_dags/example_kubernetes_executor.py
[2026-05-02T07:44:45.502+0000] {processor.py:925} INFO - DAG(s) 'example_kubernetes_executor' retrieved from /home/airflow/.local/lib/python3.12/site-packages/airflow/example_dags/example_kubernetes_executor.py
[2026-05-02T07:44:45.511+0000] {logging_mixin.py:190} INFO - [2026-05-02T07:44:45.511+0000] {dag.py:3239} INFO - Sync 1 DAGs
[2026-05-02T07:44:45.518+0000] {logging_mixin.py:190} INFO - [2026-05-02T07:44:45.518+0000] {dag.py:4180} INFO - Setting next_dagrun for example_kubernetes_executor to None, run_after=None
[2026-05-02T07:44:45.528+0000] {processor.py:208} INFO - Processing /home/airflow/.local/lib/python3.12/site-packages/airflow/example_dags/example_kubernetes_executor.py took 0.037 seconds
[2026-05-02T08:00:15.775+0000] {processor.py:186} INFO - Started process (PID=78801) to work on /home/airflow/.local/lib/python3.12/site-packages/airflow/example_dags/example_kubernetes_executor.py
[2026-05-02T08:00:15.776+0000] {processor.py:914} INFO - Processing file /home/airflow/.local/lib/python3.12/site-packages/airflow/example_dags/example_kubernetes_executor.py for tasks to queue
[2026-05-02T08:00:15.777+0000] {logging_mixin.py:190} INFO - [2026-05-02T08:00:15.777+0000] {dagbag.py:588} INFO - Filling up the DagBag from /home/airflow/.local/lib/python3.12/site-packages/airflow/example_dags/example_kubernetes_executor.py
[2026-05-02T08:00:15.789+0000] {processor.py:925} INFO - DAG(s) 'example_kubernetes_executor' retrieved from /home/airflow/.local/lib/python3.12/site-packages/airflow/example_dags/example_kubernetes_executor.py
[2026-05-02T08:00:15.804+0000] {logging_mixin.py:190} INFO - [2026-05-02T08:00:15.804+0000] {dag.py:3239} INFO - Sync 1 DAGs
[2026-05-02T08:00:15.808+0000] {logging_mixin.py:190} INFO - [2026-05-02T08:00:15.808+0000] {dag.py:4180} INFO - Setting next_dagrun for example_kubernetes_executor to None, run_after=None
[2026-05-02T08:00:15.817+0000] {processor.py:208} INFO - Processing /home/airflow/.local/lib/python3.12/site-packages/airflow/example_dags/example_kubernetes_executor.py took 0.046 seconds
[2026-05-02T08:15:46.869+0000] {processor.py:186} INFO - Started process (PID=78865) to work on /home/airflow/.local/lib/python3.12/site-packages/airflow/example_dags/example_kubernetes_executor.py
[2026-05-02T08:15:46.870+0000] {processor.py:914} INFO - Processing file /home/airflow/.local/lib/python3.12/site-packages/airflow/example_dags/example_kubernetes_executor.py for tasks to queue
[2026-05-02T08:15:46.871+0000] {logging_mixin.py:190} INFO - [2026-05-02T08:15:46.871+0000] {dagbag.py:588} INFO - Filling up the DagBag from /home/airflow/.local/lib/python3.12/site-packages/airflow/example_dags/example_kubernetes_executor.py
[2026-05-02T08:15:46.880+0000] {processor.py:925} INFO - DAG(s) 'example_kubernetes_executor' retrieved from /home/airflow/.local/lib/python3.12/site-packages/airflow/example_dags/example_kubernetes_executor.py
[2026-05-02T08:15:46.892+0000] {logging_mixin.py:190} INFO - [2026-05-02T08:15:46.892+0000] {dag.py:3239} INFO - Sync 1 DAGs
[2026-05-02T08:15:46.896+0000] {logging_mixin.py:190} INFO - [2026-05-02T08:15:46.896+0000] {dag.py:4180} INFO - Setting next_dagrun for example_kubernetes_executor to None, run_after=None
[2026-05-02T08:15:46.906+0000] {processor.py:208} INFO - Processing /home/airflow/.local/lib/python3.12/site-packages/airflow/example_dags/example_kubernetes_executor.py took 0.040 seconds
[2026-05-02T08:16:17.391+0000] {processor.py:186} INFO - Started process (PID=78929) to work on /home/airflow/.local/lib/python3.12/site-packages/airflow/example_dags/example_kubernetes_executor.py
[2026-05-02T08:16:17.392+0000] {processor.py:914} INFO - Processing file /home/airflow/.local/lib/python3.12/site-packages/airflow/example_dags/example_kubernetes_executor.py for tasks to queue
[2026-05-02T08:16:17.394+0000] {logging_mixin.py:190} INFO - [2026-05-02T08:16:17.394+0000] {dagbag.py:588} INFO - Filling up the DagBag from /home/airflow/.local/lib/python3.12/site-packages/airflow/example_dags/example_kubernetes_executor.py
[2026-05-02T08:16:17.405+0000] {processor.py:925} INFO - DAG(s) 'example_kubernetes_executor' retrieved from /home/airflow/.local/lib/python3.12/site-packages/airflow/example_dags/example_kubernetes_executor.py
[2026-05-02T08:16:17.419+0000] {logging_mixin.py:190} INFO - [2026-05-02T08:16:17.419+0000] {dag.py:3239} INFO - Sync 1 DAGs
[2026-05-02T08:16:17.429+0000] {logging_mixin.py:190} INFO - [2026-05-02T08:16:17.429+0000] {dag.py:4180} INFO - Setting next_dagrun for example_kubernetes_executor to None, run_after=None
[2026-05-02T08:16:17.441+0000] {processor.py:208} INFO - Processing /home/airflow/.local/lib/python3.12/site-packages/airflow/example_dags/example_kubernetes_executor.py took 0.054 seconds
[2026-05-02T08:31:47.789+0000] {processor.py:186} INFO - Started process (PID=78993) to work on /home/airflow/.local/lib/python3.12/site-packages/airflow/example_dags/example_kubernetes_executor.py
[2026-05-02T08:31:47.790+0000] {processor.py:914} INFO - Processing file /home/airflow/.local/lib/python3.12/site-packages/airflow/example_dags/example_kubernetes_executor.py for tasks to queue
[2026-05-02T08:31:47.793+0000] {logging_mixin.py:190} INFO - [2026-05-02T08:31:47.793+0000] {dagbag.py:588} INFO - Filling up the DagBag from /home/airflow/.local/lib/python3.12/site-packages/airflow/example_dags/example_kubernetes_executor.py
[2026-05-02T08:31:47.800+0000] {processor.py:925} INFO - DAG(s) 'example_kubernetes_executor' retrieved from /home/airflow/.local/lib/python3.12/site-packages/airflow/example_dags/example_kubernetes_executor.py
[2026-05-02T08:31:47.818+0000] {logging_mixin.py:190} INFO - [2026-05-02T08:31:47.818+0000] {dag.py:3239} INFO - Sync 1 DAGs
[2026-05-02T08:31:47.826+0000] {logging_mixin.py:190} INFO - [2026-05-02T08:31:47.826+0000] {dag.py:4180} INFO - Setting next_dagrun for example_kubernetes_executor to None, run_after=None
[2026-05-02T08:31:47.832+0000] {processor.py:208} INFO - Processing /home/airflow/.local/lib/python3.12/site-packages/airflow/example_dags/example_kubernetes_executor.py took 0.045 seconds
[2026-05-02T08:32:18.578+0000] {processor.py:186} INFO - Started process (PID=79057) to work on /home/airflow/.local/lib/python3.12/site-packages/airflow/example_dags/example_kubernetes_executor.py
[2026-05-02T08:32:18.579+0000] {processor.py:914} INFO - Processing file /home/airflow/.local/lib/python3.12/site-packages/airflow/example_dags/example_kubernetes_executor.py for tasks to queue
[2026-05-02T08:32:18.581+0000] {logging_mixin.py:190} INFO - [2026-05-02T08:32:18.581+0000] {dagbag.py:588} INFO - Filling up the DagBag from /home/airflow/.local/lib/python3.12/site-packages/airflow/example_dags/example_kubernetes_executor.py
[2026-05-02T08:32:18.589+0000] {processor.py:925} INFO - DAG(s) 'example_kubernetes_executor' retrieved from /home/airflow/.local/lib/python3.12/site-packages/airflow/example_dags/example_kubernetes_executor.py
[2026-05-02T08:32:18.600+0000] {logging_mixin.py:190} INFO - [2026-05-02T08:32:18.600+0000] {dag.py:3239} INFO - Sync 1 DAGs
[2026-05-02T08:32:18.607+0000] {logging_mixin.py:190} INFO - [2026-05-02T08:32:18.607+0000] {dag.py:4180} INFO - Setting next_dagrun for example_kubernetes_executor to None, run_after=None
[2026-05-02T08:32:18.615+0000] {processor.py:208} INFO - Processing /home/airflow/.local/lib/python3.12/site-packages/airflow/example_dags/example_kubernetes_executor.py took 0.041 seconds
[2026-05-02T08:47:49.033+0000] {processor.py:186} INFO - Started process (PID=79121) to work on /home/airflow/.local/lib/python3.12/site-packages/airflow/example_dags/example_kubernetes_executor.py
[2026-05-02T08:47:49.034+0000] {processor.py:914} INFO - Processing file /home/airflow/.local/lib/python3.12/site-packages/airflow/example_dags/example_kubernetes_executor.py for tasks to queue
[2026-05-02T08:47:49.035+0000] {logging_mixin.py:190} INFO - [2026-05-02T08:47:49.035+0000] {dagbag.py:588} INFO - Filling up the DagBag from /home/airflow/.local/lib/python3.12/site-packages/airflow/example_dags/example_kubernetes_executor.py
[2026-05-02T08:47:49.045+0000] {processor.py:925} INFO - DAG(s) 'example_kubernetes_executor' retrieved from /home/airflow/.local/lib/python3.12/site-packages/airflow/example_dags/example_kubernetes_executor.py
[2026-05-02T08:47:49.060+0000] {logging_mixin.py:190} INFO - [2026-05-02T08:47:49.060+0000] {dag.py:3239} INFO - Sync 1 DAGs
[2026-05-02T08:47:49.064+0000] {logging_mixin.py:190} INFO - [2026-05-02T08:47:49.064+0000] {dag.py:4180} INFO - Setting next_dagrun for example_kubernetes_executor to None, run_after=None
[2026-05-02T08:47:49.073+0000] {processor.py:208} INFO - Processing /home/airflow/.local/lib/python3.12/site-packages/airflow/example_dags/example_kubernetes_executor.py took 0.044 seconds
[2026-05-02T09:01:24.565+0000] {processor.py:186} INFO - Started process (PID=79185) to work on /home/airflow/.local/lib/python3.12/site-packages/airflow/example_dags/example_kubernetes_executor.py
[2026-05-02T09:01:24.566+0000] {processor.py:914} INFO - Processing file /home/airflow/.local/lib/python3.12/site-packages/airflow/example_dags/example_kubernetes_executor.py for tasks to queue
[2026-05-02T09:01:24.569+0000] {logging_mixin.py:190} INFO - [2026-05-02T09:01:24.568+0000] {dagbag.py:588} INFO - Filling up the DagBag from /home/airflow/.local/lib/python3.12/site-packages/airflow/example_dags/example_kubernetes_executor.py
[2026-05-02T09:01:24.580+0000] {processor.py:925} INFO - DAG(s) 'example_kubernetes_executor' retrieved from /home/airflow/.local/lib/python3.12/site-packages/airflow/example_dags/example_kubernetes_executor.py
[2026-05-02T09:01:24.599+0000] {logging_mixin.py:190} INFO - [2026-05-02T09:01:24.599+0000] {dag.py:3239} INFO - Sync 1 DAGs
[2026-05-02T09:01:24.605+0000] {logging_mixin.py:190} INFO - [2026-05-02T09:01:24.605+0000] {dag.py:4180} INFO - Setting next_dagrun for example_kubernetes_executor to None, run_after=None
[2026-05-02T09:01:24.611+0000] {processor.py:208} INFO - Processing /home/airflow/.local/lib/python3.12/site-packages/airflow/example_dags/example_kubernetes_executor.py took 0.051 seconds
[2026-05-02T09:01:55.408+0000] {processor.py:186} INFO - Started process (PID=79249) to work on /home/airflow/.local/lib/python3.12/site-packages/airflow/example_dags/example_kubernetes_executor.py
[2026-05-02T09:01:55.409+0000] {processor.py:914} INFO - Processing file /home/airflow/.local/lib/python3.12/site-packages/airflow/example_dags/example_kubernetes_executor.py for tasks to queue
[2026-05-02T09:01:55.410+0000] {logging_mixin.py:190} INFO - [2026-05-02T09:01:55.410+0000] {dagbag.py:588} INFO - Filling up the DagBag from /home/airflow/.local/lib/python3.12/site-packages/airflow/example_dags/example_kubernetes_executor.py
[2026-05-02T09:01:55.417+0000] {processor.py:925} INFO - DAG(s) 'example_kubernetes_executor' retrieved from /home/airflow/.local/lib/python3.12/site-packages/airflow/example_dags/example_kubernetes_executor.py
[2026-05-02T09:01:55.432+0000] {logging_mixin.py:190} INFO - [2026-05-02T09:01:55.432+0000] {dag.py:3239} INFO - Sync 1 DAGs
[2026-05-02T09:01:55.437+0000] {logging_mixin.py:190} INFO - [2026-05-02T09:01:55.437+0000] {dag.py:4180} INFO - Setting next_dagrun for example_kubernetes_executor to None, run_after=None
[2026-05-02T09:01:55.447+0000] {processor.py:208} INFO - Processing /home/airflow/.local/lib/python3.12/site-packages/airflow/example_dags/example_kubernetes_executor.py took 0.042 seconds
[2026-05-02T09:17:25.833+0000] {processor.py:186} INFO - Started process (PID=79313) to work on /home/airflow/.local/lib/python3.12/site-packages/airflow/example_dags/example_kubernetes_executor.py
[2026-05-02T09:17:25.833+0000] {processor.py:914} INFO - Processing file /home/airflow/.local/lib/python3.12/site-packages/airflow/example_dags/example_kubernetes_executor.py for tasks to queue
[2026-05-02T09:17:25.834+0000] {logging_mixin.py:190} INFO - [2026-05-02T09:17:25.834+0000] {dagbag.py:588} INFO - Filling up the DagBag from /home/airflow/.local/lib/python3.12/site-packages/airflow/example_dags/example_kubernetes_executor.py
[2026-05-02T09:17:25.844+0000] {processor.py:925} INFO - DAG(s) 'example_kubernetes_executor' retrieved from /home/airflow/.local/lib/python3.12/site-packages/airflow/example_dags/example_kubernetes_executor.py
[2026-05-02T09:17:25.858+0000] {logging_mixin.py:190} INFO - [2026-05-02T09:17:25.858+0000] {dag.py:3239} INFO - Sync 1 DAGs
[2026-05-02T09:17:25.864+0000] {logging_mixin.py:190} INFO - [2026-05-02T09:17:25.864+0000] {dag.py:4180} INFO - Setting next_dagrun for example_kubernetes_executor to None, run_after=None
[2026-05-02T09:17:25.873+0000] {processor.py:208} INFO - Processing /home/airflow/.local/lib/python3.12/site-packages/airflow/example_dags/example_kubernetes_executor.py took 0.045 seconds
[2026-05-02T09:32:56.662+0000] {processor.py:186} INFO - Started process (PID=79377) to work on /home/airflow/.local/lib/python3.12/site-packages/airflow/example_dags/example_kubernetes_executor.py
[2026-05-02T09:32:56.663+0000] {processor.py:914} INFO - Processing file /home/airflow/.local/lib/python3.12/site-packages/airflow/example_dags/example_kubernetes_executor.py for tasks to queue
[2026-05-02T09:32:56.664+0000] {logging_mixin.py:190} INFO - [2026-05-02T09:32:56.664+0000] {dagbag.py:588} INFO - Filling up the DagBag from /home/airflow/.local/lib/python3.12/site-packages/airflow/example_dags/example_kubernetes_executor.py
[2026-05-02T09:32:56.671+0000] {processor.py:925} INFO - DAG(s) 'example_kubernetes_executor' retrieved from /home/airflow/.local/lib/python3.12/site-packages/airflow/example_dags/example_kubernetes_executor.py
[2026-05-02T09:32:56.682+0000] {logging_mixin.py:190} INFO - [2026-05-02T09:32:56.682+0000] {dag.py:3239} INFO - Sync 1 DAGs
[2026-05-02T09:32:56.688+0000] {logging_mixin.py:190} INFO - [2026-05-02T09:32:56.688+0000] {dag.py:4180} INFO - Setting next_dagrun for example_kubernetes_executor to None, run_after=None
[2026-05-02T09:32:56.696+0000] {processor.py:208} INFO - Processing /home/airflow/.local/lib/python3.12/site-packages/airflow/example_dags/example_kubernetes_executor.py took 0.038 seconds
[2026-05-02T09:33:27.220+0000] {processor.py:186} INFO - Started process (PID=79441) to work on /home/airflow/.local/lib/python3.12/site-packages/airflow/example_dags/example_kubernetes_executor.py
[2026-05-02T09:33:27.220+0000] {processor.py:914} INFO - Processing file /home/airflow/.local/lib/python3.12/site-packages/airflow/example_dags/example_kubernetes_executor.py for tasks to queue
[2026-05-02T09:33:27.221+0000] {logging_mixin.py:190} INFO - [2026-05-02T09:33:27.221+0000] {dagbag.py:588} INFO - Filling up the DagBag from /home/airflow/.local/lib/python3.12/site-packages/airflow/example_dags/example_kubernetes_executor.py
[2026-05-02T09:33:27.229+0000] {processor.py:925} INFO - DAG(s) 'example_kubernetes_executor' retrieved from /home/airflow/.local/lib/python3.12/site-packages/airflow/example_dags/example_kubernetes_executor.py
[2026-05-02T09:33:27.240+0000] {logging_mixin.py:190} INFO - [2026-05-02T09:33:27.240+0000] {dag.py:3239} INFO - Sync 1 DAGs
[2026-05-02T09:33:27.246+0000] {logging_mixin.py:190} INFO - [2026-05-02T09:33:27.246+0000] {dag.py:4180} INFO - Setting next_dagrun for example_kubernetes_executor to None, run_after=None
[2026-05-02T09:33:27.256+0000] {processor.py:208} INFO - Processing /home/airflow/.local/lib/python3.12/site-packages/airflow/example_dags/example_kubernetes_executor.py took 0.039 seconds
[2026-05-02T09:40:12.226+0000] {processor.py:186} INFO - Started process (PID=79505) to work on /home/airflow/.local/lib/python3.12/site-packages/airflow/example_dags/example_kubernetes_executor.py
[2026-05-02T09:40:12.226+0000] {processor.py:914} INFO - Processing file /home/airflow/.local/lib/python3.12/site-packages/airflow/example_dags/example_kubernetes_executor.py for tasks to queue
[2026-05-02T09:40:12.227+0000] {logging_mixin.py:190} INFO - [2026-05-02T09:40:12.227+0000] {dagbag.py:588} INFO - Filling up the DagBag from /home/airflow/.local/lib/python3.12/site-packages/airflow/example_dags/example_kubernetes_executor.py
[2026-05-02T09:40:12.235+0000] {processor.py:925} INFO - DAG(s) 'example_kubernetes_executor' retrieved from /home/airflow/.local/lib/python3.12/site-packages/airflow/example_dags/example_kubernetes_executor.py
[2026-05-02T09:40:12.246+0000] {logging_mixin.py:190} INFO - [2026-05-02T09:40:12.246+0000] {dag.py:3239} INFO - Sync 1 DAGs
[2026-05-02T09:40:12.252+0000] {logging_mixin.py:190} INFO - [2026-05-02T09:40:12.252+0000] {dag.py:4180} INFO - Setting next_dagrun for example_kubernetes_executor to None, run_after=None
[2026-05-02T09:40:12.260+0000] {processor.py:208} INFO - Processing /home/airflow/.local/lib/python3.12/site-packages/airflow/example_dags/example_kubernetes_executor.py took 0.037 seconds
[2026-05-02T09:55:43.374+0000] {processor.py:186} INFO - Started process (PID=79569) to work on /home/airflow/.local/lib/python3.12/site-packages/airflow/example_dags/example_kubernetes_executor.py
[2026-05-02T09:55:43.374+0000] {processor.py:914} INFO - Processing file /home/airflow/.local/lib/python3.12/site-packages/airflow/example_dags/example_kubernetes_executor.py for tasks to queue
[2026-05-02T09:55:43.375+0000] {logging_mixin.py:190} INFO - [2026-05-02T09:55:43.375+0000] {dagbag.py:588} INFO - Filling up the DagBag from /home/airflow/.local/lib/python3.12/site-packages/airflow/example_dags/example_kubernetes_executor.py
[2026-05-02T09:55:43.383+0000] {processor.py:925} INFO - DAG(s) 'example_kubernetes_executor' retrieved from /home/airflow/.local/lib/python3.12/site-packages/airflow/example_dags/example_kubernetes_executor.py
[2026-05-02T09:55:43.395+0000] {logging_mixin.py:190} INFO - [2026-05-02T09:55:43.395+0000] {dag.py:3239} INFO - Sync 1 DAGs
[2026-05-02T09:55:43.400+0000] {logging_mixin.py:190} INFO - [2026-05-02T09:55:43.400+0000] {dag.py:4180} INFO - Setting next_dagrun for example_kubernetes_executor to None, run_after=None
[2026-05-02T09:55:43.408+0000] {processor.py:208} INFO - Processing /home/airflow/.local/lib/python3.12/site-packages/airflow/example_dags/example_kubernetes_executor.py took 0.038 seconds
[2026-05-02T09:56:14.085+0000] {processor.py:186} INFO - Started process (PID=79633) to work on /home/airflow/.local/lib/python3.12/site-packages/airflow/example_dags/example_kubernetes_executor.py
[2026-05-02T09:56:14.086+0000] {processor.py:914} INFO - Processing file /home/airflow/.local/lib/python3.12/site-packages/airflow/example_dags/example_kubernetes_executor.py for tasks to queue
[2026-05-02T09:56:14.087+0000] {logging_mixin.py:190} INFO - [2026-05-02T09:56:14.087+0000] {dagbag.py:588} INFO - Filling up the DagBag from /home/airflow/.local/lib/python3.12/site-packages/airflow/example_dags/example_kubernetes_executor.py
[2026-05-02T09:56:14.093+0000] {processor.py:925} INFO - DAG(s) 'example_kubernetes_executor' retrieved from /home/airflow/.local/lib/python3.12/site-packages/airflow/example_dags/example_kubernetes_executor.py
[2026-05-02T09:56:14.106+0000] {logging_mixin.py:190} INFO - [2026-05-02T09:56:14.106+0000] {dag.py:3239} INFO - Sync 1 DAGs
[2026-05-02T09:56:14.112+0000] {logging_mixin.py:190} INFO - [2026-05-02T09:56:14.112+0000] {dag.py:4180} INFO - Setting next_dagrun for example_kubernetes_executor to None, run_after=None
[2026-05-02T09:56:14.119+0000] {processor.py:208} INFO - Processing /home/airflow/.local/lib/python3.12/site-packages/airflow/example_dags/example_kubernetes_executor.py took 0.037 seconds
[2026-05-02T10:02:29.802+0000] {processor.py:186} INFO - Started process (PID=79697) to work on /home/airflow/.local/lib/python3.12/site-packages/airflow/example_dags/example_kubernetes_executor.py
[2026-05-02T10:02:29.803+0000] {processor.py:914} INFO - Processing file /home/airflow/.local/lib/python3.12/site-packages/airflow/example_dags/example_kubernetes_executor.py for tasks to queue
[2026-05-02T10:02:29.804+0000] {logging_mixin.py:190} INFO - [2026-05-02T10:02:29.804+0000] {dagbag.py:588} INFO - Filling up the DagBag from /home/airflow/.local/lib/python3.12/site-packages/airflow/example_dags/example_kubernetes_executor.py
[2026-05-02T10:02:29.813+0000] {processor.py:925} INFO - DAG(s) 'example_kubernetes_executor' retrieved from /home/airflow/.local/lib/python3.12/site-packages/airflow/example_dags/example_kubernetes_executor.py
[2026-05-02T10:02:29.832+0000] {logging_mixin.py:190} INFO - [2026-05-02T10:02:29.832+0000] {dag.py:3239} INFO - Sync 1 DAGs
[2026-05-02T10:02:29.912+0000] {logging_mixin.py:190} INFO - [2026-05-02T10:02:29.912+0000] {dag.py:4180} INFO - Setting next_dagrun for example_kubernetes_executor to None, run_after=None
[2026-05-02T10:02:29.920+0000] {processor.py:208} INFO - Processing /home/airflow/.local/lib/python3.12/site-packages/airflow/example_dags/example_kubernetes_executor.py took 0.120 seconds
[2026-05-02T10:03:00.471+0000] {processor.py:186} INFO - Started process (PID=79761) to work on /home/airflow/.local/lib/python3.12/site-packages/airflow/example_dags/example_kubernetes_executor.py
[2026-05-02T10:03:00.471+0000] {processor.py:914} INFO - Processing file /home/airflow/.local/lib/python3.12/site-packages/airflow/example_dags/example_kubernetes_executor.py for tasks to queue
[2026-05-02T10:03:00.472+0000] {logging_mixin.py:190} INFO - [2026-05-02T10:03:00.472+0000] {dagbag.py:588} INFO - Filling up the DagBag from /home/airflow/.local/lib/python3.12/site-packages/airflow/example_dags/example_kubernetes_executor.py
[2026-05-02T10:03:00.482+0000] {processor.py:925} INFO - DAG(s) 'example_kubernetes_executor' retrieved from /home/airflow/.local/lib/python3.12/site-packages/airflow/example_dags/example_kubernetes_executor.py
[2026-05-02T10:03:00.496+0000] {logging_mixin.py:190} INFO - [2026-05-02T10:03:00.496+0000] {dag.py:3239} INFO - Sync 1 DAGs
[2026-05-02T10:03:00.506+0000] {logging_mixin.py:190} INFO - [2026-05-02T10:03:00.506+0000] {dag.py:4180} INFO - Setting next_dagrun for example_kubernetes_executor to None, run_after=None
[2026-05-02T10:03:00.589+0000] {processor.py:208} INFO - Processing /home/airflow/.local/lib/python3.12/site-packages/airflow/example_dags/example_kubernetes_executor.py took 0.121 seconds
[2026-05-02T10:18:30.026+0000] {processor.py:186} INFO - Started process (PID=79825) to work on /home/airflow/.local/lib/python3.12/site-packages/airflow/example_dags/example_kubernetes_executor.py
[2026-05-02T10:18:30.027+0000] {processor.py:914} INFO - Processing file /home/airflow/.local/lib/python3.12/site-packages/airflow/example_dags/example_kubernetes_executor.py for tasks to queue
[2026-05-02T10:18:30.028+0000] {logging_mixin.py:190} INFO - [2026-05-02T10:18:30.028+0000] {dagbag.py:588} INFO - Filling up the DagBag from /home/airflow/.local/lib/python3.12/site-packages/airflow/example_dags/example_kubernetes_executor.py
[2026-05-02T10:18:30.034+0000] {processor.py:925} INFO - DAG(s) 'example_kubernetes_executor' retrieved from /home/airflow/.local/lib/python3.12/site-packages/airflow/example_dags/example_kubernetes_executor.py
[2026-05-02T10:18:30.051+0000] {logging_mixin.py:190} INFO - [2026-05-02T10:18:30.051+0000] {dag.py:3239} INFO - Sync 1 DAGs
[2026-05-02T10:18:30.056+0000] {logging_mixin.py:190} INFO - [2026-05-02T10:18:30.056+0000] {dag.py:4180} INFO - Setting next_dagrun for example_kubernetes_executor to None, run_after=None
[2026-05-02T10:18:30.134+0000] {processor.py:208} INFO - Processing /home/airflow/.local/lib/python3.12/site-packages/airflow/example_dags/example_kubernetes_executor.py took 0.110 seconds
[2026-05-02T10:34:00.023+0000] {processor.py:186} INFO - Started process (PID=79889) to work on /home/airflow/.local/lib/python3.12/site-packages/airflow/example_dags/example_kubernetes_executor.py
[2026-05-02T10:34:00.024+0000] {processor.py:914} INFO - Processing file /home/airflow/.local/lib/python3.12/site-packages/airflow/example_dags/example_kubernetes_executor.py for tasks to queue
[2026-05-02T10:34:00.024+0000] {logging_mixin.py:190} INFO - [2026-05-02T10:34:00.024+0000] {dagbag.py:588} INFO - Filling up the DagBag from /home/airflow/.local/lib/python3.12/site-packages/airflow/example_dags/example_kubernetes_executor.py
[2026-05-02T10:34:00.032+0000] {processor.py:925} INFO - DAG(s) 'example_kubernetes_executor' retrieved from /home/airflow/.local/lib/python3.12/site-packages/airflow/example_dags/example_kubernetes_executor.py
[2026-05-02T10:34:00.047+0000] {logging_mixin.py:190} INFO - [2026-05-02T10:34:00.047+0000] {dag.py:3239} INFO - Sync 1 DAGs
[2026-05-02T10:34:00.055+0000] {logging_mixin.py:190} INFO - [2026-05-02T10:34:00.055+0000] {dag.py:4180} INFO - Setting next_dagrun for example_kubernetes_executor to None, run_after=None
[2026-05-02T10:34:00.139+0000] {processor.py:208} INFO - Processing /home/airflow/.local/lib/python3.12/site-packages/airflow/example_dags/example_kubernetes_executor.py took 0.119 seconds
[2026-05-02T10:34:30.871+0000] {processor.py:186} INFO - Started process (PID=79953) to work on /home/airflow/.local/lib/python3.12/site-packages/airflow/example_dags/example_kubernetes_executor.py
[2026-05-02T10:34:30.872+0000] {processor.py:914} INFO - Processing file /home/airflow/.local/lib/python3.12/site-packages/airflow/example_dags/example_kubernetes_executor.py for tasks to queue
[2026-05-02T10:34:30.874+0000] {logging_mixin.py:190} INFO - [2026-05-02T10:34:30.873+0000] {dagbag.py:588} INFO - Filling up the DagBag from /home/airflow/.local/lib/python3.12/site-packages/airflow/example_dags/example_kubernetes_executor.py
[2026-05-02T10:34:30.881+0000] {processor.py:925} INFO - DAG(s) 'example_kubernetes_executor' retrieved from /home/airflow/.local/lib/python3.12/site-packages/airflow/example_dags/example_kubernetes_executor.py
[2026-05-02T10:34:30.892+0000] {logging_mixin.py:190} INFO - [2026-05-02T10:34:30.892+0000] {dag.py:3239} INFO - Sync 1 DAGs
[2026-05-02T10:34:30.898+0000] {logging_mixin.py:190} INFO - [2026-05-02T10:34:30.898+0000] {dag.py:4180} INFO - Setting next_dagrun for example_kubernetes_executor to None, run_after=None
[2026-05-02T10:34:30.910+0000] {processor.py:208} INFO - Processing /home/airflow/.local/lib/python3.12/site-packages/airflow/example_dags/example_kubernetes_executor.py took 0.041 seconds
[2026-05-02T10:50:00.790+0000] {processor.py:186} INFO - Started process (PID=80017) to work on /home/airflow/.local/lib/python3.12/site-packages/airflow/example_dags/example_kubernetes_executor.py
[2026-05-02T10:50:00.791+0000] {processor.py:914} INFO - Processing file /home/airflow/.local/lib/python3.12/site-packages/airflow/example_dags/example_kubernetes_executor.py for tasks to queue
[2026-05-02T10:50:00.792+0000] {logging_mixin.py:190} INFO - [2026-05-02T10:50:00.792+0000] {dagbag.py:588} INFO - Filling up the DagBag from /home/airflow/.local/lib/python3.12/site-packages/airflow/example_dags/example_kubernetes_executor.py
[2026-05-02T10:50:00.799+0000] {processor.py:925} INFO - DAG(s) 'example_kubernetes_executor' retrieved from /home/airflow/.local/lib/python3.12/site-packages/airflow/example_dags/example_kubernetes_executor.py
[2026-05-02T10:50:00.810+0000] {logging_mixin.py:190} INFO - [2026-05-02T10:50:00.810+0000] {dag.py:3239} INFO - Sync 1 DAGs
[2026-05-02T10:50:00.817+0000] {logging_mixin.py:190} INFO - [2026-05-02T10:50:00.817+0000] {dag.py:4180} INFO - Setting next_dagrun for example_kubernetes_executor to None, run_after=None
[2026-05-02T10:50:00.827+0000] {processor.py:208} INFO - Processing /home/airflow/.local/lib/python3.12/site-packages/airflow/example_dags/example_kubernetes_executor.py took 0.040 seconds
[2026-05-02T11:03:21.950+0000] {processor.py:186} INFO - Started process (PID=80081) to work on /home/airflow/.local/lib/python3.12/site-packages/airflow/example_dags/example_kubernetes_executor.py
[2026-05-02T11:03:21.950+0000] {processor.py:914} INFO - Processing file /home/airflow/.local/lib/python3.12/site-packages/airflow/example_dags/example_kubernetes_executor.py for tasks to queue
[2026-05-02T11:03:21.951+0000] {logging_mixin.py:190} INFO - [2026-05-02T11:03:21.951+0000] {dagbag.py:588} INFO - Filling up the DagBag from /home/airflow/.local/lib/python3.12/site-packages/airflow/example_dags/example_kubernetes_executor.py
[2026-05-02T11:03:21.958+0000] {processor.py:925} INFO - DAG(s) 'example_kubernetes_executor' retrieved from /home/airflow/.local/lib/python3.12/site-packages/airflow/example_dags/example_kubernetes_executor.py
[2026-05-02T11:03:21.968+0000] {logging_mixin.py:190} INFO - [2026-05-02T11:03:21.968+0000] {dag.py:3239} INFO - Sync 1 DAGs
[2026-05-02T11:03:21.974+0000] {logging_mixin.py:190} INFO - [2026-05-02T11:03:21.973+0000] {dag.py:4180} INFO - Setting next_dagrun for example_kubernetes_executor to None, run_after=None
[2026-05-02T11:03:21.982+0000] {processor.py:208} INFO - Processing /home/airflow/.local/lib/python3.12/site-packages/airflow/example_dags/example_kubernetes_executor.py took 0.036 seconds
[2026-05-02T11:03:52.976+0000] {processor.py:186} INFO - Started process (PID=80145) to work on /home/airflow/.local/lib/python3.12/site-packages/airflow/example_dags/example_kubernetes_executor.py
[2026-05-02T11:03:52.977+0000] {processor.py:914} INFO - Processing file /home/airflow/.local/lib/python3.12/site-packages/airflow/example_dags/example_kubernetes_executor.py for tasks to queue
[2026-05-02T11:03:52.978+0000] {logging_mixin.py:190} INFO - [2026-05-02T11:03:52.978+0000] {dagbag.py:588} INFO - Filling up the DagBag from /home/airflow/.local/lib/python3.12/site-packages/airflow/example_dags/example_kubernetes_executor.py
[2026-05-02T11:03:52.993+0000] {processor.py:925} INFO - DAG(s) 'example_kubernetes_executor' retrieved from /home/airflow/.local/lib/python3.12/site-packages/airflow/example_dags/example_kubernetes_executor.py
[2026-05-02T11:03:53.006+0000] {logging_mixin.py:190} INFO - [2026-05-02T11:03:53.006+0000] {dag.py:3239} INFO - Sync 1 DAGs
[2026-05-02T11:03:53.012+0000] {logging_mixin.py:190} INFO - [2026-05-02T11:03:53.012+0000] {dag.py:4180} INFO - Setting next_dagrun for example_kubernetes_executor to None, run_after=None
[2026-05-02T11:03:53.022+0000] {processor.py:208} INFO - Processing /home/airflow/.local/lib/python3.12/site-packages/airflow/example_dags/example_kubernetes_executor.py took 0.051 seconds
[2026-05-02T11:23:49.647+0000] {processor.py:186} INFO - Started process (PID=80209) to work on /home/airflow/.local/lib/python3.12/site-packages/airflow/example_dags/example_kubernetes_executor.py
[2026-05-02T11:23:49.648+0000] {processor.py:914} INFO - Processing file /home/airflow/.local/lib/python3.12/site-packages/airflow/example_dags/example_kubernetes_executor.py for tasks to queue
[2026-05-02T11:23:49.649+0000] {logging_mixin.py:190} INFO - [2026-05-02T11:23:49.648+0000] {dagbag.py:588} INFO - Filling up the DagBag from /home/airflow/.local/lib/python3.12/site-packages/airflow/example_dags/example_kubernetes_executor.py
[2026-05-02T11:23:49.659+0000] {processor.py:925} INFO - DAG(s) 'example_kubernetes_executor' retrieved from /home/airflow/.local/lib/python3.12/site-packages/airflow/example_dags/example_kubernetes_executor.py
[2026-05-02T11:23:49.672+0000] {logging_mixin.py:190} INFO - [2026-05-02T11:23:49.672+0000] {dag.py:3239} INFO - Sync 1 DAGs
[2026-05-02T11:23:49.678+0000] {logging_mixin.py:190} INFO - [2026-05-02T11:23:49.678+0000] {dag.py:4180} INFO - Setting next_dagrun for example_kubernetes_executor to None, run_after=None
[2026-05-02T11:23:49.690+0000] {processor.py:208} INFO - Processing /home/airflow/.local/lib/python3.12/site-packages/airflow/example_dags/example_kubernetes_executor.py took 0.046 seconds
[2026-05-02T11:24:19.978+0000] {processor.py:186} INFO - Started process (PID=80273) to work on /home/airflow/.local/lib/python3.12/site-packages/airflow/example_dags/example_kubernetes_executor.py
[2026-05-02T11:24:19.978+0000] {processor.py:914} INFO - Processing file /home/airflow/.local/lib/python3.12/site-packages/airflow/example_dags/example_kubernetes_executor.py for tasks to queue
[2026-05-02T11:24:19.980+0000] {logging_mixin.py:190} INFO - [2026-05-02T11:24:19.979+0000] {dagbag.py:588} INFO - Filling up the DagBag from /home/airflow/.local/lib/python3.12/site-packages/airflow/example_dags/example_kubernetes_executor.py
[2026-05-02T11:24:19.989+0000] {processor.py:925} INFO - DAG(s) 'example_kubernetes_executor' retrieved from /home/airflow/.local/lib/python3.12/site-packages/airflow/example_dags/example_kubernetes_executor.py
[2026-05-02T11:24:20.006+0000] {logging_mixin.py:190} INFO - [2026-05-02T11:24:20.006+0000] {dag.py:3239} INFO - Sync 1 DAGs
[2026-05-02T11:24:20.015+0000] {logging_mixin.py:190} INFO - [2026-05-02T11:24:20.015+0000] {dag.py:4180} INFO - Setting next_dagrun for example_kubernetes_executor to None, run_after=None
[2026-05-02T11:24:20.021+0000] {processor.py:208} INFO - Processing /home/airflow/.local/lib/python3.12/site-packages/airflow/example_dags/example_kubernetes_executor.py took 0.046 seconds
[2026-05-02T11:24:50.098+0000] {processor.py:186} INFO - Started process (PID=80337) to work on /home/airflow/.local/lib/python3.12/site-packages/airflow/example_dags/example_kubernetes_executor.py
[2026-05-02T11:24:50.099+0000] {processor.py:914} INFO - Processing file /home/airflow/.local/lib/python3.12/site-packages/airflow/example_dags/example_kubernetes_executor.py for tasks to queue
[2026-05-02T11:24:50.100+0000] {logging_mixin.py:190} INFO - [2026-05-02T11:24:50.100+0000] {dagbag.py:588} INFO - Filling up the DagBag from /home/airflow/.local/lib/python3.12/site-packages/airflow/example_dags/example_kubernetes_executor.py
[2026-05-02T11:24:50.110+0000] {processor.py:925} INFO - DAG(s) 'example_kubernetes_executor' retrieved from /home/airflow/.local/lib/python3.12/site-packages/airflow/example_dags/example_kubernetes_executor.py
[2026-05-02T11:24:50.126+0000] {logging_mixin.py:190} INFO - [2026-05-02T11:24:50.126+0000] {dag.py:3239} INFO - Sync 1 DAGs
[2026-05-02T11:24:50.131+0000] {logging_mixin.py:190} INFO - [2026-05-02T11:24:50.131+0000] {dag.py:4180} INFO - Setting next_dagrun for example_kubernetes_executor to None, run_after=None
[2026-05-02T11:24:50.141+0000] {processor.py:208} INFO - Processing /home/airflow/.local/lib/python3.12/site-packages/airflow/example_dags/example_kubernetes_executor.py took 0.046 seconds
[2026-05-02T11:25:20.342+0000] {processor.py:186} INFO - Started process (PID=80401) to work on /home/airflow/.local/lib/python3.12/site-packages/airflow/example_dags/example_kubernetes_executor.py
[2026-05-02T11:25:20.342+0000] {processor.py:914} INFO - Processing file /home/airflow/.local/lib/python3.12/site-packages/airflow/example_dags/example_kubernetes_executor.py for tasks to queue
[2026-05-02T11:25:20.343+0000] {logging_mixin.py:190} INFO - [2026-05-02T11:25:20.343+0000] {dagbag.py:588} INFO - Filling up the DagBag from /home/airflow/.local/lib/python3.12/site-packages/airflow/example_dags/example_kubernetes_executor.py
[2026-05-02T11:25:20.356+0000] {processor.py:925} INFO - DAG(s) 'example_kubernetes_executor' retrieved from /home/airflow/.local/lib/python3.12/site-packages/airflow/example_dags/example_kubernetes_executor.py
[2026-05-02T11:25:20.367+0000] {logging_mixin.py:190} INFO - [2026-05-02T11:25:20.367+0000] {dag.py:3239} INFO - Sync 1 DAGs
[2026-05-02T11:25:20.378+0000] {logging_mixin.py:190} INFO - [2026-05-02T11:25:20.377+0000] {dag.py:4180} INFO - Setting next_dagrun for example_kubernetes_executor to None, run_after=None
[2026-05-02T11:25:20.387+0000] {processor.py:208} INFO - Processing /home/airflow/.local/lib/python3.12/site-packages/airflow/example_dags/example_kubernetes_executor.py took 0.049 seconds
[2026-05-02T11:25:50.635+0000] {processor.py:186} INFO - Started process (PID=80465) to work on /home/airflow/.local/lib/python3.12/site-packages/airflow/example_dags/example_kubernetes_executor.py
[2026-05-02T11:25:50.636+0000] {processor.py:914} INFO - Processing file /home/airflow/.local/lib/python3.12/site-packages/airflow/example_dags/example_kubernetes_executor.py for tasks to queue
[2026-05-02T11:25:50.637+0000] {logging_mixin.py:190} INFO - [2026-05-02T11:25:50.637+0000] {dagbag.py:588} INFO - Filling up the DagBag from /home/airflow/.local/lib/python3.12/site-packages/airflow/example_dags/example_kubernetes_executor.py
[2026-05-02T11:25:50.650+0000] {processor.py:925} INFO - DAG(s) 'example_kubernetes_executor' retrieved from /home/airflow/.local/lib/python3.12/site-packages/airflow/example_dags/example_kubernetes_executor.py
[2026-05-02T11:25:50.667+0000] {logging_mixin.py:190} INFO - [2026-05-02T11:25:50.667+0000] {dag.py:3239} INFO - Sync 1 DAGs
[2026-05-02T11:25:50.675+0000] {logging_mixin.py:190} INFO - [2026-05-02T11:25:50.675+0000] {dag.py:4180} INFO - Setting next_dagrun for example_kubernetes_executor to None, run_after=None
[2026-05-02T11:25:50.690+0000] {processor.py:208} INFO - Processing /home/airflow/.local/lib/python3.12/site-packages/airflow/example_dags/example_kubernetes_executor.py took 0.059 seconds
[2026-05-02T11:26:20.855+0000] {processor.py:186} INFO - Started process (PID=80529) to work on /home/airflow/.local/lib/python3.12/site-packages/airflow/example_dags/example_kubernetes_executor.py
[2026-05-02T11:26:20.856+0000] {processor.py:914} INFO - Processing file /home/airflow/.local/lib/python3.12/site-packages/airflow/example_dags/example_kubernetes_executor.py for tasks to queue
[2026-05-02T11:26:20.857+0000] {logging_mixin.py:190} INFO - [2026-05-02T11:26:20.857+0000] {dagbag.py:588} INFO - Filling up the DagBag from /home/airflow/.local/lib/python3.12/site-packages/airflow/example_dags/example_kubernetes_executor.py
[2026-05-02T11:26:20.864+0000] {processor.py:925} INFO - DAG(s) 'example_kubernetes_executor' retrieved from /home/airflow/.local/lib/python3.12/site-packages/airflow/example_dags/example_kubernetes_executor.py
[2026-05-02T11:26:20.884+0000] {logging_mixin.py:190} INFO - [2026-05-02T11:26:20.883+0000] {dag.py:3239} INFO - Sync 1 DAGs
[2026-05-02T11:26:20.893+0000] {logging_mixin.py:190} INFO - [2026-05-02T11:26:20.893+0000] {dag.py:4180} INFO - Setting next_dagrun for example_kubernetes_executor to None, run_after=None
[2026-05-02T11:26:20.902+0000] {processor.py:208} INFO - Processing /home/airflow/.local/lib/python3.12/site-packages/airflow/example_dags/example_kubernetes_executor.py took 0.052 seconds
[2026-05-02T11:26:51.467+0000] {processor.py:186} INFO - Started process (PID=80593) to work on /home/airflow/.local/lib/python3.12/site-packages/airflow/example_dags/example_kubernetes_executor.py
[2026-05-02T11:26:51.467+0000] {processor.py:914} INFO - Processing file /home/airflow/.local/lib/python3.12/site-packages/airflow/example_dags/example_kubernetes_executor.py for tasks to queue
[2026-05-02T11:26:51.469+0000] {logging_mixin.py:190} INFO - [2026-05-02T11:26:51.469+0000] {dagbag.py:588} INFO - Filling up the DagBag from /home/airflow/.local/lib/python3.12/site-packages/airflow/example_dags/example_kubernetes_executor.py
[2026-05-02T11:26:51.478+0000] {processor.py:925} INFO - DAG(s) 'example_kubernetes_executor' retrieved from /home/airflow/.local/lib/python3.12/site-packages/airflow/example_dags/example_kubernetes_executor.py
[2026-05-02T11:26:51.491+0000] {logging_mixin.py:190} INFO - [2026-05-02T11:26:51.491+0000] {dag.py:3239} INFO - Sync 1 DAGs
[2026-05-02T11:26:51.501+0000] {logging_mixin.py:190} INFO - [2026-05-02T11:26:51.501+0000] {dag.py:4180} INFO - Setting next_dagrun for example_kubernetes_executor to None, run_after=None
[2026-05-02T11:26:51.511+0000] {processor.py:208} INFO - Processing /home/airflow/.local/lib/python3.12/site-packages/airflow/example_dags/example_kubernetes_executor.py took 0.048 seconds
[2026-05-02T11:27:22.196+0000] {processor.py:186} INFO - Started process (PID=80657) to work on /home/airflow/.local/lib/python3.12/site-packages/airflow/example_dags/example_kubernetes_executor.py
[2026-05-02T11:27:22.197+0000] {processor.py:914} INFO - Processing file /home/airflow/.local/lib/python3.12/site-packages/airflow/example_dags/example_kubernetes_executor.py for tasks to queue
[2026-05-02T11:27:22.198+0000] {logging_mixin.py:190} INFO - [2026-05-02T11:27:22.198+0000] {dagbag.py:588} INFO - Filling up the DagBag from /home/airflow/.local/lib/python3.12/site-packages/airflow/example_dags/example_kubernetes_executor.py
[2026-05-02T11:27:22.212+0000] {processor.py:925} INFO - DAG(s) 'example_kubernetes_executor' retrieved from /home/airflow/.local/lib/python3.12/site-packages/airflow/example_dags/example_kubernetes_executor.py
[2026-05-02T11:27:22.227+0000] {logging_mixin.py:190} INFO - [2026-05-02T11:27:22.227+0000] {dag.py:3239} INFO - Sync 1 DAGs
[2026-05-02T11:27:22.237+0000] {logging_mixin.py:190} INFO - [2026-05-02T11:27:22.237+0000] {dag.py:4180} INFO - Setting next_dagrun for example_kubernetes_executor to None, run_after=None
[2026-05-02T11:27:22.252+0000] {processor.py:208} INFO - Processing /home/airflow/.local/lib/python3.12/site-packages/airflow/example_dags/example_kubernetes_executor.py took 0.067 seconds
[2026-05-02T11:27:52.631+0000] {processor.py:186} INFO - Started process (PID=80721) to work on /home/airflow/.local/lib/python3.12/site-packages/airflow/example_dags/example_kubernetes_executor.py
[2026-05-02T11:27:52.632+0000] {processor.py:914} INFO - Processing file /home/airflow/.local/lib/python3.12/site-packages/airflow/example_dags/example_kubernetes_executor.py for tasks to queue
[2026-05-02T11:27:52.633+0000] {logging_mixin.py:190} INFO - [2026-05-02T11:27:52.633+0000] {dagbag.py:588} INFO - Filling up the DagBag from /home/airflow/.local/lib/python3.12/site-packages/airflow/example_dags/example_kubernetes_executor.py
[2026-05-02T11:27:52.644+0000] {processor.py:925} INFO - DAG(s) 'example_kubernetes_executor' retrieved from /home/airflow/.local/lib/python3.12/site-packages/airflow/example_dags/example_kubernetes_executor.py
[2026-05-02T11:27:52.661+0000] {logging_mixin.py:190} INFO - [2026-05-02T11:27:52.661+0000] {dag.py:3239} INFO - Sync 1 DAGs
[2026-05-02T11:27:52.669+0000] {logging_mixin.py:190} INFO - [2026-05-02T11:27:52.669+0000] {dag.py:4180} INFO - Setting next_dagrun for example_kubernetes_executor to None, run_after=None
[2026-05-02T11:27:52.677+0000] {processor.py:208} INFO - Processing /home/airflow/.local/lib/python3.12/site-packages/airflow/example_dags/example_kubernetes_executor.py took 0.052 seconds
[2026-05-02T11:28:22.990+0000] {processor.py:186} INFO - Started process (PID=80785) to work on /home/airflow/.local/lib/python3.12/site-packages/airflow/example_dags/example_kubernetes_executor.py
[2026-05-02T11:28:22.991+0000] {processor.py:914} INFO - Processing file /home/airflow/.local/lib/python3.12/site-packages/airflow/example_dags/example_kubernetes_executor.py for tasks to queue
[2026-05-02T11:28:22.992+0000] {logging_mixin.py:190} INFO - [2026-05-02T11:28:22.992+0000] {dagbag.py:588} INFO - Filling up the DagBag from /home/airflow/.local/lib/python3.12/site-packages/airflow/example_dags/example_kubernetes_executor.py
[2026-05-02T11:28:22.999+0000] {processor.py:925} INFO - DAG(s) 'example_kubernetes_executor' retrieved from /home/airflow/.local/lib/python3.12/site-packages/airflow/example_dags/example_kubernetes_executor.py
[2026-05-02T11:28:23.011+0000] {logging_mixin.py:190} INFO - [2026-05-02T11:28:23.011+0000] {dag.py:3239} INFO - Sync 1 DAGs
[2026-05-02T11:28:23.017+0000] {logging_mixin.py:190} INFO - [2026-05-02T11:28:23.017+0000] {dag.py:4180} INFO - Setting next_dagrun for example_kubernetes_executor to None, run_after=None
[2026-05-02T11:28:23.027+0000] {processor.py:208} INFO - Processing /home/airflow/.local/lib/python3.12/site-packages/airflow/example_dags/example_kubernetes_executor.py took 0.039 seconds
[2026-05-02T11:28:53.204+0000] {processor.py:186} INFO - Started process (PID=80849) to work on /home/airflow/.local/lib/python3.12/site-packages/airflow/example_dags/example_kubernetes_executor.py
[2026-05-02T11:28:53.204+0000] {processor.py:914} INFO - Processing file /home/airflow/.local/lib/python3.12/site-packages/airflow/example_dags/example_kubernetes_executor.py for tasks to queue
[2026-05-02T11:28:53.205+0000] {logging_mixin.py:190} INFO - [2026-05-02T11:28:53.205+0000] {dagbag.py:588} INFO - Filling up the DagBag from /home/airflow/.local/lib/python3.12/site-packages/airflow/example_dags/example_kubernetes_executor.py
[2026-05-02T11:28:53.213+0000] {processor.py:925} INFO - DAG(s) 'example_kubernetes_executor' retrieved from /home/airflow/.local/lib/python3.12/site-packages/airflow/example_dags/example_kubernetes_executor.py
[2026-05-02T11:28:53.221+0000] {logging_mixin.py:190} INFO - [2026-05-02T11:28:53.221+0000] {dag.py:3239} INFO - Sync 1 DAGs
[2026-05-02T11:28:53.227+0000] {logging_mixin.py:190} INFO - [2026-05-02T11:28:53.227+0000] {dag.py:4180} INFO - Setting next_dagrun for example_kubernetes_executor to None, run_after=None
[2026-05-02T11:28:53.236+0000] {processor.py:208} INFO - Processing /home/airflow/.local/lib/python3.12/site-packages/airflow/example_dags/example_kubernetes_executor.py took 0.035 seconds
[2026-05-02T11:29:24.315+0000] {processor.py:186} INFO - Started process (PID=80913) to work on /home/airflow/.local/lib/python3.12/site-packages/airflow/example_dags/example_kubernetes_executor.py
[2026-05-02T11:29:24.315+0000] {processor.py:914} INFO - Processing file /home/airflow/.local/lib/python3.12/site-packages/airflow/example_dags/example_kubernetes_executor.py for tasks to queue
[2026-05-02T11:29:24.316+0000] {logging_mixin.py:190} INFO - [2026-05-02T11:29:24.316+0000] {dagbag.py:588} INFO - Filling up the DagBag from /home/airflow/.local/lib/python3.12/site-packages/airflow/example_dags/example_kubernetes_executor.py
[2026-05-02T11:29:24.325+0000] {processor.py:925} INFO - DAG(s) 'example_kubernetes_executor' retrieved from /home/airflow/.local/lib/python3.12/site-packages/airflow/example_dags/example_kubernetes_executor.py
[2026-05-02T11:29:24.336+0000] {logging_mixin.py:190} INFO - [2026-05-02T11:29:24.336+0000] {dag.py:3239} INFO - Sync 1 DAGs
[2026-05-02T11:29:24.342+0000] {logging_mixin.py:190} INFO - [2026-05-02T11:29:24.342+0000] {dag.py:4180} INFO - Setting next_dagrun for example_kubernetes_executor to None, run_after=None
[2026-05-02T11:29:24.352+0000] {processor.py:208} INFO - Processing /home/airflow/.local/lib/python3.12/site-packages/airflow/example_dags/example_kubernetes_executor.py took 0.040 seconds
[2026-05-02T11:29:54.737+0000] {processor.py:186} INFO - Started process (PID=80977) to work on /home/airflow/.local/lib/python3.12/site-packages/airflow/example_dags/example_kubernetes_executor.py
[2026-05-02T11:29:54.738+0000] {processor.py:914} INFO - Processing file /home/airflow/.local/lib/python3.12/site-packages/airflow/example_dags/example_kubernetes_executor.py for tasks to queue
[2026-05-02T11:29:54.739+0000] {logging_mixin.py:190} INFO - [2026-05-02T11:29:54.739+0000] {dagbag.py:588} INFO - Filling up the DagBag from /home/airflow/.local/lib/python3.12/site-packages/airflow/example_dags/example_kubernetes_executor.py
[2026-05-02T11:29:54.750+0000] {processor.py:925} INFO - DAG(s) 'example_kubernetes_executor' retrieved from /home/airflow/.local/lib/python3.12/site-packages/airflow/example_dags/example_kubernetes_executor.py
[2026-05-02T11:29:54.761+0000] {logging_mixin.py:190} INFO - [2026-05-02T11:29:54.761+0000] {dag.py:3239} INFO - Sync 1 DAGs
[2026-05-02T11:29:54.768+0000] {logging_mixin.py:190} INFO - [2026-05-02T11:29:54.768+0000] {dag.py:4180} INFO - Setting next_dagrun for example_kubernetes_executor to None, run_after=None
[2026-05-02T11:29:54.778+0000] {processor.py:208} INFO - Processing /home/airflow/.local/lib/python3.12/site-packages/airflow/example_dags/example_kubernetes_executor.py took 0.050 seconds
[2026-05-02T11:30:25.221+0000] {processor.py:186} INFO - Started process (PID=81042) to work on /home/airflow/.local/lib/python3.12/site-packages/airflow/example_dags/example_kubernetes_executor.py
[2026-05-02T11:30:25.223+0000] {processor.py:914} INFO - Processing file /home/airflow/.local/lib/python3.12/site-packages/airflow/example_dags/example_kubernetes_executor.py for tasks to queue
[2026-05-02T11:30:25.224+0000] {logging_mixin.py:190} INFO - [2026-05-02T11:30:25.224+0000] {dagbag.py:588} INFO - Filling up the DagBag from /home/airflow/.local/lib/python3.12/site-packages/airflow/example_dags/example_kubernetes_executor.py
[2026-05-02T11:30:25.234+0000] {processor.py:925} INFO - DAG(s) 'example_kubernetes_executor' retrieved from /home/airflow/.local/lib/python3.12/site-packages/airflow/example_dags/example_kubernetes_executor.py
[2026-05-02T11:30:25.250+0000] {logging_mixin.py:190} INFO - [2026-05-02T11:30:25.250+0000] {dag.py:3239} INFO - Sync 1 DAGs
[2026-05-02T11:30:25.259+0000] {logging_mixin.py:190} INFO - [2026-05-02T11:30:25.259+0000] {dag.py:4180} INFO - Setting next_dagrun for example_kubernetes_executor to None, run_after=None
[2026-05-02T11:30:25.269+0000] {processor.py:208} INFO - Processing /home/airflow/.local/lib/python3.12/site-packages/airflow/example_dags/example_kubernetes_executor.py took 0.054 seconds
[2026-05-02T11:30:55.833+0000] {processor.py:186} INFO - Started process (PID=81106) to work on /home/airflow/.local/lib/python3.12/site-packages/airflow/example_dags/example_kubernetes_executor.py
[2026-05-02T11:30:55.834+0000] {processor.py:914} INFO - Processing file /home/airflow/.local/lib/python3.12/site-packages/airflow/example_dags/example_kubernetes_executor.py for tasks to queue
[2026-05-02T11:30:55.835+0000] {logging_mixin.py:190} INFO - [2026-05-02T11:30:55.835+0000] {dagbag.py:588} INFO - Filling up the DagBag from /home/airflow/.local/lib/python3.12/site-packages/airflow/example_dags/example_kubernetes_executor.py
[2026-05-02T11:30:55.849+0000] {processor.py:925} INFO - DAG(s) 'example_kubernetes_executor' retrieved from /home/airflow/.local/lib/python3.12/site-packages/airflow/example_dags/example_kubernetes_executor.py
[2026-05-02T11:30:55.873+0000] {logging_mixin.py:190} INFO - [2026-05-02T11:30:55.873+0000] {dag.py:3239} INFO - Sync 1 DAGs
[2026-05-02T11:30:55.882+0000] {logging_mixin.py:190} INFO - [2026-05-02T11:30:55.882+0000] {dag.py:4180} INFO - Setting next_dagrun for example_kubernetes_executor to None, run_after=None
[2026-05-02T11:30:55.893+0000] {processor.py:208} INFO - Processing /home/airflow/.local/lib/python3.12/site-packages/airflow/example_dags/example_kubernetes_executor.py took 0.065 seconds
[2026-05-02T11:31:26.060+0000] {processor.py:186} INFO - Started process (PID=81170) to work on /home/airflow/.local/lib/python3.12/site-packages/airflow/example_dags/example_kubernetes_executor.py
[2026-05-02T11:31:26.061+0000] {processor.py:914} INFO - Processing file /home/airflow/.local/lib/python3.12/site-packages/airflow/example_dags/example_kubernetes_executor.py for tasks to queue
[2026-05-02T11:31:26.062+0000] {logging_mixin.py:190} INFO - [2026-05-02T11:31:26.062+0000] {dagbag.py:588} INFO - Filling up the DagBag from /home/airflow/.local/lib/python3.12/site-packages/airflow/example_dags/example_kubernetes_executor.py
[2026-05-02T11:31:26.069+0000] {processor.py:925} INFO - DAG(s) 'example_kubernetes_executor' retrieved from /home/airflow/.local/lib/python3.12/site-packages/airflow/example_dags/example_kubernetes_executor.py
[2026-05-02T11:31:26.079+0000] {logging_mixin.py:190} INFO - [2026-05-02T11:31:26.079+0000] {dag.py:3239} INFO - Sync 1 DAGs
[2026-05-02T11:31:26.085+0000] {logging_mixin.py:190} INFO - [2026-05-02T11:31:26.085+0000] {dag.py:4180} INFO - Setting next_dagrun for example_kubernetes_executor to None, run_after=None
[2026-05-02T11:31:26.093+0000] {processor.py:208} INFO - Processing /home/airflow/.local/lib/python3.12/site-packages/airflow/example_dags/example_kubernetes_executor.py took 0.036 seconds
[2026-05-02T11:31:57.055+0000] {processor.py:186} INFO - Started process (PID=81234) to work on /home/airflow/.local/lib/python3.12/site-packages/airflow/example_dags/example_kubernetes_executor.py
[2026-05-02T11:31:57.055+0000] {processor.py:914} INFO - Processing file /home/airflow/.local/lib/python3.12/site-packages/airflow/example_dags/example_kubernetes_executor.py for tasks to queue
[2026-05-02T11:31:57.056+0000] {logging_mixin.py:190} INFO - [2026-05-02T11:31:57.056+0000] {dagbag.py:588} INFO - Filling up the DagBag from /home/airflow/.local/lib/python3.12/site-packages/airflow/example_dags/example_kubernetes_executor.py
[2026-05-02T11:31:57.064+0000] {processor.py:925} INFO - DAG(s) 'example_kubernetes_executor' retrieved from /home/airflow/.local/lib/python3.12/site-packages/airflow/example_dags/example_kubernetes_executor.py
[2026-05-02T11:31:57.078+0000] {logging_mixin.py:190} INFO - [2026-05-02T11:31:57.078+0000] {dag.py:3239} INFO - Sync 1 DAGs
[2026-05-02T11:31:57.084+0000] {logging_mixin.py:190} INFO - [2026-05-02T11:31:57.084+0000] {dag.py:4180} INFO - Setting next_dagrun for example_kubernetes_executor to None, run_after=None
[2026-05-02T11:31:57.093+0000] {processor.py:208} INFO - Processing /home/airflow/.local/lib/python3.12/site-packages/airflow/example_dags/example_kubernetes_executor.py took 0.041 seconds
[2026-05-02T11:32:27.295+0000] {processor.py:186} INFO - Started process (PID=81298) to work on /home/airflow/.local/lib/python3.12/site-packages/airflow/example_dags/example_kubernetes_executor.py
[2026-05-02T11:32:27.295+0000] {processor.py:914} INFO - Processing file /home/airflow/.local/lib/python3.12/site-packages/airflow/example_dags/example_kubernetes_executor.py for tasks to queue
[2026-05-02T11:32:27.297+0000] {logging_mixin.py:190} INFO - [2026-05-02T11:32:27.297+0000] {dagbag.py:588} INFO - Filling up the DagBag from /home/airflow/.local/lib/python3.12/site-packages/airflow/example_dags/example_kubernetes_executor.py
[2026-05-02T11:32:27.305+0000] {processor.py:925} INFO - DAG(s) 'example_kubernetes_executor' retrieved from /home/airflow/.local/lib/python3.12/site-packages/airflow/example_dags/example_kubernetes_executor.py
[2026-05-02T11:32:27.319+0000] {logging_mixin.py:190} INFO - [2026-05-02T11:32:27.318+0000] {dag.py:3239} INFO - Sync 1 DAGs
[2026-05-02T11:32:27.324+0000] {logging_mixin.py:190} INFO - [2026-05-02T11:32:27.324+0000] {dag.py:4180} INFO - Setting next_dagrun for example_kubernetes_executor to None, run_after=None
[2026-05-02T11:32:27.331+0000] {processor.py:208} INFO - Processing /home/airflow/.local/lib/python3.12/site-packages/airflow/example_dags/example_kubernetes_executor.py took 0.038 seconds
[2026-05-02T11:32:57.622+0000] {processor.py:186} INFO - Started process (PID=81362) to work on /home/airflow/.local/lib/python3.12/site-packages/airflow/example_dags/example_kubernetes_executor.py
[2026-05-02T11:32:57.622+0000] {processor.py:914} INFO - Processing file /home/airflow/.local/lib/python3.12/site-packages/airflow/example_dags/example_kubernetes_executor.py for tasks to queue
[2026-05-02T11:32:57.623+0000] {logging_mixin.py:190} INFO - [2026-05-02T11:32:57.623+0000] {dagbag.py:588} INFO - Filling up the DagBag from /home/airflow/.local/lib/python3.12/site-packages/airflow/example_dags/example_kubernetes_executor.py
[2026-05-02T11:32:57.629+0000] {processor.py:925} INFO - DAG(s) 'example_kubernetes_executor' retrieved from /home/airflow/.local/lib/python3.12/site-packages/airflow/example_dags/example_kubernetes_executor.py
[2026-05-02T11:32:57.639+0000] {logging_mixin.py:190} INFO - [2026-05-02T11:32:57.639+0000] {dag.py:3239} INFO - Sync 1 DAGs
[2026-05-02T11:32:57.646+0000] {logging_mixin.py:190} INFO - [2026-05-02T11:32:57.646+0000] {dag.py:4180} INFO - Setting next_dagrun for example_kubernetes_executor to None, run_after=None
[2026-05-02T11:32:57.654+0000] {processor.py:208} INFO - Processing /home/airflow/.local/lib/python3.12/site-packages/airflow/example_dags/example_kubernetes_executor.py took 0.035 seconds
[2026-05-02T11:33:27.891+0000] {processor.py:186} INFO - Started process (PID=81426) to work on /home/airflow/.local/lib/python3.12/site-packages/airflow/example_dags/example_kubernetes_executor.py
[2026-05-02T11:33:27.892+0000] {processor.py:914} INFO - Processing file /home/airflow/.local/lib/python3.12/site-packages/airflow/example_dags/example_kubernetes_executor.py for tasks to queue
[2026-05-02T11:33:27.893+0000] {logging_mixin.py:190} INFO - [2026-05-02T11:33:27.893+0000] {dagbag.py:588} INFO - Filling up the DagBag from /home/airflow/.local/lib/python3.12/site-packages/airflow/example_dags/example_kubernetes_executor.py
[2026-05-02T11:33:27.903+0000] {processor.py:925} INFO - DAG(s) 'example_kubernetes_executor' retrieved from /home/airflow/.local/lib/python3.12/site-packages/airflow/example_dags/example_kubernetes_executor.py
[2026-05-02T11:33:27.920+0000] {logging_mixin.py:190} INFO - [2026-05-02T11:33:27.919+0000] {dag.py:3239} INFO - Sync 1 DAGs
[2026-05-02T11:33:27.926+0000] {logging_mixin.py:190} INFO - [2026-05-02T11:33:27.926+0000] {dag.py:4180} INFO - Setting next_dagrun for example_kubernetes_executor to None, run_after=None
[2026-05-02T11:33:27.935+0000] {processor.py:208} INFO - Processing /home/airflow/.local/lib/python3.12/site-packages/airflow/example_dags/example_kubernetes_executor.py took 0.046 seconds
[2026-05-02T11:33:58.192+0000] {processor.py:186} INFO - Started process (PID=81490) to work on /home/airflow/.local/lib/python3.12/site-packages/airflow/example_dags/example_kubernetes_executor.py
[2026-05-02T11:33:58.192+0000] {processor.py:914} INFO - Processing file /home/airflow/.local/lib/python3.12/site-packages/airflow/example_dags/example_kubernetes_executor.py for tasks to queue
[2026-05-02T11:33:58.193+0000] {logging_mixin.py:190} INFO - [2026-05-02T11:33:58.193+0000] {dagbag.py:588} INFO - Filling up the DagBag from /home/airflow/.local/lib/python3.12/site-packages/airflow/example_dags/example_kubernetes_executor.py
[2026-05-02T11:33:58.200+0000] {processor.py:925} INFO - DAG(s) 'example_kubernetes_executor' retrieved from /home/airflow/.local/lib/python3.12/site-packages/airflow/example_dags/example_kubernetes_executor.py
[2026-05-02T11:33:58.214+0000] {logging_mixin.py:190} INFO - [2026-05-02T11:33:58.214+0000] {dag.py:3239} INFO - Sync 1 DAGs
[2026-05-02T11:33:58.219+0000] {logging_mixin.py:190} INFO - [2026-05-02T11:33:58.219+0000] {dag.py:4180} INFO - Setting next_dagrun for example_kubernetes_executor to None, run_after=None
[2026-05-02T11:33:58.228+0000] {processor.py:208} INFO - Processing /home/airflow/.local/lib/python3.12/site-packages/airflow/example_dags/example_kubernetes_executor.py took 0.039 seconds
[2026-05-02T11:34:28.634+0000] {processor.py:186} INFO - Started process (PID=81560) to work on /home/airflow/.local/lib/python3.12/site-packages/airflow/example_dags/example_kubernetes_executor.py
[2026-05-02T11:34:28.634+0000] {processor.py:914} INFO - Processing file /home/airflow/.local/lib/python3.12/site-packages/airflow/example_dags/example_kubernetes_executor.py for tasks to queue
[2026-05-02T11:34:28.635+0000] {logging_mixin.py:190} INFO - [2026-05-02T11:34:28.635+0000] {dagbag.py:588} INFO - Filling up the DagBag from /home/airflow/.local/lib/python3.12/site-packages/airflow/example_dags/example_kubernetes_executor.py
[2026-05-02T11:34:28.644+0000] {processor.py:925} INFO - DAG(s) 'example_kubernetes_executor' retrieved from /home/airflow/.local/lib/python3.12/site-packages/airflow/example_dags/example_kubernetes_executor.py
[2026-05-02T11:34:28.658+0000] {logging_mixin.py:190} INFO - [2026-05-02T11:34:28.658+0000] {dag.py:3239} INFO - Sync 1 DAGs
[2026-05-02T11:34:28.663+0000] {logging_mixin.py:190} INFO - [2026-05-02T11:34:28.663+0000] {dag.py:4180} INFO - Setting next_dagrun for example_kubernetes_executor to None, run_after=None
[2026-05-02T11:34:28.673+0000] {processor.py:208} INFO - Processing /home/airflow/.local/lib/python3.12/site-packages/airflow/example_dags/example_kubernetes_executor.py took 0.042 seconds
[2026-05-02T11:34:58.980+0000] {processor.py:186} INFO - Started process (PID=81624) to work on /home/airflow/.local/lib/python3.12/site-packages/airflow/example_dags/example_kubernetes_executor.py
[2026-05-02T11:34:58.980+0000] {processor.py:914} INFO - Processing file /home/airflow/.local/lib/python3.12/site-packages/airflow/example_dags/example_kubernetes_executor.py for tasks to queue
[2026-05-02T11:34:58.981+0000] {logging_mixin.py:190} INFO - [2026-05-02T11:34:58.981+0000] {dagbag.py:588} INFO - Filling up the DagBag from /home/airflow/.local/lib/python3.12/site-packages/airflow/example_dags/example_kubernetes_executor.py
[2026-05-02T11:34:58.990+0000] {processor.py:925} INFO - DAG(s) 'example_kubernetes_executor' retrieved from /home/airflow/.local/lib/python3.12/site-packages/airflow/example_dags/example_kubernetes_executor.py
[2026-05-02T11:34:59.003+0000] {logging_mixin.py:190} INFO - [2026-05-02T11:34:59.003+0000] {dag.py:3239} INFO - Sync 1 DAGs
[2026-05-02T11:34:59.009+0000] {logging_mixin.py:190} INFO - [2026-05-02T11:34:59.009+0000] {dag.py:4180} INFO - Setting next_dagrun for example_kubernetes_executor to None, run_after=None
[2026-05-02T11:34:59.017+0000] {processor.py:208} INFO - Processing /home/airflow/.local/lib/python3.12/site-packages/airflow/example_dags/example_kubernetes_executor.py took 0.041 seconds
[2026-05-02T11:35:29.303+0000] {processor.py:186} INFO - Started process (PID=81688) to work on /home/airflow/.local/lib/python3.12/site-packages/airflow/example_dags/example_kubernetes_executor.py
[2026-05-02T11:35:29.304+0000] {processor.py:914} INFO - Processing file /home/airflow/.local/lib/python3.12/site-packages/airflow/example_dags/example_kubernetes_executor.py for tasks to queue
[2026-05-02T11:35:29.304+0000] {logging_mixin.py:190} INFO - [2026-05-02T11:35:29.304+0000] {dagbag.py:588} INFO - Filling up the DagBag from /home/airflow/.local/lib/python3.12/site-packages/airflow/example_dags/example_kubernetes_executor.py
[2026-05-02T11:35:29.311+0000] {processor.py:925} INFO - DAG(s) 'example_kubernetes_executor' retrieved from /home/airflow/.local/lib/python3.12/site-packages/airflow/example_dags/example_kubernetes_executor.py
[2026-05-02T11:35:29.325+0000] {logging_mixin.py:190} INFO - [2026-05-02T11:35:29.325+0000] {dag.py:3239} INFO - Sync 1 DAGs
[2026-05-02T11:35:29.330+0000] {logging_mixin.py:190} INFO - [2026-05-02T11:35:29.330+0000] {dag.py:4180} INFO - Setting next_dagrun for example_kubernetes_executor to None, run_after=None
[2026-05-02T11:35:29.338+0000] {processor.py:208} INFO - Processing /home/airflow/.local/lib/python3.12/site-packages/airflow/example_dags/example_kubernetes_executor.py took 0.038 seconds
[2026-05-02T11:35:59.610+0000] {processor.py:186} INFO - Started process (PID=81752) to work on /home/airflow/.local/lib/python3.12/site-packages/airflow/example_dags/example_kubernetes_executor.py
[2026-05-02T11:35:59.611+0000] {processor.py:914} INFO - Processing file /home/airflow/.local/lib/python3.12/site-packages/airflow/example_dags/example_kubernetes_executor.py for tasks to queue
[2026-05-02T11:35:59.613+0000] {logging_mixin.py:190} INFO - [2026-05-02T11:35:59.613+0000] {dagbag.py:588} INFO - Filling up the DagBag from /home/airflow/.local/lib/python3.12/site-packages/airflow/example_dags/example_kubernetes_executor.py
[2026-05-02T11:35:59.619+0000] {processor.py:925} INFO - DAG(s) 'example_kubernetes_executor' retrieved from /home/airflow/.local/lib/python3.12/site-packages/airflow/example_dags/example_kubernetes_executor.py
[2026-05-02T11:35:59.632+0000] {logging_mixin.py:190} INFO - [2026-05-02T11:35:59.632+0000] {dag.py:3239} INFO - Sync 1 DAGs
[2026-05-02T11:35:59.637+0000] {logging_mixin.py:190} INFO - [2026-05-02T11:35:59.636+0000] {dag.py:4180} INFO - Setting next_dagrun for example_kubernetes_executor to None, run_after=None
[2026-05-02T11:35:59.645+0000] {processor.py:208} INFO - Processing /home/airflow/.local/lib/python3.12/site-packages/airflow/example_dags/example_kubernetes_executor.py took 0.037 seconds
[2026-05-02T11:36:29.908+0000] {processor.py:186} INFO - Started process (PID=81816) to work on /home/airflow/.local/lib/python3.12/site-packages/airflow/example_dags/example_kubernetes_executor.py
[2026-05-02T11:36:29.909+0000] {processor.py:914} INFO - Processing file /home/airflow/.local/lib/python3.12/site-packages/airflow/example_dags/example_kubernetes_executor.py for tasks to queue
[2026-05-02T11:36:29.910+0000] {logging_mixin.py:190} INFO - [2026-05-02T11:36:29.910+0000] {dagbag.py:588} INFO - Filling up the DagBag from /home/airflow/.local/lib/python3.12/site-packages/airflow/example_dags/example_kubernetes_executor.py
[2026-05-02T11:36:29.919+0000] {processor.py:925} INFO - DAG(s) 'example_kubernetes_executor' retrieved from /home/airflow/.local/lib/python3.12/site-packages/airflow/example_dags/example_kubernetes_executor.py
[2026-05-02T11:36:29.931+0000] {logging_mixin.py:190} INFO - [2026-05-02T11:36:29.930+0000] {dag.py:3239} INFO - Sync 1 DAGs
[2026-05-02T11:36:29.937+0000] {logging_mixin.py:190} INFO - [2026-05-02T11:36:29.937+0000] {dag.py:4180} INFO - Setting next_dagrun for example_kubernetes_executor to None, run_after=None
[2026-05-02T11:36:29.944+0000] {processor.py:208} INFO - Processing /home/airflow/.local/lib/python3.12/site-packages/airflow/example_dags/example_kubernetes_executor.py took 0.038 seconds
[2026-05-02T11:37:00.298+0000] {processor.py:186} INFO - Started process (PID=81880) to work on /home/airflow/.local/lib/python3.12/site-packages/airflow/example_dags/example_kubernetes_executor.py
[2026-05-02T11:37:00.298+0000] {processor.py:914} INFO - Processing file /home/airflow/.local/lib/python3.12/site-packages/airflow/example_dags/example_kubernetes_executor.py for tasks to queue
[2026-05-02T11:37:00.301+0000] {logging_mixin.py:190} INFO - [2026-05-02T11:37:00.301+0000] {dagbag.py:588} INFO - Filling up the DagBag from /home/airflow/.local/lib/python3.12/site-packages/airflow/example_dags/example_kubernetes_executor.py
[2026-05-02T11:37:00.309+0000] {processor.py:925} INFO - DAG(s) 'example_kubernetes_executor' retrieved from /home/airflow/.local/lib/python3.12/site-packages/airflow/example_dags/example_kubernetes_executor.py
[2026-05-02T11:37:00.327+0000] {logging_mixin.py:190} INFO - [2026-05-02T11:37:00.325+0000] {dag.py:3239} INFO - Sync 1 DAGs
[2026-05-02T11:37:00.333+0000] {logging_mixin.py:190} INFO - [2026-05-02T11:37:00.333+0000] {dag.py:4180} INFO - Setting next_dagrun for example_kubernetes_executor to None, run_after=None
[2026-05-02T11:37:00.340+0000] {processor.py:208} INFO - Processing /home/airflow/.local/lib/python3.12/site-packages/airflow/example_dags/example_kubernetes_executor.py took 0.045 seconds
[2026-05-02T11:37:30.598+0000] {processor.py:186} INFO - Started process (PID=81944) to work on /home/airflow/.local/lib/python3.12/site-packages/airflow/example_dags/example_kubernetes_executor.py
[2026-05-02T11:37:30.599+0000] {processor.py:914} INFO - Processing file /home/airflow/.local/lib/python3.12/site-packages/airflow/example_dags/example_kubernetes_executor.py for tasks to queue
[2026-05-02T11:37:30.600+0000] {logging_mixin.py:190} INFO - [2026-05-02T11:37:30.600+0000] {dagbag.py:588} INFO - Filling up the DagBag from /home/airflow/.local/lib/python3.12/site-packages/airflow/example_dags/example_kubernetes_executor.py
[2026-05-02T11:37:30.609+0000] {processor.py:925} INFO - DAG(s) 'example_kubernetes_executor' retrieved from /home/airflow/.local/lib/python3.12/site-packages/airflow/example_dags/example_kubernetes_executor.py
[2026-05-02T11:37:30.620+0000] {logging_mixin.py:190} INFO - [2026-05-02T11:37:30.620+0000] {dag.py:3239} INFO - Sync 1 DAGs
[2026-05-02T11:37:30.625+0000] {logging_mixin.py:190} INFO - [2026-05-02T11:37:30.624+0000] {dag.py:4180} INFO - Setting next_dagrun for example_kubernetes_executor to None, run_after=None
[2026-05-02T11:37:30.632+0000] {processor.py:208} INFO - Processing /home/airflow/.local/lib/python3.12/site-packages/airflow/example_dags/example_kubernetes_executor.py took 0.038 seconds
[2026-05-02T11:38:00.933+0000] {processor.py:186} INFO - Started process (PID=82008) to work on /home/airflow/.local/lib/python3.12/site-packages/airflow/example_dags/example_kubernetes_executor.py
[2026-05-02T11:38:00.935+0000] {processor.py:914} INFO - Processing file /home/airflow/.local/lib/python3.12/site-packages/airflow/example_dags/example_kubernetes_executor.py for tasks to queue
[2026-05-02T11:38:00.936+0000] {logging_mixin.py:190} INFO - [2026-05-02T11:38:00.936+0000] {dagbag.py:588} INFO - Filling up the DagBag from /home/airflow/.local/lib/python3.12/site-packages/airflow/example_dags/example_kubernetes_executor.py
[2026-05-02T11:38:00.942+0000] {processor.py:925} INFO - DAG(s) 'example_kubernetes_executor' retrieved from /home/airflow/.local/lib/python3.12/site-packages/airflow/example_dags/example_kubernetes_executor.py
[2026-05-02T11:38:00.953+0000] {logging_mixin.py:190} INFO - [2026-05-02T11:38:00.953+0000] {dag.py:3239} INFO - Sync 1 DAGs
[2026-05-02T11:38:00.960+0000] {logging_mixin.py:190} INFO - [2026-05-02T11:38:00.960+0000] {dag.py:4180} INFO - Setting next_dagrun for example_kubernetes_executor to None, run_after=None
[2026-05-02T11:38:00.969+0000] {processor.py:208} INFO - Processing /home/airflow/.local/lib/python3.12/site-packages/airflow/example_dags/example_kubernetes_executor.py took 0.038 seconds
[2026-05-02T11:38:31.242+0000] {processor.py:186} INFO - Started process (PID=82072) to work on /home/airflow/.local/lib/python3.12/site-packages/airflow/example_dags/example_kubernetes_executor.py
[2026-05-02T11:38:31.242+0000] {processor.py:914} INFO - Processing file /home/airflow/.local/lib/python3.12/site-packages/airflow/example_dags/example_kubernetes_executor.py for tasks to queue
[2026-05-02T11:38:31.243+0000] {logging_mixin.py:190} INFO - [2026-05-02T11:38:31.243+0000] {dagbag.py:588} INFO - Filling up the DagBag from /home/airflow/.local/lib/python3.12/site-packages/airflow/example_dags/example_kubernetes_executor.py
[2026-05-02T11:38:31.251+0000] {processor.py:925} INFO - DAG(s) 'example_kubernetes_executor' retrieved from /home/airflow/.local/lib/python3.12/site-packages/airflow/example_dags/example_kubernetes_executor.py
[2026-05-02T11:38:31.263+0000] {logging_mixin.py:190} INFO - [2026-05-02T11:38:31.263+0000] {dag.py:3239} INFO - Sync 1 DAGs
[2026-05-02T11:38:31.269+0000] {logging_mixin.py:190} INFO - [2026-05-02T11:38:31.269+0000] {dag.py:4180} INFO - Setting next_dagrun for example_kubernetes_executor to None, run_after=None
[2026-05-02T11:38:31.278+0000] {processor.py:208} INFO - Processing /home/airflow/.local/lib/python3.12/site-packages/airflow/example_dags/example_kubernetes_executor.py took 0.039 seconds
[2026-05-02T11:39:01.524+0000] {processor.py:186} INFO - Started process (PID=82136) to work on /home/airflow/.local/lib/python3.12/site-packages/airflow/example_dags/example_kubernetes_executor.py
[2026-05-02T11:39:01.525+0000] {processor.py:914} INFO - Processing file /home/airflow/.local/lib/python3.12/site-packages/airflow/example_dags/example_kubernetes_executor.py for tasks to queue
[2026-05-02T11:39:01.526+0000] {logging_mixin.py:190} INFO - [2026-05-02T11:39:01.526+0000] {dagbag.py:588} INFO - Filling up the DagBag from /home/airflow/.local/lib/python3.12/site-packages/airflow/example_dags/example_kubernetes_executor.py
[2026-05-02T11:39:01.532+0000] {processor.py:925} INFO - DAG(s) 'example_kubernetes_executor' retrieved from /home/airflow/.local/lib/python3.12/site-packages/airflow/example_dags/example_kubernetes_executor.py
[2026-05-02T11:39:01.547+0000] {logging_mixin.py:190} INFO - [2026-05-02T11:39:01.547+0000] {dag.py:3239} INFO - Sync 1 DAGs
[2026-05-02T11:39:01.552+0000] {logging_mixin.py:190} INFO - [2026-05-02T11:39:01.551+0000] {dag.py:4180} INFO - Setting next_dagrun for example_kubernetes_executor to None, run_after=None
[2026-05-02T11:39:01.560+0000] {processor.py:208} INFO - Processing /home/airflow/.local/lib/python3.12/site-packages/airflow/example_dags/example_kubernetes_executor.py took 0.039 seconds
[2026-05-02T11:39:31.832+0000] {processor.py:186} INFO - Started process (PID=82201) to work on /home/airflow/.local/lib/python3.12/site-packages/airflow/example_dags/example_kubernetes_executor.py
[2026-05-02T11:39:31.833+0000] {processor.py:914} INFO - Processing file /home/airflow/.local/lib/python3.12/site-packages/airflow/example_dags/example_kubernetes_executor.py for tasks to queue
[2026-05-02T11:39:31.834+0000] {logging_mixin.py:190} INFO - [2026-05-02T11:39:31.834+0000] {dagbag.py:588} INFO - Filling up the DagBag from /home/airflow/.local/lib/python3.12/site-packages/airflow/example_dags/example_kubernetes_executor.py
[2026-05-02T11:39:31.841+0000] {processor.py:925} INFO - DAG(s) 'example_kubernetes_executor' retrieved from /home/airflow/.local/lib/python3.12/site-packages/airflow/example_dags/example_kubernetes_executor.py
[2026-05-02T11:39:31.857+0000] {logging_mixin.py:190} INFO - [2026-05-02T11:39:31.857+0000] {dag.py:3239} INFO - Sync 1 DAGs
[2026-05-02T11:39:31.863+0000] {logging_mixin.py:190} INFO - [2026-05-02T11:39:31.863+0000] {dag.py:4180} INFO - Setting next_dagrun for example_kubernetes_executor to None, run_after=None
[2026-05-02T11:39:31.871+0000] {processor.py:208} INFO - Processing /home/airflow/.local/lib/python3.12/site-packages/airflow/example_dags/example_kubernetes_executor.py took 0.041 seconds
[2026-05-02T11:40:02.127+0000] {processor.py:186} INFO - Started process (PID=82265) to work on /home/airflow/.local/lib/python3.12/site-packages/airflow/example_dags/example_kubernetes_executor.py
[2026-05-02T11:40:02.128+0000] {processor.py:914} INFO - Processing file /home/airflow/.local/lib/python3.12/site-packages/airflow/example_dags/example_kubernetes_executor.py for tasks to queue
[2026-05-02T11:40:02.129+0000] {logging_mixin.py:190} INFO - [2026-05-02T11:40:02.129+0000] {dagbag.py:588} INFO - Filling up the DagBag from /home/airflow/.local/lib/python3.12/site-packages/airflow/example_dags/example_kubernetes_executor.py
[2026-05-02T11:40:02.136+0000] {processor.py:925} INFO - DAG(s) 'example_kubernetes_executor' retrieved from /home/airflow/.local/lib/python3.12/site-packages/airflow/example_dags/example_kubernetes_executor.py
[2026-05-02T11:40:02.146+0000] {logging_mixin.py:190} INFO - [2026-05-02T11:40:02.146+0000] {dag.py:3239} INFO - Sync 1 DAGs
[2026-05-02T11:40:02.152+0000] {logging_mixin.py:190} INFO - [2026-05-02T11:40:02.152+0000] {dag.py:4180} INFO - Setting next_dagrun for example_kubernetes_executor to None, run_after=None
[2026-05-02T11:40:02.161+0000] {processor.py:208} INFO - Processing /home/airflow/.local/lib/python3.12/site-packages/airflow/example_dags/example_kubernetes_executor.py took 0.038 seconds
[2026-05-02T11:40:32.487+0000] {processor.py:186} INFO - Started process (PID=82329) to work on /home/airflow/.local/lib/python3.12/site-packages/airflow/example_dags/example_kubernetes_executor.py
[2026-05-02T11:40:32.487+0000] {processor.py:914} INFO - Processing file /home/airflow/.local/lib/python3.12/site-packages/airflow/example_dags/example_kubernetes_executor.py for tasks to queue
[2026-05-02T11:40:32.489+0000] {logging_mixin.py:190} INFO - [2026-05-02T11:40:32.488+0000] {dagbag.py:588} INFO - Filling up the DagBag from /home/airflow/.local/lib/python3.12/site-packages/airflow/example_dags/example_kubernetes_executor.py
[2026-05-02T11:40:32.498+0000] {processor.py:925} INFO - DAG(s) 'example_kubernetes_executor' retrieved from /home/airflow/.local/lib/python3.12/site-packages/airflow/example_dags/example_kubernetes_executor.py
[2026-05-02T11:40:32.507+0000] {logging_mixin.py:190} INFO - [2026-05-02T11:40:32.507+0000] {dag.py:3239} INFO - Sync 1 DAGs
[2026-05-02T11:40:32.512+0000] {logging_mixin.py:190} INFO - [2026-05-02T11:40:32.512+0000] {dag.py:4180} INFO - Setting next_dagrun for example_kubernetes_executor to None, run_after=None
[2026-05-02T11:40:32.522+0000] {processor.py:208} INFO - Processing /home/airflow/.local/lib/python3.12/site-packages/airflow/example_dags/example_kubernetes_executor.py took 0.038 seconds
[2026-05-02T11:41:02.851+0000] {processor.py:186} INFO - Started process (PID=82393) to work on /home/airflow/.local/lib/python3.12/site-packages/airflow/example_dags/example_kubernetes_executor.py
[2026-05-02T11:41:02.851+0000] {processor.py:914} INFO - Processing file /home/airflow/.local/lib/python3.12/site-packages/airflow/example_dags/example_kubernetes_executor.py for tasks to queue
[2026-05-02T11:41:02.852+0000] {logging_mixin.py:190} INFO - [2026-05-02T11:41:02.852+0000] {dagbag.py:588} INFO - Filling up the DagBag from /home/airflow/.local/lib/python3.12/site-packages/airflow/example_dags/example_kubernetes_executor.py
[2026-05-02T11:41:02.858+0000] {processor.py:925} INFO - DAG(s) 'example_kubernetes_executor' retrieved from /home/airflow/.local/lib/python3.12/site-packages/airflow/example_dags/example_kubernetes_executor.py
[2026-05-02T11:41:02.871+0000] {logging_mixin.py:190} INFO - [2026-05-02T11:41:02.871+0000] {dag.py:3239} INFO - Sync 1 DAGs
[2026-05-02T11:41:02.876+0000] {logging_mixin.py:190} INFO - [2026-05-02T11:41:02.876+0000] {dag.py:4180} INFO - Setting next_dagrun for example_kubernetes_executor to None, run_after=None
[2026-05-02T11:41:02.885+0000] {processor.py:208} INFO - Processing /home/airflow/.local/lib/python3.12/site-packages/airflow/example_dags/example_kubernetes_executor.py took 0.037 seconds
[2026-05-02T11:41:33.031+0000] {processor.py:186} INFO - Started process (PID=82457) to work on /home/airflow/.local/lib/python3.12/site-packages/airflow/example_dags/example_kubernetes_executor.py
[2026-05-02T11:41:33.031+0000] {processor.py:914} INFO - Processing file /home/airflow/.local/lib/python3.12/site-packages/airflow/example_dags/example_kubernetes_executor.py for tasks to queue
[2026-05-02T11:41:33.033+0000] {logging_mixin.py:190} INFO - [2026-05-02T11:41:33.032+0000] {dagbag.py:588} INFO - Filling up the DagBag from /home/airflow/.local/lib/python3.12/site-packages/airflow/example_dags/example_kubernetes_executor.py
[2026-05-02T11:41:33.041+0000] {processor.py:925} INFO - DAG(s) 'example_kubernetes_executor' retrieved from /home/airflow/.local/lib/python3.12/site-packages/airflow/example_dags/example_kubernetes_executor.py
[2026-05-02T11:41:33.056+0000] {logging_mixin.py:190} INFO - [2026-05-02T11:41:33.055+0000] {dag.py:3239} INFO - Sync 1 DAGs
[2026-05-02T11:41:33.064+0000] {logging_mixin.py:190} INFO - [2026-05-02T11:41:33.063+0000] {dag.py:4180} INFO - Setting next_dagrun for example_kubernetes_executor to None, run_after=None
[2026-05-02T11:41:33.072+0000] {processor.py:208} INFO - Processing /home/airflow/.local/lib/python3.12/site-packages/airflow/example_dags/example_kubernetes_executor.py took 0.044 seconds
[2026-05-02T11:42:03.356+0000] {processor.py:186} INFO - Started process (PID=82521) to work on /home/airflow/.local/lib/python3.12/site-packages/airflow/example_dags/example_kubernetes_executor.py
[2026-05-02T11:42:03.357+0000] {processor.py:914} INFO - Processing file /home/airflow/.local/lib/python3.12/site-packages/airflow/example_dags/example_kubernetes_executor.py for tasks to queue
[2026-05-02T11:42:03.358+0000] {logging_mixin.py:190} INFO - [2026-05-02T11:42:03.357+0000] {dagbag.py:588} INFO - Filling up the DagBag from /home/airflow/.local/lib/python3.12/site-packages/airflow/example_dags/example_kubernetes_executor.py
[2026-05-02T11:42:03.365+0000] {processor.py:925} INFO - DAG(s) 'example_kubernetes_executor' retrieved from /home/airflow/.local/lib/python3.12/site-packages/airflow/example_dags/example_kubernetes_executor.py
[2026-05-02T11:42:03.375+0000] {logging_mixin.py:190} INFO - [2026-05-02T11:42:03.375+0000] {dag.py:3239} INFO - Sync 1 DAGs
[2026-05-02T11:42:03.380+0000] {logging_mixin.py:190} INFO - [2026-05-02T11:42:03.380+0000] {dag.py:4180} INFO - Setting next_dagrun for example_kubernetes_executor to None, run_after=None
[2026-05-02T11:42:03.389+0000] {processor.py:208} INFO - Processing /home/airflow/.local/lib/python3.12/site-packages/airflow/example_dags/example_kubernetes_executor.py took 0.036 seconds
[2026-05-02T11:42:33.590+0000] {processor.py:186} INFO - Started process (PID=82585) to work on /home/airflow/.local/lib/python3.12/site-packages/airflow/example_dags/example_kubernetes_executor.py
[2026-05-02T11:42:33.590+0000] {processor.py:914} INFO - Processing file /home/airflow/.local/lib/python3.12/site-packages/airflow/example_dags/example_kubernetes_executor.py for tasks to queue
[2026-05-02T11:42:33.591+0000] {logging_mixin.py:190} INFO - [2026-05-02T11:42:33.591+0000] {dagbag.py:588} INFO - Filling up the DagBag from /home/airflow/.local/lib/python3.12/site-packages/airflow/example_dags/example_kubernetes_executor.py
[2026-05-02T11:42:33.601+0000] {processor.py:925} INFO - DAG(s) 'example_kubernetes_executor' retrieved from /home/airflow/.local/lib/python3.12/site-packages/airflow/example_dags/example_kubernetes_executor.py
[2026-05-02T11:42:33.611+0000] {logging_mixin.py:190} INFO - [2026-05-02T11:42:33.611+0000] {dag.py:3239} INFO - Sync 1 DAGs
[2026-05-02T11:42:33.618+0000] {logging_mixin.py:190} INFO - [2026-05-02T11:42:33.618+0000] {dag.py:4180} INFO - Setting next_dagrun for example_kubernetes_executor to None, run_after=None
[2026-05-02T11:42:33.627+0000] {processor.py:208} INFO - Processing /home/airflow/.local/lib/python3.12/site-packages/airflow/example_dags/example_kubernetes_executor.py took 0.041 seconds
[2026-05-02T11:43:03.809+0000] {processor.py:186} INFO - Started process (PID=82649) to work on /home/airflow/.local/lib/python3.12/site-packages/airflow/example_dags/example_kubernetes_executor.py
[2026-05-02T11:43:03.810+0000] {processor.py:914} INFO - Processing file /home/airflow/.local/lib/python3.12/site-packages/airflow/example_dags/example_kubernetes_executor.py for tasks to queue
[2026-05-02T11:43:03.812+0000] {logging_mixin.py:190} INFO - [2026-05-02T11:43:03.812+0000] {dagbag.py:588} INFO - Filling up the DagBag from /home/airflow/.local/lib/python3.12/site-packages/airflow/example_dags/example_kubernetes_executor.py
[2026-05-02T11:43:03.818+0000] {processor.py:925} INFO - DAG(s) 'example_kubernetes_executor' retrieved from /home/airflow/.local/lib/python3.12/site-packages/airflow/example_dags/example_kubernetes_executor.py
[2026-05-02T11:43:03.829+0000] {logging_mixin.py:190} INFO - [2026-05-02T11:43:03.829+0000] {dag.py:3239} INFO - Sync 1 DAGs
[2026-05-02T11:43:03.834+0000] {logging_mixin.py:190} INFO - [2026-05-02T11:43:03.834+0000] {dag.py:4180} INFO - Setting next_dagrun for example_kubernetes_executor to None, run_after=None
[2026-05-02T11:43:03.842+0000] {processor.py:208} INFO - Processing /home/airflow/.local/lib/python3.12/site-packages/airflow/example_dags/example_kubernetes_executor.py took 0.035 seconds
[2026-05-02T11:43:34.041+0000] {processor.py:186} INFO - Started process (PID=82713) to work on /home/airflow/.local/lib/python3.12/site-packages/airflow/example_dags/example_kubernetes_executor.py
[2026-05-02T11:43:34.042+0000] {processor.py:914} INFO - Processing file /home/airflow/.local/lib/python3.12/site-packages/airflow/example_dags/example_kubernetes_executor.py for tasks to queue
[2026-05-02T11:43:34.043+0000] {logging_mixin.py:190} INFO - [2026-05-02T11:43:34.043+0000] {dagbag.py:588} INFO - Filling up the DagBag from /home/airflow/.local/lib/python3.12/site-packages/airflow/example_dags/example_kubernetes_executor.py
[2026-05-02T11:43:34.049+0000] {processor.py:925} INFO - DAG(s) 'example_kubernetes_executor' retrieved from /home/airflow/.local/lib/python3.12/site-packages/airflow/example_dags/example_kubernetes_executor.py
[2026-05-02T11:43:34.062+0000] {logging_mixin.py:190} INFO - [2026-05-02T11:43:34.062+0000] {dag.py:3239} INFO - Sync 1 DAGs
[2026-05-02T11:43:34.066+0000] {logging_mixin.py:190} INFO - [2026-05-02T11:43:34.066+0000] {dag.py:4180} INFO - Setting next_dagrun for example_kubernetes_executor to None, run_after=None
[2026-05-02T11:43:34.074+0000] {processor.py:208} INFO - Processing /home/airflow/.local/lib/python3.12/site-packages/airflow/example_dags/example_kubernetes_executor.py took 0.035 seconds
[2026-05-02T11:44:04.441+0000] {processor.py:186} INFO - Started process (PID=82777) to work on /home/airflow/.local/lib/python3.12/site-packages/airflow/example_dags/example_kubernetes_executor.py
[2026-05-02T11:44:04.441+0000] {processor.py:914} INFO - Processing file /home/airflow/.local/lib/python3.12/site-packages/airflow/example_dags/example_kubernetes_executor.py for tasks to queue
[2026-05-02T11:44:04.442+0000] {logging_mixin.py:190} INFO - [2026-05-02T11:44:04.442+0000] {dagbag.py:588} INFO - Filling up the DagBag from /home/airflow/.local/lib/python3.12/site-packages/airflow/example_dags/example_kubernetes_executor.py
[2026-05-02T11:44:04.448+0000] {processor.py:925} INFO - DAG(s) 'example_kubernetes_executor' retrieved from /home/airflow/.local/lib/python3.12/site-packages/airflow/example_dags/example_kubernetes_executor.py
[2026-05-02T11:44:04.457+0000] {logging_mixin.py:190} INFO - [2026-05-02T11:44:04.457+0000] {dag.py:3239} INFO - Sync 1 DAGs
[2026-05-02T11:44:04.461+0000] {logging_mixin.py:190} INFO - [2026-05-02T11:44:04.461+0000] {dag.py:4180} INFO - Setting next_dagrun for example_kubernetes_executor to None, run_after=None
[2026-05-02T11:44:04.470+0000] {processor.py:208} INFO - Processing /home/airflow/.local/lib/python3.12/site-packages/airflow/example_dags/example_kubernetes_executor.py took 0.031 seconds
[2026-05-02T11:44:34.632+0000] {processor.py:186} INFO - Started process (PID=82841) to work on /home/airflow/.local/lib/python3.12/site-packages/airflow/example_dags/example_kubernetes_executor.py
[2026-05-02T11:44:34.633+0000] {processor.py:914} INFO - Processing file /home/airflow/.local/lib/python3.12/site-packages/airflow/example_dags/example_kubernetes_executor.py for tasks to queue
[2026-05-02T11:44:34.634+0000] {logging_mixin.py:190} INFO - [2026-05-02T11:44:34.634+0000] {dagbag.py:588} INFO - Filling up the DagBag from /home/airflow/.local/lib/python3.12/site-packages/airflow/example_dags/example_kubernetes_executor.py
[2026-05-02T11:44:34.639+0000] {processor.py:925} INFO - DAG(s) 'example_kubernetes_executor' retrieved from /home/airflow/.local/lib/python3.12/site-packages/airflow/example_dags/example_kubernetes_executor.py
[2026-05-02T11:44:34.648+0000] {logging_mixin.py:190} INFO - [2026-05-02T11:44:34.648+0000] {dag.py:3239} INFO - Sync 1 DAGs
[2026-05-02T11:44:34.655+0000] {logging_mixin.py:190} INFO - [2026-05-02T11:44:34.655+0000] {dag.py:4180} INFO - Setting next_dagrun for example_kubernetes_executor to None, run_after=None
[2026-05-02T11:44:34.665+0000] {processor.py:208} INFO - Processing /home/airflow/.local/lib/python3.12/site-packages/airflow/example_dags/example_kubernetes_executor.py took 0.035 seconds
[2026-05-02T11:45:04.885+0000] {processor.py:186} INFO - Started process (PID=82905) to work on /home/airflow/.local/lib/python3.12/site-packages/airflow/example_dags/example_kubernetes_executor.py
[2026-05-02T11:45:04.885+0000] {processor.py:914} INFO - Processing file /home/airflow/.local/lib/python3.12/site-packages/airflow/example_dags/example_kubernetes_executor.py for tasks to queue
[2026-05-02T11:45:04.886+0000] {logging_mixin.py:190} INFO - [2026-05-02T11:45:04.886+0000] {dagbag.py:588} INFO - Filling up the DagBag from /home/airflow/.local/lib/python3.12/site-packages/airflow/example_dags/example_kubernetes_executor.py
[2026-05-02T11:45:04.891+0000] {processor.py:925} INFO - DAG(s) 'example_kubernetes_executor' retrieved from /home/airflow/.local/lib/python3.12/site-packages/airflow/example_dags/example_kubernetes_executor.py
[2026-05-02T11:45:04.905+0000] {logging_mixin.py:190} INFO - [2026-05-02T11:45:04.905+0000] {dag.py:3239} INFO - Sync 1 DAGs
[2026-05-02T11:45:04.910+0000] {logging_mixin.py:190} INFO - [2026-05-02T11:45:04.910+0000] {dag.py:4180} INFO - Setting next_dagrun for example_kubernetes_executor to None, run_after=None
[2026-05-02T11:45:04.919+0000] {processor.py:208} INFO - Processing /home/airflow/.local/lib/python3.12/site-packages/airflow/example_dags/example_kubernetes_executor.py took 0.037 seconds
[2026-05-02T11:45:35.027+0000] {processor.py:186} INFO - Started process (PID=82969) to work on /home/airflow/.local/lib/python3.12/site-packages/airflow/example_dags/example_kubernetes_executor.py
[2026-05-02T11:45:35.028+0000] {processor.py:914} INFO - Processing file /home/airflow/.local/lib/python3.12/site-packages/airflow/example_dags/example_kubernetes_executor.py for tasks to queue
[2026-05-02T11:45:35.029+0000] {logging_mixin.py:190} INFO - [2026-05-02T11:45:35.029+0000] {dagbag.py:588} INFO - Filling up the DagBag from /home/airflow/.local/lib/python3.12/site-packages/airflow/example_dags/example_kubernetes_executor.py
[2026-05-02T11:45:35.036+0000] {processor.py:925} INFO - DAG(s) 'example_kubernetes_executor' retrieved from /home/airflow/.local/lib/python3.12/site-packages/airflow/example_dags/example_kubernetes_executor.py
[2026-05-02T11:45:35.048+0000] {logging_mixin.py:190} INFO - [2026-05-02T11:45:35.048+0000] {dag.py:3239} INFO - Sync 1 DAGs
[2026-05-02T11:45:35.054+0000] {logging_mixin.py:190} INFO - [2026-05-02T11:45:35.054+0000] {dag.py:4180} INFO - Setting next_dagrun for example_kubernetes_executor to None, run_after=None
[2026-05-02T11:45:35.063+0000] {processor.py:208} INFO - Processing /home/airflow/.local/lib/python3.12/site-packages/airflow/example_dags/example_kubernetes_executor.py took 0.038 seconds
[2026-05-02T11:46:05.244+0000] {processor.py:186} INFO - Started process (PID=83033) to work on /home/airflow/.local/lib/python3.12/site-packages/airflow/example_dags/example_kubernetes_executor.py
[2026-05-02T11:46:05.245+0000] {processor.py:914} INFO - Processing file /home/airflow/.local/lib/python3.12/site-packages/airflow/example_dags/example_kubernetes_executor.py for tasks to queue
[2026-05-02T11:46:05.246+0000] {logging_mixin.py:190} INFO - [2026-05-02T11:46:05.246+0000] {dagbag.py:588} INFO - Filling up the DagBag from /home/airflow/.local/lib/python3.12/site-packages/airflow/example_dags/example_kubernetes_executor.py
[2026-05-02T11:46:05.252+0000] {processor.py:925} INFO - DAG(s) 'example_kubernetes_executor' retrieved from /home/airflow/.local/lib/python3.12/site-packages/airflow/example_dags/example_kubernetes_executor.py
[2026-05-02T11:46:05.265+0000] {logging_mixin.py:190} INFO - [2026-05-02T11:46:05.265+0000] {dag.py:3239} INFO - Sync 1 DAGs
[2026-05-02T11:46:05.274+0000] {logging_mixin.py:190} INFO - [2026-05-02T11:46:05.274+0000] {dag.py:4180} INFO - Setting next_dagrun for example_kubernetes_executor to None, run_after=None
[2026-05-02T11:46:05.286+0000] {processor.py:208} INFO - Processing /home/airflow/.local/lib/python3.12/site-packages/airflow/example_dags/example_kubernetes_executor.py took 0.045 seconds
[2026-05-02T11:46:36.002+0000] {processor.py:186} INFO - Started process (PID=83097) to work on /home/airflow/.local/lib/python3.12/site-packages/airflow/example_dags/example_kubernetes_executor.py
[2026-05-02T11:46:36.002+0000] {processor.py:914} INFO - Processing file /home/airflow/.local/lib/python3.12/site-packages/airflow/example_dags/example_kubernetes_executor.py for tasks to queue
[2026-05-02T11:46:36.003+0000] {logging_mixin.py:190} INFO - [2026-05-02T11:46:36.003+0000] {dagbag.py:588} INFO - Filling up the DagBag from /home/airflow/.local/lib/python3.12/site-packages/airflow/example_dags/example_kubernetes_executor.py
[2026-05-02T11:46:36.012+0000] {processor.py:925} INFO - DAG(s) 'example_kubernetes_executor' retrieved from /home/airflow/.local/lib/python3.12/site-packages/airflow/example_dags/example_kubernetes_executor.py
[2026-05-02T11:46:36.024+0000] {logging_mixin.py:190} INFO - [2026-05-02T11:46:36.024+0000] {dag.py:3239} INFO - Sync 1 DAGs
[2026-05-02T11:46:36.032+0000] {logging_mixin.py:190} INFO - [2026-05-02T11:46:36.031+0000] {dag.py:4180} INFO - Setting next_dagrun for example_kubernetes_executor to None, run_after=None
[2026-05-02T11:46:36.040+0000] {processor.py:208} INFO - Processing /home/airflow/.local/lib/python3.12/site-packages/airflow/example_dags/example_kubernetes_executor.py took 0.040 seconds
[2026-05-02T11:47:06.467+0000] {processor.py:186} INFO - Started process (PID=83161) to work on /home/airflow/.local/lib/python3.12/site-packages/airflow/example_dags/example_kubernetes_executor.py
[2026-05-02T11:47:06.468+0000] {processor.py:914} INFO - Processing file /home/airflow/.local/lib/python3.12/site-packages/airflow/example_dags/example_kubernetes_executor.py for tasks to queue
[2026-05-02T11:47:06.469+0000] {logging_mixin.py:190} INFO - [2026-05-02T11:47:06.468+0000] {dagbag.py:588} INFO - Filling up the DagBag from /home/airflow/.local/lib/python3.12/site-packages/airflow/example_dags/example_kubernetes_executor.py
[2026-05-02T11:47:06.477+0000] {processor.py:925} INFO - DAG(s) 'example_kubernetes_executor' retrieved from /home/airflow/.local/lib/python3.12/site-packages/airflow/example_dags/example_kubernetes_executor.py
[2026-05-02T11:47:06.489+0000] {logging_mixin.py:190} INFO - [2026-05-02T11:47:06.489+0000] {dag.py:3239} INFO - Sync 1 DAGs
[2026-05-02T11:47:06.493+0000] {logging_mixin.py:190} INFO - [2026-05-02T11:47:06.493+0000] {dag.py:4180} INFO - Setting next_dagrun for example_kubernetes_executor to None, run_after=None
[2026-05-02T11:47:06.503+0000] {processor.py:208} INFO - Processing /home/airflow/.local/lib/python3.12/site-packages/airflow/example_dags/example_kubernetes_executor.py took 0.039 seconds
[2026-05-02T11:47:36.917+0000] {processor.py:186} INFO - Started process (PID=83225) to work on /home/airflow/.local/lib/python3.12/site-packages/airflow/example_dags/example_kubernetes_executor.py
[2026-05-02T11:47:36.917+0000] {processor.py:914} INFO - Processing file /home/airflow/.local/lib/python3.12/site-packages/airflow/example_dags/example_kubernetes_executor.py for tasks to queue
[2026-05-02T11:47:36.918+0000] {logging_mixin.py:190} INFO - [2026-05-02T11:47:36.918+0000] {dagbag.py:588} INFO - Filling up the DagBag from /home/airflow/.local/lib/python3.12/site-packages/airflow/example_dags/example_kubernetes_executor.py
[2026-05-02T11:47:36.926+0000] {processor.py:925} INFO - DAG(s) 'example_kubernetes_executor' retrieved from /home/airflow/.local/lib/python3.12/site-packages/airflow/example_dags/example_kubernetes_executor.py
[2026-05-02T11:47:36.941+0000] {logging_mixin.py:190} INFO - [2026-05-02T11:47:36.941+0000] {dag.py:3239} INFO - Sync 1 DAGs
[2026-05-02T11:47:36.948+0000] {logging_mixin.py:190} INFO - [2026-05-02T11:47:36.948+0000] {dag.py:4180} INFO - Setting next_dagrun for example_kubernetes_executor to None, run_after=None
[2026-05-02T11:47:36.956+0000] {processor.py:208} INFO - Processing /home/airflow/.local/lib/python3.12/site-packages/airflow/example_dags/example_kubernetes_executor.py took 0.041 seconds
[2026-05-02T11:48:07.419+0000] {processor.py:186} INFO - Started process (PID=83288) to work on /home/airflow/.local/lib/python3.12/site-packages/airflow/example_dags/example_kubernetes_executor.py
[2026-05-02T11:48:07.420+0000] {processor.py:914} INFO - Processing file /home/airflow/.local/lib/python3.12/site-packages/airflow/example_dags/example_kubernetes_executor.py for tasks to queue
[2026-05-02T11:48:07.422+0000] {logging_mixin.py:190} INFO - [2026-05-02T11:48:07.422+0000] {dagbag.py:588} INFO - Filling up the DagBag from /home/airflow/.local/lib/python3.12/site-packages/airflow/example_dags/example_kubernetes_executor.py
[2026-05-02T11:48:07.430+0000] {processor.py:925} INFO - DAG(s) 'example_kubernetes_executor' retrieved from /home/airflow/.local/lib/python3.12/site-packages/airflow/example_dags/example_kubernetes_executor.py
[2026-05-02T11:48:07.443+0000] {logging_mixin.py:190} INFO - [2026-05-02T11:48:07.443+0000] {dag.py:3239} INFO - Sync 1 DAGs
[2026-05-02T11:48:07.449+0000] {logging_mixin.py:190} INFO - [2026-05-02T11:48:07.449+0000] {dag.py:4180} INFO - Setting next_dagrun for example_kubernetes_executor to None, run_after=None
[2026-05-02T11:48:07.457+0000] {processor.py:208} INFO - Processing /home/airflow/.local/lib/python3.12/site-packages/airflow/example_dags/example_kubernetes_executor.py took 0.041 seconds
[2026-05-02T11:48:37.829+0000] {processor.py:186} INFO - Started process (PID=83352) to work on /home/airflow/.local/lib/python3.12/site-packages/airflow/example_dags/example_kubernetes_executor.py
[2026-05-02T11:48:37.829+0000] {processor.py:914} INFO - Processing file /home/airflow/.local/lib/python3.12/site-packages/airflow/example_dags/example_kubernetes_executor.py for tasks to queue
[2026-05-02T11:48:37.830+0000] {logging_mixin.py:190} INFO - [2026-05-02T11:48:37.830+0000] {dagbag.py:588} INFO - Filling up the DagBag from /home/airflow/.local/lib/python3.12/site-packages/airflow/example_dags/example_kubernetes_executor.py
[2026-05-02T11:48:37.838+0000] {processor.py:925} INFO - DAG(s) 'example_kubernetes_executor' retrieved from /home/airflow/.local/lib/python3.12/site-packages/airflow/example_dags/example_kubernetes_executor.py
[2026-05-02T11:48:37.852+0000] {logging_mixin.py:190} INFO - [2026-05-02T11:48:37.851+0000] {dag.py:3239} INFO - Sync 1 DAGs
[2026-05-02T11:48:37.857+0000] {logging_mixin.py:190} INFO - [2026-05-02T11:48:37.857+0000] {dag.py:4180} INFO - Setting next_dagrun for example_kubernetes_executor to None, run_after=None
[2026-05-02T11:48:37.866+0000] {processor.py:208} INFO - Processing /home/airflow/.local/lib/python3.12/site-packages/airflow/example_dags/example_kubernetes_executor.py took 0.040 seconds
[2026-05-02T11:49:08.255+0000] {processor.py:186} INFO - Started process (PID=83416) to work on /home/airflow/.local/lib/python3.12/site-packages/airflow/example_dags/example_kubernetes_executor.py
[2026-05-02T11:49:08.256+0000] {processor.py:914} INFO - Processing file /home/airflow/.local/lib/python3.12/site-packages/airflow/example_dags/example_kubernetes_executor.py for tasks to queue
[2026-05-02T11:49:08.258+0000] {logging_mixin.py:190} INFO - [2026-05-02T11:49:08.257+0000] {dagbag.py:588} INFO - Filling up the DagBag from /home/airflow/.local/lib/python3.12/site-packages/airflow/example_dags/example_kubernetes_executor.py
[2026-05-02T11:49:08.266+0000] {processor.py:925} INFO - DAG(s) 'example_kubernetes_executor' retrieved from /home/airflow/.local/lib/python3.12/site-packages/airflow/example_dags/example_kubernetes_executor.py
[2026-05-02T11:49:08.279+0000] {logging_mixin.py:190} INFO - [2026-05-02T11:49:08.279+0000] {dag.py:3239} INFO - Sync 1 DAGs
[2026-05-02T11:49:08.284+0000] {logging_mixin.py:190} INFO - [2026-05-02T11:49:08.284+0000] {dag.py:4180} INFO - Setting next_dagrun for example_kubernetes_executor to None, run_after=None
[2026-05-02T11:49:08.291+0000] {processor.py:208} INFO - Processing /home/airflow/.local/lib/python3.12/site-packages/airflow/example_dags/example_kubernetes_executor.py took 0.039 seconds
[2026-05-02T11:49:38.868+0000] {processor.py:186} INFO - Started process (PID=83480) to work on /home/airflow/.local/lib/python3.12/site-packages/airflow/example_dags/example_kubernetes_executor.py
[2026-05-02T11:49:38.868+0000] {processor.py:914} INFO - Processing file /home/airflow/.local/lib/python3.12/site-packages/airflow/example_dags/example_kubernetes_executor.py for tasks to queue
[2026-05-02T11:49:38.870+0000] {logging_mixin.py:190} INFO - [2026-05-02T11:49:38.869+0000] {dagbag.py:588} INFO - Filling up the DagBag from /home/airflow/.local/lib/python3.12/site-packages/airflow/example_dags/example_kubernetes_executor.py
[2026-05-02T11:49:38.880+0000] {processor.py:925} INFO - DAG(s) 'example_kubernetes_executor' retrieved from /home/airflow/.local/lib/python3.12/site-packages/airflow/example_dags/example_kubernetes_executor.py
[2026-05-02T11:49:38.891+0000] {logging_mixin.py:190} INFO - [2026-05-02T11:49:38.891+0000] {dag.py:3239} INFO - Sync 1 DAGs
[2026-05-02T11:49:38.899+0000] {logging_mixin.py:190} INFO - [2026-05-02T11:49:38.899+0000] {dag.py:4180} INFO - Setting next_dagrun for example_kubernetes_executor to None, run_after=None
[2026-05-02T11:49:38.908+0000] {processor.py:208} INFO - Processing /home/airflow/.local/lib/python3.12/site-packages/airflow/example_dags/example_kubernetes_executor.py took 0.043 seconds
[2026-05-02T11:50:09.484+0000] {processor.py:186} INFO - Started process (PID=83544) to work on /home/airflow/.local/lib/python3.12/site-packages/airflow/example_dags/example_kubernetes_executor.py
[2026-05-02T11:50:09.484+0000] {processor.py:914} INFO - Processing file /home/airflow/.local/lib/python3.12/site-packages/airflow/example_dags/example_kubernetes_executor.py for tasks to queue
[2026-05-02T11:50:09.486+0000] {logging_mixin.py:190} INFO - [2026-05-02T11:50:09.486+0000] {dagbag.py:588} INFO - Filling up the DagBag from /home/airflow/.local/lib/python3.12/site-packages/airflow/example_dags/example_kubernetes_executor.py
[2026-05-02T11:50:09.496+0000] {processor.py:925} INFO - DAG(s) 'example_kubernetes_executor' retrieved from /home/airflow/.local/lib/python3.12/site-packages/airflow/example_dags/example_kubernetes_executor.py
[2026-05-02T11:50:09.506+0000] {logging_mixin.py:190} INFO - [2026-05-02T11:50:09.506+0000] {dag.py:3239} INFO - Sync 1 DAGs
[2026-05-02T11:50:09.513+0000] {logging_mixin.py:190} INFO - [2026-05-02T11:50:09.513+0000] {dag.py:4180} INFO - Setting next_dagrun for example_kubernetes_executor to None, run_after=None
[2026-05-02T11:50:09.523+0000] {processor.py:208} INFO - Processing /home/airflow/.local/lib/python3.12/site-packages/airflow/example_dags/example_kubernetes_executor.py took 0.044 seconds
[2026-05-02T11:50:39.986+0000] {processor.py:186} INFO - Started process (PID=83608) to work on /home/airflow/.local/lib/python3.12/site-packages/airflow/example_dags/example_kubernetes_executor.py
[2026-05-02T11:50:39.987+0000] {processor.py:914} INFO - Processing file /home/airflow/.local/lib/python3.12/site-packages/airflow/example_dags/example_kubernetes_executor.py for tasks to queue
[2026-05-02T11:50:39.988+0000] {logging_mixin.py:190} INFO - [2026-05-02T11:50:39.988+0000] {dagbag.py:588} INFO - Filling up the DagBag from /home/airflow/.local/lib/python3.12/site-packages/airflow/example_dags/example_kubernetes_executor.py
[2026-05-02T11:50:39.997+0000] {processor.py:925} INFO - DAG(s) 'example_kubernetes_executor' retrieved from /home/airflow/.local/lib/python3.12/site-packages/airflow/example_dags/example_kubernetes_executor.py
[2026-05-02T11:50:40.009+0000] {logging_mixin.py:190} INFO - [2026-05-02T11:50:40.009+0000] {dag.py:3239} INFO - Sync 1 DAGs
[2026-05-02T11:50:40.020+0000] {logging_mixin.py:190} INFO - [2026-05-02T11:50:40.020+0000] {dag.py:4180} INFO - Setting next_dagrun for example_kubernetes_executor to None, run_after=None
[2026-05-02T11:50:40.030+0000] {processor.py:208} INFO - Processing /home/airflow/.local/lib/python3.12/site-packages/airflow/example_dags/example_kubernetes_executor.py took 0.048 seconds
[2026-05-02T11:51:10.426+0000] {processor.py:186} INFO - Started process (PID=83672) to work on /home/airflow/.local/lib/python3.12/site-packages/airflow/example_dags/example_kubernetes_executor.py
[2026-05-02T11:51:10.427+0000] {processor.py:914} INFO - Processing file /home/airflow/.local/lib/python3.12/site-packages/airflow/example_dags/example_kubernetes_executor.py for tasks to queue
[2026-05-02T11:51:10.428+0000] {logging_mixin.py:190} INFO - [2026-05-02T11:51:10.428+0000] {dagbag.py:588} INFO - Filling up the DagBag from /home/airflow/.local/lib/python3.12/site-packages/airflow/example_dags/example_kubernetes_executor.py
[2026-05-02T11:51:10.436+0000] {processor.py:925} INFO - DAG(s) 'example_kubernetes_executor' retrieved from /home/airflow/.local/lib/python3.12/site-packages/airflow/example_dags/example_kubernetes_executor.py
[2026-05-02T11:51:10.452+0000] {logging_mixin.py:190} INFO - [2026-05-02T11:51:10.452+0000] {dag.py:3239} INFO - Sync 1 DAGs
[2026-05-02T11:51:10.459+0000] {logging_mixin.py:190} INFO - [2026-05-02T11:51:10.459+0000] {dag.py:4180} INFO - Setting next_dagrun for example_kubernetes_executor to None, run_after=None
[2026-05-02T11:51:10.468+0000] {processor.py:208} INFO - Processing /home/airflow/.local/lib/python3.12/site-packages/airflow/example_dags/example_kubernetes_executor.py took 0.046 seconds
[2026-05-02T11:51:40.884+0000] {processor.py:186} INFO - Started process (PID=83736) to work on /home/airflow/.local/lib/python3.12/site-packages/airflow/example_dags/example_kubernetes_executor.py
[2026-05-02T11:51:40.886+0000] {processor.py:914} INFO - Processing file /home/airflow/.local/lib/python3.12/site-packages/airflow/example_dags/example_kubernetes_executor.py for tasks to queue
[2026-05-02T11:51:40.888+0000] {logging_mixin.py:190} INFO - [2026-05-02T11:51:40.888+0000] {dagbag.py:588} INFO - Filling up the DagBag from /home/airflow/.local/lib/python3.12/site-packages/airflow/example_dags/example_kubernetes_executor.py
[2026-05-02T11:51:40.897+0000] {processor.py:925} INFO - DAG(s) 'example_kubernetes_executor' retrieved from /home/airflow/.local/lib/python3.12/site-packages/airflow/example_dags/example_kubernetes_executor.py
[2026-05-02T11:51:40.913+0000] {logging_mixin.py:190} INFO - [2026-05-02T11:51:40.912+0000] {dag.py:3239} INFO - Sync 1 DAGs
[2026-05-02T11:51:40.918+0000] {logging_mixin.py:190} INFO - [2026-05-02T11:51:40.918+0000] {dag.py:4180} INFO - Setting next_dagrun for example_kubernetes_executor to None, run_after=None
[2026-05-02T11:51:40.928+0000] {processor.py:208} INFO - Processing /home/airflow/.local/lib/python3.12/site-packages/airflow/example_dags/example_kubernetes_executor.py took 0.048 seconds
[2026-05-02T11:52:11.576+0000] {processor.py:186} INFO - Started process (PID=83800) to work on /home/airflow/.local/lib/python3.12/site-packages/airflow/example_dags/example_kubernetes_executor.py
[2026-05-02T11:52:11.577+0000] {processor.py:914} INFO - Processing file /home/airflow/.local/lib/python3.12/site-packages/airflow/example_dags/example_kubernetes_executor.py for tasks to queue
[2026-05-02T11:52:11.578+0000] {logging_mixin.py:190} INFO - [2026-05-02T11:52:11.578+0000] {dagbag.py:588} INFO - Filling up the DagBag from /home/airflow/.local/lib/python3.12/site-packages/airflow/example_dags/example_kubernetes_executor.py
[2026-05-02T11:52:11.591+0000] {processor.py:925} INFO - DAG(s) 'example_kubernetes_executor' retrieved from /home/airflow/.local/lib/python3.12/site-packages/airflow/example_dags/example_kubernetes_executor.py
[2026-05-02T11:52:11.606+0000] {logging_mixin.py:190} INFO - [2026-05-02T11:52:11.606+0000] {dag.py:3239} INFO - Sync 1 DAGs
[2026-05-02T11:52:11.611+0000] {logging_mixin.py:190} INFO - [2026-05-02T11:52:11.611+0000] {dag.py:4180} INFO - Setting next_dagrun for example_kubernetes_executor to None, run_after=None
[2026-05-02T11:52:11.621+0000] {processor.py:208} INFO - Processing /home/airflow/.local/lib/python3.12/site-packages/airflow/example_dags/example_kubernetes_executor.py took 0.048 seconds
[2026-05-02T11:52:42.709+0000] {processor.py:186} INFO - Started process (PID=83864) to work on /home/airflow/.local/lib/python3.12/site-packages/airflow/example_dags/example_kubernetes_executor.py
[2026-05-02T11:52:42.710+0000] {processor.py:914} INFO - Processing file /home/airflow/.local/lib/python3.12/site-packages/airflow/example_dags/example_kubernetes_executor.py for tasks to queue
[2026-05-02T11:52:42.711+0000] {logging_mixin.py:190} INFO - [2026-05-02T11:52:42.711+0000] {dagbag.py:588} INFO - Filling up the DagBag from /home/airflow/.local/lib/python3.12/site-packages/airflow/example_dags/example_kubernetes_executor.py
[2026-05-02T11:52:42.723+0000] {processor.py:925} INFO - DAG(s) 'example_kubernetes_executor' retrieved from /home/airflow/.local/lib/python3.12/site-packages/airflow/example_dags/example_kubernetes_executor.py
[2026-05-02T11:52:42.740+0000] {logging_mixin.py:190} INFO - [2026-05-02T11:52:42.740+0000] {dag.py:3239} INFO - Sync 1 DAGs
[2026-05-02T11:52:42.748+0000] {logging_mixin.py:190} INFO - [2026-05-02T11:52:42.748+0000] {dag.py:4180} INFO - Setting next_dagrun for example_kubernetes_executor to None, run_after=None
[2026-05-02T11:52:42.760+0000] {processor.py:208} INFO - Processing /home/airflow/.local/lib/python3.12/site-packages/airflow/example_dags/example_kubernetes_executor.py took 0.056 seconds
[2026-05-02T11:53:13.468+0000] {processor.py:186} INFO - Started process (PID=83928) to work on /home/airflow/.local/lib/python3.12/site-packages/airflow/example_dags/example_kubernetes_executor.py
[2026-05-02T11:53:13.468+0000] {processor.py:914} INFO - Processing file /home/airflow/.local/lib/python3.12/site-packages/airflow/example_dags/example_kubernetes_executor.py for tasks to queue
[2026-05-02T11:53:13.470+0000] {logging_mixin.py:190} INFO - [2026-05-02T11:53:13.469+0000] {dagbag.py:588} INFO - Filling up the DagBag from /home/airflow/.local/lib/python3.12/site-packages/airflow/example_dags/example_kubernetes_executor.py
[2026-05-02T11:53:13.486+0000] {processor.py:925} INFO - DAG(s) 'example_kubernetes_executor' retrieved from /home/airflow/.local/lib/python3.12/site-packages/airflow/example_dags/example_kubernetes_executor.py
[2026-05-02T11:53:13.505+0000] {logging_mixin.py:190} INFO - [2026-05-02T11:53:13.505+0000] {dag.py:3239} INFO - Sync 1 DAGs
[2026-05-02T11:53:13.518+0000] {logging_mixin.py:190} INFO - [2026-05-02T11:53:13.518+0000] {dag.py:4180} INFO - Setting next_dagrun for example_kubernetes_executor to None, run_after=None
[2026-05-02T11:53:13.531+0000] {processor.py:208} INFO - Processing /home/airflow/.local/lib/python3.12/site-packages/airflow/example_dags/example_kubernetes_executor.py took 0.070 seconds
[2026-05-02T11:53:44.399+0000] {processor.py:186} INFO - Started process (PID=83992) to work on /home/airflow/.local/lib/python3.12/site-packages/airflow/example_dags/example_kubernetes_executor.py
[2026-05-02T11:53:44.399+0000] {processor.py:914} INFO - Processing file /home/airflow/.local/lib/python3.12/site-packages/airflow/example_dags/example_kubernetes_executor.py for tasks to queue
[2026-05-02T11:53:44.401+0000] {logging_mixin.py:190} INFO - [2026-05-02T11:53:44.400+0000] {dagbag.py:588} INFO - Filling up the DagBag from /home/airflow/.local/lib/python3.12/site-packages/airflow/example_dags/example_kubernetes_executor.py
[2026-05-02T11:53:44.411+0000] {processor.py:925} INFO - DAG(s) 'example_kubernetes_executor' retrieved from /home/airflow/.local/lib/python3.12/site-packages/airflow/example_dags/example_kubernetes_executor.py
[2026-05-02T11:53:44.433+0000] {logging_mixin.py:190} INFO - [2026-05-02T11:53:44.433+0000] {dag.py:3239} INFO - Sync 1 DAGs
[2026-05-02T11:53:44.448+0000] {logging_mixin.py:190} INFO - [2026-05-02T11:53:44.447+0000] {dag.py:4180} INFO - Setting next_dagrun for example_kubernetes_executor to None, run_after=None
[2026-05-02T11:53:44.480+0000] {processor.py:208} INFO - Processing /home/airflow/.local/lib/python3.12/site-packages/airflow/example_dags/example_kubernetes_executor.py took 0.085 seconds
[2026-05-02T11:54:15.218+0000] {processor.py:186} INFO - Started process (PID=84056) to work on /home/airflow/.local/lib/python3.12/site-packages/airflow/example_dags/example_kubernetes_executor.py
[2026-05-02T11:54:15.220+0000] {processor.py:914} INFO - Processing file /home/airflow/.local/lib/python3.12/site-packages/airflow/example_dags/example_kubernetes_executor.py for tasks to queue
[2026-05-02T11:54:15.222+0000] {logging_mixin.py:190} INFO - [2026-05-02T11:54:15.222+0000] {dagbag.py:588} INFO - Filling up the DagBag from /home/airflow/.local/lib/python3.12/site-packages/airflow/example_dags/example_kubernetes_executor.py
[2026-05-02T11:54:15.233+0000] {processor.py:925} INFO - DAG(s) 'example_kubernetes_executor' retrieved from /home/airflow/.local/lib/python3.12/site-packages/airflow/example_dags/example_kubernetes_executor.py
[2026-05-02T11:54:15.251+0000] {logging_mixin.py:190} INFO - [2026-05-02T11:54:15.251+0000] {dag.py:3239} INFO - Sync 1 DAGs
[2026-05-02T11:54:15.260+0000] {logging_mixin.py:190} INFO - [2026-05-02T11:54:15.259+0000] {dag.py:4180} INFO - Setting next_dagrun for example_kubernetes_executor to None, run_after=None
[2026-05-02T11:54:15.269+0000] {processor.py:208} INFO - Processing /home/airflow/.local/lib/python3.12/site-packages/airflow/example_dags/example_kubernetes_executor.py took 0.055 seconds
[2026-05-02T11:54:45.908+0000] {processor.py:186} INFO - Started process (PID=84120) to work on /home/airflow/.local/lib/python3.12/site-packages/airflow/example_dags/example_kubernetes_executor.py
[2026-05-02T11:54:45.908+0000] {processor.py:914} INFO - Processing file /home/airflow/.local/lib/python3.12/site-packages/airflow/example_dags/example_kubernetes_executor.py for tasks to queue
[2026-05-02T11:54:45.909+0000] {logging_mixin.py:190} INFO - [2026-05-02T11:54:45.909+0000] {dagbag.py:588} INFO - Filling up the DagBag from /home/airflow/.local/lib/python3.12/site-packages/airflow/example_dags/example_kubernetes_executor.py
[2026-05-02T11:54:45.918+0000] {processor.py:925} INFO - DAG(s) 'example_kubernetes_executor' retrieved from /home/airflow/.local/lib/python3.12/site-packages/airflow/example_dags/example_kubernetes_executor.py
[2026-05-02T11:54:45.929+0000] {logging_mixin.py:190} INFO - [2026-05-02T11:54:45.929+0000] {dag.py:3239} INFO - Sync 1 DAGs
[2026-05-02T11:54:45.938+0000] {logging_mixin.py:190} INFO - [2026-05-02T11:54:45.938+0000] {dag.py:4180} INFO - Setting next_dagrun for example_kubernetes_executor to None, run_after=None
[2026-05-02T11:54:45.949+0000] {processor.py:208} INFO - Processing /home/airflow/.local/lib/python3.12/site-packages/airflow/example_dags/example_kubernetes_executor.py took 0.044 seconds
[2026-05-02T11:55:16.356+0000] {processor.py:186} INFO - Started process (PID=84184) to work on /home/airflow/.local/lib/python3.12/site-packages/airflow/example_dags/example_kubernetes_executor.py
[2026-05-02T11:55:16.356+0000] {processor.py:914} INFO - Processing file /home/airflow/.local/lib/python3.12/site-packages/airflow/example_dags/example_kubernetes_executor.py for tasks to queue
[2026-05-02T11:55:16.358+0000] {logging_mixin.py:190} INFO - [2026-05-02T11:55:16.357+0000] {dagbag.py:588} INFO - Filling up the DagBag from /home/airflow/.local/lib/python3.12/site-packages/airflow/example_dags/example_kubernetes_executor.py
[2026-05-02T11:55:16.368+0000] {processor.py:925} INFO - DAG(s) 'example_kubernetes_executor' retrieved from /home/airflow/.local/lib/python3.12/site-packages/airflow/example_dags/example_kubernetes_executor.py
[2026-05-02T11:55:16.379+0000] {logging_mixin.py:190} INFO - [2026-05-02T11:55:16.379+0000] {dag.py:3239} INFO - Sync 1 DAGs
[2026-05-02T11:55:16.386+0000] {logging_mixin.py:190} INFO - [2026-05-02T11:55:16.386+0000] {dag.py:4180} INFO - Setting next_dagrun for example_kubernetes_executor to None, run_after=None
[2026-05-02T11:55:16.397+0000] {processor.py:208} INFO - Processing /home/airflow/.local/lib/python3.12/site-packages/airflow/example_dags/example_kubernetes_executor.py took 0.046 seconds
[2026-05-02T11:55:46.952+0000] {processor.py:186} INFO - Started process (PID=84248) to work on /home/airflow/.local/lib/python3.12/site-packages/airflow/example_dags/example_kubernetes_executor.py
[2026-05-02T11:55:46.952+0000] {processor.py:914} INFO - Processing file /home/airflow/.local/lib/python3.12/site-packages/airflow/example_dags/example_kubernetes_executor.py for tasks to queue
[2026-05-02T11:55:46.954+0000] {logging_mixin.py:190} INFO - [2026-05-02T11:55:46.954+0000] {dagbag.py:588} INFO - Filling up the DagBag from /home/airflow/.local/lib/python3.12/site-packages/airflow/example_dags/example_kubernetes_executor.py
[2026-05-02T11:55:46.965+0000] {processor.py:925} INFO - DAG(s) 'example_kubernetes_executor' retrieved from /home/airflow/.local/lib/python3.12/site-packages/airflow/example_dags/example_kubernetes_executor.py
[2026-05-02T11:55:46.994+0000] {logging_mixin.py:190} INFO - [2026-05-02T11:55:46.993+0000] {dag.py:3239} INFO - Sync 1 DAGs
[2026-05-02T11:55:47.003+0000] {logging_mixin.py:190} INFO - [2026-05-02T11:55:47.003+0000] {dag.py:4180} INFO - Setting next_dagrun for example_kubernetes_executor to None, run_after=None
[2026-05-02T11:55:47.015+0000] {processor.py:208} INFO - Processing /home/airflow/.local/lib/python3.12/site-packages/airflow/example_dags/example_kubernetes_executor.py took 0.068 seconds
[2026-05-02T11:56:17.446+0000] {processor.py:186} INFO - Started process (PID=84312) to work on /home/airflow/.local/lib/python3.12/site-packages/airflow/example_dags/example_kubernetes_executor.py
[2026-05-02T11:56:17.447+0000] {processor.py:914} INFO - Processing file /home/airflow/.local/lib/python3.12/site-packages/airflow/example_dags/example_kubernetes_executor.py for tasks to queue
[2026-05-02T11:56:17.447+0000] {logging_mixin.py:190} INFO - [2026-05-02T11:56:17.447+0000] {dagbag.py:588} INFO - Filling up the DagBag from /home/airflow/.local/lib/python3.12/site-packages/airflow/example_dags/example_kubernetes_executor.py
[2026-05-02T11:56:17.456+0000] {processor.py:925} INFO - DAG(s) 'example_kubernetes_executor' retrieved from /home/airflow/.local/lib/python3.12/site-packages/airflow/example_dags/example_kubernetes_executor.py
[2026-05-02T11:56:17.466+0000] {logging_mixin.py:190} INFO - [2026-05-02T11:56:17.466+0000] {dag.py:3239} INFO - Sync 1 DAGs
[2026-05-02T11:56:17.473+0000] {logging_mixin.py:190} INFO - [2026-05-02T11:56:17.473+0000] {dag.py:4180} INFO - Setting next_dagrun for example_kubernetes_executor to None, run_after=None
[2026-05-02T11:56:17.483+0000] {processor.py:208} INFO - Processing /home/airflow/.local/lib/python3.12/site-packages/airflow/example_dags/example_kubernetes_executor.py took 0.039 seconds
[2026-05-02T11:56:47.948+0000] {processor.py:186} INFO - Started process (PID=84376) to work on /home/airflow/.local/lib/python3.12/site-packages/airflow/example_dags/example_kubernetes_executor.py
[2026-05-02T11:56:47.948+0000] {processor.py:914} INFO - Processing file /home/airflow/.local/lib/python3.12/site-packages/airflow/example_dags/example_kubernetes_executor.py for tasks to queue
[2026-05-02T11:56:47.950+0000] {logging_mixin.py:190} INFO - [2026-05-02T11:56:47.949+0000] {dagbag.py:588} INFO - Filling up the DagBag from /home/airflow/.local/lib/python3.12/site-packages/airflow/example_dags/example_kubernetes_executor.py
[2026-05-02T11:56:47.956+0000] {processor.py:925} INFO - DAG(s) 'example_kubernetes_executor' retrieved from /home/airflow/.local/lib/python3.12/site-packages/airflow/example_dags/example_kubernetes_executor.py
[2026-05-02T11:56:47.972+0000] {logging_mixin.py:190} INFO - [2026-05-02T11:56:47.972+0000] {dag.py:3239} INFO - Sync 1 DAGs
[2026-05-02T11:56:47.978+0000] {logging_mixin.py:190} INFO - [2026-05-02T11:56:47.978+0000] {dag.py:4180} INFO - Setting next_dagrun for example_kubernetes_executor to None, run_after=None
[2026-05-02T11:56:47.991+0000] {processor.py:208} INFO - Processing /home/airflow/.local/lib/python3.12/site-packages/airflow/example_dags/example_kubernetes_executor.py took 0.046 seconds
[2026-05-02T11:57:18.434+0000] {processor.py:186} INFO - Started process (PID=84441) to work on /home/airflow/.local/lib/python3.12/site-packages/airflow/example_dags/example_kubernetes_executor.py
[2026-05-02T11:57:18.435+0000] {processor.py:914} INFO - Processing file /home/airflow/.local/lib/python3.12/site-packages/airflow/example_dags/example_kubernetes_executor.py for tasks to queue
[2026-05-02T11:57:18.436+0000] {logging_mixin.py:190} INFO - [2026-05-02T11:57:18.436+0000] {dagbag.py:588} INFO - Filling up the DagBag from /home/airflow/.local/lib/python3.12/site-packages/airflow/example_dags/example_kubernetes_executor.py
[2026-05-02T11:57:18.446+0000] {processor.py:925} INFO - DAG(s) 'example_kubernetes_executor' retrieved from /home/airflow/.local/lib/python3.12/site-packages/airflow/example_dags/example_kubernetes_executor.py
[2026-05-02T11:57:18.467+0000] {logging_mixin.py:190} INFO - [2026-05-02T11:57:18.467+0000] {dag.py:3239} INFO - Sync 1 DAGs
[2026-05-02T11:57:18.474+0000] {logging_mixin.py:190} INFO - [2026-05-02T11:57:18.474+0000] {dag.py:4180} INFO - Setting next_dagrun for example_kubernetes_executor to None, run_after=None
[2026-05-02T11:57:18.484+0000] {processor.py:208} INFO - Processing /home/airflow/.local/lib/python3.12/site-packages/airflow/example_dags/example_kubernetes_executor.py took 0.054 seconds
[2026-05-02T11:57:48.824+0000] {processor.py:186} INFO - Started process (PID=84505) to work on /home/airflow/.local/lib/python3.12/site-packages/airflow/example_dags/example_kubernetes_executor.py
[2026-05-02T11:57:48.825+0000] {processor.py:914} INFO - Processing file /home/airflow/.local/lib/python3.12/site-packages/airflow/example_dags/example_kubernetes_executor.py for tasks to queue
[2026-05-02T11:57:48.827+0000] {logging_mixin.py:190} INFO - [2026-05-02T11:57:48.827+0000] {dagbag.py:588} INFO - Filling up the DagBag from /home/airflow/.local/lib/python3.12/site-packages/airflow/example_dags/example_kubernetes_executor.py
[2026-05-02T11:57:48.838+0000] {processor.py:925} INFO - DAG(s) 'example_kubernetes_executor' retrieved from /home/airflow/.local/lib/python3.12/site-packages/airflow/example_dags/example_kubernetes_executor.py
[2026-05-02T11:57:48.851+0000] {logging_mixin.py:190} INFO - [2026-05-02T11:57:48.851+0000] {dag.py:3239} INFO - Sync 1 DAGs
[2026-05-02T11:57:48.856+0000] {logging_mixin.py:190} INFO - [2026-05-02T11:57:48.856+0000] {dag.py:4180} INFO - Setting next_dagrun for example_kubernetes_executor to None, run_after=None
[2026-05-02T11:57:48.867+0000] {processor.py:208} INFO - Processing /home/airflow/.local/lib/python3.12/site-packages/airflow/example_dags/example_kubernetes_executor.py took 0.048 seconds
[2026-05-02T11:58:19.320+0000] {processor.py:186} INFO - Started process (PID=84569) to work on /home/airflow/.local/lib/python3.12/site-packages/airflow/example_dags/example_kubernetes_executor.py
[2026-05-02T11:58:19.320+0000] {processor.py:914} INFO - Processing file /home/airflow/.local/lib/python3.12/site-packages/airflow/example_dags/example_kubernetes_executor.py for tasks to queue
[2026-05-02T11:58:19.322+0000] {logging_mixin.py:190} INFO - [2026-05-02T11:58:19.322+0000] {dagbag.py:588} INFO - Filling up the DagBag from /home/airflow/.local/lib/python3.12/site-packages/airflow/example_dags/example_kubernetes_executor.py
[2026-05-02T11:58:19.332+0000] {processor.py:925} INFO - DAG(s) 'example_kubernetes_executor' retrieved from /home/airflow/.local/lib/python3.12/site-packages/airflow/example_dags/example_kubernetes_executor.py
[2026-05-02T11:58:19.344+0000] {logging_mixin.py:190} INFO - [2026-05-02T11:58:19.344+0000] {dag.py:3239} INFO - Sync 1 DAGs
[2026-05-02T11:58:19.352+0000] {logging_mixin.py:190} INFO - [2026-05-02T11:58:19.351+0000] {dag.py:4180} INFO - Setting next_dagrun for example_kubernetes_executor to None, run_after=None
[2026-05-02T11:58:19.365+0000] {processor.py:208} INFO - Processing /home/airflow/.local/lib/python3.12/site-packages/airflow/example_dags/example_kubernetes_executor.py took 0.049 seconds
[2026-05-02T11:58:49.710+0000] {processor.py:186} INFO - Started process (PID=84633) to work on /home/airflow/.local/lib/python3.12/site-packages/airflow/example_dags/example_kubernetes_executor.py
[2026-05-02T11:58:49.710+0000] {processor.py:914} INFO - Processing file /home/airflow/.local/lib/python3.12/site-packages/airflow/example_dags/example_kubernetes_executor.py for tasks to queue
[2026-05-02T11:58:49.712+0000] {logging_mixin.py:190} INFO - [2026-05-02T11:58:49.712+0000] {dagbag.py:588} INFO - Filling up the DagBag from /home/airflow/.local/lib/python3.12/site-packages/airflow/example_dags/example_kubernetes_executor.py
[2026-05-02T11:58:49.722+0000] {processor.py:925} INFO - DAG(s) 'example_kubernetes_executor' retrieved from /home/airflow/.local/lib/python3.12/site-packages/airflow/example_dags/example_kubernetes_executor.py
[2026-05-02T11:58:49.734+0000] {logging_mixin.py:190} INFO - [2026-05-02T11:58:49.734+0000] {dag.py:3239} INFO - Sync 1 DAGs
[2026-05-02T11:58:49.742+0000] {logging_mixin.py:190} INFO - [2026-05-02T11:58:49.742+0000] {dag.py:4180} INFO - Setting next_dagrun for example_kubernetes_executor to None, run_after=None
[2026-05-02T11:58:49.753+0000] {processor.py:208} INFO - Processing /home/airflow/.local/lib/python3.12/site-packages/airflow/example_dags/example_kubernetes_executor.py took 0.046 seconds
[2026-05-02T11:59:20.270+0000] {processor.py:186} INFO - Started process (PID=84697) to work on /home/airflow/.local/lib/python3.12/site-packages/airflow/example_dags/example_kubernetes_executor.py
[2026-05-02T11:59:20.271+0000] {processor.py:914} INFO - Processing file /home/airflow/.local/lib/python3.12/site-packages/airflow/example_dags/example_kubernetes_executor.py for tasks to queue
[2026-05-02T11:59:20.272+0000] {logging_mixin.py:190} INFO - [2026-05-02T11:59:20.272+0000] {dagbag.py:588} INFO - Filling up the DagBag from /home/airflow/.local/lib/python3.12/site-packages/airflow/example_dags/example_kubernetes_executor.py
[2026-05-02T11:59:20.280+0000] {processor.py:925} INFO - DAG(s) 'example_kubernetes_executor' retrieved from /home/airflow/.local/lib/python3.12/site-packages/airflow/example_dags/example_kubernetes_executor.py
[2026-05-02T11:59:20.293+0000] {logging_mixin.py:190} INFO - [2026-05-02T11:59:20.293+0000] {dag.py:3239} INFO - Sync 1 DAGs
[2026-05-02T11:59:20.300+0000] {logging_mixin.py:190} INFO - [2026-05-02T11:59:20.299+0000] {dag.py:4180} INFO - Setting next_dagrun for example_kubernetes_executor to None, run_after=None
[2026-05-02T11:59:20.311+0000] {processor.py:208} INFO - Processing /home/airflow/.local/lib/python3.12/site-packages/airflow/example_dags/example_kubernetes_executor.py took 0.044 seconds
[2026-05-02T11:59:50.619+0000] {processor.py:186} INFO - Started process (PID=84761) to work on /home/airflow/.local/lib/python3.12/site-packages/airflow/example_dags/example_kubernetes_executor.py
[2026-05-02T11:59:50.620+0000] {processor.py:914} INFO - Processing file /home/airflow/.local/lib/python3.12/site-packages/airflow/example_dags/example_kubernetes_executor.py for tasks to queue
[2026-05-02T11:59:50.622+0000] {logging_mixin.py:190} INFO - [2026-05-02T11:59:50.622+0000] {dagbag.py:588} INFO - Filling up the DagBag from /home/airflow/.local/lib/python3.12/site-packages/airflow/example_dags/example_kubernetes_executor.py
[2026-05-02T11:59:50.628+0000] {processor.py:925} INFO - DAG(s) 'example_kubernetes_executor' retrieved from /home/airflow/.local/lib/python3.12/site-packages/airflow/example_dags/example_kubernetes_executor.py
[2026-05-02T11:59:50.646+0000] {logging_mixin.py:190} INFO - [2026-05-02T11:59:50.645+0000] {dag.py:3239} INFO - Sync 1 DAGs
[2026-05-02T11:59:50.652+0000] {logging_mixin.py:190} INFO - [2026-05-02T11:59:50.652+0000] {dag.py:4180} INFO - Setting next_dagrun for example_kubernetes_executor to None, run_after=None
[2026-05-02T11:59:50.662+0000] {processor.py:208} INFO - Processing /home/airflow/.local/lib/python3.12/site-packages/airflow/example_dags/example_kubernetes_executor.py took 0.046 seconds
[2026-05-02T12:00:21.138+0000] {processor.py:186} INFO - Started process (PID=84825) to work on /home/airflow/.local/lib/python3.12/site-packages/airflow/example_dags/example_kubernetes_executor.py
[2026-05-02T12:00:21.140+0000] {processor.py:914} INFO - Processing file /home/airflow/.local/lib/python3.12/site-packages/airflow/example_dags/example_kubernetes_executor.py for tasks to queue
[2026-05-02T12:00:21.141+0000] {logging_mixin.py:190} INFO - [2026-05-02T12:00:21.141+0000] {dagbag.py:588} INFO - Filling up the DagBag from /home/airflow/.local/lib/python3.12/site-packages/airflow/example_dags/example_kubernetes_executor.py
[2026-05-02T12:00:21.149+0000] {processor.py:925} INFO - DAG(s) 'example_kubernetes_executor' retrieved from /home/airflow/.local/lib/python3.12/site-packages/airflow/example_dags/example_kubernetes_executor.py
[2026-05-02T12:00:21.164+0000] {logging_mixin.py:190} INFO - [2026-05-02T12:00:21.164+0000] {dag.py:3239} INFO - Sync 1 DAGs
[2026-05-02T12:00:21.170+0000] {logging_mixin.py:190} INFO - [2026-05-02T12:00:21.170+0000] {dag.py:4180} INFO - Setting next_dagrun for example_kubernetes_executor to None, run_after=None
[2026-05-02T12:00:21.179+0000] {processor.py:208} INFO - Processing /home/airflow/.local/lib/python3.12/site-packages/airflow/example_dags/example_kubernetes_executor.py took 0.044 seconds
[2026-05-02T12:00:51.830+0000] {processor.py:186} INFO - Started process (PID=84889) to work on /home/airflow/.local/lib/python3.12/site-packages/airflow/example_dags/example_kubernetes_executor.py
[2026-05-02T12:00:51.830+0000] {processor.py:914} INFO - Processing file /home/airflow/.local/lib/python3.12/site-packages/airflow/example_dags/example_kubernetes_executor.py for tasks to queue
[2026-05-02T12:00:51.831+0000] {logging_mixin.py:190} INFO - [2026-05-02T12:00:51.831+0000] {dagbag.py:588} INFO - Filling up the DagBag from /home/airflow/.local/lib/python3.12/site-packages/airflow/example_dags/example_kubernetes_executor.py
[2026-05-02T12:00:51.841+0000] {processor.py:925} INFO - DAG(s) 'example_kubernetes_executor' retrieved from /home/airflow/.local/lib/python3.12/site-packages/airflow/example_dags/example_kubernetes_executor.py
[2026-05-02T12:00:51.854+0000] {logging_mixin.py:190} INFO - [2026-05-02T12:00:51.854+0000] {dag.py:3239} INFO - Sync 1 DAGs
[2026-05-02T12:00:51.862+0000] {logging_mixin.py:190} INFO - [2026-05-02T12:00:51.862+0000] {dag.py:4180} INFO - Setting next_dagrun for example_kubernetes_executor to None, run_after=None
[2026-05-02T12:00:51.878+0000] {processor.py:208} INFO - Processing /home/airflow/.local/lib/python3.12/site-packages/airflow/example_dags/example_kubernetes_executor.py took 0.051 seconds
[2026-05-02T12:01:22.269+0000] {processor.py:186} INFO - Started process (PID=84953) to work on /home/airflow/.local/lib/python3.12/site-packages/airflow/example_dags/example_kubernetes_executor.py
[2026-05-02T12:01:22.269+0000] {processor.py:914} INFO - Processing file /home/airflow/.local/lib/python3.12/site-packages/airflow/example_dags/example_kubernetes_executor.py for tasks to queue
[2026-05-02T12:01:22.270+0000] {logging_mixin.py:190} INFO - [2026-05-02T12:01:22.270+0000] {dagbag.py:588} INFO - Filling up the DagBag from /home/airflow/.local/lib/python3.12/site-packages/airflow/example_dags/example_kubernetes_executor.py
[2026-05-02T12:01:22.278+0000] {processor.py:925} INFO - DAG(s) 'example_kubernetes_executor' retrieved from /home/airflow/.local/lib/python3.12/site-packages/airflow/example_dags/example_kubernetes_executor.py
[2026-05-02T12:01:22.292+0000] {logging_mixin.py:190} INFO - [2026-05-02T12:01:22.292+0000] {dag.py:3239} INFO - Sync 1 DAGs
[2026-05-02T12:01:22.297+0000] {logging_mixin.py:190} INFO - [2026-05-02T12:01:22.297+0000] {dag.py:4180} INFO - Setting next_dagrun for example_kubernetes_executor to None, run_after=None
[2026-05-02T12:01:22.305+0000] {processor.py:208} INFO - Processing /home/airflow/.local/lib/python3.12/site-packages/airflow/example_dags/example_kubernetes_executor.py took 0.039 seconds
[2026-05-02T12:01:52.799+0000] {processor.py:186} INFO - Started process (PID=85017) to work on /home/airflow/.local/lib/python3.12/site-packages/airflow/example_dags/example_kubernetes_executor.py
[2026-05-02T12:01:52.800+0000] {processor.py:914} INFO - Processing file /home/airflow/.local/lib/python3.12/site-packages/airflow/example_dags/example_kubernetes_executor.py for tasks to queue
[2026-05-02T12:01:52.802+0000] {logging_mixin.py:190} INFO - [2026-05-02T12:01:52.802+0000] {dagbag.py:588} INFO - Filling up the DagBag from /home/airflow/.local/lib/python3.12/site-packages/airflow/example_dags/example_kubernetes_executor.py
[2026-05-02T12:01:52.811+0000] {processor.py:925} INFO - DAG(s) 'example_kubernetes_executor' retrieved from /home/airflow/.local/lib/python3.12/site-packages/airflow/example_dags/example_kubernetes_executor.py
[2026-05-02T12:01:52.825+0000] {logging_mixin.py:190} INFO - [2026-05-02T12:01:52.824+0000] {dag.py:3239} INFO - Sync 1 DAGs
[2026-05-02T12:01:52.831+0000] {logging_mixin.py:190} INFO - [2026-05-02T12:01:52.831+0000] {dag.py:4180} INFO - Setting next_dagrun for example_kubernetes_executor to None, run_after=None
[2026-05-02T12:01:52.841+0000] {processor.py:208} INFO - Processing /home/airflow/.local/lib/python3.12/site-packages/airflow/example_dags/example_kubernetes_executor.py took 0.045 seconds
[2026-05-02T12:02:23.328+0000] {processor.py:186} INFO - Started process (PID=85082) to work on /home/airflow/.local/lib/python3.12/site-packages/airflow/example_dags/example_kubernetes_executor.py
[2026-05-02T12:02:23.329+0000] {processor.py:914} INFO - Processing file /home/airflow/.local/lib/python3.12/site-packages/airflow/example_dags/example_kubernetes_executor.py for tasks to queue
[2026-05-02T12:02:23.330+0000] {logging_mixin.py:190} INFO - [2026-05-02T12:02:23.330+0000] {dagbag.py:588} INFO - Filling up the DagBag from /home/airflow/.local/lib/python3.12/site-packages/airflow/example_dags/example_kubernetes_executor.py
[2026-05-02T12:02:23.338+0000] {processor.py:925} INFO - DAG(s) 'example_kubernetes_executor' retrieved from /home/airflow/.local/lib/python3.12/site-packages/airflow/example_dags/example_kubernetes_executor.py
[2026-05-02T12:02:23.355+0000] {logging_mixin.py:190} INFO - [2026-05-02T12:02:23.355+0000] {dag.py:3239} INFO - Sync 1 DAGs
[2026-05-02T12:02:23.363+0000] {logging_mixin.py:190} INFO - [2026-05-02T12:02:23.363+0000] {dag.py:4180} INFO - Setting next_dagrun for example_kubernetes_executor to None, run_after=None
[2026-05-02T12:02:23.372+0000] {processor.py:208} INFO - Processing /home/airflow/.local/lib/python3.12/site-packages/airflow/example_dags/example_kubernetes_executor.py took 0.047 seconds
[2026-05-02T12:02:53.789+0000] {processor.py:186} INFO - Started process (PID=85146) to work on /home/airflow/.local/lib/python3.12/site-packages/airflow/example_dags/example_kubernetes_executor.py
[2026-05-02T12:02:53.789+0000] {processor.py:914} INFO - Processing file /home/airflow/.local/lib/python3.12/site-packages/airflow/example_dags/example_kubernetes_executor.py for tasks to queue
[2026-05-02T12:02:53.791+0000] {logging_mixin.py:190} INFO - [2026-05-02T12:02:53.790+0000] {dagbag.py:588} INFO - Filling up the DagBag from /home/airflow/.local/lib/python3.12/site-packages/airflow/example_dags/example_kubernetes_executor.py
[2026-05-02T12:02:53.799+0000] {processor.py:925} INFO - DAG(s) 'example_kubernetes_executor' retrieved from /home/airflow/.local/lib/python3.12/site-packages/airflow/example_dags/example_kubernetes_executor.py
[2026-05-02T12:02:53.811+0000] {logging_mixin.py:190} INFO - [2026-05-02T12:02:53.811+0000] {dag.py:3239} INFO - Sync 1 DAGs
[2026-05-02T12:02:53.819+0000] {logging_mixin.py:190} INFO - [2026-05-02T12:02:53.819+0000] {dag.py:4180} INFO - Setting next_dagrun for example_kubernetes_executor to None, run_after=None
[2026-05-02T12:02:53.827+0000] {processor.py:208} INFO - Processing /home/airflow/.local/lib/python3.12/site-packages/airflow/example_dags/example_kubernetes_executor.py took 0.043 seconds
[2026-05-02T12:03:24.346+0000] {processor.py:186} INFO - Started process (PID=85210) to work on /home/airflow/.local/lib/python3.12/site-packages/airflow/example_dags/example_kubernetes_executor.py
[2026-05-02T12:03:24.347+0000] {processor.py:914} INFO - Processing file /home/airflow/.local/lib/python3.12/site-packages/airflow/example_dags/example_kubernetes_executor.py for tasks to queue
[2026-05-02T12:03:24.348+0000] {logging_mixin.py:190} INFO - [2026-05-02T12:03:24.348+0000] {dagbag.py:588} INFO - Filling up the DagBag from /home/airflow/.local/lib/python3.12/site-packages/airflow/example_dags/example_kubernetes_executor.py
[2026-05-02T12:03:24.358+0000] {processor.py:925} INFO - DAG(s) 'example_kubernetes_executor' retrieved from /home/airflow/.local/lib/python3.12/site-packages/airflow/example_dags/example_kubernetes_executor.py
[2026-05-02T12:03:24.370+0000] {logging_mixin.py:190} INFO - [2026-05-02T12:03:24.370+0000] {dag.py:3239} INFO - Sync 1 DAGs
[2026-05-02T12:03:24.375+0000] {logging_mixin.py:190} INFO - [2026-05-02T12:03:24.375+0000] {dag.py:4180} INFO - Setting next_dagrun for example_kubernetes_executor to None, run_after=None
[2026-05-02T12:03:24.382+0000] {processor.py:208} INFO - Processing /home/airflow/.local/lib/python3.12/site-packages/airflow/example_dags/example_kubernetes_executor.py took 0.039 seconds
[2026-05-02T12:03:54.879+0000] {processor.py:186} INFO - Started process (PID=85274) to work on /home/airflow/.local/lib/python3.12/site-packages/airflow/example_dags/example_kubernetes_executor.py
[2026-05-02T12:03:54.880+0000] {processor.py:914} INFO - Processing file /home/airflow/.local/lib/python3.12/site-packages/airflow/example_dags/example_kubernetes_executor.py for tasks to queue
[2026-05-02T12:03:54.882+0000] {logging_mixin.py:190} INFO - [2026-05-02T12:03:54.881+0000] {dagbag.py:588} INFO - Filling up the DagBag from /home/airflow/.local/lib/python3.12/site-packages/airflow/example_dags/example_kubernetes_executor.py
[2026-05-02T12:03:54.894+0000] {processor.py:925} INFO - DAG(s) 'example_kubernetes_executor' retrieved from /home/airflow/.local/lib/python3.12/site-packages/airflow/example_dags/example_kubernetes_executor.py
[2026-05-02T12:03:54.912+0000] {logging_mixin.py:190} INFO - [2026-05-02T12:03:54.912+0000] {dag.py:3239} INFO - Sync 1 DAGs
[2026-05-02T12:03:54.921+0000] {logging_mixin.py:190} INFO - [2026-05-02T12:03:54.921+0000] {dag.py:4180} INFO - Setting next_dagrun for example_kubernetes_executor to None, run_after=None
[2026-05-02T12:03:54.940+0000] {processor.py:208} INFO - Processing /home/airflow/.local/lib/python3.12/site-packages/airflow/example_dags/example_kubernetes_executor.py took 0.064 seconds
[2026-05-02T12:04:25.678+0000] {processor.py:186} INFO - Started process (PID=85338) to work on /home/airflow/.local/lib/python3.12/site-packages/airflow/example_dags/example_kubernetes_executor.py
[2026-05-02T12:04:25.679+0000] {processor.py:914} INFO - Processing file /home/airflow/.local/lib/python3.12/site-packages/airflow/example_dags/example_kubernetes_executor.py for tasks to queue
[2026-05-02T12:04:25.680+0000] {logging_mixin.py:190} INFO - [2026-05-02T12:04:25.680+0000] {dagbag.py:588} INFO - Filling up the DagBag from /home/airflow/.local/lib/python3.12/site-packages/airflow/example_dags/example_kubernetes_executor.py
[2026-05-02T12:04:25.688+0000] {processor.py:925} INFO - DAG(s) 'example_kubernetes_executor' retrieved from /home/airflow/.local/lib/python3.12/site-packages/airflow/example_dags/example_kubernetes_executor.py
[2026-05-02T12:04:25.699+0000] {logging_mixin.py:190} INFO - [2026-05-02T12:04:25.699+0000] {dag.py:3239} INFO - Sync 1 DAGs
[2026-05-02T12:04:25.707+0000] {logging_mixin.py:190} INFO - [2026-05-02T12:04:25.707+0000] {dag.py:4180} INFO - Setting next_dagrun for example_kubernetes_executor to None, run_after=None
[2026-05-02T12:04:25.715+0000] {processor.py:208} INFO - Processing /home/airflow/.local/lib/python3.12/site-packages/airflow/example_dags/example_kubernetes_executor.py took 0.045 seconds
[2026-05-02T12:04:56.223+0000] {processor.py:186} INFO - Started process (PID=85402) to work on /home/airflow/.local/lib/python3.12/site-packages/airflow/example_dags/example_kubernetes_executor.py
[2026-05-02T12:04:56.224+0000] {processor.py:914} INFO - Processing file /home/airflow/.local/lib/python3.12/site-packages/airflow/example_dags/example_kubernetes_executor.py for tasks to queue
[2026-05-02T12:04:56.225+0000] {logging_mixin.py:190} INFO - [2026-05-02T12:04:56.225+0000] {dagbag.py:588} INFO - Filling up the DagBag from /home/airflow/.local/lib/python3.12/site-packages/airflow/example_dags/example_kubernetes_executor.py
[2026-05-02T12:04:56.231+0000] {processor.py:925} INFO - DAG(s) 'example_kubernetes_executor' retrieved from /home/airflow/.local/lib/python3.12/site-packages/airflow/example_dags/example_kubernetes_executor.py
[2026-05-02T12:04:56.241+0000] {logging_mixin.py:190} INFO - [2026-05-02T12:04:56.241+0000] {dag.py:3239} INFO - Sync 1 DAGs
[2026-05-02T12:04:56.249+0000] {logging_mixin.py:190} INFO - [2026-05-02T12:04:56.248+0000] {dag.py:4180} INFO - Setting next_dagrun for example_kubernetes_executor to None, run_after=None
[2026-05-02T12:04:56.258+0000] {processor.py:208} INFO - Processing /home/airflow/.local/lib/python3.12/site-packages/airflow/example_dags/example_kubernetes_executor.py took 0.038 seconds
[2026-05-02T12:05:26.657+0000] {processor.py:186} INFO - Started process (PID=85466) to work on /home/airflow/.local/lib/python3.12/site-packages/airflow/example_dags/example_kubernetes_executor.py
[2026-05-02T12:05:26.657+0000] {processor.py:914} INFO - Processing file /home/airflow/.local/lib/python3.12/site-packages/airflow/example_dags/example_kubernetes_executor.py for tasks to queue
[2026-05-02T12:05:26.659+0000] {logging_mixin.py:190} INFO - [2026-05-02T12:05:26.659+0000] {dagbag.py:588} INFO - Filling up the DagBag from /home/airflow/.local/lib/python3.12/site-packages/airflow/example_dags/example_kubernetes_executor.py
[2026-05-02T12:05:26.670+0000] {processor.py:925} INFO - DAG(s) 'example_kubernetes_executor' retrieved from /home/airflow/.local/lib/python3.12/site-packages/airflow/example_dags/example_kubernetes_executor.py
[2026-05-02T12:05:26.684+0000] {logging_mixin.py:190} INFO - [2026-05-02T12:05:26.683+0000] {dag.py:3239} INFO - Sync 1 DAGs
[2026-05-02T12:05:26.689+0000] {logging_mixin.py:190} INFO - [2026-05-02T12:05:26.689+0000] {dag.py:4180} INFO - Setting next_dagrun for example_kubernetes_executor to None, run_after=None
[2026-05-02T12:05:26.701+0000] {processor.py:208} INFO - Processing /home/airflow/.local/lib/python3.12/site-packages/airflow/example_dags/example_kubernetes_executor.py took 0.047 seconds
[2026-05-02T12:05:57.241+0000] {processor.py:186} INFO - Started process (PID=85530) to work on /home/airflow/.local/lib/python3.12/site-packages/airflow/example_dags/example_kubernetes_executor.py
[2026-05-02T12:05:57.242+0000] {processor.py:914} INFO - Processing file /home/airflow/.local/lib/python3.12/site-packages/airflow/example_dags/example_kubernetes_executor.py for tasks to queue
[2026-05-02T12:05:57.243+0000] {logging_mixin.py:190} INFO - [2026-05-02T12:05:57.243+0000] {dagbag.py:588} INFO - Filling up the DagBag from /home/airflow/.local/lib/python3.12/site-packages/airflow/example_dags/example_kubernetes_executor.py
[2026-05-02T12:05:57.251+0000] {processor.py:925} INFO - DAG(s) 'example_kubernetes_executor' retrieved from /home/airflow/.local/lib/python3.12/site-packages/airflow/example_dags/example_kubernetes_executor.py
[2026-05-02T12:05:57.265+0000] {logging_mixin.py:190} INFO - [2026-05-02T12:05:57.265+0000] {dag.py:3239} INFO - Sync 1 DAGs
[2026-05-02T12:05:57.271+0000] {logging_mixin.py:190} INFO - [2026-05-02T12:05:57.271+0000] {dag.py:4180} INFO - Setting next_dagrun for example_kubernetes_executor to None, run_after=None
[2026-05-02T12:05:57.280+0000] {processor.py:208} INFO - Processing /home/airflow/.local/lib/python3.12/site-packages/airflow/example_dags/example_kubernetes_executor.py took 0.042 seconds
[2026-05-02T12:06:28.000+0000] {processor.py:186} INFO - Started process (PID=85594) to work on /home/airflow/.local/lib/python3.12/site-packages/airflow/example_dags/example_kubernetes_executor.py
[2026-05-02T12:06:28.000+0000] {processor.py:914} INFO - Processing file /home/airflow/.local/lib/python3.12/site-packages/airflow/example_dags/example_kubernetes_executor.py for tasks to queue
[2026-05-02T12:06:28.002+0000] {logging_mixin.py:190} INFO - [2026-05-02T12:06:28.002+0000] {dagbag.py:588} INFO - Filling up the DagBag from /home/airflow/.local/lib/python3.12/site-packages/airflow/example_dags/example_kubernetes_executor.py
[2026-05-02T12:06:28.010+0000] {processor.py:925} INFO - DAG(s) 'example_kubernetes_executor' retrieved from /home/airflow/.local/lib/python3.12/site-packages/airflow/example_dags/example_kubernetes_executor.py
[2026-05-02T12:06:28.030+0000] {logging_mixin.py:190} INFO - [2026-05-02T12:06:28.029+0000] {dag.py:3239} INFO - Sync 1 DAGs
[2026-05-02T12:06:28.035+0000] {logging_mixin.py:190} INFO - [2026-05-02T12:06:28.035+0000] {dag.py:4180} INFO - Setting next_dagrun for example_kubernetes_executor to None, run_after=None
[2026-05-02T12:06:28.043+0000] {processor.py:208} INFO - Processing /home/airflow/.local/lib/python3.12/site-packages/airflow/example_dags/example_kubernetes_executor.py took 0.048 seconds
[2026-05-02T12:06:58.444+0000] {processor.py:186} INFO - Started process (PID=85658) to work on /home/airflow/.local/lib/python3.12/site-packages/airflow/example_dags/example_kubernetes_executor.py
[2026-05-02T12:06:58.444+0000] {processor.py:914} INFO - Processing file /home/airflow/.local/lib/python3.12/site-packages/airflow/example_dags/example_kubernetes_executor.py for tasks to queue
[2026-05-02T12:06:58.445+0000] {logging_mixin.py:190} INFO - [2026-05-02T12:06:58.445+0000] {dagbag.py:588} INFO - Filling up the DagBag from /home/airflow/.local/lib/python3.12/site-packages/airflow/example_dags/example_kubernetes_executor.py
[2026-05-02T12:06:58.453+0000] {processor.py:925} INFO - DAG(s) 'example_kubernetes_executor' retrieved from /home/airflow/.local/lib/python3.12/site-packages/airflow/example_dags/example_kubernetes_executor.py
[2026-05-02T12:06:58.464+0000] {logging_mixin.py:190} INFO - [2026-05-02T12:06:58.464+0000] {dag.py:3239} INFO - Sync 1 DAGs
[2026-05-02T12:06:58.469+0000] {logging_mixin.py:190} INFO - [2026-05-02T12:06:58.469+0000] {dag.py:4180} INFO - Setting next_dagrun for example_kubernetes_executor to None, run_after=None
[2026-05-02T12:06:58.477+0000] {processor.py:208} INFO - Processing /home/airflow/.local/lib/python3.12/site-packages/airflow/example_dags/example_kubernetes_executor.py took 0.036 seconds
[2026-05-02T12:07:29.121+0000] {processor.py:186} INFO - Started process (PID=85722) to work on /home/airflow/.local/lib/python3.12/site-packages/airflow/example_dags/example_kubernetes_executor.py
[2026-05-02T12:07:29.121+0000] {processor.py:914} INFO - Processing file /home/airflow/.local/lib/python3.12/site-packages/airflow/example_dags/example_kubernetes_executor.py for tasks to queue
[2026-05-02T12:07:29.122+0000] {logging_mixin.py:190} INFO - [2026-05-02T12:07:29.122+0000] {dagbag.py:588} INFO - Filling up the DagBag from /home/airflow/.local/lib/python3.12/site-packages/airflow/example_dags/example_kubernetes_executor.py
[2026-05-02T12:07:29.131+0000] {processor.py:925} INFO - DAG(s) 'example_kubernetes_executor' retrieved from /home/airflow/.local/lib/python3.12/site-packages/airflow/example_dags/example_kubernetes_executor.py
[2026-05-02T12:07:29.143+0000] {logging_mixin.py:190} INFO - [2026-05-02T12:07:29.143+0000] {dag.py:3239} INFO - Sync 1 DAGs
[2026-05-02T12:07:29.227+0000] {logging_mixin.py:190} INFO - [2026-05-02T12:07:29.226+0000] {dag.py:4180} INFO - Setting next_dagrun for example_kubernetes_executor to None, run_after=None
[2026-05-02T12:07:29.235+0000] {processor.py:208} INFO - Processing /home/airflow/.local/lib/python3.12/site-packages/airflow/example_dags/example_kubernetes_executor.py took 0.117 seconds
[2026-05-02T12:08:00.151+0000] {processor.py:186} INFO - Started process (PID=85786) to work on /home/airflow/.local/lib/python3.12/site-packages/airflow/example_dags/example_kubernetes_executor.py
[2026-05-02T12:08:00.152+0000] {processor.py:914} INFO - Processing file /home/airflow/.local/lib/python3.12/site-packages/airflow/example_dags/example_kubernetes_executor.py for tasks to queue
[2026-05-02T12:08:00.154+0000] {logging_mixin.py:190} INFO - [2026-05-02T12:08:00.153+0000] {dagbag.py:588} INFO - Filling up the DagBag from /home/airflow/.local/lib/python3.12/site-packages/airflow/example_dags/example_kubernetes_executor.py
[2026-05-02T12:08:00.166+0000] {processor.py:925} INFO - DAG(s) 'example_kubernetes_executor' retrieved from /home/airflow/.local/lib/python3.12/site-packages/airflow/example_dags/example_kubernetes_executor.py
[2026-05-02T12:08:00.184+0000] {logging_mixin.py:190} INFO - [2026-05-02T12:08:00.184+0000] {dag.py:3239} INFO - Sync 1 DAGs
[2026-05-02T12:08:00.191+0000] {logging_mixin.py:190} INFO - [2026-05-02T12:08:00.191+0000] {dag.py:4180} INFO - Setting next_dagrun for example_kubernetes_executor to None, run_after=None
[2026-05-02T12:08:00.206+0000] {processor.py:208} INFO - Processing /home/airflow/.local/lib/python3.12/site-packages/airflow/example_dags/example_kubernetes_executor.py took 0.061 seconds
[2026-05-02T12:08:30.613+0000] {processor.py:186} INFO - Started process (PID=85850) to work on /home/airflow/.local/lib/python3.12/site-packages/airflow/example_dags/example_kubernetes_executor.py
[2026-05-02T12:08:30.615+0000] {processor.py:914} INFO - Processing file /home/airflow/.local/lib/python3.12/site-packages/airflow/example_dags/example_kubernetes_executor.py for tasks to queue
[2026-05-02T12:08:30.617+0000] {logging_mixin.py:190} INFO - [2026-05-02T12:08:30.616+0000] {dagbag.py:588} INFO - Filling up the DagBag from /home/airflow/.local/lib/python3.12/site-packages/airflow/example_dags/example_kubernetes_executor.py
[2026-05-02T12:08:30.627+0000] {processor.py:925} INFO - DAG(s) 'example_kubernetes_executor' retrieved from /home/airflow/.local/lib/python3.12/site-packages/airflow/example_dags/example_kubernetes_executor.py
[2026-05-02T12:08:30.642+0000] {logging_mixin.py:190} INFO - [2026-05-02T12:08:30.642+0000] {dag.py:3239} INFO - Sync 1 DAGs
[2026-05-02T12:08:30.647+0000] {logging_mixin.py:190} INFO - [2026-05-02T12:08:30.647+0000] {dag.py:4180} INFO - Setting next_dagrun for example_kubernetes_executor to None, run_after=None
[2026-05-02T12:08:30.657+0000] {processor.py:208} INFO - Processing /home/airflow/.local/lib/python3.12/site-packages/airflow/example_dags/example_kubernetes_executor.py took 0.049 seconds
[2026-05-02T12:09:01.163+0000] {processor.py:186} INFO - Started process (PID=85914) to work on /home/airflow/.local/lib/python3.12/site-packages/airflow/example_dags/example_kubernetes_executor.py
[2026-05-02T12:09:01.164+0000] {processor.py:914} INFO - Processing file /home/airflow/.local/lib/python3.12/site-packages/airflow/example_dags/example_kubernetes_executor.py for tasks to queue
[2026-05-02T12:09:01.166+0000] {logging_mixin.py:190} INFO - [2026-05-02T12:09:01.166+0000] {dagbag.py:588} INFO - Filling up the DagBag from /home/airflow/.local/lib/python3.12/site-packages/airflow/example_dags/example_kubernetes_executor.py
[2026-05-02T12:09:01.181+0000] {processor.py:925} INFO - DAG(s) 'example_kubernetes_executor' retrieved from /home/airflow/.local/lib/python3.12/site-packages/airflow/example_dags/example_kubernetes_executor.py
[2026-05-02T12:09:01.197+0000] {logging_mixin.py:190} INFO - [2026-05-02T12:09:01.197+0000] {dag.py:3239} INFO - Sync 1 DAGs
[2026-05-02T12:09:01.203+0000] {logging_mixin.py:190} INFO - [2026-05-02T12:09:01.203+0000] {dag.py:4180} INFO - Setting next_dagrun for example_kubernetes_executor to None, run_after=None
[2026-05-02T12:09:01.213+0000] {processor.py:208} INFO - Processing /home/airflow/.local/lib/python3.12/site-packages/airflow/example_dags/example_kubernetes_executor.py took 0.057 seconds
[2026-05-02T12:09:31.769+0000] {processor.py:186} INFO - Started process (PID=85978) to work on /home/airflow/.local/lib/python3.12/site-packages/airflow/example_dags/example_kubernetes_executor.py
[2026-05-02T12:09:31.769+0000] {processor.py:914} INFO - Processing file /home/airflow/.local/lib/python3.12/site-packages/airflow/example_dags/example_kubernetes_executor.py for tasks to queue
[2026-05-02T12:09:31.771+0000] {logging_mixin.py:190} INFO - [2026-05-02T12:09:31.771+0000] {dagbag.py:588} INFO - Filling up the DagBag from /home/airflow/.local/lib/python3.12/site-packages/airflow/example_dags/example_kubernetes_executor.py
[2026-05-02T12:09:31.894+0000] {processor.py:925} INFO - DAG(s) 'example_kubernetes_executor' retrieved from /home/airflow/.local/lib/python3.12/site-packages/airflow/example_dags/example_kubernetes_executor.py
[2026-05-02T12:09:31.903+0000] {logging_mixin.py:190} INFO - [2026-05-02T12:09:31.903+0000] {dag.py:3239} INFO - Sync 1 DAGs
[2026-05-02T12:09:31.909+0000] {logging_mixin.py:190} INFO - [2026-05-02T12:09:31.909+0000] {dag.py:4180} INFO - Setting next_dagrun for example_kubernetes_executor to None, run_after=None
[2026-05-02T12:09:31.920+0000] {processor.py:208} INFO - Processing /home/airflow/.local/lib/python3.12/site-packages/airflow/example_dags/example_kubernetes_executor.py took 0.154 seconds
[2026-05-02T12:10:02.281+0000] {processor.py:186} INFO - Started process (PID=86042) to work on /home/airflow/.local/lib/python3.12/site-packages/airflow/example_dags/example_kubernetes_executor.py
[2026-05-02T12:10:02.282+0000] {processor.py:914} INFO - Processing file /home/airflow/.local/lib/python3.12/site-packages/airflow/example_dags/example_kubernetes_executor.py for tasks to queue
[2026-05-02T12:10:02.283+0000] {logging_mixin.py:190} INFO - [2026-05-02T12:10:02.282+0000] {dagbag.py:588} INFO - Filling up the DagBag from /home/airflow/.local/lib/python3.12/site-packages/airflow/example_dags/example_kubernetes_executor.py
[2026-05-02T12:10:02.293+0000] {processor.py:925} INFO - DAG(s) 'example_kubernetes_executor' retrieved from /home/airflow/.local/lib/python3.12/site-packages/airflow/example_dags/example_kubernetes_executor.py
[2026-05-02T12:10:02.306+0000] {logging_mixin.py:190} INFO - [2026-05-02T12:10:02.306+0000] {dag.py:3239} INFO - Sync 1 DAGs
[2026-05-02T12:10:02.312+0000] {logging_mixin.py:190} INFO - [2026-05-02T12:10:02.312+0000] {dag.py:4180} INFO - Setting next_dagrun for example_kubernetes_executor to None, run_after=None
[2026-05-02T12:10:02.326+0000] {processor.py:208} INFO - Processing /home/airflow/.local/lib/python3.12/site-packages/airflow/example_dags/example_kubernetes_executor.py took 0.048 seconds
[2026-05-02T12:10:32.446+0000] {processor.py:186} INFO - Started process (PID=86106) to work on /home/airflow/.local/lib/python3.12/site-packages/airflow/example_dags/example_kubernetes_executor.py
[2026-05-02T12:10:32.446+0000] {processor.py:914} INFO - Processing file /home/airflow/.local/lib/python3.12/site-packages/airflow/example_dags/example_kubernetes_executor.py for tasks to queue
[2026-05-02T12:10:32.449+0000] {logging_mixin.py:190} INFO - [2026-05-02T12:10:32.448+0000] {dagbag.py:588} INFO - Filling up the DagBag from /home/airflow/.local/lib/python3.12/site-packages/airflow/example_dags/example_kubernetes_executor.py
[2026-05-02T12:10:32.462+0000] {processor.py:925} INFO - DAG(s) 'example_kubernetes_executor' retrieved from /home/airflow/.local/lib/python3.12/site-packages/airflow/example_dags/example_kubernetes_executor.py
[2026-05-02T12:10:32.480+0000] {logging_mixin.py:190} INFO - [2026-05-02T12:10:32.480+0000] {dag.py:3239} INFO - Sync 1 DAGs
[2026-05-02T12:10:32.489+0000] {logging_mixin.py:190} INFO - [2026-05-02T12:10:32.489+0000] {dag.py:4180} INFO - Setting next_dagrun for example_kubernetes_executor to None, run_after=None
[2026-05-02T12:10:32.500+0000] {processor.py:208} INFO - Processing /home/airflow/.local/lib/python3.12/site-packages/airflow/example_dags/example_kubernetes_executor.py took 0.061 seconds
[2026-05-02T12:11:02.783+0000] {processor.py:186} INFO - Started process (PID=86170) to work on /home/airflow/.local/lib/python3.12/site-packages/airflow/example_dags/example_kubernetes_executor.py
[2026-05-02T12:11:02.783+0000] {processor.py:914} INFO - Processing file /home/airflow/.local/lib/python3.12/site-packages/airflow/example_dags/example_kubernetes_executor.py for tasks to queue
[2026-05-02T12:11:02.785+0000] {logging_mixin.py:190} INFO - [2026-05-02T12:11:02.785+0000] {dagbag.py:588} INFO - Filling up the DagBag from /home/airflow/.local/lib/python3.12/site-packages/airflow/example_dags/example_kubernetes_executor.py
[2026-05-02T12:11:02.801+0000] {processor.py:925} INFO - DAG(s) 'example_kubernetes_executor' retrieved from /home/airflow/.local/lib/python3.12/site-packages/airflow/example_dags/example_kubernetes_executor.py
[2026-05-02T12:11:02.815+0000] {logging_mixin.py:190} INFO - [2026-05-02T12:11:02.815+0000] {dag.py:3239} INFO - Sync 1 DAGs
[2026-05-02T12:11:02.821+0000] {logging_mixin.py:190} INFO - [2026-05-02T12:11:02.821+0000] {dag.py:4180} INFO - Setting next_dagrun for example_kubernetes_executor to None, run_after=None
[2026-05-02T12:11:02.830+0000] {processor.py:208} INFO - Processing /home/airflow/.local/lib/python3.12/site-packages/airflow/example_dags/example_kubernetes_executor.py took 0.053 seconds
[2026-05-02T12:11:32.970+0000] {processor.py:186} INFO - Started process (PID=86234) to work on /home/airflow/.local/lib/python3.12/site-packages/airflow/example_dags/example_kubernetes_executor.py
[2026-05-02T12:11:32.971+0000] {processor.py:914} INFO - Processing file /home/airflow/.local/lib/python3.12/site-packages/airflow/example_dags/example_kubernetes_executor.py for tasks to queue
[2026-05-02T12:11:32.973+0000] {logging_mixin.py:190} INFO - [2026-05-02T12:11:32.973+0000] {dagbag.py:588} INFO - Filling up the DagBag from /home/airflow/.local/lib/python3.12/site-packages/airflow/example_dags/example_kubernetes_executor.py
[2026-05-02T12:11:32.985+0000] {processor.py:925} INFO - DAG(s) 'example_kubernetes_executor' retrieved from /home/airflow/.local/lib/python3.12/site-packages/airflow/example_dags/example_kubernetes_executor.py
[2026-05-02T12:11:33.003+0000] {logging_mixin.py:190} INFO - [2026-05-02T12:11:33.003+0000] {dag.py:3239} INFO - Sync 1 DAGs
[2026-05-02T12:11:33.010+0000] {logging_mixin.py:190} INFO - [2026-05-02T12:11:33.010+0000] {dag.py:4180} INFO - Setting next_dagrun for example_kubernetes_executor to None, run_after=None
[2026-05-02T12:11:33.020+0000] {processor.py:208} INFO - Processing /home/airflow/.local/lib/python3.12/site-packages/airflow/example_dags/example_kubernetes_executor.py took 0.058 seconds
[2026-05-02T12:12:03.131+0000] {processor.py:186} INFO - Started process (PID=86298) to work on /home/airflow/.local/lib/python3.12/site-packages/airflow/example_dags/example_kubernetes_executor.py
[2026-05-02T12:12:03.132+0000] {processor.py:914} INFO - Processing file /home/airflow/.local/lib/python3.12/site-packages/airflow/example_dags/example_kubernetes_executor.py for tasks to queue
[2026-05-02T12:12:03.134+0000] {logging_mixin.py:190} INFO - [2026-05-02T12:12:03.134+0000] {dagbag.py:588} INFO - Filling up the DagBag from /home/airflow/.local/lib/python3.12/site-packages/airflow/example_dags/example_kubernetes_executor.py
[2026-05-02T12:12:03.145+0000] {processor.py:925} INFO - DAG(s) 'example_kubernetes_executor' retrieved from /home/airflow/.local/lib/python3.12/site-packages/airflow/example_dags/example_kubernetes_executor.py
[2026-05-02T12:12:03.164+0000] {logging_mixin.py:190} INFO - [2026-05-02T12:12:03.164+0000] {dag.py:3239} INFO - Sync 1 DAGs
[2026-05-02T12:12:03.172+0000] {logging_mixin.py:190} INFO - [2026-05-02T12:12:03.172+0000] {dag.py:4180} INFO - Setting next_dagrun for example_kubernetes_executor to None, run_after=None
[2026-05-02T12:12:03.185+0000] {processor.py:208} INFO - Processing /home/airflow/.local/lib/python3.12/site-packages/airflow/example_dags/example_kubernetes_executor.py took 0.059 seconds
[2026-05-02T12:12:33.364+0000] {processor.py:186} INFO - Started process (PID=86362) to work on /home/airflow/.local/lib/python3.12/site-packages/airflow/example_dags/example_kubernetes_executor.py
[2026-05-02T12:12:33.366+0000] {processor.py:914} INFO - Processing file /home/airflow/.local/lib/python3.12/site-packages/airflow/example_dags/example_kubernetes_executor.py for tasks to queue
[2026-05-02T12:12:33.368+0000] {logging_mixin.py:190} INFO - [2026-05-02T12:12:33.368+0000] {dagbag.py:588} INFO - Filling up the DagBag from /home/airflow/.local/lib/python3.12/site-packages/airflow/example_dags/example_kubernetes_executor.py
[2026-05-02T12:12:33.384+0000] {processor.py:925} INFO - DAG(s) 'example_kubernetes_executor' retrieved from /home/airflow/.local/lib/python3.12/site-packages/airflow/example_dags/example_kubernetes_executor.py
[2026-05-02T12:12:33.397+0000] {logging_mixin.py:190} INFO - [2026-05-02T12:12:33.397+0000] {dag.py:3239} INFO - Sync 1 DAGs
[2026-05-02T12:12:33.404+0000] {logging_mixin.py:190} INFO - [2026-05-02T12:12:33.404+0000] {dag.py:4180} INFO - Setting next_dagrun for example_kubernetes_executor to None, run_after=None
[2026-05-02T12:12:33.415+0000] {processor.py:208} INFO - Processing /home/airflow/.local/lib/python3.12/site-packages/airflow/example_dags/example_kubernetes_executor.py took 0.057 seconds
[2026-05-02T12:13:03.552+0000] {processor.py:186} INFO - Started process (PID=86426) to work on /home/airflow/.local/lib/python3.12/site-packages/airflow/example_dags/example_kubernetes_executor.py
[2026-05-02T12:13:03.553+0000] {processor.py:914} INFO - Processing file /home/airflow/.local/lib/python3.12/site-packages/airflow/example_dags/example_kubernetes_executor.py for tasks to queue
[2026-05-02T12:13:03.556+0000] {logging_mixin.py:190} INFO - [2026-05-02T12:13:03.556+0000] {dagbag.py:588} INFO - Filling up the DagBag from /home/airflow/.local/lib/python3.12/site-packages/airflow/example_dags/example_kubernetes_executor.py
[2026-05-02T12:13:03.570+0000] {processor.py:925} INFO - DAG(s) 'example_kubernetes_executor' retrieved from /home/airflow/.local/lib/python3.12/site-packages/airflow/example_dags/example_kubernetes_executor.py
[2026-05-02T12:13:03.585+0000] {logging_mixin.py:190} INFO - [2026-05-02T12:13:03.585+0000] {dag.py:3239} INFO - Sync 1 DAGs
[2026-05-02T12:13:03.592+0000] {logging_mixin.py:190} INFO - [2026-05-02T12:13:03.592+0000] {dag.py:4180} INFO - Setting next_dagrun for example_kubernetes_executor to None, run_after=None
[2026-05-02T12:13:03.604+0000] {processor.py:208} INFO - Processing /home/airflow/.local/lib/python3.12/site-packages/airflow/example_dags/example_kubernetes_executor.py took 0.059 seconds
[2026-05-02T12:13:33.788+0000] {processor.py:186} INFO - Started process (PID=86490) to work on /home/airflow/.local/lib/python3.12/site-packages/airflow/example_dags/example_kubernetes_executor.py
[2026-05-02T12:13:33.790+0000] {processor.py:914} INFO - Processing file /home/airflow/.local/lib/python3.12/site-packages/airflow/example_dags/example_kubernetes_executor.py for tasks to queue
[2026-05-02T12:13:33.792+0000] {logging_mixin.py:190} INFO - [2026-05-02T12:13:33.792+0000] {dagbag.py:588} INFO - Filling up the DagBag from /home/airflow/.local/lib/python3.12/site-packages/airflow/example_dags/example_kubernetes_executor.py
[2026-05-02T12:13:33.803+0000] {processor.py:925} INFO - DAG(s) 'example_kubernetes_executor' retrieved from /home/airflow/.local/lib/python3.12/site-packages/airflow/example_dags/example_kubernetes_executor.py
[2026-05-02T12:13:33.817+0000] {logging_mixin.py:190} INFO - [2026-05-02T12:13:33.817+0000] {dag.py:3239} INFO - Sync 1 DAGs
[2026-05-02T12:13:33.823+0000] {logging_mixin.py:190} INFO - [2026-05-02T12:13:33.823+0000] {dag.py:4180} INFO - Setting next_dagrun for example_kubernetes_executor to None, run_after=None
[2026-05-02T12:13:33.835+0000] {processor.py:208} INFO - Processing /home/airflow/.local/lib/python3.12/site-packages/airflow/example_dags/example_kubernetes_executor.py took 0.053 seconds
[2026-05-02T12:14:03.987+0000] {processor.py:186} INFO - Started process (PID=86554) to work on /home/airflow/.local/lib/python3.12/site-packages/airflow/example_dags/example_kubernetes_executor.py
[2026-05-02T12:14:03.988+0000] {processor.py:914} INFO - Processing file /home/airflow/.local/lib/python3.12/site-packages/airflow/example_dags/example_kubernetes_executor.py for tasks to queue
[2026-05-02T12:14:03.990+0000] {logging_mixin.py:190} INFO - [2026-05-02T12:14:03.990+0000] {dagbag.py:588} INFO - Filling up the DagBag from /home/airflow/.local/lib/python3.12/site-packages/airflow/example_dags/example_kubernetes_executor.py
[2026-05-02T12:14:04.002+0000] {processor.py:925} INFO - DAG(s) 'example_kubernetes_executor' retrieved from /home/airflow/.local/lib/python3.12/site-packages/airflow/example_dags/example_kubernetes_executor.py
[2026-05-02T12:14:04.020+0000] {logging_mixin.py:190} INFO - [2026-05-02T12:14:04.019+0000] {dag.py:3239} INFO - Sync 1 DAGs
[2026-05-02T12:14:04.029+0000] {logging_mixin.py:190} INFO - [2026-05-02T12:14:04.029+0000] {dag.py:4180} INFO - Setting next_dagrun for example_kubernetes_executor to None, run_after=None
[2026-05-02T12:14:04.040+0000] {processor.py:208} INFO - Processing /home/airflow/.local/lib/python3.12/site-packages/airflow/example_dags/example_kubernetes_executor.py took 0.060 seconds
[2026-05-02T12:14:34.287+0000] {processor.py:186} INFO - Started process (PID=86617) to work on /home/airflow/.local/lib/python3.12/site-packages/airflow/example_dags/example_kubernetes_executor.py
[2026-05-02T12:14:34.288+0000] {processor.py:914} INFO - Processing file /home/airflow/.local/lib/python3.12/site-packages/airflow/example_dags/example_kubernetes_executor.py for tasks to queue
[2026-05-02T12:14:34.290+0000] {logging_mixin.py:190} INFO - [2026-05-02T12:14:34.289+0000] {dagbag.py:588} INFO - Filling up the DagBag from /home/airflow/.local/lib/python3.12/site-packages/airflow/example_dags/example_kubernetes_executor.py
[2026-05-02T12:14:34.306+0000] {processor.py:925} INFO - DAG(s) 'example_kubernetes_executor' retrieved from /home/airflow/.local/lib/python3.12/site-packages/airflow/example_dags/example_kubernetes_executor.py
[2026-05-02T12:14:34.323+0000] {logging_mixin.py:190} INFO - [2026-05-02T12:14:34.323+0000] {dag.py:3239} INFO - Sync 1 DAGs
[2026-05-02T12:14:34.330+0000] {logging_mixin.py:190} INFO - [2026-05-02T12:14:34.330+0000] {dag.py:4180} INFO - Setting next_dagrun for example_kubernetes_executor to None, run_after=None
[2026-05-02T12:14:34.345+0000] {processor.py:208} INFO - Processing /home/airflow/.local/lib/python3.12/site-packages/airflow/example_dags/example_kubernetes_executor.py took 0.066 seconds
[2026-05-02T12:15:04.396+0000] {processor.py:186} INFO - Started process (PID=86687) to work on /home/airflow/.local/lib/python3.12/site-packages/airflow/example_dags/example_kubernetes_executor.py
[2026-05-02T12:15:04.397+0000] {processor.py:914} INFO - Processing file /home/airflow/.local/lib/python3.12/site-packages/airflow/example_dags/example_kubernetes_executor.py for tasks to queue
[2026-05-02T12:15:04.398+0000] {logging_mixin.py:190} INFO - [2026-05-02T12:15:04.398+0000] {dagbag.py:588} INFO - Filling up the DagBag from /home/airflow/.local/lib/python3.12/site-packages/airflow/example_dags/example_kubernetes_executor.py
[2026-05-02T12:15:04.408+0000] {processor.py:925} INFO - DAG(s) 'example_kubernetes_executor' retrieved from /home/airflow/.local/lib/python3.12/site-packages/airflow/example_dags/example_kubernetes_executor.py
[2026-05-02T12:15:04.423+0000] {logging_mixin.py:190} INFO - [2026-05-02T12:15:04.423+0000] {dag.py:3239} INFO - Sync 1 DAGs
[2026-05-02T12:15:04.432+0000] {logging_mixin.py:190} INFO - [2026-05-02T12:15:04.432+0000] {dag.py:4180} INFO - Setting next_dagrun for example_kubernetes_executor to None, run_after=None
[2026-05-02T12:15:04.442+0000] {processor.py:208} INFO - Processing /home/airflow/.local/lib/python3.12/site-packages/airflow/example_dags/example_kubernetes_executor.py took 0.050 seconds
[2026-05-02T12:15:34.615+0000] {processor.py:186} INFO - Started process (PID=86751) to work on /home/airflow/.local/lib/python3.12/site-packages/airflow/example_dags/example_kubernetes_executor.py
[2026-05-02T12:15:34.615+0000] {processor.py:914} INFO - Processing file /home/airflow/.local/lib/python3.12/site-packages/airflow/example_dags/example_kubernetes_executor.py for tasks to queue
[2026-05-02T12:15:34.616+0000] {logging_mixin.py:190} INFO - [2026-05-02T12:15:34.616+0000] {dagbag.py:588} INFO - Filling up the DagBag from /home/airflow/.local/lib/python3.12/site-packages/airflow/example_dags/example_kubernetes_executor.py
[2026-05-02T12:15:34.623+0000] {processor.py:925} INFO - DAG(s) 'example_kubernetes_executor' retrieved from /home/airflow/.local/lib/python3.12/site-packages/airflow/example_dags/example_kubernetes_executor.py
[2026-05-02T12:15:34.637+0000] {logging_mixin.py:190} INFO - [2026-05-02T12:15:34.637+0000] {dag.py:3239} INFO - Sync 1 DAGs
[2026-05-02T12:15:34.644+0000] {logging_mixin.py:190} INFO - [2026-05-02T12:15:34.644+0000] {dag.py:4180} INFO - Setting next_dagrun for example_kubernetes_executor to None, run_after=None
[2026-05-02T12:15:34.652+0000] {processor.py:208} INFO - Processing /home/airflow/.local/lib/python3.12/site-packages/airflow/example_dags/example_kubernetes_executor.py took 0.039 seconds
[2026-05-02T12:16:05.791+0000] {processor.py:186} INFO - Started process (PID=86807) to work on /home/airflow/.local/lib/python3.12/site-packages/airflow/example_dags/example_kubernetes_executor.py
[2026-05-02T12:16:05.792+0000] {processor.py:914} INFO - Processing file /home/airflow/.local/lib/python3.12/site-packages/airflow/example_dags/example_kubernetes_executor.py for tasks to queue
[2026-05-02T12:16:05.793+0000] {logging_mixin.py:190} INFO - [2026-05-02T12:16:05.793+0000] {dagbag.py:588} INFO - Filling up the DagBag from /home/airflow/.local/lib/python3.12/site-packages/airflow/example_dags/example_kubernetes_executor.py
[2026-05-02T12:16:05.801+0000] {processor.py:925} INFO - DAG(s) 'example_kubernetes_executor' retrieved from /home/airflow/.local/lib/python3.12/site-packages/airflow/example_dags/example_kubernetes_executor.py
[2026-05-02T12:16:05.811+0000] {logging_mixin.py:190} INFO - [2026-05-02T12:16:05.811+0000] {dag.py:3239} INFO - Sync 1 DAGs
[2026-05-02T12:16:05.818+0000] {logging_mixin.py:190} INFO - [2026-05-02T12:16:05.818+0000] {dag.py:4180} INFO - Setting next_dagrun for example_kubernetes_executor to None, run_after=None
[2026-05-02T12:16:05.828+0000] {processor.py:208} INFO - Processing /home/airflow/.local/lib/python3.12/site-packages/airflow/example_dags/example_kubernetes_executor.py took 0.039 seconds
[2026-05-02T12:16:36.032+0000] {processor.py:186} INFO - Started process (PID=86871) to work on /home/airflow/.local/lib/python3.12/site-packages/airflow/example_dags/example_kubernetes_executor.py
[2026-05-02T12:16:36.032+0000] {processor.py:914} INFO - Processing file /home/airflow/.local/lib/python3.12/site-packages/airflow/example_dags/example_kubernetes_executor.py for tasks to queue
[2026-05-02T12:16:36.034+0000] {logging_mixin.py:190} INFO - [2026-05-02T12:16:36.034+0000] {dagbag.py:588} INFO - Filling up the DagBag from /home/airflow/.local/lib/python3.12/site-packages/airflow/example_dags/example_kubernetes_executor.py
[2026-05-02T12:16:36.039+0000] {processor.py:925} INFO - DAG(s) 'example_kubernetes_executor' retrieved from /home/airflow/.local/lib/python3.12/site-packages/airflow/example_dags/example_kubernetes_executor.py
[2026-05-02T12:16:36.051+0000] {logging_mixin.py:190} INFO - [2026-05-02T12:16:36.051+0000] {dag.py:3239} INFO - Sync 1 DAGs
[2026-05-02T12:16:36.055+0000] {logging_mixin.py:190} INFO - [2026-05-02T12:16:36.055+0000] {dag.py:4180} INFO - Setting next_dagrun for example_kubernetes_executor to None, run_after=None
[2026-05-02T12:16:36.063+0000] {processor.py:208} INFO - Processing /home/airflow/.local/lib/python3.12/site-packages/airflow/example_dags/example_kubernetes_executor.py took 0.034 seconds
[2026-05-02T12:17:07.060+0000] {processor.py:186} INFO - Started process (PID=86932) to work on /home/airflow/.local/lib/python3.12/site-packages/airflow/example_dags/example_kubernetes_executor.py
[2026-05-02T12:17:07.060+0000] {processor.py:914} INFO - Processing file /home/airflow/.local/lib/python3.12/site-packages/airflow/example_dags/example_kubernetes_executor.py for tasks to queue
[2026-05-02T12:17:07.061+0000] {logging_mixin.py:190} INFO - [2026-05-02T12:17:07.061+0000] {dagbag.py:588} INFO - Filling up the DagBag from /home/airflow/.local/lib/python3.12/site-packages/airflow/example_dags/example_kubernetes_executor.py
[2026-05-02T12:17:07.067+0000] {processor.py:925} INFO - DAG(s) 'example_kubernetes_executor' retrieved from /home/airflow/.local/lib/python3.12/site-packages/airflow/example_dags/example_kubernetes_executor.py
[2026-05-02T12:17:07.076+0000] {logging_mixin.py:190} INFO - [2026-05-02T12:17:07.076+0000] {dag.py:3239} INFO - Sync 1 DAGs
[2026-05-02T12:17:07.082+0000] {logging_mixin.py:190} INFO - [2026-05-02T12:17:07.082+0000] {dag.py:4180} INFO - Setting next_dagrun for example_kubernetes_executor to None, run_after=None
[2026-05-02T12:17:07.087+0000] {processor.py:208} INFO - Processing /home/airflow/.local/lib/python3.12/site-packages/airflow/example_dags/example_kubernetes_executor.py took 0.029 seconds
[2026-05-02T12:17:37.230+0000] {processor.py:186} INFO - Started process (PID=86970) to work on /home/airflow/.local/lib/python3.12/site-packages/airflow/example_dags/example_kubernetes_executor.py
[2026-05-02T12:17:37.231+0000] {processor.py:914} INFO - Processing file /home/airflow/.local/lib/python3.12/site-packages/airflow/example_dags/example_kubernetes_executor.py for tasks to queue
[2026-05-02T12:17:37.234+0000] {logging_mixin.py:190} INFO - [2026-05-02T12:17:37.233+0000] {dagbag.py:588} INFO - Filling up the DagBag from /home/airflow/.local/lib/python3.12/site-packages/airflow/example_dags/example_kubernetes_executor.py
[2026-05-02T12:17:37.245+0000] {processor.py:925} INFO - DAG(s) 'example_kubernetes_executor' retrieved from /home/airflow/.local/lib/python3.12/site-packages/airflow/example_dags/example_kubernetes_executor.py
[2026-05-02T12:17:37.262+0000] {logging_mixin.py:190} INFO - [2026-05-02T12:17:37.262+0000] {dag.py:3239} INFO - Sync 1 DAGs
[2026-05-02T12:17:37.270+0000] {logging_mixin.py:190} INFO - [2026-05-02T12:17:37.270+0000] {dag.py:4180} INFO - Setting next_dagrun for example_kubernetes_executor to None, run_after=None
[2026-05-02T12:17:37.282+0000] {processor.py:208} INFO - Processing /home/airflow/.local/lib/python3.12/site-packages/airflow/example_dags/example_kubernetes_executor.py took 0.057 seconds
[2026-05-02T12:18:07.407+0000] {processor.py:186} INFO - Started process (PID=87034) to work on /home/airflow/.local/lib/python3.12/site-packages/airflow/example_dags/example_kubernetes_executor.py
[2026-05-02T12:18:07.408+0000] {processor.py:914} INFO - Processing file /home/airflow/.local/lib/python3.12/site-packages/airflow/example_dags/example_kubernetes_executor.py for tasks to queue
[2026-05-02T12:18:07.411+0000] {logging_mixin.py:190} INFO - [2026-05-02T12:18:07.411+0000] {dagbag.py:588} INFO - Filling up the DagBag from /home/airflow/.local/lib/python3.12/site-packages/airflow/example_dags/example_kubernetes_executor.py
[2026-05-02T12:18:07.422+0000] {processor.py:925} INFO - DAG(s) 'example_kubernetes_executor' retrieved from /home/airflow/.local/lib/python3.12/site-packages/airflow/example_dags/example_kubernetes_executor.py
[2026-05-02T12:18:07.446+0000] {logging_mixin.py:190} INFO - [2026-05-02T12:18:07.445+0000] {dag.py:3239} INFO - Sync 1 DAGs
[2026-05-02T12:18:07.457+0000] {logging_mixin.py:190} INFO - [2026-05-02T12:18:07.457+0000] {dag.py:4180} INFO - Setting next_dagrun for example_kubernetes_executor to None, run_after=None
[2026-05-02T12:18:07.470+0000] {processor.py:208} INFO - Processing /home/airflow/.local/lib/python3.12/site-packages/airflow/example_dags/example_kubernetes_executor.py took 0.068 seconds
[2026-05-02T12:18:37.568+0000] {processor.py:186} INFO - Started process (PID=87098) to work on /home/airflow/.local/lib/python3.12/site-packages/airflow/example_dags/example_kubernetes_executor.py
[2026-05-02T12:18:37.569+0000] {processor.py:914} INFO - Processing file /home/airflow/.local/lib/python3.12/site-packages/airflow/example_dags/example_kubernetes_executor.py for tasks to queue
[2026-05-02T12:18:37.571+0000] {logging_mixin.py:190} INFO - [2026-05-02T12:18:37.571+0000] {dagbag.py:588} INFO - Filling up the DagBag from /home/airflow/.local/lib/python3.12/site-packages/airflow/example_dags/example_kubernetes_executor.py
[2026-05-02T12:18:37.584+0000] {processor.py:925} INFO - DAG(s) 'example_kubernetes_executor' retrieved from /home/airflow/.local/lib/python3.12/site-packages/airflow/example_dags/example_kubernetes_executor.py
[2026-05-02T12:18:37.604+0000] {logging_mixin.py:190} INFO - [2026-05-02T12:18:37.604+0000] {dag.py:3239} INFO - Sync 1 DAGs
[2026-05-02T12:18:37.611+0000] {logging_mixin.py:190} INFO - [2026-05-02T12:18:37.611+0000] {dag.py:4180} INFO - Setting next_dagrun for example_kubernetes_executor to None, run_after=None
[2026-05-02T12:18:37.620+0000] {processor.py:208} INFO - Processing /home/airflow/.local/lib/python3.12/site-packages/airflow/example_dags/example_kubernetes_executor.py took 0.056 seconds
[2026-05-02T12:19:07.714+0000] {processor.py:186} INFO - Started process (PID=87162) to work on /home/airflow/.local/lib/python3.12/site-packages/airflow/example_dags/example_kubernetes_executor.py
[2026-05-02T12:19:07.716+0000] {processor.py:914} INFO - Processing file /home/airflow/.local/lib/python3.12/site-packages/airflow/example_dags/example_kubernetes_executor.py for tasks to queue
[2026-05-02T12:19:07.718+0000] {logging_mixin.py:190} INFO - [2026-05-02T12:19:07.718+0000] {dagbag.py:588} INFO - Filling up the DagBag from /home/airflow/.local/lib/python3.12/site-packages/airflow/example_dags/example_kubernetes_executor.py
[2026-05-02T12:19:07.731+0000] {processor.py:925} INFO - DAG(s) 'example_kubernetes_executor' retrieved from /home/airflow/.local/lib/python3.12/site-packages/airflow/example_dags/example_kubernetes_executor.py
[2026-05-02T12:19:07.748+0000] {logging_mixin.py:190} INFO - [2026-05-02T12:19:07.748+0000] {dag.py:3239} INFO - Sync 1 DAGs
[2026-05-02T12:19:07.755+0000] {logging_mixin.py:190} INFO - [2026-05-02T12:19:07.754+0000] {dag.py:4180} INFO - Setting next_dagrun for example_kubernetes_executor to None, run_after=None
[2026-05-02T12:19:07.760+0000] {processor.py:208} INFO - Processing /home/airflow/.local/lib/python3.12/site-packages/airflow/example_dags/example_kubernetes_executor.py took 0.049 seconds
[2026-05-02T12:19:37.971+0000] {processor.py:186} INFO - Started process (PID=87226) to work on /home/airflow/.local/lib/python3.12/site-packages/airflow/example_dags/example_kubernetes_executor.py
[2026-05-02T12:19:37.975+0000] {processor.py:914} INFO - Processing file /home/airflow/.local/lib/python3.12/site-packages/airflow/example_dags/example_kubernetes_executor.py for tasks to queue
[2026-05-02T12:19:37.976+0000] {logging_mixin.py:190} INFO - [2026-05-02T12:19:37.976+0000] {dagbag.py:588} INFO - Filling up the DagBag from /home/airflow/.local/lib/python3.12/site-packages/airflow/example_dags/example_kubernetes_executor.py
[2026-05-02T12:19:37.987+0000] {processor.py:925} INFO - DAG(s) 'example_kubernetes_executor' retrieved from /home/airflow/.local/lib/python3.12/site-packages/airflow/example_dags/example_kubernetes_executor.py
[2026-05-02T12:19:38.004+0000] {logging_mixin.py:190} INFO - [2026-05-02T12:19:38.004+0000] {dag.py:3239} INFO - Sync 1 DAGs
[2026-05-02T12:19:38.016+0000] {logging_mixin.py:190} INFO - [2026-05-02T12:19:38.016+0000] {dag.py:4180} INFO - Setting next_dagrun for example_kubernetes_executor to None, run_after=None
[2026-05-02T12:19:38.025+0000] {processor.py:208} INFO - Processing /home/airflow/.local/lib/python3.12/site-packages/airflow/example_dags/example_kubernetes_executor.py took 0.057 seconds
[2026-05-02T12:20:08.537+0000] {processor.py:186} INFO - Started process (PID=87290) to work on /home/airflow/.local/lib/python3.12/site-packages/airflow/example_dags/example_kubernetes_executor.py
[2026-05-02T12:20:08.540+0000] {processor.py:914} INFO - Processing file /home/airflow/.local/lib/python3.12/site-packages/airflow/example_dags/example_kubernetes_executor.py for tasks to queue
[2026-05-02T12:20:08.542+0000] {logging_mixin.py:190} INFO - [2026-05-02T12:20:08.542+0000] {dagbag.py:588} INFO - Filling up the DagBag from /home/airflow/.local/lib/python3.12/site-packages/airflow/example_dags/example_kubernetes_executor.py
[2026-05-02T12:20:08.555+0000] {processor.py:925} INFO - DAG(s) 'example_kubernetes_executor' retrieved from /home/airflow/.local/lib/python3.12/site-packages/airflow/example_dags/example_kubernetes_executor.py
[2026-05-02T12:20:08.572+0000] {logging_mixin.py:190} INFO - [2026-05-02T12:20:08.572+0000] {dag.py:3239} INFO - Sync 1 DAGs
[2026-05-02T12:20:08.585+0000] {logging_mixin.py:190} INFO - [2026-05-02T12:20:08.585+0000] {dag.py:4180} INFO - Setting next_dagrun for example_kubernetes_executor to None, run_after=None
[2026-05-02T12:20:08.592+0000] {processor.py:208} INFO - Processing /home/airflow/.local/lib/python3.12/site-packages/airflow/example_dags/example_kubernetes_executor.py took 0.062 seconds
[2026-05-02T12:20:39.103+0000] {processor.py:186} INFO - Started process (PID=87354) to work on /home/airflow/.local/lib/python3.12/site-packages/airflow/example_dags/example_kubernetes_executor.py
[2026-05-02T12:20:39.104+0000] {processor.py:914} INFO - Processing file /home/airflow/.local/lib/python3.12/site-packages/airflow/example_dags/example_kubernetes_executor.py for tasks to queue
[2026-05-02T12:20:39.106+0000] {logging_mixin.py:190} INFO - [2026-05-02T12:20:39.106+0000] {dagbag.py:588} INFO - Filling up the DagBag from /home/airflow/.local/lib/python3.12/site-packages/airflow/example_dags/example_kubernetes_executor.py
[2026-05-02T12:20:39.122+0000] {processor.py:925} INFO - DAG(s) 'example_kubernetes_executor' retrieved from /home/airflow/.local/lib/python3.12/site-packages/airflow/example_dags/example_kubernetes_executor.py
[2026-05-02T12:20:39.140+0000] {logging_mixin.py:190} INFO - [2026-05-02T12:20:39.140+0000] {dag.py:3239} INFO - Sync 1 DAGs
[2026-05-02T12:20:39.148+0000] {logging_mixin.py:190} INFO - [2026-05-02T12:20:39.147+0000] {dag.py:4180} INFO - Setting next_dagrun for example_kubernetes_executor to None, run_after=None
[2026-05-02T12:20:39.160+0000] {processor.py:208} INFO - Processing /home/airflow/.local/lib/python3.12/site-packages/airflow/example_dags/example_kubernetes_executor.py took 0.062 seconds
[2026-05-02T12:21:09.494+0000] {processor.py:186} INFO - Started process (PID=87418) to work on /home/airflow/.local/lib/python3.12/site-packages/airflow/example_dags/example_kubernetes_executor.py
[2026-05-02T12:21:09.495+0000] {processor.py:914} INFO - Processing file /home/airflow/.local/lib/python3.12/site-packages/airflow/example_dags/example_kubernetes_executor.py for tasks to queue
[2026-05-02T12:21:09.498+0000] {logging_mixin.py:190} INFO - [2026-05-02T12:21:09.498+0000] {dagbag.py:588} INFO - Filling up the DagBag from /home/airflow/.local/lib/python3.12/site-packages/airflow/example_dags/example_kubernetes_executor.py
[2026-05-02T12:21:09.510+0000] {processor.py:925} INFO - DAG(s) 'example_kubernetes_executor' retrieved from /home/airflow/.local/lib/python3.12/site-packages/airflow/example_dags/example_kubernetes_executor.py
[2026-05-02T12:21:09.525+0000] {logging_mixin.py:190} INFO - [2026-05-02T12:21:09.525+0000] {dag.py:3239} INFO - Sync 1 DAGs
[2026-05-02T12:21:09.532+0000] {logging_mixin.py:190} INFO - [2026-05-02T12:21:09.532+0000] {dag.py:4180} INFO - Setting next_dagrun for example_kubernetes_executor to None, run_after=None
[2026-05-02T12:21:09.541+0000] {processor.py:208} INFO - Processing /home/airflow/.local/lib/python3.12/site-packages/airflow/example_dags/example_kubernetes_executor.py took 0.053 seconds
[2026-05-02T12:21:40.561+0000] {processor.py:186} INFO - Started process (PID=87482) to work on /home/airflow/.local/lib/python3.12/site-packages/airflow/example_dags/example_kubernetes_executor.py
[2026-05-02T12:21:40.564+0000] {processor.py:914} INFO - Processing file /home/airflow/.local/lib/python3.12/site-packages/airflow/example_dags/example_kubernetes_executor.py for tasks to queue
[2026-05-02T12:21:40.565+0000] {logging_mixin.py:190} INFO - [2026-05-02T12:21:40.565+0000] {dagbag.py:588} INFO - Filling up the DagBag from /home/airflow/.local/lib/python3.12/site-packages/airflow/example_dags/example_kubernetes_executor.py
[2026-05-02T12:21:40.581+0000] {processor.py:925} INFO - DAG(s) 'example_kubernetes_executor' retrieved from /home/airflow/.local/lib/python3.12/site-packages/airflow/example_dags/example_kubernetes_executor.py
[2026-05-02T12:21:40.602+0000] {logging_mixin.py:190} INFO - [2026-05-02T12:21:40.602+0000] {dag.py:3239} INFO - Sync 1 DAGs
[2026-05-02T12:21:40.611+0000] {logging_mixin.py:190} INFO - [2026-05-02T12:21:40.610+0000] {dag.py:4180} INFO - Setting next_dagrun for example_kubernetes_executor to None, run_after=None
[2026-05-02T12:21:40.620+0000] {processor.py:208} INFO - Processing /home/airflow/.local/lib/python3.12/site-packages/airflow/example_dags/example_kubernetes_executor.py took 0.064 seconds
[2026-05-02T12:22:11.186+0000] {processor.py:186} INFO - Started process (PID=87546) to work on /home/airflow/.local/lib/python3.12/site-packages/airflow/example_dags/example_kubernetes_executor.py
[2026-05-02T12:22:11.189+0000] {processor.py:914} INFO - Processing file /home/airflow/.local/lib/python3.12/site-packages/airflow/example_dags/example_kubernetes_executor.py for tasks to queue
[2026-05-02T12:22:11.193+0000] {logging_mixin.py:190} INFO - [2026-05-02T12:22:11.193+0000] {dagbag.py:588} INFO - Filling up the DagBag from /home/airflow/.local/lib/python3.12/site-packages/airflow/example_dags/example_kubernetes_executor.py
[2026-05-02T12:22:11.206+0000] {processor.py:925} INFO - DAG(s) 'example_kubernetes_executor' retrieved from /home/airflow/.local/lib/python3.12/site-packages/airflow/example_dags/example_kubernetes_executor.py
[2026-05-02T12:22:11.223+0000] {logging_mixin.py:190} INFO - [2026-05-02T12:22:11.223+0000] {dag.py:3239} INFO - Sync 1 DAGs
[2026-05-02T12:22:11.228+0000] {logging_mixin.py:190} INFO - [2026-05-02T12:22:11.228+0000] {dag.py:4180} INFO - Setting next_dagrun for example_kubernetes_executor to None, run_after=None
[2026-05-02T12:22:11.240+0000] {processor.py:208} INFO - Processing /home/airflow/.local/lib/python3.12/site-packages/airflow/example_dags/example_kubernetes_executor.py took 0.059 seconds
[2026-05-02T12:22:41.537+0000] {processor.py:186} INFO - Started process (PID=87610) to work on /home/airflow/.local/lib/python3.12/site-packages/airflow/example_dags/example_kubernetes_executor.py
[2026-05-02T12:22:41.541+0000] {processor.py:914} INFO - Processing file /home/airflow/.local/lib/python3.12/site-packages/airflow/example_dags/example_kubernetes_executor.py for tasks to queue
[2026-05-02T12:22:41.543+0000] {logging_mixin.py:190} INFO - [2026-05-02T12:22:41.542+0000] {dagbag.py:588} INFO - Filling up the DagBag from /home/airflow/.local/lib/python3.12/site-packages/airflow/example_dags/example_kubernetes_executor.py
[2026-05-02T12:22:41.552+0000] {processor.py:925} INFO - DAG(s) 'example_kubernetes_executor' retrieved from /home/airflow/.local/lib/python3.12/site-packages/airflow/example_dags/example_kubernetes_executor.py
[2026-05-02T12:22:41.572+0000] {logging_mixin.py:190} INFO - [2026-05-02T12:22:41.572+0000] {dag.py:3239} INFO - Sync 1 DAGs
[2026-05-02T12:22:41.580+0000] {logging_mixin.py:190} INFO - [2026-05-02T12:22:41.579+0000] {dag.py:4180} INFO - Setting next_dagrun for example_kubernetes_executor to None, run_after=None
[2026-05-02T12:22:41.589+0000] {processor.py:208} INFO - Processing /home/airflow/.local/lib/python3.12/site-packages/airflow/example_dags/example_kubernetes_executor.py took 0.056 seconds
[2026-05-02T12:23:11.894+0000] {processor.py:186} INFO - Started process (PID=87674) to work on /home/airflow/.local/lib/python3.12/site-packages/airflow/example_dags/example_kubernetes_executor.py
[2026-05-02T12:23:11.897+0000] {processor.py:914} INFO - Processing file /home/airflow/.local/lib/python3.12/site-packages/airflow/example_dags/example_kubernetes_executor.py for tasks to queue
[2026-05-02T12:23:11.900+0000] {logging_mixin.py:190} INFO - [2026-05-02T12:23:11.900+0000] {dagbag.py:588} INFO - Filling up the DagBag from /home/airflow/.local/lib/python3.12/site-packages/airflow/example_dags/example_kubernetes_executor.py
[2026-05-02T12:23:11.913+0000] {processor.py:925} INFO - DAG(s) 'example_kubernetes_executor' retrieved from /home/airflow/.local/lib/python3.12/site-packages/airflow/example_dags/example_kubernetes_executor.py
[2026-05-02T12:23:11.930+0000] {logging_mixin.py:190} INFO - [2026-05-02T12:23:11.929+0000] {dag.py:3239} INFO - Sync 1 DAGs
[2026-05-02T12:23:11.937+0000] {logging_mixin.py:190} INFO - [2026-05-02T12:23:11.937+0000] {dag.py:4180} INFO - Setting next_dagrun for example_kubernetes_executor to None, run_after=None
[2026-05-02T12:23:11.945+0000] {processor.py:208} INFO - Processing /home/airflow/.local/lib/python3.12/site-packages/airflow/example_dags/example_kubernetes_executor.py took 0.057 seconds
[2026-05-02T12:23:42.492+0000] {processor.py:186} INFO - Started process (PID=87738) to work on /home/airflow/.local/lib/python3.12/site-packages/airflow/example_dags/example_kubernetes_executor.py
[2026-05-02T12:23:42.494+0000] {processor.py:914} INFO - Processing file /home/airflow/.local/lib/python3.12/site-packages/airflow/example_dags/example_kubernetes_executor.py for tasks to queue
[2026-05-02T12:23:42.497+0000] {logging_mixin.py:190} INFO - [2026-05-02T12:23:42.497+0000] {dagbag.py:588} INFO - Filling up the DagBag from /home/airflow/.local/lib/python3.12/site-packages/airflow/example_dags/example_kubernetes_executor.py
[2026-05-02T12:23:42.510+0000] {processor.py:925} INFO - DAG(s) 'example_kubernetes_executor' retrieved from /home/airflow/.local/lib/python3.12/site-packages/airflow/example_dags/example_kubernetes_executor.py
[2026-05-02T12:23:42.530+0000] {logging_mixin.py:190} INFO - [2026-05-02T12:23:42.530+0000] {dag.py:3239} INFO - Sync 1 DAGs
[2026-05-02T12:23:42.541+0000] {logging_mixin.py:190} INFO - [2026-05-02T12:23:42.541+0000] {dag.py:4180} INFO - Setting next_dagrun for example_kubernetes_executor to None, run_after=None
[2026-05-02T12:23:42.549+0000] {processor.py:208} INFO - Processing /home/airflow/.local/lib/python3.12/site-packages/airflow/example_dags/example_kubernetes_executor.py took 0.064 seconds
[2026-05-02T12:24:13.507+0000] {processor.py:186} INFO - Started process (PID=87801) to work on /home/airflow/.local/lib/python3.12/site-packages/airflow/example_dags/example_kubernetes_executor.py
[2026-05-02T12:24:13.509+0000] {processor.py:914} INFO - Processing file /home/airflow/.local/lib/python3.12/site-packages/airflow/example_dags/example_kubernetes_executor.py for tasks to queue
[2026-05-02T12:24:13.511+0000] {logging_mixin.py:190} INFO - [2026-05-02T12:24:13.510+0000] {dagbag.py:588} INFO - Filling up the DagBag from /home/airflow/.local/lib/python3.12/site-packages/airflow/example_dags/example_kubernetes_executor.py
[2026-05-02T12:24:13.519+0000] {processor.py:925} INFO - DAG(s) 'example_kubernetes_executor' retrieved from /home/airflow/.local/lib/python3.12/site-packages/airflow/example_dags/example_kubernetes_executor.py
[2026-05-02T12:24:13.535+0000] {logging_mixin.py:190} INFO - [2026-05-02T12:24:13.535+0000] {dag.py:3239} INFO - Sync 1 DAGs
[2026-05-02T12:24:13.545+0000] {logging_mixin.py:190} INFO - [2026-05-02T12:24:13.545+0000] {dag.py:4180} INFO - Setting next_dagrun for example_kubernetes_executor to None, run_after=None
[2026-05-02T12:24:13.555+0000] {processor.py:208} INFO - Processing /home/airflow/.local/lib/python3.12/site-packages/airflow/example_dags/example_kubernetes_executor.py took 0.053 seconds
[2026-05-02T12:24:44.144+0000] {processor.py:186} INFO - Started process (PID=87865) to work on /home/airflow/.local/lib/python3.12/site-packages/airflow/example_dags/example_kubernetes_executor.py
[2026-05-02T12:24:44.145+0000] {processor.py:914} INFO - Processing file /home/airflow/.local/lib/python3.12/site-packages/airflow/example_dags/example_kubernetes_executor.py for tasks to queue
[2026-05-02T12:24:44.147+0000] {logging_mixin.py:190} INFO - [2026-05-02T12:24:44.146+0000] {dagbag.py:588} INFO - Filling up the DagBag from /home/airflow/.local/lib/python3.12/site-packages/airflow/example_dags/example_kubernetes_executor.py
[2026-05-02T12:24:44.159+0000] {processor.py:925} INFO - DAG(s) 'example_kubernetes_executor' retrieved from /home/airflow/.local/lib/python3.12/site-packages/airflow/example_dags/example_kubernetes_executor.py
[2026-05-02T12:24:44.178+0000] {logging_mixin.py:190} INFO - [2026-05-02T12:24:44.178+0000] {dag.py:3239} INFO - Sync 1 DAGs
[2026-05-02T12:24:44.192+0000] {logging_mixin.py:190} INFO - [2026-05-02T12:24:44.192+0000] {dag.py:4180} INFO - Setting next_dagrun for example_kubernetes_executor to None, run_after=None
[2026-05-02T12:24:44.202+0000] {processor.py:208} INFO - Processing /home/airflow/.local/lib/python3.12/site-packages/airflow/example_dags/example_kubernetes_executor.py took 0.066 seconds
[2026-05-02T12:25:14.867+0000] {processor.py:186} INFO - Started process (PID=87929) to work on /home/airflow/.local/lib/python3.12/site-packages/airflow/example_dags/example_kubernetes_executor.py
[2026-05-02T12:25:14.871+0000] {processor.py:914} INFO - Processing file /home/airflow/.local/lib/python3.12/site-packages/airflow/example_dags/example_kubernetes_executor.py for tasks to queue
[2026-05-02T12:25:14.872+0000] {logging_mixin.py:190} INFO - [2026-05-02T12:25:14.872+0000] {dagbag.py:588} INFO - Filling up the DagBag from /home/airflow/.local/lib/python3.12/site-packages/airflow/example_dags/example_kubernetes_executor.py
[2026-05-02T12:25:14.887+0000] {processor.py:925} INFO - DAG(s) 'example_kubernetes_executor' retrieved from /home/airflow/.local/lib/python3.12/site-packages/airflow/example_dags/example_kubernetes_executor.py
[2026-05-02T12:25:14.907+0000] {logging_mixin.py:190} INFO - [2026-05-02T12:25:14.906+0000] {dag.py:3239} INFO - Sync 1 DAGs
[2026-05-02T12:25:14.915+0000] {logging_mixin.py:190} INFO - [2026-05-02T12:25:14.915+0000] {dag.py:4180} INFO - Setting next_dagrun for example_kubernetes_executor to None, run_after=None
[2026-05-02T12:25:14.924+0000] {processor.py:208} INFO - Processing /home/airflow/.local/lib/python3.12/site-packages/airflow/example_dags/example_kubernetes_executor.py took 0.062 seconds
[2026-05-02T12:25:45.366+0000] {processor.py:186} INFO - Started process (PID=87993) to work on /home/airflow/.local/lib/python3.12/site-packages/airflow/example_dags/example_kubernetes_executor.py
[2026-05-02T12:25:45.367+0000] {processor.py:914} INFO - Processing file /home/airflow/.local/lib/python3.12/site-packages/airflow/example_dags/example_kubernetes_executor.py for tasks to queue
[2026-05-02T12:25:45.369+0000] {logging_mixin.py:190} INFO - [2026-05-02T12:25:45.369+0000] {dagbag.py:588} INFO - Filling up the DagBag from /home/airflow/.local/lib/python3.12/site-packages/airflow/example_dags/example_kubernetes_executor.py
[2026-05-02T12:25:45.384+0000] {processor.py:925} INFO - DAG(s) 'example_kubernetes_executor' retrieved from /home/airflow/.local/lib/python3.12/site-packages/airflow/example_dags/example_kubernetes_executor.py
[2026-05-02T12:25:45.398+0000] {logging_mixin.py:190} INFO - [2026-05-02T12:25:45.398+0000] {dag.py:3239} INFO - Sync 1 DAGs
[2026-05-02T12:25:45.406+0000] {logging_mixin.py:190} INFO - [2026-05-02T12:25:45.406+0000] {dag.py:4180} INFO - Setting next_dagrun for example_kubernetes_executor to None, run_after=None
[2026-05-02T12:25:45.414+0000] {processor.py:208} INFO - Processing /home/airflow/.local/lib/python3.12/site-packages/airflow/example_dags/example_kubernetes_executor.py took 0.054 seconds
[2026-05-02T12:26:15.909+0000] {processor.py:186} INFO - Started process (PID=88057) to work on /home/airflow/.local/lib/python3.12/site-packages/airflow/example_dags/example_kubernetes_executor.py
[2026-05-02T12:26:15.911+0000] {processor.py:914} INFO - Processing file /home/airflow/.local/lib/python3.12/site-packages/airflow/example_dags/example_kubernetes_executor.py for tasks to queue
[2026-05-02T12:26:15.915+0000] {logging_mixin.py:190} INFO - [2026-05-02T12:26:15.915+0000] {dagbag.py:588} INFO - Filling up the DagBag from /home/airflow/.local/lib/python3.12/site-packages/airflow/example_dags/example_kubernetes_executor.py
[2026-05-02T12:26:15.951+0000] {processor.py:925} INFO - DAG(s) 'example_kubernetes_executor' retrieved from /home/airflow/.local/lib/python3.12/site-packages/airflow/example_dags/example_kubernetes_executor.py
[2026-05-02T12:26:15.976+0000] {logging_mixin.py:190} INFO - [2026-05-02T12:26:15.976+0000] {dag.py:3239} INFO - Sync 1 DAGs
[2026-05-02T12:26:15.985+0000] {logging_mixin.py:190} INFO - [2026-05-02T12:26:15.984+0000] {dag.py:4180} INFO - Setting next_dagrun for example_kubernetes_executor to None, run_after=None
[2026-05-02T12:26:15.996+0000] {processor.py:208} INFO - Processing /home/airflow/.local/lib/python3.12/site-packages/airflow/example_dags/example_kubernetes_executor.py took 0.093 seconds
[2026-05-02T12:26:46.080+0000] {processor.py:186} INFO - Started process (PID=88121) to work on /home/airflow/.local/lib/python3.12/site-packages/airflow/example_dags/example_kubernetes_executor.py
[2026-05-02T12:26:46.082+0000] {processor.py:914} INFO - Processing file /home/airflow/.local/lib/python3.12/site-packages/airflow/example_dags/example_kubernetes_executor.py for tasks to queue
[2026-05-02T12:26:46.083+0000] {logging_mixin.py:190} INFO - [2026-05-02T12:26:46.083+0000] {dagbag.py:588} INFO - Filling up the DagBag from /home/airflow/.local/lib/python3.12/site-packages/airflow/example_dags/example_kubernetes_executor.py
[2026-05-02T12:26:46.094+0000] {processor.py:925} INFO - DAG(s) 'example_kubernetes_executor' retrieved from /home/airflow/.local/lib/python3.12/site-packages/airflow/example_dags/example_kubernetes_executor.py
[2026-05-02T12:26:46.114+0000] {logging_mixin.py:190} INFO - [2026-05-02T12:26:46.113+0000] {dag.py:3239} INFO - Sync 1 DAGs
[2026-05-02T12:26:46.125+0000] {logging_mixin.py:190} INFO - [2026-05-02T12:26:46.124+0000] {dag.py:4180} INFO - Setting next_dagrun for example_kubernetes_executor to None, run_after=None
[2026-05-02T12:26:46.135+0000] {processor.py:208} INFO - Processing /home/airflow/.local/lib/python3.12/site-packages/airflow/example_dags/example_kubernetes_executor.py took 0.059 seconds
[2026-05-02T12:27:16.690+0000] {processor.py:186} INFO - Started process (PID=88185) to work on /home/airflow/.local/lib/python3.12/site-packages/airflow/example_dags/example_kubernetes_executor.py
[2026-05-02T12:27:16.693+0000] {processor.py:914} INFO - Processing file /home/airflow/.local/lib/python3.12/site-packages/airflow/example_dags/example_kubernetes_executor.py for tasks to queue
[2026-05-02T12:27:16.695+0000] {logging_mixin.py:190} INFO - [2026-05-02T12:27:16.695+0000] {dagbag.py:588} INFO - Filling up the DagBag from /home/airflow/.local/lib/python3.12/site-packages/airflow/example_dags/example_kubernetes_executor.py
[2026-05-02T12:27:16.711+0000] {processor.py:925} INFO - DAG(s) 'example_kubernetes_executor' retrieved from /home/airflow/.local/lib/python3.12/site-packages/airflow/example_dags/example_kubernetes_executor.py
[2026-05-02T12:27:16.728+0000] {logging_mixin.py:190} INFO - [2026-05-02T12:27:16.727+0000] {dag.py:3239} INFO - Sync 1 DAGs
[2026-05-02T12:27:16.737+0000] {logging_mixin.py:190} INFO - [2026-05-02T12:27:16.737+0000] {dag.py:4180} INFO - Setting next_dagrun for example_kubernetes_executor to None, run_after=None
[2026-05-02T12:27:16.750+0000] {processor.py:208} INFO - Processing /home/airflow/.local/lib/python3.12/site-packages/airflow/example_dags/example_kubernetes_executor.py took 0.064 seconds
[2026-05-02T12:27:47.235+0000] {processor.py:186} INFO - Started process (PID=88249) to work on /home/airflow/.local/lib/python3.12/site-packages/airflow/example_dags/example_kubernetes_executor.py
[2026-05-02T12:27:47.236+0000] {processor.py:914} INFO - Processing file /home/airflow/.local/lib/python3.12/site-packages/airflow/example_dags/example_kubernetes_executor.py for tasks to queue
[2026-05-02T12:27:47.239+0000] {logging_mixin.py:190} INFO - [2026-05-02T12:27:47.238+0000] {dagbag.py:588} INFO - Filling up the DagBag from /home/airflow/.local/lib/python3.12/site-packages/airflow/example_dags/example_kubernetes_executor.py
[2026-05-02T12:27:47.251+0000] {processor.py:925} INFO - DAG(s) 'example_kubernetes_executor' retrieved from /home/airflow/.local/lib/python3.12/site-packages/airflow/example_dags/example_kubernetes_executor.py
[2026-05-02T12:27:47.270+0000] {logging_mixin.py:190} INFO - [2026-05-02T12:27:47.270+0000] {dag.py:3239} INFO - Sync 1 DAGs
[2026-05-02T12:27:47.278+0000] {logging_mixin.py:190} INFO - [2026-05-02T12:27:47.278+0000] {dag.py:4180} INFO - Setting next_dagrun for example_kubernetes_executor to None, run_after=None
[2026-05-02T12:27:47.289+0000] {processor.py:208} INFO - Processing /home/airflow/.local/lib/python3.12/site-packages/airflow/example_dags/example_kubernetes_executor.py took 0.060 seconds
[2026-05-02T12:28:17.751+0000] {processor.py:186} INFO - Started process (PID=88313) to work on /home/airflow/.local/lib/python3.12/site-packages/airflow/example_dags/example_kubernetes_executor.py
[2026-05-02T12:28:17.755+0000] {processor.py:914} INFO - Processing file /home/airflow/.local/lib/python3.12/site-packages/airflow/example_dags/example_kubernetes_executor.py for tasks to queue
[2026-05-02T12:28:17.758+0000] {logging_mixin.py:190} INFO - [2026-05-02T12:28:17.758+0000] {dagbag.py:588} INFO - Filling up the DagBag from /home/airflow/.local/lib/python3.12/site-packages/airflow/example_dags/example_kubernetes_executor.py
[2026-05-02T12:28:17.772+0000] {processor.py:925} INFO - DAG(s) 'example_kubernetes_executor' retrieved from /home/airflow/.local/lib/python3.12/site-packages/airflow/example_dags/example_kubernetes_executor.py
[2026-05-02T12:28:17.791+0000] {logging_mixin.py:190} INFO - [2026-05-02T12:28:17.791+0000] {dag.py:3239} INFO - Sync 1 DAGs
[2026-05-02T12:28:17.800+0000] {logging_mixin.py:190} INFO - [2026-05-02T12:28:17.799+0000] {dag.py:4180} INFO - Setting next_dagrun for example_kubernetes_executor to None, run_after=None
[2026-05-02T12:28:17.811+0000] {processor.py:208} INFO - Processing /home/airflow/.local/lib/python3.12/site-packages/airflow/example_dags/example_kubernetes_executor.py took 0.067 seconds
[2026-05-02T12:28:48.285+0000] {processor.py:186} INFO - Started process (PID=88378) to work on /home/airflow/.local/lib/python3.12/site-packages/airflow/example_dags/example_kubernetes_executor.py
[2026-05-02T12:28:48.288+0000] {processor.py:914} INFO - Processing file /home/airflow/.local/lib/python3.12/site-packages/airflow/example_dags/example_kubernetes_executor.py for tasks to queue
[2026-05-02T12:28:48.289+0000] {logging_mixin.py:190} INFO - [2026-05-02T12:28:48.289+0000] {dagbag.py:588} INFO - Filling up the DagBag from /home/airflow/.local/lib/python3.12/site-packages/airflow/example_dags/example_kubernetes_executor.py
[2026-05-02T12:28:48.309+0000] {processor.py:925} INFO - DAG(s) 'example_kubernetes_executor' retrieved from /home/airflow/.local/lib/python3.12/site-packages/airflow/example_dags/example_kubernetes_executor.py
[2026-05-02T12:28:48.325+0000] {logging_mixin.py:190} INFO - [2026-05-02T12:28:48.325+0000] {dag.py:3239} INFO - Sync 1 DAGs
[2026-05-02T12:28:48.332+0000] {logging_mixin.py:190} INFO - [2026-05-02T12:28:48.332+0000] {dag.py:4180} INFO - Setting next_dagrun for example_kubernetes_executor to None, run_after=None
[2026-05-02T12:28:48.340+0000] {processor.py:208} INFO - Processing /home/airflow/.local/lib/python3.12/site-packages/airflow/example_dags/example_kubernetes_executor.py took 0.060 seconds
[2026-05-02T12:29:18.754+0000] {processor.py:186} INFO - Started process (PID=88442) to work on /home/airflow/.local/lib/python3.12/site-packages/airflow/example_dags/example_kubernetes_executor.py
[2026-05-02T12:29:18.755+0000] {processor.py:914} INFO - Processing file /home/airflow/.local/lib/python3.12/site-packages/airflow/example_dags/example_kubernetes_executor.py for tasks to queue
[2026-05-02T12:29:18.757+0000] {logging_mixin.py:190} INFO - [2026-05-02T12:29:18.757+0000] {dagbag.py:588} INFO - Filling up the DagBag from /home/airflow/.local/lib/python3.12/site-packages/airflow/example_dags/example_kubernetes_executor.py
[2026-05-02T12:29:18.768+0000] {processor.py:925} INFO - DAG(s) 'example_kubernetes_executor' retrieved from /home/airflow/.local/lib/python3.12/site-packages/airflow/example_dags/example_kubernetes_executor.py
[2026-05-02T12:29:18.782+0000] {logging_mixin.py:190} INFO - [2026-05-02T12:29:18.782+0000] {dag.py:3239} INFO - Sync 1 DAGs
[2026-05-02T12:29:18.789+0000] {logging_mixin.py:190} INFO - [2026-05-02T12:29:18.789+0000] {dag.py:4180} INFO - Setting next_dagrun for example_kubernetes_executor to None, run_after=None
[2026-05-02T12:29:18.797+0000] {processor.py:208} INFO - Processing /home/airflow/.local/lib/python3.12/site-packages/airflow/example_dags/example_kubernetes_executor.py took 0.048 seconds
[2026-05-02T12:29:49.179+0000] {processor.py:186} INFO - Started process (PID=88506) to work on /home/airflow/.local/lib/python3.12/site-packages/airflow/example_dags/example_kubernetes_executor.py
[2026-05-02T12:29:49.182+0000] {processor.py:914} INFO - Processing file /home/airflow/.local/lib/python3.12/site-packages/airflow/example_dags/example_kubernetes_executor.py for tasks to queue
[2026-05-02T12:29:49.185+0000] {logging_mixin.py:190} INFO - [2026-05-02T12:29:49.185+0000] {dagbag.py:588} INFO - Filling up the DagBag from /home/airflow/.local/lib/python3.12/site-packages/airflow/example_dags/example_kubernetes_executor.py
[2026-05-02T12:29:49.201+0000] {processor.py:925} INFO - DAG(s) 'example_kubernetes_executor' retrieved from /home/airflow/.local/lib/python3.12/site-packages/airflow/example_dags/example_kubernetes_executor.py
[2026-05-02T12:29:49.223+0000] {logging_mixin.py:190} INFO - [2026-05-02T12:29:49.223+0000] {dag.py:3239} INFO - Sync 1 DAGs
[2026-05-02T12:29:49.234+0000] {logging_mixin.py:190} INFO - [2026-05-02T12:29:49.234+0000] {dag.py:4180} INFO - Setting next_dagrun for example_kubernetes_executor to None, run_after=None
[2026-05-02T12:29:49.245+0000] {processor.py:208} INFO - Processing /home/airflow/.local/lib/python3.12/site-packages/airflow/example_dags/example_kubernetes_executor.py took 0.070 seconds
[2026-05-02T12:30:19.926+0000] {processor.py:186} INFO - Started process (PID=88570) to work on /home/airflow/.local/lib/python3.12/site-packages/airflow/example_dags/example_kubernetes_executor.py
[2026-05-02T12:30:19.928+0000] {processor.py:914} INFO - Processing file /home/airflow/.local/lib/python3.12/site-packages/airflow/example_dags/example_kubernetes_executor.py for tasks to queue
[2026-05-02T12:30:19.929+0000] {logging_mixin.py:190} INFO - [2026-05-02T12:30:19.929+0000] {dagbag.py:588} INFO - Filling up the DagBag from /home/airflow/.local/lib/python3.12/site-packages/airflow/example_dags/example_kubernetes_executor.py
[2026-05-02T12:30:19.939+0000] {processor.py:925} INFO - DAG(s) 'example_kubernetes_executor' retrieved from /home/airflow/.local/lib/python3.12/site-packages/airflow/example_dags/example_kubernetes_executor.py
[2026-05-02T12:30:19.957+0000] {logging_mixin.py:190} INFO - [2026-05-02T12:30:19.957+0000] {dag.py:3239} INFO - Sync 1 DAGs
[2026-05-02T12:30:19.965+0000] {logging_mixin.py:190} INFO - [2026-05-02T12:30:19.965+0000] {dag.py:4180} INFO - Setting next_dagrun for example_kubernetes_executor to None, run_after=None
[2026-05-02T12:30:19.975+0000] {processor.py:208} INFO - Processing /home/airflow/.local/lib/python3.12/site-packages/airflow/example_dags/example_kubernetes_executor.py took 0.053 seconds
[2026-05-02T12:30:50.467+0000] {processor.py:186} INFO - Started process (PID=88634) to work on /home/airflow/.local/lib/python3.12/site-packages/airflow/example_dags/example_kubernetes_executor.py
[2026-05-02T12:30:50.470+0000] {processor.py:914} INFO - Processing file /home/airflow/.local/lib/python3.12/site-packages/airflow/example_dags/example_kubernetes_executor.py for tasks to queue
[2026-05-02T12:30:50.474+0000] {logging_mixin.py:190} INFO - [2026-05-02T12:30:50.474+0000] {dagbag.py:588} INFO - Filling up the DagBag from /home/airflow/.local/lib/python3.12/site-packages/airflow/example_dags/example_kubernetes_executor.py
[2026-05-02T12:30:50.486+0000] {processor.py:925} INFO - DAG(s) 'example_kubernetes_executor' retrieved from /home/airflow/.local/lib/python3.12/site-packages/airflow/example_dags/example_kubernetes_executor.py
[2026-05-02T12:30:50.504+0000] {logging_mixin.py:190} INFO - [2026-05-02T12:30:50.504+0000] {dag.py:3239} INFO - Sync 1 DAGs
[2026-05-02T12:30:50.511+0000] {logging_mixin.py:190} INFO - [2026-05-02T12:30:50.511+0000] {dag.py:4180} INFO - Setting next_dagrun for example_kubernetes_executor to None, run_after=None
[2026-05-02T12:30:50.519+0000] {processor.py:208} INFO - Processing /home/airflow/.local/lib/python3.12/site-packages/airflow/example_dags/example_kubernetes_executor.py took 0.057 seconds
[2026-05-02T12:31:21.323+0000] {processor.py:186} INFO - Started process (PID=88698) to work on /home/airflow/.local/lib/python3.12/site-packages/airflow/example_dags/example_kubernetes_executor.py
[2026-05-02T12:31:21.325+0000] {processor.py:914} INFO - Processing file /home/airflow/.local/lib/python3.12/site-packages/airflow/example_dags/example_kubernetes_executor.py for tasks to queue
[2026-05-02T12:31:21.327+0000] {logging_mixin.py:190} INFO - [2026-05-02T12:31:21.326+0000] {dagbag.py:588} INFO - Filling up the DagBag from /home/airflow/.local/lib/python3.12/site-packages/airflow/example_dags/example_kubernetes_executor.py
[2026-05-02T12:31:21.342+0000] {processor.py:925} INFO - DAG(s) 'example_kubernetes_executor' retrieved from /home/airflow/.local/lib/python3.12/site-packages/airflow/example_dags/example_kubernetes_executor.py
[2026-05-02T12:31:21.360+0000] {logging_mixin.py:190} INFO - [2026-05-02T12:31:21.360+0000] {dag.py:3239} INFO - Sync 1 DAGs
[2026-05-02T12:31:21.373+0000] {logging_mixin.py:190} INFO - [2026-05-02T12:31:21.373+0000] {dag.py:4180} INFO - Setting next_dagrun for example_kubernetes_executor to None, run_after=None
[2026-05-02T12:31:21.383+0000] {processor.py:208} INFO - Processing /home/airflow/.local/lib/python3.12/site-packages/airflow/example_dags/example_kubernetes_executor.py took 0.066 seconds
[2026-05-02T12:31:52.348+0000] {processor.py:186} INFO - Started process (PID=88762) to work on /home/airflow/.local/lib/python3.12/site-packages/airflow/example_dags/example_kubernetes_executor.py
[2026-05-02T12:31:52.351+0000] {processor.py:914} INFO - Processing file /home/airflow/.local/lib/python3.12/site-packages/airflow/example_dags/example_kubernetes_executor.py for tasks to queue
[2026-05-02T12:31:52.355+0000] {logging_mixin.py:190} INFO - [2026-05-02T12:31:52.354+0000] {dagbag.py:588} INFO - Filling up the DagBag from /home/airflow/.local/lib/python3.12/site-packages/airflow/example_dags/example_kubernetes_executor.py
[2026-05-02T12:31:52.372+0000] {processor.py:925} INFO - DAG(s) 'example_kubernetes_executor' retrieved from /home/airflow/.local/lib/python3.12/site-packages/airflow/example_dags/example_kubernetes_executor.py
[2026-05-02T12:31:52.393+0000] {logging_mixin.py:190} INFO - [2026-05-02T12:31:52.392+0000] {dag.py:3239} INFO - Sync 1 DAGs
[2026-05-02T12:31:52.402+0000] {logging_mixin.py:190} INFO - [2026-05-02T12:31:52.402+0000] {dag.py:4180} INFO - Setting next_dagrun for example_kubernetes_executor to None, run_after=None
[2026-05-02T12:31:52.411+0000] {processor.py:208} INFO - Processing /home/airflow/.local/lib/python3.12/site-packages/airflow/example_dags/example_kubernetes_executor.py took 0.071 seconds
[2026-05-02T12:32:23.290+0000] {processor.py:186} INFO - Started process (PID=88826) to work on /home/airflow/.local/lib/python3.12/site-packages/airflow/example_dags/example_kubernetes_executor.py
[2026-05-02T12:32:23.292+0000] {processor.py:914} INFO - Processing file /home/airflow/.local/lib/python3.12/site-packages/airflow/example_dags/example_kubernetes_executor.py for tasks to queue
[2026-05-02T12:32:23.294+0000] {logging_mixin.py:190} INFO - [2026-05-02T12:32:23.294+0000] {dagbag.py:588} INFO - Filling up the DagBag from /home/airflow/.local/lib/python3.12/site-packages/airflow/example_dags/example_kubernetes_executor.py
[2026-05-02T12:32:23.307+0000] {processor.py:925} INFO - DAG(s) 'example_kubernetes_executor' retrieved from /home/airflow/.local/lib/python3.12/site-packages/airflow/example_dags/example_kubernetes_executor.py
[2026-05-02T12:32:23.323+0000] {logging_mixin.py:190} INFO - [2026-05-02T12:32:23.323+0000] {dag.py:3239} INFO - Sync 1 DAGs
[2026-05-02T12:32:23.335+0000] {logging_mixin.py:190} INFO - [2026-05-02T12:32:23.335+0000] {dag.py:4180} INFO - Setting next_dagrun for example_kubernetes_executor to None, run_after=None
[2026-05-02T12:32:23.348+0000] {processor.py:208} INFO - Processing /home/airflow/.local/lib/python3.12/site-packages/airflow/example_dags/example_kubernetes_executor.py took 0.064 seconds
[2026-05-02T12:32:53.943+0000] {processor.py:186} INFO - Started process (PID=88890) to work on /home/airflow/.local/lib/python3.12/site-packages/airflow/example_dags/example_kubernetes_executor.py
[2026-05-02T12:32:53.945+0000] {processor.py:914} INFO - Processing file /home/airflow/.local/lib/python3.12/site-packages/airflow/example_dags/example_kubernetes_executor.py for tasks to queue
[2026-05-02T12:32:53.948+0000] {logging_mixin.py:190} INFO - [2026-05-02T12:32:53.947+0000] {dagbag.py:588} INFO - Filling up the DagBag from /home/airflow/.local/lib/python3.12/site-packages/airflow/example_dags/example_kubernetes_executor.py
[2026-05-02T12:32:53.961+0000] {processor.py:925} INFO - DAG(s) 'example_kubernetes_executor' retrieved from /home/airflow/.local/lib/python3.12/site-packages/airflow/example_dags/example_kubernetes_executor.py
[2026-05-02T12:32:53.981+0000] {logging_mixin.py:190} INFO - [2026-05-02T12:32:53.980+0000] {dag.py:3239} INFO - Sync 1 DAGs
[2026-05-02T12:32:53.990+0000] {logging_mixin.py:190} INFO - [2026-05-02T12:32:53.990+0000] {dag.py:4180} INFO - Setting next_dagrun for example_kubernetes_executor to None, run_after=None
[2026-05-02T12:32:54.000+0000] {processor.py:208} INFO - Processing /home/airflow/.local/lib/python3.12/site-packages/airflow/example_dags/example_kubernetes_executor.py took 0.062 seconds
[2026-05-02T12:33:24.746+0000] {processor.py:186} INFO - Started process (PID=88954) to work on /home/airflow/.local/lib/python3.12/site-packages/airflow/example_dags/example_kubernetes_executor.py
[2026-05-02T12:33:24.749+0000] {processor.py:914} INFO - Processing file /home/airflow/.local/lib/python3.12/site-packages/airflow/example_dags/example_kubernetes_executor.py for tasks to queue
[2026-05-02T12:33:24.752+0000] {logging_mixin.py:190} INFO - [2026-05-02T12:33:24.752+0000] {dagbag.py:588} INFO - Filling up the DagBag from /home/airflow/.local/lib/python3.12/site-packages/airflow/example_dags/example_kubernetes_executor.py
[2026-05-02T12:33:24.769+0000] {processor.py:925} INFO - DAG(s) 'example_kubernetes_executor' retrieved from /home/airflow/.local/lib/python3.12/site-packages/airflow/example_dags/example_kubernetes_executor.py
[2026-05-02T12:33:24.792+0000] {logging_mixin.py:190} INFO - [2026-05-02T12:33:24.792+0000] {dag.py:3239} INFO - Sync 1 DAGs
[2026-05-02T12:33:24.801+0000] {logging_mixin.py:190} INFO - [2026-05-02T12:33:24.801+0000] {dag.py:4180} INFO - Setting next_dagrun for example_kubernetes_executor to None, run_after=None
[2026-05-02T12:33:24.809+0000] {processor.py:208} INFO - Processing /home/airflow/.local/lib/python3.12/site-packages/airflow/example_dags/example_kubernetes_executor.py took 0.070 seconds
[2026-05-02T12:33:55.419+0000] {processor.py:186} INFO - Started process (PID=89018) to work on /home/airflow/.local/lib/python3.12/site-packages/airflow/example_dags/example_kubernetes_executor.py
[2026-05-02T12:33:55.422+0000] {processor.py:914} INFO - Processing file /home/airflow/.local/lib/python3.12/site-packages/airflow/example_dags/example_kubernetes_executor.py for tasks to queue
[2026-05-02T12:33:55.425+0000] {logging_mixin.py:190} INFO - [2026-05-02T12:33:55.424+0000] {dagbag.py:588} INFO - Filling up the DagBag from /home/airflow/.local/lib/python3.12/site-packages/airflow/example_dags/example_kubernetes_executor.py
[2026-05-02T12:33:55.439+0000] {processor.py:925} INFO - DAG(s) 'example_kubernetes_executor' retrieved from /home/airflow/.local/lib/python3.12/site-packages/airflow/example_dags/example_kubernetes_executor.py
[2026-05-02T12:33:55.459+0000] {logging_mixin.py:190} INFO - [2026-05-02T12:33:55.459+0000] {dag.py:3239} INFO - Sync 1 DAGs
[2026-05-02T12:33:55.466+0000] {logging_mixin.py:190} INFO - [2026-05-02T12:33:55.466+0000] {dag.py:4180} INFO - Setting next_dagrun for example_kubernetes_executor to None, run_after=None
[2026-05-02T12:33:55.474+0000] {processor.py:208} INFO - Processing /home/airflow/.local/lib/python3.12/site-packages/airflow/example_dags/example_kubernetes_executor.py took 0.061 seconds
[2026-05-02T12:34:25.922+0000] {processor.py:186} INFO - Started process (PID=89082) to work on /home/airflow/.local/lib/python3.12/site-packages/airflow/example_dags/example_kubernetes_executor.py
[2026-05-02T12:34:25.924+0000] {processor.py:914} INFO - Processing file /home/airflow/.local/lib/python3.12/site-packages/airflow/example_dags/example_kubernetes_executor.py for tasks to queue
[2026-05-02T12:34:25.926+0000] {logging_mixin.py:190} INFO - [2026-05-02T12:34:25.925+0000] {dagbag.py:588} INFO - Filling up the DagBag from /home/airflow/.local/lib/python3.12/site-packages/airflow/example_dags/example_kubernetes_executor.py
[2026-05-02T12:34:25.937+0000] {processor.py:925} INFO - DAG(s) 'example_kubernetes_executor' retrieved from /home/airflow/.local/lib/python3.12/site-packages/airflow/example_dags/example_kubernetes_executor.py
[2026-05-02T12:34:25.957+0000] {logging_mixin.py:190} INFO - [2026-05-02T12:34:25.957+0000] {dag.py:3239} INFO - Sync 1 DAGs
[2026-05-02T12:34:25.969+0000] {logging_mixin.py:190} INFO - [2026-05-02T12:34:25.969+0000] {dag.py:4180} INFO - Setting next_dagrun for example_kubernetes_executor to None, run_after=None
[2026-05-02T12:34:25.978+0000] {processor.py:208} INFO - Processing /home/airflow/.local/lib/python3.12/site-packages/airflow/example_dags/example_kubernetes_executor.py took 0.061 seconds
[2026-05-02T12:34:56.557+0000] {processor.py:186} INFO - Started process (PID=89146) to work on /home/airflow/.local/lib/python3.12/site-packages/airflow/example_dags/example_kubernetes_executor.py
[2026-05-02T12:34:56.559+0000] {processor.py:914} INFO - Processing file /home/airflow/.local/lib/python3.12/site-packages/airflow/example_dags/example_kubernetes_executor.py for tasks to queue
[2026-05-02T12:34:56.563+0000] {logging_mixin.py:190} INFO - [2026-05-02T12:34:56.563+0000] {dagbag.py:588} INFO - Filling up the DagBag from /home/airflow/.local/lib/python3.12/site-packages/airflow/example_dags/example_kubernetes_executor.py
[2026-05-02T12:34:56.579+0000] {processor.py:925} INFO - DAG(s) 'example_kubernetes_executor' retrieved from /home/airflow/.local/lib/python3.12/site-packages/airflow/example_dags/example_kubernetes_executor.py
[2026-05-02T12:34:56.599+0000] {logging_mixin.py:190} INFO - [2026-05-02T12:34:56.599+0000] {dag.py:3239} INFO - Sync 1 DAGs
[2026-05-02T12:34:56.606+0000] {logging_mixin.py:190} INFO - [2026-05-02T12:34:56.606+0000] {dag.py:4180} INFO - Setting next_dagrun for example_kubernetes_executor to None, run_after=None
[2026-05-02T12:34:56.618+0000] {processor.py:208} INFO - Processing /home/airflow/.local/lib/python3.12/site-packages/airflow/example_dags/example_kubernetes_executor.py took 0.067 seconds
[2026-05-02T12:35:27.262+0000] {processor.py:186} INFO - Started process (PID=89210) to work on /home/airflow/.local/lib/python3.12/site-packages/airflow/example_dags/example_kubernetes_executor.py
[2026-05-02T12:35:27.264+0000] {processor.py:914} INFO - Processing file /home/airflow/.local/lib/python3.12/site-packages/airflow/example_dags/example_kubernetes_executor.py for tasks to queue
[2026-05-02T12:35:27.266+0000] {logging_mixin.py:190} INFO - [2026-05-02T12:35:27.266+0000] {dagbag.py:588} INFO - Filling up the DagBag from /home/airflow/.local/lib/python3.12/site-packages/airflow/example_dags/example_kubernetes_executor.py
[2026-05-02T12:35:27.279+0000] {processor.py:925} INFO - DAG(s) 'example_kubernetes_executor' retrieved from /home/airflow/.local/lib/python3.12/site-packages/airflow/example_dags/example_kubernetes_executor.py
[2026-05-02T12:35:27.299+0000] {logging_mixin.py:190} INFO - [2026-05-02T12:35:27.299+0000] {dag.py:3239} INFO - Sync 1 DAGs
[2026-05-02T12:35:27.309+0000] {logging_mixin.py:190} INFO - [2026-05-02T12:35:27.309+0000] {dag.py:4180} INFO - Setting next_dagrun for example_kubernetes_executor to None, run_after=None
[2026-05-02T12:35:27.316+0000] {processor.py:208} INFO - Processing /home/airflow/.local/lib/python3.12/site-packages/airflow/example_dags/example_kubernetes_executor.py took 0.062 seconds
[2026-05-02T12:35:57.990+0000] {processor.py:186} INFO - Started process (PID=89274) to work on /home/airflow/.local/lib/python3.12/site-packages/airflow/example_dags/example_kubernetes_executor.py
[2026-05-02T12:35:57.993+0000] {processor.py:914} INFO - Processing file /home/airflow/.local/lib/python3.12/site-packages/airflow/example_dags/example_kubernetes_executor.py for tasks to queue
[2026-05-02T12:35:57.994+0000] {logging_mixin.py:190} INFO - [2026-05-02T12:35:57.994+0000] {dagbag.py:588} INFO - Filling up the DagBag from /home/airflow/.local/lib/python3.12/site-packages/airflow/example_dags/example_kubernetes_executor.py
[2026-05-02T12:35:58.002+0000] {processor.py:925} INFO - DAG(s) 'example_kubernetes_executor' retrieved from /home/airflow/.local/lib/python3.12/site-packages/airflow/example_dags/example_kubernetes_executor.py
[2026-05-02T12:35:58.016+0000] {logging_mixin.py:190} INFO - [2026-05-02T12:35:58.016+0000] {dag.py:3239} INFO - Sync 1 DAGs
[2026-05-02T12:35:58.025+0000] {logging_mixin.py:190} INFO - [2026-05-02T12:35:58.025+0000] {dag.py:4180} INFO - Setting next_dagrun for example_kubernetes_executor to None, run_after=None
[2026-05-02T12:35:58.036+0000] {processor.py:208} INFO - Processing /home/airflow/.local/lib/python3.12/site-packages/airflow/example_dags/example_kubernetes_executor.py took 0.049 seconds
[2026-05-02T12:36:28.728+0000] {processor.py:186} INFO - Started process (PID=89337) to work on /home/airflow/.local/lib/python3.12/site-packages/airflow/example_dags/example_kubernetes_executor.py
[2026-05-02T12:36:28.730+0000] {processor.py:914} INFO - Processing file /home/airflow/.local/lib/python3.12/site-packages/airflow/example_dags/example_kubernetes_executor.py for tasks to queue
[2026-05-02T12:36:28.733+0000] {logging_mixin.py:190} INFO - [2026-05-02T12:36:28.733+0000] {dagbag.py:588} INFO - Filling up the DagBag from /home/airflow/.local/lib/python3.12/site-packages/airflow/example_dags/example_kubernetes_executor.py
[2026-05-02T12:36:28.752+0000] {processor.py:925} INFO - DAG(s) 'example_kubernetes_executor' retrieved from /home/airflow/.local/lib/python3.12/site-packages/airflow/example_dags/example_kubernetes_executor.py
[2026-05-02T12:36:28.771+0000] {logging_mixin.py:190} INFO - [2026-05-02T12:36:28.771+0000] {dag.py:3239} INFO - Sync 1 DAGs
[2026-05-02T12:36:28.777+0000] {logging_mixin.py:190} INFO - [2026-05-02T12:36:28.777+0000] {dag.py:4180} INFO - Setting next_dagrun for example_kubernetes_executor to None, run_after=None
[2026-05-02T12:36:28.783+0000] {processor.py:208} INFO - Processing /home/airflow/.local/lib/python3.12/site-packages/airflow/example_dags/example_kubernetes_executor.py took 0.060 seconds
[2026-05-02T12:36:59.212+0000] {processor.py:186} INFO - Started process (PID=89401) to work on /home/airflow/.local/lib/python3.12/site-packages/airflow/example_dags/example_kubernetes_executor.py
[2026-05-02T12:36:59.214+0000] {processor.py:914} INFO - Processing file /home/airflow/.local/lib/python3.12/site-packages/airflow/example_dags/example_kubernetes_executor.py for tasks to queue
[2026-05-02T12:36:59.216+0000] {logging_mixin.py:190} INFO - [2026-05-02T12:36:59.215+0000] {dagbag.py:588} INFO - Filling up the DagBag from /home/airflow/.local/lib/python3.12/site-packages/airflow/example_dags/example_kubernetes_executor.py
[2026-05-02T12:36:59.231+0000] {processor.py:925} INFO - DAG(s) 'example_kubernetes_executor' retrieved from /home/airflow/.local/lib/python3.12/site-packages/airflow/example_dags/example_kubernetes_executor.py
[2026-05-02T12:36:59.244+0000] {logging_mixin.py:190} INFO - [2026-05-02T12:36:59.244+0000] {dag.py:3239} INFO - Sync 1 DAGs
[2026-05-02T12:36:59.251+0000] {logging_mixin.py:190} INFO - [2026-05-02T12:36:59.251+0000] {dag.py:4180} INFO - Setting next_dagrun for example_kubernetes_executor to None, run_after=None
[2026-05-02T12:36:59.259+0000] {processor.py:208} INFO - Processing /home/airflow/.local/lib/python3.12/site-packages/airflow/example_dags/example_kubernetes_executor.py took 0.051 seconds
[2026-05-02T12:37:29.594+0000] {processor.py:186} INFO - Started process (PID=89465) to work on /home/airflow/.local/lib/python3.12/site-packages/airflow/example_dags/example_kubernetes_executor.py
[2026-05-02T12:37:29.596+0000] {processor.py:914} INFO - Processing file /home/airflow/.local/lib/python3.12/site-packages/airflow/example_dags/example_kubernetes_executor.py for tasks to queue
[2026-05-02T12:37:29.599+0000] {logging_mixin.py:190} INFO - [2026-05-02T12:37:29.599+0000] {dagbag.py:588} INFO - Filling up the DagBag from /home/airflow/.local/lib/python3.12/site-packages/airflow/example_dags/example_kubernetes_executor.py
[2026-05-02T12:37:29.613+0000] {processor.py:925} INFO - DAG(s) 'example_kubernetes_executor' retrieved from /home/airflow/.local/lib/python3.12/site-packages/airflow/example_dags/example_kubernetes_executor.py
[2026-05-02T12:37:29.632+0000] {logging_mixin.py:190} INFO - [2026-05-02T12:37:29.632+0000] {dag.py:3239} INFO - Sync 1 DAGs
[2026-05-02T12:37:29.642+0000] {logging_mixin.py:190} INFO - [2026-05-02T12:37:29.642+0000] {dag.py:4180} INFO - Setting next_dagrun for example_kubernetes_executor to None, run_after=None
[2026-05-02T12:37:29.649+0000] {processor.py:208} INFO - Processing /home/airflow/.local/lib/python3.12/site-packages/airflow/example_dags/example_kubernetes_executor.py took 0.060 seconds
[2026-05-02T12:38:00.110+0000] {processor.py:186} INFO - Started process (PID=89529) to work on /home/airflow/.local/lib/python3.12/site-packages/airflow/example_dags/example_kubernetes_executor.py
[2026-05-02T12:38:00.111+0000] {processor.py:914} INFO - Processing file /home/airflow/.local/lib/python3.12/site-packages/airflow/example_dags/example_kubernetes_executor.py for tasks to queue
[2026-05-02T12:38:00.113+0000] {logging_mixin.py:190} INFO - [2026-05-02T12:38:00.113+0000] {dagbag.py:588} INFO - Filling up the DagBag from /home/airflow/.local/lib/python3.12/site-packages/airflow/example_dags/example_kubernetes_executor.py
[2026-05-02T12:38:00.123+0000] {processor.py:925} INFO - DAG(s) 'example_kubernetes_executor' retrieved from /home/airflow/.local/lib/python3.12/site-packages/airflow/example_dags/example_kubernetes_executor.py
[2026-05-02T12:38:00.142+0000] {logging_mixin.py:190} INFO - [2026-05-02T12:38:00.141+0000] {dag.py:3239} INFO - Sync 1 DAGs
[2026-05-02T12:38:00.149+0000] {logging_mixin.py:190} INFO - [2026-05-02T12:38:00.149+0000] {dag.py:4180} INFO - Setting next_dagrun for example_kubernetes_executor to None, run_after=None
[2026-05-02T12:38:00.159+0000] {processor.py:208} INFO - Processing /home/airflow/.local/lib/python3.12/site-packages/airflow/example_dags/example_kubernetes_executor.py took 0.052 seconds
[2026-05-02T12:38:30.879+0000] {processor.py:186} INFO - Started process (PID=89593) to work on /home/airflow/.local/lib/python3.12/site-packages/airflow/example_dags/example_kubernetes_executor.py
[2026-05-02T12:38:30.882+0000] {processor.py:914} INFO - Processing file /home/airflow/.local/lib/python3.12/site-packages/airflow/example_dags/example_kubernetes_executor.py for tasks to queue
[2026-05-02T12:38:30.885+0000] {logging_mixin.py:190} INFO - [2026-05-02T12:38:30.884+0000] {dagbag.py:588} INFO - Filling up the DagBag from /home/airflow/.local/lib/python3.12/site-packages/airflow/example_dags/example_kubernetes_executor.py
[2026-05-02T12:38:30.899+0000] {processor.py:925} INFO - DAG(s) 'example_kubernetes_executor' retrieved from /home/airflow/.local/lib/python3.12/site-packages/airflow/example_dags/example_kubernetes_executor.py
[2026-05-02T12:38:30.919+0000] {logging_mixin.py:190} INFO - [2026-05-02T12:38:30.919+0000] {dag.py:3239} INFO - Sync 1 DAGs
[2026-05-02T12:38:30.930+0000] {logging_mixin.py:190} INFO - [2026-05-02T12:38:30.930+0000] {dag.py:4180} INFO - Setting next_dagrun for example_kubernetes_executor to None, run_after=None
[2026-05-02T12:38:30.939+0000] {processor.py:208} INFO - Processing /home/airflow/.local/lib/python3.12/site-packages/airflow/example_dags/example_kubernetes_executor.py took 0.063 seconds
[2026-05-02T12:39:01.327+0000] {processor.py:186} INFO - Started process (PID=89657) to work on /home/airflow/.local/lib/python3.12/site-packages/airflow/example_dags/example_kubernetes_executor.py
[2026-05-02T12:39:01.329+0000] {processor.py:914} INFO - Processing file /home/airflow/.local/lib/python3.12/site-packages/airflow/example_dags/example_kubernetes_executor.py for tasks to queue
[2026-05-02T12:39:01.334+0000] {logging_mixin.py:190} INFO - [2026-05-02T12:39:01.334+0000] {dagbag.py:588} INFO - Filling up the DagBag from /home/airflow/.local/lib/python3.12/site-packages/airflow/example_dags/example_kubernetes_executor.py
[2026-05-02T12:39:01.354+0000] {processor.py:925} INFO - DAG(s) 'example_kubernetes_executor' retrieved from /home/airflow/.local/lib/python3.12/site-packages/airflow/example_dags/example_kubernetes_executor.py
[2026-05-02T12:39:01.375+0000] {logging_mixin.py:190} INFO - [2026-05-02T12:39:01.374+0000] {dag.py:3239} INFO - Sync 1 DAGs
[2026-05-02T12:39:01.385+0000] {logging_mixin.py:190} INFO - [2026-05-02T12:39:01.385+0000] {dag.py:4180} INFO - Setting next_dagrun for example_kubernetes_executor to None, run_after=None
[2026-05-02T12:39:01.394+0000] {processor.py:208} INFO - Processing /home/airflow/.local/lib/python3.12/site-packages/airflow/example_dags/example_kubernetes_executor.py took 0.073 seconds
[2026-05-02T12:39:32.294+0000] {processor.py:186} INFO - Started process (PID=89721) to work on /home/airflow/.local/lib/python3.12/site-packages/airflow/example_dags/example_kubernetes_executor.py
[2026-05-02T12:39:32.297+0000] {processor.py:914} INFO - Processing file /home/airflow/.local/lib/python3.12/site-packages/airflow/example_dags/example_kubernetes_executor.py for tasks to queue
[2026-05-02T12:39:32.299+0000] {logging_mixin.py:190} INFO - [2026-05-02T12:39:32.299+0000] {dagbag.py:588} INFO - Filling up the DagBag from /home/airflow/.local/lib/python3.12/site-packages/airflow/example_dags/example_kubernetes_executor.py
[2026-05-02T12:39:32.308+0000] {processor.py:925} INFO - DAG(s) 'example_kubernetes_executor' retrieved from /home/airflow/.local/lib/python3.12/site-packages/airflow/example_dags/example_kubernetes_executor.py
[2026-05-02T12:39:32.324+0000] {logging_mixin.py:190} INFO - [2026-05-02T12:39:32.323+0000] {dag.py:3239} INFO - Sync 1 DAGs
[2026-05-02T12:39:32.331+0000] {logging_mixin.py:190} INFO - [2026-05-02T12:39:32.331+0000] {dag.py:4180} INFO - Setting next_dagrun for example_kubernetes_executor to None, run_after=None
[2026-05-02T12:39:32.343+0000] {processor.py:208} INFO - Processing /home/airflow/.local/lib/python3.12/site-packages/airflow/example_dags/example_kubernetes_executor.py took 0.054 seconds
[2026-05-02T12:40:03.095+0000] {processor.py:186} INFO - Started process (PID=89785) to work on /home/airflow/.local/lib/python3.12/site-packages/airflow/example_dags/example_kubernetes_executor.py
[2026-05-02T12:40:03.096+0000] {processor.py:914} INFO - Processing file /home/airflow/.local/lib/python3.12/site-packages/airflow/example_dags/example_kubernetes_executor.py for tasks to queue
[2026-05-02T12:40:03.098+0000] {logging_mixin.py:190} INFO - [2026-05-02T12:40:03.097+0000] {dagbag.py:588} INFO - Filling up the DagBag from /home/airflow/.local/lib/python3.12/site-packages/airflow/example_dags/example_kubernetes_executor.py
[2026-05-02T12:40:03.116+0000] {processor.py:925} INFO - DAG(s) 'example_kubernetes_executor' retrieved from /home/airflow/.local/lib/python3.12/site-packages/airflow/example_dags/example_kubernetes_executor.py
[2026-05-02T12:40:03.136+0000] {logging_mixin.py:190} INFO - [2026-05-02T12:40:03.136+0000] {dag.py:3239} INFO - Sync 1 DAGs
[2026-05-02T12:40:03.144+0000] {logging_mixin.py:190} INFO - [2026-05-02T12:40:03.144+0000] {dag.py:4180} INFO - Setting next_dagrun for example_kubernetes_executor to None, run_after=None
[2026-05-02T12:40:03.154+0000] {processor.py:208} INFO - Processing /home/airflow/.local/lib/python3.12/site-packages/airflow/example_dags/example_kubernetes_executor.py took 0.067 seconds
[2026-05-02T12:40:33.767+0000] {processor.py:186} INFO - Started process (PID=89848) to work on /home/airflow/.local/lib/python3.12/site-packages/airflow/example_dags/example_kubernetes_executor.py
[2026-05-02T12:40:33.769+0000] {processor.py:914} INFO - Processing file /home/airflow/.local/lib/python3.12/site-packages/airflow/example_dags/example_kubernetes_executor.py for tasks to queue
[2026-05-02T12:40:33.771+0000] {logging_mixin.py:190} INFO - [2026-05-02T12:40:33.770+0000] {dagbag.py:588} INFO - Filling up the DagBag from /home/airflow/.local/lib/python3.12/site-packages/airflow/example_dags/example_kubernetes_executor.py
[2026-05-02T12:40:33.794+0000] {processor.py:925} INFO - DAG(s) 'example_kubernetes_executor' retrieved from /home/airflow/.local/lib/python3.12/site-packages/airflow/example_dags/example_kubernetes_executor.py
[2026-05-02T12:40:33.815+0000] {logging_mixin.py:190} INFO - [2026-05-02T12:40:33.815+0000] {dag.py:3239} INFO - Sync 1 DAGs
[2026-05-02T12:40:33.822+0000] {logging_mixin.py:190} INFO - [2026-05-02T12:40:33.822+0000] {dag.py:4180} INFO - Setting next_dagrun for example_kubernetes_executor to None, run_after=None
[2026-05-02T12:40:33.833+0000] {processor.py:208} INFO - Processing /home/airflow/.local/lib/python3.12/site-packages/airflow/example_dags/example_kubernetes_executor.py took 0.076 seconds
[2026-05-02T12:41:04.578+0000] {processor.py:186} INFO - Started process (PID=89912) to work on /home/airflow/.local/lib/python3.12/site-packages/airflow/example_dags/example_kubernetes_executor.py
[2026-05-02T12:41:04.580+0000] {processor.py:914} INFO - Processing file /home/airflow/.local/lib/python3.12/site-packages/airflow/example_dags/example_kubernetes_executor.py for tasks to queue
[2026-05-02T12:41:04.583+0000] {logging_mixin.py:190} INFO - [2026-05-02T12:41:04.583+0000] {dagbag.py:588} INFO - Filling up the DagBag from /home/airflow/.local/lib/python3.12/site-packages/airflow/example_dags/example_kubernetes_executor.py
[2026-05-02T12:41:04.598+0000] {processor.py:925} INFO - DAG(s) 'example_kubernetes_executor' retrieved from /home/airflow/.local/lib/python3.12/site-packages/airflow/example_dags/example_kubernetes_executor.py
[2026-05-02T12:41:04.612+0000] {logging_mixin.py:190} INFO - [2026-05-02T12:41:04.612+0000] {dag.py:3239} INFO - Sync 1 DAGs
[2026-05-02T12:41:04.623+0000] {logging_mixin.py:190} INFO - [2026-05-02T12:41:04.622+0000] {dag.py:4180} INFO - Setting next_dagrun for example_kubernetes_executor to None, run_after=None
[2026-05-02T12:41:04.632+0000] {processor.py:208} INFO - Processing /home/airflow/.local/lib/python3.12/site-packages/airflow/example_dags/example_kubernetes_executor.py took 0.062 seconds
[2026-05-02T12:41:34.778+0000] {processor.py:186} INFO - Started process (PID=89976) to work on /home/airflow/.local/lib/python3.12/site-packages/airflow/example_dags/example_kubernetes_executor.py
[2026-05-02T12:41:34.779+0000] {processor.py:914} INFO - Processing file /home/airflow/.local/lib/python3.12/site-packages/airflow/example_dags/example_kubernetes_executor.py for tasks to queue
[2026-05-02T12:41:34.781+0000] {logging_mixin.py:190} INFO - [2026-05-02T12:41:34.781+0000] {dagbag.py:588} INFO - Filling up the DagBag from /home/airflow/.local/lib/python3.12/site-packages/airflow/example_dags/example_kubernetes_executor.py
[2026-05-02T12:41:34.790+0000] {processor.py:925} INFO - DAG(s) 'example_kubernetes_executor' retrieved from /home/airflow/.local/lib/python3.12/site-packages/airflow/example_dags/example_kubernetes_executor.py
[2026-05-02T12:41:34.809+0000] {logging_mixin.py:190} INFO - [2026-05-02T12:41:34.809+0000] {dag.py:3239} INFO - Sync 1 DAGs
[2026-05-02T12:41:34.816+0000] {logging_mixin.py:190} INFO - [2026-05-02T12:41:34.816+0000] {dag.py:4180} INFO - Setting next_dagrun for example_kubernetes_executor to None, run_after=None
[2026-05-02T12:41:34.826+0000] {processor.py:208} INFO - Processing /home/airflow/.local/lib/python3.12/site-packages/airflow/example_dags/example_kubernetes_executor.py took 0.052 seconds
[2026-05-02T12:42:05.752+0000] {processor.py:186} INFO - Started process (PID=90040) to work on /home/airflow/.local/lib/python3.12/site-packages/airflow/example_dags/example_kubernetes_executor.py
[2026-05-02T12:42:05.753+0000] {processor.py:914} INFO - Processing file /home/airflow/.local/lib/python3.12/site-packages/airflow/example_dags/example_kubernetes_executor.py for tasks to queue
[2026-05-02T12:42:05.754+0000] {logging_mixin.py:190} INFO - [2026-05-02T12:42:05.754+0000] {dagbag.py:588} INFO - Filling up the DagBag from /home/airflow/.local/lib/python3.12/site-packages/airflow/example_dags/example_kubernetes_executor.py
[2026-05-02T12:42:05.765+0000] {processor.py:925} INFO - DAG(s) 'example_kubernetes_executor' retrieved from /home/airflow/.local/lib/python3.12/site-packages/airflow/example_dags/example_kubernetes_executor.py
[2026-05-02T12:42:05.779+0000] {logging_mixin.py:190} INFO - [2026-05-02T12:42:05.779+0000] {dag.py:3239} INFO - Sync 1 DAGs
[2026-05-02T12:42:05.787+0000] {logging_mixin.py:190} INFO - [2026-05-02T12:42:05.787+0000] {dag.py:4180} INFO - Setting next_dagrun for example_kubernetes_executor to None, run_after=None
[2026-05-02T12:42:05.803+0000] {processor.py:208} INFO - Processing /home/airflow/.local/lib/python3.12/site-packages/airflow/example_dags/example_kubernetes_executor.py took 0.055 seconds
[2026-05-02T12:42:36.616+0000] {processor.py:186} INFO - Started process (PID=90104) to work on /home/airflow/.local/lib/python3.12/site-packages/airflow/example_dags/example_kubernetes_executor.py
[2026-05-02T12:42:36.617+0000] {processor.py:914} INFO - Processing file /home/airflow/.local/lib/python3.12/site-packages/airflow/example_dags/example_kubernetes_executor.py for tasks to queue
[2026-05-02T12:42:36.618+0000] {logging_mixin.py:190} INFO - [2026-05-02T12:42:36.618+0000] {dagbag.py:588} INFO - Filling up the DagBag from /home/airflow/.local/lib/python3.12/site-packages/airflow/example_dags/example_kubernetes_executor.py
[2026-05-02T12:42:36.627+0000] {processor.py:925} INFO - DAG(s) 'example_kubernetes_executor' retrieved from /home/airflow/.local/lib/python3.12/site-packages/airflow/example_dags/example_kubernetes_executor.py
[2026-05-02T12:42:36.643+0000] {logging_mixin.py:190} INFO - [2026-05-02T12:42:36.643+0000] {dag.py:3239} INFO - Sync 1 DAGs
[2026-05-02T12:42:36.650+0000] {logging_mixin.py:190} INFO - [2026-05-02T12:42:36.650+0000] {dag.py:4180} INFO - Setting next_dagrun for example_kubernetes_executor to None, run_after=None
[2026-05-02T12:42:36.659+0000] {processor.py:208} INFO - Processing /home/airflow/.local/lib/python3.12/site-packages/airflow/example_dags/example_kubernetes_executor.py took 0.046 seconds
[2026-05-02T12:43:07.496+0000] {processor.py:186} INFO - Started process (PID=90168) to work on /home/airflow/.local/lib/python3.12/site-packages/airflow/example_dags/example_kubernetes_executor.py
[2026-05-02T12:43:07.497+0000] {processor.py:914} INFO - Processing file /home/airflow/.local/lib/python3.12/site-packages/airflow/example_dags/example_kubernetes_executor.py for tasks to queue
[2026-05-02T12:43:07.498+0000] {logging_mixin.py:190} INFO - [2026-05-02T12:43:07.498+0000] {dagbag.py:588} INFO - Filling up the DagBag from /home/airflow/.local/lib/python3.12/site-packages/airflow/example_dags/example_kubernetes_executor.py
[2026-05-02T12:43:07.509+0000] {processor.py:925} INFO - DAG(s) 'example_kubernetes_executor' retrieved from /home/airflow/.local/lib/python3.12/site-packages/airflow/example_dags/example_kubernetes_executor.py
[2026-05-02T12:43:07.525+0000] {logging_mixin.py:190} INFO - [2026-05-02T12:43:07.524+0000] {dag.py:3239} INFO - Sync 1 DAGs
[2026-05-02T12:43:07.532+0000] {logging_mixin.py:190} INFO - [2026-05-02T12:43:07.532+0000] {dag.py:4180} INFO - Setting next_dagrun for example_kubernetes_executor to None, run_after=None
[2026-05-02T12:43:07.542+0000] {processor.py:208} INFO - Processing /home/airflow/.local/lib/python3.12/site-packages/airflow/example_dags/example_kubernetes_executor.py took 0.049 seconds
[2026-05-02T12:43:38.506+0000] {processor.py:186} INFO - Started process (PID=90232) to work on /home/airflow/.local/lib/python3.12/site-packages/airflow/example_dags/example_kubernetes_executor.py
[2026-05-02T12:43:38.509+0000] {processor.py:914} INFO - Processing file /home/airflow/.local/lib/python3.12/site-packages/airflow/example_dags/example_kubernetes_executor.py for tasks to queue
[2026-05-02T12:43:38.510+0000] {logging_mixin.py:190} INFO - [2026-05-02T12:43:38.510+0000] {dagbag.py:588} INFO - Filling up the DagBag from /home/airflow/.local/lib/python3.12/site-packages/airflow/example_dags/example_kubernetes_executor.py
[2026-05-02T12:43:38.520+0000] {processor.py:925} INFO - DAG(s) 'example_kubernetes_executor' retrieved from /home/airflow/.local/lib/python3.12/site-packages/airflow/example_dags/example_kubernetes_executor.py
[2026-05-02T12:43:38.539+0000] {logging_mixin.py:190} INFO - [2026-05-02T12:43:38.539+0000] {dag.py:3239} INFO - Sync 1 DAGs
[2026-05-02T12:43:38.547+0000] {logging_mixin.py:190} INFO - [2026-05-02T12:43:38.547+0000] {dag.py:4180} INFO - Setting next_dagrun for example_kubernetes_executor to None, run_after=None
[2026-05-02T12:43:38.563+0000] {processor.py:208} INFO - Processing /home/airflow/.local/lib/python3.12/site-packages/airflow/example_dags/example_kubernetes_executor.py took 0.060 seconds
[2026-05-02T12:44:09.426+0000] {processor.py:186} INFO - Started process (PID=90302) to work on /home/airflow/.local/lib/python3.12/site-packages/airflow/example_dags/example_kubernetes_executor.py
[2026-05-02T12:44:09.427+0000] {processor.py:914} INFO - Processing file /home/airflow/.local/lib/python3.12/site-packages/airflow/example_dags/example_kubernetes_executor.py for tasks to queue
[2026-05-02T12:44:09.428+0000] {logging_mixin.py:190} INFO - [2026-05-02T12:44:09.428+0000] {dagbag.py:588} INFO - Filling up the DagBag from /home/airflow/.local/lib/python3.12/site-packages/airflow/example_dags/example_kubernetes_executor.py
[2026-05-02T12:44:09.438+0000] {processor.py:925} INFO - DAG(s) 'example_kubernetes_executor' retrieved from /home/airflow/.local/lib/python3.12/site-packages/airflow/example_dags/example_kubernetes_executor.py
[2026-05-02T12:44:09.449+0000] {logging_mixin.py:190} INFO - [2026-05-02T12:44:09.449+0000] {dag.py:3239} INFO - Sync 1 DAGs
[2026-05-02T12:44:09.455+0000] {logging_mixin.py:190} INFO - [2026-05-02T12:44:09.455+0000] {dag.py:4180} INFO - Setting next_dagrun for example_kubernetes_executor to None, run_after=None
[2026-05-02T12:44:09.466+0000] {processor.py:208} INFO - Processing /home/airflow/.local/lib/python3.12/site-packages/airflow/example_dags/example_kubernetes_executor.py took 0.043 seconds
[2026-05-02T12:44:40.236+0000] {processor.py:186} INFO - Started process (PID=90366) to work on /home/airflow/.local/lib/python3.12/site-packages/airflow/example_dags/example_kubernetes_executor.py
[2026-05-02T12:44:40.237+0000] {processor.py:914} INFO - Processing file /home/airflow/.local/lib/python3.12/site-packages/airflow/example_dags/example_kubernetes_executor.py for tasks to queue
[2026-05-02T12:44:40.238+0000] {logging_mixin.py:190} INFO - [2026-05-02T12:44:40.238+0000] {dagbag.py:588} INFO - Filling up the DagBag from /home/airflow/.local/lib/python3.12/site-packages/airflow/example_dags/example_kubernetes_executor.py
[2026-05-02T12:44:40.246+0000] {processor.py:925} INFO - DAG(s) 'example_kubernetes_executor' retrieved from /home/airflow/.local/lib/python3.12/site-packages/airflow/example_dags/example_kubernetes_executor.py
[2026-05-02T12:44:40.259+0000] {logging_mixin.py:190} INFO - [2026-05-02T12:44:40.259+0000] {dag.py:3239} INFO - Sync 1 DAGs
[2026-05-02T12:44:40.265+0000] {logging_mixin.py:190} INFO - [2026-05-02T12:44:40.265+0000] {dag.py:4180} INFO - Setting next_dagrun for example_kubernetes_executor to None, run_after=None
[2026-05-02T12:44:40.277+0000] {processor.py:208} INFO - Processing /home/airflow/.local/lib/python3.12/site-packages/airflow/example_dags/example_kubernetes_executor.py took 0.044 seconds
[2026-05-02T12:45:10.998+0000] {processor.py:186} INFO - Started process (PID=90430) to work on /home/airflow/.local/lib/python3.12/site-packages/airflow/example_dags/example_kubernetes_executor.py
[2026-05-02T12:45:10.999+0000] {processor.py:914} INFO - Processing file /home/airflow/.local/lib/python3.12/site-packages/airflow/example_dags/example_kubernetes_executor.py for tasks to queue
[2026-05-02T12:45:11.001+0000] {logging_mixin.py:190} INFO - [2026-05-02T12:45:11.000+0000] {dagbag.py:588} INFO - Filling up the DagBag from /home/airflow/.local/lib/python3.12/site-packages/airflow/example_dags/example_kubernetes_executor.py
[2026-05-02T12:45:11.011+0000] {processor.py:925} INFO - DAG(s) 'example_kubernetes_executor' retrieved from /home/airflow/.local/lib/python3.12/site-packages/airflow/example_dags/example_kubernetes_executor.py
[2026-05-02T12:45:11.029+0000] {logging_mixin.py:190} INFO - [2026-05-02T12:45:11.029+0000] {dag.py:3239} INFO - Sync 1 DAGs
[2026-05-02T12:45:11.035+0000] {logging_mixin.py:190} INFO - [2026-05-02T12:45:11.035+0000] {dag.py:4180} INFO - Setting next_dagrun for example_kubernetes_executor to None, run_after=None
[2026-05-02T12:45:11.046+0000] {processor.py:208} INFO - Processing /home/airflow/.local/lib/python3.12/site-packages/airflow/example_dags/example_kubernetes_executor.py took 0.054 seconds
[2026-05-02T12:45:41.673+0000] {processor.py:186} INFO - Started process (PID=90494) to work on /home/airflow/.local/lib/python3.12/site-packages/airflow/example_dags/example_kubernetes_executor.py
[2026-05-02T12:45:41.674+0000] {processor.py:914} INFO - Processing file /home/airflow/.local/lib/python3.12/site-packages/airflow/example_dags/example_kubernetes_executor.py for tasks to queue
[2026-05-02T12:45:41.675+0000] {logging_mixin.py:190} INFO - [2026-05-02T12:45:41.674+0000] {dagbag.py:588} INFO - Filling up the DagBag from /home/airflow/.local/lib/python3.12/site-packages/airflow/example_dags/example_kubernetes_executor.py
[2026-05-02T12:45:41.685+0000] {processor.py:925} INFO - DAG(s) 'example_kubernetes_executor' retrieved from /home/airflow/.local/lib/python3.12/site-packages/airflow/example_dags/example_kubernetes_executor.py
[2026-05-02T12:45:41.695+0000] {logging_mixin.py:190} INFO - [2026-05-02T12:45:41.694+0000] {dag.py:3239} INFO - Sync 1 DAGs
[2026-05-02T12:45:41.701+0000] {logging_mixin.py:190} INFO - [2026-05-02T12:45:41.701+0000] {dag.py:4180} INFO - Setting next_dagrun for example_kubernetes_executor to None, run_after=None
[2026-05-02T12:45:41.710+0000] {processor.py:208} INFO - Processing /home/airflow/.local/lib/python3.12/site-packages/airflow/example_dags/example_kubernetes_executor.py took 0.041 seconds
[2026-05-02T12:46:12.243+0000] {processor.py:186} INFO - Started process (PID=90557) to work on /home/airflow/.local/lib/python3.12/site-packages/airflow/example_dags/example_kubernetes_executor.py
[2026-05-02T12:46:12.243+0000] {processor.py:914} INFO - Processing file /home/airflow/.local/lib/python3.12/site-packages/airflow/example_dags/example_kubernetes_executor.py for tasks to queue
[2026-05-02T12:46:12.244+0000] {logging_mixin.py:190} INFO - [2026-05-02T12:46:12.244+0000] {dagbag.py:588} INFO - Filling up the DagBag from /home/airflow/.local/lib/python3.12/site-packages/airflow/example_dags/example_kubernetes_executor.py
[2026-05-02T12:46:12.253+0000] {processor.py:925} INFO - DAG(s) 'example_kubernetes_executor' retrieved from /home/airflow/.local/lib/python3.12/site-packages/airflow/example_dags/example_kubernetes_executor.py
[2026-05-02T12:46:12.267+0000] {logging_mixin.py:190} INFO - [2026-05-02T12:46:12.267+0000] {dag.py:3239} INFO - Sync 1 DAGs
[2026-05-02T12:46:12.272+0000] {logging_mixin.py:190} INFO - [2026-05-02T12:46:12.272+0000] {dag.py:4180} INFO - Setting next_dagrun for example_kubernetes_executor to None, run_after=None
[2026-05-02T12:46:12.280+0000] {processor.py:208} INFO - Processing /home/airflow/.local/lib/python3.12/site-packages/airflow/example_dags/example_kubernetes_executor.py took 0.040 seconds
[2026-05-02T12:46:42.875+0000] {processor.py:186} INFO - Started process (PID=90621) to work on /home/airflow/.local/lib/python3.12/site-packages/airflow/example_dags/example_kubernetes_executor.py
[2026-05-02T12:46:42.877+0000] {processor.py:914} INFO - Processing file /home/airflow/.local/lib/python3.12/site-packages/airflow/example_dags/example_kubernetes_executor.py for tasks to queue
[2026-05-02T12:46:42.878+0000] {logging_mixin.py:190} INFO - [2026-05-02T12:46:42.878+0000] {dagbag.py:588} INFO - Filling up the DagBag from /home/airflow/.local/lib/python3.12/site-packages/airflow/example_dags/example_kubernetes_executor.py
[2026-05-02T12:46:42.889+0000] {processor.py:925} INFO - DAG(s) 'example_kubernetes_executor' retrieved from /home/airflow/.local/lib/python3.12/site-packages/airflow/example_dags/example_kubernetes_executor.py
[2026-05-02T12:46:42.906+0000] {logging_mixin.py:190} INFO - [2026-05-02T12:46:42.906+0000] {dag.py:3239} INFO - Sync 1 DAGs
[2026-05-02T12:46:42.911+0000] {logging_mixin.py:190} INFO - [2026-05-02T12:46:42.911+0000] {dag.py:4180} INFO - Setting next_dagrun for example_kubernetes_executor to None, run_after=None
[2026-05-02T12:46:42.920+0000] {processor.py:208} INFO - Processing /home/airflow/.local/lib/python3.12/site-packages/airflow/example_dags/example_kubernetes_executor.py took 0.050 seconds
[2026-05-02T12:47:13.839+0000] {processor.py:186} INFO - Started process (PID=90685) to work on /home/airflow/.local/lib/python3.12/site-packages/airflow/example_dags/example_kubernetes_executor.py
[2026-05-02T12:47:13.840+0000] {processor.py:914} INFO - Processing file /home/airflow/.local/lib/python3.12/site-packages/airflow/example_dags/example_kubernetes_executor.py for tasks to queue
[2026-05-02T12:47:13.841+0000] {logging_mixin.py:190} INFO - [2026-05-02T12:47:13.841+0000] {dagbag.py:588} INFO - Filling up the DagBag from /home/airflow/.local/lib/python3.12/site-packages/airflow/example_dags/example_kubernetes_executor.py
[2026-05-02T12:47:13.851+0000] {processor.py:925} INFO - DAG(s) 'example_kubernetes_executor' retrieved from /home/airflow/.local/lib/python3.12/site-packages/airflow/example_dags/example_kubernetes_executor.py
[2026-05-02T12:47:13.864+0000] {logging_mixin.py:190} INFO - [2026-05-02T12:47:13.864+0000] {dag.py:3239} INFO - Sync 1 DAGs
[2026-05-02T12:47:13.873+0000] {logging_mixin.py:190} INFO - [2026-05-02T12:47:13.872+0000] {dag.py:4180} INFO - Setting next_dagrun for example_kubernetes_executor to None, run_after=None
[2026-05-02T12:47:13.881+0000] {processor.py:208} INFO - Processing /home/airflow/.local/lib/python3.12/site-packages/airflow/example_dags/example_kubernetes_executor.py took 0.047 seconds
[2026-05-02T12:47:44.739+0000] {processor.py:186} INFO - Started process (PID=90749) to work on /home/airflow/.local/lib/python3.12/site-packages/airflow/example_dags/example_kubernetes_executor.py
[2026-05-02T12:47:44.740+0000] {processor.py:914} INFO - Processing file /home/airflow/.local/lib/python3.12/site-packages/airflow/example_dags/example_kubernetes_executor.py for tasks to queue
[2026-05-02T12:47:44.741+0000] {logging_mixin.py:190} INFO - [2026-05-02T12:47:44.740+0000] {dagbag.py:588} INFO - Filling up the DagBag from /home/airflow/.local/lib/python3.12/site-packages/airflow/example_dags/example_kubernetes_executor.py
[2026-05-02T12:47:44.755+0000] {processor.py:925} INFO - DAG(s) 'example_kubernetes_executor' retrieved from /home/airflow/.local/lib/python3.12/site-packages/airflow/example_dags/example_kubernetes_executor.py
[2026-05-02T12:47:44.766+0000] {logging_mixin.py:190} INFO - [2026-05-02T12:47:44.766+0000] {dag.py:3239} INFO - Sync 1 DAGs
[2026-05-02T12:47:44.773+0000] {logging_mixin.py:190} INFO - [2026-05-02T12:47:44.773+0000] {dag.py:4180} INFO - Setting next_dagrun for example_kubernetes_executor to None, run_after=None
[2026-05-02T12:47:44.783+0000] {processor.py:208} INFO - Processing /home/airflow/.local/lib/python3.12/site-packages/airflow/example_dags/example_kubernetes_executor.py took 0.047 seconds
[2026-05-02T12:48:15.533+0000] {processor.py:186} INFO - Started process (PID=90813) to work on /home/airflow/.local/lib/python3.12/site-packages/airflow/example_dags/example_kubernetes_executor.py
[2026-05-02T12:48:15.534+0000] {processor.py:914} INFO - Processing file /home/airflow/.local/lib/python3.12/site-packages/airflow/example_dags/example_kubernetes_executor.py for tasks to queue
[2026-05-02T12:48:15.535+0000] {logging_mixin.py:190} INFO - [2026-05-02T12:48:15.534+0000] {dagbag.py:588} INFO - Filling up the DagBag from /home/airflow/.local/lib/python3.12/site-packages/airflow/example_dags/example_kubernetes_executor.py
[2026-05-02T12:48:15.545+0000] {processor.py:925} INFO - DAG(s) 'example_kubernetes_executor' retrieved from /home/airflow/.local/lib/python3.12/site-packages/airflow/example_dags/example_kubernetes_executor.py
[2026-05-02T12:48:15.555+0000] {logging_mixin.py:190} INFO - [2026-05-02T12:48:15.555+0000] {dag.py:3239} INFO - Sync 1 DAGs
[2026-05-02T12:48:15.563+0000] {logging_mixin.py:190} INFO - [2026-05-02T12:48:15.563+0000] {dag.py:4180} INFO - Setting next_dagrun for example_kubernetes_executor to None, run_after=None
[2026-05-02T12:48:15.574+0000] {processor.py:208} INFO - Processing /home/airflow/.local/lib/python3.12/site-packages/airflow/example_dags/example_kubernetes_executor.py took 0.044 seconds
[2026-05-02T12:48:46.262+0000] {processor.py:186} INFO - Started process (PID=90877) to work on /home/airflow/.local/lib/python3.12/site-packages/airflow/example_dags/example_kubernetes_executor.py
[2026-05-02T12:48:46.263+0000] {processor.py:914} INFO - Processing file /home/airflow/.local/lib/python3.12/site-packages/airflow/example_dags/example_kubernetes_executor.py for tasks to queue
[2026-05-02T12:48:46.264+0000] {logging_mixin.py:190} INFO - [2026-05-02T12:48:46.264+0000] {dagbag.py:588} INFO - Filling up the DagBag from /home/airflow/.local/lib/python3.12/site-packages/airflow/example_dags/example_kubernetes_executor.py
[2026-05-02T12:48:46.277+0000] {processor.py:925} INFO - DAG(s) 'example_kubernetes_executor' retrieved from /home/airflow/.local/lib/python3.12/site-packages/airflow/example_dags/example_kubernetes_executor.py
[2026-05-02T12:48:46.289+0000] {logging_mixin.py:190} INFO - [2026-05-02T12:48:46.289+0000] {dag.py:3239} INFO - Sync 1 DAGs
[2026-05-02T12:48:46.296+0000] {logging_mixin.py:190} INFO - [2026-05-02T12:48:46.296+0000] {dag.py:4180} INFO - Setting next_dagrun for example_kubernetes_executor to None, run_after=None
[2026-05-02T12:48:46.305+0000] {processor.py:208} INFO - Processing /home/airflow/.local/lib/python3.12/site-packages/airflow/example_dags/example_kubernetes_executor.py took 0.047 seconds
[2026-05-02T12:49:16.925+0000] {processor.py:186} INFO - Started process (PID=90941) to work on /home/airflow/.local/lib/python3.12/site-packages/airflow/example_dags/example_kubernetes_executor.py
[2026-05-02T12:49:16.926+0000] {processor.py:914} INFO - Processing file /home/airflow/.local/lib/python3.12/site-packages/airflow/example_dags/example_kubernetes_executor.py for tasks to queue
[2026-05-02T12:49:16.928+0000] {logging_mixin.py:190} INFO - [2026-05-02T12:49:16.928+0000] {dagbag.py:588} INFO - Filling up the DagBag from /home/airflow/.local/lib/python3.12/site-packages/airflow/example_dags/example_kubernetes_executor.py
[2026-05-02T12:49:16.935+0000] {processor.py:925} INFO - DAG(s) 'example_kubernetes_executor' retrieved from /home/airflow/.local/lib/python3.12/site-packages/airflow/example_dags/example_kubernetes_executor.py
[2026-05-02T12:49:16.948+0000] {logging_mixin.py:190} INFO - [2026-05-02T12:49:16.948+0000] {dag.py:3239} INFO - Sync 1 DAGs
[2026-05-02T12:49:16.955+0000] {logging_mixin.py:190} INFO - [2026-05-02T12:49:16.955+0000] {dag.py:4180} INFO - Setting next_dagrun for example_kubernetes_executor to None, run_after=None
[2026-05-02T12:49:16.965+0000] {processor.py:208} INFO - Processing /home/airflow/.local/lib/python3.12/site-packages/airflow/example_dags/example_kubernetes_executor.py took 0.045 seconds
[2026-05-02T12:49:47.822+0000] {processor.py:186} INFO - Started process (PID=91006) to work on /home/airflow/.local/lib/python3.12/site-packages/airflow/example_dags/example_kubernetes_executor.py
[2026-05-02T12:49:47.823+0000] {processor.py:914} INFO - Processing file /home/airflow/.local/lib/python3.12/site-packages/airflow/example_dags/example_kubernetes_executor.py for tasks to queue
[2026-05-02T12:49:47.824+0000] {logging_mixin.py:190} INFO - [2026-05-02T12:49:47.824+0000] {dagbag.py:588} INFO - Filling up the DagBag from /home/airflow/.local/lib/python3.12/site-packages/airflow/example_dags/example_kubernetes_executor.py
[2026-05-02T12:49:47.831+0000] {processor.py:925} INFO - DAG(s) 'example_kubernetes_executor' retrieved from /home/airflow/.local/lib/python3.12/site-packages/airflow/example_dags/example_kubernetes_executor.py
[2026-05-02T12:49:47.849+0000] {logging_mixin.py:190} INFO - [2026-05-02T12:49:47.849+0000] {dag.py:3239} INFO - Sync 1 DAGs
[2026-05-02T12:49:47.855+0000] {logging_mixin.py:190} INFO - [2026-05-02T12:49:47.855+0000] {dag.py:4180} INFO - Setting next_dagrun for example_kubernetes_executor to None, run_after=None
[2026-05-02T12:49:47.866+0000] {processor.py:208} INFO - Processing /home/airflow/.local/lib/python3.12/site-packages/airflow/example_dags/example_kubernetes_executor.py took 0.046 seconds
[2026-05-02T12:50:18.457+0000] {processor.py:186} INFO - Started process (PID=91070) to work on /home/airflow/.local/lib/python3.12/site-packages/airflow/example_dags/example_kubernetes_executor.py
[2026-05-02T12:50:18.457+0000] {processor.py:914} INFO - Processing file /home/airflow/.local/lib/python3.12/site-packages/airflow/example_dags/example_kubernetes_executor.py for tasks to queue
[2026-05-02T12:50:18.458+0000] {logging_mixin.py:190} INFO - [2026-05-02T12:50:18.458+0000] {dagbag.py:588} INFO - Filling up the DagBag from /home/airflow/.local/lib/python3.12/site-packages/airflow/example_dags/example_kubernetes_executor.py
[2026-05-02T12:50:18.468+0000] {processor.py:925} INFO - DAG(s) 'example_kubernetes_executor' retrieved from /home/airflow/.local/lib/python3.12/site-packages/airflow/example_dags/example_kubernetes_executor.py
[2026-05-02T12:50:18.485+0000] {logging_mixin.py:190} INFO - [2026-05-02T12:50:18.485+0000] {dag.py:3239} INFO - Sync 1 DAGs
[2026-05-02T12:50:18.497+0000] {logging_mixin.py:190} INFO - [2026-05-02T12:50:18.497+0000] {dag.py:4180} INFO - Setting next_dagrun for example_kubernetes_executor to None, run_after=None
[2026-05-02T12:50:18.507+0000] {processor.py:208} INFO - Processing /home/airflow/.local/lib/python3.12/site-packages/airflow/example_dags/example_kubernetes_executor.py took 0.053 seconds
[2026-05-02T12:50:49.113+0000] {processor.py:186} INFO - Started process (PID=91134) to work on /home/airflow/.local/lib/python3.12/site-packages/airflow/example_dags/example_kubernetes_executor.py
[2026-05-02T12:50:49.115+0000] {processor.py:914} INFO - Processing file /home/airflow/.local/lib/python3.12/site-packages/airflow/example_dags/example_kubernetes_executor.py for tasks to queue
[2026-05-02T12:50:49.116+0000] {logging_mixin.py:190} INFO - [2026-05-02T12:50:49.116+0000] {dagbag.py:588} INFO - Filling up the DagBag from /home/airflow/.local/lib/python3.12/site-packages/airflow/example_dags/example_kubernetes_executor.py
[2026-05-02T12:50:49.126+0000] {processor.py:925} INFO - DAG(s) 'example_kubernetes_executor' retrieved from /home/airflow/.local/lib/python3.12/site-packages/airflow/example_dags/example_kubernetes_executor.py
[2026-05-02T12:50:49.142+0000] {logging_mixin.py:190} INFO - [2026-05-02T12:50:49.141+0000] {dag.py:3239} INFO - Sync 1 DAGs
[2026-05-02T12:50:49.150+0000] {logging_mixin.py:190} INFO - [2026-05-02T12:50:49.150+0000] {dag.py:4180} INFO - Setting next_dagrun for example_kubernetes_executor to None, run_after=None
[2026-05-02T12:50:49.160+0000] {processor.py:208} INFO - Processing /home/airflow/.local/lib/python3.12/site-packages/airflow/example_dags/example_kubernetes_executor.py took 0.052 seconds
[2026-05-02T12:51:19.822+0000] {processor.py:186} INFO - Started process (PID=91198) to work on /home/airflow/.local/lib/python3.12/site-packages/airflow/example_dags/example_kubernetes_executor.py
[2026-05-02T12:51:19.822+0000] {processor.py:914} INFO - Processing file /home/airflow/.local/lib/python3.12/site-packages/airflow/example_dags/example_kubernetes_executor.py for tasks to queue
[2026-05-02T12:51:19.823+0000] {logging_mixin.py:190} INFO - [2026-05-02T12:51:19.823+0000] {dagbag.py:588} INFO - Filling up the DagBag from /home/airflow/.local/lib/python3.12/site-packages/airflow/example_dags/example_kubernetes_executor.py
[2026-05-02T12:51:19.836+0000] {processor.py:925} INFO - DAG(s) 'example_kubernetes_executor' retrieved from /home/airflow/.local/lib/python3.12/site-packages/airflow/example_dags/example_kubernetes_executor.py
[2026-05-02T12:51:19.848+0000] {logging_mixin.py:190} INFO - [2026-05-02T12:51:19.848+0000] {dag.py:3239} INFO - Sync 1 DAGs
[2026-05-02T12:51:19.855+0000] {logging_mixin.py:190} INFO - [2026-05-02T12:51:19.855+0000] {dag.py:4180} INFO - Setting next_dagrun for example_kubernetes_executor to None, run_after=None
[2026-05-02T12:51:19.865+0000] {processor.py:208} INFO - Processing /home/airflow/.local/lib/python3.12/site-packages/airflow/example_dags/example_kubernetes_executor.py took 0.046 seconds
[2026-05-02T12:51:50.576+0000] {processor.py:186} INFO - Started process (PID=91262) to work on /home/airflow/.local/lib/python3.12/site-packages/airflow/example_dags/example_kubernetes_executor.py
[2026-05-02T12:51:50.576+0000] {processor.py:914} INFO - Processing file /home/airflow/.local/lib/python3.12/site-packages/airflow/example_dags/example_kubernetes_executor.py for tasks to queue
[2026-05-02T12:51:50.578+0000] {logging_mixin.py:190} INFO - [2026-05-02T12:51:50.578+0000] {dagbag.py:588} INFO - Filling up the DagBag from /home/airflow/.local/lib/python3.12/site-packages/airflow/example_dags/example_kubernetes_executor.py
[2026-05-02T12:51:50.587+0000] {processor.py:925} INFO - DAG(s) 'example_kubernetes_executor' retrieved from /home/airflow/.local/lib/python3.12/site-packages/airflow/example_dags/example_kubernetes_executor.py
[2026-05-02T12:51:50.601+0000] {logging_mixin.py:190} INFO - [2026-05-02T12:51:50.601+0000] {dag.py:3239} INFO - Sync 1 DAGs
[2026-05-02T12:51:50.607+0000] {logging_mixin.py:190} INFO - [2026-05-02T12:51:50.607+0000] {dag.py:4180} INFO - Setting next_dagrun for example_kubernetes_executor to None, run_after=None
[2026-05-02T12:51:50.617+0000] {processor.py:208} INFO - Processing /home/airflow/.local/lib/python3.12/site-packages/airflow/example_dags/example_kubernetes_executor.py took 0.046 seconds
[2026-05-02T12:52:21.296+0000] {processor.py:186} INFO - Started process (PID=91327) to work on /home/airflow/.local/lib/python3.12/site-packages/airflow/example_dags/example_kubernetes_executor.py
[2026-05-02T12:52:21.297+0000] {processor.py:914} INFO - Processing file /home/airflow/.local/lib/python3.12/site-packages/airflow/example_dags/example_kubernetes_executor.py for tasks to queue
[2026-05-02T12:52:21.299+0000] {logging_mixin.py:190} INFO - [2026-05-02T12:52:21.299+0000] {dagbag.py:588} INFO - Filling up the DagBag from /home/airflow/.local/lib/python3.12/site-packages/airflow/example_dags/example_kubernetes_executor.py
[2026-05-02T12:52:21.309+0000] {processor.py:925} INFO - DAG(s) 'example_kubernetes_executor' retrieved from /home/airflow/.local/lib/python3.12/site-packages/airflow/example_dags/example_kubernetes_executor.py
[2026-05-02T12:52:21.326+0000] {logging_mixin.py:190} INFO - [2026-05-02T12:52:21.326+0000] {dag.py:3239} INFO - Sync 1 DAGs
[2026-05-02T12:52:21.332+0000] {logging_mixin.py:190} INFO - [2026-05-02T12:52:21.331+0000] {dag.py:4180} INFO - Setting next_dagrun for example_kubernetes_executor to None, run_after=None
[2026-05-02T12:52:21.340+0000] {processor.py:208} INFO - Processing /home/airflow/.local/lib/python3.12/site-packages/airflow/example_dags/example_kubernetes_executor.py took 0.047 seconds
[2026-05-02T12:52:52.166+0000] {processor.py:186} INFO - Started process (PID=91391) to work on /home/airflow/.local/lib/python3.12/site-packages/airflow/example_dags/example_kubernetes_executor.py
[2026-05-02T12:52:52.166+0000] {processor.py:914} INFO - Processing file /home/airflow/.local/lib/python3.12/site-packages/airflow/example_dags/example_kubernetes_executor.py for tasks to queue
[2026-05-02T12:52:52.167+0000] {logging_mixin.py:190} INFO - [2026-05-02T12:52:52.167+0000] {dagbag.py:588} INFO - Filling up the DagBag from /home/airflow/.local/lib/python3.12/site-packages/airflow/example_dags/example_kubernetes_executor.py
[2026-05-02T12:52:52.174+0000] {processor.py:925} INFO - DAG(s) 'example_kubernetes_executor' retrieved from /home/airflow/.local/lib/python3.12/site-packages/airflow/example_dags/example_kubernetes_executor.py
[2026-05-02T12:52:52.187+0000] {logging_mixin.py:190} INFO - [2026-05-02T12:52:52.187+0000] {dag.py:3239} INFO - Sync 1 DAGs
[2026-05-02T12:52:52.192+0000] {logging_mixin.py:190} INFO - [2026-05-02T12:52:52.192+0000] {dag.py:4180} INFO - Setting next_dagrun for example_kubernetes_executor to None, run_after=None
[2026-05-02T12:52:52.202+0000] {processor.py:208} INFO - Processing /home/airflow/.local/lib/python3.12/site-packages/airflow/example_dags/example_kubernetes_executor.py took 0.038 seconds
[2026-05-02T12:53:23.078+0000] {processor.py:186} INFO - Started process (PID=91455) to work on /home/airflow/.local/lib/python3.12/site-packages/airflow/example_dags/example_kubernetes_executor.py
[2026-05-02T12:53:23.079+0000] {processor.py:914} INFO - Processing file /home/airflow/.local/lib/python3.12/site-packages/airflow/example_dags/example_kubernetes_executor.py for tasks to queue
[2026-05-02T12:53:23.080+0000] {logging_mixin.py:190} INFO - [2026-05-02T12:53:23.080+0000] {dagbag.py:588} INFO - Filling up the DagBag from /home/airflow/.local/lib/python3.12/site-packages/airflow/example_dags/example_kubernetes_executor.py
[2026-05-02T12:53:23.089+0000] {processor.py:925} INFO - DAG(s) 'example_kubernetes_executor' retrieved from /home/airflow/.local/lib/python3.12/site-packages/airflow/example_dags/example_kubernetes_executor.py
[2026-05-02T12:53:23.103+0000] {logging_mixin.py:190} INFO - [2026-05-02T12:53:23.103+0000] {dag.py:3239} INFO - Sync 1 DAGs
[2026-05-02T12:53:23.111+0000] {logging_mixin.py:190} INFO - [2026-05-02T12:53:23.111+0000] {dag.py:4180} INFO - Setting next_dagrun for example_kubernetes_executor to None, run_after=None
[2026-05-02T12:53:23.120+0000] {processor.py:208} INFO - Processing /home/airflow/.local/lib/python3.12/site-packages/airflow/example_dags/example_kubernetes_executor.py took 0.045 seconds
