[2026-04-25T00:03:07.651+0000] {processor.py:186} INFO - Started process (PID=89160) to work on /home/airflow/.local/lib/python3.12/site-packages/airflow/example_dags/example_latest_only_with_trigger.py
[2026-04-25T00:03:07.652+0000] {processor.py:914} INFO - Processing file /home/airflow/.local/lib/python3.12/site-packages/airflow/example_dags/example_latest_only_with_trigger.py for tasks to queue
[2026-04-25T00:03:07.652+0000] {logging_mixin.py:190} INFO - [2026-04-25T00:03:07.652+0000] {dagbag.py:588} INFO - Filling up the DagBag from /home/airflow/.local/lib/python3.12/site-packages/airflow/example_dags/example_latest_only_with_trigger.py
[2026-04-25T00:03:07.656+0000] {processor.py:925} INFO - DAG(s) 'latest_only_with_trigger' retrieved from /home/airflow/.local/lib/python3.12/site-packages/airflow/example_dags/example_latest_only_with_trigger.py
[2026-04-25T00:03:07.664+0000] {logging_mixin.py:190} INFO - [2026-04-25T00:03:07.664+0000] {dag.py:3239} INFO - Sync 1 DAGs
[2026-04-25T00:03:07.672+0000] {logging_mixin.py:190} INFO - [2026-04-25T00:03:07.672+0000] {dag.py:4180} INFO - Setting next_dagrun for latest_only_with_trigger to 2026-04-24 20:00:00+00:00, run_after=2026-04-25 00:00:00+00:00
[2026-04-25T00:03:07.679+0000] {processor.py:208} INFO - Processing /home/airflow/.local/lib/python3.12/site-packages/airflow/example_dags/example_latest_only_with_trigger.py took 0.032 seconds
[2026-04-25T00:03:38.597+0000] {processor.py:186} INFO - Started process (PID=89224) to work on /home/airflow/.local/lib/python3.12/site-packages/airflow/example_dags/example_latest_only_with_trigger.py
[2026-04-25T00:03:38.597+0000] {processor.py:914} INFO - Processing file /home/airflow/.local/lib/python3.12/site-packages/airflow/example_dags/example_latest_only_with_trigger.py for tasks to queue
[2026-04-25T00:03:38.598+0000] {logging_mixin.py:190} INFO - [2026-04-25T00:03:38.598+0000] {dagbag.py:588} INFO - Filling up the DagBag from /home/airflow/.local/lib/python3.12/site-packages/airflow/example_dags/example_latest_only_with_trigger.py
[2026-04-25T00:03:38.601+0000] {processor.py:925} INFO - DAG(s) 'latest_only_with_trigger' retrieved from /home/airflow/.local/lib/python3.12/site-packages/airflow/example_dags/example_latest_only_with_trigger.py
[2026-04-25T00:03:38.610+0000] {logging_mixin.py:190} INFO - [2026-04-25T00:03:38.610+0000] {dag.py:3239} INFO - Sync 1 DAGs
[2026-04-25T00:03:38.618+0000] {logging_mixin.py:190} INFO - [2026-04-25T00:03:38.618+0000] {dag.py:4180} INFO - Setting next_dagrun for latest_only_with_trigger to 2026-04-24 20:00:00+00:00, run_after=2026-04-25 00:00:00+00:00
[2026-04-25T00:03:38.629+0000] {processor.py:208} INFO - Processing /home/airflow/.local/lib/python3.12/site-packages/airflow/example_dags/example_latest_only_with_trigger.py took 0.034 seconds
[2026-04-25T00:19:12.598+0000] {processor.py:186} INFO - Started process (PID=89288) to work on /home/airflow/.local/lib/python3.12/site-packages/airflow/example_dags/example_latest_only_with_trigger.py
[2026-04-25T00:19:12.599+0000] {processor.py:914} INFO - Processing file /home/airflow/.local/lib/python3.12/site-packages/airflow/example_dags/example_latest_only_with_trigger.py for tasks to queue
[2026-04-25T00:19:12.600+0000] {logging_mixin.py:190} INFO - [2026-04-25T00:19:12.600+0000] {dagbag.py:588} INFO - Filling up the DagBag from /home/airflow/.local/lib/python3.12/site-packages/airflow/example_dags/example_latest_only_with_trigger.py
[2026-04-25T00:19:12.603+0000] {processor.py:925} INFO - DAG(s) 'latest_only_with_trigger' retrieved from /home/airflow/.local/lib/python3.12/site-packages/airflow/example_dags/example_latest_only_with_trigger.py
[2026-04-25T00:19:12.615+0000] {logging_mixin.py:190} INFO - [2026-04-25T00:19:12.615+0000] {dag.py:3239} INFO - Sync 1 DAGs
[2026-04-25T00:19:12.622+0000] {logging_mixin.py:190} INFO - [2026-04-25T00:19:12.622+0000] {dag.py:4180} INFO - Setting next_dagrun for latest_only_with_trigger to 2026-04-24 20:00:00+00:00, run_after=2026-04-25 00:00:00+00:00
[2026-04-25T00:19:12.629+0000] {processor.py:208} INFO - Processing /home/airflow/.local/lib/python3.12/site-packages/airflow/example_dags/example_latest_only_with_trigger.py took 0.034 seconds
[2026-04-25T00:34:47.119+0000] {processor.py:186} INFO - Started process (PID=89352) to work on /home/airflow/.local/lib/python3.12/site-packages/airflow/example_dags/example_latest_only_with_trigger.py
[2026-04-25T00:34:47.120+0000] {processor.py:914} INFO - Processing file /home/airflow/.local/lib/python3.12/site-packages/airflow/example_dags/example_latest_only_with_trigger.py for tasks to queue
[2026-04-25T00:34:47.121+0000] {logging_mixin.py:190} INFO - [2026-04-25T00:34:47.121+0000] {dagbag.py:588} INFO - Filling up the DagBag from /home/airflow/.local/lib/python3.12/site-packages/airflow/example_dags/example_latest_only_with_trigger.py
[2026-04-25T00:34:47.124+0000] {processor.py:925} INFO - DAG(s) 'latest_only_with_trigger' retrieved from /home/airflow/.local/lib/python3.12/site-packages/airflow/example_dags/example_latest_only_with_trigger.py
[2026-04-25T00:34:47.138+0000] {logging_mixin.py:190} INFO - [2026-04-25T00:34:47.138+0000] {dag.py:3239} INFO - Sync 1 DAGs
[2026-04-25T00:34:47.147+0000] {logging_mixin.py:190} INFO - [2026-04-25T00:34:47.147+0000] {dag.py:4180} INFO - Setting next_dagrun for latest_only_with_trigger to 2026-04-24 20:00:00+00:00, run_after=2026-04-25 00:00:00+00:00
[2026-04-25T00:34:47.154+0000] {processor.py:208} INFO - Processing /home/airflow/.local/lib/python3.12/site-packages/airflow/example_dags/example_latest_only_with_trigger.py took 0.038 seconds
[2026-04-25T00:35:18.198+0000] {processor.py:186} INFO - Started process (PID=89416) to work on /home/airflow/.local/lib/python3.12/site-packages/airflow/example_dags/example_latest_only_with_trigger.py
[2026-04-25T00:35:18.199+0000] {processor.py:914} INFO - Processing file /home/airflow/.local/lib/python3.12/site-packages/airflow/example_dags/example_latest_only_with_trigger.py for tasks to queue
[2026-04-25T00:35:18.200+0000] {logging_mixin.py:190} INFO - [2026-04-25T00:35:18.200+0000] {dagbag.py:588} INFO - Filling up the DagBag from /home/airflow/.local/lib/python3.12/site-packages/airflow/example_dags/example_latest_only_with_trigger.py
[2026-04-25T00:35:18.203+0000] {processor.py:925} INFO - DAG(s) 'latest_only_with_trigger' retrieved from /home/airflow/.local/lib/python3.12/site-packages/airflow/example_dags/example_latest_only_with_trigger.py
[2026-04-25T00:35:18.212+0000] {logging_mixin.py:190} INFO - [2026-04-25T00:35:18.212+0000] {dag.py:3239} INFO - Sync 1 DAGs
[2026-04-25T00:35:18.220+0000] {logging_mixin.py:190} INFO - [2026-04-25T00:35:18.220+0000] {dag.py:4180} INFO - Setting next_dagrun for latest_only_with_trigger to 2026-04-24 20:00:00+00:00, run_after=2026-04-25 00:00:00+00:00
[2026-04-25T00:35:18.229+0000] {processor.py:208} INFO - Processing /home/airflow/.local/lib/python3.12/site-packages/airflow/example_dags/example_latest_only_with_trigger.py took 0.033 seconds
[2026-04-25T00:50:50.940+0000] {processor.py:186} INFO - Started process (PID=89480) to work on /home/airflow/.local/lib/python3.12/site-packages/airflow/example_dags/example_latest_only_with_trigger.py
[2026-04-25T00:50:50.940+0000] {processor.py:914} INFO - Processing file /home/airflow/.local/lib/python3.12/site-packages/airflow/example_dags/example_latest_only_with_trigger.py for tasks to queue
[2026-04-25T00:50:50.941+0000] {logging_mixin.py:190} INFO - [2026-04-25T00:50:50.941+0000] {dagbag.py:588} INFO - Filling up the DagBag from /home/airflow/.local/lib/python3.12/site-packages/airflow/example_dags/example_latest_only_with_trigger.py
[2026-04-25T00:50:50.944+0000] {processor.py:925} INFO - DAG(s) 'latest_only_with_trigger' retrieved from /home/airflow/.local/lib/python3.12/site-packages/airflow/example_dags/example_latest_only_with_trigger.py
[2026-04-25T00:50:50.951+0000] {logging_mixin.py:190} INFO - [2026-04-25T00:50:50.951+0000] {dag.py:3239} INFO - Sync 1 DAGs
[2026-04-25T00:50:50.959+0000] {logging_mixin.py:190} INFO - [2026-04-25T00:50:50.959+0000] {dag.py:4180} INFO - Setting next_dagrun for latest_only_with_trigger to 2026-04-24 20:00:00+00:00, run_after=2026-04-25 00:00:00+00:00
[2026-04-25T00:50:50.966+0000] {processor.py:208} INFO - Processing /home/airflow/.local/lib/python3.12/site-packages/airflow/example_dags/example_latest_only_with_trigger.py took 0.029 seconds
[2026-04-25T00:53:49.227+0000] {processor.py:186} INFO - Started process (PID=89544) to work on /home/airflow/.local/lib/python3.12/site-packages/airflow/example_dags/example_latest_only_with_trigger.py
[2026-04-25T00:53:49.228+0000] {processor.py:914} INFO - Processing file /home/airflow/.local/lib/python3.12/site-packages/airflow/example_dags/example_latest_only_with_trigger.py for tasks to queue
[2026-04-25T00:53:49.229+0000] {logging_mixin.py:190} INFO - [2026-04-25T00:53:49.229+0000] {dagbag.py:588} INFO - Filling up the DagBag from /home/airflow/.local/lib/python3.12/site-packages/airflow/example_dags/example_latest_only_with_trigger.py
[2026-04-25T00:53:49.232+0000] {processor.py:925} INFO - DAG(s) 'latest_only_with_trigger' retrieved from /home/airflow/.local/lib/python3.12/site-packages/airflow/example_dags/example_latest_only_with_trigger.py
[2026-04-25T00:53:49.239+0000] {logging_mixin.py:190} INFO - [2026-04-25T00:53:49.239+0000] {dag.py:3239} INFO - Sync 1 DAGs
[2026-04-25T00:53:49.251+0000] {logging_mixin.py:190} INFO - [2026-04-25T00:53:49.251+0000] {dag.py:4180} INFO - Setting next_dagrun for latest_only_with_trigger to 2026-04-24 20:00:00+00:00, run_after=2026-04-25 00:00:00+00:00
[2026-04-25T00:53:49.258+0000] {processor.py:208} INFO - Processing /home/airflow/.local/lib/python3.12/site-packages/airflow/example_dags/example_latest_only_with_trigger.py took 0.033 seconds
[2026-04-25T00:54:20.284+0000] {processor.py:186} INFO - Started process (PID=89608) to work on /home/airflow/.local/lib/python3.12/site-packages/airflow/example_dags/example_latest_only_with_trigger.py
[2026-04-25T00:54:20.284+0000] {processor.py:914} INFO - Processing file /home/airflow/.local/lib/python3.12/site-packages/airflow/example_dags/example_latest_only_with_trigger.py for tasks to queue
[2026-04-25T00:54:20.285+0000] {logging_mixin.py:190} INFO - [2026-04-25T00:54:20.285+0000] {dagbag.py:588} INFO - Filling up the DagBag from /home/airflow/.local/lib/python3.12/site-packages/airflow/example_dags/example_latest_only_with_trigger.py
[2026-04-25T00:54:20.288+0000] {processor.py:925} INFO - DAG(s) 'latest_only_with_trigger' retrieved from /home/airflow/.local/lib/python3.12/site-packages/airflow/example_dags/example_latest_only_with_trigger.py
[2026-04-25T00:54:20.295+0000] {logging_mixin.py:190} INFO - [2026-04-25T00:54:20.295+0000] {dag.py:3239} INFO - Sync 1 DAGs
[2026-04-25T00:54:20.304+0000] {logging_mixin.py:190} INFO - [2026-04-25T00:54:20.304+0000] {dag.py:4180} INFO - Setting next_dagrun for latest_only_with_trigger to 2026-04-24 20:00:00+00:00, run_after=2026-04-25 00:00:00+00:00
[2026-04-25T00:54:20.316+0000] {processor.py:208} INFO - Processing /home/airflow/.local/lib/python3.12/site-packages/airflow/example_dags/example_latest_only_with_trigger.py took 0.035 seconds
[2026-04-25T00:54:51.224+0000] {processor.py:186} INFO - Started process (PID=89672) to work on /home/airflow/.local/lib/python3.12/site-packages/airflow/example_dags/example_latest_only_with_trigger.py
[2026-04-25T00:54:51.225+0000] {processor.py:914} INFO - Processing file /home/airflow/.local/lib/python3.12/site-packages/airflow/example_dags/example_latest_only_with_trigger.py for tasks to queue
[2026-04-25T00:54:51.226+0000] {logging_mixin.py:190} INFO - [2026-04-25T00:54:51.226+0000] {dagbag.py:588} INFO - Filling up the DagBag from /home/airflow/.local/lib/python3.12/site-packages/airflow/example_dags/example_latest_only_with_trigger.py
[2026-04-25T00:54:51.228+0000] {processor.py:925} INFO - DAG(s) 'latest_only_with_trigger' retrieved from /home/airflow/.local/lib/python3.12/site-packages/airflow/example_dags/example_latest_only_with_trigger.py
[2026-04-25T00:54:51.238+0000] {logging_mixin.py:190} INFO - [2026-04-25T00:54:51.238+0000] {dag.py:3239} INFO - Sync 1 DAGs
[2026-04-25T00:54:51.247+0000] {logging_mixin.py:190} INFO - [2026-04-25T00:54:51.247+0000] {dag.py:4180} INFO - Setting next_dagrun for latest_only_with_trigger to 2026-04-24 20:00:00+00:00, run_after=2026-04-25 00:00:00+00:00
[2026-04-25T00:54:51.256+0000] {processor.py:208} INFO - Processing /home/airflow/.local/lib/python3.12/site-packages/airflow/example_dags/example_latest_only_with_trigger.py took 0.034 seconds
[2026-04-25T00:55:22.354+0000] {processor.py:186} INFO - Started process (PID=89736) to work on /home/airflow/.local/lib/python3.12/site-packages/airflow/example_dags/example_latest_only_with_trigger.py
[2026-04-25T00:55:22.355+0000] {processor.py:914} INFO - Processing file /home/airflow/.local/lib/python3.12/site-packages/airflow/example_dags/example_latest_only_with_trigger.py for tasks to queue
[2026-04-25T00:55:22.356+0000] {logging_mixin.py:190} INFO - [2026-04-25T00:55:22.356+0000] {dagbag.py:588} INFO - Filling up the DagBag from /home/airflow/.local/lib/python3.12/site-packages/airflow/example_dags/example_latest_only_with_trigger.py
[2026-04-25T00:55:22.360+0000] {processor.py:925} INFO - DAG(s) 'latest_only_with_trigger' retrieved from /home/airflow/.local/lib/python3.12/site-packages/airflow/example_dags/example_latest_only_with_trigger.py
[2026-04-25T00:55:22.368+0000] {logging_mixin.py:190} INFO - [2026-04-25T00:55:22.368+0000] {dag.py:3239} INFO - Sync 1 DAGs
[2026-04-25T00:55:22.378+0000] {logging_mixin.py:190} INFO - [2026-04-25T00:55:22.378+0000] {dag.py:4180} INFO - Setting next_dagrun for latest_only_with_trigger to 2026-04-24 20:00:00+00:00, run_after=2026-04-25 00:00:00+00:00
[2026-04-25T00:55:22.386+0000] {processor.py:208} INFO - Processing /home/airflow/.local/lib/python3.12/site-packages/airflow/example_dags/example_latest_only_with_trigger.py took 0.034 seconds
[2026-04-25T00:58:30.289+0000] {processor.py:186} INFO - Started process (PID=89800) to work on /home/airflow/.local/lib/python3.12/site-packages/airflow/example_dags/example_latest_only_with_trigger.py
[2026-04-25T00:58:30.289+0000] {processor.py:914} INFO - Processing file /home/airflow/.local/lib/python3.12/site-packages/airflow/example_dags/example_latest_only_with_trigger.py for tasks to queue
[2026-04-25T00:58:30.291+0000] {logging_mixin.py:190} INFO - [2026-04-25T00:58:30.291+0000] {dagbag.py:588} INFO - Filling up the DagBag from /home/airflow/.local/lib/python3.12/site-packages/airflow/example_dags/example_latest_only_with_trigger.py
[2026-04-25T00:58:30.295+0000] {processor.py:925} INFO - DAG(s) 'latest_only_with_trigger' retrieved from /home/airflow/.local/lib/python3.12/site-packages/airflow/example_dags/example_latest_only_with_trigger.py
[2026-04-25T00:58:30.305+0000] {logging_mixin.py:190} INFO - [2026-04-25T00:58:30.305+0000] {dag.py:3239} INFO - Sync 1 DAGs
[2026-04-25T00:58:30.314+0000] {logging_mixin.py:190} INFO - [2026-04-25T00:58:30.314+0000] {dag.py:4180} INFO - Setting next_dagrun for latest_only_with_trigger to 2026-04-24 20:00:00+00:00, run_after=2026-04-25 00:00:00+00:00
[2026-04-25T00:58:30.321+0000] {processor.py:208} INFO - Processing /home/airflow/.local/lib/python3.12/site-packages/airflow/example_dags/example_latest_only_with_trigger.py took 0.035 seconds
[2026-04-25T00:59:01.436+0000] {processor.py:186} INFO - Started process (PID=89864) to work on /home/airflow/.local/lib/python3.12/site-packages/airflow/example_dags/example_latest_only_with_trigger.py
[2026-04-25T00:59:01.436+0000] {processor.py:914} INFO - Processing file /home/airflow/.local/lib/python3.12/site-packages/airflow/example_dags/example_latest_only_with_trigger.py for tasks to queue
[2026-04-25T00:59:01.438+0000] {logging_mixin.py:190} INFO - [2026-04-25T00:59:01.438+0000] {dagbag.py:588} INFO - Filling up the DagBag from /home/airflow/.local/lib/python3.12/site-packages/airflow/example_dags/example_latest_only_with_trigger.py
[2026-04-25T00:59:01.443+0000] {processor.py:925} INFO - DAG(s) 'latest_only_with_trigger' retrieved from /home/airflow/.local/lib/python3.12/site-packages/airflow/example_dags/example_latest_only_with_trigger.py
[2026-04-25T00:59:01.454+0000] {logging_mixin.py:190} INFO - [2026-04-25T00:59:01.454+0000] {dag.py:3239} INFO - Sync 1 DAGs
[2026-04-25T00:59:01.463+0000] {logging_mixin.py:190} INFO - [2026-04-25T00:59:01.463+0000] {dag.py:4180} INFO - Setting next_dagrun for latest_only_with_trigger to 2026-04-24 20:00:00+00:00, run_after=2026-04-25 00:00:00+00:00
[2026-04-25T00:59:01.472+0000] {processor.py:208} INFO - Processing /home/airflow/.local/lib/python3.12/site-packages/airflow/example_dags/example_latest_only_with_trigger.py took 0.038 seconds
[2026-04-25T00:59:32.410+0000] {processor.py:186} INFO - Started process (PID=89929) to work on /home/airflow/.local/lib/python3.12/site-packages/airflow/example_dags/example_latest_only_with_trigger.py
[2026-04-25T00:59:32.411+0000] {processor.py:914} INFO - Processing file /home/airflow/.local/lib/python3.12/site-packages/airflow/example_dags/example_latest_only_with_trigger.py for tasks to queue
[2026-04-25T00:59:32.412+0000] {logging_mixin.py:190} INFO - [2026-04-25T00:59:32.412+0000] {dagbag.py:588} INFO - Filling up the DagBag from /home/airflow/.local/lib/python3.12/site-packages/airflow/example_dags/example_latest_only_with_trigger.py
[2026-04-25T00:59:32.417+0000] {processor.py:925} INFO - DAG(s) 'latest_only_with_trigger' retrieved from /home/airflow/.local/lib/python3.12/site-packages/airflow/example_dags/example_latest_only_with_trigger.py
[2026-04-25T00:59:32.426+0000] {logging_mixin.py:190} INFO - [2026-04-25T00:59:32.426+0000] {dag.py:3239} INFO - Sync 1 DAGs
[2026-04-25T00:59:32.438+0000] {logging_mixin.py:190} INFO - [2026-04-25T00:59:32.438+0000] {dag.py:4180} INFO - Setting next_dagrun for latest_only_with_trigger to 2026-04-24 20:00:00+00:00, run_after=2026-04-25 00:00:00+00:00
[2026-04-25T00:59:32.448+0000] {processor.py:208} INFO - Processing /home/airflow/.local/lib/python3.12/site-packages/airflow/example_dags/example_latest_only_with_trigger.py took 0.041 seconds
[2026-04-25T01:00:03.543+0000] {processor.py:186} INFO - Started process (PID=89993) to work on /home/airflow/.local/lib/python3.12/site-packages/airflow/example_dags/example_latest_only_with_trigger.py
[2026-04-25T01:00:03.543+0000] {processor.py:914} INFO - Processing file /home/airflow/.local/lib/python3.12/site-packages/airflow/example_dags/example_latest_only_with_trigger.py for tasks to queue
[2026-04-25T01:00:03.544+0000] {logging_mixin.py:190} INFO - [2026-04-25T01:00:03.544+0000] {dagbag.py:588} INFO - Filling up the DagBag from /home/airflow/.local/lib/python3.12/site-packages/airflow/example_dags/example_latest_only_with_trigger.py
[2026-04-25T01:00:03.550+0000] {processor.py:925} INFO - DAG(s) 'latest_only_with_trigger' retrieved from /home/airflow/.local/lib/python3.12/site-packages/airflow/example_dags/example_latest_only_with_trigger.py
[2026-04-25T01:00:03.560+0000] {logging_mixin.py:190} INFO - [2026-04-25T01:00:03.560+0000] {dag.py:3239} INFO - Sync 1 DAGs
[2026-04-25T01:00:03.575+0000] {logging_mixin.py:190} INFO - [2026-04-25T01:00:03.574+0000] {dag.py:4180} INFO - Setting next_dagrun for latest_only_with_trigger to 2026-04-24 20:00:00+00:00, run_after=2026-04-25 00:00:00+00:00
[2026-04-25T01:00:03.585+0000] {processor.py:208} INFO - Processing /home/airflow/.local/lib/python3.12/site-packages/airflow/example_dags/example_latest_only_with_trigger.py took 0.045 seconds
[2026-04-25T01:00:33.968+0000] {processor.py:186} INFO - Started process (PID=90057) to work on /home/airflow/.local/lib/python3.12/site-packages/airflow/example_dags/example_latest_only_with_trigger.py
[2026-04-25T01:00:33.971+0000] {processor.py:914} INFO - Processing file /home/airflow/.local/lib/python3.12/site-packages/airflow/example_dags/example_latest_only_with_trigger.py for tasks to queue
[2026-04-25T01:00:33.972+0000] {logging_mixin.py:190} INFO - [2026-04-25T01:00:33.972+0000] {dagbag.py:588} INFO - Filling up the DagBag from /home/airflow/.local/lib/python3.12/site-packages/airflow/example_dags/example_latest_only_with_trigger.py
[2026-04-25T01:00:33.976+0000] {processor.py:925} INFO - DAG(s) 'latest_only_with_trigger' retrieved from /home/airflow/.local/lib/python3.12/site-packages/airflow/example_dags/example_latest_only_with_trigger.py
[2026-04-25T01:00:33.991+0000] {logging_mixin.py:190} INFO - [2026-04-25T01:00:33.991+0000] {dag.py:3239} INFO - Sync 1 DAGs
[2026-04-25T01:00:34.004+0000] {logging_mixin.py:190} INFO - [2026-04-25T01:00:34.004+0000] {dag.py:4180} INFO - Setting next_dagrun for latest_only_with_trigger to 2026-04-24 20:00:00+00:00, run_after=2026-04-25 00:00:00+00:00
[2026-04-25T01:00:34.015+0000] {processor.py:208} INFO - Processing /home/airflow/.local/lib/python3.12/site-packages/airflow/example_dags/example_latest_only_with_trigger.py took 0.050 seconds
[2026-04-25T01:16:02.671+0000] {processor.py:186} INFO - Started process (PID=90121) to work on /home/airflow/.local/lib/python3.12/site-packages/airflow/example_dags/example_latest_only_with_trigger.py
[2026-04-25T01:16:02.672+0000] {processor.py:914} INFO - Processing file /home/airflow/.local/lib/python3.12/site-packages/airflow/example_dags/example_latest_only_with_trigger.py for tasks to queue
[2026-04-25T01:16:02.674+0000] {logging_mixin.py:190} INFO - [2026-04-25T01:16:02.674+0000] {dagbag.py:588} INFO - Filling up the DagBag from /home/airflow/.local/lib/python3.12/site-packages/airflow/example_dags/example_latest_only_with_trigger.py
[2026-04-25T01:16:02.676+0000] {processor.py:925} INFO - DAG(s) 'latest_only_with_trigger' retrieved from /home/airflow/.local/lib/python3.12/site-packages/airflow/example_dags/example_latest_only_with_trigger.py
[2026-04-25T01:16:02.686+0000] {logging_mixin.py:190} INFO - [2026-04-25T01:16:02.686+0000] {dag.py:3239} INFO - Sync 1 DAGs
[2026-04-25T01:16:02.696+0000] {logging_mixin.py:190} INFO - [2026-04-25T01:16:02.696+0000] {dag.py:4180} INFO - Setting next_dagrun for latest_only_with_trigger to 2026-04-24 20:00:00+00:00, run_after=2026-04-25 00:00:00+00:00
[2026-04-25T01:16:02.705+0000] {processor.py:208} INFO - Processing /home/airflow/.local/lib/python3.12/site-packages/airflow/example_dags/example_latest_only_with_trigger.py took 0.036 seconds
[2026-04-25T01:16:33.089+0000] {processor.py:186} INFO - Started process (PID=90185) to work on /home/airflow/.local/lib/python3.12/site-packages/airflow/example_dags/example_latest_only_with_trigger.py
[2026-04-25T01:16:33.089+0000] {processor.py:914} INFO - Processing file /home/airflow/.local/lib/python3.12/site-packages/airflow/example_dags/example_latest_only_with_trigger.py for tasks to queue
[2026-04-25T01:16:33.091+0000] {logging_mixin.py:190} INFO - [2026-04-25T01:16:33.091+0000] {dagbag.py:588} INFO - Filling up the DagBag from /home/airflow/.local/lib/python3.12/site-packages/airflow/example_dags/example_latest_only_with_trigger.py
[2026-04-25T01:16:33.095+0000] {processor.py:925} INFO - DAG(s) 'latest_only_with_trigger' retrieved from /home/airflow/.local/lib/python3.12/site-packages/airflow/example_dags/example_latest_only_with_trigger.py
[2026-04-25T01:16:33.106+0000] {logging_mixin.py:190} INFO - [2026-04-25T01:16:33.106+0000] {dag.py:3239} INFO - Sync 1 DAGs
[2026-04-25T01:16:33.117+0000] {logging_mixin.py:190} INFO - [2026-04-25T01:16:33.117+0000] {dag.py:4180} INFO - Setting next_dagrun for latest_only_with_trigger to 2026-04-24 20:00:00+00:00, run_after=2026-04-25 00:00:00+00:00
[2026-04-25T01:16:33.128+0000] {processor.py:208} INFO - Processing /home/airflow/.local/lib/python3.12/site-packages/airflow/example_dags/example_latest_only_with_trigger.py took 0.042 seconds
[2026-04-25T01:17:03.652+0000] {processor.py:186} INFO - Started process (PID=90249) to work on /home/airflow/.local/lib/python3.12/site-packages/airflow/example_dags/example_latest_only_with_trigger.py
[2026-04-25T01:17:03.653+0000] {processor.py:914} INFO - Processing file /home/airflow/.local/lib/python3.12/site-packages/airflow/example_dags/example_latest_only_with_trigger.py for tasks to queue
[2026-04-25T01:17:03.654+0000] {logging_mixin.py:190} INFO - [2026-04-25T01:17:03.654+0000] {dagbag.py:588} INFO - Filling up the DagBag from /home/airflow/.local/lib/python3.12/site-packages/airflow/example_dags/example_latest_only_with_trigger.py
[2026-04-25T01:17:03.658+0000] {processor.py:925} INFO - DAG(s) 'latest_only_with_trigger' retrieved from /home/airflow/.local/lib/python3.12/site-packages/airflow/example_dags/example_latest_only_with_trigger.py
[2026-04-25T01:17:03.671+0000] {logging_mixin.py:190} INFO - [2026-04-25T01:17:03.671+0000] {dag.py:3239} INFO - Sync 1 DAGs
[2026-04-25T01:17:03.681+0000] {logging_mixin.py:190} INFO - [2026-04-25T01:17:03.681+0000] {dag.py:4180} INFO - Setting next_dagrun for latest_only_with_trigger to 2026-04-24 20:00:00+00:00, run_after=2026-04-25 00:00:00+00:00
[2026-04-25T01:17:03.690+0000] {processor.py:208} INFO - Processing /home/airflow/.local/lib/python3.12/site-packages/airflow/example_dags/example_latest_only_with_trigger.py took 0.041 seconds
[2026-04-25T01:17:34.826+0000] {processor.py:186} INFO - Started process (PID=90313) to work on /home/airflow/.local/lib/python3.12/site-packages/airflow/example_dags/example_latest_only_with_trigger.py
[2026-04-25T01:17:34.827+0000] {processor.py:914} INFO - Processing file /home/airflow/.local/lib/python3.12/site-packages/airflow/example_dags/example_latest_only_with_trigger.py for tasks to queue
[2026-04-25T01:17:34.830+0000] {logging_mixin.py:190} INFO - [2026-04-25T01:17:34.830+0000] {dagbag.py:588} INFO - Filling up the DagBag from /home/airflow/.local/lib/python3.12/site-packages/airflow/example_dags/example_latest_only_with_trigger.py
[2026-04-25T01:17:34.835+0000] {processor.py:925} INFO - DAG(s) 'latest_only_with_trigger' retrieved from /home/airflow/.local/lib/python3.12/site-packages/airflow/example_dags/example_latest_only_with_trigger.py
[2026-04-25T01:17:34.851+0000] {logging_mixin.py:190} INFO - [2026-04-25T01:17:34.851+0000] {dag.py:3239} INFO - Sync 1 DAGs
[2026-04-25T01:17:34.866+0000] {logging_mixin.py:190} INFO - [2026-04-25T01:17:34.866+0000] {dag.py:4180} INFO - Setting next_dagrun for latest_only_with_trigger to 2026-04-24 20:00:00+00:00, run_after=2026-04-25 00:00:00+00:00
[2026-04-25T01:17:34.876+0000] {processor.py:208} INFO - Processing /home/airflow/.local/lib/python3.12/site-packages/airflow/example_dags/example_latest_only_with_trigger.py took 0.054 seconds
[2026-04-25T01:33:07.476+0000] {processor.py:186} INFO - Started process (PID=90377) to work on /home/airflow/.local/lib/python3.12/site-packages/airflow/example_dags/example_latest_only_with_trigger.py
[2026-04-25T01:33:07.476+0000] {processor.py:914} INFO - Processing file /home/airflow/.local/lib/python3.12/site-packages/airflow/example_dags/example_latest_only_with_trigger.py for tasks to queue
[2026-04-25T01:33:07.477+0000] {logging_mixin.py:190} INFO - [2026-04-25T01:33:07.477+0000] {dagbag.py:588} INFO - Filling up the DagBag from /home/airflow/.local/lib/python3.12/site-packages/airflow/example_dags/example_latest_only_with_trigger.py
[2026-04-25T01:33:07.480+0000] {processor.py:925} INFO - DAG(s) 'latest_only_with_trigger' retrieved from /home/airflow/.local/lib/python3.12/site-packages/airflow/example_dags/example_latest_only_with_trigger.py
[2026-04-25T01:33:07.489+0000] {logging_mixin.py:190} INFO - [2026-04-25T01:33:07.489+0000] {dag.py:3239} INFO - Sync 1 DAGs
[2026-04-25T01:33:07.499+0000] {logging_mixin.py:190} INFO - [2026-04-25T01:33:07.499+0000] {dag.py:4180} INFO - Setting next_dagrun for latest_only_with_trigger to 2026-04-24 20:00:00+00:00, run_after=2026-04-25 00:00:00+00:00
[2026-04-25T01:33:07.508+0000] {processor.py:208} INFO - Processing /home/airflow/.local/lib/python3.12/site-packages/airflow/example_dags/example_latest_only_with_trigger.py took 0.034 seconds
[2026-04-25T01:48:42.920+0000] {processor.py:186} INFO - Started process (PID=90441) to work on /home/airflow/.local/lib/python3.12/site-packages/airflow/example_dags/example_latest_only_with_trigger.py
[2026-04-25T01:48:42.920+0000] {processor.py:914} INFO - Processing file /home/airflow/.local/lib/python3.12/site-packages/airflow/example_dags/example_latest_only_with_trigger.py for tasks to queue
[2026-04-25T01:48:42.921+0000] {logging_mixin.py:190} INFO - [2026-04-25T01:48:42.921+0000] {dagbag.py:588} INFO - Filling up the DagBag from /home/airflow/.local/lib/python3.12/site-packages/airflow/example_dags/example_latest_only_with_trigger.py
[2026-04-25T01:48:42.926+0000] {processor.py:925} INFO - DAG(s) 'latest_only_with_trigger' retrieved from /home/airflow/.local/lib/python3.12/site-packages/airflow/example_dags/example_latest_only_with_trigger.py
[2026-04-25T01:48:42.935+0000] {logging_mixin.py:190} INFO - [2026-04-25T01:48:42.935+0000] {dag.py:3239} INFO - Sync 1 DAGs
[2026-04-25T01:48:42.949+0000] {logging_mixin.py:190} INFO - [2026-04-25T01:48:42.949+0000] {dag.py:4180} INFO - Setting next_dagrun for latest_only_with_trigger to 2026-04-24 20:00:00+00:00, run_after=2026-04-25 00:00:00+00:00
[2026-04-25T01:48:42.960+0000] {processor.py:208} INFO - Processing /home/airflow/.local/lib/python3.12/site-packages/airflow/example_dags/example_latest_only_with_trigger.py took 0.042 seconds
[2026-04-25T01:49:13.277+0000] {processor.py:186} INFO - Started process (PID=90505) to work on /home/airflow/.local/lib/python3.12/site-packages/airflow/example_dags/example_latest_only_with_trigger.py
[2026-04-25T01:49:13.277+0000] {processor.py:914} INFO - Processing file /home/airflow/.local/lib/python3.12/site-packages/airflow/example_dags/example_latest_only_with_trigger.py for tasks to queue
[2026-04-25T01:49:13.279+0000] {logging_mixin.py:190} INFO - [2026-04-25T01:49:13.279+0000] {dagbag.py:588} INFO - Filling up the DagBag from /home/airflow/.local/lib/python3.12/site-packages/airflow/example_dags/example_latest_only_with_trigger.py
[2026-04-25T01:49:13.281+0000] {processor.py:925} INFO - DAG(s) 'latest_only_with_trigger' retrieved from /home/airflow/.local/lib/python3.12/site-packages/airflow/example_dags/example_latest_only_with_trigger.py
[2026-04-25T01:49:13.292+0000] {logging_mixin.py:190} INFO - [2026-04-25T01:49:13.292+0000] {dag.py:3239} INFO - Sync 1 DAGs
[2026-04-25T01:49:13.300+0000] {logging_mixin.py:190} INFO - [2026-04-25T01:49:13.300+0000] {dag.py:4180} INFO - Setting next_dagrun for latest_only_with_trigger to 2026-04-24 20:00:00+00:00, run_after=2026-04-25 00:00:00+00:00
[2026-04-25T01:49:13.309+0000] {processor.py:208} INFO - Processing /home/airflow/.local/lib/python3.12/site-packages/airflow/example_dags/example_latest_only_with_trigger.py took 0.034 seconds
[2026-04-25T01:55:32.018+0000] {processor.py:186} INFO - Started process (PID=90569) to work on /home/airflow/.local/lib/python3.12/site-packages/airflow/example_dags/example_latest_only_with_trigger.py
[2026-04-25T01:55:32.019+0000] {processor.py:914} INFO - Processing file /home/airflow/.local/lib/python3.12/site-packages/airflow/example_dags/example_latest_only_with_trigger.py for tasks to queue
[2026-04-25T01:55:32.021+0000] {logging_mixin.py:190} INFO - [2026-04-25T01:55:32.021+0000] {dagbag.py:588} INFO - Filling up the DagBag from /home/airflow/.local/lib/python3.12/site-packages/airflow/example_dags/example_latest_only_with_trigger.py
[2026-04-25T01:55:32.023+0000] {processor.py:925} INFO - DAG(s) 'latest_only_with_trigger' retrieved from /home/airflow/.local/lib/python3.12/site-packages/airflow/example_dags/example_latest_only_with_trigger.py
[2026-04-25T01:55:32.035+0000] {logging_mixin.py:190} INFO - [2026-04-25T01:55:32.035+0000] {dag.py:3239} INFO - Sync 1 DAGs
[2026-04-25T01:55:32.044+0000] {logging_mixin.py:190} INFO - [2026-04-25T01:55:32.044+0000] {dag.py:4180} INFO - Setting next_dagrun for latest_only_with_trigger to 2026-04-24 20:00:00+00:00, run_after=2026-04-25 00:00:00+00:00
[2026-04-25T01:55:32.053+0000] {processor.py:208} INFO - Processing /home/airflow/.local/lib/python3.12/site-packages/airflow/example_dags/example_latest_only_with_trigger.py took 0.037 seconds
[2026-04-25T02:11:06.550+0000] {processor.py:186} INFO - Started process (PID=90633) to work on /home/airflow/.local/lib/python3.12/site-packages/airflow/example_dags/example_latest_only_with_trigger.py
[2026-04-25T02:11:06.550+0000] {processor.py:914} INFO - Processing file /home/airflow/.local/lib/python3.12/site-packages/airflow/example_dags/example_latest_only_with_trigger.py for tasks to queue
[2026-04-25T02:11:06.551+0000] {logging_mixin.py:190} INFO - [2026-04-25T02:11:06.551+0000] {dagbag.py:588} INFO - Filling up the DagBag from /home/airflow/.local/lib/python3.12/site-packages/airflow/example_dags/example_latest_only_with_trigger.py
[2026-04-25T02:11:06.554+0000] {processor.py:925} INFO - DAG(s) 'latest_only_with_trigger' retrieved from /home/airflow/.local/lib/python3.12/site-packages/airflow/example_dags/example_latest_only_with_trigger.py
[2026-04-25T02:11:06.561+0000] {logging_mixin.py:190} INFO - [2026-04-25T02:11:06.561+0000] {dag.py:3239} INFO - Sync 1 DAGs
[2026-04-25T02:11:06.569+0000] {logging_mixin.py:190} INFO - [2026-04-25T02:11:06.569+0000] {dag.py:4180} INFO - Setting next_dagrun for latest_only_with_trigger to 2026-04-24 20:00:00+00:00, run_after=2026-04-25 00:00:00+00:00
[2026-04-25T02:11:06.577+0000] {processor.py:208} INFO - Processing /home/airflow/.local/lib/python3.12/site-packages/airflow/example_dags/example_latest_only_with_trigger.py took 0.030 seconds
[2026-04-25T02:11:36.777+0000] {processor.py:186} INFO - Started process (PID=90696) to work on /home/airflow/.local/lib/python3.12/site-packages/airflow/example_dags/example_latest_only_with_trigger.py
[2026-04-25T02:11:36.778+0000] {processor.py:914} INFO - Processing file /home/airflow/.local/lib/python3.12/site-packages/airflow/example_dags/example_latest_only_with_trigger.py for tasks to queue
[2026-04-25T02:11:36.779+0000] {logging_mixin.py:190} INFO - [2026-04-25T02:11:36.779+0000] {dagbag.py:588} INFO - Filling up the DagBag from /home/airflow/.local/lib/python3.12/site-packages/airflow/example_dags/example_latest_only_with_trigger.py
[2026-04-25T02:11:36.782+0000] {processor.py:925} INFO - DAG(s) 'latest_only_with_trigger' retrieved from /home/airflow/.local/lib/python3.12/site-packages/airflow/example_dags/example_latest_only_with_trigger.py
[2026-04-25T02:11:36.789+0000] {logging_mixin.py:190} INFO - [2026-04-25T02:11:36.789+0000] {dag.py:3239} INFO - Sync 1 DAGs
[2026-04-25T02:11:36.797+0000] {logging_mixin.py:190} INFO - [2026-04-25T02:11:36.797+0000] {dag.py:4180} INFO - Setting next_dagrun for latest_only_with_trigger to 2026-04-24 20:00:00+00:00, run_after=2026-04-25 00:00:00+00:00
[2026-04-25T02:11:36.807+0000] {processor.py:208} INFO - Processing /home/airflow/.local/lib/python3.12/site-packages/airflow/example_dags/example_latest_only_with_trigger.py took 0.032 seconds
[2026-04-25T02:17:41.133+0000] {processor.py:186} INFO - Started process (PID=90761) to work on /home/airflow/.local/lib/python3.12/site-packages/airflow/example_dags/example_latest_only_with_trigger.py
[2026-04-25T02:17:41.135+0000] {processor.py:914} INFO - Processing file /home/airflow/.local/lib/python3.12/site-packages/airflow/example_dags/example_latest_only_with_trigger.py for tasks to queue
[2026-04-25T02:17:41.135+0000] {logging_mixin.py:190} INFO - [2026-04-25T02:17:41.135+0000] {dagbag.py:588} INFO - Filling up the DagBag from /home/airflow/.local/lib/python3.12/site-packages/airflow/example_dags/example_latest_only_with_trigger.py
[2026-04-25T02:17:41.138+0000] {processor.py:925} INFO - DAG(s) 'latest_only_with_trigger' retrieved from /home/airflow/.local/lib/python3.12/site-packages/airflow/example_dags/example_latest_only_with_trigger.py
[2026-04-25T02:17:41.149+0000] {logging_mixin.py:190} INFO - [2026-04-25T02:17:41.149+0000] {dag.py:3239} INFO - Sync 1 DAGs
[2026-04-25T02:17:41.161+0000] {logging_mixin.py:190} INFO - [2026-04-25T02:17:41.161+0000] {dag.py:4180} INFO - Setting next_dagrun for latest_only_with_trigger to 2026-04-24 20:00:00+00:00, run_after=2026-04-25 00:00:00+00:00
[2026-04-25T02:17:41.170+0000] {processor.py:208} INFO - Processing /home/airflow/.local/lib/python3.12/site-packages/airflow/example_dags/example_latest_only_with_trigger.py took 0.039 seconds
[2026-04-25T02:18:11.506+0000] {processor.py:186} INFO - Started process (PID=90825) to work on /home/airflow/.local/lib/python3.12/site-packages/airflow/example_dags/example_latest_only_with_trigger.py
[2026-04-25T02:18:11.506+0000] {processor.py:914} INFO - Processing file /home/airflow/.local/lib/python3.12/site-packages/airflow/example_dags/example_latest_only_with_trigger.py for tasks to queue
[2026-04-25T02:18:11.507+0000] {logging_mixin.py:190} INFO - [2026-04-25T02:18:11.507+0000] {dagbag.py:588} INFO - Filling up the DagBag from /home/airflow/.local/lib/python3.12/site-packages/airflow/example_dags/example_latest_only_with_trigger.py
[2026-04-25T02:18:11.510+0000] {processor.py:925} INFO - DAG(s) 'latest_only_with_trigger' retrieved from /home/airflow/.local/lib/python3.12/site-packages/airflow/example_dags/example_latest_only_with_trigger.py
[2026-04-25T02:18:11.517+0000] {logging_mixin.py:190} INFO - [2026-04-25T02:18:11.517+0000] {dag.py:3239} INFO - Sync 1 DAGs
[2026-04-25T02:18:11.525+0000] {logging_mixin.py:190} INFO - [2026-04-25T02:18:11.525+0000] {dag.py:4180} INFO - Setting next_dagrun for latest_only_with_trigger to 2026-04-24 20:00:00+00:00, run_after=2026-04-25 00:00:00+00:00
[2026-04-25T02:18:11.532+0000] {processor.py:208} INFO - Processing /home/airflow/.local/lib/python3.12/site-packages/airflow/example_dags/example_latest_only_with_trigger.py took 0.029 seconds
[2026-04-25T02:33:44.753+0000] {processor.py:186} INFO - Started process (PID=90889) to work on /home/airflow/.local/lib/python3.12/site-packages/airflow/example_dags/example_latest_only_with_trigger.py
[2026-04-25T02:33:44.755+0000] {processor.py:914} INFO - Processing file /home/airflow/.local/lib/python3.12/site-packages/airflow/example_dags/example_latest_only_with_trigger.py for tasks to queue
[2026-04-25T02:33:44.756+0000] {logging_mixin.py:190} INFO - [2026-04-25T02:33:44.756+0000] {dagbag.py:588} INFO - Filling up the DagBag from /home/airflow/.local/lib/python3.12/site-packages/airflow/example_dags/example_latest_only_with_trigger.py
[2026-04-25T02:33:44.758+0000] {processor.py:925} INFO - DAG(s) 'latest_only_with_trigger' retrieved from /home/airflow/.local/lib/python3.12/site-packages/airflow/example_dags/example_latest_only_with_trigger.py
[2026-04-25T02:33:44.769+0000] {logging_mixin.py:190} INFO - [2026-04-25T02:33:44.769+0000] {dag.py:3239} INFO - Sync 1 DAGs
[2026-04-25T02:33:44.776+0000] {logging_mixin.py:190} INFO - [2026-04-25T02:33:44.776+0000] {dag.py:4180} INFO - Setting next_dagrun for latest_only_with_trigger to 2026-04-24 20:00:00+00:00, run_after=2026-04-25 00:00:00+00:00
[2026-04-25T02:33:44.785+0000] {processor.py:208} INFO - Processing /home/airflow/.local/lib/python3.12/site-packages/airflow/example_dags/example_latest_only_with_trigger.py took 0.034 seconds
[2026-04-25T02:35:49.044+0000] {processor.py:186} INFO - Started process (PID=90953) to work on /home/airflow/.local/lib/python3.12/site-packages/airflow/example_dags/example_latest_only_with_trigger.py
[2026-04-25T02:35:49.045+0000] {processor.py:914} INFO - Processing file /home/airflow/.local/lib/python3.12/site-packages/airflow/example_dags/example_latest_only_with_trigger.py for tasks to queue
[2026-04-25T02:35:49.046+0000] {logging_mixin.py:190} INFO - [2026-04-25T02:35:49.045+0000] {dagbag.py:588} INFO - Filling up the DagBag from /home/airflow/.local/lib/python3.12/site-packages/airflow/example_dags/example_latest_only_with_trigger.py
[2026-04-25T02:35:49.049+0000] {processor.py:925} INFO - DAG(s) 'latest_only_with_trigger' retrieved from /home/airflow/.local/lib/python3.12/site-packages/airflow/example_dags/example_latest_only_with_trigger.py
[2026-04-25T02:35:49.056+0000] {logging_mixin.py:190} INFO - [2026-04-25T02:35:49.056+0000] {dag.py:3239} INFO - Sync 1 DAGs
[2026-04-25T02:35:49.064+0000] {logging_mixin.py:190} INFO - [2026-04-25T02:35:49.064+0000] {dag.py:4180} INFO - Setting next_dagrun for latest_only_with_trigger to 2026-04-24 20:00:00+00:00, run_after=2026-04-25 00:00:00+00:00
[2026-04-25T02:35:49.074+0000] {processor.py:208} INFO - Processing /home/airflow/.local/lib/python3.12/site-packages/airflow/example_dags/example_latest_only_with_trigger.py took 0.032 seconds
[2026-04-25T02:36:20.334+0000] {processor.py:186} INFO - Started process (PID=91017) to work on /home/airflow/.local/lib/python3.12/site-packages/airflow/example_dags/example_latest_only_with_trigger.py
[2026-04-25T02:36:20.334+0000] {processor.py:914} INFO - Processing file /home/airflow/.local/lib/python3.12/site-packages/airflow/example_dags/example_latest_only_with_trigger.py for tasks to queue
[2026-04-25T02:36:20.335+0000] {logging_mixin.py:190} INFO - [2026-04-25T02:36:20.335+0000] {dagbag.py:588} INFO - Filling up the DagBag from /home/airflow/.local/lib/python3.12/site-packages/airflow/example_dags/example_latest_only_with_trigger.py
[2026-04-25T02:36:20.338+0000] {processor.py:925} INFO - DAG(s) 'latest_only_with_trigger' retrieved from /home/airflow/.local/lib/python3.12/site-packages/airflow/example_dags/example_latest_only_with_trigger.py
[2026-04-25T02:36:20.347+0000] {logging_mixin.py:190} INFO - [2026-04-25T02:36:20.347+0000] {dag.py:3239} INFO - Sync 1 DAGs
[2026-04-25T02:36:20.357+0000] {logging_mixin.py:190} INFO - [2026-04-25T02:36:20.357+0000] {dag.py:4180} INFO - Setting next_dagrun for latest_only_with_trigger to 2026-04-24 20:00:00+00:00, run_after=2026-04-25 00:00:00+00:00
[2026-04-25T02:36:20.365+0000] {processor.py:208} INFO - Processing /home/airflow/.local/lib/python3.12/site-packages/airflow/example_dags/example_latest_only_with_trigger.py took 0.034 seconds
[2026-04-25T02:36:51.524+0000] {processor.py:186} INFO - Started process (PID=91081) to work on /home/airflow/.local/lib/python3.12/site-packages/airflow/example_dags/example_latest_only_with_trigger.py
[2026-04-25T02:36:51.525+0000] {processor.py:914} INFO - Processing file /home/airflow/.local/lib/python3.12/site-packages/airflow/example_dags/example_latest_only_with_trigger.py for tasks to queue
[2026-04-25T02:36:51.528+0000] {logging_mixin.py:190} INFO - [2026-04-25T02:36:51.528+0000] {dagbag.py:588} INFO - Filling up the DagBag from /home/airflow/.local/lib/python3.12/site-packages/airflow/example_dags/example_latest_only_with_trigger.py
[2026-04-25T02:36:51.531+0000] {processor.py:925} INFO - DAG(s) 'latest_only_with_trigger' retrieved from /home/airflow/.local/lib/python3.12/site-packages/airflow/example_dags/example_latest_only_with_trigger.py
[2026-04-25T02:36:51.540+0000] {logging_mixin.py:190} INFO - [2026-04-25T02:36:51.540+0000] {dag.py:3239} INFO - Sync 1 DAGs
[2026-04-25T02:36:51.549+0000] {logging_mixin.py:190} INFO - [2026-04-25T02:36:51.549+0000] {dag.py:4180} INFO - Setting next_dagrun for latest_only_with_trigger to 2026-04-24 20:00:00+00:00, run_after=2026-04-25 00:00:00+00:00
[2026-04-25T02:36:51.557+0000] {processor.py:208} INFO - Processing /home/airflow/.local/lib/python3.12/site-packages/airflow/example_dags/example_latest_only_with_trigger.py took 0.036 seconds
[2026-04-25T02:37:22.896+0000] {processor.py:186} INFO - Started process (PID=91145) to work on /home/airflow/.local/lib/python3.12/site-packages/airflow/example_dags/example_latest_only_with_trigger.py
[2026-04-25T02:37:22.898+0000] {processor.py:914} INFO - Processing file /home/airflow/.local/lib/python3.12/site-packages/airflow/example_dags/example_latest_only_with_trigger.py for tasks to queue
[2026-04-25T02:37:22.899+0000] {logging_mixin.py:190} INFO - [2026-04-25T02:37:22.899+0000] {dagbag.py:588} INFO - Filling up the DagBag from /home/airflow/.local/lib/python3.12/site-packages/airflow/example_dags/example_latest_only_with_trigger.py
[2026-04-25T02:37:22.905+0000] {processor.py:925} INFO - DAG(s) 'latest_only_with_trigger' retrieved from /home/airflow/.local/lib/python3.12/site-packages/airflow/example_dags/example_latest_only_with_trigger.py
[2026-04-25T02:37:22.915+0000] {logging_mixin.py:190} INFO - [2026-04-25T02:37:22.915+0000] {dag.py:3239} INFO - Sync 1 DAGs
[2026-04-25T02:37:22.923+0000] {logging_mixin.py:190} INFO - [2026-04-25T02:37:22.923+0000] {dag.py:4180} INFO - Setting next_dagrun for latest_only_with_trigger to 2026-04-24 20:00:00+00:00, run_after=2026-04-25 00:00:00+00:00
[2026-04-25T02:37:22.930+0000] {processor.py:208} INFO - Processing /home/airflow/.local/lib/python3.12/site-packages/airflow/example_dags/example_latest_only_with_trigger.py took 0.036 seconds
[2026-04-25T02:52:54.535+0000] {processor.py:186} INFO - Started process (PID=91210) to work on /home/airflow/.local/lib/python3.12/site-packages/airflow/example_dags/example_latest_only_with_trigger.py
[2026-04-25T02:52:54.536+0000] {processor.py:914} INFO - Processing file /home/airflow/.local/lib/python3.12/site-packages/airflow/example_dags/example_latest_only_with_trigger.py for tasks to queue
[2026-04-25T02:52:54.538+0000] {logging_mixin.py:190} INFO - [2026-04-25T02:52:54.537+0000] {dagbag.py:588} INFO - Filling up the DagBag from /home/airflow/.local/lib/python3.12/site-packages/airflow/example_dags/example_latest_only_with_trigger.py
[2026-04-25T02:52:54.540+0000] {processor.py:925} INFO - DAG(s) 'latest_only_with_trigger' retrieved from /home/airflow/.local/lib/python3.12/site-packages/airflow/example_dags/example_latest_only_with_trigger.py
[2026-04-25T02:52:54.550+0000] {logging_mixin.py:190} INFO - [2026-04-25T02:52:54.550+0000] {dag.py:3239} INFO - Sync 1 DAGs
[2026-04-25T02:52:54.560+0000] {logging_mixin.py:190} INFO - [2026-04-25T02:52:54.560+0000] {dag.py:4180} INFO - Setting next_dagrun for latest_only_with_trigger to 2026-04-24 20:00:00+00:00, run_after=2026-04-25 00:00:00+00:00
[2026-04-25T02:52:54.569+0000] {processor.py:208} INFO - Processing /home/airflow/.local/lib/python3.12/site-packages/airflow/example_dags/example_latest_only_with_trigger.py took 0.036 seconds
[2026-04-25T02:56:21.843+0000] {processor.py:186} INFO - Started process (PID=91274) to work on /home/airflow/.local/lib/python3.12/site-packages/airflow/example_dags/example_latest_only_with_trigger.py
[2026-04-25T02:56:21.844+0000] {processor.py:914} INFO - Processing file /home/airflow/.local/lib/python3.12/site-packages/airflow/example_dags/example_latest_only_with_trigger.py for tasks to queue
[2026-04-25T02:56:21.845+0000] {logging_mixin.py:190} INFO - [2026-04-25T02:56:21.845+0000] {dagbag.py:588} INFO - Filling up the DagBag from /home/airflow/.local/lib/python3.12/site-packages/airflow/example_dags/example_latest_only_with_trigger.py
[2026-04-25T02:56:21.848+0000] {processor.py:925} INFO - DAG(s) 'latest_only_with_trigger' retrieved from /home/airflow/.local/lib/python3.12/site-packages/airflow/example_dags/example_latest_only_with_trigger.py
[2026-04-25T02:56:21.858+0000] {logging_mixin.py:190} INFO - [2026-04-25T02:56:21.858+0000] {dag.py:3239} INFO - Sync 1 DAGs
[2026-04-25T02:56:21.865+0000] {logging_mixin.py:190} INFO - [2026-04-25T02:56:21.865+0000] {dag.py:4180} INFO - Setting next_dagrun for latest_only_with_trigger to 2026-04-24 20:00:00+00:00, run_after=2026-04-25 00:00:00+00:00
[2026-04-25T02:56:21.873+0000] {processor.py:208} INFO - Processing /home/airflow/.local/lib/python3.12/site-packages/airflow/example_dags/example_latest_only_with_trigger.py took 0.032 seconds
[2026-04-25T02:56:52.130+0000] {processor.py:186} INFO - Started process (PID=91338) to work on /home/airflow/.local/lib/python3.12/site-packages/airflow/example_dags/example_latest_only_with_trigger.py
[2026-04-25T02:56:52.131+0000] {processor.py:914} INFO - Processing file /home/airflow/.local/lib/python3.12/site-packages/airflow/example_dags/example_latest_only_with_trigger.py for tasks to queue
[2026-04-25T02:56:52.132+0000] {logging_mixin.py:190} INFO - [2026-04-25T02:56:52.132+0000] {dagbag.py:588} INFO - Filling up the DagBag from /home/airflow/.local/lib/python3.12/site-packages/airflow/example_dags/example_latest_only_with_trigger.py
[2026-04-25T02:56:52.136+0000] {processor.py:925} INFO - DAG(s) 'latest_only_with_trigger' retrieved from /home/airflow/.local/lib/python3.12/site-packages/airflow/example_dags/example_latest_only_with_trigger.py
[2026-04-25T02:56:52.145+0000] {logging_mixin.py:190} INFO - [2026-04-25T02:56:52.145+0000] {dag.py:3239} INFO - Sync 1 DAGs
[2026-04-25T02:56:52.154+0000] {logging_mixin.py:190} INFO - [2026-04-25T02:56:52.154+0000] {dag.py:4180} INFO - Setting next_dagrun for latest_only_with_trigger to 2026-04-24 20:00:00+00:00, run_after=2026-04-25 00:00:00+00:00
[2026-04-25T02:56:52.160+0000] {processor.py:208} INFO - Processing /home/airflow/.local/lib/python3.12/site-packages/airflow/example_dags/example_latest_only_with_trigger.py took 0.031 seconds
[2026-04-25T02:58:03.367+0000] {processor.py:186} INFO - Started process (PID=91402) to work on /home/airflow/.local/lib/python3.12/site-packages/airflow/example_dags/example_latest_only_with_trigger.py
[2026-04-25T02:58:03.367+0000] {processor.py:914} INFO - Processing file /home/airflow/.local/lib/python3.12/site-packages/airflow/example_dags/example_latest_only_with_trigger.py for tasks to queue
[2026-04-25T02:58:03.368+0000] {logging_mixin.py:190} INFO - [2026-04-25T02:58:03.368+0000] {dagbag.py:588} INFO - Filling up the DagBag from /home/airflow/.local/lib/python3.12/site-packages/airflow/example_dags/example_latest_only_with_trigger.py
[2026-04-25T02:58:03.371+0000] {processor.py:925} INFO - DAG(s) 'latest_only_with_trigger' retrieved from /home/airflow/.local/lib/python3.12/site-packages/airflow/example_dags/example_latest_only_with_trigger.py
[2026-04-25T02:58:03.378+0000] {logging_mixin.py:190} INFO - [2026-04-25T02:58:03.378+0000] {dag.py:3239} INFO - Sync 1 DAGs
[2026-04-25T02:58:03.387+0000] {logging_mixin.py:190} INFO - [2026-04-25T02:58:03.387+0000] {dag.py:4180} INFO - Setting next_dagrun for latest_only_with_trigger to 2026-04-24 20:00:00+00:00, run_after=2026-04-25 00:00:00+00:00
[2026-04-25T02:58:03.398+0000] {processor.py:208} INFO - Processing /home/airflow/.local/lib/python3.12/site-packages/airflow/example_dags/example_latest_only_with_trigger.py took 0.033 seconds
[2026-04-25T03:03:54.645+0000] {processor.py:186} INFO - Started process (PID=91466) to work on /home/airflow/.local/lib/python3.12/site-packages/airflow/example_dags/example_latest_only_with_trigger.py
[2026-04-25T03:03:54.645+0000] {processor.py:914} INFO - Processing file /home/airflow/.local/lib/python3.12/site-packages/airflow/example_dags/example_latest_only_with_trigger.py for tasks to queue
[2026-04-25T03:03:54.646+0000] {logging_mixin.py:190} INFO - [2026-04-25T03:03:54.646+0000] {dagbag.py:588} INFO - Filling up the DagBag from /home/airflow/.local/lib/python3.12/site-packages/airflow/example_dags/example_latest_only_with_trigger.py
[2026-04-25T03:03:54.649+0000] {processor.py:925} INFO - DAG(s) 'latest_only_with_trigger' retrieved from /home/airflow/.local/lib/python3.12/site-packages/airflow/example_dags/example_latest_only_with_trigger.py
[2026-04-25T03:03:54.656+0000] {logging_mixin.py:190} INFO - [2026-04-25T03:03:54.656+0000] {dag.py:3239} INFO - Sync 1 DAGs
[2026-04-25T03:03:54.665+0000] {logging_mixin.py:190} INFO - [2026-04-25T03:03:54.665+0000] {dag.py:4180} INFO - Setting next_dagrun for latest_only_with_trigger to 2026-04-24 20:00:00+00:00, run_after=2026-04-25 00:00:00+00:00
[2026-04-25T03:03:54.678+0000] {processor.py:208} INFO - Processing /home/airflow/.local/lib/python3.12/site-packages/airflow/example_dags/example_latest_only_with_trigger.py took 0.036 seconds
[2026-04-25T03:04:24.785+0000] {processor.py:186} INFO - Started process (PID=91530) to work on /home/airflow/.local/lib/python3.12/site-packages/airflow/example_dags/example_latest_only_with_trigger.py
[2026-04-25T03:04:24.786+0000] {processor.py:914} INFO - Processing file /home/airflow/.local/lib/python3.12/site-packages/airflow/example_dags/example_latest_only_with_trigger.py for tasks to queue
[2026-04-25T03:04:24.787+0000] {logging_mixin.py:190} INFO - [2026-04-25T03:04:24.786+0000] {dagbag.py:588} INFO - Filling up the DagBag from /home/airflow/.local/lib/python3.12/site-packages/airflow/example_dags/example_latest_only_with_trigger.py
[2026-04-25T03:04:24.789+0000] {processor.py:925} INFO - DAG(s) 'latest_only_with_trigger' retrieved from /home/airflow/.local/lib/python3.12/site-packages/airflow/example_dags/example_latest_only_with_trigger.py
[2026-04-25T03:04:24.797+0000] {logging_mixin.py:190} INFO - [2026-04-25T03:04:24.797+0000] {dag.py:3239} INFO - Sync 1 DAGs
[2026-04-25T03:04:24.804+0000] {logging_mixin.py:190} INFO - [2026-04-25T03:04:24.804+0000] {dag.py:4180} INFO - Setting next_dagrun for latest_only_with_trigger to 2026-04-24 20:00:00+00:00, run_after=2026-04-25 00:00:00+00:00
[2026-04-25T03:04:24.810+0000] {processor.py:208} INFO - Processing /home/airflow/.local/lib/python3.12/site-packages/airflow/example_dags/example_latest_only_with_trigger.py took 0.026 seconds
[2026-04-25T03:51:49.613+0000] {processor.py:186} INFO - Started process (PID=91594) to work on /home/airflow/.local/lib/python3.12/site-packages/airflow/example_dags/example_latest_only_with_trigger.py
[2026-04-25T03:51:49.614+0000] {processor.py:914} INFO - Processing file /home/airflow/.local/lib/python3.12/site-packages/airflow/example_dags/example_latest_only_with_trigger.py for tasks to queue
[2026-04-25T03:51:49.616+0000] {logging_mixin.py:190} INFO - [2026-04-25T03:51:49.616+0000] {dagbag.py:588} INFO - Filling up the DagBag from /home/airflow/.local/lib/python3.12/site-packages/airflow/example_dags/example_latest_only_with_trigger.py
[2026-04-25T03:51:49.620+0000] {processor.py:925} INFO - DAG(s) 'latest_only_with_trigger' retrieved from /home/airflow/.local/lib/python3.12/site-packages/airflow/example_dags/example_latest_only_with_trigger.py
[2026-04-25T03:51:49.633+0000] {logging_mixin.py:190} INFO - [2026-04-25T03:51:49.631+0000] {dag.py:3239} INFO - Sync 1 DAGs
[2026-04-25T03:51:49.641+0000] {logging_mixin.py:190} INFO - [2026-04-25T03:51:49.641+0000] {dag.py:4180} INFO - Setting next_dagrun for latest_only_with_trigger to 2026-04-24 20:00:00+00:00, run_after=2026-04-25 00:00:00+00:00
[2026-04-25T03:51:49.650+0000] {processor.py:208} INFO - Processing /home/airflow/.local/lib/python3.12/site-packages/airflow/example_dags/example_latest_only_with_trigger.py took 0.041 seconds
[2026-04-25T03:57:43.741+0000] {processor.py:186} INFO - Started process (PID=91658) to work on /home/airflow/.local/lib/python3.12/site-packages/airflow/example_dags/example_latest_only_with_trigger.py
[2026-04-25T03:57:43.742+0000] {processor.py:914} INFO - Processing file /home/airflow/.local/lib/python3.12/site-packages/airflow/example_dags/example_latest_only_with_trigger.py for tasks to queue
[2026-04-25T03:57:43.743+0000] {logging_mixin.py:190} INFO - [2026-04-25T03:57:43.742+0000] {dagbag.py:588} INFO - Filling up the DagBag from /home/airflow/.local/lib/python3.12/site-packages/airflow/example_dags/example_latest_only_with_trigger.py
[2026-04-25T03:57:43.746+0000] {processor.py:925} INFO - DAG(s) 'latest_only_with_trigger' retrieved from /home/airflow/.local/lib/python3.12/site-packages/airflow/example_dags/example_latest_only_with_trigger.py
[2026-04-25T03:57:43.756+0000] {logging_mixin.py:190} INFO - [2026-04-25T03:57:43.756+0000] {dag.py:3239} INFO - Sync 1 DAGs
[2026-04-25T03:57:43.765+0000] {logging_mixin.py:190} INFO - [2026-04-25T03:57:43.765+0000] {dag.py:4180} INFO - Setting next_dagrun for latest_only_with_trigger to 2026-04-24 20:00:00+00:00, run_after=2026-04-25 00:00:00+00:00
[2026-04-25T03:57:43.773+0000] {processor.py:208} INFO - Processing /home/airflow/.local/lib/python3.12/site-packages/airflow/example_dags/example_latest_only_with_trigger.py took 0.034 seconds
[2026-04-25T04:16:03.208+0000] {processor.py:186} INFO - Started process (PID=91722) to work on /home/airflow/.local/lib/python3.12/site-packages/airflow/example_dags/example_latest_only_with_trigger.py
[2026-04-25T04:16:03.208+0000] {processor.py:914} INFO - Processing file /home/airflow/.local/lib/python3.12/site-packages/airflow/example_dags/example_latest_only_with_trigger.py for tasks to queue
[2026-04-25T04:16:03.209+0000] {logging_mixin.py:190} INFO - [2026-04-25T04:16:03.209+0000] {dagbag.py:588} INFO - Filling up the DagBag from /home/airflow/.local/lib/python3.12/site-packages/airflow/example_dags/example_latest_only_with_trigger.py
[2026-04-25T04:16:03.214+0000] {processor.py:925} INFO - DAG(s) 'latest_only_with_trigger' retrieved from /home/airflow/.local/lib/python3.12/site-packages/airflow/example_dags/example_latest_only_with_trigger.py
[2026-04-25T04:16:03.225+0000] {logging_mixin.py:190} INFO - [2026-04-25T04:16:03.225+0000] {dag.py:3239} INFO - Sync 1 DAGs
[2026-04-25T04:16:03.235+0000] {logging_mixin.py:190} INFO - [2026-04-25T04:16:03.235+0000] {dag.py:4180} INFO - Setting next_dagrun for latest_only_with_trigger to 2026-04-25 00:00:00+00:00, run_after=2026-04-25 04:00:00+00:00
[2026-04-25T04:16:03.247+0000] {processor.py:208} INFO - Processing /home/airflow/.local/lib/python3.12/site-packages/airflow/example_dags/example_latest_only_with_trigger.py took 0.042 seconds
[2026-04-25T04:33:50.290+0000] {processor.py:186} INFO - Started process (PID=91786) to work on /home/airflow/.local/lib/python3.12/site-packages/airflow/example_dags/example_latest_only_with_trigger.py
[2026-04-25T04:33:50.290+0000] {processor.py:914} INFO - Processing file /home/airflow/.local/lib/python3.12/site-packages/airflow/example_dags/example_latest_only_with_trigger.py for tasks to queue
[2026-04-25T04:33:50.291+0000] {logging_mixin.py:190} INFO - [2026-04-25T04:33:50.291+0000] {dagbag.py:588} INFO - Filling up the DagBag from /home/airflow/.local/lib/python3.12/site-packages/airflow/example_dags/example_latest_only_with_trigger.py
[2026-04-25T04:33:50.293+0000] {processor.py:925} INFO - DAG(s) 'latest_only_with_trigger' retrieved from /home/airflow/.local/lib/python3.12/site-packages/airflow/example_dags/example_latest_only_with_trigger.py
[2026-04-25T04:33:50.301+0000] {logging_mixin.py:190} INFO - [2026-04-25T04:33:50.300+0000] {dag.py:3239} INFO - Sync 1 DAGs
[2026-04-25T04:33:50.310+0000] {logging_mixin.py:190} INFO - [2026-04-25T04:33:50.310+0000] {dag.py:4180} INFO - Setting next_dagrun for latest_only_with_trigger to 2026-04-25 00:00:00+00:00, run_after=2026-04-25 04:00:00+00:00
[2026-04-25T04:33:50.323+0000] {processor.py:208} INFO - Processing /home/airflow/.local/lib/python3.12/site-packages/airflow/example_dags/example_latest_only_with_trigger.py took 0.035 seconds
[2026-04-25T04:34:20.480+0000] {processor.py:186} INFO - Started process (PID=91850) to work on /home/airflow/.local/lib/python3.12/site-packages/airflow/example_dags/example_latest_only_with_trigger.py
[2026-04-25T04:34:20.481+0000] {processor.py:914} INFO - Processing file /home/airflow/.local/lib/python3.12/site-packages/airflow/example_dags/example_latest_only_with_trigger.py for tasks to queue
[2026-04-25T04:34:20.482+0000] {logging_mixin.py:190} INFO - [2026-04-25T04:34:20.482+0000] {dagbag.py:588} INFO - Filling up the DagBag from /home/airflow/.local/lib/python3.12/site-packages/airflow/example_dags/example_latest_only_with_trigger.py
[2026-04-25T04:34:20.485+0000] {processor.py:925} INFO - DAG(s) 'latest_only_with_trigger' retrieved from /home/airflow/.local/lib/python3.12/site-packages/airflow/example_dags/example_latest_only_with_trigger.py
[2026-04-25T04:34:20.493+0000] {logging_mixin.py:190} INFO - [2026-04-25T04:34:20.492+0000] {dag.py:3239} INFO - Sync 1 DAGs
[2026-04-25T04:34:20.500+0000] {logging_mixin.py:190} INFO - [2026-04-25T04:34:20.500+0000] {dag.py:4180} INFO - Setting next_dagrun for latest_only_with_trigger to 2026-04-25 00:00:00+00:00, run_after=2026-04-25 04:00:00+00:00
[2026-04-25T04:34:20.506+0000] {processor.py:208} INFO - Processing /home/airflow/.local/lib/python3.12/site-packages/airflow/example_dags/example_latest_only_with_trigger.py took 0.028 seconds
[2026-04-25T04:52:07.801+0000] {processor.py:186} INFO - Started process (PID=91914) to work on /home/airflow/.local/lib/python3.12/site-packages/airflow/example_dags/example_latest_only_with_trigger.py
[2026-04-25T04:52:07.801+0000] {processor.py:914} INFO - Processing file /home/airflow/.local/lib/python3.12/site-packages/airflow/example_dags/example_latest_only_with_trigger.py for tasks to queue
[2026-04-25T04:52:07.803+0000] {logging_mixin.py:190} INFO - [2026-04-25T04:52:07.802+0000] {dagbag.py:588} INFO - Filling up the DagBag from /home/airflow/.local/lib/python3.12/site-packages/airflow/example_dags/example_latest_only_with_trigger.py
[2026-04-25T04:52:07.807+0000] {processor.py:925} INFO - DAG(s) 'latest_only_with_trigger' retrieved from /home/airflow/.local/lib/python3.12/site-packages/airflow/example_dags/example_latest_only_with_trigger.py
[2026-04-25T04:52:07.824+0000] {logging_mixin.py:190} INFO - [2026-04-25T04:52:07.824+0000] {dag.py:3239} INFO - Sync 1 DAGs
[2026-04-25T04:52:07.839+0000] {logging_mixin.py:190} INFO - [2026-04-25T04:52:07.839+0000] {dag.py:4180} INFO - Setting next_dagrun for latest_only_with_trigger to 2026-04-25 00:00:00+00:00, run_after=2026-04-25 04:00:00+00:00
[2026-04-25T04:52:07.855+0000] {processor.py:208} INFO - Processing /home/airflow/.local/lib/python3.12/site-packages/airflow/example_dags/example_latest_only_with_trigger.py took 0.057 seconds
[2026-04-25T04:58:19.726+0000] {processor.py:186} INFO - Started process (PID=91978) to work on /home/airflow/.local/lib/python3.12/site-packages/airflow/example_dags/example_latest_only_with_trigger.py
[2026-04-25T04:58:19.727+0000] {processor.py:914} INFO - Processing file /home/airflow/.local/lib/python3.12/site-packages/airflow/example_dags/example_latest_only_with_trigger.py for tasks to queue
[2026-04-25T04:58:19.728+0000] {logging_mixin.py:190} INFO - [2026-04-25T04:58:19.727+0000] {dagbag.py:588} INFO - Filling up the DagBag from /home/airflow/.local/lib/python3.12/site-packages/airflow/example_dags/example_latest_only_with_trigger.py
[2026-04-25T04:58:19.731+0000] {processor.py:925} INFO - DAG(s) 'latest_only_with_trigger' retrieved from /home/airflow/.local/lib/python3.12/site-packages/airflow/example_dags/example_latest_only_with_trigger.py
[2026-04-25T04:58:19.738+0000] {logging_mixin.py:190} INFO - [2026-04-25T04:58:19.738+0000] {dag.py:3239} INFO - Sync 1 DAGs
[2026-04-25T04:58:19.748+0000] {logging_mixin.py:190} INFO - [2026-04-25T04:58:19.748+0000] {dag.py:4180} INFO - Setting next_dagrun for latest_only_with_trigger to 2026-04-25 00:00:00+00:00, run_after=2026-04-25 04:00:00+00:00
[2026-04-25T04:58:19.758+0000] {processor.py:208} INFO - Processing /home/airflow/.local/lib/python3.12/site-packages/airflow/example_dags/example_latest_only_with_trigger.py took 0.033 seconds
[2026-04-25T05:17:22.344+0000] {processor.py:186} INFO - Started process (PID=92042) to work on /home/airflow/.local/lib/python3.12/site-packages/airflow/example_dags/example_latest_only_with_trigger.py
[2026-04-25T05:17:22.345+0000] {processor.py:914} INFO - Processing file /home/airflow/.local/lib/python3.12/site-packages/airflow/example_dags/example_latest_only_with_trigger.py for tasks to queue
[2026-04-25T05:17:22.346+0000] {logging_mixin.py:190} INFO - [2026-04-25T05:17:22.345+0000] {dagbag.py:588} INFO - Filling up the DagBag from /home/airflow/.local/lib/python3.12/site-packages/airflow/example_dags/example_latest_only_with_trigger.py
[2026-04-25T05:17:22.348+0000] {processor.py:925} INFO - DAG(s) 'latest_only_with_trigger' retrieved from /home/airflow/.local/lib/python3.12/site-packages/airflow/example_dags/example_latest_only_with_trigger.py
[2026-04-25T05:17:22.358+0000] {logging_mixin.py:190} INFO - [2026-04-25T05:17:22.358+0000] {dag.py:3239} INFO - Sync 1 DAGs
[2026-04-25T05:17:22.369+0000] {logging_mixin.py:190} INFO - [2026-04-25T05:17:22.369+0000] {dag.py:4180} INFO - Setting next_dagrun for latest_only_with_trigger to 2026-04-25 00:00:00+00:00, run_after=2026-04-25 04:00:00+00:00
[2026-04-25T05:17:22.378+0000] {processor.py:208} INFO - Processing /home/airflow/.local/lib/python3.12/site-packages/airflow/example_dags/example_latest_only_with_trigger.py took 0.036 seconds
[2026-04-25T05:17:53.573+0000] {processor.py:186} INFO - Started process (PID=92106) to work on /home/airflow/.local/lib/python3.12/site-packages/airflow/example_dags/example_latest_only_with_trigger.py
[2026-04-25T05:17:53.574+0000] {processor.py:914} INFO - Processing file /home/airflow/.local/lib/python3.12/site-packages/airflow/example_dags/example_latest_only_with_trigger.py for tasks to queue
[2026-04-25T05:17:53.575+0000] {logging_mixin.py:190} INFO - [2026-04-25T05:17:53.575+0000] {dagbag.py:588} INFO - Filling up the DagBag from /home/airflow/.local/lib/python3.12/site-packages/airflow/example_dags/example_latest_only_with_trigger.py
[2026-04-25T05:17:53.579+0000] {processor.py:925} INFO - DAG(s) 'latest_only_with_trigger' retrieved from /home/airflow/.local/lib/python3.12/site-packages/airflow/example_dags/example_latest_only_with_trigger.py
[2026-04-25T05:17:53.588+0000] {logging_mixin.py:190} INFO - [2026-04-25T05:17:53.588+0000] {dag.py:3239} INFO - Sync 1 DAGs
[2026-04-25T05:17:53.598+0000] {logging_mixin.py:190} INFO - [2026-04-25T05:17:53.598+0000] {dag.py:4180} INFO - Setting next_dagrun for latest_only_with_trigger to 2026-04-25 00:00:00+00:00, run_after=2026-04-25 04:00:00+00:00
[2026-04-25T05:17:53.606+0000] {processor.py:208} INFO - Processing /home/airflow/.local/lib/python3.12/site-packages/airflow/example_dags/example_latest_only_with_trigger.py took 0.034 seconds
[2026-04-25T05:34:40.911+0000] {processor.py:186} INFO - Started process (PID=92170) to work on /home/airflow/.local/lib/python3.12/site-packages/airflow/example_dags/example_latest_only_with_trigger.py
[2026-04-25T05:34:40.911+0000] {processor.py:914} INFO - Processing file /home/airflow/.local/lib/python3.12/site-packages/airflow/example_dags/example_latest_only_with_trigger.py for tasks to queue
[2026-04-25T05:34:40.912+0000] {logging_mixin.py:190} INFO - [2026-04-25T05:34:40.912+0000] {dagbag.py:588} INFO - Filling up the DagBag from /home/airflow/.local/lib/python3.12/site-packages/airflow/example_dags/example_latest_only_with_trigger.py
[2026-04-25T05:34:40.915+0000] {processor.py:925} INFO - DAG(s) 'latest_only_with_trigger' retrieved from /home/airflow/.local/lib/python3.12/site-packages/airflow/example_dags/example_latest_only_with_trigger.py
[2026-04-25T05:34:40.925+0000] {logging_mixin.py:190} INFO - [2026-04-25T05:34:40.925+0000] {dag.py:3239} INFO - Sync 1 DAGs
[2026-04-25T05:34:40.936+0000] {logging_mixin.py:190} INFO - [2026-04-25T05:34:40.936+0000] {dag.py:4180} INFO - Setting next_dagrun for latest_only_with_trigger to 2026-04-25 00:00:00+00:00, run_after=2026-04-25 04:00:00+00:00
[2026-04-25T05:34:40.946+0000] {processor.py:208} INFO - Processing /home/airflow/.local/lib/python3.12/site-packages/airflow/example_dags/example_latest_only_with_trigger.py took 0.037 seconds
[2026-04-25T05:35:11.214+0000] {processor.py:186} INFO - Started process (PID=92234) to work on /home/airflow/.local/lib/python3.12/site-packages/airflow/example_dags/example_latest_only_with_trigger.py
[2026-04-25T05:35:11.215+0000] {processor.py:914} INFO - Processing file /home/airflow/.local/lib/python3.12/site-packages/airflow/example_dags/example_latest_only_with_trigger.py for tasks to queue
[2026-04-25T05:35:11.216+0000] {logging_mixin.py:190} INFO - [2026-04-25T05:35:11.216+0000] {dagbag.py:588} INFO - Filling up the DagBag from /home/airflow/.local/lib/python3.12/site-packages/airflow/example_dags/example_latest_only_with_trigger.py
[2026-04-25T05:35:11.219+0000] {processor.py:925} INFO - DAG(s) 'latest_only_with_trigger' retrieved from /home/airflow/.local/lib/python3.12/site-packages/airflow/example_dags/example_latest_only_with_trigger.py
[2026-04-25T05:35:11.232+0000] {logging_mixin.py:190} INFO - [2026-04-25T05:35:11.231+0000] {dag.py:3239} INFO - Sync 1 DAGs
[2026-04-25T05:35:11.240+0000] {logging_mixin.py:190} INFO - [2026-04-25T05:35:11.240+0000] {dag.py:4180} INFO - Setting next_dagrun for latest_only_with_trigger to 2026-04-25 00:00:00+00:00, run_after=2026-04-25 04:00:00+00:00
[2026-04-25T05:35:11.248+0000] {processor.py:208} INFO - Processing /home/airflow/.local/lib/python3.12/site-packages/airflow/example_dags/example_latest_only_with_trigger.py took 0.036 seconds
[2026-04-25T05:53:17.171+0000] {processor.py:186} INFO - Started process (PID=92298) to work on /home/airflow/.local/lib/python3.12/site-packages/airflow/example_dags/example_latest_only_with_trigger.py
[2026-04-25T05:53:17.171+0000] {processor.py:914} INFO - Processing file /home/airflow/.local/lib/python3.12/site-packages/airflow/example_dags/example_latest_only_with_trigger.py for tasks to queue
[2026-04-25T05:53:17.172+0000] {logging_mixin.py:190} INFO - [2026-04-25T05:53:17.172+0000] {dagbag.py:588} INFO - Filling up the DagBag from /home/airflow/.local/lib/python3.12/site-packages/airflow/example_dags/example_latest_only_with_trigger.py
[2026-04-25T05:53:17.175+0000] {processor.py:925} INFO - DAG(s) 'latest_only_with_trigger' retrieved from /home/airflow/.local/lib/python3.12/site-packages/airflow/example_dags/example_latest_only_with_trigger.py
[2026-04-25T05:53:17.184+0000] {logging_mixin.py:190} INFO - [2026-04-25T05:53:17.184+0000] {dag.py:3239} INFO - Sync 1 DAGs
[2026-04-25T05:53:17.196+0000] {logging_mixin.py:190} INFO - [2026-04-25T05:53:17.196+0000] {dag.py:4180} INFO - Setting next_dagrun for latest_only_with_trigger to 2026-04-25 00:00:00+00:00, run_after=2026-04-25 04:00:00+00:00
[2026-04-25T05:53:17.204+0000] {processor.py:208} INFO - Processing /home/airflow/.local/lib/python3.12/site-packages/airflow/example_dags/example_latest_only_with_trigger.py took 0.036 seconds
[2026-04-25T05:59:19.732+0000] {processor.py:186} INFO - Started process (PID=92362) to work on /home/airflow/.local/lib/python3.12/site-packages/airflow/example_dags/example_latest_only_with_trigger.py
[2026-04-25T05:59:19.732+0000] {processor.py:914} INFO - Processing file /home/airflow/.local/lib/python3.12/site-packages/airflow/example_dags/example_latest_only_with_trigger.py for tasks to queue
[2026-04-25T05:59:19.733+0000] {logging_mixin.py:190} INFO - [2026-04-25T05:59:19.733+0000] {dagbag.py:588} INFO - Filling up the DagBag from /home/airflow/.local/lib/python3.12/site-packages/airflow/example_dags/example_latest_only_with_trigger.py
[2026-04-25T05:59:19.736+0000] {processor.py:925} INFO - DAG(s) 'latest_only_with_trigger' retrieved from /home/airflow/.local/lib/python3.12/site-packages/airflow/example_dags/example_latest_only_with_trigger.py
[2026-04-25T05:59:19.743+0000] {logging_mixin.py:190} INFO - [2026-04-25T05:59:19.743+0000] {dag.py:3239} INFO - Sync 1 DAGs
[2026-04-25T05:59:19.751+0000] {logging_mixin.py:190} INFO - [2026-04-25T05:59:19.751+0000] {dag.py:4180} INFO - Setting next_dagrun for latest_only_with_trigger to 2026-04-25 00:00:00+00:00, run_after=2026-04-25 04:00:00+00:00
[2026-04-25T05:59:19.763+0000] {processor.py:208} INFO - Processing /home/airflow/.local/lib/python3.12/site-packages/airflow/example_dags/example_latest_only_with_trigger.py took 0.033 seconds
[2026-04-25T06:16:57.987+0000] {processor.py:186} INFO - Started process (PID=92426) to work on /home/airflow/.local/lib/python3.12/site-packages/airflow/example_dags/example_latest_only_with_trigger.py
[2026-04-25T06:16:57.989+0000] {processor.py:914} INFO - Processing file /home/airflow/.local/lib/python3.12/site-packages/airflow/example_dags/example_latest_only_with_trigger.py for tasks to queue
[2026-04-25T06:16:57.989+0000] {logging_mixin.py:190} INFO - [2026-04-25T06:16:57.989+0000] {dagbag.py:588} INFO - Filling up the DagBag from /home/airflow/.local/lib/python3.12/site-packages/airflow/example_dags/example_latest_only_with_trigger.py
[2026-04-25T06:16:57.992+0000] {processor.py:925} INFO - DAG(s) 'latest_only_with_trigger' retrieved from /home/airflow/.local/lib/python3.12/site-packages/airflow/example_dags/example_latest_only_with_trigger.py
[2026-04-25T06:16:58.004+0000] {logging_mixin.py:190} INFO - [2026-04-25T06:16:58.004+0000] {dag.py:3239} INFO - Sync 1 DAGs
[2026-04-25T06:16:58.016+0000] {logging_mixin.py:190} INFO - [2026-04-25T06:16:58.016+0000] {dag.py:4180} INFO - Setting next_dagrun for latest_only_with_trigger to 2026-04-25 00:00:00+00:00, run_after=2026-04-25 04:00:00+00:00
[2026-04-25T06:16:58.024+0000] {processor.py:208} INFO - Processing /home/airflow/.local/lib/python3.12/site-packages/airflow/example_dags/example_latest_only_with_trigger.py took 0.040 seconds
[2026-04-25T06:33:49.332+0000] {processor.py:186} INFO - Started process (PID=92490) to work on /home/airflow/.local/lib/python3.12/site-packages/airflow/example_dags/example_latest_only_with_trigger.py
[2026-04-25T06:33:49.332+0000] {processor.py:914} INFO - Processing file /home/airflow/.local/lib/python3.12/site-packages/airflow/example_dags/example_latest_only_with_trigger.py for tasks to queue
[2026-04-25T06:33:49.335+0000] {logging_mixin.py:190} INFO - [2026-04-25T06:33:49.334+0000] {dagbag.py:588} INFO - Filling up the DagBag from /home/airflow/.local/lib/python3.12/site-packages/airflow/example_dags/example_latest_only_with_trigger.py
[2026-04-25T06:33:49.337+0000] {processor.py:925} INFO - DAG(s) 'latest_only_with_trigger' retrieved from /home/airflow/.local/lib/python3.12/site-packages/airflow/example_dags/example_latest_only_with_trigger.py
[2026-04-25T06:33:49.345+0000] {logging_mixin.py:190} INFO - [2026-04-25T06:33:49.344+0000] {dag.py:3239} INFO - Sync 1 DAGs
[2026-04-25T06:33:49.353+0000] {logging_mixin.py:190} INFO - [2026-04-25T06:33:49.353+0000] {dag.py:4180} INFO - Setting next_dagrun for latest_only_with_trigger to 2026-04-25 00:00:00+00:00, run_after=2026-04-25 04:00:00+00:00
[2026-04-25T06:33:49.360+0000] {processor.py:208} INFO - Processing /home/airflow/.local/lib/python3.12/site-packages/airflow/example_dags/example_latest_only_with_trigger.py took 0.031 seconds
[2026-04-25T06:34:19.718+0000] {processor.py:186} INFO - Started process (PID=92554) to work on /home/airflow/.local/lib/python3.12/site-packages/airflow/example_dags/example_latest_only_with_trigger.py
[2026-04-25T06:34:19.801+0000] {processor.py:914} INFO - Processing file /home/airflow/.local/lib/python3.12/site-packages/airflow/example_dags/example_latest_only_with_trigger.py for tasks to queue
[2026-04-25T06:34:19.824+0000] {logging_mixin.py:190} INFO - [2026-04-25T06:34:19.823+0000] {dagbag.py:588} INFO - Filling up the DagBag from /home/airflow/.local/lib/python3.12/site-packages/airflow/example_dags/example_latest_only_with_trigger.py
[2026-04-25T06:34:19.857+0000] {processor.py:925} INFO - DAG(s) 'latest_only_with_trigger' retrieved from /home/airflow/.local/lib/python3.12/site-packages/airflow/example_dags/example_latest_only_with_trigger.py
[2026-04-25T06:34:19.903+0000] {logging_mixin.py:190} INFO - [2026-04-25T06:34:19.903+0000] {dag.py:3239} INFO - Sync 1 DAGs
[2026-04-25T06:34:19.917+0000] {logging_mixin.py:190} INFO - [2026-04-25T06:34:19.917+0000] {dag.py:4180} INFO - Setting next_dagrun for latest_only_with_trigger to 2026-04-25 00:00:00+00:00, run_after=2026-04-25 04:00:00+00:00
[2026-04-25T06:34:19.929+0000] {processor.py:208} INFO - Processing /home/airflow/.local/lib/python3.12/site-packages/airflow/example_dags/example_latest_only_with_trigger.py took 0.357 seconds
[2026-04-25T06:51:34.524+0000] {processor.py:186} INFO - Started process (PID=92618) to work on /home/airflow/.local/lib/python3.12/site-packages/airflow/example_dags/example_latest_only_with_trigger.py
[2026-04-25T06:51:34.524+0000] {processor.py:914} INFO - Processing file /home/airflow/.local/lib/python3.12/site-packages/airflow/example_dags/example_latest_only_with_trigger.py for tasks to queue
[2026-04-25T06:51:34.525+0000] {logging_mixin.py:190} INFO - [2026-04-25T06:51:34.525+0000] {dagbag.py:588} INFO - Filling up the DagBag from /home/airflow/.local/lib/python3.12/site-packages/airflow/example_dags/example_latest_only_with_trigger.py
[2026-04-25T06:51:34.528+0000] {processor.py:925} INFO - DAG(s) 'latest_only_with_trigger' retrieved from /home/airflow/.local/lib/python3.12/site-packages/airflow/example_dags/example_latest_only_with_trigger.py
[2026-04-25T06:51:34.535+0000] {logging_mixin.py:190} INFO - [2026-04-25T06:51:34.535+0000] {dag.py:3239} INFO - Sync 1 DAGs
[2026-04-25T06:51:34.542+0000] {logging_mixin.py:190} INFO - [2026-04-25T06:51:34.542+0000] {dag.py:4180} INFO - Setting next_dagrun for latest_only_with_trigger to 2026-04-25 00:00:00+00:00, run_after=2026-04-25 04:00:00+00:00
[2026-04-25T06:51:34.554+0000] {processor.py:208} INFO - Processing /home/airflow/.local/lib/python3.12/site-packages/airflow/example_dags/example_latest_only_with_trigger.py took 0.032 seconds
[2026-04-25T07:00:20.099+0000] {processor.py:186} INFO - Started process (PID=92682) to work on /home/airflow/.local/lib/python3.12/site-packages/airflow/example_dags/example_latest_only_with_trigger.py
[2026-04-25T07:00:20.099+0000] {processor.py:914} INFO - Processing file /home/airflow/.local/lib/python3.12/site-packages/airflow/example_dags/example_latest_only_with_trigger.py for tasks to queue
[2026-04-25T07:00:20.101+0000] {logging_mixin.py:190} INFO - [2026-04-25T07:00:20.101+0000] {dagbag.py:588} INFO - Filling up the DagBag from /home/airflow/.local/lib/python3.12/site-packages/airflow/example_dags/example_latest_only_with_trigger.py
[2026-04-25T07:00:20.107+0000] {processor.py:925} INFO - DAG(s) 'latest_only_with_trigger' retrieved from /home/airflow/.local/lib/python3.12/site-packages/airflow/example_dags/example_latest_only_with_trigger.py
[2026-04-25T07:00:20.124+0000] {logging_mixin.py:190} INFO - [2026-04-25T07:00:20.123+0000] {dag.py:3239} INFO - Sync 1 DAGs
[2026-04-25T07:00:20.133+0000] {logging_mixin.py:190} INFO - [2026-04-25T07:00:20.133+0000] {dag.py:4180} INFO - Setting next_dagrun for latest_only_with_trigger to 2026-04-25 00:00:00+00:00, run_after=2026-04-25 04:00:00+00:00
[2026-04-25T07:00:20.142+0000] {processor.py:208} INFO - Processing /home/airflow/.local/lib/python3.12/site-packages/airflow/example_dags/example_latest_only_with_trigger.py took 0.049 seconds
[2026-04-25T07:00:50.652+0000] {processor.py:186} INFO - Started process (PID=92746) to work on /home/airflow/.local/lib/python3.12/site-packages/airflow/example_dags/example_latest_only_with_trigger.py
[2026-04-25T07:00:50.652+0000] {processor.py:914} INFO - Processing file /home/airflow/.local/lib/python3.12/site-packages/airflow/example_dags/example_latest_only_with_trigger.py for tasks to queue
[2026-04-25T07:00:50.653+0000] {logging_mixin.py:190} INFO - [2026-04-25T07:00:50.653+0000] {dagbag.py:588} INFO - Filling up the DagBag from /home/airflow/.local/lib/python3.12/site-packages/airflow/example_dags/example_latest_only_with_trigger.py
[2026-04-25T07:00:50.656+0000] {processor.py:925} INFO - DAG(s) 'latest_only_with_trigger' retrieved from /home/airflow/.local/lib/python3.12/site-packages/airflow/example_dags/example_latest_only_with_trigger.py
[2026-04-25T07:00:50.664+0000] {logging_mixin.py:190} INFO - [2026-04-25T07:00:50.664+0000] {dag.py:3239} INFO - Sync 1 DAGs
[2026-04-25T07:00:50.673+0000] {logging_mixin.py:190} INFO - [2026-04-25T07:00:50.673+0000] {dag.py:4180} INFO - Setting next_dagrun for latest_only_with_trigger to 2026-04-25 00:00:00+00:00, run_after=2026-04-25 04:00:00+00:00
[2026-04-25T07:00:50.683+0000] {processor.py:208} INFO - Processing /home/airflow/.local/lib/python3.12/site-packages/airflow/example_dags/example_latest_only_with_trigger.py took 0.033 seconds
[2026-04-25T07:18:10.479+0000] {processor.py:186} INFO - Started process (PID=92810) to work on /home/airflow/.local/lib/python3.12/site-packages/airflow/example_dags/example_latest_only_with_trigger.py
[2026-04-25T07:18:10.479+0000] {processor.py:914} INFO - Processing file /home/airflow/.local/lib/python3.12/site-packages/airflow/example_dags/example_latest_only_with_trigger.py for tasks to queue
[2026-04-25T07:18:10.480+0000] {logging_mixin.py:190} INFO - [2026-04-25T07:18:10.480+0000] {dagbag.py:588} INFO - Filling up the DagBag from /home/airflow/.local/lib/python3.12/site-packages/airflow/example_dags/example_latest_only_with_trigger.py
[2026-04-25T07:18:10.484+0000] {processor.py:925} INFO - DAG(s) 'latest_only_with_trigger' retrieved from /home/airflow/.local/lib/python3.12/site-packages/airflow/example_dags/example_latest_only_with_trigger.py
[2026-04-25T07:18:10.492+0000] {logging_mixin.py:190} INFO - [2026-04-25T07:18:10.491+0000] {dag.py:3239} INFO - Sync 1 DAGs
[2026-04-25T07:18:10.501+0000] {logging_mixin.py:190} INFO - [2026-04-25T07:18:10.501+0000] {dag.py:4180} INFO - Setting next_dagrun for latest_only_with_trigger to 2026-04-25 00:00:00+00:00, run_after=2026-04-25 04:00:00+00:00
[2026-04-25T07:18:10.510+0000] {processor.py:208} INFO - Processing /home/airflow/.local/lib/python3.12/site-packages/airflow/example_dags/example_latest_only_with_trigger.py took 0.034 seconds
[2026-04-25T07:18:41.770+0000] {processor.py:186} INFO - Started process (PID=92874) to work on /home/airflow/.local/lib/python3.12/site-packages/airflow/example_dags/example_latest_only_with_trigger.py
[2026-04-25T07:18:41.771+0000] {processor.py:914} INFO - Processing file /home/airflow/.local/lib/python3.12/site-packages/airflow/example_dags/example_latest_only_with_trigger.py for tasks to queue
[2026-04-25T07:18:41.772+0000] {logging_mixin.py:190} INFO - [2026-04-25T07:18:41.772+0000] {dagbag.py:588} INFO - Filling up the DagBag from /home/airflow/.local/lib/python3.12/site-packages/airflow/example_dags/example_latest_only_with_trigger.py
[2026-04-25T07:18:41.775+0000] {processor.py:925} INFO - DAG(s) 'latest_only_with_trigger' retrieved from /home/airflow/.local/lib/python3.12/site-packages/airflow/example_dags/example_latest_only_with_trigger.py
[2026-04-25T07:18:41.786+0000] {logging_mixin.py:190} INFO - [2026-04-25T07:18:41.786+0000] {dag.py:3239} INFO - Sync 1 DAGs
[2026-04-25T07:18:41.794+0000] {logging_mixin.py:190} INFO - [2026-04-25T07:18:41.794+0000] {dag.py:4180} INFO - Setting next_dagrun for latest_only_with_trigger to 2026-04-25 00:00:00+00:00, run_after=2026-04-25 04:00:00+00:00
[2026-04-25T07:18:41.802+0000] {processor.py:208} INFO - Processing /home/airflow/.local/lib/python3.12/site-packages/airflow/example_dags/example_latest_only_with_trigger.py took 0.034 seconds
[2026-04-25T07:37:26.866+0000] {processor.py:186} INFO - Started process (PID=92938) to work on /home/airflow/.local/lib/python3.12/site-packages/airflow/example_dags/example_latest_only_with_trigger.py
[2026-04-25T07:37:26.866+0000] {processor.py:914} INFO - Processing file /home/airflow/.local/lib/python3.12/site-packages/airflow/example_dags/example_latest_only_with_trigger.py for tasks to queue
[2026-04-25T07:37:26.868+0000] {logging_mixin.py:190} INFO - [2026-04-25T07:37:26.868+0000] {dagbag.py:588} INFO - Filling up the DagBag from /home/airflow/.local/lib/python3.12/site-packages/airflow/example_dags/example_latest_only_with_trigger.py
[2026-04-25T07:37:26.872+0000] {processor.py:925} INFO - DAG(s) 'latest_only_with_trigger' retrieved from /home/airflow/.local/lib/python3.12/site-packages/airflow/example_dags/example_latest_only_with_trigger.py
[2026-04-25T07:37:26.880+0000] {logging_mixin.py:190} INFO - [2026-04-25T07:37:26.880+0000] {dag.py:3239} INFO - Sync 1 DAGs
[2026-04-25T07:37:26.890+0000] {logging_mixin.py:190} INFO - [2026-04-25T07:37:26.890+0000] {dag.py:4180} INFO - Setting next_dagrun for latest_only_with_trigger to 2026-04-25 00:00:00+00:00, run_after=2026-04-25 04:00:00+00:00
[2026-04-25T07:37:26.896+0000] {processor.py:208} INFO - Processing /home/airflow/.local/lib/python3.12/site-packages/airflow/example_dags/example_latest_only_with_trigger.py took 0.032 seconds
[2026-04-25T07:54:04.612+0000] {processor.py:186} INFO - Started process (PID=93002) to work on /home/airflow/.local/lib/python3.12/site-packages/airflow/example_dags/example_latest_only_with_trigger.py
[2026-04-25T07:54:04.614+0000] {processor.py:914} INFO - Processing file /home/airflow/.local/lib/python3.12/site-packages/airflow/example_dags/example_latest_only_with_trigger.py for tasks to queue
[2026-04-25T07:54:04.614+0000] {logging_mixin.py:190} INFO - [2026-04-25T07:54:04.614+0000] {dagbag.py:588} INFO - Filling up the DagBag from /home/airflow/.local/lib/python3.12/site-packages/airflow/example_dags/example_latest_only_with_trigger.py
[2026-04-25T07:54:04.618+0000] {processor.py:925} INFO - DAG(s) 'latest_only_with_trigger' retrieved from /home/airflow/.local/lib/python3.12/site-packages/airflow/example_dags/example_latest_only_with_trigger.py
[2026-04-25T07:54:04.625+0000] {logging_mixin.py:190} INFO - [2026-04-25T07:54:04.624+0000] {dag.py:3239} INFO - Sync 1 DAGs
[2026-04-25T07:54:04.634+0000] {logging_mixin.py:190} INFO - [2026-04-25T07:54:04.634+0000] {dag.py:4180} INFO - Setting next_dagrun for latest_only_with_trigger to 2026-04-25 00:00:00+00:00, run_after=2026-04-25 04:00:00+00:00
[2026-04-25T07:54:04.641+0000] {processor.py:208} INFO - Processing /home/airflow/.local/lib/python3.12/site-packages/airflow/example_dags/example_latest_only_with_trigger.py took 0.031 seconds
[2026-04-25T07:55:22.774+0000] {processor.py:186} INFO - Started process (PID=93066) to work on /home/airflow/.local/lib/python3.12/site-packages/airflow/example_dags/example_latest_only_with_trigger.py
[2026-04-25T07:55:22.775+0000] {processor.py:914} INFO - Processing file /home/airflow/.local/lib/python3.12/site-packages/airflow/example_dags/example_latest_only_with_trigger.py for tasks to queue
[2026-04-25T07:55:22.776+0000] {logging_mixin.py:190} INFO - [2026-04-25T07:55:22.776+0000] {dagbag.py:588} INFO - Filling up the DagBag from /home/airflow/.local/lib/python3.12/site-packages/airflow/example_dags/example_latest_only_with_trigger.py
[2026-04-25T07:55:22.780+0000] {processor.py:925} INFO - DAG(s) 'latest_only_with_trigger' retrieved from /home/airflow/.local/lib/python3.12/site-packages/airflow/example_dags/example_latest_only_with_trigger.py
[2026-04-25T07:55:22.790+0000] {logging_mixin.py:190} INFO - [2026-04-25T07:55:22.790+0000] {dag.py:3239} INFO - Sync 1 DAGs
[2026-04-25T07:55:22.798+0000] {logging_mixin.py:190} INFO - [2026-04-25T07:55:22.797+0000] {dag.py:4180} INFO - Setting next_dagrun for latest_only_with_trigger to 2026-04-25 00:00:00+00:00, run_after=2026-04-25 04:00:00+00:00
[2026-04-25T07:55:22.803+0000] {processor.py:208} INFO - Processing /home/airflow/.local/lib/python3.12/site-packages/airflow/example_dags/example_latest_only_with_trigger.py took 0.032 seconds
[2026-04-25T08:01:25.693+0000] {processor.py:186} INFO - Started process (PID=93130) to work on /home/airflow/.local/lib/python3.12/site-packages/airflow/example_dags/example_latest_only_with_trigger.py
[2026-04-25T08:01:25.695+0000] {processor.py:914} INFO - Processing file /home/airflow/.local/lib/python3.12/site-packages/airflow/example_dags/example_latest_only_with_trigger.py for tasks to queue
[2026-04-25T08:01:25.697+0000] {logging_mixin.py:190} INFO - [2026-04-25T08:01:25.697+0000] {dagbag.py:588} INFO - Filling up the DagBag from /home/airflow/.local/lib/python3.12/site-packages/airflow/example_dags/example_latest_only_with_trigger.py
[2026-04-25T08:01:25.700+0000] {processor.py:925} INFO - DAG(s) 'latest_only_with_trigger' retrieved from /home/airflow/.local/lib/python3.12/site-packages/airflow/example_dags/example_latest_only_with_trigger.py
[2026-04-25T08:01:25.708+0000] {logging_mixin.py:190} INFO - [2026-04-25T08:01:25.708+0000] {dag.py:3239} INFO - Sync 1 DAGs
[2026-04-25T08:01:25.716+0000] {logging_mixin.py:190} INFO - [2026-04-25T08:01:25.716+0000] {dag.py:4180} INFO - Setting next_dagrun for latest_only_with_trigger to 2026-04-25 04:00:00+00:00, run_after=2026-04-25 08:00:00+00:00
[2026-04-25T08:01:25.722+0000] {processor.py:208} INFO - Processing /home/airflow/.local/lib/python3.12/site-packages/airflow/example_dags/example_latest_only_with_trigger.py took 0.031 seconds
[2026-04-25T08:01:56.845+0000] {processor.py:186} INFO - Started process (PID=93194) to work on /home/airflow/.local/lib/python3.12/site-packages/airflow/example_dags/example_latest_only_with_trigger.py
[2026-04-25T08:01:56.845+0000] {processor.py:914} INFO - Processing file /home/airflow/.local/lib/python3.12/site-packages/airflow/example_dags/example_latest_only_with_trigger.py for tasks to queue
[2026-04-25T08:01:56.846+0000] {logging_mixin.py:190} INFO - [2026-04-25T08:01:56.846+0000] {dagbag.py:588} INFO - Filling up the DagBag from /home/airflow/.local/lib/python3.12/site-packages/airflow/example_dags/example_latest_only_with_trigger.py
[2026-04-25T08:01:56.849+0000] {processor.py:925} INFO - DAG(s) 'latest_only_with_trigger' retrieved from /home/airflow/.local/lib/python3.12/site-packages/airflow/example_dags/example_latest_only_with_trigger.py
[2026-04-25T08:01:56.857+0000] {logging_mixin.py:190} INFO - [2026-04-25T08:01:56.856+0000] {dag.py:3239} INFO - Sync 1 DAGs
[2026-04-25T08:01:56.865+0000] {logging_mixin.py:190} INFO - [2026-04-25T08:01:56.865+0000] {dag.py:4180} INFO - Setting next_dagrun for latest_only_with_trigger to 2026-04-25 04:00:00+00:00, run_after=2026-04-25 08:00:00+00:00
[2026-04-25T08:01:56.876+0000] {processor.py:208} INFO - Processing /home/airflow/.local/lib/python3.12/site-packages/airflow/example_dags/example_latest_only_with_trigger.py took 0.033 seconds
[2026-04-25T08:18:20.305+0000] {processor.py:186} INFO - Started process (PID=93258) to work on /home/airflow/.local/lib/python3.12/site-packages/airflow/example_dags/example_latest_only_with_trigger.py
[2026-04-25T08:18:20.305+0000] {processor.py:914} INFO - Processing file /home/airflow/.local/lib/python3.12/site-packages/airflow/example_dags/example_latest_only_with_trigger.py for tasks to queue
[2026-04-25T08:18:20.306+0000] {logging_mixin.py:190} INFO - [2026-04-25T08:18:20.306+0000] {dagbag.py:588} INFO - Filling up the DagBag from /home/airflow/.local/lib/python3.12/site-packages/airflow/example_dags/example_latest_only_with_trigger.py
[2026-04-25T08:18:20.309+0000] {processor.py:925} INFO - DAG(s) 'latest_only_with_trigger' retrieved from /home/airflow/.local/lib/python3.12/site-packages/airflow/example_dags/example_latest_only_with_trigger.py
[2026-04-25T08:18:20.319+0000] {logging_mixin.py:190} INFO - [2026-04-25T08:18:20.319+0000] {dag.py:3239} INFO - Sync 1 DAGs
[2026-04-25T08:18:20.330+0000] {logging_mixin.py:190} INFO - [2026-04-25T08:18:20.330+0000] {dag.py:4180} INFO - Setting next_dagrun for latest_only_with_trigger to 2026-04-25 04:00:00+00:00, run_after=2026-04-25 08:00:00+00:00
[2026-04-25T08:18:20.337+0000] {processor.py:208} INFO - Processing /home/airflow/.local/lib/python3.12/site-packages/airflow/example_dags/example_latest_only_with_trigger.py took 0.034 seconds
[2026-04-25T08:34:04.987+0000] {processor.py:186} INFO - Started process (PID=93322) to work on /home/airflow/.local/lib/python3.12/site-packages/airflow/example_dags/example_latest_only_with_trigger.py
[2026-04-25T08:34:04.988+0000] {processor.py:914} INFO - Processing file /home/airflow/.local/lib/python3.12/site-packages/airflow/example_dags/example_latest_only_with_trigger.py for tasks to queue
[2026-04-25T08:34:04.989+0000] {logging_mixin.py:190} INFO - [2026-04-25T08:34:04.988+0000] {dagbag.py:588} INFO - Filling up the DagBag from /home/airflow/.local/lib/python3.12/site-packages/airflow/example_dags/example_latest_only_with_trigger.py
[2026-04-25T08:34:04.991+0000] {processor.py:925} INFO - DAG(s) 'latest_only_with_trigger' retrieved from /home/airflow/.local/lib/python3.12/site-packages/airflow/example_dags/example_latest_only_with_trigger.py
[2026-04-25T08:34:05.001+0000] {logging_mixin.py:190} INFO - [2026-04-25T08:34:05.001+0000] {dag.py:3239} INFO - Sync 1 DAGs
[2026-04-25T08:34:05.010+0000] {logging_mixin.py:190} INFO - [2026-04-25T08:34:05.010+0000] {dag.py:4180} INFO - Setting next_dagrun for latest_only_with_trigger to 2026-04-25 04:00:00+00:00, run_after=2026-04-25 08:00:00+00:00
[2026-04-25T08:34:05.017+0000] {processor.py:208} INFO - Processing /home/airflow/.local/lib/python3.12/site-packages/airflow/example_dags/example_latest_only_with_trigger.py took 0.032 seconds
[2026-04-25T08:35:30.808+0000] {processor.py:186} INFO - Started process (PID=93386) to work on /home/airflow/.local/lib/python3.12/site-packages/airflow/example_dags/example_latest_only_with_trigger.py
[2026-04-25T08:35:30.808+0000] {processor.py:914} INFO - Processing file /home/airflow/.local/lib/python3.12/site-packages/airflow/example_dags/example_latest_only_with_trigger.py for tasks to queue
[2026-04-25T08:35:30.809+0000] {logging_mixin.py:190} INFO - [2026-04-25T08:35:30.809+0000] {dagbag.py:588} INFO - Filling up the DagBag from /home/airflow/.local/lib/python3.12/site-packages/airflow/example_dags/example_latest_only_with_trigger.py
[2026-04-25T08:35:30.814+0000] {processor.py:925} INFO - DAG(s) 'latest_only_with_trigger' retrieved from /home/airflow/.local/lib/python3.12/site-packages/airflow/example_dags/example_latest_only_with_trigger.py
[2026-04-25T08:35:30.825+0000] {logging_mixin.py:190} INFO - [2026-04-25T08:35:30.825+0000] {dag.py:3239} INFO - Sync 1 DAGs
[2026-04-25T08:35:30.835+0000] {logging_mixin.py:190} INFO - [2026-04-25T08:35:30.835+0000] {dag.py:4180} INFO - Setting next_dagrun for latest_only_with_trigger to 2026-04-25 04:00:00+00:00, run_after=2026-04-25 08:00:00+00:00
[2026-04-25T08:35:30.843+0000] {processor.py:208} INFO - Processing /home/airflow/.local/lib/python3.12/site-packages/airflow/example_dags/example_latest_only_with_trigger.py took 0.037 seconds
[2026-04-25T08:53:53.051+0000] {processor.py:186} INFO - Started process (PID=93450) to work on /home/airflow/.local/lib/python3.12/site-packages/airflow/example_dags/example_latest_only_with_trigger.py
[2026-04-25T08:53:53.051+0000] {processor.py:914} INFO - Processing file /home/airflow/.local/lib/python3.12/site-packages/airflow/example_dags/example_latest_only_with_trigger.py for tasks to queue
[2026-04-25T08:53:53.052+0000] {logging_mixin.py:190} INFO - [2026-04-25T08:53:53.052+0000] {dagbag.py:588} INFO - Filling up the DagBag from /home/airflow/.local/lib/python3.12/site-packages/airflow/example_dags/example_latest_only_with_trigger.py
[2026-04-25T08:53:53.055+0000] {processor.py:925} INFO - DAG(s) 'latest_only_with_trigger' retrieved from /home/airflow/.local/lib/python3.12/site-packages/airflow/example_dags/example_latest_only_with_trigger.py
[2026-04-25T08:53:53.063+0000] {logging_mixin.py:190} INFO - [2026-04-25T08:53:53.063+0000] {dag.py:3239} INFO - Sync 1 DAGs
[2026-04-25T08:53:53.073+0000] {logging_mixin.py:190} INFO - [2026-04-25T08:53:53.073+0000] {dag.py:4180} INFO - Setting next_dagrun for latest_only_with_trigger to 2026-04-25 04:00:00+00:00, run_after=2026-04-25 08:00:00+00:00
[2026-04-25T08:53:53.080+0000] {processor.py:208} INFO - Processing /home/airflow/.local/lib/python3.12/site-packages/airflow/example_dags/example_latest_only_with_trigger.py took 0.031 seconds
[2026-04-25T08:54:23.366+0000] {processor.py:186} INFO - Started process (PID=93514) to work on /home/airflow/.local/lib/python3.12/site-packages/airflow/example_dags/example_latest_only_with_trigger.py
[2026-04-25T08:54:23.368+0000] {processor.py:914} INFO - Processing file /home/airflow/.local/lib/python3.12/site-packages/airflow/example_dags/example_latest_only_with_trigger.py for tasks to queue
[2026-04-25T08:54:23.370+0000] {logging_mixin.py:190} INFO - [2026-04-25T08:54:23.369+0000] {dagbag.py:588} INFO - Filling up the DagBag from /home/airflow/.local/lib/python3.12/site-packages/airflow/example_dags/example_latest_only_with_trigger.py
[2026-04-25T08:54:23.374+0000] {processor.py:925} INFO - DAG(s) 'latest_only_with_trigger' retrieved from /home/airflow/.local/lib/python3.12/site-packages/airflow/example_dags/example_latest_only_with_trigger.py
[2026-04-25T08:54:23.385+0000] {logging_mixin.py:190} INFO - [2026-04-25T08:54:23.385+0000] {dag.py:3239} INFO - Sync 1 DAGs
[2026-04-25T08:54:23.395+0000] {logging_mixin.py:190} INFO - [2026-04-25T08:54:23.395+0000] {dag.py:4180} INFO - Setting next_dagrun for latest_only_with_trigger to 2026-04-25 04:00:00+00:00, run_after=2026-04-25 08:00:00+00:00
[2026-04-25T08:54:23.405+0000] {processor.py:208} INFO - Processing /home/airflow/.local/lib/python3.12/site-packages/airflow/example_dags/example_latest_only_with_trigger.py took 0.041 seconds
[2026-04-25T09:02:32.222+0000] {processor.py:186} INFO - Started process (PID=93578) to work on /home/airflow/.local/lib/python3.12/site-packages/airflow/example_dags/example_latest_only_with_trigger.py
[2026-04-25T09:02:32.223+0000] {processor.py:914} INFO - Processing file /home/airflow/.local/lib/python3.12/site-packages/airflow/example_dags/example_latest_only_with_trigger.py for tasks to queue
[2026-04-25T09:02:32.225+0000] {logging_mixin.py:190} INFO - [2026-04-25T09:02:32.224+0000] {dagbag.py:588} INFO - Filling up the DagBag from /home/airflow/.local/lib/python3.12/site-packages/airflow/example_dags/example_latest_only_with_trigger.py
[2026-04-25T09:02:32.229+0000] {processor.py:925} INFO - DAG(s) 'latest_only_with_trigger' retrieved from /home/airflow/.local/lib/python3.12/site-packages/airflow/example_dags/example_latest_only_with_trigger.py
[2026-04-25T09:02:32.242+0000] {logging_mixin.py:190} INFO - [2026-04-25T09:02:32.242+0000] {dag.py:3239} INFO - Sync 1 DAGs
[2026-04-25T09:02:32.258+0000] {logging_mixin.py:190} INFO - [2026-04-25T09:02:32.258+0000] {dag.py:4180} INFO - Setting next_dagrun for latest_only_with_trigger to 2026-04-25 04:00:00+00:00, run_after=2026-04-25 08:00:00+00:00
[2026-04-25T09:02:32.269+0000] {processor.py:208} INFO - Processing /home/airflow/.local/lib/python3.12/site-packages/airflow/example_dags/example_latest_only_with_trigger.py took 0.051 seconds
[2026-04-25T09:18:29.088+0000] {processor.py:186} INFO - Started process (PID=93642) to work on /home/airflow/.local/lib/python3.12/site-packages/airflow/example_dags/example_latest_only_with_trigger.py
[2026-04-25T09:18:29.089+0000] {processor.py:914} INFO - Processing file /home/airflow/.local/lib/python3.12/site-packages/airflow/example_dags/example_latest_only_with_trigger.py for tasks to queue
[2026-04-25T09:18:29.090+0000] {logging_mixin.py:190} INFO - [2026-04-25T09:18:29.090+0000] {dagbag.py:588} INFO - Filling up the DagBag from /home/airflow/.local/lib/python3.12/site-packages/airflow/example_dags/example_latest_only_with_trigger.py
[2026-04-25T09:18:29.094+0000] {processor.py:925} INFO - DAG(s) 'latest_only_with_trigger' retrieved from /home/airflow/.local/lib/python3.12/site-packages/airflow/example_dags/example_latest_only_with_trigger.py
[2026-04-25T09:18:29.105+0000] {logging_mixin.py:190} INFO - [2026-04-25T09:18:29.105+0000] {dag.py:3239} INFO - Sync 1 DAGs
[2026-04-25T09:18:29.114+0000] {logging_mixin.py:190} INFO - [2026-04-25T09:18:29.114+0000] {dag.py:4180} INFO - Setting next_dagrun for latest_only_with_trigger to 2026-04-25 04:00:00+00:00, run_after=2026-04-25 08:00:00+00:00
[2026-04-25T09:18:29.125+0000] {processor.py:208} INFO - Processing /home/airflow/.local/lib/python3.12/site-packages/airflow/example_dags/example_latest_only_with_trigger.py took 0.039 seconds
[2026-04-25T09:19:40.624+0000] {processor.py:186} INFO - Started process (PID=93706) to work on /home/airflow/.local/lib/python3.12/site-packages/airflow/example_dags/example_latest_only_with_trigger.py
[2026-04-25T09:19:40.625+0000] {processor.py:914} INFO - Processing file /home/airflow/.local/lib/python3.12/site-packages/airflow/example_dags/example_latest_only_with_trigger.py for tasks to queue
[2026-04-25T09:19:40.626+0000] {logging_mixin.py:190} INFO - [2026-04-25T09:19:40.626+0000] {dagbag.py:588} INFO - Filling up the DagBag from /home/airflow/.local/lib/python3.12/site-packages/airflow/example_dags/example_latest_only_with_trigger.py
[2026-04-25T09:19:40.629+0000] {processor.py:925} INFO - DAG(s) 'latest_only_with_trigger' retrieved from /home/airflow/.local/lib/python3.12/site-packages/airflow/example_dags/example_latest_only_with_trigger.py
[2026-04-25T09:19:40.639+0000] {logging_mixin.py:190} INFO - [2026-04-25T09:19:40.639+0000] {dag.py:3239} INFO - Sync 1 DAGs
[2026-04-25T09:19:40.648+0000] {logging_mixin.py:190} INFO - [2026-04-25T09:19:40.648+0000] {dag.py:4180} INFO - Setting next_dagrun for latest_only_with_trigger to 2026-04-25 04:00:00+00:00, run_after=2026-04-25 08:00:00+00:00
[2026-04-25T09:19:40.658+0000] {processor.py:208} INFO - Processing /home/airflow/.local/lib/python3.12/site-packages/airflow/example_dags/example_latest_only_with_trigger.py took 0.036 seconds
[2026-04-25T09:37:20.372+0000] {processor.py:186} INFO - Started process (PID=93770) to work on /home/airflow/.local/lib/python3.12/site-packages/airflow/example_dags/example_latest_only_with_trigger.py
[2026-04-25T09:37:20.373+0000] {processor.py:914} INFO - Processing file /home/airflow/.local/lib/python3.12/site-packages/airflow/example_dags/example_latest_only_with_trigger.py for tasks to queue
[2026-04-25T09:37:20.374+0000] {logging_mixin.py:190} INFO - [2026-04-25T09:37:20.374+0000] {dagbag.py:588} INFO - Filling up the DagBag from /home/airflow/.local/lib/python3.12/site-packages/airflow/example_dags/example_latest_only_with_trigger.py
[2026-04-25T09:37:20.379+0000] {processor.py:925} INFO - DAG(s) 'latest_only_with_trigger' retrieved from /home/airflow/.local/lib/python3.12/site-packages/airflow/example_dags/example_latest_only_with_trigger.py
[2026-04-25T09:37:20.390+0000] {logging_mixin.py:190} INFO - [2026-04-25T09:37:20.389+0000] {dag.py:3239} INFO - Sync 1 DAGs
[2026-04-25T09:37:20.398+0000] {logging_mixin.py:190} INFO - [2026-04-25T09:37:20.398+0000] {dag.py:4180} INFO - Setting next_dagrun for latest_only_with_trigger to 2026-04-25 04:00:00+00:00, run_after=2026-04-25 08:00:00+00:00
[2026-04-25T09:37:20.404+0000] {processor.py:208} INFO - Processing /home/airflow/.local/lib/python3.12/site-packages/airflow/example_dags/example_latest_only_with_trigger.py took 0.034 seconds
[2026-04-25T09:55:51.879+0000] {processor.py:186} INFO - Started process (PID=93834) to work on /home/airflow/.local/lib/python3.12/site-packages/airflow/example_dags/example_latest_only_with_trigger.py
[2026-04-25T09:55:51.880+0000] {processor.py:914} INFO - Processing file /home/airflow/.local/lib/python3.12/site-packages/airflow/example_dags/example_latest_only_with_trigger.py for tasks to queue
[2026-04-25T09:55:51.880+0000] {logging_mixin.py:190} INFO - [2026-04-25T09:55:51.880+0000] {dagbag.py:588} INFO - Filling up the DagBag from /home/airflow/.local/lib/python3.12/site-packages/airflow/example_dags/example_latest_only_with_trigger.py
[2026-04-25T09:55:51.883+0000] {processor.py:925} INFO - DAG(s) 'latest_only_with_trigger' retrieved from /home/airflow/.local/lib/python3.12/site-packages/airflow/example_dags/example_latest_only_with_trigger.py
[2026-04-25T09:55:51.890+0000] {logging_mixin.py:190} INFO - [2026-04-25T09:55:51.890+0000] {dag.py:3239} INFO - Sync 1 DAGs
[2026-04-25T09:55:51.897+0000] {logging_mixin.py:190} INFO - [2026-04-25T09:55:51.897+0000] {dag.py:4180} INFO - Setting next_dagrun for latest_only_with_trigger to 2026-04-25 04:00:00+00:00, run_after=2026-04-25 08:00:00+00:00
[2026-04-25T09:55:51.902+0000] {processor.py:208} INFO - Processing /home/airflow/.local/lib/python3.12/site-packages/airflow/example_dags/example_latest_only_with_trigger.py took 0.025 seconds
[2026-04-25T10:03:21.082+0000] {processor.py:186} INFO - Started process (PID=93898) to work on /home/airflow/.local/lib/python3.12/site-packages/airflow/example_dags/example_latest_only_with_trigger.py
[2026-04-25T10:03:21.084+0000] {processor.py:914} INFO - Processing file /home/airflow/.local/lib/python3.12/site-packages/airflow/example_dags/example_latest_only_with_trigger.py for tasks to queue
[2026-04-25T10:03:21.085+0000] {logging_mixin.py:190} INFO - [2026-04-25T10:03:21.085+0000] {dagbag.py:588} INFO - Filling up the DagBag from /home/airflow/.local/lib/python3.12/site-packages/airflow/example_dags/example_latest_only_with_trigger.py
[2026-04-25T10:03:21.089+0000] {processor.py:925} INFO - DAG(s) 'latest_only_with_trigger' retrieved from /home/airflow/.local/lib/python3.12/site-packages/airflow/example_dags/example_latest_only_with_trigger.py
[2026-04-25T10:03:21.103+0000] {logging_mixin.py:190} INFO - [2026-04-25T10:03:21.103+0000] {dag.py:3239} INFO - Sync 1 DAGs
[2026-04-25T10:03:21.112+0000] {logging_mixin.py:190} INFO - [2026-04-25T10:03:21.112+0000] {dag.py:4180} INFO - Setting next_dagrun for latest_only_with_trigger to 2026-04-25 04:00:00+00:00, run_after=2026-04-25 08:00:00+00:00
[2026-04-25T10:03:21.120+0000] {processor.py:208} INFO - Processing /home/airflow/.local/lib/python3.12/site-packages/airflow/example_dags/example_latest_only_with_trigger.py took 0.039 seconds
[2026-04-25T10:03:51.509+0000] {processor.py:186} INFO - Started process (PID=93962) to work on /home/airflow/.local/lib/python3.12/site-packages/airflow/example_dags/example_latest_only_with_trigger.py
[2026-04-25T10:03:51.510+0000] {processor.py:914} INFO - Processing file /home/airflow/.local/lib/python3.12/site-packages/airflow/example_dags/example_latest_only_with_trigger.py for tasks to queue
[2026-04-25T10:03:51.511+0000] {logging_mixin.py:190} INFO - [2026-04-25T10:03:51.511+0000] {dagbag.py:588} INFO - Filling up the DagBag from /home/airflow/.local/lib/python3.12/site-packages/airflow/example_dags/example_latest_only_with_trigger.py
[2026-04-25T10:03:51.515+0000] {processor.py:925} INFO - DAG(s) 'latest_only_with_trigger' retrieved from /home/airflow/.local/lib/python3.12/site-packages/airflow/example_dags/example_latest_only_with_trigger.py
[2026-04-25T10:03:51.524+0000] {logging_mixin.py:190} INFO - [2026-04-25T10:03:51.524+0000] {dag.py:3239} INFO - Sync 1 DAGs
[2026-04-25T10:03:51.533+0000] {logging_mixin.py:190} INFO - [2026-04-25T10:03:51.532+0000] {dag.py:4180} INFO - Setting next_dagrun for latest_only_with_trigger to 2026-04-25 04:00:00+00:00, run_after=2026-04-25 08:00:00+00:00
[2026-04-25T10:03:51.538+0000] {processor.py:208} INFO - Processing /home/airflow/.local/lib/python3.12/site-packages/airflow/example_dags/example_latest_only_with_trigger.py took 0.032 seconds
[2026-04-25T10:20:17.306+0000] {processor.py:186} INFO - Started process (PID=94026) to work on /home/airflow/.local/lib/python3.12/site-packages/airflow/example_dags/example_latest_only_with_trigger.py
[2026-04-25T10:20:17.306+0000] {processor.py:914} INFO - Processing file /home/airflow/.local/lib/python3.12/site-packages/airflow/example_dags/example_latest_only_with_trigger.py for tasks to queue
[2026-04-25T10:20:17.307+0000] {logging_mixin.py:190} INFO - [2026-04-25T10:20:17.307+0000] {dagbag.py:588} INFO - Filling up the DagBag from /home/airflow/.local/lib/python3.12/site-packages/airflow/example_dags/example_latest_only_with_trigger.py
[2026-04-25T10:20:17.310+0000] {processor.py:925} INFO - DAG(s) 'latest_only_with_trigger' retrieved from /home/airflow/.local/lib/python3.12/site-packages/airflow/example_dags/example_latest_only_with_trigger.py
[2026-04-25T10:20:17.323+0000] {logging_mixin.py:190} INFO - [2026-04-25T10:20:17.322+0000] {dag.py:3239} INFO - Sync 1 DAGs
[2026-04-25T10:20:17.336+0000] {logging_mixin.py:190} INFO - [2026-04-25T10:20:17.336+0000] {dag.py:4180} INFO - Setting next_dagrun for latest_only_with_trigger to 2026-04-25 04:00:00+00:00, run_after=2026-04-25 08:00:00+00:00
[2026-04-25T10:20:17.345+0000] {processor.py:208} INFO - Processing /home/airflow/.local/lib/python3.12/site-packages/airflow/example_dags/example_latest_only_with_trigger.py took 0.042 seconds
[2026-04-25T10:20:48.095+0000] {processor.py:186} INFO - Started process (PID=94090) to work on /home/airflow/.local/lib/python3.12/site-packages/airflow/example_dags/example_latest_only_with_trigger.py
[2026-04-25T10:20:48.095+0000] {processor.py:914} INFO - Processing file /home/airflow/.local/lib/python3.12/site-packages/airflow/example_dags/example_latest_only_with_trigger.py for tasks to queue
[2026-04-25T10:20:48.096+0000] {logging_mixin.py:190} INFO - [2026-04-25T10:20:48.096+0000] {dagbag.py:588} INFO - Filling up the DagBag from /home/airflow/.local/lib/python3.12/site-packages/airflow/example_dags/example_latest_only_with_trigger.py
[2026-04-25T10:20:48.099+0000] {processor.py:925} INFO - DAG(s) 'latest_only_with_trigger' retrieved from /home/airflow/.local/lib/python3.12/site-packages/airflow/example_dags/example_latest_only_with_trigger.py
[2026-04-25T10:20:48.111+0000] {logging_mixin.py:190} INFO - [2026-04-25T10:20:48.110+0000] {dag.py:3239} INFO - Sync 1 DAGs
[2026-04-25T10:20:48.122+0000] {logging_mixin.py:190} INFO - [2026-04-25T10:20:48.122+0000] {dag.py:4180} INFO - Setting next_dagrun for latest_only_with_trigger to 2026-04-25 04:00:00+00:00, run_after=2026-04-25 08:00:00+00:00
[2026-04-25T10:20:48.131+0000] {processor.py:208} INFO - Processing /home/airflow/.local/lib/python3.12/site-packages/airflow/example_dags/example_latest_only_with_trigger.py took 0.038 seconds
[2026-04-25T10:30:55.213+0000] {processor.py:186} INFO - Started process (PID=94154) to work on /home/airflow/.local/lib/python3.12/site-packages/airflow/example_dags/example_latest_only_with_trigger.py
[2026-04-25T10:30:55.215+0000] {processor.py:914} INFO - Processing file /home/airflow/.local/lib/python3.12/site-packages/airflow/example_dags/example_latest_only_with_trigger.py for tasks to queue
[2026-04-25T10:30:55.215+0000] {logging_mixin.py:190} INFO - [2026-04-25T10:30:55.215+0000] {dagbag.py:588} INFO - Filling up the DagBag from /home/airflow/.local/lib/python3.12/site-packages/airflow/example_dags/example_latest_only_with_trigger.py
[2026-04-25T10:30:55.218+0000] {processor.py:925} INFO - DAG(s) 'latest_only_with_trigger' retrieved from /home/airflow/.local/lib/python3.12/site-packages/airflow/example_dags/example_latest_only_with_trigger.py
[2026-04-25T10:30:55.231+0000] {logging_mixin.py:190} INFO - [2026-04-25T10:30:55.231+0000] {dag.py:3239} INFO - Sync 1 DAGs
[2026-04-25T10:30:55.239+0000] {logging_mixin.py:190} INFO - [2026-04-25T10:30:55.239+0000] {dag.py:4180} INFO - Setting next_dagrun for latest_only_with_trigger to 2026-04-25 04:00:00+00:00, run_after=2026-04-25 08:00:00+00:00
[2026-04-25T10:30:55.249+0000] {processor.py:208} INFO - Processing /home/airflow/.local/lib/python3.12/site-packages/airflow/example_dags/example_latest_only_with_trigger.py took 0.037 seconds
[2026-04-25T10:49:35.801+0000] {processor.py:186} INFO - Started process (PID=94218) to work on /home/airflow/.local/lib/python3.12/site-packages/airflow/example_dags/example_latest_only_with_trigger.py
[2026-04-25T10:49:35.802+0000] {processor.py:914} INFO - Processing file /home/airflow/.local/lib/python3.12/site-packages/airflow/example_dags/example_latest_only_with_trigger.py for tasks to queue
[2026-04-25T10:49:35.803+0000] {logging_mixin.py:190} INFO - [2026-04-25T10:49:35.803+0000] {dagbag.py:588} INFO - Filling up the DagBag from /home/airflow/.local/lib/python3.12/site-packages/airflow/example_dags/example_latest_only_with_trigger.py
[2026-04-25T10:49:35.806+0000] {processor.py:925} INFO - DAG(s) 'latest_only_with_trigger' retrieved from /home/airflow/.local/lib/python3.12/site-packages/airflow/example_dags/example_latest_only_with_trigger.py
[2026-04-25T10:49:35.822+0000] {logging_mixin.py:190} INFO - [2026-04-25T10:49:35.822+0000] {dag.py:3239} INFO - Sync 1 DAGs
[2026-04-25T10:49:35.832+0000] {logging_mixin.py:190} INFO - [2026-04-25T10:49:35.832+0000] {dag.py:4180} INFO - Setting next_dagrun for latest_only_with_trigger to 2026-04-25 04:00:00+00:00, run_after=2026-04-25 08:00:00+00:00
[2026-04-25T10:49:35.842+0000] {processor.py:208} INFO - Processing /home/airflow/.local/lib/python3.12/site-packages/airflow/example_dags/example_latest_only_with_trigger.py took 0.044 seconds
[2026-04-25T10:50:06.205+0000] {processor.py:186} INFO - Started process (PID=94282) to work on /home/airflow/.local/lib/python3.12/site-packages/airflow/example_dags/example_latest_only_with_trigger.py
[2026-04-25T10:50:06.206+0000] {processor.py:914} INFO - Processing file /home/airflow/.local/lib/python3.12/site-packages/airflow/example_dags/example_latest_only_with_trigger.py for tasks to queue
[2026-04-25T10:50:06.207+0000] {logging_mixin.py:190} INFO - [2026-04-25T10:50:06.207+0000] {dagbag.py:588} INFO - Filling up the DagBag from /home/airflow/.local/lib/python3.12/site-packages/airflow/example_dags/example_latest_only_with_trigger.py
[2026-04-25T10:50:06.212+0000] {processor.py:925} INFO - DAG(s) 'latest_only_with_trigger' retrieved from /home/airflow/.local/lib/python3.12/site-packages/airflow/example_dags/example_latest_only_with_trigger.py
[2026-04-25T10:50:06.219+0000] {logging_mixin.py:190} INFO - [2026-04-25T10:50:06.219+0000] {dag.py:3239} INFO - Sync 1 DAGs
[2026-04-25T10:50:06.227+0000] {logging_mixin.py:190} INFO - [2026-04-25T10:50:06.226+0000] {dag.py:4180} INFO - Setting next_dagrun for latest_only_with_trigger to 2026-04-25 04:00:00+00:00, run_after=2026-04-25 08:00:00+00:00
[2026-04-25T10:50:06.236+0000] {processor.py:208} INFO - Processing /home/airflow/.local/lib/python3.12/site-packages/airflow/example_dags/example_latest_only_with_trigger.py took 0.033 seconds
[2026-04-25T11:04:33.083+0000] {processor.py:186} INFO - Started process (PID=94346) to work on /home/airflow/.local/lib/python3.12/site-packages/airflow/example_dags/example_latest_only_with_trigger.py
[2026-04-25T11:04:33.083+0000] {processor.py:914} INFO - Processing file /home/airflow/.local/lib/python3.12/site-packages/airflow/example_dags/example_latest_only_with_trigger.py for tasks to queue
[2026-04-25T11:04:33.084+0000] {logging_mixin.py:190} INFO - [2026-04-25T11:04:33.084+0000] {dagbag.py:588} INFO - Filling up the DagBag from /home/airflow/.local/lib/python3.12/site-packages/airflow/example_dags/example_latest_only_with_trigger.py
[2026-04-25T11:04:33.089+0000] {processor.py:925} INFO - DAG(s) 'latest_only_with_trigger' retrieved from /home/airflow/.local/lib/python3.12/site-packages/airflow/example_dags/example_latest_only_with_trigger.py
[2026-04-25T11:04:33.099+0000] {logging_mixin.py:190} INFO - [2026-04-25T11:04:33.098+0000] {dag.py:3239} INFO - Sync 1 DAGs
[2026-04-25T11:04:33.107+0000] {logging_mixin.py:190} INFO - [2026-04-25T11:04:33.107+0000] {dag.py:4180} INFO - Setting next_dagrun for latest_only_with_trigger to 2026-04-25 04:00:00+00:00, run_after=2026-04-25 08:00:00+00:00
[2026-04-25T11:04:33.117+0000] {processor.py:208} INFO - Processing /home/airflow/.local/lib/python3.12/site-packages/airflow/example_dags/example_latest_only_with_trigger.py took 0.036 seconds
[2026-04-25T11:21:28.463+0000] {processor.py:186} INFO - Started process (PID=94410) to work on /home/airflow/.local/lib/python3.12/site-packages/airflow/example_dags/example_latest_only_with_trigger.py
[2026-04-25T11:21:28.464+0000] {processor.py:914} INFO - Processing file /home/airflow/.local/lib/python3.12/site-packages/airflow/example_dags/example_latest_only_with_trigger.py for tasks to queue
[2026-04-25T11:21:28.465+0000] {logging_mixin.py:190} INFO - [2026-04-25T11:21:28.464+0000] {dagbag.py:588} INFO - Filling up the DagBag from /home/airflow/.local/lib/python3.12/site-packages/airflow/example_dags/example_latest_only_with_trigger.py
[2026-04-25T11:21:28.468+0000] {processor.py:925} INFO - DAG(s) 'latest_only_with_trigger' retrieved from /home/airflow/.local/lib/python3.12/site-packages/airflow/example_dags/example_latest_only_with_trigger.py
[2026-04-25T11:21:28.480+0000] {logging_mixin.py:190} INFO - [2026-04-25T11:21:28.477+0000] {dag.py:3239} INFO - Sync 1 DAGs
[2026-04-25T11:21:28.488+0000] {logging_mixin.py:190} INFO - [2026-04-25T11:21:28.488+0000] {dag.py:4180} INFO - Setting next_dagrun for latest_only_with_trigger to 2026-04-25 04:00:00+00:00, run_after=2026-04-25 08:00:00+00:00
[2026-04-25T11:21:28.498+0000] {processor.py:208} INFO - Processing /home/airflow/.local/lib/python3.12/site-packages/airflow/example_dags/example_latest_only_with_trigger.py took 0.037 seconds
[2026-04-25T11:21:58.681+0000] {processor.py:186} INFO - Started process (PID=94474) to work on /home/airflow/.local/lib/python3.12/site-packages/airflow/example_dags/example_latest_only_with_trigger.py
[2026-04-25T11:21:58.681+0000] {processor.py:914} INFO - Processing file /home/airflow/.local/lib/python3.12/site-packages/airflow/example_dags/example_latest_only_with_trigger.py for tasks to queue
[2026-04-25T11:21:58.682+0000] {logging_mixin.py:190} INFO - [2026-04-25T11:21:58.682+0000] {dagbag.py:588} INFO - Filling up the DagBag from /home/airflow/.local/lib/python3.12/site-packages/airflow/example_dags/example_latest_only_with_trigger.py
[2026-04-25T11:21:58.685+0000] {processor.py:925} INFO - DAG(s) 'latest_only_with_trigger' retrieved from /home/airflow/.local/lib/python3.12/site-packages/airflow/example_dags/example_latest_only_with_trigger.py
[2026-04-25T11:21:58.693+0000] {logging_mixin.py:190} INFO - [2026-04-25T11:21:58.692+0000] {dag.py:3239} INFO - Sync 1 DAGs
[2026-04-25T11:21:58.700+0000] {logging_mixin.py:190} INFO - [2026-04-25T11:21:58.700+0000] {dag.py:4180} INFO - Setting next_dagrun for latest_only_with_trigger to 2026-04-25 04:00:00+00:00, run_after=2026-04-25 08:00:00+00:00
[2026-04-25T11:21:58.706+0000] {processor.py:208} INFO - Processing /home/airflow/.local/lib/python3.12/site-packages/airflow/example_dags/example_latest_only_with_trigger.py took 0.028 seconds
[2026-04-25T11:41:12.360+0000] {processor.py:186} INFO - Started process (PID=94538) to work on /home/airflow/.local/lib/python3.12/site-packages/airflow/example_dags/example_latest_only_with_trigger.py
[2026-04-25T11:41:12.361+0000] {processor.py:914} INFO - Processing file /home/airflow/.local/lib/python3.12/site-packages/airflow/example_dags/example_latest_only_with_trigger.py for tasks to queue
[2026-04-25T11:41:12.362+0000] {logging_mixin.py:190} INFO - [2026-04-25T11:41:12.362+0000] {dagbag.py:588} INFO - Filling up the DagBag from /home/airflow/.local/lib/python3.12/site-packages/airflow/example_dags/example_latest_only_with_trigger.py
[2026-04-25T11:41:12.365+0000] {processor.py:925} INFO - DAG(s) 'latest_only_with_trigger' retrieved from /home/airflow/.local/lib/python3.12/site-packages/airflow/example_dags/example_latest_only_with_trigger.py
[2026-04-25T11:41:12.381+0000] {logging_mixin.py:190} INFO - [2026-04-25T11:41:12.381+0000] {dag.py:3239} INFO - Sync 1 DAGs
[2026-04-25T11:41:12.389+0000] {logging_mixin.py:190} INFO - [2026-04-25T11:41:12.389+0000] {dag.py:4180} INFO - Setting next_dagrun for latest_only_with_trigger to 2026-04-25 04:00:00+00:00, run_after=2026-04-25 08:00:00+00:00
[2026-04-25T11:41:12.397+0000] {processor.py:208} INFO - Processing /home/airflow/.local/lib/python3.12/site-packages/airflow/example_dags/example_latest_only_with_trigger.py took 0.039 seconds
[2026-04-25T11:41:42.920+0000] {processor.py:186} INFO - Started process (PID=94602) to work on /home/airflow/.local/lib/python3.12/site-packages/airflow/example_dags/example_latest_only_with_trigger.py
[2026-04-25T11:41:42.920+0000] {processor.py:914} INFO - Processing file /home/airflow/.local/lib/python3.12/site-packages/airflow/example_dags/example_latest_only_with_trigger.py for tasks to queue
[2026-04-25T11:41:42.921+0000] {logging_mixin.py:190} INFO - [2026-04-25T11:41:42.921+0000] {dagbag.py:588} INFO - Filling up the DagBag from /home/airflow/.local/lib/python3.12/site-packages/airflow/example_dags/example_latest_only_with_trigger.py
[2026-04-25T11:41:42.924+0000] {processor.py:925} INFO - DAG(s) 'latest_only_with_trigger' retrieved from /home/airflow/.local/lib/python3.12/site-packages/airflow/example_dags/example_latest_only_with_trigger.py
[2026-04-25T11:41:42.932+0000] {logging_mixin.py:190} INFO - [2026-04-25T11:41:42.932+0000] {dag.py:3239} INFO - Sync 1 DAGs
[2026-04-25T11:41:42.940+0000] {logging_mixin.py:190} INFO - [2026-04-25T11:41:42.940+0000] {dag.py:4180} INFO - Setting next_dagrun for latest_only_with_trigger to 2026-04-25 04:00:00+00:00, run_after=2026-04-25 08:00:00+00:00
[2026-04-25T11:41:42.946+0000] {processor.py:208} INFO - Processing /home/airflow/.local/lib/python3.12/site-packages/airflow/example_dags/example_latest_only_with_trigger.py took 0.028 seconds
[2026-04-25T11:58:10.939+0000] {processor.py:186} INFO - Started process (PID=94666) to work on /home/airflow/.local/lib/python3.12/site-packages/airflow/example_dags/example_latest_only_with_trigger.py
[2026-04-25T11:58:10.939+0000] {processor.py:914} INFO - Processing file /home/airflow/.local/lib/python3.12/site-packages/airflow/example_dags/example_latest_only_with_trigger.py for tasks to queue
[2026-04-25T11:58:10.940+0000] {logging_mixin.py:190} INFO - [2026-04-25T11:58:10.940+0000] {dagbag.py:588} INFO - Filling up the DagBag from /home/airflow/.local/lib/python3.12/site-packages/airflow/example_dags/example_latest_only_with_trigger.py
[2026-04-25T11:58:10.944+0000] {processor.py:925} INFO - DAG(s) 'latest_only_with_trigger' retrieved from /home/airflow/.local/lib/python3.12/site-packages/airflow/example_dags/example_latest_only_with_trigger.py
[2026-04-25T11:58:10.953+0000] {logging_mixin.py:190} INFO - [2026-04-25T11:58:10.953+0000] {dag.py:3239} INFO - Sync 1 DAGs
[2026-04-25T11:58:10.962+0000] {logging_mixin.py:190} INFO - [2026-04-25T11:58:10.962+0000] {dag.py:4180} INFO - Setting next_dagrun for latest_only_with_trigger to 2026-04-25 04:00:00+00:00, run_after=2026-04-25 08:00:00+00:00
[2026-04-25T11:58:10.971+0000] {processor.py:208} INFO - Processing /home/airflow/.local/lib/python3.12/site-packages/airflow/example_dags/example_latest_only_with_trigger.py took 0.035 seconds
[2026-04-25T12:05:23.303+0000] {processor.py:186} INFO - Started process (PID=94730) to work on /home/airflow/.local/lib/python3.12/site-packages/airflow/example_dags/example_latest_only_with_trigger.py
[2026-04-25T12:05:23.304+0000] {processor.py:914} INFO - Processing file /home/airflow/.local/lib/python3.12/site-packages/airflow/example_dags/example_latest_only_with_trigger.py for tasks to queue
[2026-04-25T12:05:23.305+0000] {logging_mixin.py:190} INFO - [2026-04-25T12:05:23.305+0000] {dagbag.py:588} INFO - Filling up the DagBag from /home/airflow/.local/lib/python3.12/site-packages/airflow/example_dags/example_latest_only_with_trigger.py
[2026-04-25T12:05:23.308+0000] {processor.py:925} INFO - DAG(s) 'latest_only_with_trigger' retrieved from /home/airflow/.local/lib/python3.12/site-packages/airflow/example_dags/example_latest_only_with_trigger.py
[2026-04-25T12:05:23.321+0000] {logging_mixin.py:190} INFO - [2026-04-25T12:05:23.321+0000] {dag.py:3239} INFO - Sync 1 DAGs
[2026-04-25T12:05:23.333+0000] {logging_mixin.py:190} INFO - [2026-04-25T12:05:23.333+0000] {dag.py:4180} INFO - Setting next_dagrun for latest_only_with_trigger to 2026-04-25 08:00:00+00:00, run_after=2026-04-25 12:00:00+00:00
[2026-04-25T12:05:23.344+0000] {processor.py:208} INFO - Processing /home/airflow/.local/lib/python3.12/site-packages/airflow/example_dags/example_latest_only_with_trigger.py took 0.043 seconds
[2026-04-25T12:05:54.781+0000] {processor.py:186} INFO - Started process (PID=94794) to work on /home/airflow/.local/lib/python3.12/site-packages/airflow/example_dags/example_latest_only_with_trigger.py
[2026-04-25T12:05:54.781+0000] {processor.py:914} INFO - Processing file /home/airflow/.local/lib/python3.12/site-packages/airflow/example_dags/example_latest_only_with_trigger.py for tasks to queue
[2026-04-25T12:05:54.782+0000] {logging_mixin.py:190} INFO - [2026-04-25T12:05:54.782+0000] {dagbag.py:588} INFO - Filling up the DagBag from /home/airflow/.local/lib/python3.12/site-packages/airflow/example_dags/example_latest_only_with_trigger.py
[2026-04-25T12:05:54.785+0000] {processor.py:925} INFO - DAG(s) 'latest_only_with_trigger' retrieved from /home/airflow/.local/lib/python3.12/site-packages/airflow/example_dags/example_latest_only_with_trigger.py
[2026-04-25T12:05:54.794+0000] {logging_mixin.py:190} INFO - [2026-04-25T12:05:54.794+0000] {dag.py:3239} INFO - Sync 1 DAGs
[2026-04-25T12:05:54.804+0000] {logging_mixin.py:190} INFO - [2026-04-25T12:05:54.804+0000] {dag.py:4180} INFO - Setting next_dagrun for latest_only_with_trigger to 2026-04-25 08:00:00+00:00, run_after=2026-04-25 12:00:00+00:00
[2026-04-25T12:05:54.812+0000] {processor.py:208} INFO - Processing /home/airflow/.local/lib/python3.12/site-packages/airflow/example_dags/example_latest_only_with_trigger.py took 0.034 seconds
[2026-04-25T12:22:26.605+0000] {processor.py:186} INFO - Started process (PID=94858) to work on /home/airflow/.local/lib/python3.12/site-packages/airflow/example_dags/example_latest_only_with_trigger.py
[2026-04-25T12:22:26.606+0000] {processor.py:914} INFO - Processing file /home/airflow/.local/lib/python3.12/site-packages/airflow/example_dags/example_latest_only_with_trigger.py for tasks to queue
[2026-04-25T12:22:26.607+0000] {logging_mixin.py:190} INFO - [2026-04-25T12:22:26.607+0000] {dagbag.py:588} INFO - Filling up the DagBag from /home/airflow/.local/lib/python3.12/site-packages/airflow/example_dags/example_latest_only_with_trigger.py
[2026-04-25T12:22:26.612+0000] {processor.py:925} INFO - DAG(s) 'latest_only_with_trigger' retrieved from /home/airflow/.local/lib/python3.12/site-packages/airflow/example_dags/example_latest_only_with_trigger.py
[2026-04-25T12:22:26.692+0000] {logging_mixin.py:190} INFO - [2026-04-25T12:22:26.692+0000] {dag.py:3239} INFO - Sync 1 DAGs
[2026-04-25T12:22:26.699+0000] {logging_mixin.py:190} INFO - [2026-04-25T12:22:26.699+0000] {dag.py:4180} INFO - Setting next_dagrun for latest_only_with_trigger to 2026-04-25 08:00:00+00:00, run_after=2026-04-25 12:00:00+00:00
[2026-04-25T12:22:26.707+0000] {processor.py:208} INFO - Processing /home/airflow/.local/lib/python3.12/site-packages/airflow/example_dags/example_latest_only_with_trigger.py took 0.105 seconds
[2026-04-25T12:41:28.245+0000] {processor.py:186} INFO - Started process (PID=94922) to work on /home/airflow/.local/lib/python3.12/site-packages/airflow/example_dags/example_latest_only_with_trigger.py
[2026-04-25T12:41:28.246+0000] {processor.py:914} INFO - Processing file /home/airflow/.local/lib/python3.12/site-packages/airflow/example_dags/example_latest_only_with_trigger.py for tasks to queue
[2026-04-25T12:41:28.247+0000] {logging_mixin.py:190} INFO - [2026-04-25T12:41:28.247+0000] {dagbag.py:588} INFO - Filling up the DagBag from /home/airflow/.local/lib/python3.12/site-packages/airflow/example_dags/example_latest_only_with_trigger.py
[2026-04-25T12:41:28.250+0000] {processor.py:925} INFO - DAG(s) 'latest_only_with_trigger' retrieved from /home/airflow/.local/lib/python3.12/site-packages/airflow/example_dags/example_latest_only_with_trigger.py
[2026-04-25T12:41:28.259+0000] {logging_mixin.py:190} INFO - [2026-04-25T12:41:28.259+0000] {dag.py:3239} INFO - Sync 1 DAGs
[2026-04-25T12:41:28.266+0000] {logging_mixin.py:190} INFO - [2026-04-25T12:41:28.266+0000] {dag.py:4180} INFO - Setting next_dagrun for latest_only_with_trigger to 2026-04-25 08:00:00+00:00, run_after=2026-04-25 12:00:00+00:00
[2026-04-25T12:41:28.274+0000] {processor.py:208} INFO - Processing /home/airflow/.local/lib/python3.12/site-packages/airflow/example_dags/example_latest_only_with_trigger.py took 0.031 seconds
[2026-04-25T12:41:59.215+0000] {processor.py:186} INFO - Started process (PID=94986) to work on /home/airflow/.local/lib/python3.12/site-packages/airflow/example_dags/example_latest_only_with_trigger.py
[2026-04-25T12:41:59.216+0000] {processor.py:914} INFO - Processing file /home/airflow/.local/lib/python3.12/site-packages/airflow/example_dags/example_latest_only_with_trigger.py for tasks to queue
[2026-04-25T12:41:59.217+0000] {logging_mixin.py:190} INFO - [2026-04-25T12:41:59.217+0000] {dagbag.py:588} INFO - Filling up the DagBag from /home/airflow/.local/lib/python3.12/site-packages/airflow/example_dags/example_latest_only_with_trigger.py
[2026-04-25T12:41:59.221+0000] {processor.py:925} INFO - DAG(s) 'latest_only_with_trigger' retrieved from /home/airflow/.local/lib/python3.12/site-packages/airflow/example_dags/example_latest_only_with_trigger.py
[2026-04-25T12:41:59.230+0000] {logging_mixin.py:190} INFO - [2026-04-25T12:41:59.230+0000] {dag.py:3239} INFO - Sync 1 DAGs
[2026-04-25T12:41:59.240+0000] {logging_mixin.py:190} INFO - [2026-04-25T12:41:59.240+0000] {dag.py:4180} INFO - Setting next_dagrun for latest_only_with_trigger to 2026-04-25 08:00:00+00:00, run_after=2026-04-25 12:00:00+00:00
[2026-04-25T12:41:59.245+0000] {processor.py:208} INFO - Processing /home/airflow/.local/lib/python3.12/site-packages/airflow/example_dags/example_latest_only_with_trigger.py took 0.032 seconds
[2026-04-25T12:59:48.220+0000] {processor.py:186} INFO - Started process (PID=95050) to work on /home/airflow/.local/lib/python3.12/site-packages/airflow/example_dags/example_latest_only_with_trigger.py
[2026-04-25T12:59:48.221+0000] {processor.py:914} INFO - Processing file /home/airflow/.local/lib/python3.12/site-packages/airflow/example_dags/example_latest_only_with_trigger.py for tasks to queue
[2026-04-25T12:59:48.222+0000] {logging_mixin.py:190} INFO - [2026-04-25T12:59:48.222+0000] {dagbag.py:588} INFO - Filling up the DagBag from /home/airflow/.local/lib/python3.12/site-packages/airflow/example_dags/example_latest_only_with_trigger.py
[2026-04-25T12:59:48.226+0000] {processor.py:925} INFO - DAG(s) 'latest_only_with_trigger' retrieved from /home/airflow/.local/lib/python3.12/site-packages/airflow/example_dags/example_latest_only_with_trigger.py
[2026-04-25T12:59:48.235+0000] {logging_mixin.py:190} INFO - [2026-04-25T12:59:48.235+0000] {dag.py:3239} INFO - Sync 1 DAGs
[2026-04-25T12:59:48.244+0000] {logging_mixin.py:190} INFO - [2026-04-25T12:59:48.243+0000] {dag.py:4180} INFO - Setting next_dagrun for latest_only_with_trigger to 2026-04-25 08:00:00+00:00, run_after=2026-04-25 12:00:00+00:00
[2026-04-25T12:59:48.250+0000] {processor.py:208} INFO - Processing /home/airflow/.local/lib/python3.12/site-packages/airflow/example_dags/example_latest_only_with_trigger.py took 0.032 seconds
[2026-04-25T13:00:19.243+0000] {processor.py:186} INFO - Started process (PID=95114) to work on /home/airflow/.local/lib/python3.12/site-packages/airflow/example_dags/example_latest_only_with_trigger.py
[2026-04-25T13:00:19.244+0000] {processor.py:914} INFO - Processing file /home/airflow/.local/lib/python3.12/site-packages/airflow/example_dags/example_latest_only_with_trigger.py for tasks to queue
[2026-04-25T13:00:19.245+0000] {logging_mixin.py:190} INFO - [2026-04-25T13:00:19.245+0000] {dagbag.py:588} INFO - Filling up the DagBag from /home/airflow/.local/lib/python3.12/site-packages/airflow/example_dags/example_latest_only_with_trigger.py
[2026-04-25T13:00:19.249+0000] {processor.py:925} INFO - DAG(s) 'latest_only_with_trigger' retrieved from /home/airflow/.local/lib/python3.12/site-packages/airflow/example_dags/example_latest_only_with_trigger.py
[2026-04-25T13:00:19.261+0000] {logging_mixin.py:190} INFO - [2026-04-25T13:00:19.261+0000] {dag.py:3239} INFO - Sync 1 DAGs
[2026-04-25T13:00:19.269+0000] {logging_mixin.py:190} INFO - [2026-04-25T13:00:19.269+0000] {dag.py:4180} INFO - Setting next_dagrun for latest_only_with_trigger to 2026-04-25 08:00:00+00:00, run_after=2026-04-25 12:00:00+00:00
[2026-04-25T13:00:19.277+0000] {processor.py:208} INFO - Processing /home/airflow/.local/lib/python3.12/site-packages/airflow/example_dags/example_latest_only_with_trigger.py took 0.037 seconds
[2026-04-25T13:06:35.569+0000] {processor.py:186} INFO - Started process (PID=95178) to work on /home/airflow/.local/lib/python3.12/site-packages/airflow/example_dags/example_latest_only_with_trigger.py
[2026-04-25T13:06:35.571+0000] {processor.py:914} INFO - Processing file /home/airflow/.local/lib/python3.12/site-packages/airflow/example_dags/example_latest_only_with_trigger.py for tasks to queue
[2026-04-25T13:06:35.572+0000] {logging_mixin.py:190} INFO - [2026-04-25T13:06:35.572+0000] {dagbag.py:588} INFO - Filling up the DagBag from /home/airflow/.local/lib/python3.12/site-packages/airflow/example_dags/example_latest_only_with_trigger.py
[2026-04-25T13:06:35.576+0000] {processor.py:925} INFO - DAG(s) 'latest_only_with_trigger' retrieved from /home/airflow/.local/lib/python3.12/site-packages/airflow/example_dags/example_latest_only_with_trigger.py
[2026-04-25T13:06:35.588+0000] {logging_mixin.py:190} INFO - [2026-04-25T13:06:35.588+0000] {dag.py:3239} INFO - Sync 1 DAGs
[2026-04-25T13:06:35.598+0000] {logging_mixin.py:190} INFO - [2026-04-25T13:06:35.598+0000] {dag.py:4180} INFO - Setting next_dagrun for latest_only_with_trigger to 2026-04-25 08:00:00+00:00, run_after=2026-04-25 12:00:00+00:00
[2026-04-25T13:06:35.607+0000] {processor.py:208} INFO - Processing /home/airflow/.local/lib/python3.12/site-packages/airflow/example_dags/example_latest_only_with_trigger.py took 0.040 seconds
[2026-04-25T13:24:07.987+0000] {processor.py:186} INFO - Started process (PID=95242) to work on /home/airflow/.local/lib/python3.12/site-packages/airflow/example_dags/example_latest_only_with_trigger.py
[2026-04-25T13:24:07.988+0000] {processor.py:914} INFO - Processing file /home/airflow/.local/lib/python3.12/site-packages/airflow/example_dags/example_latest_only_with_trigger.py for tasks to queue
[2026-04-25T13:24:07.989+0000] {logging_mixin.py:190} INFO - [2026-04-25T13:24:07.988+0000] {dagbag.py:588} INFO - Filling up the DagBag from /home/airflow/.local/lib/python3.12/site-packages/airflow/example_dags/example_latest_only_with_trigger.py
[2026-04-25T13:24:07.991+0000] {processor.py:925} INFO - DAG(s) 'latest_only_with_trigger' retrieved from /home/airflow/.local/lib/python3.12/site-packages/airflow/example_dags/example_latest_only_with_trigger.py
[2026-04-25T13:24:08.001+0000] {logging_mixin.py:190} INFO - [2026-04-25T13:24:08.001+0000] {dag.py:3239} INFO - Sync 1 DAGs
[2026-04-25T13:24:08.013+0000] {logging_mixin.py:190} INFO - [2026-04-25T13:24:08.013+0000] {dag.py:4180} INFO - Setting next_dagrun for latest_only_with_trigger to 2026-04-25 08:00:00+00:00, run_after=2026-04-25 12:00:00+00:00
[2026-04-25T13:24:08.023+0000] {processor.py:208} INFO - Processing /home/airflow/.local/lib/python3.12/site-packages/airflow/example_dags/example_latest_only_with_trigger.py took 0.038 seconds
[2026-04-25T13:25:26.168+0000] {processor.py:186} INFO - Started process (PID=95307) to work on /home/airflow/.local/lib/python3.12/site-packages/airflow/example_dags/example_latest_only_with_trigger.py
[2026-04-25T13:25:26.168+0000] {processor.py:914} INFO - Processing file /home/airflow/.local/lib/python3.12/site-packages/airflow/example_dags/example_latest_only_with_trigger.py for tasks to queue
[2026-04-25T13:25:26.169+0000] {logging_mixin.py:190} INFO - [2026-04-25T13:25:26.169+0000] {dagbag.py:588} INFO - Filling up the DagBag from /home/airflow/.local/lib/python3.12/site-packages/airflow/example_dags/example_latest_only_with_trigger.py
[2026-04-25T13:25:26.171+0000] {processor.py:925} INFO - DAG(s) 'latest_only_with_trigger' retrieved from /home/airflow/.local/lib/python3.12/site-packages/airflow/example_dags/example_latest_only_with_trigger.py
[2026-04-25T13:25:26.182+0000] {logging_mixin.py:190} INFO - [2026-04-25T13:25:26.182+0000] {dag.py:3239} INFO - Sync 1 DAGs
[2026-04-25T13:25:26.195+0000] {logging_mixin.py:190} INFO - [2026-04-25T13:25:26.195+0000] {dag.py:4180} INFO - Setting next_dagrun for latest_only_with_trigger to 2026-04-25 08:00:00+00:00, run_after=2026-04-25 12:00:00+00:00
[2026-04-25T13:25:26.206+0000] {processor.py:208} INFO - Processing /home/airflow/.local/lib/python3.12/site-packages/airflow/example_dags/example_latest_only_with_trigger.py took 0.040 seconds
[2026-04-25T13:43:02.392+0000] {processor.py:186} INFO - Started process (PID=95371) to work on /home/airflow/.local/lib/python3.12/site-packages/airflow/example_dags/example_latest_only_with_trigger.py
[2026-04-25T13:43:02.393+0000] {processor.py:914} INFO - Processing file /home/airflow/.local/lib/python3.12/site-packages/airflow/example_dags/example_latest_only_with_trigger.py for tasks to queue
[2026-04-25T13:43:02.394+0000] {logging_mixin.py:190} INFO - [2026-04-25T13:43:02.394+0000] {dagbag.py:588} INFO - Filling up the DagBag from /home/airflow/.local/lib/python3.12/site-packages/airflow/example_dags/example_latest_only_with_trigger.py
[2026-04-25T13:43:02.397+0000] {processor.py:925} INFO - DAG(s) 'latest_only_with_trigger' retrieved from /home/airflow/.local/lib/python3.12/site-packages/airflow/example_dags/example_latest_only_with_trigger.py
[2026-04-25T13:43:02.405+0000] {logging_mixin.py:190} INFO - [2026-04-25T13:43:02.405+0000] {dag.py:3239} INFO - Sync 1 DAGs
[2026-04-25T13:43:02.416+0000] {logging_mixin.py:190} INFO - [2026-04-25T13:43:02.415+0000] {dag.py:4180} INFO - Setting next_dagrun for latest_only_with_trigger to 2026-04-25 08:00:00+00:00, run_after=2026-04-25 12:00:00+00:00
[2026-04-25T13:43:02.424+0000] {processor.py:208} INFO - Processing /home/airflow/.local/lib/python3.12/site-packages/airflow/example_dags/example_latest_only_with_trigger.py took 0.034 seconds
[2026-04-25T13:59:44.831+0000] {processor.py:186} INFO - Started process (PID=95435) to work on /home/airflow/.local/lib/python3.12/site-packages/airflow/example_dags/example_latest_only_with_trigger.py
[2026-04-25T13:59:44.833+0000] {processor.py:914} INFO - Processing file /home/airflow/.local/lib/python3.12/site-packages/airflow/example_dags/example_latest_only_with_trigger.py for tasks to queue
[2026-04-25T13:59:44.834+0000] {logging_mixin.py:190} INFO - [2026-04-25T13:59:44.834+0000] {dagbag.py:588} INFO - Filling up the DagBag from /home/airflow/.local/lib/python3.12/site-packages/airflow/example_dags/example_latest_only_with_trigger.py
[2026-04-25T13:59:44.837+0000] {processor.py:925} INFO - DAG(s) 'latest_only_with_trigger' retrieved from /home/airflow/.local/lib/python3.12/site-packages/airflow/example_dags/example_latest_only_with_trigger.py
[2026-04-25T13:59:44.849+0000] {logging_mixin.py:190} INFO - [2026-04-25T13:59:44.849+0000] {dag.py:3239} INFO - Sync 1 DAGs
[2026-04-25T13:59:44.857+0000] {logging_mixin.py:190} INFO - [2026-04-25T13:59:44.857+0000] {dag.py:4180} INFO - Setting next_dagrun for latest_only_with_trigger to 2026-04-25 08:00:00+00:00, run_after=2026-04-25 12:00:00+00:00
[2026-04-25T13:59:44.866+0000] {processor.py:208} INFO - Processing /home/airflow/.local/lib/python3.12/site-packages/airflow/example_dags/example_latest_only_with_trigger.py took 0.037 seconds
[2026-04-25T14:00:16.019+0000] {processor.py:186} INFO - Started process (PID=95499) to work on /home/airflow/.local/lib/python3.12/site-packages/airflow/example_dags/example_latest_only_with_trigger.py
[2026-04-25T14:00:16.020+0000] {processor.py:914} INFO - Processing file /home/airflow/.local/lib/python3.12/site-packages/airflow/example_dags/example_latest_only_with_trigger.py for tasks to queue
[2026-04-25T14:00:16.021+0000] {logging_mixin.py:190} INFO - [2026-04-25T14:00:16.021+0000] {dagbag.py:588} INFO - Filling up the DagBag from /home/airflow/.local/lib/python3.12/site-packages/airflow/example_dags/example_latest_only_with_trigger.py
[2026-04-25T14:00:16.026+0000] {processor.py:925} INFO - DAG(s) 'latest_only_with_trigger' retrieved from /home/airflow/.local/lib/python3.12/site-packages/airflow/example_dags/example_latest_only_with_trigger.py
[2026-04-25T14:00:16.038+0000] {logging_mixin.py:190} INFO - [2026-04-25T14:00:16.038+0000] {dag.py:3239} INFO - Sync 1 DAGs
[2026-04-25T14:00:16.049+0000] {logging_mixin.py:190} INFO - [2026-04-25T14:00:16.049+0000] {dag.py:4180} INFO - Setting next_dagrun for latest_only_with_trigger to 2026-04-25 08:00:00+00:00, run_after=2026-04-25 12:00:00+00:00
[2026-04-25T14:00:16.061+0000] {processor.py:208} INFO - Processing /home/airflow/.local/lib/python3.12/site-packages/airflow/example_dags/example_latest_only_with_trigger.py took 0.045 seconds
[2026-04-25T14:07:27.787+0000] {processor.py:186} INFO - Started process (PID=95563) to work on /home/airflow/.local/lib/python3.12/site-packages/airflow/example_dags/example_latest_only_with_trigger.py
[2026-04-25T14:07:27.787+0000] {processor.py:914} INFO - Processing file /home/airflow/.local/lib/python3.12/site-packages/airflow/example_dags/example_latest_only_with_trigger.py for tasks to queue
[2026-04-25T14:07:27.788+0000] {logging_mixin.py:190} INFO - [2026-04-25T14:07:27.788+0000] {dagbag.py:588} INFO - Filling up the DagBag from /home/airflow/.local/lib/python3.12/site-packages/airflow/example_dags/example_latest_only_with_trigger.py
[2026-04-25T14:07:27.791+0000] {processor.py:925} INFO - DAG(s) 'latest_only_with_trigger' retrieved from /home/airflow/.local/lib/python3.12/site-packages/airflow/example_dags/example_latest_only_with_trigger.py
[2026-04-25T14:07:27.801+0000] {logging_mixin.py:190} INFO - [2026-04-25T14:07:27.801+0000] {dag.py:3239} INFO - Sync 1 DAGs
[2026-04-25T14:07:27.810+0000] {logging_mixin.py:190} INFO - [2026-04-25T14:07:27.810+0000] {dag.py:4180} INFO - Setting next_dagrun for latest_only_with_trigger to 2026-04-25 08:00:00+00:00, run_after=2026-04-25 12:00:00+00:00
[2026-04-25T14:07:27.818+0000] {processor.py:208} INFO - Processing /home/airflow/.local/lib/python3.12/site-packages/airflow/example_dags/example_latest_only_with_trigger.py took 0.033 seconds
[2026-04-25T14:07:58.772+0000] {processor.py:186} INFO - Started process (PID=95627) to work on /home/airflow/.local/lib/python3.12/site-packages/airflow/example_dags/example_latest_only_with_trigger.py
[2026-04-25T14:07:58.772+0000] {processor.py:914} INFO - Processing file /home/airflow/.local/lib/python3.12/site-packages/airflow/example_dags/example_latest_only_with_trigger.py for tasks to queue
[2026-04-25T14:07:58.775+0000] {logging_mixin.py:190} INFO - [2026-04-25T14:07:58.775+0000] {dagbag.py:588} INFO - Filling up the DagBag from /home/airflow/.local/lib/python3.12/site-packages/airflow/example_dags/example_latest_only_with_trigger.py
[2026-04-25T14:07:58.778+0000] {processor.py:925} INFO - DAG(s) 'latest_only_with_trigger' retrieved from /home/airflow/.local/lib/python3.12/site-packages/airflow/example_dags/example_latest_only_with_trigger.py
[2026-04-25T14:07:58.788+0000] {logging_mixin.py:190} INFO - [2026-04-25T14:07:58.788+0000] {dag.py:3239} INFO - Sync 1 DAGs
[2026-04-25T14:07:58.796+0000] {logging_mixin.py:190} INFO - [2026-04-25T14:07:58.796+0000] {dag.py:4180} INFO - Setting next_dagrun for latest_only_with_trigger to 2026-04-25 08:00:00+00:00, run_after=2026-04-25 12:00:00+00:00
[2026-04-25T14:07:58.801+0000] {processor.py:208} INFO - Processing /home/airflow/.local/lib/python3.12/site-packages/airflow/example_dags/example_latest_only_with_trigger.py took 0.032 seconds
[2026-04-25T14:25:33.662+0000] {processor.py:186} INFO - Started process (PID=95691) to work on /home/airflow/.local/lib/python3.12/site-packages/airflow/example_dags/example_latest_only_with_trigger.py
[2026-04-25T14:25:33.662+0000] {processor.py:914} INFO - Processing file /home/airflow/.local/lib/python3.12/site-packages/airflow/example_dags/example_latest_only_with_trigger.py for tasks to queue
[2026-04-25T14:25:33.663+0000] {logging_mixin.py:190} INFO - [2026-04-25T14:25:33.663+0000] {dagbag.py:588} INFO - Filling up the DagBag from /home/airflow/.local/lib/python3.12/site-packages/airflow/example_dags/example_latest_only_with_trigger.py
[2026-04-25T14:25:33.666+0000] {processor.py:925} INFO - DAG(s) 'latest_only_with_trigger' retrieved from /home/airflow/.local/lib/python3.12/site-packages/airflow/example_dags/example_latest_only_with_trigger.py
[2026-04-25T14:25:33.674+0000] {logging_mixin.py:190} INFO - [2026-04-25T14:25:33.674+0000] {dag.py:3239} INFO - Sync 1 DAGs
[2026-04-25T14:25:33.683+0000] {logging_mixin.py:190} INFO - [2026-04-25T14:25:33.683+0000] {dag.py:4180} INFO - Setting next_dagrun for latest_only_with_trigger to 2026-04-25 08:00:00+00:00, run_after=2026-04-25 12:00:00+00:00
[2026-04-25T14:25:33.695+0000] {processor.py:208} INFO - Processing /home/airflow/.local/lib/python3.12/site-packages/airflow/example_dags/example_latest_only_with_trigger.py took 0.035 seconds
[2026-04-25T14:43:03.774+0000] {processor.py:186} INFO - Started process (PID=95755) to work on /home/airflow/.local/lib/python3.12/site-packages/airflow/example_dags/example_latest_only_with_trigger.py
[2026-04-25T14:43:03.775+0000] {processor.py:914} INFO - Processing file /home/airflow/.local/lib/python3.12/site-packages/airflow/example_dags/example_latest_only_with_trigger.py for tasks to queue
[2026-04-25T14:43:03.775+0000] {logging_mixin.py:190} INFO - [2026-04-25T14:43:03.775+0000] {dagbag.py:588} INFO - Filling up the DagBag from /home/airflow/.local/lib/python3.12/site-packages/airflow/example_dags/example_latest_only_with_trigger.py
[2026-04-25T14:43:03.778+0000] {processor.py:925} INFO - DAG(s) 'latest_only_with_trigger' retrieved from /home/airflow/.local/lib/python3.12/site-packages/airflow/example_dags/example_latest_only_with_trigger.py
[2026-04-25T14:43:03.789+0000] {logging_mixin.py:190} INFO - [2026-04-25T14:43:03.789+0000] {dag.py:3239} INFO - Sync 1 DAGs
[2026-04-25T14:43:03.797+0000] {logging_mixin.py:190} INFO - [2026-04-25T14:43:03.797+0000] {dag.py:4180} INFO - Setting next_dagrun for latest_only_with_trigger to 2026-04-25 08:00:00+00:00, run_after=2026-04-25 12:00:00+00:00
[2026-04-25T14:43:03.804+0000] {processor.py:208} INFO - Processing /home/airflow/.local/lib/python3.12/site-packages/airflow/example_dags/example_latest_only_with_trigger.py took 0.032 seconds
[2026-04-25T14:44:23.498+0000] {processor.py:186} INFO - Started process (PID=95819) to work on /home/airflow/.local/lib/python3.12/site-packages/airflow/example_dags/example_latest_only_with_trigger.py
[2026-04-25T14:44:23.500+0000] {processor.py:914} INFO - Processing file /home/airflow/.local/lib/python3.12/site-packages/airflow/example_dags/example_latest_only_with_trigger.py for tasks to queue
[2026-04-25T14:44:23.501+0000] {logging_mixin.py:190} INFO - [2026-04-25T14:44:23.500+0000] {dagbag.py:588} INFO - Filling up the DagBag from /home/airflow/.local/lib/python3.12/site-packages/airflow/example_dags/example_latest_only_with_trigger.py
[2026-04-25T14:44:23.504+0000] {processor.py:925} INFO - DAG(s) 'latest_only_with_trigger' retrieved from /home/airflow/.local/lib/python3.12/site-packages/airflow/example_dags/example_latest_only_with_trigger.py
[2026-04-25T14:44:23.513+0000] {logging_mixin.py:190} INFO - [2026-04-25T14:44:23.513+0000] {dag.py:3239} INFO - Sync 1 DAGs
[2026-04-25T14:44:23.523+0000] {logging_mixin.py:190} INFO - [2026-04-25T14:44:23.523+0000] {dag.py:4180} INFO - Setting next_dagrun for latest_only_with_trigger to 2026-04-25 08:00:00+00:00, run_after=2026-04-25 12:00:00+00:00
[2026-04-25T14:44:23.531+0000] {processor.py:208} INFO - Processing /home/airflow/.local/lib/python3.12/site-packages/airflow/example_dags/example_latest_only_with_trigger.py took 0.035 seconds
[2026-04-25T15:01:55.459+0000] {processor.py:186} INFO - Started process (PID=95883) to work on /home/airflow/.local/lib/python3.12/site-packages/airflow/example_dags/example_latest_only_with_trigger.py
[2026-04-25T15:01:55.460+0000] {processor.py:914} INFO - Processing file /home/airflow/.local/lib/python3.12/site-packages/airflow/example_dags/example_latest_only_with_trigger.py for tasks to queue
[2026-04-25T15:01:55.461+0000] {logging_mixin.py:190} INFO - [2026-04-25T15:01:55.460+0000] {dagbag.py:588} INFO - Filling up the DagBag from /home/airflow/.local/lib/python3.12/site-packages/airflow/example_dags/example_latest_only_with_trigger.py
[2026-04-25T15:01:55.464+0000] {processor.py:925} INFO - DAG(s) 'latest_only_with_trigger' retrieved from /home/airflow/.local/lib/python3.12/site-packages/airflow/example_dags/example_latest_only_with_trigger.py
[2026-04-25T15:01:55.474+0000] {logging_mixin.py:190} INFO - [2026-04-25T15:01:55.474+0000] {dag.py:3239} INFO - Sync 1 DAGs
[2026-04-25T15:01:55.484+0000] {logging_mixin.py:190} INFO - [2026-04-25T15:01:55.484+0000] {dag.py:4180} INFO - Setting next_dagrun for latest_only_with_trigger to 2026-04-25 08:00:00+00:00, run_after=2026-04-25 12:00:00+00:00
[2026-04-25T15:01:55.492+0000] {processor.py:208} INFO - Processing /home/airflow/.local/lib/python3.12/site-packages/airflow/example_dags/example_latest_only_with_trigger.py took 0.036 seconds
[2026-04-25T15:02:26.546+0000] {processor.py:186} INFO - Started process (PID=95947) to work on /home/airflow/.local/lib/python3.12/site-packages/airflow/example_dags/example_latest_only_with_trigger.py
[2026-04-25T15:02:26.549+0000] {processor.py:914} INFO - Processing file /home/airflow/.local/lib/python3.12/site-packages/airflow/example_dags/example_latest_only_with_trigger.py for tasks to queue
[2026-04-25T15:02:26.551+0000] {logging_mixin.py:190} INFO - [2026-04-25T15:02:26.551+0000] {dagbag.py:588} INFO - Filling up the DagBag from /home/airflow/.local/lib/python3.12/site-packages/airflow/example_dags/example_latest_only_with_trigger.py
[2026-04-25T15:02:26.554+0000] {processor.py:925} INFO - DAG(s) 'latest_only_with_trigger' retrieved from /home/airflow/.local/lib/python3.12/site-packages/airflow/example_dags/example_latest_only_with_trigger.py
[2026-04-25T15:02:26.565+0000] {logging_mixin.py:190} INFO - [2026-04-25T15:02:26.565+0000] {dag.py:3239} INFO - Sync 1 DAGs
[2026-04-25T15:02:26.572+0000] {logging_mixin.py:190} INFO - [2026-04-25T15:02:26.572+0000] {dag.py:4180} INFO - Setting next_dagrun for latest_only_with_trigger to 2026-04-25 08:00:00+00:00, run_after=2026-04-25 12:00:00+00:00
[2026-04-25T15:02:26.578+0000] {processor.py:208} INFO - Processing /home/airflow/.local/lib/python3.12/site-packages/airflow/example_dags/example_latest_only_with_trigger.py took 0.034 seconds
[2026-04-25T15:08:34.297+0000] {processor.py:186} INFO - Started process (PID=96011) to work on /home/airflow/.local/lib/python3.12/site-packages/airflow/example_dags/example_latest_only_with_trigger.py
[2026-04-25T15:08:34.298+0000] {processor.py:914} INFO - Processing file /home/airflow/.local/lib/python3.12/site-packages/airflow/example_dags/example_latest_only_with_trigger.py for tasks to queue
[2026-04-25T15:08:34.299+0000] {logging_mixin.py:190} INFO - [2026-04-25T15:08:34.299+0000] {dagbag.py:588} INFO - Filling up the DagBag from /home/airflow/.local/lib/python3.12/site-packages/airflow/example_dags/example_latest_only_with_trigger.py
[2026-04-25T15:08:34.302+0000] {processor.py:925} INFO - DAG(s) 'latest_only_with_trigger' retrieved from /home/airflow/.local/lib/python3.12/site-packages/airflow/example_dags/example_latest_only_with_trigger.py
[2026-04-25T15:08:34.310+0000] {logging_mixin.py:190} INFO - [2026-04-25T15:08:34.309+0000] {dag.py:3239} INFO - Sync 1 DAGs
[2026-04-25T15:08:34.317+0000] {logging_mixin.py:190} INFO - [2026-04-25T15:08:34.317+0000] {dag.py:4180} INFO - Setting next_dagrun for latest_only_with_trigger to 2026-04-25 08:00:00+00:00, run_after=2026-04-25 12:00:00+00:00
[2026-04-25T15:08:34.325+0000] {processor.py:208} INFO - Processing /home/airflow/.local/lib/python3.12/site-packages/airflow/example_dags/example_latest_only_with_trigger.py took 0.031 seconds
[2026-04-25T15:24:51.360+0000] {processor.py:186} INFO - Started process (PID=96075) to work on /home/airflow/.local/lib/python3.12/site-packages/airflow/example_dags/example_latest_only_with_trigger.py
[2026-04-25T15:24:51.361+0000] {processor.py:914} INFO - Processing file /home/airflow/.local/lib/python3.12/site-packages/airflow/example_dags/example_latest_only_with_trigger.py for tasks to queue
[2026-04-25T15:24:51.362+0000] {logging_mixin.py:190} INFO - [2026-04-25T15:24:51.361+0000] {dagbag.py:588} INFO - Filling up the DagBag from /home/airflow/.local/lib/python3.12/site-packages/airflow/example_dags/example_latest_only_with_trigger.py
[2026-04-25T15:24:51.367+0000] {processor.py:925} INFO - DAG(s) 'latest_only_with_trigger' retrieved from /home/airflow/.local/lib/python3.12/site-packages/airflow/example_dags/example_latest_only_with_trigger.py
[2026-04-25T15:24:51.380+0000] {logging_mixin.py:190} INFO - [2026-04-25T15:24:51.379+0000] {dag.py:3239} INFO - Sync 1 DAGs
[2026-04-25T15:24:51.388+0000] {logging_mixin.py:190} INFO - [2026-04-25T15:24:51.388+0000] {dag.py:4180} INFO - Setting next_dagrun for latest_only_with_trigger to 2026-04-25 08:00:00+00:00, run_after=2026-04-25 12:00:00+00:00
[2026-04-25T15:24:51.394+0000] {processor.py:208} INFO - Processing /home/airflow/.local/lib/python3.12/site-packages/airflow/example_dags/example_latest_only_with_trigger.py took 0.036 seconds
[2026-04-25T15:26:01.249+0000] {processor.py:186} INFO - Started process (PID=96139) to work on /home/airflow/.local/lib/python3.12/site-packages/airflow/example_dags/example_latest_only_with_trigger.py
[2026-04-25T15:26:01.252+0000] {processor.py:914} INFO - Processing file /home/airflow/.local/lib/python3.12/site-packages/airflow/example_dags/example_latest_only_with_trigger.py for tasks to queue
[2026-04-25T15:26:01.252+0000] {logging_mixin.py:190} INFO - [2026-04-25T15:26:01.252+0000] {dagbag.py:588} INFO - Filling up the DagBag from /home/airflow/.local/lib/python3.12/site-packages/airflow/example_dags/example_latest_only_with_trigger.py
[2026-04-25T15:26:01.256+0000] {processor.py:925} INFO - DAG(s) 'latest_only_with_trigger' retrieved from /home/airflow/.local/lib/python3.12/site-packages/airflow/example_dags/example_latest_only_with_trigger.py
[2026-04-25T15:26:01.264+0000] {logging_mixin.py:190} INFO - [2026-04-25T15:26:01.264+0000] {dag.py:3239} INFO - Sync 1 DAGs
[2026-04-25T15:26:01.272+0000] {logging_mixin.py:190} INFO - [2026-04-25T15:26:01.272+0000] {dag.py:4180} INFO - Setting next_dagrun for latest_only_with_trigger to 2026-04-25 08:00:00+00:00, run_after=2026-04-25 12:00:00+00:00
[2026-04-25T15:26:01.279+0000] {processor.py:208} INFO - Processing /home/airflow/.local/lib/python3.12/site-packages/airflow/example_dags/example_latest_only_with_trigger.py took 0.033 seconds
[2026-04-25T15:45:16.517+0000] {processor.py:186} INFO - Started process (PID=96204) to work on /home/airflow/.local/lib/python3.12/site-packages/airflow/example_dags/example_latest_only_with_trigger.py
[2026-04-25T15:45:16.518+0000] {processor.py:914} INFO - Processing file /home/airflow/.local/lib/python3.12/site-packages/airflow/example_dags/example_latest_only_with_trigger.py for tasks to queue
[2026-04-25T15:45:16.519+0000] {logging_mixin.py:190} INFO - [2026-04-25T15:45:16.519+0000] {dagbag.py:588} INFO - Filling up the DagBag from /home/airflow/.local/lib/python3.12/site-packages/airflow/example_dags/example_latest_only_with_trigger.py
[2026-04-25T15:45:16.522+0000] {processor.py:925} INFO - DAG(s) 'latest_only_with_trigger' retrieved from /home/airflow/.local/lib/python3.12/site-packages/airflow/example_dags/example_latest_only_with_trigger.py
[2026-04-25T15:45:16.533+0000] {logging_mixin.py:190} INFO - [2026-04-25T15:45:16.533+0000] {dag.py:3239} INFO - Sync 1 DAGs
[2026-04-25T15:45:16.542+0000] {logging_mixin.py:190} INFO - [2026-04-25T15:45:16.542+0000] {dag.py:4180} INFO - Setting next_dagrun for latest_only_with_trigger to 2026-04-25 08:00:00+00:00, run_after=2026-04-25 12:00:00+00:00
[2026-04-25T15:45:16.550+0000] {processor.py:208} INFO - Processing /home/airflow/.local/lib/python3.12/site-packages/airflow/example_dags/example_latest_only_with_trigger.py took 0.035 seconds
[2026-04-25T15:45:47.023+0000] {processor.py:186} INFO - Started process (PID=96268) to work on /home/airflow/.local/lib/python3.12/site-packages/airflow/example_dags/example_latest_only_with_trigger.py
[2026-04-25T15:45:47.024+0000] {processor.py:914} INFO - Processing file /home/airflow/.local/lib/python3.12/site-packages/airflow/example_dags/example_latest_only_with_trigger.py for tasks to queue
[2026-04-25T15:45:47.025+0000] {logging_mixin.py:190} INFO - [2026-04-25T15:45:47.025+0000] {dagbag.py:588} INFO - Filling up the DagBag from /home/airflow/.local/lib/python3.12/site-packages/airflow/example_dags/example_latest_only_with_trigger.py
[2026-04-25T15:45:47.028+0000] {processor.py:925} INFO - DAG(s) 'latest_only_with_trigger' retrieved from /home/airflow/.local/lib/python3.12/site-packages/airflow/example_dags/example_latest_only_with_trigger.py
[2026-04-25T15:45:47.036+0000] {logging_mixin.py:190} INFO - [2026-04-25T15:45:47.036+0000] {dag.py:3239} INFO - Sync 1 DAGs
[2026-04-25T15:45:47.047+0000] {logging_mixin.py:190} INFO - [2026-04-25T15:45:47.047+0000] {dag.py:4180} INFO - Setting next_dagrun for latest_only_with_trigger to 2026-04-25 08:00:00+00:00, run_after=2026-04-25 12:00:00+00:00
[2026-04-25T15:45:47.054+0000] {processor.py:208} INFO - Processing /home/airflow/.local/lib/python3.12/site-packages/airflow/example_dags/example_latest_only_with_trigger.py took 0.033 seconds
[2026-04-25T16:03:51.138+0000] {processor.py:186} INFO - Started process (PID=96332) to work on /home/airflow/.local/lib/python3.12/site-packages/airflow/example_dags/example_latest_only_with_trigger.py
[2026-04-25T16:03:51.138+0000] {processor.py:914} INFO - Processing file /home/airflow/.local/lib/python3.12/site-packages/airflow/example_dags/example_latest_only_with_trigger.py for tasks to queue
[2026-04-25T16:03:51.140+0000] {logging_mixin.py:190} INFO - [2026-04-25T16:03:51.139+0000] {dagbag.py:588} INFO - Filling up the DagBag from /home/airflow/.local/lib/python3.12/site-packages/airflow/example_dags/example_latest_only_with_trigger.py
[2026-04-25T16:03:51.142+0000] {processor.py:925} INFO - DAG(s) 'latest_only_with_trigger' retrieved from /home/airflow/.local/lib/python3.12/site-packages/airflow/example_dags/example_latest_only_with_trigger.py
[2026-04-25T16:03:51.152+0000] {logging_mixin.py:190} INFO - [2026-04-25T16:03:51.152+0000] {dag.py:3239} INFO - Sync 1 DAGs
[2026-04-25T16:03:51.159+0000] {logging_mixin.py:190} INFO - [2026-04-25T16:03:51.159+0000] {dag.py:4180} INFO - Setting next_dagrun for latest_only_with_trigger to 2026-04-25 12:00:00+00:00, run_after=2026-04-25 16:00:00+00:00
[2026-04-25T16:03:51.167+0000] {processor.py:208} INFO - Processing /home/airflow/.local/lib/python3.12/site-packages/airflow/example_dags/example_latest_only_with_trigger.py took 0.031 seconds
[2026-04-25T16:04:21.414+0000] {processor.py:186} INFO - Started process (PID=96396) to work on /home/airflow/.local/lib/python3.12/site-packages/airflow/example_dags/example_latest_only_with_trigger.py
[2026-04-25T16:04:21.415+0000] {processor.py:914} INFO - Processing file /home/airflow/.local/lib/python3.12/site-packages/airflow/example_dags/example_latest_only_with_trigger.py for tasks to queue
[2026-04-25T16:04:21.417+0000] {logging_mixin.py:190} INFO - [2026-04-25T16:04:21.416+0000] {dagbag.py:588} INFO - Filling up the DagBag from /home/airflow/.local/lib/python3.12/site-packages/airflow/example_dags/example_latest_only_with_trigger.py
[2026-04-25T16:04:21.421+0000] {processor.py:925} INFO - DAG(s) 'latest_only_with_trigger' retrieved from /home/airflow/.local/lib/python3.12/site-packages/airflow/example_dags/example_latest_only_with_trigger.py
[2026-04-25T16:04:21.429+0000] {logging_mixin.py:190} INFO - [2026-04-25T16:04:21.429+0000] {dag.py:3239} INFO - Sync 1 DAGs
[2026-04-25T16:04:21.439+0000] {logging_mixin.py:190} INFO - [2026-04-25T16:04:21.439+0000] {dag.py:4180} INFO - Setting next_dagrun for latest_only_with_trigger to 2026-04-25 12:00:00+00:00, run_after=2026-04-25 16:00:00+00:00
[2026-04-25T16:04:21.445+0000] {processor.py:208} INFO - Processing /home/airflow/.local/lib/python3.12/site-packages/airflow/example_dags/example_latest_only_with_trigger.py took 0.034 seconds
[2026-04-25T16:09:39.596+0000] {processor.py:186} INFO - Started process (PID=96460) to work on /home/airflow/.local/lib/python3.12/site-packages/airflow/example_dags/example_latest_only_with_trigger.py
[2026-04-25T16:09:39.597+0000] {processor.py:914} INFO - Processing file /home/airflow/.local/lib/python3.12/site-packages/airflow/example_dags/example_latest_only_with_trigger.py for tasks to queue
[2026-04-25T16:09:39.600+0000] {logging_mixin.py:190} INFO - [2026-04-25T16:09:39.600+0000] {dagbag.py:588} INFO - Filling up the DagBag from /home/airflow/.local/lib/python3.12/site-packages/airflow/example_dags/example_latest_only_with_trigger.py
[2026-04-25T16:09:39.604+0000] {processor.py:925} INFO - DAG(s) 'latest_only_with_trigger' retrieved from /home/airflow/.local/lib/python3.12/site-packages/airflow/example_dags/example_latest_only_with_trigger.py
[2026-04-25T16:09:39.616+0000] {logging_mixin.py:190} INFO - [2026-04-25T16:09:39.615+0000] {dag.py:3239} INFO - Sync 1 DAGs
[2026-04-25T16:09:39.624+0000] {logging_mixin.py:190} INFO - [2026-04-25T16:09:39.624+0000] {dag.py:4180} INFO - Setting next_dagrun for latest_only_with_trigger to 2026-04-25 12:00:00+00:00, run_after=2026-04-25 16:00:00+00:00
[2026-04-25T16:09:39.637+0000] {processor.py:208} INFO - Processing /home/airflow/.local/lib/python3.12/site-packages/airflow/example_dags/example_latest_only_with_trigger.py took 0.043 seconds
[2026-04-25T16:26:08.185+0000] {processor.py:186} INFO - Started process (PID=96524) to work on /home/airflow/.local/lib/python3.12/site-packages/airflow/example_dags/example_latest_only_with_trigger.py
[2026-04-25T16:26:08.186+0000] {processor.py:914} INFO - Processing file /home/airflow/.local/lib/python3.12/site-packages/airflow/example_dags/example_latest_only_with_trigger.py for tasks to queue
[2026-04-25T16:26:08.187+0000] {logging_mixin.py:190} INFO - [2026-04-25T16:26:08.187+0000] {dagbag.py:588} INFO - Filling up the DagBag from /home/airflow/.local/lib/python3.12/site-packages/airflow/example_dags/example_latest_only_with_trigger.py
[2026-04-25T16:26:08.191+0000] {processor.py:925} INFO - DAG(s) 'latest_only_with_trigger' retrieved from /home/airflow/.local/lib/python3.12/site-packages/airflow/example_dags/example_latest_only_with_trigger.py
[2026-04-25T16:26:08.201+0000] {logging_mixin.py:190} INFO - [2026-04-25T16:26:08.200+0000] {dag.py:3239} INFO - Sync 1 DAGs
[2026-04-25T16:26:08.214+0000] {logging_mixin.py:190} INFO - [2026-04-25T16:26:08.214+0000] {dag.py:4180} INFO - Setting next_dagrun for latest_only_with_trigger to 2026-04-25 12:00:00+00:00, run_after=2026-04-25 16:00:00+00:00
[2026-04-25T16:26:08.221+0000] {processor.py:208} INFO - Processing /home/airflow/.local/lib/python3.12/site-packages/airflow/example_dags/example_latest_only_with_trigger.py took 0.039 seconds
[2026-04-25T16:26:38.579+0000] {processor.py:186} INFO - Started process (PID=96588) to work on /home/airflow/.local/lib/python3.12/site-packages/airflow/example_dags/example_latest_only_with_trigger.py
[2026-04-25T16:26:38.580+0000] {processor.py:914} INFO - Processing file /home/airflow/.local/lib/python3.12/site-packages/airflow/example_dags/example_latest_only_with_trigger.py for tasks to queue
[2026-04-25T16:26:38.582+0000] {logging_mixin.py:190} INFO - [2026-04-25T16:26:38.582+0000] {dagbag.py:588} INFO - Filling up the DagBag from /home/airflow/.local/lib/python3.12/site-packages/airflow/example_dags/example_latest_only_with_trigger.py
[2026-04-25T16:26:38.584+0000] {processor.py:925} INFO - DAG(s) 'latest_only_with_trigger' retrieved from /home/airflow/.local/lib/python3.12/site-packages/airflow/example_dags/example_latest_only_with_trigger.py
[2026-04-25T16:26:38.596+0000] {logging_mixin.py:190} INFO - [2026-04-25T16:26:38.595+0000] {dag.py:3239} INFO - Sync 1 DAGs
[2026-04-25T16:26:38.605+0000] {logging_mixin.py:190} INFO - [2026-04-25T16:26:38.605+0000] {dag.py:4180} INFO - Setting next_dagrun for latest_only_with_trigger to 2026-04-25 12:00:00+00:00, run_after=2026-04-25 16:00:00+00:00
[2026-04-25T16:26:38.614+0000] {processor.py:208} INFO - Processing /home/airflow/.local/lib/python3.12/site-packages/airflow/example_dags/example_latest_only_with_trigger.py took 0.037 seconds
[2026-04-25T17:00:49.361+0000] {processor.py:186} INFO - Started process (PID=96652) to work on /home/airflow/.local/lib/python3.12/site-packages/airflow/example_dags/example_latest_only_with_trigger.py
[2026-04-25T17:00:49.362+0000] {processor.py:914} INFO - Processing file /home/airflow/.local/lib/python3.12/site-packages/airflow/example_dags/example_latest_only_with_trigger.py for tasks to queue
[2026-04-25T17:00:49.363+0000] {logging_mixin.py:190} INFO - [2026-04-25T17:00:49.363+0000] {dagbag.py:588} INFO - Filling up the DagBag from /home/airflow/.local/lib/python3.12/site-packages/airflow/example_dags/example_latest_only_with_trigger.py
[2026-04-25T17:00:49.366+0000] {processor.py:925} INFO - DAG(s) 'latest_only_with_trigger' retrieved from /home/airflow/.local/lib/python3.12/site-packages/airflow/example_dags/example_latest_only_with_trigger.py
[2026-04-25T17:00:49.376+0000] {logging_mixin.py:190} INFO - [2026-04-25T17:00:49.376+0000] {dag.py:3239} INFO - Sync 1 DAGs
[2026-04-25T17:00:49.384+0000] {logging_mixin.py:190} INFO - [2026-04-25T17:00:49.384+0000] {dag.py:4180} INFO - Setting next_dagrun for latest_only_with_trigger to 2026-04-25 12:00:00+00:00, run_after=2026-04-25 16:00:00+00:00
[2026-04-25T17:00:49.393+0000] {processor.py:208} INFO - Processing /home/airflow/.local/lib/python3.12/site-packages/airflow/example_dags/example_latest_only_with_trigger.py took 0.034 seconds
[2026-04-25T17:01:19.605+0000] {processor.py:186} INFO - Started process (PID=96716) to work on /home/airflow/.local/lib/python3.12/site-packages/airflow/example_dags/example_latest_only_with_trigger.py
[2026-04-25T17:01:19.606+0000] {processor.py:914} INFO - Processing file /home/airflow/.local/lib/python3.12/site-packages/airflow/example_dags/example_latest_only_with_trigger.py for tasks to queue
[2026-04-25T17:01:19.608+0000] {logging_mixin.py:190} INFO - [2026-04-25T17:01:19.608+0000] {dagbag.py:588} INFO - Filling up the DagBag from /home/airflow/.local/lib/python3.12/site-packages/airflow/example_dags/example_latest_only_with_trigger.py
[2026-04-25T17:01:19.610+0000] {processor.py:925} INFO - DAG(s) 'latest_only_with_trigger' retrieved from /home/airflow/.local/lib/python3.12/site-packages/airflow/example_dags/example_latest_only_with_trigger.py
[2026-04-25T17:01:19.622+0000] {logging_mixin.py:190} INFO - [2026-04-25T17:01:19.622+0000] {dag.py:3239} INFO - Sync 1 DAGs
[2026-04-25T17:01:19.632+0000] {logging_mixin.py:190} INFO - [2026-04-25T17:01:19.632+0000] {dag.py:4180} INFO - Setting next_dagrun for latest_only_with_trigger to 2026-04-25 12:00:00+00:00, run_after=2026-04-25 16:00:00+00:00
[2026-04-25T17:01:19.641+0000] {processor.py:208} INFO - Processing /home/airflow/.local/lib/python3.12/site-packages/airflow/example_dags/example_latest_only_with_trigger.py took 0.038 seconds
[2026-04-25T17:10:33.254+0000] {processor.py:186} INFO - Started process (PID=96780) to work on /home/airflow/.local/lib/python3.12/site-packages/airflow/example_dags/example_latest_only_with_trigger.py
[2026-04-25T17:10:33.254+0000] {processor.py:914} INFO - Processing file /home/airflow/.local/lib/python3.12/site-packages/airflow/example_dags/example_latest_only_with_trigger.py for tasks to queue
[2026-04-25T17:10:33.255+0000] {logging_mixin.py:190} INFO - [2026-04-25T17:10:33.255+0000] {dagbag.py:588} INFO - Filling up the DagBag from /home/airflow/.local/lib/python3.12/site-packages/airflow/example_dags/example_latest_only_with_trigger.py
[2026-04-25T17:10:33.260+0000] {processor.py:925} INFO - DAG(s) 'latest_only_with_trigger' retrieved from /home/airflow/.local/lib/python3.12/site-packages/airflow/example_dags/example_latest_only_with_trigger.py
[2026-04-25T17:10:33.268+0000] {logging_mixin.py:190} INFO - [2026-04-25T17:10:33.268+0000] {dag.py:3239} INFO - Sync 1 DAGs
[2026-04-25T17:10:33.277+0000] {logging_mixin.py:190} INFO - [2026-04-25T17:10:33.277+0000] {dag.py:4180} INFO - Setting next_dagrun for latest_only_with_trigger to 2026-04-25 12:00:00+00:00, run_after=2026-04-25 16:00:00+00:00
[2026-04-25T17:10:33.286+0000] {processor.py:208} INFO - Processing /home/airflow/.local/lib/python3.12/site-packages/airflow/example_dags/example_latest_only_with_trigger.py took 0.035 seconds
[2026-04-25T17:27:50.319+0000] {processor.py:186} INFO - Started process (PID=96844) to work on /home/airflow/.local/lib/python3.12/site-packages/airflow/example_dags/example_latest_only_with_trigger.py
[2026-04-25T17:27:50.319+0000] {processor.py:914} INFO - Processing file /home/airflow/.local/lib/python3.12/site-packages/airflow/example_dags/example_latest_only_with_trigger.py for tasks to queue
[2026-04-25T17:27:50.320+0000] {logging_mixin.py:190} INFO - [2026-04-25T17:27:50.320+0000] {dagbag.py:588} INFO - Filling up the DagBag from /home/airflow/.local/lib/python3.12/site-packages/airflow/example_dags/example_latest_only_with_trigger.py
[2026-04-25T17:27:50.323+0000] {processor.py:925} INFO - DAG(s) 'latest_only_with_trigger' retrieved from /home/airflow/.local/lib/python3.12/site-packages/airflow/example_dags/example_latest_only_with_trigger.py
[2026-04-25T17:27:50.332+0000] {logging_mixin.py:190} INFO - [2026-04-25T17:27:50.332+0000] {dag.py:3239} INFO - Sync 1 DAGs
[2026-04-25T17:27:50.341+0000] {logging_mixin.py:190} INFO - [2026-04-25T17:27:50.341+0000] {dag.py:4180} INFO - Setting next_dagrun for latest_only_with_trigger to 2026-04-25 12:00:00+00:00, run_after=2026-04-25 16:00:00+00:00
[2026-04-25T17:27:50.349+0000] {processor.py:208} INFO - Processing /home/airflow/.local/lib/python3.12/site-packages/airflow/example_dags/example_latest_only_with_trigger.py took 0.032 seconds
[2026-04-25T17:29:04.658+0000] {processor.py:186} INFO - Started process (PID=96908) to work on /home/airflow/.local/lib/python3.12/site-packages/airflow/example_dags/example_latest_only_with_trigger.py
[2026-04-25T17:29:04.660+0000] {processor.py:914} INFO - Processing file /home/airflow/.local/lib/python3.12/site-packages/airflow/example_dags/example_latest_only_with_trigger.py for tasks to queue
[2026-04-25T17:29:04.660+0000] {logging_mixin.py:190} INFO - [2026-04-25T17:29:04.660+0000] {dagbag.py:588} INFO - Filling up the DagBag from /home/airflow/.local/lib/python3.12/site-packages/airflow/example_dags/example_latest_only_with_trigger.py
[2026-04-25T17:29:04.663+0000] {processor.py:925} INFO - DAG(s) 'latest_only_with_trigger' retrieved from /home/airflow/.local/lib/python3.12/site-packages/airflow/example_dags/example_latest_only_with_trigger.py
[2026-04-25T17:29:04.675+0000] {logging_mixin.py:190} INFO - [2026-04-25T17:29:04.675+0000] {dag.py:3239} INFO - Sync 1 DAGs
[2026-04-25T17:29:04.686+0000] {logging_mixin.py:190} INFO - [2026-04-25T17:29:04.686+0000] {dag.py:4180} INFO - Setting next_dagrun for latest_only_with_trigger to 2026-04-25 12:00:00+00:00, run_after=2026-04-25 16:00:00+00:00
[2026-04-25T17:29:04.694+0000] {processor.py:208} INFO - Processing /home/airflow/.local/lib/python3.12/site-packages/airflow/example_dags/example_latest_only_with_trigger.py took 0.039 seconds
[2026-04-25T17:47:38.279+0000] {processor.py:186} INFO - Started process (PID=96972) to work on /home/airflow/.local/lib/python3.12/site-packages/airflow/example_dags/example_latest_only_with_trigger.py
[2026-04-25T17:47:38.280+0000] {processor.py:914} INFO - Processing file /home/airflow/.local/lib/python3.12/site-packages/airflow/example_dags/example_latest_only_with_trigger.py for tasks to queue
[2026-04-25T17:47:38.281+0000] {logging_mixin.py:190} INFO - [2026-04-25T17:47:38.281+0000] {dagbag.py:588} INFO - Filling up the DagBag from /home/airflow/.local/lib/python3.12/site-packages/airflow/example_dags/example_latest_only_with_trigger.py
[2026-04-25T17:47:38.286+0000] {processor.py:925} INFO - DAG(s) 'latest_only_with_trigger' retrieved from /home/airflow/.local/lib/python3.12/site-packages/airflow/example_dags/example_latest_only_with_trigger.py
[2026-04-25T17:47:38.299+0000] {logging_mixin.py:190} INFO - [2026-04-25T17:47:38.299+0000] {dag.py:3239} INFO - Sync 1 DAGs
[2026-04-25T17:47:38.311+0000] {logging_mixin.py:190} INFO - [2026-04-25T17:47:38.311+0000] {dag.py:4180} INFO - Setting next_dagrun for latest_only_with_trigger to 2026-04-25 12:00:00+00:00, run_after=2026-04-25 16:00:00+00:00
[2026-04-25T17:47:38.322+0000] {processor.py:208} INFO - Processing /home/airflow/.local/lib/python3.12/site-packages/airflow/example_dags/example_latest_only_with_trigger.py took 0.046 seconds
[2026-04-25T17:48:08.930+0000] {processor.py:186} INFO - Started process (PID=97036) to work on /home/airflow/.local/lib/python3.12/site-packages/airflow/example_dags/example_latest_only_with_trigger.py
[2026-04-25T17:48:08.931+0000] {processor.py:914} INFO - Processing file /home/airflow/.local/lib/python3.12/site-packages/airflow/example_dags/example_latest_only_with_trigger.py for tasks to queue
[2026-04-25T17:48:08.933+0000] {logging_mixin.py:190} INFO - [2026-04-25T17:48:08.933+0000] {dagbag.py:588} INFO - Filling up the DagBag from /home/airflow/.local/lib/python3.12/site-packages/airflow/example_dags/example_latest_only_with_trigger.py
[2026-04-25T17:48:08.936+0000] {processor.py:925} INFO - DAG(s) 'latest_only_with_trigger' retrieved from /home/airflow/.local/lib/python3.12/site-packages/airflow/example_dags/example_latest_only_with_trigger.py
[2026-04-25T17:48:08.947+0000] {logging_mixin.py:190} INFO - [2026-04-25T17:48:08.946+0000] {dag.py:3239} INFO - Sync 1 DAGs
[2026-04-25T17:48:08.956+0000] {logging_mixin.py:190} INFO - [2026-04-25T17:48:08.956+0000] {dag.py:4180} INFO - Setting next_dagrun for latest_only_with_trigger to 2026-04-25 12:00:00+00:00, run_after=2026-04-25 16:00:00+00:00
[2026-04-25T17:48:08.964+0000] {processor.py:208} INFO - Processing /home/airflow/.local/lib/python3.12/site-packages/airflow/example_dags/example_latest_only_with_trigger.py took 0.036 seconds
[2026-04-25T18:04:47.708+0000] {processor.py:186} INFO - Started process (PID=97100) to work on /home/airflow/.local/lib/python3.12/site-packages/airflow/example_dags/example_latest_only_with_trigger.py
[2026-04-25T18:04:47.708+0000] {processor.py:914} INFO - Processing file /home/airflow/.local/lib/python3.12/site-packages/airflow/example_dags/example_latest_only_with_trigger.py for tasks to queue
[2026-04-25T18:04:47.709+0000] {logging_mixin.py:190} INFO - [2026-04-25T18:04:47.709+0000] {dagbag.py:588} INFO - Filling up the DagBag from /home/airflow/.local/lib/python3.12/site-packages/airflow/example_dags/example_latest_only_with_trigger.py
[2026-04-25T18:04:47.712+0000] {processor.py:925} INFO - DAG(s) 'latest_only_with_trigger' retrieved from /home/airflow/.local/lib/python3.12/site-packages/airflow/example_dags/example_latest_only_with_trigger.py
[2026-04-25T18:04:47.723+0000] {logging_mixin.py:190} INFO - [2026-04-25T18:04:47.723+0000] {dag.py:3239} INFO - Sync 1 DAGs
[2026-04-25T18:04:47.733+0000] {logging_mixin.py:190} INFO - [2026-04-25T18:04:47.733+0000] {dag.py:4180} INFO - Setting next_dagrun for latest_only_with_trigger to 2026-04-25 12:00:00+00:00, run_after=2026-04-25 16:00:00+00:00
[2026-04-25T18:04:47.741+0000] {processor.py:208} INFO - Processing /home/airflow/.local/lib/python3.12/site-packages/airflow/example_dags/example_latest_only_with_trigger.py took 0.035 seconds
[2026-04-25T18:05:18.835+0000] {processor.py:186} INFO - Started process (PID=97164) to work on /home/airflow/.local/lib/python3.12/site-packages/airflow/example_dags/example_latest_only_with_trigger.py
[2026-04-25T18:05:18.836+0000] {processor.py:914} INFO - Processing file /home/airflow/.local/lib/python3.12/site-packages/airflow/example_dags/example_latest_only_with_trigger.py for tasks to queue
[2026-04-25T18:05:18.836+0000] {logging_mixin.py:190} INFO - [2026-04-25T18:05:18.836+0000] {dagbag.py:588} INFO - Filling up the DagBag from /home/airflow/.local/lib/python3.12/site-packages/airflow/example_dags/example_latest_only_with_trigger.py
[2026-04-25T18:05:18.839+0000] {processor.py:925} INFO - DAG(s) 'latest_only_with_trigger' retrieved from /home/airflow/.local/lib/python3.12/site-packages/airflow/example_dags/example_latest_only_with_trigger.py
[2026-04-25T18:05:18.851+0000] {logging_mixin.py:190} INFO - [2026-04-25T18:05:18.850+0000] {dag.py:3239} INFO - Sync 1 DAGs
[2026-04-25T18:05:18.858+0000] {logging_mixin.py:190} INFO - [2026-04-25T18:05:18.858+0000] {dag.py:4180} INFO - Setting next_dagrun for latest_only_with_trigger to 2026-04-25 12:00:00+00:00, run_after=2026-04-25 16:00:00+00:00
[2026-04-25T18:05:18.865+0000] {processor.py:208} INFO - Processing /home/airflow/.local/lib/python3.12/site-packages/airflow/example_dags/example_latest_only_with_trigger.py took 0.033 seconds
[2026-04-25T18:11:38.248+0000] {processor.py:186} INFO - Started process (PID=97228) to work on /home/airflow/.local/lib/python3.12/site-packages/airflow/example_dags/example_latest_only_with_trigger.py
[2026-04-25T18:11:38.249+0000] {processor.py:914} INFO - Processing file /home/airflow/.local/lib/python3.12/site-packages/airflow/example_dags/example_latest_only_with_trigger.py for tasks to queue
[2026-04-25T18:11:38.250+0000] {logging_mixin.py:190} INFO - [2026-04-25T18:11:38.250+0000] {dagbag.py:588} INFO - Filling up the DagBag from /home/airflow/.local/lib/python3.12/site-packages/airflow/example_dags/example_latest_only_with_trigger.py
[2026-04-25T18:11:38.257+0000] {processor.py:925} INFO - DAG(s) 'latest_only_with_trigger' retrieved from /home/airflow/.local/lib/python3.12/site-packages/airflow/example_dags/example_latest_only_with_trigger.py
[2026-04-25T18:11:38.267+0000] {logging_mixin.py:190} INFO - [2026-04-25T18:11:38.266+0000] {dag.py:3239} INFO - Sync 1 DAGs
[2026-04-25T18:11:38.276+0000] {logging_mixin.py:190} INFO - [2026-04-25T18:11:38.275+0000] {dag.py:4180} INFO - Setting next_dagrun for latest_only_with_trigger to 2026-04-25 12:00:00+00:00, run_after=2026-04-25 16:00:00+00:00
[2026-04-25T18:11:38.281+0000] {processor.py:208} INFO - Processing /home/airflow/.local/lib/python3.12/site-packages/airflow/example_dags/example_latest_only_with_trigger.py took 0.036 seconds
[2026-04-25T18:28:23.361+0000] {processor.py:186} INFO - Started process (PID=97292) to work on /home/airflow/.local/lib/python3.12/site-packages/airflow/example_dags/example_latest_only_with_trigger.py
[2026-04-25T18:28:23.361+0000] {processor.py:914} INFO - Processing file /home/airflow/.local/lib/python3.12/site-packages/airflow/example_dags/example_latest_only_with_trigger.py for tasks to queue
[2026-04-25T18:28:23.362+0000] {logging_mixin.py:190} INFO - [2026-04-25T18:28:23.362+0000] {dagbag.py:588} INFO - Filling up the DagBag from /home/airflow/.local/lib/python3.12/site-packages/airflow/example_dags/example_latest_only_with_trigger.py
[2026-04-25T18:28:23.365+0000] {processor.py:925} INFO - DAG(s) 'latest_only_with_trigger' retrieved from /home/airflow/.local/lib/python3.12/site-packages/airflow/example_dags/example_latest_only_with_trigger.py
[2026-04-25T18:28:23.373+0000] {logging_mixin.py:190} INFO - [2026-04-25T18:28:23.372+0000] {dag.py:3239} INFO - Sync 1 DAGs
[2026-04-25T18:28:23.380+0000] {logging_mixin.py:190} INFO - [2026-04-25T18:28:23.380+0000] {dag.py:4180} INFO - Setting next_dagrun for latest_only_with_trigger to 2026-04-25 12:00:00+00:00, run_after=2026-04-25 16:00:00+00:00
[2026-04-25T18:28:23.390+0000] {processor.py:208} INFO - Processing /home/airflow/.local/lib/python3.12/site-packages/airflow/example_dags/example_latest_only_with_trigger.py took 0.032 seconds
[2026-04-25T18:28:53.695+0000] {processor.py:186} INFO - Started process (PID=97356) to work on /home/airflow/.local/lib/python3.12/site-packages/airflow/example_dags/example_latest_only_with_trigger.py
[2026-04-25T18:28:53.695+0000] {processor.py:914} INFO - Processing file /home/airflow/.local/lib/python3.12/site-packages/airflow/example_dags/example_latest_only_with_trigger.py for tasks to queue
[2026-04-25T18:28:53.697+0000] {logging_mixin.py:190} INFO - [2026-04-25T18:28:53.696+0000] {dagbag.py:588} INFO - Filling up the DagBag from /home/airflow/.local/lib/python3.12/site-packages/airflow/example_dags/example_latest_only_with_trigger.py
[2026-04-25T18:28:53.700+0000] {processor.py:925} INFO - DAG(s) 'latest_only_with_trigger' retrieved from /home/airflow/.local/lib/python3.12/site-packages/airflow/example_dags/example_latest_only_with_trigger.py
[2026-04-25T18:28:53.710+0000] {logging_mixin.py:190} INFO - [2026-04-25T18:28:53.710+0000] {dag.py:3239} INFO - Sync 1 DAGs
[2026-04-25T18:28:53.720+0000] {logging_mixin.py:190} INFO - [2026-04-25T18:28:53.720+0000] {dag.py:4180} INFO - Setting next_dagrun for latest_only_with_trigger to 2026-04-25 12:00:00+00:00, run_after=2026-04-25 16:00:00+00:00
[2026-04-25T18:28:53.728+0000] {processor.py:208} INFO - Processing /home/airflow/.local/lib/python3.12/site-packages/airflow/example_dags/example_latest_only_with_trigger.py took 0.036 seconds
[2026-04-25T18:43:42.528+0000] {processor.py:186} INFO - Started process (PID=97420) to work on /home/airflow/.local/lib/python3.12/site-packages/airflow/example_dags/example_latest_only_with_trigger.py
[2026-04-25T18:43:42.530+0000] {processor.py:914} INFO - Processing file /home/airflow/.local/lib/python3.12/site-packages/airflow/example_dags/example_latest_only_with_trigger.py for tasks to queue
[2026-04-25T18:43:42.531+0000] {logging_mixin.py:190} INFO - [2026-04-25T18:43:42.531+0000] {dagbag.py:588} INFO - Filling up the DagBag from /home/airflow/.local/lib/python3.12/site-packages/airflow/example_dags/example_latest_only_with_trigger.py
[2026-04-25T18:43:42.536+0000] {processor.py:925} INFO - DAG(s) 'latest_only_with_trigger' retrieved from /home/airflow/.local/lib/python3.12/site-packages/airflow/example_dags/example_latest_only_with_trigger.py
[2026-04-25T18:43:42.553+0000] {logging_mixin.py:190} INFO - [2026-04-25T18:43:42.553+0000] {dag.py:3239} INFO - Sync 1 DAGs
[2026-04-25T18:43:42.565+0000] {logging_mixin.py:190} INFO - [2026-04-25T18:43:42.565+0000] {dag.py:4180} INFO - Setting next_dagrun for latest_only_with_trigger to 2026-04-25 12:00:00+00:00, run_after=2026-04-25 16:00:00+00:00
[2026-04-25T18:43:42.575+0000] {processor.py:208} INFO - Processing /home/airflow/.local/lib/python3.12/site-packages/airflow/example_dags/example_latest_only_with_trigger.py took 0.050 seconds
[2026-04-25T18:44:13.764+0000] {processor.py:186} INFO - Started process (PID=97484) to work on /home/airflow/.local/lib/python3.12/site-packages/airflow/example_dags/example_latest_only_with_trigger.py
[2026-04-25T18:44:13.764+0000] {processor.py:914} INFO - Processing file /home/airflow/.local/lib/python3.12/site-packages/airflow/example_dags/example_latest_only_with_trigger.py for tasks to queue
[2026-04-25T18:44:13.765+0000] {logging_mixin.py:190} INFO - [2026-04-25T18:44:13.765+0000] {dagbag.py:588} INFO - Filling up the DagBag from /home/airflow/.local/lib/python3.12/site-packages/airflow/example_dags/example_latest_only_with_trigger.py
[2026-04-25T18:44:13.769+0000] {processor.py:925} INFO - DAG(s) 'latest_only_with_trigger' retrieved from /home/airflow/.local/lib/python3.12/site-packages/airflow/example_dags/example_latest_only_with_trigger.py
[2026-04-25T18:44:13.778+0000] {logging_mixin.py:190} INFO - [2026-04-25T18:44:13.778+0000] {dag.py:3239} INFO - Sync 1 DAGs
[2026-04-25T18:44:13.793+0000] {logging_mixin.py:190} INFO - [2026-04-25T18:44:13.793+0000] {dag.py:4180} INFO - Setting next_dagrun for latest_only_with_trigger to 2026-04-25 12:00:00+00:00, run_after=2026-04-25 16:00:00+00:00
[2026-04-25T18:44:13.811+0000] {processor.py:208} INFO - Processing /home/airflow/.local/lib/python3.12/site-packages/airflow/example_dags/example_latest_only_with_trigger.py took 0.050 seconds
[2026-04-25T19:02:08.280+0000] {processor.py:186} INFO - Started process (PID=97548) to work on /home/airflow/.local/lib/python3.12/site-packages/airflow/example_dags/example_latest_only_with_trigger.py
[2026-04-25T19:02:08.280+0000] {processor.py:914} INFO - Processing file /home/airflow/.local/lib/python3.12/site-packages/airflow/example_dags/example_latest_only_with_trigger.py for tasks to queue
[2026-04-25T19:02:08.281+0000] {logging_mixin.py:190} INFO - [2026-04-25T19:02:08.281+0000] {dagbag.py:588} INFO - Filling up the DagBag from /home/airflow/.local/lib/python3.12/site-packages/airflow/example_dags/example_latest_only_with_trigger.py
[2026-04-25T19:02:08.284+0000] {processor.py:925} INFO - DAG(s) 'latest_only_with_trigger' retrieved from /home/airflow/.local/lib/python3.12/site-packages/airflow/example_dags/example_latest_only_with_trigger.py
[2026-04-25T19:02:08.291+0000] {logging_mixin.py:190} INFO - [2026-04-25T19:02:08.290+0000] {dag.py:3239} INFO - Sync 1 DAGs
[2026-04-25T19:02:08.298+0000] {logging_mixin.py:190} INFO - [2026-04-25T19:02:08.297+0000] {dag.py:4180} INFO - Setting next_dagrun for latest_only_with_trigger to 2026-04-25 12:00:00+00:00, run_after=2026-04-25 16:00:00+00:00
[2026-04-25T19:02:08.309+0000] {processor.py:208} INFO - Processing /home/airflow/.local/lib/python3.12/site-packages/airflow/example_dags/example_latest_only_with_trigger.py took 0.031 seconds
[2026-04-25T19:19:01.064+0000] {processor.py:186} INFO - Started process (PID=97612) to work on /home/airflow/.local/lib/python3.12/site-packages/airflow/example_dags/example_latest_only_with_trigger.py
[2026-04-25T19:19:01.064+0000] {processor.py:914} INFO - Processing file /home/airflow/.local/lib/python3.12/site-packages/airflow/example_dags/example_latest_only_with_trigger.py for tasks to queue
[2026-04-25T19:19:01.065+0000] {logging_mixin.py:190} INFO - [2026-04-25T19:19:01.065+0000] {dagbag.py:588} INFO - Filling up the DagBag from /home/airflow/.local/lib/python3.12/site-packages/airflow/example_dags/example_latest_only_with_trigger.py
[2026-04-25T19:19:01.069+0000] {processor.py:925} INFO - DAG(s) 'latest_only_with_trigger' retrieved from /home/airflow/.local/lib/python3.12/site-packages/airflow/example_dags/example_latest_only_with_trigger.py
[2026-04-25T19:19:01.079+0000] {logging_mixin.py:190} INFO - [2026-04-25T19:19:01.079+0000] {dag.py:3239} INFO - Sync 1 DAGs
[2026-04-25T19:19:01.087+0000] {logging_mixin.py:190} INFO - [2026-04-25T19:19:01.087+0000] {dag.py:4180} INFO - Setting next_dagrun for latest_only_with_trigger to 2026-04-25 12:00:00+00:00, run_after=2026-04-25 16:00:00+00:00
[2026-04-25T19:19:01.096+0000] {processor.py:208} INFO - Processing /home/airflow/.local/lib/python3.12/site-packages/airflow/example_dags/example_latest_only_with_trigger.py took 0.034 seconds
[2026-04-25T19:19:32.299+0000] {processor.py:186} INFO - Started process (PID=97676) to work on /home/airflow/.local/lib/python3.12/site-packages/airflow/example_dags/example_latest_only_with_trigger.py
[2026-04-25T19:19:32.300+0000] {processor.py:914} INFO - Processing file /home/airflow/.local/lib/python3.12/site-packages/airflow/example_dags/example_latest_only_with_trigger.py for tasks to queue
[2026-04-25T19:19:32.301+0000] {logging_mixin.py:190} INFO - [2026-04-25T19:19:32.301+0000] {dagbag.py:588} INFO - Filling up the DagBag from /home/airflow/.local/lib/python3.12/site-packages/airflow/example_dags/example_latest_only_with_trigger.py
[2026-04-25T19:19:32.303+0000] {processor.py:925} INFO - DAG(s) 'latest_only_with_trigger' retrieved from /home/airflow/.local/lib/python3.12/site-packages/airflow/example_dags/example_latest_only_with_trigger.py
[2026-04-25T19:19:32.316+0000] {logging_mixin.py:190} INFO - [2026-04-25T19:19:32.316+0000] {dag.py:3239} INFO - Sync 1 DAGs
[2026-04-25T19:19:32.326+0000] {logging_mixin.py:190} INFO - [2026-04-25T19:19:32.326+0000] {dag.py:4180} INFO - Setting next_dagrun for latest_only_with_trigger to 2026-04-25 12:00:00+00:00, run_after=2026-04-25 16:00:00+00:00
[2026-04-25T19:19:32.334+0000] {processor.py:208} INFO - Processing /home/airflow/.local/lib/python3.12/site-packages/airflow/example_dags/example_latest_only_with_trigger.py took 0.037 seconds
[2026-04-25T19:37:40.834+0000] {processor.py:186} INFO - Started process (PID=97740) to work on /home/airflow/.local/lib/python3.12/site-packages/airflow/example_dags/example_latest_only_with_trigger.py
[2026-04-25T19:37:40.834+0000] {processor.py:914} INFO - Processing file /home/airflow/.local/lib/python3.12/site-packages/airflow/example_dags/example_latest_only_with_trigger.py for tasks to queue
[2026-04-25T19:37:40.835+0000] {logging_mixin.py:190} INFO - [2026-04-25T19:37:40.835+0000] {dagbag.py:588} INFO - Filling up the DagBag from /home/airflow/.local/lib/python3.12/site-packages/airflow/example_dags/example_latest_only_with_trigger.py
[2026-04-25T19:37:40.840+0000] {processor.py:925} INFO - DAG(s) 'latest_only_with_trigger' retrieved from /home/airflow/.local/lib/python3.12/site-packages/airflow/example_dags/example_latest_only_with_trigger.py
[2026-04-25T19:37:40.851+0000] {logging_mixin.py:190} INFO - [2026-04-25T19:37:40.851+0000] {dag.py:3239} INFO - Sync 1 DAGs
[2026-04-25T19:37:40.860+0000] {logging_mixin.py:190} INFO - [2026-04-25T19:37:40.860+0000] {dag.py:4180} INFO - Setting next_dagrun for latest_only_with_trigger to 2026-04-25 12:00:00+00:00, run_after=2026-04-25 16:00:00+00:00
[2026-04-25T19:37:40.869+0000] {processor.py:208} INFO - Processing /home/airflow/.local/lib/python3.12/site-packages/airflow/example_dags/example_latest_only_with_trigger.py took 0.037 seconds
[2026-04-25T19:38:11.204+0000] {processor.py:186} INFO - Started process (PID=97804) to work on /home/airflow/.local/lib/python3.12/site-packages/airflow/example_dags/example_latest_only_with_trigger.py
[2026-04-25T19:38:11.205+0000] {processor.py:914} INFO - Processing file /home/airflow/.local/lib/python3.12/site-packages/airflow/example_dags/example_latest_only_with_trigger.py for tasks to queue
[2026-04-25T19:38:11.206+0000] {logging_mixin.py:190} INFO - [2026-04-25T19:38:11.206+0000] {dagbag.py:588} INFO - Filling up the DagBag from /home/airflow/.local/lib/python3.12/site-packages/airflow/example_dags/example_latest_only_with_trigger.py
[2026-04-25T19:38:11.209+0000] {processor.py:925} INFO - DAG(s) 'latest_only_with_trigger' retrieved from /home/airflow/.local/lib/python3.12/site-packages/airflow/example_dags/example_latest_only_with_trigger.py
[2026-04-25T19:38:11.219+0000] {logging_mixin.py:190} INFO - [2026-04-25T19:38:11.219+0000] {dag.py:3239} INFO - Sync 1 DAGs
[2026-04-25T19:38:11.227+0000] {logging_mixin.py:190} INFO - [2026-04-25T19:38:11.227+0000] {dag.py:4180} INFO - Setting next_dagrun for latest_only_with_trigger to 2026-04-25 12:00:00+00:00, run_after=2026-04-25 16:00:00+00:00
[2026-04-25T19:38:11.236+0000] {processor.py:208} INFO - Processing /home/airflow/.local/lib/python3.12/site-packages/airflow/example_dags/example_latest_only_with_trigger.py took 0.034 seconds
[2026-04-25T19:55:25.699+0000] {processor.py:186} INFO - Started process (PID=97868) to work on /home/airflow/.local/lib/python3.12/site-packages/airflow/example_dags/example_latest_only_with_trigger.py
[2026-04-25T19:55:25.700+0000] {processor.py:914} INFO - Processing file /home/airflow/.local/lib/python3.12/site-packages/airflow/example_dags/example_latest_only_with_trigger.py for tasks to queue
[2026-04-25T19:55:25.700+0000] {logging_mixin.py:190} INFO - [2026-04-25T19:55:25.700+0000] {dagbag.py:588} INFO - Filling up the DagBag from /home/airflow/.local/lib/python3.12/site-packages/airflow/example_dags/example_latest_only_with_trigger.py
[2026-04-25T19:55:25.703+0000] {processor.py:925} INFO - DAG(s) 'latest_only_with_trigger' retrieved from /home/airflow/.local/lib/python3.12/site-packages/airflow/example_dags/example_latest_only_with_trigger.py
[2026-04-25T19:55:25.711+0000] {logging_mixin.py:190} INFO - [2026-04-25T19:55:25.711+0000] {dag.py:3239} INFO - Sync 1 DAGs
[2026-04-25T19:55:25.722+0000] {logging_mixin.py:190} INFO - [2026-04-25T19:55:25.722+0000] {dag.py:4180} INFO - Setting next_dagrun for latest_only_with_trigger to 2026-04-25 12:00:00+00:00, run_after=2026-04-25 16:00:00+00:00
[2026-04-25T19:55:25.731+0000] {processor.py:208} INFO - Processing /home/airflow/.local/lib/python3.12/site-packages/airflow/example_dags/example_latest_only_with_trigger.py took 0.034 seconds
[2026-04-25T19:55:56.166+0000] {processor.py:186} INFO - Started process (PID=97932) to work on /home/airflow/.local/lib/python3.12/site-packages/airflow/example_dags/example_latest_only_with_trigger.py
[2026-04-25T19:55:56.166+0000] {processor.py:914} INFO - Processing file /home/airflow/.local/lib/python3.12/site-packages/airflow/example_dags/example_latest_only_with_trigger.py for tasks to queue
[2026-04-25T19:55:56.167+0000] {logging_mixin.py:190} INFO - [2026-04-25T19:55:56.167+0000] {dagbag.py:588} INFO - Filling up the DagBag from /home/airflow/.local/lib/python3.12/site-packages/airflow/example_dags/example_latest_only_with_trigger.py
[2026-04-25T19:55:56.170+0000] {processor.py:925} INFO - DAG(s) 'latest_only_with_trigger' retrieved from /home/airflow/.local/lib/python3.12/site-packages/airflow/example_dags/example_latest_only_with_trigger.py
[2026-04-25T19:55:56.180+0000] {logging_mixin.py:190} INFO - [2026-04-25T19:55:56.180+0000] {dag.py:3239} INFO - Sync 1 DAGs
[2026-04-25T19:55:56.189+0000] {logging_mixin.py:190} INFO - [2026-04-25T19:55:56.189+0000] {dag.py:4180} INFO - Setting next_dagrun for latest_only_with_trigger to 2026-04-25 12:00:00+00:00, run_after=2026-04-25 16:00:00+00:00
[2026-04-25T19:55:56.198+0000] {processor.py:208} INFO - Processing /home/airflow/.local/lib/python3.12/site-packages/airflow/example_dags/example_latest_only_with_trigger.py took 0.034 seconds
[2026-04-25T20:13:18.173+0000] {processor.py:186} INFO - Started process (PID=97996) to work on /home/airflow/.local/lib/python3.12/site-packages/airflow/example_dags/example_latest_only_with_trigger.py
[2026-04-25T20:13:18.174+0000] {processor.py:914} INFO - Processing file /home/airflow/.local/lib/python3.12/site-packages/airflow/example_dags/example_latest_only_with_trigger.py for tasks to queue
[2026-04-25T20:13:18.175+0000] {logging_mixin.py:190} INFO - [2026-04-25T20:13:18.174+0000] {dagbag.py:588} INFO - Filling up the DagBag from /home/airflow/.local/lib/python3.12/site-packages/airflow/example_dags/example_latest_only_with_trigger.py
[2026-04-25T20:13:18.177+0000] {processor.py:925} INFO - DAG(s) 'latest_only_with_trigger' retrieved from /home/airflow/.local/lib/python3.12/site-packages/airflow/example_dags/example_latest_only_with_trigger.py
[2026-04-25T20:13:18.187+0000] {logging_mixin.py:190} INFO - [2026-04-25T20:13:18.187+0000] {dag.py:3239} INFO - Sync 1 DAGs
[2026-04-25T20:13:18.197+0000] {logging_mixin.py:190} INFO - [2026-04-25T20:13:18.197+0000] {dag.py:4180} INFO - Setting next_dagrun for latest_only_with_trigger to 2026-04-25 16:00:00+00:00, run_after=2026-04-25 20:00:00+00:00
[2026-04-25T20:13:18.206+0000] {processor.py:208} INFO - Processing /home/airflow/.local/lib/python3.12/site-packages/airflow/example_dags/example_latest_only_with_trigger.py took 0.035 seconds
[2026-04-25T20:30:22.555+0000] {processor.py:186} INFO - Started process (PID=98060) to work on /home/airflow/.local/lib/python3.12/site-packages/airflow/example_dags/example_latest_only_with_trigger.py
[2026-04-25T20:30:22.555+0000] {processor.py:914} INFO - Processing file /home/airflow/.local/lib/python3.12/site-packages/airflow/example_dags/example_latest_only_with_trigger.py for tasks to queue
[2026-04-25T20:30:22.556+0000] {logging_mixin.py:190} INFO - [2026-04-25T20:30:22.556+0000] {dagbag.py:588} INFO - Filling up the DagBag from /home/airflow/.local/lib/python3.12/site-packages/airflow/example_dags/example_latest_only_with_trigger.py
[2026-04-25T20:30:22.559+0000] {processor.py:925} INFO - DAG(s) 'latest_only_with_trigger' retrieved from /home/airflow/.local/lib/python3.12/site-packages/airflow/example_dags/example_latest_only_with_trigger.py
[2026-04-25T20:30:22.566+0000] {logging_mixin.py:190} INFO - [2026-04-25T20:30:22.566+0000] {dag.py:3239} INFO - Sync 1 DAGs
[2026-04-25T20:30:22.574+0000] {logging_mixin.py:190} INFO - [2026-04-25T20:30:22.574+0000] {dag.py:4180} INFO - Setting next_dagrun for latest_only_with_trigger to 2026-04-25 16:00:00+00:00, run_after=2026-04-25 20:00:00+00:00
[2026-04-25T20:30:22.582+0000] {processor.py:208} INFO - Processing /home/airflow/.local/lib/python3.12/site-packages/airflow/example_dags/example_latest_only_with_trigger.py took 0.030 seconds
[2026-04-25T20:30:52.922+0000] {processor.py:186} INFO - Started process (PID=98124) to work on /home/airflow/.local/lib/python3.12/site-packages/airflow/example_dags/example_latest_only_with_trigger.py
[2026-04-25T20:30:52.922+0000] {processor.py:914} INFO - Processing file /home/airflow/.local/lib/python3.12/site-packages/airflow/example_dags/example_latest_only_with_trigger.py for tasks to queue
[2026-04-25T20:30:52.923+0000] {logging_mixin.py:190} INFO - [2026-04-25T20:30:52.923+0000] {dagbag.py:588} INFO - Filling up the DagBag from /home/airflow/.local/lib/python3.12/site-packages/airflow/example_dags/example_latest_only_with_trigger.py
[2026-04-25T20:30:52.926+0000] {processor.py:925} INFO - DAG(s) 'latest_only_with_trigger' retrieved from /home/airflow/.local/lib/python3.12/site-packages/airflow/example_dags/example_latest_only_with_trigger.py
[2026-04-25T20:30:52.939+0000] {logging_mixin.py:190} INFO - [2026-04-25T20:30:52.939+0000] {dag.py:3239} INFO - Sync 1 DAGs
[2026-04-25T20:30:52.948+0000] {logging_mixin.py:190} INFO - [2026-04-25T20:30:52.948+0000] {dag.py:4180} INFO - Setting next_dagrun for latest_only_with_trigger to 2026-04-25 16:00:00+00:00, run_after=2026-04-25 20:00:00+00:00
[2026-04-25T20:30:52.956+0000] {processor.py:208} INFO - Processing /home/airflow/.local/lib/python3.12/site-packages/airflow/example_dags/example_latest_only_with_trigger.py took 0.036 seconds
[2026-04-25T20:47:44.452+0000] {processor.py:186} INFO - Started process (PID=98188) to work on /home/airflow/.local/lib/python3.12/site-packages/airflow/example_dags/example_latest_only_with_trigger.py
[2026-04-25T20:47:44.453+0000] {processor.py:914} INFO - Processing file /home/airflow/.local/lib/python3.12/site-packages/airflow/example_dags/example_latest_only_with_trigger.py for tasks to queue
[2026-04-25T20:47:44.455+0000] {logging_mixin.py:190} INFO - [2026-04-25T20:47:44.455+0000] {dagbag.py:588} INFO - Filling up the DagBag from /home/airflow/.local/lib/python3.12/site-packages/airflow/example_dags/example_latest_only_with_trigger.py
[2026-04-25T20:47:44.460+0000] {processor.py:925} INFO - DAG(s) 'latest_only_with_trigger' retrieved from /home/airflow/.local/lib/python3.12/site-packages/airflow/example_dags/example_latest_only_with_trigger.py
[2026-04-25T20:47:44.473+0000] {logging_mixin.py:190} INFO - [2026-04-25T20:47:44.471+0000] {dag.py:3239} INFO - Sync 1 DAGs
[2026-04-25T20:47:44.482+0000] {logging_mixin.py:190} INFO - [2026-04-25T20:47:44.482+0000] {dag.py:4180} INFO - Setting next_dagrun for latest_only_with_trigger to 2026-04-25 16:00:00+00:00, run_after=2026-04-25 20:00:00+00:00
[2026-04-25T20:47:44.488+0000] {processor.py:208} INFO - Processing /home/airflow/.local/lib/python3.12/site-packages/airflow/example_dags/example_latest_only_with_trigger.py took 0.038 seconds
[2026-04-25T20:48:14.866+0000] {processor.py:186} INFO - Started process (PID=98252) to work on /home/airflow/.local/lib/python3.12/site-packages/airflow/example_dags/example_latest_only_with_trigger.py
[2026-04-25T20:48:14.867+0000] {processor.py:914} INFO - Processing file /home/airflow/.local/lib/python3.12/site-packages/airflow/example_dags/example_latest_only_with_trigger.py for tasks to queue
[2026-04-25T20:48:14.868+0000] {logging_mixin.py:190} INFO - [2026-04-25T20:48:14.868+0000] {dagbag.py:588} INFO - Filling up the DagBag from /home/airflow/.local/lib/python3.12/site-packages/airflow/example_dags/example_latest_only_with_trigger.py
[2026-04-25T20:48:14.872+0000] {processor.py:925} INFO - DAG(s) 'latest_only_with_trigger' retrieved from /home/airflow/.local/lib/python3.12/site-packages/airflow/example_dags/example_latest_only_with_trigger.py
[2026-04-25T20:48:14.878+0000] {logging_mixin.py:190} INFO - [2026-04-25T20:48:14.878+0000] {dag.py:3239} INFO - Sync 1 DAGs
[2026-04-25T20:48:14.887+0000] {logging_mixin.py:190} INFO - [2026-04-25T20:48:14.887+0000] {dag.py:4180} INFO - Setting next_dagrun for latest_only_with_trigger to 2026-04-25 16:00:00+00:00, run_after=2026-04-25 20:00:00+00:00
[2026-04-25T20:48:14.894+0000] {processor.py:208} INFO - Processing /home/airflow/.local/lib/python3.12/site-packages/airflow/example_dags/example_latest_only_with_trigger.py took 0.031 seconds
[2026-04-25T21:07:16.626+0000] {processor.py:186} INFO - Started process (PID=98316) to work on /home/airflow/.local/lib/python3.12/site-packages/airflow/example_dags/example_latest_only_with_trigger.py
[2026-04-25T21:07:16.627+0000] {processor.py:914} INFO - Processing file /home/airflow/.local/lib/python3.12/site-packages/airflow/example_dags/example_latest_only_with_trigger.py for tasks to queue
[2026-04-25T21:07:16.628+0000] {logging_mixin.py:190} INFO - [2026-04-25T21:07:16.628+0000] {dagbag.py:588} INFO - Filling up the DagBag from /home/airflow/.local/lib/python3.12/site-packages/airflow/example_dags/example_latest_only_with_trigger.py
[2026-04-25T21:07:16.631+0000] {processor.py:925} INFO - DAG(s) 'latest_only_with_trigger' retrieved from /home/airflow/.local/lib/python3.12/site-packages/airflow/example_dags/example_latest_only_with_trigger.py
[2026-04-25T21:07:16.639+0000] {logging_mixin.py:190} INFO - [2026-04-25T21:07:16.639+0000] {dag.py:3239} INFO - Sync 1 DAGs
[2026-04-25T21:07:16.648+0000] {logging_mixin.py:190} INFO - [2026-04-25T21:07:16.648+0000] {dag.py:4180} INFO - Setting next_dagrun for latest_only_with_trigger to 2026-04-25 16:00:00+00:00, run_after=2026-04-25 20:00:00+00:00
[2026-04-25T21:07:16.661+0000] {processor.py:208} INFO - Processing /home/airflow/.local/lib/python3.12/site-packages/airflow/example_dags/example_latest_only_with_trigger.py took 0.038 seconds
[2026-04-25T21:24:07.716+0000] {processor.py:186} INFO - Started process (PID=98380) to work on /home/airflow/.local/lib/python3.12/site-packages/airflow/example_dags/example_latest_only_with_trigger.py
[2026-04-25T21:24:07.717+0000] {processor.py:914} INFO - Processing file /home/airflow/.local/lib/python3.12/site-packages/airflow/example_dags/example_latest_only_with_trigger.py for tasks to queue
[2026-04-25T21:24:07.718+0000] {logging_mixin.py:190} INFO - [2026-04-25T21:24:07.718+0000] {dagbag.py:588} INFO - Filling up the DagBag from /home/airflow/.local/lib/python3.12/site-packages/airflow/example_dags/example_latest_only_with_trigger.py
[2026-04-25T21:24:07.722+0000] {processor.py:925} INFO - DAG(s) 'latest_only_with_trigger' retrieved from /home/airflow/.local/lib/python3.12/site-packages/airflow/example_dags/example_latest_only_with_trigger.py
[2026-04-25T21:24:07.730+0000] {logging_mixin.py:190} INFO - [2026-04-25T21:24:07.730+0000] {dag.py:3239} INFO - Sync 1 DAGs
[2026-04-25T21:24:07.738+0000] {logging_mixin.py:190} INFO - [2026-04-25T21:24:07.738+0000] {dag.py:4180} INFO - Setting next_dagrun for latest_only_with_trigger to 2026-04-25 16:00:00+00:00, run_after=2026-04-25 20:00:00+00:00
[2026-04-25T21:24:07.743+0000] {processor.py:208} INFO - Processing /home/airflow/.local/lib/python3.12/site-packages/airflow/example_dags/example_latest_only_with_trigger.py took 0.029 seconds
[2026-04-25T21:42:04.761+0000] {processor.py:186} INFO - Started process (PID=98444) to work on /home/airflow/.local/lib/python3.12/site-packages/airflow/example_dags/example_latest_only_with_trigger.py
[2026-04-25T21:42:04.762+0000] {processor.py:914} INFO - Processing file /home/airflow/.local/lib/python3.12/site-packages/airflow/example_dags/example_latest_only_with_trigger.py for tasks to queue
[2026-04-25T21:42:04.764+0000] {logging_mixin.py:190} INFO - [2026-04-25T21:42:04.764+0000] {dagbag.py:588} INFO - Filling up the DagBag from /home/airflow/.local/lib/python3.12/site-packages/airflow/example_dags/example_latest_only_with_trigger.py
[2026-04-25T21:42:04.767+0000] {processor.py:925} INFO - DAG(s) 'latest_only_with_trigger' retrieved from /home/airflow/.local/lib/python3.12/site-packages/airflow/example_dags/example_latest_only_with_trigger.py
[2026-04-25T21:42:04.775+0000] {logging_mixin.py:190} INFO - [2026-04-25T21:42:04.775+0000] {dag.py:3239} INFO - Sync 1 DAGs
[2026-04-25T21:42:04.785+0000] {logging_mixin.py:190} INFO - [2026-04-25T21:42:04.785+0000] {dag.py:4180} INFO - Setting next_dagrun for latest_only_with_trigger to 2026-04-25 16:00:00+00:00, run_after=2026-04-25 20:00:00+00:00
[2026-04-25T21:42:04.792+0000] {processor.py:208} INFO - Processing /home/airflow/.local/lib/python3.12/site-packages/airflow/example_dags/example_latest_only_with_trigger.py took 0.034 seconds
[2026-04-25T21:59:50.438+0000] {processor.py:186} INFO - Started process (PID=98508) to work on /home/airflow/.local/lib/python3.12/site-packages/airflow/example_dags/example_latest_only_with_trigger.py
[2026-04-25T21:59:50.439+0000] {processor.py:914} INFO - Processing file /home/airflow/.local/lib/python3.12/site-packages/airflow/example_dags/example_latest_only_with_trigger.py for tasks to queue
[2026-04-25T21:59:50.439+0000] {logging_mixin.py:190} INFO - [2026-04-25T21:59:50.439+0000] {dagbag.py:588} INFO - Filling up the DagBag from /home/airflow/.local/lib/python3.12/site-packages/airflow/example_dags/example_latest_only_with_trigger.py
[2026-04-25T21:59:50.442+0000] {processor.py:925} INFO - DAG(s) 'latest_only_with_trigger' retrieved from /home/airflow/.local/lib/python3.12/site-packages/airflow/example_dags/example_latest_only_with_trigger.py
[2026-04-25T21:59:50.449+0000] {logging_mixin.py:190} INFO - [2026-04-25T21:59:50.449+0000] {dag.py:3239} INFO - Sync 1 DAGs
[2026-04-25T21:59:50.457+0000] {logging_mixin.py:190} INFO - [2026-04-25T21:59:50.457+0000] {dag.py:4180} INFO - Setting next_dagrun for latest_only_with_trigger to 2026-04-25 16:00:00+00:00, run_after=2026-04-25 20:00:00+00:00
[2026-04-25T21:59:50.469+0000] {processor.py:208} INFO - Processing /home/airflow/.local/lib/python3.12/site-packages/airflow/example_dags/example_latest_only_with_trigger.py took 0.033 seconds
[2026-04-25T22:18:39.980+0000] {processor.py:186} INFO - Started process (PID=98572) to work on /home/airflow/.local/lib/python3.12/site-packages/airflow/example_dags/example_latest_only_with_trigger.py
[2026-04-25T22:18:39.980+0000] {processor.py:914} INFO - Processing file /home/airflow/.local/lib/python3.12/site-packages/airflow/example_dags/example_latest_only_with_trigger.py for tasks to queue
[2026-04-25T22:18:39.981+0000] {logging_mixin.py:190} INFO - [2026-04-25T22:18:39.981+0000] {dagbag.py:588} INFO - Filling up the DagBag from /home/airflow/.local/lib/python3.12/site-packages/airflow/example_dags/example_latest_only_with_trigger.py
[2026-04-25T22:18:39.984+0000] {processor.py:925} INFO - DAG(s) 'latest_only_with_trigger' retrieved from /home/airflow/.local/lib/python3.12/site-packages/airflow/example_dags/example_latest_only_with_trigger.py
[2026-04-25T22:18:39.991+0000] {logging_mixin.py:190} INFO - [2026-04-25T22:18:39.991+0000] {dag.py:3239} INFO - Sync 1 DAGs
[2026-04-25T22:18:40.000+0000] {logging_mixin.py:190} INFO - [2026-04-25T22:18:40.000+0000] {dag.py:4180} INFO - Setting next_dagrun for latest_only_with_trigger to 2026-04-25 16:00:00+00:00, run_after=2026-04-25 20:00:00+00:00
[2026-04-25T22:18:40.013+0000] {processor.py:208} INFO - Processing /home/airflow/.local/lib/python3.12/site-packages/airflow/example_dags/example_latest_only_with_trigger.py took 0.035 seconds
[2026-04-25T22:19:10.103+0000] {processor.py:186} INFO - Started process (PID=98636) to work on /home/airflow/.local/lib/python3.12/site-packages/airflow/example_dags/example_latest_only_with_trigger.py
[2026-04-25T22:19:10.103+0000] {processor.py:914} INFO - Processing file /home/airflow/.local/lib/python3.12/site-packages/airflow/example_dags/example_latest_only_with_trigger.py for tasks to queue
[2026-04-25T22:19:10.104+0000] {logging_mixin.py:190} INFO - [2026-04-25T22:19:10.104+0000] {dagbag.py:588} INFO - Filling up the DagBag from /home/airflow/.local/lib/python3.12/site-packages/airflow/example_dags/example_latest_only_with_trigger.py
[2026-04-25T22:19:10.107+0000] {processor.py:925} INFO - DAG(s) 'latest_only_with_trigger' retrieved from /home/airflow/.local/lib/python3.12/site-packages/airflow/example_dags/example_latest_only_with_trigger.py
[2026-04-25T22:19:10.114+0000] {logging_mixin.py:190} INFO - [2026-04-25T22:19:10.114+0000] {dag.py:3239} INFO - Sync 1 DAGs
[2026-04-25T22:19:10.121+0000] {logging_mixin.py:190} INFO - [2026-04-25T22:19:10.121+0000] {dag.py:4180} INFO - Setting next_dagrun for latest_only_with_trigger to 2026-04-25 16:00:00+00:00, run_after=2026-04-25 20:00:00+00:00
[2026-04-25T22:19:10.127+0000] {processor.py:208} INFO - Processing /home/airflow/.local/lib/python3.12/site-packages/airflow/example_dags/example_latest_only_with_trigger.py took 0.026 seconds
[2026-04-25T22:37:48.190+0000] {processor.py:186} INFO - Started process (PID=98700) to work on /home/airflow/.local/lib/python3.12/site-packages/airflow/example_dags/example_latest_only_with_trigger.py
[2026-04-25T22:37:48.191+0000] {processor.py:914} INFO - Processing file /home/airflow/.local/lib/python3.12/site-packages/airflow/example_dags/example_latest_only_with_trigger.py for tasks to queue
[2026-04-25T22:37:48.192+0000] {logging_mixin.py:190} INFO - [2026-04-25T22:37:48.192+0000] {dagbag.py:588} INFO - Filling up the DagBag from /home/airflow/.local/lib/python3.12/site-packages/airflow/example_dags/example_latest_only_with_trigger.py
[2026-04-25T22:37:48.195+0000] {processor.py:925} INFO - DAG(s) 'latest_only_with_trigger' retrieved from /home/airflow/.local/lib/python3.12/site-packages/airflow/example_dags/example_latest_only_with_trigger.py
[2026-04-25T22:37:48.206+0000] {logging_mixin.py:190} INFO - [2026-04-25T22:37:48.206+0000] {dag.py:3239} INFO - Sync 1 DAGs
[2026-04-25T22:37:48.214+0000] {logging_mixin.py:190} INFO - [2026-04-25T22:37:48.214+0000] {dag.py:4180} INFO - Setting next_dagrun for latest_only_with_trigger to 2026-04-25 16:00:00+00:00, run_after=2026-04-25 20:00:00+00:00
[2026-04-25T22:37:48.222+0000] {processor.py:208} INFO - Processing /home/airflow/.local/lib/python3.12/site-packages/airflow/example_dags/example_latest_only_with_trigger.py took 0.034 seconds
[2026-04-25T22:38:18.551+0000] {processor.py:186} INFO - Started process (PID=98763) to work on /home/airflow/.local/lib/python3.12/site-packages/airflow/example_dags/example_latest_only_with_trigger.py
[2026-04-25T22:38:18.552+0000] {processor.py:914} INFO - Processing file /home/airflow/.local/lib/python3.12/site-packages/airflow/example_dags/example_latest_only_with_trigger.py for tasks to queue
[2026-04-25T22:38:18.554+0000] {logging_mixin.py:190} INFO - [2026-04-25T22:38:18.553+0000] {dagbag.py:588} INFO - Filling up the DagBag from /home/airflow/.local/lib/python3.12/site-packages/airflow/example_dags/example_latest_only_with_trigger.py
[2026-04-25T22:38:18.558+0000] {processor.py:925} INFO - DAG(s) 'latest_only_with_trigger' retrieved from /home/airflow/.local/lib/python3.12/site-packages/airflow/example_dags/example_latest_only_with_trigger.py
[2026-04-25T22:38:18.567+0000] {logging_mixin.py:190} INFO - [2026-04-25T22:38:18.567+0000] {dag.py:3239} INFO - Sync 1 DAGs
[2026-04-25T22:38:18.577+0000] {logging_mixin.py:190} INFO - [2026-04-25T22:38:18.577+0000] {dag.py:4180} INFO - Setting next_dagrun for latest_only_with_trigger to 2026-04-25 16:00:00+00:00, run_after=2026-04-25 20:00:00+00:00
[2026-04-25T22:38:18.585+0000] {processor.py:208} INFO - Processing /home/airflow/.local/lib/python3.12/site-packages/airflow/example_dags/example_latest_only_with_trigger.py took 0.037 seconds
[2026-04-25T22:56:55.011+0000] {processor.py:186} INFO - Started process (PID=98827) to work on /home/airflow/.local/lib/python3.12/site-packages/airflow/example_dags/example_latest_only_with_trigger.py
[2026-04-25T22:56:55.011+0000] {processor.py:914} INFO - Processing file /home/airflow/.local/lib/python3.12/site-packages/airflow/example_dags/example_latest_only_with_trigger.py for tasks to queue
[2026-04-25T22:56:55.012+0000] {logging_mixin.py:190} INFO - [2026-04-25T22:56:55.012+0000] {dagbag.py:588} INFO - Filling up the DagBag from /home/airflow/.local/lib/python3.12/site-packages/airflow/example_dags/example_latest_only_with_trigger.py
[2026-04-25T22:56:55.015+0000] {processor.py:925} INFO - DAG(s) 'latest_only_with_trigger' retrieved from /home/airflow/.local/lib/python3.12/site-packages/airflow/example_dags/example_latest_only_with_trigger.py
[2026-04-25T22:56:55.024+0000] {logging_mixin.py:190} INFO - [2026-04-25T22:56:55.024+0000] {dag.py:3239} INFO - Sync 1 DAGs
[2026-04-25T22:56:55.032+0000] {logging_mixin.py:190} INFO - [2026-04-25T22:56:55.032+0000] {dag.py:4180} INFO - Setting next_dagrun for latest_only_with_trigger to 2026-04-25 16:00:00+00:00, run_after=2026-04-25 20:00:00+00:00
[2026-04-25T22:56:55.044+0000] {processor.py:208} INFO - Processing /home/airflow/.local/lib/python3.12/site-packages/airflow/example_dags/example_latest_only_with_trigger.py took 0.035 seconds
[2026-04-25T23:13:58.925+0000] {processor.py:186} INFO - Started process (PID=98891) to work on /home/airflow/.local/lib/python3.12/site-packages/airflow/example_dags/example_latest_only_with_trigger.py
[2026-04-25T23:13:58.926+0000] {processor.py:914} INFO - Processing file /home/airflow/.local/lib/python3.12/site-packages/airflow/example_dags/example_latest_only_with_trigger.py for tasks to queue
[2026-04-25T23:13:58.927+0000] {logging_mixin.py:190} INFO - [2026-04-25T23:13:58.927+0000] {dagbag.py:588} INFO - Filling up the DagBag from /home/airflow/.local/lib/python3.12/site-packages/airflow/example_dags/example_latest_only_with_trigger.py
[2026-04-25T23:13:58.930+0000] {processor.py:925} INFO - DAG(s) 'latest_only_with_trigger' retrieved from /home/airflow/.local/lib/python3.12/site-packages/airflow/example_dags/example_latest_only_with_trigger.py
[2026-04-25T23:13:58.939+0000] {logging_mixin.py:190} INFO - [2026-04-25T23:13:58.939+0000] {dag.py:3239} INFO - Sync 1 DAGs
[2026-04-25T23:13:58.950+0000] {logging_mixin.py:190} INFO - [2026-04-25T23:13:58.950+0000] {dag.py:4180} INFO - Setting next_dagrun for latest_only_with_trigger to 2026-04-25 16:00:00+00:00, run_after=2026-04-25 20:00:00+00:00
[2026-04-25T23:13:58.960+0000] {processor.py:208} INFO - Processing /home/airflow/.local/lib/python3.12/site-packages/airflow/example_dags/example_latest_only_with_trigger.py took 0.037 seconds
[2026-04-25T23:31:53.660+0000] {processor.py:186} INFO - Started process (PID=98955) to work on /home/airflow/.local/lib/python3.12/site-packages/airflow/example_dags/example_latest_only_with_trigger.py
[2026-04-25T23:31:53.660+0000] {processor.py:914} INFO - Processing file /home/airflow/.local/lib/python3.12/site-packages/airflow/example_dags/example_latest_only_with_trigger.py for tasks to queue
[2026-04-25T23:31:53.661+0000] {logging_mixin.py:190} INFO - [2026-04-25T23:31:53.661+0000] {dagbag.py:588} INFO - Filling up the DagBag from /home/airflow/.local/lib/python3.12/site-packages/airflow/example_dags/example_latest_only_with_trigger.py
[2026-04-25T23:31:53.667+0000] {processor.py:925} INFO - DAG(s) 'latest_only_with_trigger' retrieved from /home/airflow/.local/lib/python3.12/site-packages/airflow/example_dags/example_latest_only_with_trigger.py
[2026-04-25T23:31:53.677+0000] {logging_mixin.py:190} INFO - [2026-04-25T23:31:53.677+0000] {dag.py:3239} INFO - Sync 1 DAGs
[2026-04-25T23:31:53.686+0000] {logging_mixin.py:190} INFO - [2026-04-25T23:31:53.686+0000] {dag.py:4180} INFO - Setting next_dagrun for latest_only_with_trigger to 2026-04-25 16:00:00+00:00, run_after=2026-04-25 20:00:00+00:00
[2026-04-25T23:31:53.692+0000] {processor.py:208} INFO - Processing /home/airflow/.local/lib/python3.12/site-packages/airflow/example_dags/example_latest_only_with_trigger.py took 0.035 seconds
[2026-04-25T23:32:24.891+0000] {processor.py:186} INFO - Started process (PID=99019) to work on /home/airflow/.local/lib/python3.12/site-packages/airflow/example_dags/example_latest_only_with_trigger.py
[2026-04-25T23:32:24.891+0000] {processor.py:914} INFO - Processing file /home/airflow/.local/lib/python3.12/site-packages/airflow/example_dags/example_latest_only_with_trigger.py for tasks to queue
[2026-04-25T23:32:24.892+0000] {logging_mixin.py:190} INFO - [2026-04-25T23:32:24.892+0000] {dagbag.py:588} INFO - Filling up the DagBag from /home/airflow/.local/lib/python3.12/site-packages/airflow/example_dags/example_latest_only_with_trigger.py
[2026-04-25T23:32:24.895+0000] {processor.py:925} INFO - DAG(s) 'latest_only_with_trigger' retrieved from /home/airflow/.local/lib/python3.12/site-packages/airflow/example_dags/example_latest_only_with_trigger.py
[2026-04-25T23:32:24.903+0000] {logging_mixin.py:190} INFO - [2026-04-25T23:32:24.903+0000] {dag.py:3239} INFO - Sync 1 DAGs
[2026-04-25T23:32:24.911+0000] {logging_mixin.py:190} INFO - [2026-04-25T23:32:24.911+0000] {dag.py:4180} INFO - Setting next_dagrun for latest_only_with_trigger to 2026-04-25 16:00:00+00:00, run_after=2026-04-25 20:00:00+00:00
[2026-04-25T23:32:24.919+0000] {processor.py:208} INFO - Processing /home/airflow/.local/lib/python3.12/site-packages/airflow/example_dags/example_latest_only_with_trigger.py took 0.030 seconds
[2026-04-25T23:49:54.327+0000] {processor.py:186} INFO - Started process (PID=99083) to work on /home/airflow/.local/lib/python3.12/site-packages/airflow/example_dags/example_latest_only_with_trigger.py
[2026-04-25T23:49:54.327+0000] {processor.py:914} INFO - Processing file /home/airflow/.local/lib/python3.12/site-packages/airflow/example_dags/example_latest_only_with_trigger.py for tasks to queue
[2026-04-25T23:49:54.328+0000] {logging_mixin.py:190} INFO - [2026-04-25T23:49:54.328+0000] {dagbag.py:588} INFO - Filling up the DagBag from /home/airflow/.local/lib/python3.12/site-packages/airflow/example_dags/example_latest_only_with_trigger.py
[2026-04-25T23:49:54.331+0000] {processor.py:925} INFO - DAG(s) 'latest_only_with_trigger' retrieved from /home/airflow/.local/lib/python3.12/site-packages/airflow/example_dags/example_latest_only_with_trigger.py
[2026-04-25T23:49:54.339+0000] {logging_mixin.py:190} INFO - [2026-04-25T23:49:54.339+0000] {dag.py:3239} INFO - Sync 1 DAGs
[2026-04-25T23:49:54.349+0000] {logging_mixin.py:190} INFO - [2026-04-25T23:49:54.349+0000] {dag.py:4180} INFO - Setting next_dagrun for latest_only_with_trigger to 2026-04-25 16:00:00+00:00, run_after=2026-04-25 20:00:00+00:00
[2026-04-25T23:49:54.356+0000] {processor.py:208} INFO - Processing /home/airflow/.local/lib/python3.12/site-packages/airflow/example_dags/example_latest_only_with_trigger.py took 0.031 seconds
[2026-04-25T23:50:24.500+0000] {processor.py:186} INFO - Started process (PID=99147) to work on /home/airflow/.local/lib/python3.12/site-packages/airflow/example_dags/example_latest_only_with_trigger.py
[2026-04-25T23:50:24.501+0000] {processor.py:914} INFO - Processing file /home/airflow/.local/lib/python3.12/site-packages/airflow/example_dags/example_latest_only_with_trigger.py for tasks to queue
[2026-04-25T23:50:24.501+0000] {logging_mixin.py:190} INFO - [2026-04-25T23:50:24.501+0000] {dagbag.py:588} INFO - Filling up the DagBag from /home/airflow/.local/lib/python3.12/site-packages/airflow/example_dags/example_latest_only_with_trigger.py
[2026-04-25T23:50:24.508+0000] {processor.py:925} INFO - DAG(s) 'latest_only_with_trigger' retrieved from /home/airflow/.local/lib/python3.12/site-packages/airflow/example_dags/example_latest_only_with_trigger.py
[2026-04-25T23:50:24.518+0000] {logging_mixin.py:190} INFO - [2026-04-25T23:50:24.518+0000] {dag.py:3239} INFO - Sync 1 DAGs
[2026-04-25T23:50:24.526+0000] {logging_mixin.py:190} INFO - [2026-04-25T23:50:24.526+0000] {dag.py:4180} INFO - Setting next_dagrun for latest_only_with_trigger to 2026-04-25 16:00:00+00:00, run_after=2026-04-25 20:00:00+00:00
[2026-04-25T23:50:24.532+0000] {processor.py:208} INFO - Processing /home/airflow/.local/lib/python3.12/site-packages/airflow/example_dags/example_latest_only_with_trigger.py took 0.034 seconds
