[2026-04-25T00:03:07.190+0000] {processor.py:186} INFO - Started process (PID=89145) to work on /home/airflow/.local/lib/python3.12/site-packages/airflow/example_dags/example_short_circuit_decorator.py
[2026-04-25T00:03:07.190+0000] {processor.py:914} INFO - Processing file /home/airflow/.local/lib/python3.12/site-packages/airflow/example_dags/example_short_circuit_decorator.py for tasks to queue
[2026-04-25T00:03:07.191+0000] {logging_mixin.py:190} INFO - [2026-04-25T00:03:07.191+0000] {dagbag.py:588} INFO - Filling up the DagBag from /home/airflow/.local/lib/python3.12/site-packages/airflow/example_dags/example_short_circuit_decorator.py
[2026-04-25T00:03:07.195+0000] {processor.py:925} INFO - DAG(s) 'example_short_circuit_decorator' retrieved from /home/airflow/.local/lib/python3.12/site-packages/airflow/example_dags/example_short_circuit_decorator.py
[2026-04-25T00:03:07.204+0000] {logging_mixin.py:190} INFO - [2026-04-25T00:03:07.204+0000] {dag.py:3239} INFO - Sync 1 DAGs
[2026-04-25T00:03:07.210+0000] {logging_mixin.py:190} INFO - [2026-04-25T00:03:07.210+0000] {dag.py:4180} INFO - Setting next_dagrun for example_short_circuit_decorator to None, run_after=None
[2026-04-25T00:03:07.220+0000] {processor.py:208} INFO - Processing /home/airflow/.local/lib/python3.12/site-packages/airflow/example_dags/example_short_circuit_decorator.py took 0.033 seconds
[2026-04-25T00:03:38.125+0000] {processor.py:186} INFO - Started process (PID=89209) to work on /home/airflow/.local/lib/python3.12/site-packages/airflow/example_dags/example_short_circuit_decorator.py
[2026-04-25T00:03:38.126+0000] {processor.py:914} INFO - Processing file /home/airflow/.local/lib/python3.12/site-packages/airflow/example_dags/example_short_circuit_decorator.py for tasks to queue
[2026-04-25T00:03:38.127+0000] {logging_mixin.py:190} INFO - [2026-04-25T00:03:38.127+0000] {dagbag.py:588} INFO - Filling up the DagBag from /home/airflow/.local/lib/python3.12/site-packages/airflow/example_dags/example_short_circuit_decorator.py
[2026-04-25T00:03:38.132+0000] {processor.py:925} INFO - DAG(s) 'example_short_circuit_decorator' retrieved from /home/airflow/.local/lib/python3.12/site-packages/airflow/example_dags/example_short_circuit_decorator.py
[2026-04-25T00:03:38.147+0000] {logging_mixin.py:190} INFO - [2026-04-25T00:03:38.147+0000] {dag.py:3239} INFO - Sync 1 DAGs
[2026-04-25T00:03:38.152+0000] {logging_mixin.py:190} INFO - [2026-04-25T00:03:38.152+0000] {dag.py:4180} INFO - Setting next_dagrun for example_short_circuit_decorator to None, run_after=None
[2026-04-25T00:03:38.159+0000] {processor.py:208} INFO - Processing /home/airflow/.local/lib/python3.12/site-packages/airflow/example_dags/example_short_circuit_decorator.py took 0.036 seconds
[2026-04-25T00:19:12.105+0000] {processor.py:186} INFO - Started process (PID=89273) to work on /home/airflow/.local/lib/python3.12/site-packages/airflow/example_dags/example_short_circuit_decorator.py
[2026-04-25T00:19:12.105+0000] {processor.py:914} INFO - Processing file /home/airflow/.local/lib/python3.12/site-packages/airflow/example_dags/example_short_circuit_decorator.py for tasks to queue
[2026-04-25T00:19:12.106+0000] {logging_mixin.py:190} INFO - [2026-04-25T00:19:12.106+0000] {dagbag.py:588} INFO - Filling up the DagBag from /home/airflow/.local/lib/python3.12/site-packages/airflow/example_dags/example_short_circuit_decorator.py
[2026-04-25T00:19:12.110+0000] {processor.py:925} INFO - DAG(s) 'example_short_circuit_decorator' retrieved from /home/airflow/.local/lib/python3.12/site-packages/airflow/example_dags/example_short_circuit_decorator.py
[2026-04-25T00:19:12.117+0000] {logging_mixin.py:190} INFO - [2026-04-25T00:19:12.117+0000] {dag.py:3239} INFO - Sync 1 DAGs
[2026-04-25T00:19:12.121+0000] {logging_mixin.py:190} INFO - [2026-04-25T00:19:12.121+0000] {dag.py:4180} INFO - Setting next_dagrun for example_short_circuit_decorator to None, run_after=None
[2026-04-25T00:19:12.126+0000] {processor.py:208} INFO - Processing /home/airflow/.local/lib/python3.12/site-packages/airflow/example_dags/example_short_circuit_decorator.py took 0.023 seconds
[2026-04-25T00:34:46.704+0000] {processor.py:186} INFO - Started process (PID=89337) to work on /home/airflow/.local/lib/python3.12/site-packages/airflow/example_dags/example_short_circuit_decorator.py
[2026-04-25T00:34:46.704+0000] {processor.py:914} INFO - Processing file /home/airflow/.local/lib/python3.12/site-packages/airflow/example_dags/example_short_circuit_decorator.py for tasks to queue
[2026-04-25T00:34:46.705+0000] {logging_mixin.py:190} INFO - [2026-04-25T00:34:46.705+0000] {dagbag.py:588} INFO - Filling up the DagBag from /home/airflow/.local/lib/python3.12/site-packages/airflow/example_dags/example_short_circuit_decorator.py
[2026-04-25T00:34:46.709+0000] {processor.py:925} INFO - DAG(s) 'example_short_circuit_decorator' retrieved from /home/airflow/.local/lib/python3.12/site-packages/airflow/example_dags/example_short_circuit_decorator.py
[2026-04-25T00:34:46.717+0000] {logging_mixin.py:190} INFO - [2026-04-25T00:34:46.717+0000] {dag.py:3239} INFO - Sync 1 DAGs
[2026-04-25T00:34:46.722+0000] {logging_mixin.py:190} INFO - [2026-04-25T00:34:46.722+0000] {dag.py:4180} INFO - Setting next_dagrun for example_short_circuit_decorator to None, run_after=None
[2026-04-25T00:34:46.731+0000] {processor.py:208} INFO - Processing /home/airflow/.local/lib/python3.12/site-packages/airflow/example_dags/example_short_circuit_decorator.py took 0.029 seconds
[2026-04-25T00:35:17.752+0000] {processor.py:186} INFO - Started process (PID=89401) to work on /home/airflow/.local/lib/python3.12/site-packages/airflow/example_dags/example_short_circuit_decorator.py
[2026-04-25T00:35:17.753+0000] {processor.py:914} INFO - Processing file /home/airflow/.local/lib/python3.12/site-packages/airflow/example_dags/example_short_circuit_decorator.py for tasks to queue
[2026-04-25T00:35:17.754+0000] {logging_mixin.py:190} INFO - [2026-04-25T00:35:17.753+0000] {dagbag.py:588} INFO - Filling up the DagBag from /home/airflow/.local/lib/python3.12/site-packages/airflow/example_dags/example_short_circuit_decorator.py
[2026-04-25T00:35:17.758+0000] {processor.py:925} INFO - DAG(s) 'example_short_circuit_decorator' retrieved from /home/airflow/.local/lib/python3.12/site-packages/airflow/example_dags/example_short_circuit_decorator.py
[2026-04-25T00:35:17.766+0000] {logging_mixin.py:190} INFO - [2026-04-25T00:35:17.766+0000] {dag.py:3239} INFO - Sync 1 DAGs
[2026-04-25T00:35:17.771+0000] {logging_mixin.py:190} INFO - [2026-04-25T00:35:17.771+0000] {dag.py:4180} INFO - Setting next_dagrun for example_short_circuit_decorator to None, run_after=None
[2026-04-25T00:35:17.781+0000] {processor.py:208} INFO - Processing /home/airflow/.local/lib/python3.12/site-packages/airflow/example_dags/example_short_circuit_decorator.py took 0.031 seconds
[2026-04-25T00:50:50.428+0000] {processor.py:186} INFO - Started process (PID=89465) to work on /home/airflow/.local/lib/python3.12/site-packages/airflow/example_dags/example_short_circuit_decorator.py
[2026-04-25T00:50:50.429+0000] {processor.py:914} INFO - Processing file /home/airflow/.local/lib/python3.12/site-packages/airflow/example_dags/example_short_circuit_decorator.py for tasks to queue
[2026-04-25T00:50:50.430+0000] {logging_mixin.py:190} INFO - [2026-04-25T00:50:50.430+0000] {dagbag.py:588} INFO - Filling up the DagBag from /home/airflow/.local/lib/python3.12/site-packages/airflow/example_dags/example_short_circuit_decorator.py
[2026-04-25T00:50:50.436+0000] {processor.py:925} INFO - DAG(s) 'example_short_circuit_decorator' retrieved from /home/airflow/.local/lib/python3.12/site-packages/airflow/example_dags/example_short_circuit_decorator.py
[2026-04-25T00:50:50.445+0000] {logging_mixin.py:190} INFO - [2026-04-25T00:50:50.445+0000] {dag.py:3239} INFO - Sync 1 DAGs
[2026-04-25T00:50:50.451+0000] {logging_mixin.py:190} INFO - [2026-04-25T00:50:50.451+0000] {dag.py:4180} INFO - Setting next_dagrun for example_short_circuit_decorator to None, run_after=None
[2026-04-25T00:50:50.457+0000] {processor.py:208} INFO - Processing /home/airflow/.local/lib/python3.12/site-packages/airflow/example_dags/example_short_circuit_decorator.py took 0.031 seconds
[2026-04-25T00:53:48.753+0000] {processor.py:186} INFO - Started process (PID=89529) to work on /home/airflow/.local/lib/python3.12/site-packages/airflow/example_dags/example_short_circuit_decorator.py
[2026-04-25T00:53:48.753+0000] {processor.py:914} INFO - Processing file /home/airflow/.local/lib/python3.12/site-packages/airflow/example_dags/example_short_circuit_decorator.py for tasks to queue
[2026-04-25T00:53:48.754+0000] {logging_mixin.py:190} INFO - [2026-04-25T00:53:48.754+0000] {dagbag.py:588} INFO - Filling up the DagBag from /home/airflow/.local/lib/python3.12/site-packages/airflow/example_dags/example_short_circuit_decorator.py
[2026-04-25T00:53:48.759+0000] {processor.py:925} INFO - DAG(s) 'example_short_circuit_decorator' retrieved from /home/airflow/.local/lib/python3.12/site-packages/airflow/example_dags/example_short_circuit_decorator.py
[2026-04-25T00:53:48.768+0000] {logging_mixin.py:190} INFO - [2026-04-25T00:53:48.768+0000] {dag.py:3239} INFO - Sync 1 DAGs
[2026-04-25T00:53:48.776+0000] {logging_mixin.py:190} INFO - [2026-04-25T00:53:48.776+0000] {dag.py:4180} INFO - Setting next_dagrun for example_short_circuit_decorator to None, run_after=None
[2026-04-25T00:53:48.785+0000] {processor.py:208} INFO - Processing /home/airflow/.local/lib/python3.12/site-packages/airflow/example_dags/example_short_circuit_decorator.py took 0.034 seconds
[2026-04-25T00:54:19.817+0000] {processor.py:186} INFO - Started process (PID=89593) to work on /home/airflow/.local/lib/python3.12/site-packages/airflow/example_dags/example_short_circuit_decorator.py
[2026-04-25T00:54:19.818+0000] {processor.py:914} INFO - Processing file /home/airflow/.local/lib/python3.12/site-packages/airflow/example_dags/example_short_circuit_decorator.py for tasks to queue
[2026-04-25T00:54:19.819+0000] {logging_mixin.py:190} INFO - [2026-04-25T00:54:19.819+0000] {dagbag.py:588} INFO - Filling up the DagBag from /home/airflow/.local/lib/python3.12/site-packages/airflow/example_dags/example_short_circuit_decorator.py
[2026-04-25T00:54:19.824+0000] {processor.py:925} INFO - DAG(s) 'example_short_circuit_decorator' retrieved from /home/airflow/.local/lib/python3.12/site-packages/airflow/example_dags/example_short_circuit_decorator.py
[2026-04-25T00:54:19.835+0000] {logging_mixin.py:190} INFO - [2026-04-25T00:54:19.835+0000] {dag.py:3239} INFO - Sync 1 DAGs
[2026-04-25T00:54:19.840+0000] {logging_mixin.py:190} INFO - [2026-04-25T00:54:19.840+0000] {dag.py:4180} INFO - Setting next_dagrun for example_short_circuit_decorator to None, run_after=None
[2026-04-25T00:54:19.847+0000] {processor.py:208} INFO - Processing /home/airflow/.local/lib/python3.12/site-packages/airflow/example_dags/example_short_circuit_decorator.py took 0.032 seconds
[2026-04-25T00:54:50.767+0000] {processor.py:186} INFO - Started process (PID=89657) to work on /home/airflow/.local/lib/python3.12/site-packages/airflow/example_dags/example_short_circuit_decorator.py
[2026-04-25T00:54:50.767+0000] {processor.py:914} INFO - Processing file /home/airflow/.local/lib/python3.12/site-packages/airflow/example_dags/example_short_circuit_decorator.py for tasks to queue
[2026-04-25T00:54:50.768+0000] {logging_mixin.py:190} INFO - [2026-04-25T00:54:50.768+0000] {dagbag.py:588} INFO - Filling up the DagBag from /home/airflow/.local/lib/python3.12/site-packages/airflow/example_dags/example_short_circuit_decorator.py
[2026-04-25T00:54:50.772+0000] {processor.py:925} INFO - DAG(s) 'example_short_circuit_decorator' retrieved from /home/airflow/.local/lib/python3.12/site-packages/airflow/example_dags/example_short_circuit_decorator.py
[2026-04-25T00:54:50.783+0000] {logging_mixin.py:190} INFO - [2026-04-25T00:54:50.783+0000] {dag.py:3239} INFO - Sync 1 DAGs
[2026-04-25T00:54:50.787+0000] {logging_mixin.py:190} INFO - [2026-04-25T00:54:50.787+0000] {dag.py:4180} INFO - Setting next_dagrun for example_short_circuit_decorator to None, run_after=None
[2026-04-25T00:54:50.797+0000] {processor.py:208} INFO - Processing /home/airflow/.local/lib/python3.12/site-packages/airflow/example_dags/example_short_circuit_decorator.py took 0.032 seconds
[2026-04-25T00:55:21.927+0000] {processor.py:186} INFO - Started process (PID=89721) to work on /home/airflow/.local/lib/python3.12/site-packages/airflow/example_dags/example_short_circuit_decorator.py
[2026-04-25T00:55:21.928+0000] {processor.py:914} INFO - Processing file /home/airflow/.local/lib/python3.12/site-packages/airflow/example_dags/example_short_circuit_decorator.py for tasks to queue
[2026-04-25T00:55:21.929+0000] {logging_mixin.py:190} INFO - [2026-04-25T00:55:21.929+0000] {dagbag.py:588} INFO - Filling up the DagBag from /home/airflow/.local/lib/python3.12/site-packages/airflow/example_dags/example_short_circuit_decorator.py
[2026-04-25T00:55:21.934+0000] {processor.py:925} INFO - DAG(s) 'example_short_circuit_decorator' retrieved from /home/airflow/.local/lib/python3.12/site-packages/airflow/example_dags/example_short_circuit_decorator.py
[2026-04-25T00:55:21.942+0000] {logging_mixin.py:190} INFO - [2026-04-25T00:55:21.942+0000] {dag.py:3239} INFO - Sync 1 DAGs
[2026-04-25T00:55:21.946+0000] {logging_mixin.py:190} INFO - [2026-04-25T00:55:21.946+0000] {dag.py:4180} INFO - Setting next_dagrun for example_short_circuit_decorator to None, run_after=None
[2026-04-25T00:55:21.956+0000] {processor.py:208} INFO - Processing /home/airflow/.local/lib/python3.12/site-packages/airflow/example_dags/example_short_circuit_decorator.py took 0.031 seconds
[2026-04-25T00:58:29.715+0000] {processor.py:186} INFO - Started process (PID=89785) to work on /home/airflow/.local/lib/python3.12/site-packages/airflow/example_dags/example_short_circuit_decorator.py
[2026-04-25T00:58:29.716+0000] {processor.py:914} INFO - Processing file /home/airflow/.local/lib/python3.12/site-packages/airflow/example_dags/example_short_circuit_decorator.py for tasks to queue
[2026-04-25T00:58:29.717+0000] {logging_mixin.py:190} INFO - [2026-04-25T00:58:29.717+0000] {dagbag.py:588} INFO - Filling up the DagBag from /home/airflow/.local/lib/python3.12/site-packages/airflow/example_dags/example_short_circuit_decorator.py
[2026-04-25T00:58:29.721+0000] {processor.py:925} INFO - DAG(s) 'example_short_circuit_decorator' retrieved from /home/airflow/.local/lib/python3.12/site-packages/airflow/example_dags/example_short_circuit_decorator.py
[2026-04-25T00:58:29.732+0000] {logging_mixin.py:190} INFO - [2026-04-25T00:58:29.732+0000] {dag.py:3239} INFO - Sync 1 DAGs
[2026-04-25T00:58:29.738+0000] {logging_mixin.py:190} INFO - [2026-04-25T00:58:29.738+0000] {dag.py:4180} INFO - Setting next_dagrun for example_short_circuit_decorator to None, run_after=None
[2026-04-25T00:58:29.748+0000] {processor.py:208} INFO - Processing /home/airflow/.local/lib/python3.12/site-packages/airflow/example_dags/example_short_circuit_decorator.py took 0.035 seconds
[2026-04-25T00:59:00.896+0000] {processor.py:186} INFO - Started process (PID=89849) to work on /home/airflow/.local/lib/python3.12/site-packages/airflow/example_dags/example_short_circuit_decorator.py
[2026-04-25T00:59:00.896+0000] {processor.py:914} INFO - Processing file /home/airflow/.local/lib/python3.12/site-packages/airflow/example_dags/example_short_circuit_decorator.py for tasks to queue
[2026-04-25T00:59:00.898+0000] {logging_mixin.py:190} INFO - [2026-04-25T00:59:00.898+0000] {dagbag.py:588} INFO - Filling up the DagBag from /home/airflow/.local/lib/python3.12/site-packages/airflow/example_dags/example_short_circuit_decorator.py
[2026-04-25T00:59:00.902+0000] {processor.py:925} INFO - DAG(s) 'example_short_circuit_decorator' retrieved from /home/airflow/.local/lib/python3.12/site-packages/airflow/example_dags/example_short_circuit_decorator.py
[2026-04-25T00:59:00.912+0000] {logging_mixin.py:190} INFO - [2026-04-25T00:59:00.912+0000] {dag.py:3239} INFO - Sync 1 DAGs
[2026-04-25T00:59:00.918+0000] {logging_mixin.py:190} INFO - [2026-04-25T00:59:00.918+0000] {dag.py:4180} INFO - Setting next_dagrun for example_short_circuit_decorator to None, run_after=None
[2026-04-25T00:59:00.931+0000] {processor.py:208} INFO - Processing /home/airflow/.local/lib/python3.12/site-packages/airflow/example_dags/example_short_circuit_decorator.py took 0.038 seconds
[2026-04-25T00:59:31.912+0000] {processor.py:186} INFO - Started process (PID=89914) to work on /home/airflow/.local/lib/python3.12/site-packages/airflow/example_dags/example_short_circuit_decorator.py
[2026-04-25T00:59:31.913+0000] {processor.py:914} INFO - Processing file /home/airflow/.local/lib/python3.12/site-packages/airflow/example_dags/example_short_circuit_decorator.py for tasks to queue
[2026-04-25T00:59:31.914+0000] {logging_mixin.py:190} INFO - [2026-04-25T00:59:31.914+0000] {dagbag.py:588} INFO - Filling up the DagBag from /home/airflow/.local/lib/python3.12/site-packages/airflow/example_dags/example_short_circuit_decorator.py
[2026-04-25T00:59:31.919+0000] {processor.py:925} INFO - DAG(s) 'example_short_circuit_decorator' retrieved from /home/airflow/.local/lib/python3.12/site-packages/airflow/example_dags/example_short_circuit_decorator.py
[2026-04-25T00:59:31.930+0000] {logging_mixin.py:190} INFO - [2026-04-25T00:59:31.929+0000] {dag.py:3239} INFO - Sync 1 DAGs
[2026-04-25T00:59:31.935+0000] {logging_mixin.py:190} INFO - [2026-04-25T00:59:31.935+0000] {dag.py:4180} INFO - Setting next_dagrun for example_short_circuit_decorator to None, run_after=None
[2026-04-25T00:59:31.942+0000] {processor.py:208} INFO - Processing /home/airflow/.local/lib/python3.12/site-packages/airflow/example_dags/example_short_circuit_decorator.py took 0.033 seconds
[2026-04-25T01:00:03.008+0000] {processor.py:186} INFO - Started process (PID=89978) to work on /home/airflow/.local/lib/python3.12/site-packages/airflow/example_dags/example_short_circuit_decorator.py
[2026-04-25T01:00:03.008+0000] {processor.py:914} INFO - Processing file /home/airflow/.local/lib/python3.12/site-packages/airflow/example_dags/example_short_circuit_decorator.py for tasks to queue
[2026-04-25T01:00:03.009+0000] {logging_mixin.py:190} INFO - [2026-04-25T01:00:03.009+0000] {dagbag.py:588} INFO - Filling up the DagBag from /home/airflow/.local/lib/python3.12/site-packages/airflow/example_dags/example_short_circuit_decorator.py
[2026-04-25T01:00:03.013+0000] {processor.py:925} INFO - DAG(s) 'example_short_circuit_decorator' retrieved from /home/airflow/.local/lib/python3.12/site-packages/airflow/example_dags/example_short_circuit_decorator.py
[2026-04-25T01:00:03.022+0000] {logging_mixin.py:190} INFO - [2026-04-25T01:00:03.022+0000] {dag.py:3239} INFO - Sync 1 DAGs
[2026-04-25T01:00:03.027+0000] {logging_mixin.py:190} INFO - [2026-04-25T01:00:03.027+0000] {dag.py:4180} INFO - Setting next_dagrun for example_short_circuit_decorator to None, run_after=None
[2026-04-25T01:00:03.033+0000] {processor.py:208} INFO - Processing /home/airflow/.local/lib/python3.12/site-packages/airflow/example_dags/example_short_circuit_decorator.py took 0.027 seconds
[2026-04-25T01:00:33.488+0000] {processor.py:186} INFO - Started process (PID=90042) to work on /home/airflow/.local/lib/python3.12/site-packages/airflow/example_dags/example_short_circuit_decorator.py
[2026-04-25T01:00:33.489+0000] {processor.py:914} INFO - Processing file /home/airflow/.local/lib/python3.12/site-packages/airflow/example_dags/example_short_circuit_decorator.py for tasks to queue
[2026-04-25T01:00:33.490+0000] {logging_mixin.py:190} INFO - [2026-04-25T01:00:33.489+0000] {dagbag.py:588} INFO - Filling up the DagBag from /home/airflow/.local/lib/python3.12/site-packages/airflow/example_dags/example_short_circuit_decorator.py
[2026-04-25T01:00:33.494+0000] {processor.py:925} INFO - DAG(s) 'example_short_circuit_decorator' retrieved from /home/airflow/.local/lib/python3.12/site-packages/airflow/example_dags/example_short_circuit_decorator.py
[2026-04-25T01:00:33.502+0000] {logging_mixin.py:190} INFO - [2026-04-25T01:00:33.502+0000] {dag.py:3239} INFO - Sync 1 DAGs
[2026-04-25T01:00:33.508+0000] {logging_mixin.py:190} INFO - [2026-04-25T01:00:33.508+0000] {dag.py:4180} INFO - Setting next_dagrun for example_short_circuit_decorator to None, run_after=None
[2026-04-25T01:00:33.517+0000] {processor.py:208} INFO - Processing /home/airflow/.local/lib/python3.12/site-packages/airflow/example_dags/example_short_circuit_decorator.py took 0.031 seconds
[2026-04-25T01:16:02.162+0000] {processor.py:186} INFO - Started process (PID=90106) to work on /home/airflow/.local/lib/python3.12/site-packages/airflow/example_dags/example_short_circuit_decorator.py
[2026-04-25T01:16:02.163+0000] {processor.py:914} INFO - Processing file /home/airflow/.local/lib/python3.12/site-packages/airflow/example_dags/example_short_circuit_decorator.py for tasks to queue
[2026-04-25T01:16:02.164+0000] {logging_mixin.py:190} INFO - [2026-04-25T01:16:02.164+0000] {dagbag.py:588} INFO - Filling up the DagBag from /home/airflow/.local/lib/python3.12/site-packages/airflow/example_dags/example_short_circuit_decorator.py
[2026-04-25T01:16:02.168+0000] {processor.py:925} INFO - DAG(s) 'example_short_circuit_decorator' retrieved from /home/airflow/.local/lib/python3.12/site-packages/airflow/example_dags/example_short_circuit_decorator.py
[2026-04-25T01:16:02.176+0000] {logging_mixin.py:190} INFO - [2026-04-25T01:16:02.176+0000] {dag.py:3239} INFO - Sync 1 DAGs
[2026-04-25T01:16:02.181+0000] {logging_mixin.py:190} INFO - [2026-04-25T01:16:02.181+0000] {dag.py:4180} INFO - Setting next_dagrun for example_short_circuit_decorator to None, run_after=None
[2026-04-25T01:16:02.189+0000] {processor.py:208} INFO - Processing /home/airflow/.local/lib/python3.12/site-packages/airflow/example_dags/example_short_circuit_decorator.py took 0.030 seconds
[2026-04-25T01:16:32.486+0000] {processor.py:186} INFO - Started process (PID=90170) to work on /home/airflow/.local/lib/python3.12/site-packages/airflow/example_dags/example_short_circuit_decorator.py
[2026-04-25T01:16:32.487+0000] {processor.py:914} INFO - Processing file /home/airflow/.local/lib/python3.12/site-packages/airflow/example_dags/example_short_circuit_decorator.py for tasks to queue
[2026-04-25T01:16:32.488+0000] {logging_mixin.py:190} INFO - [2026-04-25T01:16:32.488+0000] {dagbag.py:588} INFO - Filling up the DagBag from /home/airflow/.local/lib/python3.12/site-packages/airflow/example_dags/example_short_circuit_decorator.py
[2026-04-25T01:16:32.496+0000] {processor.py:925} INFO - DAG(s) 'example_short_circuit_decorator' retrieved from /home/airflow/.local/lib/python3.12/site-packages/airflow/example_dags/example_short_circuit_decorator.py
[2026-04-25T01:16:32.506+0000] {logging_mixin.py:190} INFO - [2026-04-25T01:16:32.506+0000] {dag.py:3239} INFO - Sync 1 DAGs
[2026-04-25T01:16:32.512+0000] {logging_mixin.py:190} INFO - [2026-04-25T01:16:32.512+0000] {dag.py:4180} INFO - Setting next_dagrun for example_short_circuit_decorator to None, run_after=None
[2026-04-25T01:16:32.521+0000] {processor.py:208} INFO - Processing /home/airflow/.local/lib/python3.12/site-packages/airflow/example_dags/example_short_circuit_decorator.py took 0.037 seconds
[2026-04-25T01:17:03.047+0000] {processor.py:186} INFO - Started process (PID=90234) to work on /home/airflow/.local/lib/python3.12/site-packages/airflow/example_dags/example_short_circuit_decorator.py
[2026-04-25T01:17:03.048+0000] {processor.py:914} INFO - Processing file /home/airflow/.local/lib/python3.12/site-packages/airflow/example_dags/example_short_circuit_decorator.py for tasks to queue
[2026-04-25T01:17:03.049+0000] {logging_mixin.py:190} INFO - [2026-04-25T01:17:03.049+0000] {dagbag.py:588} INFO - Filling up the DagBag from /home/airflow/.local/lib/python3.12/site-packages/airflow/example_dags/example_short_circuit_decorator.py
[2026-04-25T01:17:03.054+0000] {processor.py:925} INFO - DAG(s) 'example_short_circuit_decorator' retrieved from /home/airflow/.local/lib/python3.12/site-packages/airflow/example_dags/example_short_circuit_decorator.py
[2026-04-25T01:17:03.063+0000] {logging_mixin.py:190} INFO - [2026-04-25T01:17:03.063+0000] {dag.py:3239} INFO - Sync 1 DAGs
[2026-04-25T01:17:03.070+0000] {logging_mixin.py:190} INFO - [2026-04-25T01:17:03.070+0000] {dag.py:4180} INFO - Setting next_dagrun for example_short_circuit_decorator to None, run_after=None
[2026-04-25T01:17:03.077+0000] {processor.py:208} INFO - Processing /home/airflow/.local/lib/python3.12/site-packages/airflow/example_dags/example_short_circuit_decorator.py took 0.032 seconds
[2026-04-25T01:17:33.174+0000] {processor.py:186} INFO - Started process (PID=90298) to work on /home/airflow/.local/lib/python3.12/site-packages/airflow/example_dags/example_short_circuit_decorator.py
[2026-04-25T01:17:33.174+0000] {processor.py:914} INFO - Processing file /home/airflow/.local/lib/python3.12/site-packages/airflow/example_dags/example_short_circuit_decorator.py for tasks to queue
[2026-04-25T01:17:33.177+0000] {logging_mixin.py:190} INFO - [2026-04-25T01:17:33.177+0000] {dagbag.py:588} INFO - Filling up the DagBag from /home/airflow/.local/lib/python3.12/site-packages/airflow/example_dags/example_short_circuit_decorator.py
[2026-04-25T01:17:33.181+0000] {processor.py:925} INFO - DAG(s) 'example_short_circuit_decorator' retrieved from /home/airflow/.local/lib/python3.12/site-packages/airflow/example_dags/example_short_circuit_decorator.py
[2026-04-25T01:17:33.189+0000] {logging_mixin.py:190} INFO - [2026-04-25T01:17:33.189+0000] {dag.py:3239} INFO - Sync 1 DAGs
[2026-04-25T01:17:33.193+0000] {logging_mixin.py:190} INFO - [2026-04-25T01:17:33.193+0000] {dag.py:4180} INFO - Setting next_dagrun for example_short_circuit_decorator to None, run_after=None
[2026-04-25T01:17:33.199+0000] {processor.py:208} INFO - Processing /home/airflow/.local/lib/python3.12/site-packages/airflow/example_dags/example_short_circuit_decorator.py took 0.027 seconds
[2026-04-25T01:33:06.882+0000] {processor.py:186} INFO - Started process (PID=90362) to work on /home/airflow/.local/lib/python3.12/site-packages/airflow/example_dags/example_short_circuit_decorator.py
[2026-04-25T01:33:06.882+0000] {processor.py:914} INFO - Processing file /home/airflow/.local/lib/python3.12/site-packages/airflow/example_dags/example_short_circuit_decorator.py for tasks to queue
[2026-04-25T01:33:06.883+0000] {logging_mixin.py:190} INFO - [2026-04-25T01:33:06.883+0000] {dagbag.py:588} INFO - Filling up the DagBag from /home/airflow/.local/lib/python3.12/site-packages/airflow/example_dags/example_short_circuit_decorator.py
[2026-04-25T01:33:06.886+0000] {processor.py:925} INFO - DAG(s) 'example_short_circuit_decorator' retrieved from /home/airflow/.local/lib/python3.12/site-packages/airflow/example_dags/example_short_circuit_decorator.py
[2026-04-25T01:33:06.893+0000] {logging_mixin.py:190} INFO - [2026-04-25T01:33:06.893+0000] {dag.py:3239} INFO - Sync 1 DAGs
[2026-04-25T01:33:06.897+0000] {logging_mixin.py:190} INFO - [2026-04-25T01:33:06.897+0000] {dag.py:4180} INFO - Setting next_dagrun for example_short_circuit_decorator to None, run_after=None
[2026-04-25T01:33:06.902+0000] {processor.py:208} INFO - Processing /home/airflow/.local/lib/python3.12/site-packages/airflow/example_dags/example_short_circuit_decorator.py took 0.023 seconds
[2026-04-25T01:48:42.198+0000] {processor.py:186} INFO - Started process (PID=90426) to work on /home/airflow/.local/lib/python3.12/site-packages/airflow/example_dags/example_short_circuit_decorator.py
[2026-04-25T01:48:42.198+0000] {processor.py:914} INFO - Processing file /home/airflow/.local/lib/python3.12/site-packages/airflow/example_dags/example_short_circuit_decorator.py for tasks to queue
[2026-04-25T01:48:42.199+0000] {logging_mixin.py:190} INFO - [2026-04-25T01:48:42.199+0000] {dagbag.py:588} INFO - Filling up the DagBag from /home/airflow/.local/lib/python3.12/site-packages/airflow/example_dags/example_short_circuit_decorator.py
[2026-04-25T01:48:42.203+0000] {processor.py:925} INFO - DAG(s) 'example_short_circuit_decorator' retrieved from /home/airflow/.local/lib/python3.12/site-packages/airflow/example_dags/example_short_circuit_decorator.py
[2026-04-25T01:48:42.211+0000] {logging_mixin.py:190} INFO - [2026-04-25T01:48:42.211+0000] {dag.py:3239} INFO - Sync 1 DAGs
[2026-04-25T01:48:42.216+0000] {logging_mixin.py:190} INFO - [2026-04-25T01:48:42.216+0000] {dag.py:4180} INFO - Setting next_dagrun for example_short_circuit_decorator to None, run_after=None
[2026-04-25T01:48:42.222+0000] {processor.py:208} INFO - Processing /home/airflow/.local/lib/python3.12/site-packages/airflow/example_dags/example_short_circuit_decorator.py took 0.026 seconds
[2026-04-25T01:49:12.788+0000] {processor.py:186} INFO - Started process (PID=90490) to work on /home/airflow/.local/lib/python3.12/site-packages/airflow/example_dags/example_short_circuit_decorator.py
[2026-04-25T01:49:12.788+0000] {processor.py:914} INFO - Processing file /home/airflow/.local/lib/python3.12/site-packages/airflow/example_dags/example_short_circuit_decorator.py for tasks to queue
[2026-04-25T01:49:12.790+0000] {logging_mixin.py:190} INFO - [2026-04-25T01:49:12.790+0000] {dagbag.py:588} INFO - Filling up the DagBag from /home/airflow/.local/lib/python3.12/site-packages/airflow/example_dags/example_short_circuit_decorator.py
[2026-04-25T01:49:12.794+0000] {processor.py:925} INFO - DAG(s) 'example_short_circuit_decorator' retrieved from /home/airflow/.local/lib/python3.12/site-packages/airflow/example_dags/example_short_circuit_decorator.py
[2026-04-25T01:49:12.804+0000] {logging_mixin.py:190} INFO - [2026-04-25T01:49:12.804+0000] {dag.py:3239} INFO - Sync 1 DAGs
[2026-04-25T01:49:12.809+0000] {logging_mixin.py:190} INFO - [2026-04-25T01:49:12.809+0000] {dag.py:4180} INFO - Setting next_dagrun for example_short_circuit_decorator to None, run_after=None
[2026-04-25T01:49:12.818+0000] {processor.py:208} INFO - Processing /home/airflow/.local/lib/python3.12/site-packages/airflow/example_dags/example_short_circuit_decorator.py took 0.033 seconds
[2026-04-25T01:55:31.486+0000] {processor.py:186} INFO - Started process (PID=90554) to work on /home/airflow/.local/lib/python3.12/site-packages/airflow/example_dags/example_short_circuit_decorator.py
[2026-04-25T01:55:31.487+0000] {processor.py:914} INFO - Processing file /home/airflow/.local/lib/python3.12/site-packages/airflow/example_dags/example_short_circuit_decorator.py for tasks to queue
[2026-04-25T01:55:31.489+0000] {logging_mixin.py:190} INFO - [2026-04-25T01:55:31.489+0000] {dagbag.py:588} INFO - Filling up the DagBag from /home/airflow/.local/lib/python3.12/site-packages/airflow/example_dags/example_short_circuit_decorator.py
[2026-04-25T01:55:31.494+0000] {processor.py:925} INFO - DAG(s) 'example_short_circuit_decorator' retrieved from /home/airflow/.local/lib/python3.12/site-packages/airflow/example_dags/example_short_circuit_decorator.py
[2026-04-25T01:55:31.505+0000] {logging_mixin.py:190} INFO - [2026-04-25T01:55:31.505+0000] {dag.py:3239} INFO - Sync 1 DAGs
[2026-04-25T01:55:31.512+0000] {logging_mixin.py:190} INFO - [2026-04-25T01:55:31.512+0000] {dag.py:4180} INFO - Setting next_dagrun for example_short_circuit_decorator to None, run_after=None
[2026-04-25T01:55:31.525+0000] {processor.py:208} INFO - Processing /home/airflow/.local/lib/python3.12/site-packages/airflow/example_dags/example_short_circuit_decorator.py took 0.041 seconds
[2026-04-25T02:11:05.952+0000] {processor.py:186} INFO - Started process (PID=90618) to work on /home/airflow/.local/lib/python3.12/site-packages/airflow/example_dags/example_short_circuit_decorator.py
[2026-04-25T02:11:05.952+0000] {processor.py:914} INFO - Processing file /home/airflow/.local/lib/python3.12/site-packages/airflow/example_dags/example_short_circuit_decorator.py for tasks to queue
[2026-04-25T02:11:05.954+0000] {logging_mixin.py:190} INFO - [2026-04-25T02:11:05.954+0000] {dagbag.py:588} INFO - Filling up the DagBag from /home/airflow/.local/lib/python3.12/site-packages/airflow/example_dags/example_short_circuit_decorator.py
[2026-04-25T02:11:05.958+0000] {processor.py:925} INFO - DAG(s) 'example_short_circuit_decorator' retrieved from /home/airflow/.local/lib/python3.12/site-packages/airflow/example_dags/example_short_circuit_decorator.py
[2026-04-25T02:11:05.968+0000] {logging_mixin.py:190} INFO - [2026-04-25T02:11:05.967+0000] {dag.py:3239} INFO - Sync 1 DAGs
[2026-04-25T02:11:05.973+0000] {logging_mixin.py:190} INFO - [2026-04-25T02:11:05.973+0000] {dag.py:4180} INFO - Setting next_dagrun for example_short_circuit_decorator to None, run_after=None
[2026-04-25T02:11:05.983+0000] {processor.py:208} INFO - Processing /home/airflow/.local/lib/python3.12/site-packages/airflow/example_dags/example_short_circuit_decorator.py took 0.033 seconds
[2026-04-25T02:11:36.405+0000] {processor.py:186} INFO - Started process (PID=90682) to work on /home/airflow/.local/lib/python3.12/site-packages/airflow/example_dags/example_short_circuit_decorator.py
[2026-04-25T02:11:36.405+0000] {processor.py:914} INFO - Processing file /home/airflow/.local/lib/python3.12/site-packages/airflow/example_dags/example_short_circuit_decorator.py for tasks to queue
[2026-04-25T02:11:36.407+0000] {logging_mixin.py:190} INFO - [2026-04-25T02:11:36.407+0000] {dagbag.py:588} INFO - Filling up the DagBag from /home/airflow/.local/lib/python3.12/site-packages/airflow/example_dags/example_short_circuit_decorator.py
[2026-04-25T02:11:36.412+0000] {processor.py:925} INFO - DAG(s) 'example_short_circuit_decorator' retrieved from /home/airflow/.local/lib/python3.12/site-packages/airflow/example_dags/example_short_circuit_decorator.py
[2026-04-25T02:11:36.422+0000] {logging_mixin.py:190} INFO - [2026-04-25T02:11:36.422+0000] {dag.py:3239} INFO - Sync 1 DAGs
[2026-04-25T02:11:36.426+0000] {logging_mixin.py:190} INFO - [2026-04-25T02:11:36.426+0000] {dag.py:4180} INFO - Setting next_dagrun for example_short_circuit_decorator to None, run_after=None
[2026-04-25T02:11:36.434+0000] {processor.py:208} INFO - Processing /home/airflow/.local/lib/python3.12/site-packages/airflow/example_dags/example_short_circuit_decorator.py took 0.031 seconds
[2026-04-25T02:17:40.550+0000] {processor.py:186} INFO - Started process (PID=90746) to work on /home/airflow/.local/lib/python3.12/site-packages/airflow/example_dags/example_short_circuit_decorator.py
[2026-04-25T02:17:40.550+0000] {processor.py:914} INFO - Processing file /home/airflow/.local/lib/python3.12/site-packages/airflow/example_dags/example_short_circuit_decorator.py for tasks to queue
[2026-04-25T02:17:40.551+0000] {logging_mixin.py:190} INFO - [2026-04-25T02:17:40.551+0000] {dagbag.py:588} INFO - Filling up the DagBag from /home/airflow/.local/lib/python3.12/site-packages/airflow/example_dags/example_short_circuit_decorator.py
[2026-04-25T02:17:40.556+0000] {processor.py:925} INFO - DAG(s) 'example_short_circuit_decorator' retrieved from /home/airflow/.local/lib/python3.12/site-packages/airflow/example_dags/example_short_circuit_decorator.py
[2026-04-25T02:17:40.569+0000] {logging_mixin.py:190} INFO - [2026-04-25T02:17:40.569+0000] {dag.py:3239} INFO - Sync 1 DAGs
[2026-04-25T02:17:40.574+0000] {logging_mixin.py:190} INFO - [2026-04-25T02:17:40.574+0000] {dag.py:4180} INFO - Setting next_dagrun for example_short_circuit_decorator to None, run_after=None
[2026-04-25T02:17:40.582+0000] {processor.py:208} INFO - Processing /home/airflow/.local/lib/python3.12/site-packages/airflow/example_dags/example_short_circuit_decorator.py took 0.035 seconds
[2026-04-25T02:18:10.877+0000] {processor.py:186} INFO - Started process (PID=90810) to work on /home/airflow/.local/lib/python3.12/site-packages/airflow/example_dags/example_short_circuit_decorator.py
[2026-04-25T02:18:10.878+0000] {processor.py:914} INFO - Processing file /home/airflow/.local/lib/python3.12/site-packages/airflow/example_dags/example_short_circuit_decorator.py for tasks to queue
[2026-04-25T02:18:10.879+0000] {logging_mixin.py:190} INFO - [2026-04-25T02:18:10.879+0000] {dagbag.py:588} INFO - Filling up the DagBag from /home/airflow/.local/lib/python3.12/site-packages/airflow/example_dags/example_short_circuit_decorator.py
[2026-04-25T02:18:10.884+0000] {processor.py:925} INFO - DAG(s) 'example_short_circuit_decorator' retrieved from /home/airflow/.local/lib/python3.12/site-packages/airflow/example_dags/example_short_circuit_decorator.py
[2026-04-25T02:18:10.896+0000] {logging_mixin.py:190} INFO - [2026-04-25T02:18:10.895+0000] {dag.py:3239} INFO - Sync 1 DAGs
[2026-04-25T02:18:10.901+0000] {logging_mixin.py:190} INFO - [2026-04-25T02:18:10.901+0000] {dag.py:4180} INFO - Setting next_dagrun for example_short_circuit_decorator to None, run_after=None
[2026-04-25T02:18:10.911+0000] {processor.py:208} INFO - Processing /home/airflow/.local/lib/python3.12/site-packages/airflow/example_dags/example_short_circuit_decorator.py took 0.036 seconds
[2026-04-25T02:33:44.257+0000] {processor.py:186} INFO - Started process (PID=90874) to work on /home/airflow/.local/lib/python3.12/site-packages/airflow/example_dags/example_short_circuit_decorator.py
[2026-04-25T02:33:44.258+0000] {processor.py:914} INFO - Processing file /home/airflow/.local/lib/python3.12/site-packages/airflow/example_dags/example_short_circuit_decorator.py for tasks to queue
[2026-04-25T02:33:44.259+0000] {logging_mixin.py:190} INFO - [2026-04-25T02:33:44.259+0000] {dagbag.py:588} INFO - Filling up the DagBag from /home/airflow/.local/lib/python3.12/site-packages/airflow/example_dags/example_short_circuit_decorator.py
[2026-04-25T02:33:44.262+0000] {processor.py:925} INFO - DAG(s) 'example_short_circuit_decorator' retrieved from /home/airflow/.local/lib/python3.12/site-packages/airflow/example_dags/example_short_circuit_decorator.py
[2026-04-25T02:33:44.275+0000] {logging_mixin.py:190} INFO - [2026-04-25T02:33:44.275+0000] {dag.py:3239} INFO - Sync 1 DAGs
[2026-04-25T02:33:44.280+0000] {logging_mixin.py:190} INFO - [2026-04-25T02:33:44.280+0000] {dag.py:4180} INFO - Setting next_dagrun for example_short_circuit_decorator to None, run_after=None
[2026-04-25T02:33:44.289+0000] {processor.py:208} INFO - Processing /home/airflow/.local/lib/python3.12/site-packages/airflow/example_dags/example_short_circuit_decorator.py took 0.034 seconds
[2026-04-25T02:35:48.476+0000] {processor.py:186} INFO - Started process (PID=90938) to work on /home/airflow/.local/lib/python3.12/site-packages/airflow/example_dags/example_short_circuit_decorator.py
[2026-04-25T02:35:48.476+0000] {processor.py:914} INFO - Processing file /home/airflow/.local/lib/python3.12/site-packages/airflow/example_dags/example_short_circuit_decorator.py for tasks to queue
[2026-04-25T02:35:48.477+0000] {logging_mixin.py:190} INFO - [2026-04-25T02:35:48.477+0000] {dagbag.py:588} INFO - Filling up the DagBag from /home/airflow/.local/lib/python3.12/site-packages/airflow/example_dags/example_short_circuit_decorator.py
[2026-04-25T02:35:48.480+0000] {processor.py:925} INFO - DAG(s) 'example_short_circuit_decorator' retrieved from /home/airflow/.local/lib/python3.12/site-packages/airflow/example_dags/example_short_circuit_decorator.py
[2026-04-25T02:35:48.492+0000] {logging_mixin.py:190} INFO - [2026-04-25T02:35:48.491+0000] {dag.py:3239} INFO - Sync 1 DAGs
[2026-04-25T02:35:48.499+0000] {logging_mixin.py:190} INFO - [2026-04-25T02:35:48.499+0000] {dag.py:4180} INFO - Setting next_dagrun for example_short_circuit_decorator to None, run_after=None
[2026-04-25T02:35:48.507+0000] {processor.py:208} INFO - Processing /home/airflow/.local/lib/python3.12/site-packages/airflow/example_dags/example_short_circuit_decorator.py took 0.034 seconds
[2026-04-25T02:36:19.784+0000] {processor.py:186} INFO - Started process (PID=91002) to work on /home/airflow/.local/lib/python3.12/site-packages/airflow/example_dags/example_short_circuit_decorator.py
[2026-04-25T02:36:19.784+0000] {processor.py:914} INFO - Processing file /home/airflow/.local/lib/python3.12/site-packages/airflow/example_dags/example_short_circuit_decorator.py for tasks to queue
[2026-04-25T02:36:19.785+0000] {logging_mixin.py:190} INFO - [2026-04-25T02:36:19.785+0000] {dagbag.py:588} INFO - Filling up the DagBag from /home/airflow/.local/lib/python3.12/site-packages/airflow/example_dags/example_short_circuit_decorator.py
[2026-04-25T02:36:19.790+0000] {processor.py:925} INFO - DAG(s) 'example_short_circuit_decorator' retrieved from /home/airflow/.local/lib/python3.12/site-packages/airflow/example_dags/example_short_circuit_decorator.py
[2026-04-25T02:36:19.798+0000] {logging_mixin.py:190} INFO - [2026-04-25T02:36:19.797+0000] {dag.py:3239} INFO - Sync 1 DAGs
[2026-04-25T02:36:19.802+0000] {logging_mixin.py:190} INFO - [2026-04-25T02:36:19.802+0000] {dag.py:4180} INFO - Setting next_dagrun for example_short_circuit_decorator to None, run_after=None
[2026-04-25T02:36:19.812+0000] {processor.py:208} INFO - Processing /home/airflow/.local/lib/python3.12/site-packages/airflow/example_dags/example_short_circuit_decorator.py took 0.031 seconds
[2026-04-25T02:36:51.020+0000] {processor.py:186} INFO - Started process (PID=91066) to work on /home/airflow/.local/lib/python3.12/site-packages/airflow/example_dags/example_short_circuit_decorator.py
[2026-04-25T02:36:51.022+0000] {processor.py:914} INFO - Processing file /home/airflow/.local/lib/python3.12/site-packages/airflow/example_dags/example_short_circuit_decorator.py for tasks to queue
[2026-04-25T02:36:51.022+0000] {logging_mixin.py:190} INFO - [2026-04-25T02:36:51.022+0000] {dagbag.py:588} INFO - Filling up the DagBag from /home/airflow/.local/lib/python3.12/site-packages/airflow/example_dags/example_short_circuit_decorator.py
[2026-04-25T02:36:51.026+0000] {processor.py:925} INFO - DAG(s) 'example_short_circuit_decorator' retrieved from /home/airflow/.local/lib/python3.12/site-packages/airflow/example_dags/example_short_circuit_decorator.py
[2026-04-25T02:36:51.034+0000] {logging_mixin.py:190} INFO - [2026-04-25T02:36:51.034+0000] {dag.py:3239} INFO - Sync 1 DAGs
[2026-04-25T02:36:51.039+0000] {logging_mixin.py:190} INFO - [2026-04-25T02:36:51.039+0000] {dag.py:4180} INFO - Setting next_dagrun for example_short_circuit_decorator to None, run_after=None
[2026-04-25T02:36:51.044+0000] {processor.py:208} INFO - Processing /home/airflow/.local/lib/python3.12/site-packages/airflow/example_dags/example_short_circuit_decorator.py took 0.027 seconds
[2026-04-25T02:37:22.359+0000] {processor.py:186} INFO - Started process (PID=91130) to work on /home/airflow/.local/lib/python3.12/site-packages/airflow/example_dags/example_short_circuit_decorator.py
[2026-04-25T02:37:22.361+0000] {processor.py:914} INFO - Processing file /home/airflow/.local/lib/python3.12/site-packages/airflow/example_dags/example_short_circuit_decorator.py for tasks to queue
[2026-04-25T02:37:22.362+0000] {logging_mixin.py:190} INFO - [2026-04-25T02:37:22.361+0000] {dagbag.py:588} INFO - Filling up the DagBag from /home/airflow/.local/lib/python3.12/site-packages/airflow/example_dags/example_short_circuit_decorator.py
[2026-04-25T02:37:22.366+0000] {processor.py:925} INFO - DAG(s) 'example_short_circuit_decorator' retrieved from /home/airflow/.local/lib/python3.12/site-packages/airflow/example_dags/example_short_circuit_decorator.py
[2026-04-25T02:37:22.373+0000] {logging_mixin.py:190} INFO - [2026-04-25T02:37:22.373+0000] {dag.py:3239} INFO - Sync 1 DAGs
[2026-04-25T02:37:22.378+0000] {logging_mixin.py:190} INFO - [2026-04-25T02:37:22.378+0000] {dag.py:4180} INFO - Setting next_dagrun for example_short_circuit_decorator to None, run_after=None
[2026-04-25T02:37:22.390+0000] {processor.py:208} INFO - Processing /home/airflow/.local/lib/python3.12/site-packages/airflow/example_dags/example_short_circuit_decorator.py took 0.034 seconds
[2026-04-25T02:52:54.018+0000] {processor.py:186} INFO - Started process (PID=91195) to work on /home/airflow/.local/lib/python3.12/site-packages/airflow/example_dags/example_short_circuit_decorator.py
[2026-04-25T02:52:54.019+0000] {processor.py:914} INFO - Processing file /home/airflow/.local/lib/python3.12/site-packages/airflow/example_dags/example_short_circuit_decorator.py for tasks to queue
[2026-04-25T02:52:54.020+0000] {logging_mixin.py:190} INFO - [2026-04-25T02:52:54.020+0000] {dagbag.py:588} INFO - Filling up the DagBag from /home/airflow/.local/lib/python3.12/site-packages/airflow/example_dags/example_short_circuit_decorator.py
[2026-04-25T02:52:54.024+0000] {processor.py:925} INFO - DAG(s) 'example_short_circuit_decorator' retrieved from /home/airflow/.local/lib/python3.12/site-packages/airflow/example_dags/example_short_circuit_decorator.py
[2026-04-25T02:52:54.032+0000] {logging_mixin.py:190} INFO - [2026-04-25T02:52:54.032+0000] {dag.py:3239} INFO - Sync 1 DAGs
[2026-04-25T02:52:54.036+0000] {logging_mixin.py:190} INFO - [2026-04-25T02:52:54.036+0000] {dag.py:4180} INFO - Setting next_dagrun for example_short_circuit_decorator to None, run_after=None
[2026-04-25T02:52:54.045+0000] {processor.py:208} INFO - Processing /home/airflow/.local/lib/python3.12/site-packages/airflow/example_dags/example_short_circuit_decorator.py took 0.029 seconds
[2026-04-25T02:56:21.272+0000] {processor.py:186} INFO - Started process (PID=91259) to work on /home/airflow/.local/lib/python3.12/site-packages/airflow/example_dags/example_short_circuit_decorator.py
[2026-04-25T02:56:21.273+0000] {processor.py:914} INFO - Processing file /home/airflow/.local/lib/python3.12/site-packages/airflow/example_dags/example_short_circuit_decorator.py for tasks to queue
[2026-04-25T02:56:21.274+0000] {logging_mixin.py:190} INFO - [2026-04-25T02:56:21.274+0000] {dagbag.py:588} INFO - Filling up the DagBag from /home/airflow/.local/lib/python3.12/site-packages/airflow/example_dags/example_short_circuit_decorator.py
[2026-04-25T02:56:21.279+0000] {processor.py:925} INFO - DAG(s) 'example_short_circuit_decorator' retrieved from /home/airflow/.local/lib/python3.12/site-packages/airflow/example_dags/example_short_circuit_decorator.py
[2026-04-25T02:56:21.292+0000] {logging_mixin.py:190} INFO - [2026-04-25T02:56:21.291+0000] {dag.py:3239} INFO - Sync 1 DAGs
[2026-04-25T02:56:21.297+0000] {logging_mixin.py:190} INFO - [2026-04-25T02:56:21.297+0000] {dag.py:4180} INFO - Setting next_dagrun for example_short_circuit_decorator to None, run_after=None
[2026-04-25T02:56:21.306+0000] {processor.py:208} INFO - Processing /home/airflow/.local/lib/python3.12/site-packages/airflow/example_dags/example_short_circuit_decorator.py took 0.037 seconds
[2026-04-25T02:56:51.556+0000] {processor.py:186} INFO - Started process (PID=91323) to work on /home/airflow/.local/lib/python3.12/site-packages/airflow/example_dags/example_short_circuit_decorator.py
[2026-04-25T02:56:51.557+0000] {processor.py:914} INFO - Processing file /home/airflow/.local/lib/python3.12/site-packages/airflow/example_dags/example_short_circuit_decorator.py for tasks to queue
[2026-04-25T02:56:51.557+0000] {logging_mixin.py:190} INFO - [2026-04-25T02:56:51.557+0000] {dagbag.py:588} INFO - Filling up the DagBag from /home/airflow/.local/lib/python3.12/site-packages/airflow/example_dags/example_short_circuit_decorator.py
[2026-04-25T02:56:51.562+0000] {processor.py:925} INFO - DAG(s) 'example_short_circuit_decorator' retrieved from /home/airflow/.local/lib/python3.12/site-packages/airflow/example_dags/example_short_circuit_decorator.py
[2026-04-25T02:56:51.571+0000] {logging_mixin.py:190} INFO - [2026-04-25T02:56:51.571+0000] {dag.py:3239} INFO - Sync 1 DAGs
[2026-04-25T02:56:51.576+0000] {logging_mixin.py:190} INFO - [2026-04-25T02:56:51.576+0000] {dag.py:4180} INFO - Setting next_dagrun for example_short_circuit_decorator to None, run_after=None
[2026-04-25T02:56:51.583+0000] {processor.py:208} INFO - Processing /home/airflow/.local/lib/python3.12/site-packages/airflow/example_dags/example_short_circuit_decorator.py took 0.029 seconds
[2026-04-25T02:58:02.759+0000] {processor.py:186} INFO - Started process (PID=91387) to work on /home/airflow/.local/lib/python3.12/site-packages/airflow/example_dags/example_short_circuit_decorator.py
[2026-04-25T02:58:02.759+0000] {processor.py:914} INFO - Processing file /home/airflow/.local/lib/python3.12/site-packages/airflow/example_dags/example_short_circuit_decorator.py for tasks to queue
[2026-04-25T02:58:02.761+0000] {logging_mixin.py:190} INFO - [2026-04-25T02:58:02.761+0000] {dagbag.py:588} INFO - Filling up the DagBag from /home/airflow/.local/lib/python3.12/site-packages/airflow/example_dags/example_short_circuit_decorator.py
[2026-04-25T02:58:02.764+0000] {processor.py:925} INFO - DAG(s) 'example_short_circuit_decorator' retrieved from /home/airflow/.local/lib/python3.12/site-packages/airflow/example_dags/example_short_circuit_decorator.py
[2026-04-25T02:58:02.776+0000] {logging_mixin.py:190} INFO - [2026-04-25T02:58:02.776+0000] {dag.py:3239} INFO - Sync 1 DAGs
[2026-04-25T02:58:02.782+0000] {logging_mixin.py:190} INFO - [2026-04-25T02:58:02.782+0000] {dag.py:4180} INFO - Setting next_dagrun for example_short_circuit_decorator to None, run_after=None
[2026-04-25T02:58:02.789+0000] {processor.py:208} INFO - Processing /home/airflow/.local/lib/python3.12/site-packages/airflow/example_dags/example_short_circuit_decorator.py took 0.033 seconds
[2026-04-25T03:03:54.021+0000] {processor.py:186} INFO - Started process (PID=91451) to work on /home/airflow/.local/lib/python3.12/site-packages/airflow/example_dags/example_short_circuit_decorator.py
[2026-04-25T03:03:54.021+0000] {processor.py:914} INFO - Processing file /home/airflow/.local/lib/python3.12/site-packages/airflow/example_dags/example_short_circuit_decorator.py for tasks to queue
[2026-04-25T03:03:54.022+0000] {logging_mixin.py:190} INFO - [2026-04-25T03:03:54.022+0000] {dagbag.py:588} INFO - Filling up the DagBag from /home/airflow/.local/lib/python3.12/site-packages/airflow/example_dags/example_short_circuit_decorator.py
[2026-04-25T03:03:54.026+0000] {processor.py:925} INFO - DAG(s) 'example_short_circuit_decorator' retrieved from /home/airflow/.local/lib/python3.12/site-packages/airflow/example_dags/example_short_circuit_decorator.py
[2026-04-25T03:03:54.033+0000] {logging_mixin.py:190} INFO - [2026-04-25T03:03:54.033+0000] {dag.py:3239} INFO - Sync 1 DAGs
[2026-04-25T03:03:54.038+0000] {logging_mixin.py:190} INFO - [2026-04-25T03:03:54.038+0000] {dag.py:4180} INFO - Setting next_dagrun for example_short_circuit_decorator to None, run_after=None
[2026-04-25T03:03:54.043+0000] {processor.py:208} INFO - Processing /home/airflow/.local/lib/python3.12/site-packages/airflow/example_dags/example_short_circuit_decorator.py took 0.024 seconds
[2026-04-25T03:04:24.366+0000] {processor.py:186} INFO - Started process (PID=91515) to work on /home/airflow/.local/lib/python3.12/site-packages/airflow/example_dags/example_short_circuit_decorator.py
[2026-04-25T03:04:24.367+0000] {processor.py:914} INFO - Processing file /home/airflow/.local/lib/python3.12/site-packages/airflow/example_dags/example_short_circuit_decorator.py for tasks to queue
[2026-04-25T03:04:24.367+0000] {logging_mixin.py:190} INFO - [2026-04-25T03:04:24.367+0000] {dagbag.py:588} INFO - Filling up the DagBag from /home/airflow/.local/lib/python3.12/site-packages/airflow/example_dags/example_short_circuit_decorator.py
[2026-04-25T03:04:24.372+0000] {processor.py:925} INFO - DAG(s) 'example_short_circuit_decorator' retrieved from /home/airflow/.local/lib/python3.12/site-packages/airflow/example_dags/example_short_circuit_decorator.py
[2026-04-25T03:04:24.380+0000] {logging_mixin.py:190} INFO - [2026-04-25T03:04:24.380+0000] {dag.py:3239} INFO - Sync 1 DAGs
[2026-04-25T03:04:24.385+0000] {logging_mixin.py:190} INFO - [2026-04-25T03:04:24.385+0000] {dag.py:4180} INFO - Setting next_dagrun for example_short_circuit_decorator to None, run_after=None
[2026-04-25T03:04:24.394+0000] {processor.py:208} INFO - Processing /home/airflow/.local/lib/python3.12/site-packages/airflow/example_dags/example_short_circuit_decorator.py took 0.030 seconds
[2026-04-25T03:51:49.063+0000] {processor.py:186} INFO - Started process (PID=91579) to work on /home/airflow/.local/lib/python3.12/site-packages/airflow/example_dags/example_short_circuit_decorator.py
[2026-04-25T03:51:49.063+0000] {processor.py:914} INFO - Processing file /home/airflow/.local/lib/python3.12/site-packages/airflow/example_dags/example_short_circuit_decorator.py for tasks to queue
[2026-04-25T03:51:49.064+0000] {logging_mixin.py:190} INFO - [2026-04-25T03:51:49.064+0000] {dagbag.py:588} INFO - Filling up the DagBag from /home/airflow/.local/lib/python3.12/site-packages/airflow/example_dags/example_short_circuit_decorator.py
[2026-04-25T03:51:49.069+0000] {processor.py:925} INFO - DAG(s) 'example_short_circuit_decorator' retrieved from /home/airflow/.local/lib/python3.12/site-packages/airflow/example_dags/example_short_circuit_decorator.py
[2026-04-25T03:51:49.076+0000] {logging_mixin.py:190} INFO - [2026-04-25T03:51:49.076+0000] {dag.py:3239} INFO - Sync 1 DAGs
[2026-04-25T03:51:49.083+0000] {logging_mixin.py:190} INFO - [2026-04-25T03:51:49.083+0000] {dag.py:4180} INFO - Setting next_dagrun for example_short_circuit_decorator to None, run_after=None
[2026-04-25T03:51:49.092+0000] {processor.py:208} INFO - Processing /home/airflow/.local/lib/python3.12/site-packages/airflow/example_dags/example_short_circuit_decorator.py took 0.032 seconds
[2026-04-25T03:57:43.201+0000] {processor.py:186} INFO - Started process (PID=91643) to work on /home/airflow/.local/lib/python3.12/site-packages/airflow/example_dags/example_short_circuit_decorator.py
[2026-04-25T03:57:43.202+0000] {processor.py:914} INFO - Processing file /home/airflow/.local/lib/python3.12/site-packages/airflow/example_dags/example_short_circuit_decorator.py for tasks to queue
[2026-04-25T03:57:43.203+0000] {logging_mixin.py:190} INFO - [2026-04-25T03:57:43.203+0000] {dagbag.py:588} INFO - Filling up the DagBag from /home/airflow/.local/lib/python3.12/site-packages/airflow/example_dags/example_short_circuit_decorator.py
[2026-04-25T03:57:43.211+0000] {processor.py:925} INFO - DAG(s) 'example_short_circuit_decorator' retrieved from /home/airflow/.local/lib/python3.12/site-packages/airflow/example_dags/example_short_circuit_decorator.py
[2026-04-25T03:57:43.220+0000] {logging_mixin.py:190} INFO - [2026-04-25T03:57:43.220+0000] {dag.py:3239} INFO - Sync 1 DAGs
[2026-04-25T03:57:43.226+0000] {logging_mixin.py:190} INFO - [2026-04-25T03:57:43.226+0000] {dag.py:4180} INFO - Setting next_dagrun for example_short_circuit_decorator to None, run_after=None
[2026-04-25T03:57:43.235+0000] {processor.py:208} INFO - Processing /home/airflow/.local/lib/python3.12/site-packages/airflow/example_dags/example_short_circuit_decorator.py took 0.036 seconds
[2026-04-25T04:16:02.587+0000] {processor.py:186} INFO - Started process (PID=91707) to work on /home/airflow/.local/lib/python3.12/site-packages/airflow/example_dags/example_short_circuit_decorator.py
[2026-04-25T04:16:02.589+0000] {processor.py:914} INFO - Processing file /home/airflow/.local/lib/python3.12/site-packages/airflow/example_dags/example_short_circuit_decorator.py for tasks to queue
[2026-04-25T04:16:02.590+0000] {logging_mixin.py:190} INFO - [2026-04-25T04:16:02.589+0000] {dagbag.py:588} INFO - Filling up the DagBag from /home/airflow/.local/lib/python3.12/site-packages/airflow/example_dags/example_short_circuit_decorator.py
[2026-04-25T04:16:02.595+0000] {processor.py:925} INFO - DAG(s) 'example_short_circuit_decorator' retrieved from /home/airflow/.local/lib/python3.12/site-packages/airflow/example_dags/example_short_circuit_decorator.py
[2026-04-25T04:16:02.605+0000] {logging_mixin.py:190} INFO - [2026-04-25T04:16:02.605+0000] {dag.py:3239} INFO - Sync 1 DAGs
[2026-04-25T04:16:02.611+0000] {logging_mixin.py:190} INFO - [2026-04-25T04:16:02.610+0000] {dag.py:4180} INFO - Setting next_dagrun for example_short_circuit_decorator to None, run_after=None
[2026-04-25T04:16:02.617+0000] {processor.py:208} INFO - Processing /home/airflow/.local/lib/python3.12/site-packages/airflow/example_dags/example_short_circuit_decorator.py took 0.032 seconds
[2026-04-25T04:33:49.705+0000] {processor.py:186} INFO - Started process (PID=91771) to work on /home/airflow/.local/lib/python3.12/site-packages/airflow/example_dags/example_short_circuit_decorator.py
[2026-04-25T04:33:49.705+0000] {processor.py:914} INFO - Processing file /home/airflow/.local/lib/python3.12/site-packages/airflow/example_dags/example_short_circuit_decorator.py for tasks to queue
[2026-04-25T04:33:49.706+0000] {logging_mixin.py:190} INFO - [2026-04-25T04:33:49.706+0000] {dagbag.py:588} INFO - Filling up the DagBag from /home/airflow/.local/lib/python3.12/site-packages/airflow/example_dags/example_short_circuit_decorator.py
[2026-04-25T04:33:49.709+0000] {processor.py:925} INFO - DAG(s) 'example_short_circuit_decorator' retrieved from /home/airflow/.local/lib/python3.12/site-packages/airflow/example_dags/example_short_circuit_decorator.py
[2026-04-25T04:33:49.716+0000] {logging_mixin.py:190} INFO - [2026-04-25T04:33:49.716+0000] {dag.py:3239} INFO - Sync 1 DAGs
[2026-04-25T04:33:49.721+0000] {logging_mixin.py:190} INFO - [2026-04-25T04:33:49.721+0000] {dag.py:4180} INFO - Setting next_dagrun for example_short_circuit_decorator to None, run_after=None
[2026-04-25T04:33:49.726+0000] {processor.py:208} INFO - Processing /home/airflow/.local/lib/python3.12/site-packages/airflow/example_dags/example_short_circuit_decorator.py took 0.023 seconds
[2026-04-25T04:34:20.020+0000] {processor.py:186} INFO - Started process (PID=91835) to work on /home/airflow/.local/lib/python3.12/site-packages/airflow/example_dags/example_short_circuit_decorator.py
[2026-04-25T04:34:20.021+0000] {processor.py:914} INFO - Processing file /home/airflow/.local/lib/python3.12/site-packages/airflow/example_dags/example_short_circuit_decorator.py for tasks to queue
[2026-04-25T04:34:20.022+0000] {logging_mixin.py:190} INFO - [2026-04-25T04:34:20.021+0000] {dagbag.py:588} INFO - Filling up the DagBag from /home/airflow/.local/lib/python3.12/site-packages/airflow/example_dags/example_short_circuit_decorator.py
[2026-04-25T04:34:20.025+0000] {processor.py:925} INFO - DAG(s) 'example_short_circuit_decorator' retrieved from /home/airflow/.local/lib/python3.12/site-packages/airflow/example_dags/example_short_circuit_decorator.py
[2026-04-25T04:34:20.036+0000] {logging_mixin.py:190} INFO - [2026-04-25T04:34:20.035+0000] {dag.py:3239} INFO - Sync 1 DAGs
[2026-04-25T04:34:20.041+0000] {logging_mixin.py:190} INFO - [2026-04-25T04:34:20.041+0000] {dag.py:4180} INFO - Setting next_dagrun for example_short_circuit_decorator to None, run_after=None
[2026-04-25T04:34:20.047+0000] {processor.py:208} INFO - Processing /home/airflow/.local/lib/python3.12/site-packages/airflow/example_dags/example_short_circuit_decorator.py took 0.029 seconds
[2026-04-25T04:52:07.058+0000] {processor.py:186} INFO - Started process (PID=91899) to work on /home/airflow/.local/lib/python3.12/site-packages/airflow/example_dags/example_short_circuit_decorator.py
[2026-04-25T04:52:07.059+0000] {processor.py:914} INFO - Processing file /home/airflow/.local/lib/python3.12/site-packages/airflow/example_dags/example_short_circuit_decorator.py for tasks to queue
[2026-04-25T04:52:07.061+0000] {logging_mixin.py:190} INFO - [2026-04-25T04:52:07.061+0000] {dagbag.py:588} INFO - Filling up the DagBag from /home/airflow/.local/lib/python3.12/site-packages/airflow/example_dags/example_short_circuit_decorator.py
[2026-04-25T04:52:07.065+0000] {processor.py:925} INFO - DAG(s) 'example_short_circuit_decorator' retrieved from /home/airflow/.local/lib/python3.12/site-packages/airflow/example_dags/example_short_circuit_decorator.py
[2026-04-25T04:52:07.075+0000] {logging_mixin.py:190} INFO - [2026-04-25T04:52:07.074+0000] {dag.py:3239} INFO - Sync 1 DAGs
[2026-04-25T04:52:07.080+0000] {logging_mixin.py:190} INFO - [2026-04-25T04:52:07.080+0000] {dag.py:4180} INFO - Setting next_dagrun for example_short_circuit_decorator to None, run_after=None
[2026-04-25T04:52:07.091+0000] {processor.py:208} INFO - Processing /home/airflow/.local/lib/python3.12/site-packages/airflow/example_dags/example_short_circuit_decorator.py took 0.036 seconds
[2026-04-25T04:58:19.151+0000] {processor.py:186} INFO - Started process (PID=91963) to work on /home/airflow/.local/lib/python3.12/site-packages/airflow/example_dags/example_short_circuit_decorator.py
[2026-04-25T04:58:19.152+0000] {processor.py:914} INFO - Processing file /home/airflow/.local/lib/python3.12/site-packages/airflow/example_dags/example_short_circuit_decorator.py for tasks to queue
[2026-04-25T04:58:19.153+0000] {logging_mixin.py:190} INFO - [2026-04-25T04:58:19.152+0000] {dagbag.py:588} INFO - Filling up the DagBag from /home/airflow/.local/lib/python3.12/site-packages/airflow/example_dags/example_short_circuit_decorator.py
[2026-04-25T04:58:19.156+0000] {processor.py:925} INFO - DAG(s) 'example_short_circuit_decorator' retrieved from /home/airflow/.local/lib/python3.12/site-packages/airflow/example_dags/example_short_circuit_decorator.py
[2026-04-25T04:58:19.169+0000] {logging_mixin.py:190} INFO - [2026-04-25T04:58:19.169+0000] {dag.py:3239} INFO - Sync 1 DAGs
[2026-04-25T04:58:19.175+0000] {logging_mixin.py:190} INFO - [2026-04-25T04:58:19.175+0000] {dag.py:4180} INFO - Setting next_dagrun for example_short_circuit_decorator to None, run_after=None
[2026-04-25T04:58:19.182+0000] {processor.py:208} INFO - Processing /home/airflow/.local/lib/python3.12/site-packages/airflow/example_dags/example_short_circuit_decorator.py took 0.033 seconds
[2026-04-25T05:17:21.803+0000] {processor.py:186} INFO - Started process (PID=92027) to work on /home/airflow/.local/lib/python3.12/site-packages/airflow/example_dags/example_short_circuit_decorator.py
[2026-04-25T05:17:21.803+0000] {processor.py:914} INFO - Processing file /home/airflow/.local/lib/python3.12/site-packages/airflow/example_dags/example_short_circuit_decorator.py for tasks to queue
[2026-04-25T05:17:21.804+0000] {logging_mixin.py:190} INFO - [2026-04-25T05:17:21.804+0000] {dagbag.py:588} INFO - Filling up the DagBag from /home/airflow/.local/lib/python3.12/site-packages/airflow/example_dags/example_short_circuit_decorator.py
[2026-04-25T05:17:21.809+0000] {processor.py:925} INFO - DAG(s) 'example_short_circuit_decorator' retrieved from /home/airflow/.local/lib/python3.12/site-packages/airflow/example_dags/example_short_circuit_decorator.py
[2026-04-25T05:17:21.817+0000] {logging_mixin.py:190} INFO - [2026-04-25T05:17:21.817+0000] {dag.py:3239} INFO - Sync 1 DAGs
[2026-04-25T05:17:21.822+0000] {logging_mixin.py:190} INFO - [2026-04-25T05:17:21.822+0000] {dag.py:4180} INFO - Setting next_dagrun for example_short_circuit_decorator to None, run_after=None
[2026-04-25T05:17:21.835+0000] {processor.py:208} INFO - Processing /home/airflow/.local/lib/python3.12/site-packages/airflow/example_dags/example_short_circuit_decorator.py took 0.035 seconds
[2026-04-25T05:17:53.066+0000] {processor.py:186} INFO - Started process (PID=92091) to work on /home/airflow/.local/lib/python3.12/site-packages/airflow/example_dags/example_short_circuit_decorator.py
[2026-04-25T05:17:53.066+0000] {processor.py:914} INFO - Processing file /home/airflow/.local/lib/python3.12/site-packages/airflow/example_dags/example_short_circuit_decorator.py for tasks to queue
[2026-04-25T05:17:53.067+0000] {logging_mixin.py:190} INFO - [2026-04-25T05:17:53.067+0000] {dagbag.py:588} INFO - Filling up the DagBag from /home/airflow/.local/lib/python3.12/site-packages/airflow/example_dags/example_short_circuit_decorator.py
[2026-04-25T05:17:53.071+0000] {processor.py:925} INFO - DAG(s) 'example_short_circuit_decorator' retrieved from /home/airflow/.local/lib/python3.12/site-packages/airflow/example_dags/example_short_circuit_decorator.py
[2026-04-25T05:17:53.080+0000] {logging_mixin.py:190} INFO - [2026-04-25T05:17:53.080+0000] {dag.py:3239} INFO - Sync 1 DAGs
[2026-04-25T05:17:53.086+0000] {logging_mixin.py:190} INFO - [2026-04-25T05:17:53.086+0000] {dag.py:4180} INFO - Setting next_dagrun for example_short_circuit_decorator to None, run_after=None
[2026-04-25T05:17:53.099+0000] {processor.py:208} INFO - Processing /home/airflow/.local/lib/python3.12/site-packages/airflow/example_dags/example_short_circuit_decorator.py took 0.036 seconds
[2026-04-25T05:34:40.355+0000] {processor.py:186} INFO - Started process (PID=92155) to work on /home/airflow/.local/lib/python3.12/site-packages/airflow/example_dags/example_short_circuit_decorator.py
[2026-04-25T05:34:40.355+0000] {processor.py:914} INFO - Processing file /home/airflow/.local/lib/python3.12/site-packages/airflow/example_dags/example_short_circuit_decorator.py for tasks to queue
[2026-04-25T05:34:40.356+0000] {logging_mixin.py:190} INFO - [2026-04-25T05:34:40.356+0000] {dagbag.py:588} INFO - Filling up the DagBag from /home/airflow/.local/lib/python3.12/site-packages/airflow/example_dags/example_short_circuit_decorator.py
[2026-04-25T05:34:40.361+0000] {processor.py:925} INFO - DAG(s) 'example_short_circuit_decorator' retrieved from /home/airflow/.local/lib/python3.12/site-packages/airflow/example_dags/example_short_circuit_decorator.py
[2026-04-25T05:34:40.373+0000] {logging_mixin.py:190} INFO - [2026-04-25T05:34:40.373+0000] {dag.py:3239} INFO - Sync 1 DAGs
[2026-04-25T05:34:40.379+0000] {logging_mixin.py:190} INFO - [2026-04-25T05:34:40.379+0000] {dag.py:4180} INFO - Setting next_dagrun for example_short_circuit_decorator to None, run_after=None
[2026-04-25T05:34:40.387+0000] {processor.py:208} INFO - Processing /home/airflow/.local/lib/python3.12/site-packages/airflow/example_dags/example_short_circuit_decorator.py took 0.034 seconds
[2026-04-25T05:35:10.704+0000] {processor.py:186} INFO - Started process (PID=92219) to work on /home/airflow/.local/lib/python3.12/site-packages/airflow/example_dags/example_short_circuit_decorator.py
[2026-04-25T05:35:10.704+0000] {processor.py:914} INFO - Processing file /home/airflow/.local/lib/python3.12/site-packages/airflow/example_dags/example_short_circuit_decorator.py for tasks to queue
[2026-04-25T05:35:10.705+0000] {logging_mixin.py:190} INFO - [2026-04-25T05:35:10.705+0000] {dagbag.py:588} INFO - Filling up the DagBag from /home/airflow/.local/lib/python3.12/site-packages/airflow/example_dags/example_short_circuit_decorator.py
[2026-04-25T05:35:10.712+0000] {processor.py:925} INFO - DAG(s) 'example_short_circuit_decorator' retrieved from /home/airflow/.local/lib/python3.12/site-packages/airflow/example_dags/example_short_circuit_decorator.py
[2026-04-25T05:35:10.721+0000] {logging_mixin.py:190} INFO - [2026-04-25T05:35:10.720+0000] {dag.py:3239} INFO - Sync 1 DAGs
[2026-04-25T05:35:10.727+0000] {logging_mixin.py:190} INFO - [2026-04-25T05:35:10.727+0000] {dag.py:4180} INFO - Setting next_dagrun for example_short_circuit_decorator to None, run_after=None
[2026-04-25T05:35:10.736+0000] {processor.py:208} INFO - Processing /home/airflow/.local/lib/python3.12/site-packages/airflow/example_dags/example_short_circuit_decorator.py took 0.035 seconds
[2026-04-25T05:53:16.613+0000] {processor.py:186} INFO - Started process (PID=92283) to work on /home/airflow/.local/lib/python3.12/site-packages/airflow/example_dags/example_short_circuit_decorator.py
[2026-04-25T05:53:16.613+0000] {processor.py:914} INFO - Processing file /home/airflow/.local/lib/python3.12/site-packages/airflow/example_dags/example_short_circuit_decorator.py for tasks to queue
[2026-04-25T05:53:16.614+0000] {logging_mixin.py:190} INFO - [2026-04-25T05:53:16.614+0000] {dagbag.py:588} INFO - Filling up the DagBag from /home/airflow/.local/lib/python3.12/site-packages/airflow/example_dags/example_short_circuit_decorator.py
[2026-04-25T05:53:16.617+0000] {processor.py:925} INFO - DAG(s) 'example_short_circuit_decorator' retrieved from /home/airflow/.local/lib/python3.12/site-packages/airflow/example_dags/example_short_circuit_decorator.py
[2026-04-25T05:53:16.624+0000] {logging_mixin.py:190} INFO - [2026-04-25T05:53:16.624+0000] {dag.py:3239} INFO - Sync 1 DAGs
[2026-04-25T05:53:16.628+0000] {logging_mixin.py:190} INFO - [2026-04-25T05:53:16.628+0000] {dag.py:4180} INFO - Setting next_dagrun for example_short_circuit_decorator to None, run_after=None
[2026-04-25T05:53:16.633+0000] {processor.py:208} INFO - Processing /home/airflow/.local/lib/python3.12/site-packages/airflow/example_dags/example_short_circuit_decorator.py took 0.023 seconds
[2026-04-25T05:59:19.125+0000] {processor.py:186} INFO - Started process (PID=92347) to work on /home/airflow/.local/lib/python3.12/site-packages/airflow/example_dags/example_short_circuit_decorator.py
[2026-04-25T05:59:19.126+0000] {processor.py:914} INFO - Processing file /home/airflow/.local/lib/python3.12/site-packages/airflow/example_dags/example_short_circuit_decorator.py for tasks to queue
[2026-04-25T05:59:19.128+0000] {logging_mixin.py:190} INFO - [2026-04-25T05:59:19.128+0000] {dagbag.py:588} INFO - Filling up the DagBag from /home/airflow/.local/lib/python3.12/site-packages/airflow/example_dags/example_short_circuit_decorator.py
[2026-04-25T05:59:19.134+0000] {processor.py:925} INFO - DAG(s) 'example_short_circuit_decorator' retrieved from /home/airflow/.local/lib/python3.12/site-packages/airflow/example_dags/example_short_circuit_decorator.py
[2026-04-25T05:59:19.147+0000] {logging_mixin.py:190} INFO - [2026-04-25T05:59:19.147+0000] {dag.py:3239} INFO - Sync 1 DAGs
[2026-04-25T05:59:19.151+0000] {logging_mixin.py:190} INFO - [2026-04-25T05:59:19.151+0000] {dag.py:4180} INFO - Setting next_dagrun for example_short_circuit_decorator to None, run_after=None
[2026-04-25T05:59:19.157+0000] {processor.py:208} INFO - Processing /home/airflow/.local/lib/python3.12/site-packages/airflow/example_dags/example_short_circuit_decorator.py took 0.035 seconds
[2026-04-25T06:16:57.458+0000] {processor.py:186} INFO - Started process (PID=92411) to work on /home/airflow/.local/lib/python3.12/site-packages/airflow/example_dags/example_short_circuit_decorator.py
[2026-04-25T06:16:57.458+0000] {processor.py:914} INFO - Processing file /home/airflow/.local/lib/python3.12/site-packages/airflow/example_dags/example_short_circuit_decorator.py for tasks to queue
[2026-04-25T06:16:57.459+0000] {logging_mixin.py:190} INFO - [2026-04-25T06:16:57.459+0000] {dagbag.py:588} INFO - Filling up the DagBag from /home/airflow/.local/lib/python3.12/site-packages/airflow/example_dags/example_short_circuit_decorator.py
[2026-04-25T06:16:57.462+0000] {processor.py:925} INFO - DAG(s) 'example_short_circuit_decorator' retrieved from /home/airflow/.local/lib/python3.12/site-packages/airflow/example_dags/example_short_circuit_decorator.py
[2026-04-25T06:16:57.470+0000] {logging_mixin.py:190} INFO - [2026-04-25T06:16:57.470+0000] {dag.py:3239} INFO - Sync 1 DAGs
[2026-04-25T06:16:57.474+0000] {logging_mixin.py:190} INFO - [2026-04-25T06:16:57.474+0000] {dag.py:4180} INFO - Setting next_dagrun for example_short_circuit_decorator to None, run_after=None
[2026-04-25T06:16:57.479+0000] {processor.py:208} INFO - Processing /home/airflow/.local/lib/python3.12/site-packages/airflow/example_dags/example_short_circuit_decorator.py took 0.023 seconds
[2026-04-25T06:33:48.823+0000] {processor.py:186} INFO - Started process (PID=92475) to work on /home/airflow/.local/lib/python3.12/site-packages/airflow/example_dags/example_short_circuit_decorator.py
[2026-04-25T06:33:48.824+0000] {processor.py:914} INFO - Processing file /home/airflow/.local/lib/python3.12/site-packages/airflow/example_dags/example_short_circuit_decorator.py for tasks to queue
[2026-04-25T06:33:48.826+0000] {logging_mixin.py:190} INFO - [2026-04-25T06:33:48.826+0000] {dagbag.py:588} INFO - Filling up the DagBag from /home/airflow/.local/lib/python3.12/site-packages/airflow/example_dags/example_short_circuit_decorator.py
[2026-04-25T06:33:48.830+0000] {processor.py:925} INFO - DAG(s) 'example_short_circuit_decorator' retrieved from /home/airflow/.local/lib/python3.12/site-packages/airflow/example_dags/example_short_circuit_decorator.py
[2026-04-25T06:33:48.839+0000] {logging_mixin.py:190} INFO - [2026-04-25T06:33:48.839+0000] {dag.py:3239} INFO - Sync 1 DAGs
[2026-04-25T06:33:48.844+0000] {logging_mixin.py:190} INFO - [2026-04-25T06:33:48.844+0000] {dag.py:4180} INFO - Setting next_dagrun for example_short_circuit_decorator to None, run_after=None
[2026-04-25T06:33:48.852+0000] {processor.py:208} INFO - Processing /home/airflow/.local/lib/python3.12/site-packages/airflow/example_dags/example_short_circuit_decorator.py took 0.031 seconds
[2026-04-25T06:34:19.057+0000] {processor.py:186} INFO - Started process (PID=92539) to work on /home/airflow/.local/lib/python3.12/site-packages/airflow/example_dags/example_short_circuit_decorator.py
[2026-04-25T06:34:19.058+0000] {processor.py:914} INFO - Processing file /home/airflow/.local/lib/python3.12/site-packages/airflow/example_dags/example_short_circuit_decorator.py for tasks to queue
[2026-04-25T06:34:19.059+0000] {logging_mixin.py:190} INFO - [2026-04-25T06:34:19.059+0000] {dagbag.py:588} INFO - Filling up the DagBag from /home/airflow/.local/lib/python3.12/site-packages/airflow/example_dags/example_short_circuit_decorator.py
[2026-04-25T06:34:19.063+0000] {processor.py:925} INFO - DAG(s) 'example_short_circuit_decorator' retrieved from /home/airflow/.local/lib/python3.12/site-packages/airflow/example_dags/example_short_circuit_decorator.py
[2026-04-25T06:34:19.073+0000] {logging_mixin.py:190} INFO - [2026-04-25T06:34:19.073+0000] {dag.py:3239} INFO - Sync 1 DAGs
[2026-04-25T06:34:19.078+0000] {logging_mixin.py:190} INFO - [2026-04-25T06:34:19.078+0000] {dag.py:4180} INFO - Setting next_dagrun for example_short_circuit_decorator to None, run_after=None
[2026-04-25T06:34:19.085+0000] {processor.py:208} INFO - Processing /home/airflow/.local/lib/python3.12/site-packages/airflow/example_dags/example_short_circuit_decorator.py took 0.031 seconds
[2026-04-25T06:51:33.927+0000] {processor.py:186} INFO - Started process (PID=92603) to work on /home/airflow/.local/lib/python3.12/site-packages/airflow/example_dags/example_short_circuit_decorator.py
[2026-04-25T06:51:33.928+0000] {processor.py:914} INFO - Processing file /home/airflow/.local/lib/python3.12/site-packages/airflow/example_dags/example_short_circuit_decorator.py for tasks to queue
[2026-04-25T06:51:33.931+0000] {logging_mixin.py:190} INFO - [2026-04-25T06:51:33.931+0000] {dagbag.py:588} INFO - Filling up the DagBag from /home/airflow/.local/lib/python3.12/site-packages/airflow/example_dags/example_short_circuit_decorator.py
[2026-04-25T06:51:33.937+0000] {processor.py:925} INFO - DAG(s) 'example_short_circuit_decorator' retrieved from /home/airflow/.local/lib/python3.12/site-packages/airflow/example_dags/example_short_circuit_decorator.py
[2026-04-25T06:51:33.949+0000] {logging_mixin.py:190} INFO - [2026-04-25T06:51:33.949+0000] {dag.py:3239} INFO - Sync 1 DAGs
[2026-04-25T06:51:33.953+0000] {logging_mixin.py:190} INFO - [2026-04-25T06:51:33.953+0000] {dag.py:4180} INFO - Setting next_dagrun for example_short_circuit_decorator to None, run_after=None
[2026-04-25T06:51:33.960+0000] {processor.py:208} INFO - Processing /home/airflow/.local/lib/python3.12/site-packages/airflow/example_dags/example_short_circuit_decorator.py took 0.035 seconds
[2026-04-25T07:00:19.461+0000] {processor.py:186} INFO - Started process (PID=92667) to work on /home/airflow/.local/lib/python3.12/site-packages/airflow/example_dags/example_short_circuit_decorator.py
[2026-04-25T07:00:19.461+0000] {processor.py:914} INFO - Processing file /home/airflow/.local/lib/python3.12/site-packages/airflow/example_dags/example_short_circuit_decorator.py for tasks to queue
[2026-04-25T07:00:19.463+0000] {logging_mixin.py:190} INFO - [2026-04-25T07:00:19.463+0000] {dagbag.py:588} INFO - Filling up the DagBag from /home/airflow/.local/lib/python3.12/site-packages/airflow/example_dags/example_short_circuit_decorator.py
[2026-04-25T07:00:19.467+0000] {processor.py:925} INFO - DAG(s) 'example_short_circuit_decorator' retrieved from /home/airflow/.local/lib/python3.12/site-packages/airflow/example_dags/example_short_circuit_decorator.py
[2026-04-25T07:00:19.477+0000] {logging_mixin.py:190} INFO - [2026-04-25T07:00:19.477+0000] {dag.py:3239} INFO - Sync 1 DAGs
[2026-04-25T07:00:19.483+0000] {logging_mixin.py:190} INFO - [2026-04-25T07:00:19.483+0000] {dag.py:4180} INFO - Setting next_dagrun for example_short_circuit_decorator to None, run_after=None
[2026-04-25T07:00:19.493+0000] {processor.py:208} INFO - Processing /home/airflow/.local/lib/python3.12/site-packages/airflow/example_dags/example_short_circuit_decorator.py took 0.035 seconds
[2026-04-25T07:00:50.127+0000] {processor.py:186} INFO - Started process (PID=92731) to work on /home/airflow/.local/lib/python3.12/site-packages/airflow/example_dags/example_short_circuit_decorator.py
[2026-04-25T07:00:50.127+0000] {processor.py:914} INFO - Processing file /home/airflow/.local/lib/python3.12/site-packages/airflow/example_dags/example_short_circuit_decorator.py for tasks to queue
[2026-04-25T07:00:50.128+0000] {logging_mixin.py:190} INFO - [2026-04-25T07:00:50.128+0000] {dagbag.py:588} INFO - Filling up the DagBag from /home/airflow/.local/lib/python3.12/site-packages/airflow/example_dags/example_short_circuit_decorator.py
[2026-04-25T07:00:50.132+0000] {processor.py:925} INFO - DAG(s) 'example_short_circuit_decorator' retrieved from /home/airflow/.local/lib/python3.12/site-packages/airflow/example_dags/example_short_circuit_decorator.py
[2026-04-25T07:00:50.141+0000] {logging_mixin.py:190} INFO - [2026-04-25T07:00:50.141+0000] {dag.py:3239} INFO - Sync 1 DAGs
[2026-04-25T07:00:50.146+0000] {logging_mixin.py:190} INFO - [2026-04-25T07:00:50.146+0000] {dag.py:4180} INFO - Setting next_dagrun for example_short_circuit_decorator to None, run_after=None
[2026-04-25T07:00:50.154+0000] {processor.py:208} INFO - Processing /home/airflow/.local/lib/python3.12/site-packages/airflow/example_dags/example_short_circuit_decorator.py took 0.030 seconds
[2026-04-25T07:18:09.860+0000] {processor.py:186} INFO - Started process (PID=92795) to work on /home/airflow/.local/lib/python3.12/site-packages/airflow/example_dags/example_short_circuit_decorator.py
[2026-04-25T07:18:09.861+0000] {processor.py:914} INFO - Processing file /home/airflow/.local/lib/python3.12/site-packages/airflow/example_dags/example_short_circuit_decorator.py for tasks to queue
[2026-04-25T07:18:09.862+0000] {logging_mixin.py:190} INFO - [2026-04-25T07:18:09.862+0000] {dagbag.py:588} INFO - Filling up the DagBag from /home/airflow/.local/lib/python3.12/site-packages/airflow/example_dags/example_short_circuit_decorator.py
[2026-04-25T07:18:09.866+0000] {processor.py:925} INFO - DAG(s) 'example_short_circuit_decorator' retrieved from /home/airflow/.local/lib/python3.12/site-packages/airflow/example_dags/example_short_circuit_decorator.py
[2026-04-25T07:18:09.876+0000] {logging_mixin.py:190} INFO - [2026-04-25T07:18:09.876+0000] {dag.py:3239} INFO - Sync 1 DAGs
[2026-04-25T07:18:09.881+0000] {logging_mixin.py:190} INFO - [2026-04-25T07:18:09.881+0000] {dag.py:4180} INFO - Setting next_dagrun for example_short_circuit_decorator to None, run_after=None
[2026-04-25T07:18:09.890+0000] {processor.py:208} INFO - Processing /home/airflow/.local/lib/python3.12/site-packages/airflow/example_dags/example_short_circuit_decorator.py took 0.033 seconds
[2026-04-25T07:18:40.141+0000] {processor.py:186} INFO - Started process (PID=92859) to work on /home/airflow/.local/lib/python3.12/site-packages/airflow/example_dags/example_short_circuit_decorator.py
[2026-04-25T07:18:40.141+0000] {processor.py:914} INFO - Processing file /home/airflow/.local/lib/python3.12/site-packages/airflow/example_dags/example_short_circuit_decorator.py for tasks to queue
[2026-04-25T07:18:40.143+0000] {logging_mixin.py:190} INFO - [2026-04-25T07:18:40.142+0000] {dagbag.py:588} INFO - Filling up the DagBag from /home/airflow/.local/lib/python3.12/site-packages/airflow/example_dags/example_short_circuit_decorator.py
[2026-04-25T07:18:40.147+0000] {processor.py:925} INFO - DAG(s) 'example_short_circuit_decorator' retrieved from /home/airflow/.local/lib/python3.12/site-packages/airflow/example_dags/example_short_circuit_decorator.py
[2026-04-25T07:18:40.154+0000] {logging_mixin.py:190} INFO - [2026-04-25T07:18:40.154+0000] {dag.py:3239} INFO - Sync 1 DAGs
[2026-04-25T07:18:40.161+0000] {logging_mixin.py:190} INFO - [2026-04-25T07:18:40.161+0000] {dag.py:4180} INFO - Setting next_dagrun for example_short_circuit_decorator to None, run_after=None
[2026-04-25T07:18:40.170+0000] {processor.py:208} INFO - Processing /home/airflow/.local/lib/python3.12/site-packages/airflow/example_dags/example_short_circuit_decorator.py took 0.032 seconds
[2026-04-25T07:37:26.314+0000] {processor.py:186} INFO - Started process (PID=92923) to work on /home/airflow/.local/lib/python3.12/site-packages/airflow/example_dags/example_short_circuit_decorator.py
[2026-04-25T07:37:26.314+0000] {processor.py:914} INFO - Processing file /home/airflow/.local/lib/python3.12/site-packages/airflow/example_dags/example_short_circuit_decorator.py for tasks to queue
[2026-04-25T07:37:26.315+0000] {logging_mixin.py:190} INFO - [2026-04-25T07:37:26.315+0000] {dagbag.py:588} INFO - Filling up the DagBag from /home/airflow/.local/lib/python3.12/site-packages/airflow/example_dags/example_short_circuit_decorator.py
[2026-04-25T07:37:26.319+0000] {processor.py:925} INFO - DAG(s) 'example_short_circuit_decorator' retrieved from /home/airflow/.local/lib/python3.12/site-packages/airflow/example_dags/example_short_circuit_decorator.py
[2026-04-25T07:37:26.327+0000] {logging_mixin.py:190} INFO - [2026-04-25T07:37:26.327+0000] {dag.py:3239} INFO - Sync 1 DAGs
[2026-04-25T07:37:26.332+0000] {logging_mixin.py:190} INFO - [2026-04-25T07:37:26.332+0000] {dag.py:4180} INFO - Setting next_dagrun for example_short_circuit_decorator to None, run_after=None
[2026-04-25T07:37:26.338+0000] {processor.py:208} INFO - Processing /home/airflow/.local/lib/python3.12/site-packages/airflow/example_dags/example_short_circuit_decorator.py took 0.026 seconds
[2026-04-25T07:54:04.065+0000] {processor.py:186} INFO - Started process (PID=92987) to work on /home/airflow/.local/lib/python3.12/site-packages/airflow/example_dags/example_short_circuit_decorator.py
[2026-04-25T07:54:04.066+0000] {processor.py:914} INFO - Processing file /home/airflow/.local/lib/python3.12/site-packages/airflow/example_dags/example_short_circuit_decorator.py for tasks to queue
[2026-04-25T07:54:04.067+0000] {logging_mixin.py:190} INFO - [2026-04-25T07:54:04.066+0000] {dagbag.py:588} INFO - Filling up the DagBag from /home/airflow/.local/lib/python3.12/site-packages/airflow/example_dags/example_short_circuit_decorator.py
[2026-04-25T07:54:04.070+0000] {processor.py:925} INFO - DAG(s) 'example_short_circuit_decorator' retrieved from /home/airflow/.local/lib/python3.12/site-packages/airflow/example_dags/example_short_circuit_decorator.py
[2026-04-25T07:54:04.078+0000] {logging_mixin.py:190} INFO - [2026-04-25T07:54:04.077+0000] {dag.py:3239} INFO - Sync 1 DAGs
[2026-04-25T07:54:04.083+0000] {logging_mixin.py:190} INFO - [2026-04-25T07:54:04.083+0000] {dag.py:4180} INFO - Setting next_dagrun for example_short_circuit_decorator to None, run_after=None
[2026-04-25T07:54:04.092+0000] {processor.py:208} INFO - Processing /home/airflow/.local/lib/python3.12/site-packages/airflow/example_dags/example_short_circuit_decorator.py took 0.029 seconds
[2026-04-25T07:55:22.242+0000] {processor.py:186} INFO - Started process (PID=93051) to work on /home/airflow/.local/lib/python3.12/site-packages/airflow/example_dags/example_short_circuit_decorator.py
[2026-04-25T07:55:22.243+0000] {processor.py:914} INFO - Processing file /home/airflow/.local/lib/python3.12/site-packages/airflow/example_dags/example_short_circuit_decorator.py for tasks to queue
[2026-04-25T07:55:22.244+0000] {logging_mixin.py:190} INFO - [2026-04-25T07:55:22.244+0000] {dagbag.py:588} INFO - Filling up the DagBag from /home/airflow/.local/lib/python3.12/site-packages/airflow/example_dags/example_short_circuit_decorator.py
[2026-04-25T07:55:22.248+0000] {processor.py:925} INFO - DAG(s) 'example_short_circuit_decorator' retrieved from /home/airflow/.local/lib/python3.12/site-packages/airflow/example_dags/example_short_circuit_decorator.py
[2026-04-25T07:55:22.255+0000] {logging_mixin.py:190} INFO - [2026-04-25T07:55:22.255+0000] {dag.py:3239} INFO - Sync 1 DAGs
[2026-04-25T07:55:22.260+0000] {logging_mixin.py:190} INFO - [2026-04-25T07:55:22.260+0000] {dag.py:4180} INFO - Setting next_dagrun for example_short_circuit_decorator to None, run_after=None
[2026-04-25T07:55:22.266+0000] {processor.py:208} INFO - Processing /home/airflow/.local/lib/python3.12/site-packages/airflow/example_dags/example_short_circuit_decorator.py took 0.026 seconds
[2026-04-25T08:01:25.199+0000] {processor.py:186} INFO - Started process (PID=93115) to work on /home/airflow/.local/lib/python3.12/site-packages/airflow/example_dags/example_short_circuit_decorator.py
[2026-04-25T08:01:25.200+0000] {processor.py:914} INFO - Processing file /home/airflow/.local/lib/python3.12/site-packages/airflow/example_dags/example_short_circuit_decorator.py for tasks to queue
[2026-04-25T08:01:25.202+0000] {logging_mixin.py:190} INFO - [2026-04-25T08:01:25.201+0000] {dagbag.py:588} INFO - Filling up the DagBag from /home/airflow/.local/lib/python3.12/site-packages/airflow/example_dags/example_short_circuit_decorator.py
[2026-04-25T08:01:25.206+0000] {processor.py:925} INFO - DAG(s) 'example_short_circuit_decorator' retrieved from /home/airflow/.local/lib/python3.12/site-packages/airflow/example_dags/example_short_circuit_decorator.py
[2026-04-25T08:01:25.216+0000] {logging_mixin.py:190} INFO - [2026-04-25T08:01:25.215+0000] {dag.py:3239} INFO - Sync 1 DAGs
[2026-04-25T08:01:25.223+0000] {logging_mixin.py:190} INFO - [2026-04-25T08:01:25.222+0000] {dag.py:4180} INFO - Setting next_dagrun for example_short_circuit_decorator to None, run_after=None
[2026-04-25T08:01:25.229+0000] {processor.py:208} INFO - Processing /home/airflow/.local/lib/python3.12/site-packages/airflow/example_dags/example_short_circuit_decorator.py took 0.032 seconds
[2026-04-25T08:01:56.314+0000] {processor.py:186} INFO - Started process (PID=93179) to work on /home/airflow/.local/lib/python3.12/site-packages/airflow/example_dags/example_short_circuit_decorator.py
[2026-04-25T08:01:56.314+0000] {processor.py:914} INFO - Processing file /home/airflow/.local/lib/python3.12/site-packages/airflow/example_dags/example_short_circuit_decorator.py for tasks to queue
[2026-04-25T08:01:56.315+0000] {logging_mixin.py:190} INFO - [2026-04-25T08:01:56.315+0000] {dagbag.py:588} INFO - Filling up the DagBag from /home/airflow/.local/lib/python3.12/site-packages/airflow/example_dags/example_short_circuit_decorator.py
[2026-04-25T08:01:56.321+0000] {processor.py:925} INFO - DAG(s) 'example_short_circuit_decorator' retrieved from /home/airflow/.local/lib/python3.12/site-packages/airflow/example_dags/example_short_circuit_decorator.py
[2026-04-25T08:01:56.328+0000] {logging_mixin.py:190} INFO - [2026-04-25T08:01:56.328+0000] {dag.py:3239} INFO - Sync 1 DAGs
[2026-04-25T08:01:56.335+0000] {logging_mixin.py:190} INFO - [2026-04-25T08:01:56.335+0000] {dag.py:4180} INFO - Setting next_dagrun for example_short_circuit_decorator to None, run_after=None
[2026-04-25T08:01:56.345+0000] {processor.py:208} INFO - Processing /home/airflow/.local/lib/python3.12/site-packages/airflow/example_dags/example_short_circuit_decorator.py took 0.034 seconds
[2026-04-25T08:18:19.732+0000] {processor.py:186} INFO - Started process (PID=93243) to work on /home/airflow/.local/lib/python3.12/site-packages/airflow/example_dags/example_short_circuit_decorator.py
[2026-04-25T08:18:19.733+0000] {processor.py:914} INFO - Processing file /home/airflow/.local/lib/python3.12/site-packages/airflow/example_dags/example_short_circuit_decorator.py for tasks to queue
[2026-04-25T08:18:19.735+0000] {logging_mixin.py:190} INFO - [2026-04-25T08:18:19.735+0000] {dagbag.py:588} INFO - Filling up the DagBag from /home/airflow/.local/lib/python3.12/site-packages/airflow/example_dags/example_short_circuit_decorator.py
[2026-04-25T08:18:19.739+0000] {processor.py:925} INFO - DAG(s) 'example_short_circuit_decorator' retrieved from /home/airflow/.local/lib/python3.12/site-packages/airflow/example_dags/example_short_circuit_decorator.py
[2026-04-25T08:18:19.748+0000] {logging_mixin.py:190} INFO - [2026-04-25T08:18:19.748+0000] {dag.py:3239} INFO - Sync 1 DAGs
[2026-04-25T08:18:19.752+0000] {logging_mixin.py:190} INFO - [2026-04-25T08:18:19.752+0000] {dag.py:4180} INFO - Setting next_dagrun for example_short_circuit_decorator to None, run_after=None
[2026-04-25T08:18:19.760+0000] {processor.py:208} INFO - Processing /home/airflow/.local/lib/python3.12/site-packages/airflow/example_dags/example_short_circuit_decorator.py took 0.030 seconds
[2026-04-25T08:34:04.442+0000] {processor.py:186} INFO - Started process (PID=93307) to work on /home/airflow/.local/lib/python3.12/site-packages/airflow/example_dags/example_short_circuit_decorator.py
[2026-04-25T08:34:04.443+0000] {processor.py:914} INFO - Processing file /home/airflow/.local/lib/python3.12/site-packages/airflow/example_dags/example_short_circuit_decorator.py for tasks to queue
[2026-04-25T08:34:04.445+0000] {logging_mixin.py:190} INFO - [2026-04-25T08:34:04.445+0000] {dagbag.py:588} INFO - Filling up the DagBag from /home/airflow/.local/lib/python3.12/site-packages/airflow/example_dags/example_short_circuit_decorator.py
[2026-04-25T08:34:04.449+0000] {processor.py:925} INFO - DAG(s) 'example_short_circuit_decorator' retrieved from /home/airflow/.local/lib/python3.12/site-packages/airflow/example_dags/example_short_circuit_decorator.py
[2026-04-25T08:34:04.457+0000] {logging_mixin.py:190} INFO - [2026-04-25T08:34:04.457+0000] {dag.py:3239} INFO - Sync 1 DAGs
[2026-04-25T08:34:04.462+0000] {logging_mixin.py:190} INFO - [2026-04-25T08:34:04.462+0000] {dag.py:4180} INFO - Setting next_dagrun for example_short_circuit_decorator to None, run_after=None
[2026-04-25T08:34:04.473+0000] {processor.py:208} INFO - Processing /home/airflow/.local/lib/python3.12/site-packages/airflow/example_dags/example_short_circuit_decorator.py took 0.033 seconds
[2026-04-25T08:35:30.261+0000] {processor.py:186} INFO - Started process (PID=93371) to work on /home/airflow/.local/lib/python3.12/site-packages/airflow/example_dags/example_short_circuit_decorator.py
[2026-04-25T08:35:30.261+0000] {processor.py:914} INFO - Processing file /home/airflow/.local/lib/python3.12/site-packages/airflow/example_dags/example_short_circuit_decorator.py for tasks to queue
[2026-04-25T08:35:30.262+0000] {logging_mixin.py:190} INFO - [2026-04-25T08:35:30.262+0000] {dagbag.py:588} INFO - Filling up the DagBag from /home/airflow/.local/lib/python3.12/site-packages/airflow/example_dags/example_short_circuit_decorator.py
[2026-04-25T08:35:30.267+0000] {processor.py:925} INFO - DAG(s) 'example_short_circuit_decorator' retrieved from /home/airflow/.local/lib/python3.12/site-packages/airflow/example_dags/example_short_circuit_decorator.py
[2026-04-25T08:35:30.281+0000] {logging_mixin.py:190} INFO - [2026-04-25T08:35:30.281+0000] {dag.py:3239} INFO - Sync 1 DAGs
[2026-04-25T08:35:30.285+0000] {logging_mixin.py:190} INFO - [2026-04-25T08:35:30.285+0000] {dag.py:4180} INFO - Setting next_dagrun for example_short_circuit_decorator to None, run_after=None
[2026-04-25T08:35:30.293+0000] {processor.py:208} INFO - Processing /home/airflow/.local/lib/python3.12/site-packages/airflow/example_dags/example_short_circuit_decorator.py took 0.034 seconds
[2026-04-25T08:53:52.455+0000] {processor.py:186} INFO - Started process (PID=93435) to work on /home/airflow/.local/lib/python3.12/site-packages/airflow/example_dags/example_short_circuit_decorator.py
[2026-04-25T08:53:52.456+0000] {processor.py:914} INFO - Processing file /home/airflow/.local/lib/python3.12/site-packages/airflow/example_dags/example_short_circuit_decorator.py for tasks to queue
[2026-04-25T08:53:52.457+0000] {logging_mixin.py:190} INFO - [2026-04-25T08:53:52.456+0000] {dagbag.py:588} INFO - Filling up the DagBag from /home/airflow/.local/lib/python3.12/site-packages/airflow/example_dags/example_short_circuit_decorator.py
[2026-04-25T08:53:52.461+0000] {processor.py:925} INFO - DAG(s) 'example_short_circuit_decorator' retrieved from /home/airflow/.local/lib/python3.12/site-packages/airflow/example_dags/example_short_circuit_decorator.py
[2026-04-25T08:53:52.469+0000] {logging_mixin.py:190} INFO - [2026-04-25T08:53:52.469+0000] {dag.py:3239} INFO - Sync 1 DAGs
[2026-04-25T08:53:52.475+0000] {logging_mixin.py:190} INFO - [2026-04-25T08:53:52.475+0000] {dag.py:4180} INFO - Setting next_dagrun for example_short_circuit_decorator to None, run_after=None
[2026-04-25T08:53:52.485+0000] {processor.py:208} INFO - Processing /home/airflow/.local/lib/python3.12/site-packages/airflow/example_dags/example_short_circuit_decorator.py took 0.032 seconds
[2026-04-25T08:54:22.710+0000] {processor.py:186} INFO - Started process (PID=93499) to work on /home/airflow/.local/lib/python3.12/site-packages/airflow/example_dags/example_short_circuit_decorator.py
[2026-04-25T08:54:22.711+0000] {processor.py:914} INFO - Processing file /home/airflow/.local/lib/python3.12/site-packages/airflow/example_dags/example_short_circuit_decorator.py for tasks to queue
[2026-04-25T08:54:22.713+0000] {logging_mixin.py:190} INFO - [2026-04-25T08:54:22.713+0000] {dagbag.py:588} INFO - Filling up the DagBag from /home/airflow/.local/lib/python3.12/site-packages/airflow/example_dags/example_short_circuit_decorator.py
[2026-04-25T08:54:22.718+0000] {processor.py:925} INFO - DAG(s) 'example_short_circuit_decorator' retrieved from /home/airflow/.local/lib/python3.12/site-packages/airflow/example_dags/example_short_circuit_decorator.py
[2026-04-25T08:54:22.726+0000] {logging_mixin.py:190} INFO - [2026-04-25T08:54:22.726+0000] {dag.py:3239} INFO - Sync 1 DAGs
[2026-04-25T08:54:22.733+0000] {logging_mixin.py:190} INFO - [2026-04-25T08:54:22.733+0000] {dag.py:4180} INFO - Setting next_dagrun for example_short_circuit_decorator to None, run_after=None
[2026-04-25T08:54:22.740+0000] {processor.py:208} INFO - Processing /home/airflow/.local/lib/python3.12/site-packages/airflow/example_dags/example_short_circuit_decorator.py took 0.032 seconds
[2026-04-25T09:02:31.380+0000] {processor.py:186} INFO - Started process (PID=93563) to work on /home/airflow/.local/lib/python3.12/site-packages/airflow/example_dags/example_short_circuit_decorator.py
[2026-04-25T09:02:31.381+0000] {processor.py:914} INFO - Processing file /home/airflow/.local/lib/python3.12/site-packages/airflow/example_dags/example_short_circuit_decorator.py for tasks to queue
[2026-04-25T09:02:31.383+0000] {logging_mixin.py:190} INFO - [2026-04-25T09:02:31.382+0000] {dagbag.py:588} INFO - Filling up the DagBag from /home/airflow/.local/lib/python3.12/site-packages/airflow/example_dags/example_short_circuit_decorator.py
[2026-04-25T09:02:31.392+0000] {processor.py:925} INFO - DAG(s) 'example_short_circuit_decorator' retrieved from /home/airflow/.local/lib/python3.12/site-packages/airflow/example_dags/example_short_circuit_decorator.py
[2026-04-25T09:02:31.410+0000] {logging_mixin.py:190} INFO - [2026-04-25T09:02:31.409+0000] {dag.py:3239} INFO - Sync 1 DAGs
[2026-04-25T09:02:31.421+0000] {logging_mixin.py:190} INFO - [2026-04-25T09:02:31.421+0000] {dag.py:4180} INFO - Setting next_dagrun for example_short_circuit_decorator to None, run_after=None
[2026-04-25T09:02:31.431+0000] {processor.py:208} INFO - Processing /home/airflow/.local/lib/python3.12/site-packages/airflow/example_dags/example_short_circuit_decorator.py took 0.055 seconds
[2026-04-25T09:18:28.456+0000] {processor.py:186} INFO - Started process (PID=93627) to work on /home/airflow/.local/lib/python3.12/site-packages/airflow/example_dags/example_short_circuit_decorator.py
[2026-04-25T09:18:28.456+0000] {processor.py:914} INFO - Processing file /home/airflow/.local/lib/python3.12/site-packages/airflow/example_dags/example_short_circuit_decorator.py for tasks to queue
[2026-04-25T09:18:28.457+0000] {logging_mixin.py:190} INFO - [2026-04-25T09:18:28.457+0000] {dagbag.py:588} INFO - Filling up the DagBag from /home/airflow/.local/lib/python3.12/site-packages/airflow/example_dags/example_short_circuit_decorator.py
[2026-04-25T09:18:28.463+0000] {processor.py:925} INFO - DAG(s) 'example_short_circuit_decorator' retrieved from /home/airflow/.local/lib/python3.12/site-packages/airflow/example_dags/example_short_circuit_decorator.py
[2026-04-25T09:18:28.473+0000] {logging_mixin.py:190} INFO - [2026-04-25T09:18:28.473+0000] {dag.py:3239} INFO - Sync 1 DAGs
[2026-04-25T09:18:28.478+0000] {logging_mixin.py:190} INFO - [2026-04-25T09:18:28.477+0000] {dag.py:4180} INFO - Setting next_dagrun for example_short_circuit_decorator to None, run_after=None
[2026-04-25T09:18:28.490+0000] {processor.py:208} INFO - Processing /home/airflow/.local/lib/python3.12/site-packages/airflow/example_dags/example_short_circuit_decorator.py took 0.037 seconds
[2026-04-25T09:19:40.067+0000] {processor.py:186} INFO - Started process (PID=93691) to work on /home/airflow/.local/lib/python3.12/site-packages/airflow/example_dags/example_short_circuit_decorator.py
[2026-04-25T09:19:40.068+0000] {processor.py:914} INFO - Processing file /home/airflow/.local/lib/python3.12/site-packages/airflow/example_dags/example_short_circuit_decorator.py for tasks to queue
[2026-04-25T09:19:40.070+0000] {logging_mixin.py:190} INFO - [2026-04-25T09:19:40.069+0000] {dagbag.py:588} INFO - Filling up the DagBag from /home/airflow/.local/lib/python3.12/site-packages/airflow/example_dags/example_short_circuit_decorator.py
[2026-04-25T09:19:40.074+0000] {processor.py:925} INFO - DAG(s) 'example_short_circuit_decorator' retrieved from /home/airflow/.local/lib/python3.12/site-packages/airflow/example_dags/example_short_circuit_decorator.py
[2026-04-25T09:19:40.084+0000] {logging_mixin.py:190} INFO - [2026-04-25T09:19:40.084+0000] {dag.py:3239} INFO - Sync 1 DAGs
[2026-04-25T09:19:40.090+0000] {logging_mixin.py:190} INFO - [2026-04-25T09:19:40.089+0000] {dag.py:4180} INFO - Setting next_dagrun for example_short_circuit_decorator to None, run_after=None
[2026-04-25T09:19:40.096+0000] {processor.py:208} INFO - Processing /home/airflow/.local/lib/python3.12/site-packages/airflow/example_dags/example_short_circuit_decorator.py took 0.031 seconds
[2026-04-25T09:37:19.837+0000] {processor.py:186} INFO - Started process (PID=93755) to work on /home/airflow/.local/lib/python3.12/site-packages/airflow/example_dags/example_short_circuit_decorator.py
[2026-04-25T09:37:19.838+0000] {processor.py:914} INFO - Processing file /home/airflow/.local/lib/python3.12/site-packages/airflow/example_dags/example_short_circuit_decorator.py for tasks to queue
[2026-04-25T09:37:19.839+0000] {logging_mixin.py:190} INFO - [2026-04-25T09:37:19.838+0000] {dagbag.py:588} INFO - Filling up the DagBag from /home/airflow/.local/lib/python3.12/site-packages/airflow/example_dags/example_short_circuit_decorator.py
[2026-04-25T09:37:19.842+0000] {processor.py:925} INFO - DAG(s) 'example_short_circuit_decorator' retrieved from /home/airflow/.local/lib/python3.12/site-packages/airflow/example_dags/example_short_circuit_decorator.py
[2026-04-25T09:37:19.853+0000] {logging_mixin.py:190} INFO - [2026-04-25T09:37:19.853+0000] {dag.py:3239} INFO - Sync 1 DAGs
[2026-04-25T09:37:19.860+0000] {logging_mixin.py:190} INFO - [2026-04-25T09:37:19.860+0000] {dag.py:4180} INFO - Setting next_dagrun for example_short_circuit_decorator to None, run_after=None
[2026-04-25T09:37:19.868+0000] {processor.py:208} INFO - Processing /home/airflow/.local/lib/python3.12/site-packages/airflow/example_dags/example_short_circuit_decorator.py took 0.033 seconds
[2026-04-25T09:55:51.340+0000] {processor.py:186} INFO - Started process (PID=93819) to work on /home/airflow/.local/lib/python3.12/site-packages/airflow/example_dags/example_short_circuit_decorator.py
[2026-04-25T09:55:51.342+0000] {processor.py:914} INFO - Processing file /home/airflow/.local/lib/python3.12/site-packages/airflow/example_dags/example_short_circuit_decorator.py for tasks to queue
[2026-04-25T09:55:51.344+0000] {logging_mixin.py:190} INFO - [2026-04-25T09:55:51.344+0000] {dagbag.py:588} INFO - Filling up the DagBag from /home/airflow/.local/lib/python3.12/site-packages/airflow/example_dags/example_short_circuit_decorator.py
[2026-04-25T09:55:51.348+0000] {processor.py:925} INFO - DAG(s) 'example_short_circuit_decorator' retrieved from /home/airflow/.local/lib/python3.12/site-packages/airflow/example_dags/example_short_circuit_decorator.py
[2026-04-25T09:55:51.358+0000] {logging_mixin.py:190} INFO - [2026-04-25T09:55:51.357+0000] {dag.py:3239} INFO - Sync 1 DAGs
[2026-04-25T09:55:51.363+0000] {logging_mixin.py:190} INFO - [2026-04-25T09:55:51.363+0000] {dag.py:4180} INFO - Setting next_dagrun for example_short_circuit_decorator to None, run_after=None
[2026-04-25T09:55:51.368+0000] {processor.py:208} INFO - Processing /home/airflow/.local/lib/python3.12/site-packages/airflow/example_dags/example_short_circuit_decorator.py took 0.030 seconds
[2026-04-25T10:03:20.560+0000] {processor.py:186} INFO - Started process (PID=93883) to work on /home/airflow/.local/lib/python3.12/site-packages/airflow/example_dags/example_short_circuit_decorator.py
[2026-04-25T10:03:20.561+0000] {processor.py:914} INFO - Processing file /home/airflow/.local/lib/python3.12/site-packages/airflow/example_dags/example_short_circuit_decorator.py for tasks to queue
[2026-04-25T10:03:20.562+0000] {logging_mixin.py:190} INFO - [2026-04-25T10:03:20.562+0000] {dagbag.py:588} INFO - Filling up the DagBag from /home/airflow/.local/lib/python3.12/site-packages/airflow/example_dags/example_short_circuit_decorator.py
[2026-04-25T10:03:20.567+0000] {processor.py:925} INFO - DAG(s) 'example_short_circuit_decorator' retrieved from /home/airflow/.local/lib/python3.12/site-packages/airflow/example_dags/example_short_circuit_decorator.py
[2026-04-25T10:03:20.575+0000] {logging_mixin.py:190} INFO - [2026-04-25T10:03:20.574+0000] {dag.py:3239} INFO - Sync 1 DAGs
[2026-04-25T10:03:20.581+0000] {logging_mixin.py:190} INFO - [2026-04-25T10:03:20.581+0000] {dag.py:4180} INFO - Setting next_dagrun for example_short_circuit_decorator to None, run_after=None
[2026-04-25T10:03:20.592+0000] {processor.py:208} INFO - Processing /home/airflow/.local/lib/python3.12/site-packages/airflow/example_dags/example_short_circuit_decorator.py took 0.033 seconds
[2026-04-25T10:03:50.979+0000] {processor.py:186} INFO - Started process (PID=93947) to work on /home/airflow/.local/lib/python3.12/site-packages/airflow/example_dags/example_short_circuit_decorator.py
[2026-04-25T10:03:50.979+0000] {processor.py:914} INFO - Processing file /home/airflow/.local/lib/python3.12/site-packages/airflow/example_dags/example_short_circuit_decorator.py for tasks to queue
[2026-04-25T10:03:50.980+0000] {logging_mixin.py:190} INFO - [2026-04-25T10:03:50.980+0000] {dagbag.py:588} INFO - Filling up the DagBag from /home/airflow/.local/lib/python3.12/site-packages/airflow/example_dags/example_short_circuit_decorator.py
[2026-04-25T10:03:50.984+0000] {processor.py:925} INFO - DAG(s) 'example_short_circuit_decorator' retrieved from /home/airflow/.local/lib/python3.12/site-packages/airflow/example_dags/example_short_circuit_decorator.py
[2026-04-25T10:03:50.992+0000] {logging_mixin.py:190} INFO - [2026-04-25T10:03:50.992+0000] {dag.py:3239} INFO - Sync 1 DAGs
[2026-04-25T10:03:50.997+0000] {logging_mixin.py:190} INFO - [2026-04-25T10:03:50.997+0000] {dag.py:4180} INFO - Setting next_dagrun for example_short_circuit_decorator to None, run_after=None
[2026-04-25T10:03:51.004+0000] {processor.py:208} INFO - Processing /home/airflow/.local/lib/python3.12/site-packages/airflow/example_dags/example_short_circuit_decorator.py took 0.027 seconds
[2026-04-25T10:20:16.769+0000] {processor.py:186} INFO - Started process (PID=94011) to work on /home/airflow/.local/lib/python3.12/site-packages/airflow/example_dags/example_short_circuit_decorator.py
[2026-04-25T10:20:16.769+0000] {processor.py:914} INFO - Processing file /home/airflow/.local/lib/python3.12/site-packages/airflow/example_dags/example_short_circuit_decorator.py for tasks to queue
[2026-04-25T10:20:16.770+0000] {logging_mixin.py:190} INFO - [2026-04-25T10:20:16.770+0000] {dagbag.py:588} INFO - Filling up the DagBag from /home/airflow/.local/lib/python3.12/site-packages/airflow/example_dags/example_short_circuit_decorator.py
[2026-04-25T10:20:16.775+0000] {processor.py:925} INFO - DAG(s) 'example_short_circuit_decorator' retrieved from /home/airflow/.local/lib/python3.12/site-packages/airflow/example_dags/example_short_circuit_decorator.py
[2026-04-25T10:20:16.786+0000] {logging_mixin.py:190} INFO - [2026-04-25T10:20:16.786+0000] {dag.py:3239} INFO - Sync 1 DAGs
[2026-04-25T10:20:16.792+0000] {logging_mixin.py:190} INFO - [2026-04-25T10:20:16.792+0000] {dag.py:4180} INFO - Setting next_dagrun for example_short_circuit_decorator to None, run_after=None
[2026-04-25T10:20:16.803+0000] {processor.py:208} INFO - Processing /home/airflow/.local/lib/python3.12/site-packages/airflow/example_dags/example_short_circuit_decorator.py took 0.036 seconds
[2026-04-25T10:20:47.247+0000] {processor.py:186} INFO - Started process (PID=94075) to work on /home/airflow/.local/lib/python3.12/site-packages/airflow/example_dags/example_short_circuit_decorator.py
[2026-04-25T10:20:47.250+0000] {processor.py:914} INFO - Processing file /home/airflow/.local/lib/python3.12/site-packages/airflow/example_dags/example_short_circuit_decorator.py for tasks to queue
[2026-04-25T10:20:47.251+0000] {logging_mixin.py:190} INFO - [2026-04-25T10:20:47.251+0000] {dagbag.py:588} INFO - Filling up the DagBag from /home/airflow/.local/lib/python3.12/site-packages/airflow/example_dags/example_short_circuit_decorator.py
[2026-04-25T10:20:47.254+0000] {processor.py:925} INFO - DAG(s) 'example_short_circuit_decorator' retrieved from /home/airflow/.local/lib/python3.12/site-packages/airflow/example_dags/example_short_circuit_decorator.py
[2026-04-25T10:20:47.269+0000] {logging_mixin.py:190} INFO - [2026-04-25T10:20:47.269+0000] {dag.py:3239} INFO - Sync 1 DAGs
[2026-04-25T10:20:47.275+0000] {logging_mixin.py:190} INFO - [2026-04-25T10:20:47.275+0000] {dag.py:4180} INFO - Setting next_dagrun for example_short_circuit_decorator to None, run_after=None
[2026-04-25T10:20:47.284+0000] {processor.py:208} INFO - Processing /home/airflow/.local/lib/python3.12/site-packages/airflow/example_dags/example_short_circuit_decorator.py took 0.038 seconds
[2026-04-25T10:30:54.722+0000] {processor.py:186} INFO - Started process (PID=94139) to work on /home/airflow/.local/lib/python3.12/site-packages/airflow/example_dags/example_short_circuit_decorator.py
[2026-04-25T10:30:54.723+0000] {processor.py:914} INFO - Processing file /home/airflow/.local/lib/python3.12/site-packages/airflow/example_dags/example_short_circuit_decorator.py for tasks to queue
[2026-04-25T10:30:54.724+0000] {logging_mixin.py:190} INFO - [2026-04-25T10:30:54.724+0000] {dagbag.py:588} INFO - Filling up the DagBag from /home/airflow/.local/lib/python3.12/site-packages/airflow/example_dags/example_short_circuit_decorator.py
[2026-04-25T10:30:54.728+0000] {processor.py:925} INFO - DAG(s) 'example_short_circuit_decorator' retrieved from /home/airflow/.local/lib/python3.12/site-packages/airflow/example_dags/example_short_circuit_decorator.py
[2026-04-25T10:30:54.738+0000] {logging_mixin.py:190} INFO - [2026-04-25T10:30:54.738+0000] {dag.py:3239} INFO - Sync 1 DAGs
[2026-04-25T10:30:54.743+0000] {logging_mixin.py:190} INFO - [2026-04-25T10:30:54.743+0000] {dag.py:4180} INFO - Setting next_dagrun for example_short_circuit_decorator to None, run_after=None
[2026-04-25T10:30:54.753+0000] {processor.py:208} INFO - Processing /home/airflow/.local/lib/python3.12/site-packages/airflow/example_dags/example_short_circuit_decorator.py took 0.033 seconds
[2026-04-25T10:49:35.142+0000] {processor.py:186} INFO - Started process (PID=94203) to work on /home/airflow/.local/lib/python3.12/site-packages/airflow/example_dags/example_short_circuit_decorator.py
[2026-04-25T10:49:35.143+0000] {processor.py:914} INFO - Processing file /home/airflow/.local/lib/python3.12/site-packages/airflow/example_dags/example_short_circuit_decorator.py for tasks to queue
[2026-04-25T10:49:35.144+0000] {logging_mixin.py:190} INFO - [2026-04-25T10:49:35.143+0000] {dagbag.py:588} INFO - Filling up the DagBag from /home/airflow/.local/lib/python3.12/site-packages/airflow/example_dags/example_short_circuit_decorator.py
[2026-04-25T10:49:35.148+0000] {processor.py:925} INFO - DAG(s) 'example_short_circuit_decorator' retrieved from /home/airflow/.local/lib/python3.12/site-packages/airflow/example_dags/example_short_circuit_decorator.py
[2026-04-25T10:49:35.156+0000] {logging_mixin.py:190} INFO - [2026-04-25T10:49:35.156+0000] {dag.py:3239} INFO - Sync 1 DAGs
[2026-04-25T10:49:35.164+0000] {logging_mixin.py:190} INFO - [2026-04-25T10:49:35.164+0000] {dag.py:4180} INFO - Setting next_dagrun for example_short_circuit_decorator to None, run_after=None
[2026-04-25T10:49:35.171+0000] {processor.py:208} INFO - Processing /home/airflow/.local/lib/python3.12/site-packages/airflow/example_dags/example_short_circuit_decorator.py took 0.031 seconds
[2026-04-25T10:50:05.673+0000] {processor.py:186} INFO - Started process (PID=94267) to work on /home/airflow/.local/lib/python3.12/site-packages/airflow/example_dags/example_short_circuit_decorator.py
[2026-04-25T10:50:05.673+0000] {processor.py:914} INFO - Processing file /home/airflow/.local/lib/python3.12/site-packages/airflow/example_dags/example_short_circuit_decorator.py for tasks to queue
[2026-04-25T10:50:05.674+0000] {logging_mixin.py:190} INFO - [2026-04-25T10:50:05.674+0000] {dagbag.py:588} INFO - Filling up the DagBag from /home/airflow/.local/lib/python3.12/site-packages/airflow/example_dags/example_short_circuit_decorator.py
[2026-04-25T10:50:05.678+0000] {processor.py:925} INFO - DAG(s) 'example_short_circuit_decorator' retrieved from /home/airflow/.local/lib/python3.12/site-packages/airflow/example_dags/example_short_circuit_decorator.py
[2026-04-25T10:50:05.687+0000] {logging_mixin.py:190} INFO - [2026-04-25T10:50:05.687+0000] {dag.py:3239} INFO - Sync 1 DAGs
[2026-04-25T10:50:05.691+0000] {logging_mixin.py:190} INFO - [2026-04-25T10:50:05.691+0000] {dag.py:4180} INFO - Setting next_dagrun for example_short_circuit_decorator to None, run_after=None
[2026-04-25T10:50:05.697+0000] {processor.py:208} INFO - Processing /home/airflow/.local/lib/python3.12/site-packages/airflow/example_dags/example_short_circuit_decorator.py took 0.026 seconds
[2026-04-25T11:04:32.562+0000] {processor.py:186} INFO - Started process (PID=94331) to work on /home/airflow/.local/lib/python3.12/site-packages/airflow/example_dags/example_short_circuit_decorator.py
[2026-04-25T11:04:32.563+0000] {processor.py:914} INFO - Processing file /home/airflow/.local/lib/python3.12/site-packages/airflow/example_dags/example_short_circuit_decorator.py for tasks to queue
[2026-04-25T11:04:32.564+0000] {logging_mixin.py:190} INFO - [2026-04-25T11:04:32.564+0000] {dagbag.py:588} INFO - Filling up the DagBag from /home/airflow/.local/lib/python3.12/site-packages/airflow/example_dags/example_short_circuit_decorator.py
[2026-04-25T11:04:32.568+0000] {processor.py:925} INFO - DAG(s) 'example_short_circuit_decorator' retrieved from /home/airflow/.local/lib/python3.12/site-packages/airflow/example_dags/example_short_circuit_decorator.py
[2026-04-25T11:04:32.577+0000] {logging_mixin.py:190} INFO - [2026-04-25T11:04:32.577+0000] {dag.py:3239} INFO - Sync 1 DAGs
[2026-04-25T11:04:32.583+0000] {logging_mixin.py:190} INFO - [2026-04-25T11:04:32.583+0000] {dag.py:4180} INFO - Setting next_dagrun for example_short_circuit_decorator to None, run_after=None
[2026-04-25T11:04:32.591+0000] {processor.py:208} INFO - Processing /home/airflow/.local/lib/python3.12/site-packages/airflow/example_dags/example_short_circuit_decorator.py took 0.032 seconds
[2026-04-25T11:21:27.882+0000] {processor.py:186} INFO - Started process (PID=94395) to work on /home/airflow/.local/lib/python3.12/site-packages/airflow/example_dags/example_short_circuit_decorator.py
[2026-04-25T11:21:27.883+0000] {processor.py:914} INFO - Processing file /home/airflow/.local/lib/python3.12/site-packages/airflow/example_dags/example_short_circuit_decorator.py for tasks to queue
[2026-04-25T11:21:27.884+0000] {logging_mixin.py:190} INFO - [2026-04-25T11:21:27.883+0000] {dagbag.py:588} INFO - Filling up the DagBag from /home/airflow/.local/lib/python3.12/site-packages/airflow/example_dags/example_short_circuit_decorator.py
[2026-04-25T11:21:27.887+0000] {processor.py:925} INFO - DAG(s) 'example_short_circuit_decorator' retrieved from /home/airflow/.local/lib/python3.12/site-packages/airflow/example_dags/example_short_circuit_decorator.py
[2026-04-25T11:21:27.894+0000] {logging_mixin.py:190} INFO - [2026-04-25T11:21:27.894+0000] {dag.py:3239} INFO - Sync 1 DAGs
[2026-04-25T11:21:27.898+0000] {logging_mixin.py:190} INFO - [2026-04-25T11:21:27.898+0000] {dag.py:4180} INFO - Setting next_dagrun for example_short_circuit_decorator to None, run_after=None
[2026-04-25T11:21:27.903+0000] {processor.py:208} INFO - Processing /home/airflow/.local/lib/python3.12/site-packages/airflow/example_dags/example_short_circuit_decorator.py took 0.023 seconds
[2026-04-25T11:21:58.209+0000] {processor.py:186} INFO - Started process (PID=94459) to work on /home/airflow/.local/lib/python3.12/site-packages/airflow/example_dags/example_short_circuit_decorator.py
[2026-04-25T11:21:58.210+0000] {processor.py:914} INFO - Processing file /home/airflow/.local/lib/python3.12/site-packages/airflow/example_dags/example_short_circuit_decorator.py for tasks to queue
[2026-04-25T11:21:58.211+0000] {logging_mixin.py:190} INFO - [2026-04-25T11:21:58.211+0000] {dagbag.py:588} INFO - Filling up the DagBag from /home/airflow/.local/lib/python3.12/site-packages/airflow/example_dags/example_short_circuit_decorator.py
[2026-04-25T11:21:58.218+0000] {processor.py:925} INFO - DAG(s) 'example_short_circuit_decorator' retrieved from /home/airflow/.local/lib/python3.12/site-packages/airflow/example_dags/example_short_circuit_decorator.py
[2026-04-25T11:21:58.230+0000] {logging_mixin.py:190} INFO - [2026-04-25T11:21:58.229+0000] {dag.py:3239} INFO - Sync 1 DAGs
[2026-04-25T11:21:58.236+0000] {logging_mixin.py:190} INFO - [2026-04-25T11:21:58.236+0000] {dag.py:4180} INFO - Setting next_dagrun for example_short_circuit_decorator to None, run_after=None
[2026-04-25T11:21:58.244+0000] {processor.py:208} INFO - Processing /home/airflow/.local/lib/python3.12/site-packages/airflow/example_dags/example_short_circuit_decorator.py took 0.037 seconds
[2026-04-25T11:41:11.821+0000] {processor.py:186} INFO - Started process (PID=94523) to work on /home/airflow/.local/lib/python3.12/site-packages/airflow/example_dags/example_short_circuit_decorator.py
[2026-04-25T11:41:11.822+0000] {processor.py:914} INFO - Processing file /home/airflow/.local/lib/python3.12/site-packages/airflow/example_dags/example_short_circuit_decorator.py for tasks to queue
[2026-04-25T11:41:11.823+0000] {logging_mixin.py:190} INFO - [2026-04-25T11:41:11.822+0000] {dagbag.py:588} INFO - Filling up the DagBag from /home/airflow/.local/lib/python3.12/site-packages/airflow/example_dags/example_short_circuit_decorator.py
[2026-04-25T11:41:11.826+0000] {processor.py:925} INFO - DAG(s) 'example_short_circuit_decorator' retrieved from /home/airflow/.local/lib/python3.12/site-packages/airflow/example_dags/example_short_circuit_decorator.py
[2026-04-25T11:41:11.834+0000] {logging_mixin.py:190} INFO - [2026-04-25T11:41:11.834+0000] {dag.py:3239} INFO - Sync 1 DAGs
[2026-04-25T11:41:11.839+0000] {logging_mixin.py:190} INFO - [2026-04-25T11:41:11.839+0000] {dag.py:4180} INFO - Setting next_dagrun for example_short_circuit_decorator to None, run_after=None
[2026-04-25T11:41:11.844+0000] {processor.py:208} INFO - Processing /home/airflow/.local/lib/python3.12/site-packages/airflow/example_dags/example_short_circuit_decorator.py took 0.025 seconds
[2026-04-25T11:41:42.351+0000] {processor.py:186} INFO - Started process (PID=94587) to work on /home/airflow/.local/lib/python3.12/site-packages/airflow/example_dags/example_short_circuit_decorator.py
[2026-04-25T11:41:42.351+0000] {processor.py:914} INFO - Processing file /home/airflow/.local/lib/python3.12/site-packages/airflow/example_dags/example_short_circuit_decorator.py for tasks to queue
[2026-04-25T11:41:42.352+0000] {logging_mixin.py:190} INFO - [2026-04-25T11:41:42.352+0000] {dagbag.py:588} INFO - Filling up the DagBag from /home/airflow/.local/lib/python3.12/site-packages/airflow/example_dags/example_short_circuit_decorator.py
[2026-04-25T11:41:42.356+0000] {processor.py:925} INFO - DAG(s) 'example_short_circuit_decorator' retrieved from /home/airflow/.local/lib/python3.12/site-packages/airflow/example_dags/example_short_circuit_decorator.py
[2026-04-25T11:41:42.364+0000] {logging_mixin.py:190} INFO - [2026-04-25T11:41:42.364+0000] {dag.py:3239} INFO - Sync 1 DAGs
[2026-04-25T11:41:42.369+0000] {logging_mixin.py:190} INFO - [2026-04-25T11:41:42.369+0000] {dag.py:4180} INFO - Setting next_dagrun for example_short_circuit_decorator to None, run_after=None
[2026-04-25T11:41:42.375+0000] {processor.py:208} INFO - Processing /home/airflow/.local/lib/python3.12/site-packages/airflow/example_dags/example_short_circuit_decorator.py took 0.026 seconds
[2026-04-25T11:58:10.420+0000] {processor.py:186} INFO - Started process (PID=94651) to work on /home/airflow/.local/lib/python3.12/site-packages/airflow/example_dags/example_short_circuit_decorator.py
[2026-04-25T11:58:10.421+0000] {processor.py:914} INFO - Processing file /home/airflow/.local/lib/python3.12/site-packages/airflow/example_dags/example_short_circuit_decorator.py for tasks to queue
[2026-04-25T11:58:10.422+0000] {logging_mixin.py:190} INFO - [2026-04-25T11:58:10.422+0000] {dagbag.py:588} INFO - Filling up the DagBag from /home/airflow/.local/lib/python3.12/site-packages/airflow/example_dags/example_short_circuit_decorator.py
[2026-04-25T11:58:10.428+0000] {processor.py:925} INFO - DAG(s) 'example_short_circuit_decorator' retrieved from /home/airflow/.local/lib/python3.12/site-packages/airflow/example_dags/example_short_circuit_decorator.py
[2026-04-25T11:58:10.440+0000] {logging_mixin.py:190} INFO - [2026-04-25T11:58:10.440+0000] {dag.py:3239} INFO - Sync 1 DAGs
[2026-04-25T11:58:10.445+0000] {logging_mixin.py:190} INFO - [2026-04-25T11:58:10.445+0000] {dag.py:4180} INFO - Setting next_dagrun for example_short_circuit_decorator to None, run_after=None
[2026-04-25T11:58:10.454+0000] {processor.py:208} INFO - Processing /home/airflow/.local/lib/python3.12/site-packages/airflow/example_dags/example_short_circuit_decorator.py took 0.036 seconds
[2026-04-25T12:05:22.731+0000] {processor.py:186} INFO - Started process (PID=94715) to work on /home/airflow/.local/lib/python3.12/site-packages/airflow/example_dags/example_short_circuit_decorator.py
[2026-04-25T12:05:22.732+0000] {processor.py:914} INFO - Processing file /home/airflow/.local/lib/python3.12/site-packages/airflow/example_dags/example_short_circuit_decorator.py for tasks to queue
[2026-04-25T12:05:22.733+0000] {logging_mixin.py:190} INFO - [2026-04-25T12:05:22.732+0000] {dagbag.py:588} INFO - Filling up the DagBag from /home/airflow/.local/lib/python3.12/site-packages/airflow/example_dags/example_short_circuit_decorator.py
[2026-04-25T12:05:22.737+0000] {processor.py:925} INFO - DAG(s) 'example_short_circuit_decorator' retrieved from /home/airflow/.local/lib/python3.12/site-packages/airflow/example_dags/example_short_circuit_decorator.py
[2026-04-25T12:05:22.749+0000] {logging_mixin.py:190} INFO - [2026-04-25T12:05:22.748+0000] {dag.py:3239} INFO - Sync 1 DAGs
[2026-04-25T12:05:22.754+0000] {logging_mixin.py:190} INFO - [2026-04-25T12:05:22.754+0000] {dag.py:4180} INFO - Setting next_dagrun for example_short_circuit_decorator to None, run_after=None
[2026-04-25T12:05:22.764+0000] {processor.py:208} INFO - Processing /home/airflow/.local/lib/python3.12/site-packages/airflow/example_dags/example_short_circuit_decorator.py took 0.036 seconds
[2026-04-25T12:05:53.764+0000] {processor.py:186} INFO - Started process (PID=94779) to work on /home/airflow/.local/lib/python3.12/site-packages/airflow/example_dags/example_short_circuit_decorator.py
[2026-04-25T12:05:53.765+0000] {processor.py:914} INFO - Processing file /home/airflow/.local/lib/python3.12/site-packages/airflow/example_dags/example_short_circuit_decorator.py for tasks to queue
[2026-04-25T12:05:53.766+0000] {logging_mixin.py:190} INFO - [2026-04-25T12:05:53.765+0000] {dagbag.py:588} INFO - Filling up the DagBag from /home/airflow/.local/lib/python3.12/site-packages/airflow/example_dags/example_short_circuit_decorator.py
[2026-04-25T12:05:53.769+0000] {processor.py:925} INFO - DAG(s) 'example_short_circuit_decorator' retrieved from /home/airflow/.local/lib/python3.12/site-packages/airflow/example_dags/example_short_circuit_decorator.py
[2026-04-25T12:05:53.778+0000] {logging_mixin.py:190} INFO - [2026-04-25T12:05:53.778+0000] {dag.py:3239} INFO - Sync 1 DAGs
[2026-04-25T12:05:53.863+0000] {logging_mixin.py:190} INFO - [2026-04-25T12:05:53.863+0000] {dag.py:4180} INFO - Setting next_dagrun for example_short_circuit_decorator to None, run_after=None
[2026-04-25T12:05:53.873+0000] {processor.py:208} INFO - Processing /home/airflow/.local/lib/python3.12/site-packages/airflow/example_dags/example_short_circuit_decorator.py took 0.111 seconds
[2026-04-25T12:22:25.573+0000] {processor.py:186} INFO - Started process (PID=94843) to work on /home/airflow/.local/lib/python3.12/site-packages/airflow/example_dags/example_short_circuit_decorator.py
[2026-04-25T12:22:25.574+0000] {processor.py:914} INFO - Processing file /home/airflow/.local/lib/python3.12/site-packages/airflow/example_dags/example_short_circuit_decorator.py for tasks to queue
[2026-04-25T12:22:25.575+0000] {logging_mixin.py:190} INFO - [2026-04-25T12:22:25.575+0000] {dagbag.py:588} INFO - Filling up the DagBag from /home/airflow/.local/lib/python3.12/site-packages/airflow/example_dags/example_short_circuit_decorator.py
[2026-04-25T12:22:25.579+0000] {processor.py:925} INFO - DAG(s) 'example_short_circuit_decorator' retrieved from /home/airflow/.local/lib/python3.12/site-packages/airflow/example_dags/example_short_circuit_decorator.py
[2026-04-25T12:22:25.589+0000] {logging_mixin.py:190} INFO - [2026-04-25T12:22:25.589+0000] {dag.py:3239} INFO - Sync 1 DAGs
[2026-04-25T12:22:25.670+0000] {logging_mixin.py:190} INFO - [2026-04-25T12:22:25.670+0000] {dag.py:4180} INFO - Setting next_dagrun for example_short_circuit_decorator to None, run_after=None
[2026-04-25T12:22:25.680+0000] {processor.py:208} INFO - Processing /home/airflow/.local/lib/python3.12/site-packages/airflow/example_dags/example_short_circuit_decorator.py took 0.109 seconds
[2026-04-25T12:41:27.785+0000] {processor.py:186} INFO - Started process (PID=94907) to work on /home/airflow/.local/lib/python3.12/site-packages/airflow/example_dags/example_short_circuit_decorator.py
[2026-04-25T12:41:27.787+0000] {processor.py:914} INFO - Processing file /home/airflow/.local/lib/python3.12/site-packages/airflow/example_dags/example_short_circuit_decorator.py for tasks to queue
[2026-04-25T12:41:27.788+0000] {logging_mixin.py:190} INFO - [2026-04-25T12:41:27.788+0000] {dagbag.py:588} INFO - Filling up the DagBag from /home/airflow/.local/lib/python3.12/site-packages/airflow/example_dags/example_short_circuit_decorator.py
[2026-04-25T12:41:27.793+0000] {processor.py:925} INFO - DAG(s) 'example_short_circuit_decorator' retrieved from /home/airflow/.local/lib/python3.12/site-packages/airflow/example_dags/example_short_circuit_decorator.py
[2026-04-25T12:41:27.805+0000] {logging_mixin.py:190} INFO - [2026-04-25T12:41:27.805+0000] {dag.py:3239} INFO - Sync 1 DAGs
[2026-04-25T12:41:27.809+0000] {logging_mixin.py:190} INFO - [2026-04-25T12:41:27.809+0000] {dag.py:4180} INFO - Setting next_dagrun for example_short_circuit_decorator to None, run_after=None
[2026-04-25T12:41:27.816+0000] {processor.py:208} INFO - Processing /home/airflow/.local/lib/python3.12/site-packages/airflow/example_dags/example_short_circuit_decorator.py took 0.033 seconds
[2026-04-25T12:41:58.754+0000] {processor.py:186} INFO - Started process (PID=94971) to work on /home/airflow/.local/lib/python3.12/site-packages/airflow/example_dags/example_short_circuit_decorator.py
[2026-04-25T12:41:58.754+0000] {processor.py:914} INFO - Processing file /home/airflow/.local/lib/python3.12/site-packages/airflow/example_dags/example_short_circuit_decorator.py for tasks to queue
[2026-04-25T12:41:58.755+0000] {logging_mixin.py:190} INFO - [2026-04-25T12:41:58.755+0000] {dagbag.py:588} INFO - Filling up the DagBag from /home/airflow/.local/lib/python3.12/site-packages/airflow/example_dags/example_short_circuit_decorator.py
[2026-04-25T12:41:58.759+0000] {processor.py:925} INFO - DAG(s) 'example_short_circuit_decorator' retrieved from /home/airflow/.local/lib/python3.12/site-packages/airflow/example_dags/example_short_circuit_decorator.py
[2026-04-25T12:41:58.772+0000] {logging_mixin.py:190} INFO - [2026-04-25T12:41:58.772+0000] {dag.py:3239} INFO - Sync 1 DAGs
[2026-04-25T12:41:58.777+0000] {logging_mixin.py:190} INFO - [2026-04-25T12:41:58.777+0000] {dag.py:4180} INFO - Setting next_dagrun for example_short_circuit_decorator to None, run_after=None
[2026-04-25T12:41:58.784+0000] {processor.py:208} INFO - Processing /home/airflow/.local/lib/python3.12/site-packages/airflow/example_dags/example_short_circuit_decorator.py took 0.033 seconds
[2026-04-25T12:59:47.765+0000] {processor.py:186} INFO - Started process (PID=95035) to work on /home/airflow/.local/lib/python3.12/site-packages/airflow/example_dags/example_short_circuit_decorator.py
[2026-04-25T12:59:47.765+0000] {processor.py:914} INFO - Processing file /home/airflow/.local/lib/python3.12/site-packages/airflow/example_dags/example_short_circuit_decorator.py for tasks to queue
[2026-04-25T12:59:47.766+0000] {logging_mixin.py:190} INFO - [2026-04-25T12:59:47.766+0000] {dagbag.py:588} INFO - Filling up the DagBag from /home/airflow/.local/lib/python3.12/site-packages/airflow/example_dags/example_short_circuit_decorator.py
[2026-04-25T12:59:47.771+0000] {processor.py:925} INFO - DAG(s) 'example_short_circuit_decorator' retrieved from /home/airflow/.local/lib/python3.12/site-packages/airflow/example_dags/example_short_circuit_decorator.py
[2026-04-25T12:59:47.779+0000] {logging_mixin.py:190} INFO - [2026-04-25T12:59:47.779+0000] {dag.py:3239} INFO - Sync 1 DAGs
[2026-04-25T12:59:47.785+0000] {logging_mixin.py:190} INFO - [2026-04-25T12:59:47.785+0000] {dag.py:4180} INFO - Setting next_dagrun for example_short_circuit_decorator to None, run_after=None
[2026-04-25T12:59:47.791+0000] {processor.py:208} INFO - Processing /home/airflow/.local/lib/python3.12/site-packages/airflow/example_dags/example_short_circuit_decorator.py took 0.029 seconds
[2026-04-25T13:00:18.740+0000] {processor.py:186} INFO - Started process (PID=95099) to work on /home/airflow/.local/lib/python3.12/site-packages/airflow/example_dags/example_short_circuit_decorator.py
[2026-04-25T13:00:18.741+0000] {processor.py:914} INFO - Processing file /home/airflow/.local/lib/python3.12/site-packages/airflow/example_dags/example_short_circuit_decorator.py for tasks to queue
[2026-04-25T13:00:18.742+0000] {logging_mixin.py:190} INFO - [2026-04-25T13:00:18.742+0000] {dagbag.py:588} INFO - Filling up the DagBag from /home/airflow/.local/lib/python3.12/site-packages/airflow/example_dags/example_short_circuit_decorator.py
[2026-04-25T13:00:18.748+0000] {processor.py:925} INFO - DAG(s) 'example_short_circuit_decorator' retrieved from /home/airflow/.local/lib/python3.12/site-packages/airflow/example_dags/example_short_circuit_decorator.py
[2026-04-25T13:00:18.759+0000] {logging_mixin.py:190} INFO - [2026-04-25T13:00:18.758+0000] {dag.py:3239} INFO - Sync 1 DAGs
[2026-04-25T13:00:18.763+0000] {logging_mixin.py:190} INFO - [2026-04-25T13:00:18.763+0000] {dag.py:4180} INFO - Setting next_dagrun for example_short_circuit_decorator to None, run_after=None
[2026-04-25T13:00:18.770+0000] {processor.py:208} INFO - Processing /home/airflow/.local/lib/python3.12/site-packages/airflow/example_dags/example_short_circuit_decorator.py took 0.032 seconds
[2026-04-25T13:06:35.087+0000] {processor.py:186} INFO - Started process (PID=95163) to work on /home/airflow/.local/lib/python3.12/site-packages/airflow/example_dags/example_short_circuit_decorator.py
[2026-04-25T13:06:35.088+0000] {processor.py:914} INFO - Processing file /home/airflow/.local/lib/python3.12/site-packages/airflow/example_dags/example_short_circuit_decorator.py for tasks to queue
[2026-04-25T13:06:35.088+0000] {logging_mixin.py:190} INFO - [2026-04-25T13:06:35.088+0000] {dagbag.py:588} INFO - Filling up the DagBag from /home/airflow/.local/lib/python3.12/site-packages/airflow/example_dags/example_short_circuit_decorator.py
[2026-04-25T13:06:35.093+0000] {processor.py:925} INFO - DAG(s) 'example_short_circuit_decorator' retrieved from /home/airflow/.local/lib/python3.12/site-packages/airflow/example_dags/example_short_circuit_decorator.py
[2026-04-25T13:06:35.104+0000] {logging_mixin.py:190} INFO - [2026-04-25T13:06:35.103+0000] {dag.py:3239} INFO - Sync 1 DAGs
[2026-04-25T13:06:35.110+0000] {logging_mixin.py:190} INFO - [2026-04-25T13:06:35.110+0000] {dag.py:4180} INFO - Setting next_dagrun for example_short_circuit_decorator to None, run_after=None
[2026-04-25T13:06:35.119+0000] {processor.py:208} INFO - Processing /home/airflow/.local/lib/python3.12/site-packages/airflow/example_dags/example_short_circuit_decorator.py took 0.034 seconds
[2026-04-25T13:24:07.490+0000] {processor.py:186} INFO - Started process (PID=95227) to work on /home/airflow/.local/lib/python3.12/site-packages/airflow/example_dags/example_short_circuit_decorator.py
[2026-04-25T13:24:07.491+0000] {processor.py:914} INFO - Processing file /home/airflow/.local/lib/python3.12/site-packages/airflow/example_dags/example_short_circuit_decorator.py for tasks to queue
[2026-04-25T13:24:07.492+0000] {logging_mixin.py:190} INFO - [2026-04-25T13:24:07.492+0000] {dagbag.py:588} INFO - Filling up the DagBag from /home/airflow/.local/lib/python3.12/site-packages/airflow/example_dags/example_short_circuit_decorator.py
[2026-04-25T13:24:07.498+0000] {processor.py:925} INFO - DAG(s) 'example_short_circuit_decorator' retrieved from /home/airflow/.local/lib/python3.12/site-packages/airflow/example_dags/example_short_circuit_decorator.py
[2026-04-25T13:24:07.506+0000] {logging_mixin.py:190} INFO - [2026-04-25T13:24:07.506+0000] {dag.py:3239} INFO - Sync 1 DAGs
[2026-04-25T13:24:07.516+0000] {logging_mixin.py:190} INFO - [2026-04-25T13:24:07.516+0000] {dag.py:4180} INFO - Setting next_dagrun for example_short_circuit_decorator to None, run_after=None
[2026-04-25T13:24:07.522+0000] {processor.py:208} INFO - Processing /home/airflow/.local/lib/python3.12/site-packages/airflow/example_dags/example_short_circuit_decorator.py took 0.034 seconds
[2026-04-25T13:25:25.699+0000] {processor.py:186} INFO - Started process (PID=95292) to work on /home/airflow/.local/lib/python3.12/site-packages/airflow/example_dags/example_short_circuit_decorator.py
[2026-04-25T13:25:25.700+0000] {processor.py:914} INFO - Processing file /home/airflow/.local/lib/python3.12/site-packages/airflow/example_dags/example_short_circuit_decorator.py for tasks to queue
[2026-04-25T13:25:25.701+0000] {logging_mixin.py:190} INFO - [2026-04-25T13:25:25.701+0000] {dagbag.py:588} INFO - Filling up the DagBag from /home/airflow/.local/lib/python3.12/site-packages/airflow/example_dags/example_short_circuit_decorator.py
[2026-04-25T13:25:25.705+0000] {processor.py:925} INFO - DAG(s) 'example_short_circuit_decorator' retrieved from /home/airflow/.local/lib/python3.12/site-packages/airflow/example_dags/example_short_circuit_decorator.py
[2026-04-25T13:25:25.713+0000] {logging_mixin.py:190} INFO - [2026-04-25T13:25:25.712+0000] {dag.py:3239} INFO - Sync 1 DAGs
[2026-04-25T13:25:25.720+0000] {logging_mixin.py:190} INFO - [2026-04-25T13:25:25.719+0000] {dag.py:4180} INFO - Setting next_dagrun for example_short_circuit_decorator to None, run_after=None
[2026-04-25T13:25:25.729+0000] {processor.py:208} INFO - Processing /home/airflow/.local/lib/python3.12/site-packages/airflow/example_dags/example_short_circuit_decorator.py took 0.032 seconds
[2026-04-25T13:43:01.929+0000] {processor.py:186} INFO - Started process (PID=95356) to work on /home/airflow/.local/lib/python3.12/site-packages/airflow/example_dags/example_short_circuit_decorator.py
[2026-04-25T13:43:01.929+0000] {processor.py:914} INFO - Processing file /home/airflow/.local/lib/python3.12/site-packages/airflow/example_dags/example_short_circuit_decorator.py for tasks to queue
[2026-04-25T13:43:01.930+0000] {logging_mixin.py:190} INFO - [2026-04-25T13:43:01.930+0000] {dagbag.py:588} INFO - Filling up the DagBag from /home/airflow/.local/lib/python3.12/site-packages/airflow/example_dags/example_short_circuit_decorator.py
[2026-04-25T13:43:01.934+0000] {processor.py:925} INFO - DAG(s) 'example_short_circuit_decorator' retrieved from /home/airflow/.local/lib/python3.12/site-packages/airflow/example_dags/example_short_circuit_decorator.py
[2026-04-25T13:43:01.943+0000] {logging_mixin.py:190} INFO - [2026-04-25T13:43:01.943+0000] {dag.py:3239} INFO - Sync 1 DAGs
[2026-04-25T13:43:01.949+0000] {logging_mixin.py:190} INFO - [2026-04-25T13:43:01.949+0000] {dag.py:4180} INFO - Setting next_dagrun for example_short_circuit_decorator to None, run_after=None
[2026-04-25T13:43:01.957+0000] {processor.py:208} INFO - Processing /home/airflow/.local/lib/python3.12/site-packages/airflow/example_dags/example_short_circuit_decorator.py took 0.030 seconds
[2026-04-25T13:59:44.354+0000] {processor.py:186} INFO - Started process (PID=95420) to work on /home/airflow/.local/lib/python3.12/site-packages/airflow/example_dags/example_short_circuit_decorator.py
[2026-04-25T13:59:44.355+0000] {processor.py:914} INFO - Processing file /home/airflow/.local/lib/python3.12/site-packages/airflow/example_dags/example_short_circuit_decorator.py for tasks to queue
[2026-04-25T13:59:44.359+0000] {logging_mixin.py:190} INFO - [2026-04-25T13:59:44.359+0000] {dagbag.py:588} INFO - Filling up the DagBag from /home/airflow/.local/lib/python3.12/site-packages/airflow/example_dags/example_short_circuit_decorator.py
[2026-04-25T13:59:44.364+0000] {processor.py:925} INFO - DAG(s) 'example_short_circuit_decorator' retrieved from /home/airflow/.local/lib/python3.12/site-packages/airflow/example_dags/example_short_circuit_decorator.py
[2026-04-25T13:59:44.372+0000] {logging_mixin.py:190} INFO - [2026-04-25T13:59:44.372+0000] {dag.py:3239} INFO - Sync 1 DAGs
[2026-04-25T13:59:44.378+0000] {logging_mixin.py:190} INFO - [2026-04-25T13:59:44.378+0000] {dag.py:4180} INFO - Setting next_dagrun for example_short_circuit_decorator to None, run_after=None
[2026-04-25T13:59:44.390+0000] {processor.py:208} INFO - Processing /home/airflow/.local/lib/python3.12/site-packages/airflow/example_dags/example_short_circuit_decorator.py took 0.038 seconds
[2026-04-25T14:00:15.437+0000] {processor.py:186} INFO - Started process (PID=95484) to work on /home/airflow/.local/lib/python3.12/site-packages/airflow/example_dags/example_short_circuit_decorator.py
[2026-04-25T14:00:15.438+0000] {processor.py:914} INFO - Processing file /home/airflow/.local/lib/python3.12/site-packages/airflow/example_dags/example_short_circuit_decorator.py for tasks to queue
[2026-04-25T14:00:15.439+0000] {logging_mixin.py:190} INFO - [2026-04-25T14:00:15.438+0000] {dagbag.py:588} INFO - Filling up the DagBag from /home/airflow/.local/lib/python3.12/site-packages/airflow/example_dags/example_short_circuit_decorator.py
[2026-04-25T14:00:15.444+0000] {processor.py:925} INFO - DAG(s) 'example_short_circuit_decorator' retrieved from /home/airflow/.local/lib/python3.12/site-packages/airflow/example_dags/example_short_circuit_decorator.py
[2026-04-25T14:00:15.456+0000] {logging_mixin.py:190} INFO - [2026-04-25T14:00:15.456+0000] {dag.py:3239} INFO - Sync 1 DAGs
[2026-04-25T14:00:15.463+0000] {logging_mixin.py:190} INFO - [2026-04-25T14:00:15.463+0000] {dag.py:4180} INFO - Setting next_dagrun for example_short_circuit_decorator to None, run_after=None
[2026-04-25T14:00:15.473+0000] {processor.py:208} INFO - Processing /home/airflow/.local/lib/python3.12/site-packages/airflow/example_dags/example_short_circuit_decorator.py took 0.039 seconds
[2026-04-25T14:07:27.318+0000] {processor.py:186} INFO - Started process (PID=95548) to work on /home/airflow/.local/lib/python3.12/site-packages/airflow/example_dags/example_short_circuit_decorator.py
[2026-04-25T14:07:27.319+0000] {processor.py:914} INFO - Processing file /home/airflow/.local/lib/python3.12/site-packages/airflow/example_dags/example_short_circuit_decorator.py for tasks to queue
[2026-04-25T14:07:27.320+0000] {logging_mixin.py:190} INFO - [2026-04-25T14:07:27.320+0000] {dagbag.py:588} INFO - Filling up the DagBag from /home/airflow/.local/lib/python3.12/site-packages/airflow/example_dags/example_short_circuit_decorator.py
[2026-04-25T14:07:27.324+0000] {processor.py:925} INFO - DAG(s) 'example_short_circuit_decorator' retrieved from /home/airflow/.local/lib/python3.12/site-packages/airflow/example_dags/example_short_circuit_decorator.py
[2026-04-25T14:07:27.333+0000] {logging_mixin.py:190} INFO - [2026-04-25T14:07:27.332+0000] {dag.py:3239} INFO - Sync 1 DAGs
[2026-04-25T14:07:27.339+0000] {logging_mixin.py:190} INFO - [2026-04-25T14:07:27.339+0000] {dag.py:4180} INFO - Setting next_dagrun for example_short_circuit_decorator to None, run_after=None
[2026-04-25T14:07:27.352+0000] {processor.py:208} INFO - Processing /home/airflow/.local/lib/python3.12/site-packages/airflow/example_dags/example_short_circuit_decorator.py took 0.036 seconds
[2026-04-25T14:07:58.331+0000] {processor.py:186} INFO - Started process (PID=95612) to work on /home/airflow/.local/lib/python3.12/site-packages/airflow/example_dags/example_short_circuit_decorator.py
[2026-04-25T14:07:58.332+0000] {processor.py:914} INFO - Processing file /home/airflow/.local/lib/python3.12/site-packages/airflow/example_dags/example_short_circuit_decorator.py for tasks to queue
[2026-04-25T14:07:58.333+0000] {logging_mixin.py:190} INFO - [2026-04-25T14:07:58.333+0000] {dagbag.py:588} INFO - Filling up the DagBag from /home/airflow/.local/lib/python3.12/site-packages/airflow/example_dags/example_short_circuit_decorator.py
[2026-04-25T14:07:58.336+0000] {processor.py:925} INFO - DAG(s) 'example_short_circuit_decorator' retrieved from /home/airflow/.local/lib/python3.12/site-packages/airflow/example_dags/example_short_circuit_decorator.py
[2026-04-25T14:07:58.346+0000] {logging_mixin.py:190} INFO - [2026-04-25T14:07:58.346+0000] {dag.py:3239} INFO - Sync 1 DAGs
[2026-04-25T14:07:58.351+0000] {logging_mixin.py:190} INFO - [2026-04-25T14:07:58.351+0000] {dag.py:4180} INFO - Setting next_dagrun for example_short_circuit_decorator to None, run_after=None
[2026-04-25T14:07:58.363+0000] {processor.py:208} INFO - Processing /home/airflow/.local/lib/python3.12/site-packages/airflow/example_dags/example_short_circuit_decorator.py took 0.034 seconds
[2026-04-25T14:25:33.196+0000] {processor.py:186} INFO - Started process (PID=95676) to work on /home/airflow/.local/lib/python3.12/site-packages/airflow/example_dags/example_short_circuit_decorator.py
[2026-04-25T14:25:33.197+0000] {processor.py:914} INFO - Processing file /home/airflow/.local/lib/python3.12/site-packages/airflow/example_dags/example_short_circuit_decorator.py for tasks to queue
[2026-04-25T14:25:33.198+0000] {logging_mixin.py:190} INFO - [2026-04-25T14:25:33.198+0000] {dagbag.py:588} INFO - Filling up the DagBag from /home/airflow/.local/lib/python3.12/site-packages/airflow/example_dags/example_short_circuit_decorator.py
[2026-04-25T14:25:33.203+0000] {processor.py:925} INFO - DAG(s) 'example_short_circuit_decorator' retrieved from /home/airflow/.local/lib/python3.12/site-packages/airflow/example_dags/example_short_circuit_decorator.py
[2026-04-25T14:25:33.211+0000] {logging_mixin.py:190} INFO - [2026-04-25T14:25:33.210+0000] {dag.py:3239} INFO - Sync 1 DAGs
[2026-04-25T14:25:33.215+0000] {logging_mixin.py:190} INFO - [2026-04-25T14:25:33.215+0000] {dag.py:4180} INFO - Setting next_dagrun for example_short_circuit_decorator to None, run_after=None
[2026-04-25T14:25:33.223+0000] {processor.py:208} INFO - Processing /home/airflow/.local/lib/python3.12/site-packages/airflow/example_dags/example_short_circuit_decorator.py took 0.028 seconds
[2026-04-25T14:43:03.338+0000] {processor.py:186} INFO - Started process (PID=95740) to work on /home/airflow/.local/lib/python3.12/site-packages/airflow/example_dags/example_short_circuit_decorator.py
[2026-04-25T14:43:03.338+0000] {processor.py:914} INFO - Processing file /home/airflow/.local/lib/python3.12/site-packages/airflow/example_dags/example_short_circuit_decorator.py for tasks to queue
[2026-04-25T14:43:03.339+0000] {logging_mixin.py:190} INFO - [2026-04-25T14:43:03.339+0000] {dagbag.py:588} INFO - Filling up the DagBag from /home/airflow/.local/lib/python3.12/site-packages/airflow/example_dags/example_short_circuit_decorator.py
[2026-04-25T14:43:03.343+0000] {processor.py:925} INFO - DAG(s) 'example_short_circuit_decorator' retrieved from /home/airflow/.local/lib/python3.12/site-packages/airflow/example_dags/example_short_circuit_decorator.py
[2026-04-25T14:43:03.351+0000] {logging_mixin.py:190} INFO - [2026-04-25T14:43:03.351+0000] {dag.py:3239} INFO - Sync 1 DAGs
[2026-04-25T14:43:03.356+0000] {logging_mixin.py:190} INFO - [2026-04-25T14:43:03.356+0000] {dag.py:4180} INFO - Setting next_dagrun for example_short_circuit_decorator to None, run_after=None
[2026-04-25T14:43:03.366+0000] {processor.py:208} INFO - Processing /home/airflow/.local/lib/python3.12/site-packages/airflow/example_dags/example_short_circuit_decorator.py took 0.031 seconds
[2026-04-25T14:44:23.002+0000] {processor.py:186} INFO - Started process (PID=95804) to work on /home/airflow/.local/lib/python3.12/site-packages/airflow/example_dags/example_short_circuit_decorator.py
[2026-04-25T14:44:23.002+0000] {processor.py:914} INFO - Processing file /home/airflow/.local/lib/python3.12/site-packages/airflow/example_dags/example_short_circuit_decorator.py for tasks to queue
[2026-04-25T14:44:23.004+0000] {logging_mixin.py:190} INFO - [2026-04-25T14:44:23.003+0000] {dagbag.py:588} INFO - Filling up the DagBag from /home/airflow/.local/lib/python3.12/site-packages/airflow/example_dags/example_short_circuit_decorator.py
[2026-04-25T14:44:23.009+0000] {processor.py:925} INFO - DAG(s) 'example_short_circuit_decorator' retrieved from /home/airflow/.local/lib/python3.12/site-packages/airflow/example_dags/example_short_circuit_decorator.py
[2026-04-25T14:44:23.019+0000] {logging_mixin.py:190} INFO - [2026-04-25T14:44:23.019+0000] {dag.py:3239} INFO - Sync 1 DAGs
[2026-04-25T14:44:23.024+0000] {logging_mixin.py:190} INFO - [2026-04-25T14:44:23.024+0000] {dag.py:4180} INFO - Setting next_dagrun for example_short_circuit_decorator to None, run_after=None
[2026-04-25T14:44:23.032+0000] {processor.py:208} INFO - Processing /home/airflow/.local/lib/python3.12/site-packages/airflow/example_dags/example_short_circuit_decorator.py took 0.033 seconds
[2026-04-25T15:01:54.946+0000] {processor.py:186} INFO - Started process (PID=95868) to work on /home/airflow/.local/lib/python3.12/site-packages/airflow/example_dags/example_short_circuit_decorator.py
[2026-04-25T15:01:54.946+0000] {processor.py:914} INFO - Processing file /home/airflow/.local/lib/python3.12/site-packages/airflow/example_dags/example_short_circuit_decorator.py for tasks to queue
[2026-04-25T15:01:54.947+0000] {logging_mixin.py:190} INFO - [2026-04-25T15:01:54.947+0000] {dagbag.py:588} INFO - Filling up the DagBag from /home/airflow/.local/lib/python3.12/site-packages/airflow/example_dags/example_short_circuit_decorator.py
[2026-04-25T15:01:54.950+0000] {processor.py:925} INFO - DAG(s) 'example_short_circuit_decorator' retrieved from /home/airflow/.local/lib/python3.12/site-packages/airflow/example_dags/example_short_circuit_decorator.py
[2026-04-25T15:01:54.958+0000] {logging_mixin.py:190} INFO - [2026-04-25T15:01:54.957+0000] {dag.py:3239} INFO - Sync 1 DAGs
[2026-04-25T15:01:54.962+0000] {logging_mixin.py:190} INFO - [2026-04-25T15:01:54.962+0000] {dag.py:4180} INFO - Setting next_dagrun for example_short_circuit_decorator to None, run_after=None
[2026-04-25T15:01:54.967+0000] {processor.py:208} INFO - Processing /home/airflow/.local/lib/python3.12/site-packages/airflow/example_dags/example_short_circuit_decorator.py took 0.023 seconds
[2026-04-25T15:02:26.119+0000] {processor.py:186} INFO - Started process (PID=95932) to work on /home/airflow/.local/lib/python3.12/site-packages/airflow/example_dags/example_short_circuit_decorator.py
[2026-04-25T15:02:26.120+0000] {processor.py:914} INFO - Processing file /home/airflow/.local/lib/python3.12/site-packages/airflow/example_dags/example_short_circuit_decorator.py for tasks to queue
[2026-04-25T15:02:26.121+0000] {logging_mixin.py:190} INFO - [2026-04-25T15:02:26.121+0000] {dagbag.py:588} INFO - Filling up the DagBag from /home/airflow/.local/lib/python3.12/site-packages/airflow/example_dags/example_short_circuit_decorator.py
[2026-04-25T15:02:26.125+0000] {processor.py:925} INFO - DAG(s) 'example_short_circuit_decorator' retrieved from /home/airflow/.local/lib/python3.12/site-packages/airflow/example_dags/example_short_circuit_decorator.py
[2026-04-25T15:02:26.132+0000] {logging_mixin.py:190} INFO - [2026-04-25T15:02:26.132+0000] {dag.py:3239} INFO - Sync 1 DAGs
[2026-04-25T15:02:26.138+0000] {logging_mixin.py:190} INFO - [2026-04-25T15:02:26.138+0000] {dag.py:4180} INFO - Setting next_dagrun for example_short_circuit_decorator to None, run_after=None
[2026-04-25T15:02:26.151+0000] {processor.py:208} INFO - Processing /home/airflow/.local/lib/python3.12/site-packages/airflow/example_dags/example_short_circuit_decorator.py took 0.034 seconds
[2026-04-25T15:08:33.825+0000] {processor.py:186} INFO - Started process (PID=95996) to work on /home/airflow/.local/lib/python3.12/site-packages/airflow/example_dags/example_short_circuit_decorator.py
[2026-04-25T15:08:33.827+0000] {processor.py:914} INFO - Processing file /home/airflow/.local/lib/python3.12/site-packages/airflow/example_dags/example_short_circuit_decorator.py for tasks to queue
[2026-04-25T15:08:33.827+0000] {logging_mixin.py:190} INFO - [2026-04-25T15:08:33.827+0000] {dagbag.py:588} INFO - Filling up the DagBag from /home/airflow/.local/lib/python3.12/site-packages/airflow/example_dags/example_short_circuit_decorator.py
[2026-04-25T15:08:33.833+0000] {processor.py:925} INFO - DAG(s) 'example_short_circuit_decorator' retrieved from /home/airflow/.local/lib/python3.12/site-packages/airflow/example_dags/example_short_circuit_decorator.py
[2026-04-25T15:08:33.844+0000] {logging_mixin.py:190} INFO - [2026-04-25T15:08:33.843+0000] {dag.py:3239} INFO - Sync 1 DAGs
[2026-04-25T15:08:33.848+0000] {logging_mixin.py:190} INFO - [2026-04-25T15:08:33.848+0000] {dag.py:4180} INFO - Setting next_dagrun for example_short_circuit_decorator to None, run_after=None
[2026-04-25T15:08:33.858+0000] {processor.py:208} INFO - Processing /home/airflow/.local/lib/python3.12/site-packages/airflow/example_dags/example_short_circuit_decorator.py took 0.035 seconds
[2026-04-25T15:24:50.863+0000] {processor.py:186} INFO - Started process (PID=96060) to work on /home/airflow/.local/lib/python3.12/site-packages/airflow/example_dags/example_short_circuit_decorator.py
[2026-04-25T15:24:50.863+0000] {processor.py:914} INFO - Processing file /home/airflow/.local/lib/python3.12/site-packages/airflow/example_dags/example_short_circuit_decorator.py for tasks to queue
[2026-04-25T15:24:50.864+0000] {logging_mixin.py:190} INFO - [2026-04-25T15:24:50.864+0000] {dagbag.py:588} INFO - Filling up the DagBag from /home/airflow/.local/lib/python3.12/site-packages/airflow/example_dags/example_short_circuit_decorator.py
[2026-04-25T15:24:50.868+0000] {processor.py:925} INFO - DAG(s) 'example_short_circuit_decorator' retrieved from /home/airflow/.local/lib/python3.12/site-packages/airflow/example_dags/example_short_circuit_decorator.py
[2026-04-25T15:24:50.877+0000] {logging_mixin.py:190} INFO - [2026-04-25T15:24:50.877+0000] {dag.py:3239} INFO - Sync 1 DAGs
[2026-04-25T15:24:50.883+0000] {logging_mixin.py:190} INFO - [2026-04-25T15:24:50.883+0000] {dag.py:4180} INFO - Setting next_dagrun for example_short_circuit_decorator to None, run_after=None
[2026-04-25T15:24:50.893+0000] {processor.py:208} INFO - Processing /home/airflow/.local/lib/python3.12/site-packages/airflow/example_dags/example_short_circuit_decorator.py took 0.032 seconds
[2026-04-25T15:26:00.699+0000] {processor.py:186} INFO - Started process (PID=96124) to work on /home/airflow/.local/lib/python3.12/site-packages/airflow/example_dags/example_short_circuit_decorator.py
[2026-04-25T15:26:00.699+0000] {processor.py:914} INFO - Processing file /home/airflow/.local/lib/python3.12/site-packages/airflow/example_dags/example_short_circuit_decorator.py for tasks to queue
[2026-04-25T15:26:00.701+0000] {logging_mixin.py:190} INFO - [2026-04-25T15:26:00.701+0000] {dagbag.py:588} INFO - Filling up the DagBag from /home/airflow/.local/lib/python3.12/site-packages/airflow/example_dags/example_short_circuit_decorator.py
[2026-04-25T15:26:00.706+0000] {processor.py:925} INFO - DAG(s) 'example_short_circuit_decorator' retrieved from /home/airflow/.local/lib/python3.12/site-packages/airflow/example_dags/example_short_circuit_decorator.py
[2026-04-25T15:26:00.716+0000] {logging_mixin.py:190} INFO - [2026-04-25T15:26:00.716+0000] {dag.py:3239} INFO - Sync 1 DAGs
[2026-04-25T15:26:00.721+0000] {logging_mixin.py:190} INFO - [2026-04-25T15:26:00.721+0000] {dag.py:4180} INFO - Setting next_dagrun for example_short_circuit_decorator to None, run_after=None
[2026-04-25T15:26:00.731+0000] {processor.py:208} INFO - Processing /home/airflow/.local/lib/python3.12/site-packages/airflow/example_dags/example_short_circuit_decorator.py took 0.034 seconds
[2026-04-25T15:45:15.966+0000] {processor.py:186} INFO - Started process (PID=96189) to work on /home/airflow/.local/lib/python3.12/site-packages/airflow/example_dags/example_short_circuit_decorator.py
[2026-04-25T15:45:15.967+0000] {processor.py:914} INFO - Processing file /home/airflow/.local/lib/python3.12/site-packages/airflow/example_dags/example_short_circuit_decorator.py for tasks to queue
[2026-04-25T15:45:15.968+0000] {logging_mixin.py:190} INFO - [2026-04-25T15:45:15.967+0000] {dagbag.py:588} INFO - Filling up the DagBag from /home/airflow/.local/lib/python3.12/site-packages/airflow/example_dags/example_short_circuit_decorator.py
[2026-04-25T15:45:15.971+0000] {processor.py:925} INFO - DAG(s) 'example_short_circuit_decorator' retrieved from /home/airflow/.local/lib/python3.12/site-packages/airflow/example_dags/example_short_circuit_decorator.py
[2026-04-25T15:45:15.980+0000] {logging_mixin.py:190} INFO - [2026-04-25T15:45:15.980+0000] {dag.py:3239} INFO - Sync 1 DAGs
[2026-04-25T15:45:15.986+0000] {logging_mixin.py:190} INFO - [2026-04-25T15:45:15.985+0000] {dag.py:4180} INFO - Setting next_dagrun for example_short_circuit_decorator to None, run_after=None
[2026-04-25T15:45:15.997+0000] {processor.py:208} INFO - Processing /home/airflow/.local/lib/python3.12/site-packages/airflow/example_dags/example_short_circuit_decorator.py took 0.032 seconds
[2026-04-25T15:45:46.427+0000] {processor.py:186} INFO - Started process (PID=96253) to work on /home/airflow/.local/lib/python3.12/site-packages/airflow/example_dags/example_short_circuit_decorator.py
[2026-04-25T15:45:46.428+0000] {processor.py:914} INFO - Processing file /home/airflow/.local/lib/python3.12/site-packages/airflow/example_dags/example_short_circuit_decorator.py for tasks to queue
[2026-04-25T15:45:46.429+0000] {logging_mixin.py:190} INFO - [2026-04-25T15:45:46.429+0000] {dagbag.py:588} INFO - Filling up the DagBag from /home/airflow/.local/lib/python3.12/site-packages/airflow/example_dags/example_short_circuit_decorator.py
[2026-04-25T15:45:46.433+0000] {processor.py:925} INFO - DAG(s) 'example_short_circuit_decorator' retrieved from /home/airflow/.local/lib/python3.12/site-packages/airflow/example_dags/example_short_circuit_decorator.py
[2026-04-25T15:45:46.445+0000] {logging_mixin.py:190} INFO - [2026-04-25T15:45:46.445+0000] {dag.py:3239} INFO - Sync 1 DAGs
[2026-04-25T15:45:46.449+0000] {logging_mixin.py:190} INFO - [2026-04-25T15:45:46.449+0000] {dag.py:4180} INFO - Setting next_dagrun for example_short_circuit_decorator to None, run_after=None
[2026-04-25T15:45:46.458+0000] {processor.py:208} INFO - Processing /home/airflow/.local/lib/python3.12/site-packages/airflow/example_dags/example_short_circuit_decorator.py took 0.033 seconds
[2026-04-25T16:03:50.585+0000] {processor.py:186} INFO - Started process (PID=96317) to work on /home/airflow/.local/lib/python3.12/site-packages/airflow/example_dags/example_short_circuit_decorator.py
[2026-04-25T16:03:50.586+0000] {processor.py:914} INFO - Processing file /home/airflow/.local/lib/python3.12/site-packages/airflow/example_dags/example_short_circuit_decorator.py for tasks to queue
[2026-04-25T16:03:50.587+0000] {logging_mixin.py:190} INFO - [2026-04-25T16:03:50.587+0000] {dagbag.py:588} INFO - Filling up the DagBag from /home/airflow/.local/lib/python3.12/site-packages/airflow/example_dags/example_short_circuit_decorator.py
[2026-04-25T16:03:50.592+0000] {processor.py:925} INFO - DAG(s) 'example_short_circuit_decorator' retrieved from /home/airflow/.local/lib/python3.12/site-packages/airflow/example_dags/example_short_circuit_decorator.py
[2026-04-25T16:03:50.603+0000] {logging_mixin.py:190} INFO - [2026-04-25T16:03:50.603+0000] {dag.py:3239} INFO - Sync 1 DAGs
[2026-04-25T16:03:50.607+0000] {logging_mixin.py:190} INFO - [2026-04-25T16:03:50.607+0000] {dag.py:4180} INFO - Setting next_dagrun for example_short_circuit_decorator to None, run_after=None
[2026-04-25T16:03:50.619+0000] {processor.py:208} INFO - Processing /home/airflow/.local/lib/python3.12/site-packages/airflow/example_dags/example_short_circuit_decorator.py took 0.037 seconds
[2026-04-25T16:04:20.942+0000] {processor.py:186} INFO - Started process (PID=96381) to work on /home/airflow/.local/lib/python3.12/site-packages/airflow/example_dags/example_short_circuit_decorator.py
[2026-04-25T16:04:20.942+0000] {processor.py:914} INFO - Processing file /home/airflow/.local/lib/python3.12/site-packages/airflow/example_dags/example_short_circuit_decorator.py for tasks to queue
[2026-04-25T16:04:20.943+0000] {logging_mixin.py:190} INFO - [2026-04-25T16:04:20.943+0000] {dagbag.py:588} INFO - Filling up the DagBag from /home/airflow/.local/lib/python3.12/site-packages/airflow/example_dags/example_short_circuit_decorator.py
[2026-04-25T16:04:20.947+0000] {processor.py:925} INFO - DAG(s) 'example_short_circuit_decorator' retrieved from /home/airflow/.local/lib/python3.12/site-packages/airflow/example_dags/example_short_circuit_decorator.py
[2026-04-25T16:04:20.955+0000] {logging_mixin.py:190} INFO - [2026-04-25T16:04:20.955+0000] {dag.py:3239} INFO - Sync 1 DAGs
[2026-04-25T16:04:20.960+0000] {logging_mixin.py:190} INFO - [2026-04-25T16:04:20.960+0000] {dag.py:4180} INFO - Setting next_dagrun for example_short_circuit_decorator to None, run_after=None
[2026-04-25T16:04:20.967+0000] {processor.py:208} INFO - Processing /home/airflow/.local/lib/python3.12/site-packages/airflow/example_dags/example_short_circuit_decorator.py took 0.027 seconds
[2026-04-25T16:09:39.055+0000] {processor.py:186} INFO - Started process (PID=96445) to work on /home/airflow/.local/lib/python3.12/site-packages/airflow/example_dags/example_short_circuit_decorator.py
[2026-04-25T16:09:39.056+0000] {processor.py:914} INFO - Processing file /home/airflow/.local/lib/python3.12/site-packages/airflow/example_dags/example_short_circuit_decorator.py for tasks to queue
[2026-04-25T16:09:39.056+0000] {logging_mixin.py:190} INFO - [2026-04-25T16:09:39.056+0000] {dagbag.py:588} INFO - Filling up the DagBag from /home/airflow/.local/lib/python3.12/site-packages/airflow/example_dags/example_short_circuit_decorator.py
[2026-04-25T16:09:39.061+0000] {processor.py:925} INFO - DAG(s) 'example_short_circuit_decorator' retrieved from /home/airflow/.local/lib/python3.12/site-packages/airflow/example_dags/example_short_circuit_decorator.py
[2026-04-25T16:09:39.070+0000] {logging_mixin.py:190} INFO - [2026-04-25T16:09:39.070+0000] {dag.py:3239} INFO - Sync 1 DAGs
[2026-04-25T16:09:39.074+0000] {logging_mixin.py:190} INFO - [2026-04-25T16:09:39.074+0000] {dag.py:4180} INFO - Setting next_dagrun for example_short_circuit_decorator to None, run_after=None
[2026-04-25T16:09:39.080+0000] {processor.py:208} INFO - Processing /home/airflow/.local/lib/python3.12/site-packages/airflow/example_dags/example_short_circuit_decorator.py took 0.027 seconds
[2026-04-25T16:26:07.584+0000] {processor.py:186} INFO - Started process (PID=96509) to work on /home/airflow/.local/lib/python3.12/site-packages/airflow/example_dags/example_short_circuit_decorator.py
[2026-04-25T16:26:07.584+0000] {processor.py:914} INFO - Processing file /home/airflow/.local/lib/python3.12/site-packages/airflow/example_dags/example_short_circuit_decorator.py for tasks to queue
[2026-04-25T16:26:07.585+0000] {logging_mixin.py:190} INFO - [2026-04-25T16:26:07.585+0000] {dagbag.py:588} INFO - Filling up the DagBag from /home/airflow/.local/lib/python3.12/site-packages/airflow/example_dags/example_short_circuit_decorator.py
[2026-04-25T16:26:07.589+0000] {processor.py:925} INFO - DAG(s) 'example_short_circuit_decorator' retrieved from /home/airflow/.local/lib/python3.12/site-packages/airflow/example_dags/example_short_circuit_decorator.py
[2026-04-25T16:26:07.596+0000] {logging_mixin.py:190} INFO - [2026-04-25T16:26:07.596+0000] {dag.py:3239} INFO - Sync 1 DAGs
[2026-04-25T16:26:07.601+0000] {logging_mixin.py:190} INFO - [2026-04-25T16:26:07.601+0000] {dag.py:4180} INFO - Setting next_dagrun for example_short_circuit_decorator to None, run_after=None
[2026-04-25T16:26:07.607+0000] {processor.py:208} INFO - Processing /home/airflow/.local/lib/python3.12/site-packages/airflow/example_dags/example_short_circuit_decorator.py took 0.025 seconds
[2026-04-25T16:26:37.893+0000] {processor.py:186} INFO - Started process (PID=96573) to work on /home/airflow/.local/lib/python3.12/site-packages/airflow/example_dags/example_short_circuit_decorator.py
[2026-04-25T16:26:37.894+0000] {processor.py:914} INFO - Processing file /home/airflow/.local/lib/python3.12/site-packages/airflow/example_dags/example_short_circuit_decorator.py for tasks to queue
[2026-04-25T16:26:37.895+0000] {logging_mixin.py:190} INFO - [2026-04-25T16:26:37.894+0000] {dagbag.py:588} INFO - Filling up the DagBag from /home/airflow/.local/lib/python3.12/site-packages/airflow/example_dags/example_short_circuit_decorator.py
[2026-04-25T16:26:37.899+0000] {processor.py:925} INFO - DAG(s) 'example_short_circuit_decorator' retrieved from /home/airflow/.local/lib/python3.12/site-packages/airflow/example_dags/example_short_circuit_decorator.py
[2026-04-25T16:26:37.908+0000] {logging_mixin.py:190} INFO - [2026-04-25T16:26:37.908+0000] {dag.py:3239} INFO - Sync 1 DAGs
[2026-04-25T16:26:37.913+0000] {logging_mixin.py:190} INFO - [2026-04-25T16:26:37.913+0000] {dag.py:4180} INFO - Setting next_dagrun for example_short_circuit_decorator to None, run_after=None
[2026-04-25T16:26:37.923+0000] {processor.py:208} INFO - Processing /home/airflow/.local/lib/python3.12/site-packages/airflow/example_dags/example_short_circuit_decorator.py took 0.032 seconds
[2026-04-25T17:00:48.766+0000] {processor.py:186} INFO - Started process (PID=96637) to work on /home/airflow/.local/lib/python3.12/site-packages/airflow/example_dags/example_short_circuit_decorator.py
[2026-04-25T17:00:48.767+0000] {processor.py:914} INFO - Processing file /home/airflow/.local/lib/python3.12/site-packages/airflow/example_dags/example_short_circuit_decorator.py for tasks to queue
[2026-04-25T17:00:48.768+0000] {logging_mixin.py:190} INFO - [2026-04-25T17:00:48.768+0000] {dagbag.py:588} INFO - Filling up the DagBag from /home/airflow/.local/lib/python3.12/site-packages/airflow/example_dags/example_short_circuit_decorator.py
[2026-04-25T17:00:48.775+0000] {processor.py:925} INFO - DAG(s) 'example_short_circuit_decorator' retrieved from /home/airflow/.local/lib/python3.12/site-packages/airflow/example_dags/example_short_circuit_decorator.py
[2026-04-25T17:00:48.787+0000] {logging_mixin.py:190} INFO - [2026-04-25T17:00:48.787+0000] {dag.py:3239} INFO - Sync 1 DAGs
[2026-04-25T17:00:48.793+0000] {logging_mixin.py:190} INFO - [2026-04-25T17:00:48.793+0000] {dag.py:4180} INFO - Setting next_dagrun for example_short_circuit_decorator to None, run_after=None
[2026-04-25T17:00:48.802+0000] {processor.py:208} INFO - Processing /home/airflow/.local/lib/python3.12/site-packages/airflow/example_dags/example_short_circuit_decorator.py took 0.038 seconds
[2026-04-25T17:01:19.097+0000] {processor.py:186} INFO - Started process (PID=96701) to work on /home/airflow/.local/lib/python3.12/site-packages/airflow/example_dags/example_short_circuit_decorator.py
[2026-04-25T17:01:19.098+0000] {processor.py:914} INFO - Processing file /home/airflow/.local/lib/python3.12/site-packages/airflow/example_dags/example_short_circuit_decorator.py for tasks to queue
[2026-04-25T17:01:19.100+0000] {logging_mixin.py:190} INFO - [2026-04-25T17:01:19.099+0000] {dagbag.py:588} INFO - Filling up the DagBag from /home/airflow/.local/lib/python3.12/site-packages/airflow/example_dags/example_short_circuit_decorator.py
[2026-04-25T17:01:19.104+0000] {processor.py:925} INFO - DAG(s) 'example_short_circuit_decorator' retrieved from /home/airflow/.local/lib/python3.12/site-packages/airflow/example_dags/example_short_circuit_decorator.py
[2026-04-25T17:01:19.115+0000] {logging_mixin.py:190} INFO - [2026-04-25T17:01:19.115+0000] {dag.py:3239} INFO - Sync 1 DAGs
[2026-04-25T17:01:19.120+0000] {logging_mixin.py:190} INFO - [2026-04-25T17:01:19.120+0000] {dag.py:4180} INFO - Setting next_dagrun for example_short_circuit_decorator to None, run_after=None
[2026-04-25T17:01:19.126+0000] {processor.py:208} INFO - Processing /home/airflow/.local/lib/python3.12/site-packages/airflow/example_dags/example_short_circuit_decorator.py took 0.031 seconds
[2026-04-25T17:10:32.676+0000] {processor.py:186} INFO - Started process (PID=96765) to work on /home/airflow/.local/lib/python3.12/site-packages/airflow/example_dags/example_short_circuit_decorator.py
[2026-04-25T17:10:32.678+0000] {processor.py:914} INFO - Processing file /home/airflow/.local/lib/python3.12/site-packages/airflow/example_dags/example_short_circuit_decorator.py for tasks to queue
[2026-04-25T17:10:32.679+0000] {logging_mixin.py:190} INFO - [2026-04-25T17:10:32.679+0000] {dagbag.py:588} INFO - Filling up the DagBag from /home/airflow/.local/lib/python3.12/site-packages/airflow/example_dags/example_short_circuit_decorator.py
[2026-04-25T17:10:32.683+0000] {processor.py:925} INFO - DAG(s) 'example_short_circuit_decorator' retrieved from /home/airflow/.local/lib/python3.12/site-packages/airflow/example_dags/example_short_circuit_decorator.py
[2026-04-25T17:10:32.692+0000] {logging_mixin.py:190} INFO - [2026-04-25T17:10:32.692+0000] {dag.py:3239} INFO - Sync 1 DAGs
[2026-04-25T17:10:32.697+0000] {logging_mixin.py:190} INFO - [2026-04-25T17:10:32.697+0000] {dag.py:4180} INFO - Setting next_dagrun for example_short_circuit_decorator to None, run_after=None
[2026-04-25T17:10:32.703+0000] {processor.py:208} INFO - Processing /home/airflow/.local/lib/python3.12/site-packages/airflow/example_dags/example_short_circuit_decorator.py took 0.030 seconds
[2026-04-25T17:27:49.760+0000] {processor.py:186} INFO - Started process (PID=96829) to work on /home/airflow/.local/lib/python3.12/site-packages/airflow/example_dags/example_short_circuit_decorator.py
[2026-04-25T17:27:49.761+0000] {processor.py:914} INFO - Processing file /home/airflow/.local/lib/python3.12/site-packages/airflow/example_dags/example_short_circuit_decorator.py for tasks to queue
[2026-04-25T17:27:49.762+0000] {logging_mixin.py:190} INFO - [2026-04-25T17:27:49.762+0000] {dagbag.py:588} INFO - Filling up the DagBag from /home/airflow/.local/lib/python3.12/site-packages/airflow/example_dags/example_short_circuit_decorator.py
[2026-04-25T17:27:49.766+0000] {processor.py:925} INFO - DAG(s) 'example_short_circuit_decorator' retrieved from /home/airflow/.local/lib/python3.12/site-packages/airflow/example_dags/example_short_circuit_decorator.py
[2026-04-25T17:27:49.780+0000] {logging_mixin.py:190} INFO - [2026-04-25T17:27:49.780+0000] {dag.py:3239} INFO - Sync 1 DAGs
[2026-04-25T17:27:49.787+0000] {logging_mixin.py:190} INFO - [2026-04-25T17:27:49.787+0000] {dag.py:4180} INFO - Setting next_dagrun for example_short_circuit_decorator to None, run_after=None
[2026-04-25T17:27:49.793+0000] {processor.py:208} INFO - Processing /home/airflow/.local/lib/python3.12/site-packages/airflow/example_dags/example_short_circuit_decorator.py took 0.035 seconds
[2026-04-25T17:29:04.077+0000] {processor.py:186} INFO - Started process (PID=96893) to work on /home/airflow/.local/lib/python3.12/site-packages/airflow/example_dags/example_short_circuit_decorator.py
[2026-04-25T17:29:04.079+0000] {processor.py:914} INFO - Processing file /home/airflow/.local/lib/python3.12/site-packages/airflow/example_dags/example_short_circuit_decorator.py for tasks to queue
[2026-04-25T17:29:04.080+0000] {logging_mixin.py:190} INFO - [2026-04-25T17:29:04.080+0000] {dagbag.py:588} INFO - Filling up the DagBag from /home/airflow/.local/lib/python3.12/site-packages/airflow/example_dags/example_short_circuit_decorator.py
[2026-04-25T17:29:04.084+0000] {processor.py:925} INFO - DAG(s) 'example_short_circuit_decorator' retrieved from /home/airflow/.local/lib/python3.12/site-packages/airflow/example_dags/example_short_circuit_decorator.py
[2026-04-25T17:29:04.097+0000] {logging_mixin.py:190} INFO - [2026-04-25T17:29:04.097+0000] {dag.py:3239} INFO - Sync 1 DAGs
[2026-04-25T17:29:04.102+0000] {logging_mixin.py:190} INFO - [2026-04-25T17:29:04.102+0000] {dag.py:4180} INFO - Setting next_dagrun for example_short_circuit_decorator to None, run_after=None
[2026-04-25T17:29:04.110+0000] {processor.py:208} INFO - Processing /home/airflow/.local/lib/python3.12/site-packages/airflow/example_dags/example_short_circuit_decorator.py took 0.035 seconds
[2026-04-25T17:47:37.621+0000] {processor.py:186} INFO - Started process (PID=96957) to work on /home/airflow/.local/lib/python3.12/site-packages/airflow/example_dags/example_short_circuit_decorator.py
[2026-04-25T17:47:37.621+0000] {processor.py:914} INFO - Processing file /home/airflow/.local/lib/python3.12/site-packages/airflow/example_dags/example_short_circuit_decorator.py for tasks to queue
[2026-04-25T17:47:37.622+0000] {logging_mixin.py:190} INFO - [2026-04-25T17:47:37.622+0000] {dagbag.py:588} INFO - Filling up the DagBag from /home/airflow/.local/lib/python3.12/site-packages/airflow/example_dags/example_short_circuit_decorator.py
[2026-04-25T17:47:37.627+0000] {processor.py:925} INFO - DAG(s) 'example_short_circuit_decorator' retrieved from /home/airflow/.local/lib/python3.12/site-packages/airflow/example_dags/example_short_circuit_decorator.py
[2026-04-25T17:47:37.642+0000] {logging_mixin.py:190} INFO - [2026-04-25T17:47:37.642+0000] {dag.py:3239} INFO - Sync 1 DAGs
[2026-04-25T17:47:37.648+0000] {logging_mixin.py:190} INFO - [2026-04-25T17:47:37.648+0000] {dag.py:4180} INFO - Setting next_dagrun for example_short_circuit_decorator to None, run_after=None
[2026-04-25T17:47:37.658+0000] {processor.py:208} INFO - Processing /home/airflow/.local/lib/python3.12/site-packages/airflow/example_dags/example_short_circuit_decorator.py took 0.039 seconds
[2026-04-25T17:48:08.350+0000] {processor.py:186} INFO - Started process (PID=97021) to work on /home/airflow/.local/lib/python3.12/site-packages/airflow/example_dags/example_short_circuit_decorator.py
[2026-04-25T17:48:08.350+0000] {processor.py:914} INFO - Processing file /home/airflow/.local/lib/python3.12/site-packages/airflow/example_dags/example_short_circuit_decorator.py for tasks to queue
[2026-04-25T17:48:08.352+0000] {logging_mixin.py:190} INFO - [2026-04-25T17:48:08.351+0000] {dagbag.py:588} INFO - Filling up the DagBag from /home/airflow/.local/lib/python3.12/site-packages/airflow/example_dags/example_short_circuit_decorator.py
[2026-04-25T17:48:08.355+0000] {processor.py:925} INFO - DAG(s) 'example_short_circuit_decorator' retrieved from /home/airflow/.local/lib/python3.12/site-packages/airflow/example_dags/example_short_circuit_decorator.py
[2026-04-25T17:48:08.364+0000] {logging_mixin.py:190} INFO - [2026-04-25T17:48:08.364+0000] {dag.py:3239} INFO - Sync 1 DAGs
[2026-04-25T17:48:08.370+0000] {logging_mixin.py:190} INFO - [2026-04-25T17:48:08.370+0000] {dag.py:4180} INFO - Setting next_dagrun for example_short_circuit_decorator to None, run_after=None
[2026-04-25T17:48:08.379+0000] {processor.py:208} INFO - Processing /home/airflow/.local/lib/python3.12/site-packages/airflow/example_dags/example_short_circuit_decorator.py took 0.031 seconds
[2026-04-25T18:04:47.163+0000] {processor.py:186} INFO - Started process (PID=97085) to work on /home/airflow/.local/lib/python3.12/site-packages/airflow/example_dags/example_short_circuit_decorator.py
[2026-04-25T18:04:47.163+0000] {processor.py:914} INFO - Processing file /home/airflow/.local/lib/python3.12/site-packages/airflow/example_dags/example_short_circuit_decorator.py for tasks to queue
[2026-04-25T18:04:47.164+0000] {logging_mixin.py:190} INFO - [2026-04-25T18:04:47.164+0000] {dagbag.py:588} INFO - Filling up the DagBag from /home/airflow/.local/lib/python3.12/site-packages/airflow/example_dags/example_short_circuit_decorator.py
[2026-04-25T18:04:47.167+0000] {processor.py:925} INFO - DAG(s) 'example_short_circuit_decorator' retrieved from /home/airflow/.local/lib/python3.12/site-packages/airflow/example_dags/example_short_circuit_decorator.py
[2026-04-25T18:04:47.174+0000] {logging_mixin.py:190} INFO - [2026-04-25T18:04:47.174+0000] {dag.py:3239} INFO - Sync 1 DAGs
[2026-04-25T18:04:47.179+0000] {logging_mixin.py:190} INFO - [2026-04-25T18:04:47.179+0000] {dag.py:4180} INFO - Setting next_dagrun for example_short_circuit_decorator to None, run_after=None
[2026-04-25T18:04:47.184+0000] {processor.py:208} INFO - Processing /home/airflow/.local/lib/python3.12/site-packages/airflow/example_dags/example_short_circuit_decorator.py took 0.023 seconds
[2026-04-25T18:05:18.338+0000] {processor.py:186} INFO - Started process (PID=97149) to work on /home/airflow/.local/lib/python3.12/site-packages/airflow/example_dags/example_short_circuit_decorator.py
[2026-04-25T18:05:18.338+0000] {processor.py:914} INFO - Processing file /home/airflow/.local/lib/python3.12/site-packages/airflow/example_dags/example_short_circuit_decorator.py for tasks to queue
[2026-04-25T18:05:18.339+0000] {logging_mixin.py:190} INFO - [2026-04-25T18:05:18.339+0000] {dagbag.py:588} INFO - Filling up the DagBag from /home/airflow/.local/lib/python3.12/site-packages/airflow/example_dags/example_short_circuit_decorator.py
[2026-04-25T18:05:18.343+0000] {processor.py:925} INFO - DAG(s) 'example_short_circuit_decorator' retrieved from /home/airflow/.local/lib/python3.12/site-packages/airflow/example_dags/example_short_circuit_decorator.py
[2026-04-25T18:05:18.354+0000] {logging_mixin.py:190} INFO - [2026-04-25T18:05:18.354+0000] {dag.py:3239} INFO - Sync 1 DAGs
[2026-04-25T18:05:18.361+0000] {logging_mixin.py:190} INFO - [2026-04-25T18:05:18.361+0000] {dag.py:4180} INFO - Setting next_dagrun for example_short_circuit_decorator to None, run_after=None
[2026-04-25T18:05:18.373+0000] {processor.py:208} INFO - Processing /home/airflow/.local/lib/python3.12/site-packages/airflow/example_dags/example_short_circuit_decorator.py took 0.038 seconds
[2026-04-25T18:11:37.698+0000] {processor.py:186} INFO - Started process (PID=97213) to work on /home/airflow/.local/lib/python3.12/site-packages/airflow/example_dags/example_short_circuit_decorator.py
[2026-04-25T18:11:37.699+0000] {processor.py:914} INFO - Processing file /home/airflow/.local/lib/python3.12/site-packages/airflow/example_dags/example_short_circuit_decorator.py for tasks to queue
[2026-04-25T18:11:37.700+0000] {logging_mixin.py:190} INFO - [2026-04-25T18:11:37.700+0000] {dagbag.py:588} INFO - Filling up the DagBag from /home/airflow/.local/lib/python3.12/site-packages/airflow/example_dags/example_short_circuit_decorator.py
[2026-04-25T18:11:37.704+0000] {processor.py:925} INFO - DAG(s) 'example_short_circuit_decorator' retrieved from /home/airflow/.local/lib/python3.12/site-packages/airflow/example_dags/example_short_circuit_decorator.py
[2026-04-25T18:11:37.716+0000] {logging_mixin.py:190} INFO - [2026-04-25T18:11:37.716+0000] {dag.py:3239} INFO - Sync 1 DAGs
[2026-04-25T18:11:37.721+0000] {logging_mixin.py:190} INFO - [2026-04-25T18:11:37.721+0000] {dag.py:4180} INFO - Setting next_dagrun for example_short_circuit_decorator to None, run_after=None
[2026-04-25T18:11:37.728+0000] {processor.py:208} INFO - Processing /home/airflow/.local/lib/python3.12/site-packages/airflow/example_dags/example_short_circuit_decorator.py took 0.032 seconds
[2026-04-25T18:28:22.767+0000] {processor.py:186} INFO - Started process (PID=97277) to work on /home/airflow/.local/lib/python3.12/site-packages/airflow/example_dags/example_short_circuit_decorator.py
[2026-04-25T18:28:22.768+0000] {processor.py:914} INFO - Processing file /home/airflow/.local/lib/python3.12/site-packages/airflow/example_dags/example_short_circuit_decorator.py for tasks to queue
[2026-04-25T18:28:22.769+0000] {logging_mixin.py:190} INFO - [2026-04-25T18:28:22.769+0000] {dagbag.py:588} INFO - Filling up the DagBag from /home/airflow/.local/lib/python3.12/site-packages/airflow/example_dags/example_short_circuit_decorator.py
[2026-04-25T18:28:22.774+0000] {processor.py:925} INFO - DAG(s) 'example_short_circuit_decorator' retrieved from /home/airflow/.local/lib/python3.12/site-packages/airflow/example_dags/example_short_circuit_decorator.py
[2026-04-25T18:28:22.787+0000] {logging_mixin.py:190} INFO - [2026-04-25T18:28:22.787+0000] {dag.py:3239} INFO - Sync 1 DAGs
[2026-04-25T18:28:22.793+0000] {logging_mixin.py:190} INFO - [2026-04-25T18:28:22.793+0000] {dag.py:4180} INFO - Setting next_dagrun for example_short_circuit_decorator to None, run_after=None
[2026-04-25T18:28:22.803+0000] {processor.py:208} INFO - Processing /home/airflow/.local/lib/python3.12/site-packages/airflow/example_dags/example_short_circuit_decorator.py took 0.038 seconds
[2026-04-25T18:28:53.183+0000] {processor.py:186} INFO - Started process (PID=97341) to work on /home/airflow/.local/lib/python3.12/site-packages/airflow/example_dags/example_short_circuit_decorator.py
[2026-04-25T18:28:53.183+0000] {processor.py:914} INFO - Processing file /home/airflow/.local/lib/python3.12/site-packages/airflow/example_dags/example_short_circuit_decorator.py for tasks to queue
[2026-04-25T18:28:53.185+0000] {logging_mixin.py:190} INFO - [2026-04-25T18:28:53.185+0000] {dagbag.py:588} INFO - Filling up the DagBag from /home/airflow/.local/lib/python3.12/site-packages/airflow/example_dags/example_short_circuit_decorator.py
[2026-04-25T18:28:53.191+0000] {processor.py:925} INFO - DAG(s) 'example_short_circuit_decorator' retrieved from /home/airflow/.local/lib/python3.12/site-packages/airflow/example_dags/example_short_circuit_decorator.py
[2026-04-25T18:28:53.207+0000] {logging_mixin.py:190} INFO - [2026-04-25T18:28:53.207+0000] {dag.py:3239} INFO - Sync 1 DAGs
[2026-04-25T18:28:53.213+0000] {logging_mixin.py:190} INFO - [2026-04-25T18:28:53.213+0000] {dag.py:4180} INFO - Setting next_dagrun for example_short_circuit_decorator to None, run_after=None
[2026-04-25T18:28:53.220+0000] {processor.py:208} INFO - Processing /home/airflow/.local/lib/python3.12/site-packages/airflow/example_dags/example_short_circuit_decorator.py took 0.041 seconds
[2026-04-25T18:43:41.901+0000] {processor.py:186} INFO - Started process (PID=97405) to work on /home/airflow/.local/lib/python3.12/site-packages/airflow/example_dags/example_short_circuit_decorator.py
[2026-04-25T18:43:41.901+0000] {processor.py:914} INFO - Processing file /home/airflow/.local/lib/python3.12/site-packages/airflow/example_dags/example_short_circuit_decorator.py for tasks to queue
[2026-04-25T18:43:41.903+0000] {logging_mixin.py:190} INFO - [2026-04-25T18:43:41.902+0000] {dagbag.py:588} INFO - Filling up the DagBag from /home/airflow/.local/lib/python3.12/site-packages/airflow/example_dags/example_short_circuit_decorator.py
[2026-04-25T18:43:41.907+0000] {processor.py:925} INFO - DAG(s) 'example_short_circuit_decorator' retrieved from /home/airflow/.local/lib/python3.12/site-packages/airflow/example_dags/example_short_circuit_decorator.py
[2026-04-25T18:43:41.921+0000] {logging_mixin.py:190} INFO - [2026-04-25T18:43:41.919+0000] {dag.py:3239} INFO - Sync 1 DAGs
[2026-04-25T18:43:41.927+0000] {logging_mixin.py:190} INFO - [2026-04-25T18:43:41.927+0000] {dag.py:4180} INFO - Setting next_dagrun for example_short_circuit_decorator to None, run_after=None
[2026-04-25T18:43:41.933+0000] {processor.py:208} INFO - Processing /home/airflow/.local/lib/python3.12/site-packages/airflow/example_dags/example_short_circuit_decorator.py took 0.035 seconds
[2026-04-25T18:44:13.195+0000] {processor.py:186} INFO - Started process (PID=97469) to work on /home/airflow/.local/lib/python3.12/site-packages/airflow/example_dags/example_short_circuit_decorator.py
[2026-04-25T18:44:13.195+0000] {processor.py:914} INFO - Processing file /home/airflow/.local/lib/python3.12/site-packages/airflow/example_dags/example_short_circuit_decorator.py for tasks to queue
[2026-04-25T18:44:13.196+0000] {logging_mixin.py:190} INFO - [2026-04-25T18:44:13.196+0000] {dagbag.py:588} INFO - Filling up the DagBag from /home/airflow/.local/lib/python3.12/site-packages/airflow/example_dags/example_short_circuit_decorator.py
[2026-04-25T18:44:13.200+0000] {processor.py:925} INFO - DAG(s) 'example_short_circuit_decorator' retrieved from /home/airflow/.local/lib/python3.12/site-packages/airflow/example_dags/example_short_circuit_decorator.py
[2026-04-25T18:44:13.210+0000] {logging_mixin.py:190} INFO - [2026-04-25T18:44:13.210+0000] {dag.py:3239} INFO - Sync 1 DAGs
[2026-04-25T18:44:13.216+0000] {logging_mixin.py:190} INFO - [2026-04-25T18:44:13.216+0000] {dag.py:4180} INFO - Setting next_dagrun for example_short_circuit_decorator to None, run_after=None
[2026-04-25T18:44:13.225+0000] {processor.py:208} INFO - Processing /home/airflow/.local/lib/python3.12/site-packages/airflow/example_dags/example_short_circuit_decorator.py took 0.033 seconds
[2026-04-25T19:02:07.685+0000] {processor.py:186} INFO - Started process (PID=97533) to work on /home/airflow/.local/lib/python3.12/site-packages/airflow/example_dags/example_short_circuit_decorator.py
[2026-04-25T19:02:07.686+0000] {processor.py:914} INFO - Processing file /home/airflow/.local/lib/python3.12/site-packages/airflow/example_dags/example_short_circuit_decorator.py for tasks to queue
[2026-04-25T19:02:07.688+0000] {logging_mixin.py:190} INFO - [2026-04-25T19:02:07.688+0000] {dagbag.py:588} INFO - Filling up the DagBag from /home/airflow/.local/lib/python3.12/site-packages/airflow/example_dags/example_short_circuit_decorator.py
[2026-04-25T19:02:07.692+0000] {processor.py:925} INFO - DAG(s) 'example_short_circuit_decorator' retrieved from /home/airflow/.local/lib/python3.12/site-packages/airflow/example_dags/example_short_circuit_decorator.py
[2026-04-25T19:02:07.704+0000] {logging_mixin.py:190} INFO - [2026-04-25T19:02:07.703+0000] {dag.py:3239} INFO - Sync 1 DAGs
[2026-04-25T19:02:07.709+0000] {logging_mixin.py:190} INFO - [2026-04-25T19:02:07.709+0000] {dag.py:4180} INFO - Setting next_dagrun for example_short_circuit_decorator to None, run_after=None
[2026-04-25T19:02:07.716+0000] {processor.py:208} INFO - Processing /home/airflow/.local/lib/python3.12/site-packages/airflow/example_dags/example_short_circuit_decorator.py took 0.034 seconds
[2026-04-25T19:19:00.522+0000] {processor.py:186} INFO - Started process (PID=97597) to work on /home/airflow/.local/lib/python3.12/site-packages/airflow/example_dags/example_short_circuit_decorator.py
[2026-04-25T19:19:00.522+0000] {processor.py:914} INFO - Processing file /home/airflow/.local/lib/python3.12/site-packages/airflow/example_dags/example_short_circuit_decorator.py for tasks to queue
[2026-04-25T19:19:00.524+0000] {logging_mixin.py:190} INFO - [2026-04-25T19:19:00.524+0000] {dagbag.py:588} INFO - Filling up the DagBag from /home/airflow/.local/lib/python3.12/site-packages/airflow/example_dags/example_short_circuit_decorator.py
[2026-04-25T19:19:00.529+0000] {processor.py:925} INFO - DAG(s) 'example_short_circuit_decorator' retrieved from /home/airflow/.local/lib/python3.12/site-packages/airflow/example_dags/example_short_circuit_decorator.py
[2026-04-25T19:19:00.538+0000] {logging_mixin.py:190} INFO - [2026-04-25T19:19:00.538+0000] {dag.py:3239} INFO - Sync 1 DAGs
[2026-04-25T19:19:00.545+0000] {logging_mixin.py:190} INFO - [2026-04-25T19:19:00.545+0000] {dag.py:4180} INFO - Setting next_dagrun for example_short_circuit_decorator to None, run_after=None
[2026-04-25T19:19:00.554+0000] {processor.py:208} INFO - Processing /home/airflow/.local/lib/python3.12/site-packages/airflow/example_dags/example_short_circuit_decorator.py took 0.035 seconds
[2026-04-25T19:19:31.785+0000] {processor.py:186} INFO - Started process (PID=97661) to work on /home/airflow/.local/lib/python3.12/site-packages/airflow/example_dags/example_short_circuit_decorator.py
[2026-04-25T19:19:31.785+0000] {processor.py:914} INFO - Processing file /home/airflow/.local/lib/python3.12/site-packages/airflow/example_dags/example_short_circuit_decorator.py for tasks to queue
[2026-04-25T19:19:31.786+0000] {logging_mixin.py:190} INFO - [2026-04-25T19:19:31.786+0000] {dagbag.py:588} INFO - Filling up the DagBag from /home/airflow/.local/lib/python3.12/site-packages/airflow/example_dags/example_short_circuit_decorator.py
[2026-04-25T19:19:31.791+0000] {processor.py:925} INFO - DAG(s) 'example_short_circuit_decorator' retrieved from /home/airflow/.local/lib/python3.12/site-packages/airflow/example_dags/example_short_circuit_decorator.py
[2026-04-25T19:19:31.802+0000] {logging_mixin.py:190} INFO - [2026-04-25T19:19:31.802+0000] {dag.py:3239} INFO - Sync 1 DAGs
[2026-04-25T19:19:31.807+0000] {logging_mixin.py:190} INFO - [2026-04-25T19:19:31.807+0000] {dag.py:4180} INFO - Setting next_dagrun for example_short_circuit_decorator to None, run_after=None
[2026-04-25T19:19:31.818+0000] {processor.py:208} INFO - Processing /home/airflow/.local/lib/python3.12/site-packages/airflow/example_dags/example_short_circuit_decorator.py took 0.036 seconds
[2026-04-25T19:37:40.299+0000] {processor.py:186} INFO - Started process (PID=97725) to work on /home/airflow/.local/lib/python3.12/site-packages/airflow/example_dags/example_short_circuit_decorator.py
[2026-04-25T19:37:40.299+0000] {processor.py:914} INFO - Processing file /home/airflow/.local/lib/python3.12/site-packages/airflow/example_dags/example_short_circuit_decorator.py for tasks to queue
[2026-04-25T19:37:40.301+0000] {logging_mixin.py:190} INFO - [2026-04-25T19:37:40.301+0000] {dagbag.py:588} INFO - Filling up the DagBag from /home/airflow/.local/lib/python3.12/site-packages/airflow/example_dags/example_short_circuit_decorator.py
[2026-04-25T19:37:40.306+0000] {processor.py:925} INFO - DAG(s) 'example_short_circuit_decorator' retrieved from /home/airflow/.local/lib/python3.12/site-packages/airflow/example_dags/example_short_circuit_decorator.py
[2026-04-25T19:37:40.316+0000] {logging_mixin.py:190} INFO - [2026-04-25T19:37:40.316+0000] {dag.py:3239} INFO - Sync 1 DAGs
[2026-04-25T19:37:40.322+0000] {logging_mixin.py:190} INFO - [2026-04-25T19:37:40.322+0000] {dag.py:4180} INFO - Setting next_dagrun for example_short_circuit_decorator to None, run_after=None
[2026-04-25T19:37:40.331+0000] {processor.py:208} INFO - Processing /home/airflow/.local/lib/python3.12/site-packages/airflow/example_dags/example_short_circuit_decorator.py took 0.035 seconds
[2026-04-25T19:38:10.709+0000] {processor.py:186} INFO - Started process (PID=97789) to work on /home/airflow/.local/lib/python3.12/site-packages/airflow/example_dags/example_short_circuit_decorator.py
[2026-04-25T19:38:10.709+0000] {processor.py:914} INFO - Processing file /home/airflow/.local/lib/python3.12/site-packages/airflow/example_dags/example_short_circuit_decorator.py for tasks to queue
[2026-04-25T19:38:10.710+0000] {logging_mixin.py:190} INFO - [2026-04-25T19:38:10.710+0000] {dagbag.py:588} INFO - Filling up the DagBag from /home/airflow/.local/lib/python3.12/site-packages/airflow/example_dags/example_short_circuit_decorator.py
[2026-04-25T19:38:10.714+0000] {processor.py:925} INFO - DAG(s) 'example_short_circuit_decorator' retrieved from /home/airflow/.local/lib/python3.12/site-packages/airflow/example_dags/example_short_circuit_decorator.py
[2026-04-25T19:38:10.723+0000] {logging_mixin.py:190} INFO - [2026-04-25T19:38:10.723+0000] {dag.py:3239} INFO - Sync 1 DAGs
[2026-04-25T19:38:10.728+0000] {logging_mixin.py:190} INFO - [2026-04-25T19:38:10.728+0000] {dag.py:4180} INFO - Setting next_dagrun for example_short_circuit_decorator to None, run_after=None
[2026-04-25T19:38:10.738+0000] {processor.py:208} INFO - Processing /home/airflow/.local/lib/python3.12/site-packages/airflow/example_dags/example_short_circuit_decorator.py took 0.032 seconds
[2026-04-25T19:55:25.135+0000] {processor.py:186} INFO - Started process (PID=97853) to work on /home/airflow/.local/lib/python3.12/site-packages/airflow/example_dags/example_short_circuit_decorator.py
[2026-04-25T19:55:25.135+0000] {processor.py:914} INFO - Processing file /home/airflow/.local/lib/python3.12/site-packages/airflow/example_dags/example_short_circuit_decorator.py for tasks to queue
[2026-04-25T19:55:25.136+0000] {logging_mixin.py:190} INFO - [2026-04-25T19:55:25.136+0000] {dagbag.py:588} INFO - Filling up the DagBag from /home/airflow/.local/lib/python3.12/site-packages/airflow/example_dags/example_short_circuit_decorator.py
[2026-04-25T19:55:25.139+0000] {processor.py:925} INFO - DAG(s) 'example_short_circuit_decorator' retrieved from /home/airflow/.local/lib/python3.12/site-packages/airflow/example_dags/example_short_circuit_decorator.py
[2026-04-25T19:55:25.146+0000] {logging_mixin.py:190} INFO - [2026-04-25T19:55:25.146+0000] {dag.py:3239} INFO - Sync 1 DAGs
[2026-04-25T19:55:25.150+0000] {logging_mixin.py:190} INFO - [2026-04-25T19:55:25.150+0000] {dag.py:4180} INFO - Setting next_dagrun for example_short_circuit_decorator to None, run_after=None
[2026-04-25T19:55:25.156+0000] {processor.py:208} INFO - Processing /home/airflow/.local/lib/python3.12/site-packages/airflow/example_dags/example_short_circuit_decorator.py took 0.023 seconds
[2026-04-25T19:55:55.631+0000] {processor.py:186} INFO - Started process (PID=97917) to work on /home/airflow/.local/lib/python3.12/site-packages/airflow/example_dags/example_short_circuit_decorator.py
[2026-04-25T19:55:55.631+0000] {processor.py:914} INFO - Processing file /home/airflow/.local/lib/python3.12/site-packages/airflow/example_dags/example_short_circuit_decorator.py for tasks to queue
[2026-04-25T19:55:55.632+0000] {logging_mixin.py:190} INFO - [2026-04-25T19:55:55.632+0000] {dagbag.py:588} INFO - Filling up the DagBag from /home/airflow/.local/lib/python3.12/site-packages/airflow/example_dags/example_short_circuit_decorator.py
[2026-04-25T19:55:55.638+0000] {processor.py:925} INFO - DAG(s) 'example_short_circuit_decorator' retrieved from /home/airflow/.local/lib/python3.12/site-packages/airflow/example_dags/example_short_circuit_decorator.py
[2026-04-25T19:55:55.645+0000] {logging_mixin.py:190} INFO - [2026-04-25T19:55:55.645+0000] {dag.py:3239} INFO - Sync 1 DAGs
[2026-04-25T19:55:55.651+0000] {logging_mixin.py:190} INFO - [2026-04-25T19:55:55.651+0000] {dag.py:4180} INFO - Setting next_dagrun for example_short_circuit_decorator to None, run_after=None
[2026-04-25T19:55:55.660+0000] {processor.py:208} INFO - Processing /home/airflow/.local/lib/python3.12/site-packages/airflow/example_dags/example_short_circuit_decorator.py took 0.032 seconds
[2026-04-25T20:13:17.641+0000] {processor.py:186} INFO - Started process (PID=97981) to work on /home/airflow/.local/lib/python3.12/site-packages/airflow/example_dags/example_short_circuit_decorator.py
[2026-04-25T20:13:17.642+0000] {processor.py:914} INFO - Processing file /home/airflow/.local/lib/python3.12/site-packages/airflow/example_dags/example_short_circuit_decorator.py for tasks to queue
[2026-04-25T20:13:17.643+0000] {logging_mixin.py:190} INFO - [2026-04-25T20:13:17.643+0000] {dagbag.py:588} INFO - Filling up the DagBag from /home/airflow/.local/lib/python3.12/site-packages/airflow/example_dags/example_short_circuit_decorator.py
[2026-04-25T20:13:17.647+0000] {processor.py:925} INFO - DAG(s) 'example_short_circuit_decorator' retrieved from /home/airflow/.local/lib/python3.12/site-packages/airflow/example_dags/example_short_circuit_decorator.py
[2026-04-25T20:13:17.657+0000] {logging_mixin.py:190} INFO - [2026-04-25T20:13:17.657+0000] {dag.py:3239} INFO - Sync 1 DAGs
[2026-04-25T20:13:17.661+0000] {logging_mixin.py:190} INFO - [2026-04-25T20:13:17.661+0000] {dag.py:4180} INFO - Setting next_dagrun for example_short_circuit_decorator to None, run_after=None
[2026-04-25T20:13:17.673+0000] {processor.py:208} INFO - Processing /home/airflow/.local/lib/python3.12/site-packages/airflow/example_dags/example_short_circuit_decorator.py took 0.033 seconds
[2026-04-25T20:30:22.014+0000] {processor.py:186} INFO - Started process (PID=98045) to work on /home/airflow/.local/lib/python3.12/site-packages/airflow/example_dags/example_short_circuit_decorator.py
[2026-04-25T20:30:22.015+0000] {processor.py:914} INFO - Processing file /home/airflow/.local/lib/python3.12/site-packages/airflow/example_dags/example_short_circuit_decorator.py for tasks to queue
[2026-04-25T20:30:22.016+0000] {logging_mixin.py:190} INFO - [2026-04-25T20:30:22.016+0000] {dagbag.py:588} INFO - Filling up the DagBag from /home/airflow/.local/lib/python3.12/site-packages/airflow/example_dags/example_short_circuit_decorator.py
[2026-04-25T20:30:22.021+0000] {processor.py:925} INFO - DAG(s) 'example_short_circuit_decorator' retrieved from /home/airflow/.local/lib/python3.12/site-packages/airflow/example_dags/example_short_circuit_decorator.py
[2026-04-25T20:30:22.032+0000] {logging_mixin.py:190} INFO - [2026-04-25T20:30:22.032+0000] {dag.py:3239} INFO - Sync 1 DAGs
[2026-04-25T20:30:22.038+0000] {logging_mixin.py:190} INFO - [2026-04-25T20:30:22.038+0000] {dag.py:4180} INFO - Setting next_dagrun for example_short_circuit_decorator to None, run_after=None
[2026-04-25T20:30:22.048+0000] {processor.py:208} INFO - Processing /home/airflow/.local/lib/python3.12/site-packages/airflow/example_dags/example_short_circuit_decorator.py took 0.036 seconds
[2026-04-25T20:30:52.341+0000] {processor.py:186} INFO - Started process (PID=98109) to work on /home/airflow/.local/lib/python3.12/site-packages/airflow/example_dags/example_short_circuit_decorator.py
[2026-04-25T20:30:52.341+0000] {processor.py:914} INFO - Processing file /home/airflow/.local/lib/python3.12/site-packages/airflow/example_dags/example_short_circuit_decorator.py for tasks to queue
[2026-04-25T20:30:52.343+0000] {logging_mixin.py:190} INFO - [2026-04-25T20:30:52.343+0000] {dagbag.py:588} INFO - Filling up the DagBag from /home/airflow/.local/lib/python3.12/site-packages/airflow/example_dags/example_short_circuit_decorator.py
[2026-04-25T20:30:52.348+0000] {processor.py:925} INFO - DAG(s) 'example_short_circuit_decorator' retrieved from /home/airflow/.local/lib/python3.12/site-packages/airflow/example_dags/example_short_circuit_decorator.py
[2026-04-25T20:30:52.357+0000] {logging_mixin.py:190} INFO - [2026-04-25T20:30:52.357+0000] {dag.py:3239} INFO - Sync 1 DAGs
[2026-04-25T20:30:52.362+0000] {logging_mixin.py:190} INFO - [2026-04-25T20:30:52.362+0000] {dag.py:4180} INFO - Setting next_dagrun for example_short_circuit_decorator to None, run_after=None
[2026-04-25T20:30:52.368+0000] {processor.py:208} INFO - Processing /home/airflow/.local/lib/python3.12/site-packages/airflow/example_dags/example_short_circuit_decorator.py took 0.031 seconds
[2026-04-25T20:47:43.874+0000] {processor.py:186} INFO - Started process (PID=98173) to work on /home/airflow/.local/lib/python3.12/site-packages/airflow/example_dags/example_short_circuit_decorator.py
[2026-04-25T20:47:43.875+0000] {processor.py:914} INFO - Processing file /home/airflow/.local/lib/python3.12/site-packages/airflow/example_dags/example_short_circuit_decorator.py for tasks to queue
[2026-04-25T20:47:43.875+0000] {logging_mixin.py:190} INFO - [2026-04-25T20:47:43.875+0000] {dagbag.py:588} INFO - Filling up the DagBag from /home/airflow/.local/lib/python3.12/site-packages/airflow/example_dags/example_short_circuit_decorator.py
[2026-04-25T20:47:43.879+0000] {processor.py:925} INFO - DAG(s) 'example_short_circuit_decorator' retrieved from /home/airflow/.local/lib/python3.12/site-packages/airflow/example_dags/example_short_circuit_decorator.py
[2026-04-25T20:47:43.886+0000] {logging_mixin.py:190} INFO - [2026-04-25T20:47:43.886+0000] {dag.py:3239} INFO - Sync 1 DAGs
[2026-04-25T20:47:43.890+0000] {logging_mixin.py:190} INFO - [2026-04-25T20:47:43.890+0000] {dag.py:4180} INFO - Setting next_dagrun for example_short_circuit_decorator to None, run_after=None
[2026-04-25T20:47:43.896+0000] {processor.py:208} INFO - Processing /home/airflow/.local/lib/python3.12/site-packages/airflow/example_dags/example_short_circuit_decorator.py took 0.024 seconds
[2026-04-25T20:48:14.298+0000] {processor.py:186} INFO - Started process (PID=98237) to work on /home/airflow/.local/lib/python3.12/site-packages/airflow/example_dags/example_short_circuit_decorator.py
[2026-04-25T20:48:14.298+0000] {processor.py:914} INFO - Processing file /home/airflow/.local/lib/python3.12/site-packages/airflow/example_dags/example_short_circuit_decorator.py for tasks to queue
[2026-04-25T20:48:14.300+0000] {logging_mixin.py:190} INFO - [2026-04-25T20:48:14.300+0000] {dagbag.py:588} INFO - Filling up the DagBag from /home/airflow/.local/lib/python3.12/site-packages/airflow/example_dags/example_short_circuit_decorator.py
[2026-04-25T20:48:14.306+0000] {processor.py:925} INFO - DAG(s) 'example_short_circuit_decorator' retrieved from /home/airflow/.local/lib/python3.12/site-packages/airflow/example_dags/example_short_circuit_decorator.py
[2026-04-25T20:48:14.320+0000] {logging_mixin.py:190} INFO - [2026-04-25T20:48:14.320+0000] {dag.py:3239} INFO - Sync 1 DAGs
[2026-04-25T20:48:14.326+0000] {logging_mixin.py:190} INFO - [2026-04-25T20:48:14.326+0000] {dag.py:4180} INFO - Setting next_dagrun for example_short_circuit_decorator to None, run_after=None
[2026-04-25T20:48:14.336+0000] {processor.py:208} INFO - Processing /home/airflow/.local/lib/python3.12/site-packages/airflow/example_dags/example_short_circuit_decorator.py took 0.041 seconds
[2026-04-25T21:07:16.075+0000] {processor.py:186} INFO - Started process (PID=98301) to work on /home/airflow/.local/lib/python3.12/site-packages/airflow/example_dags/example_short_circuit_decorator.py
[2026-04-25T21:07:16.076+0000] {processor.py:914} INFO - Processing file /home/airflow/.local/lib/python3.12/site-packages/airflow/example_dags/example_short_circuit_decorator.py for tasks to queue
[2026-04-25T21:07:16.077+0000] {logging_mixin.py:190} INFO - [2026-04-25T21:07:16.076+0000] {dagbag.py:588} INFO - Filling up the DagBag from /home/airflow/.local/lib/python3.12/site-packages/airflow/example_dags/example_short_circuit_decorator.py
[2026-04-25T21:07:16.080+0000] {processor.py:925} INFO - DAG(s) 'example_short_circuit_decorator' retrieved from /home/airflow/.local/lib/python3.12/site-packages/airflow/example_dags/example_short_circuit_decorator.py
[2026-04-25T21:07:16.087+0000] {logging_mixin.py:190} INFO - [2026-04-25T21:07:16.087+0000] {dag.py:3239} INFO - Sync 1 DAGs
[2026-04-25T21:07:16.091+0000] {logging_mixin.py:190} INFO - [2026-04-25T21:07:16.091+0000] {dag.py:4180} INFO - Setting next_dagrun for example_short_circuit_decorator to None, run_after=None
[2026-04-25T21:07:16.096+0000] {processor.py:208} INFO - Processing /home/airflow/.local/lib/python3.12/site-packages/airflow/example_dags/example_short_circuit_decorator.py took 0.023 seconds
[2026-04-25T21:24:07.207+0000] {processor.py:186} INFO - Started process (PID=98365) to work on /home/airflow/.local/lib/python3.12/site-packages/airflow/example_dags/example_short_circuit_decorator.py
[2026-04-25T21:24:07.208+0000] {processor.py:914} INFO - Processing file /home/airflow/.local/lib/python3.12/site-packages/airflow/example_dags/example_short_circuit_decorator.py for tasks to queue
[2026-04-25T21:24:07.209+0000] {logging_mixin.py:190} INFO - [2026-04-25T21:24:07.209+0000] {dagbag.py:588} INFO - Filling up the DagBag from /home/airflow/.local/lib/python3.12/site-packages/airflow/example_dags/example_short_circuit_decorator.py
[2026-04-25T21:24:07.214+0000] {processor.py:925} INFO - DAG(s) 'example_short_circuit_decorator' retrieved from /home/airflow/.local/lib/python3.12/site-packages/airflow/example_dags/example_short_circuit_decorator.py
[2026-04-25T21:24:07.225+0000] {logging_mixin.py:190} INFO - [2026-04-25T21:24:07.225+0000] {dag.py:3239} INFO - Sync 1 DAGs
[2026-04-25T21:24:07.230+0000] {logging_mixin.py:190} INFO - [2026-04-25T21:24:07.229+0000] {dag.py:4180} INFO - Setting next_dagrun for example_short_circuit_decorator to None, run_after=None
[2026-04-25T21:24:07.239+0000] {processor.py:208} INFO - Processing /home/airflow/.local/lib/python3.12/site-packages/airflow/example_dags/example_short_circuit_decorator.py took 0.034 seconds
[2026-04-25T21:42:04.247+0000] {processor.py:186} INFO - Started process (PID=98429) to work on /home/airflow/.local/lib/python3.12/site-packages/airflow/example_dags/example_short_circuit_decorator.py
[2026-04-25T21:42:04.247+0000] {processor.py:914} INFO - Processing file /home/airflow/.local/lib/python3.12/site-packages/airflow/example_dags/example_short_circuit_decorator.py for tasks to queue
[2026-04-25T21:42:04.248+0000] {logging_mixin.py:190} INFO - [2026-04-25T21:42:04.248+0000] {dagbag.py:588} INFO - Filling up the DagBag from /home/airflow/.local/lib/python3.12/site-packages/airflow/example_dags/example_short_circuit_decorator.py
[2026-04-25T21:42:04.252+0000] {processor.py:925} INFO - DAG(s) 'example_short_circuit_decorator' retrieved from /home/airflow/.local/lib/python3.12/site-packages/airflow/example_dags/example_short_circuit_decorator.py
[2026-04-25T21:42:04.262+0000] {logging_mixin.py:190} INFO - [2026-04-25T21:42:04.261+0000] {dag.py:3239} INFO - Sync 1 DAGs
[2026-04-25T21:42:04.267+0000] {logging_mixin.py:190} INFO - [2026-04-25T21:42:04.267+0000] {dag.py:4180} INFO - Setting next_dagrun for example_short_circuit_decorator to None, run_after=None
[2026-04-25T21:42:04.275+0000] {processor.py:208} INFO - Processing /home/airflow/.local/lib/python3.12/site-packages/airflow/example_dags/example_short_circuit_decorator.py took 0.030 seconds
[2026-04-25T21:59:49.860+0000] {processor.py:186} INFO - Started process (PID=98493) to work on /home/airflow/.local/lib/python3.12/site-packages/airflow/example_dags/example_short_circuit_decorator.py
[2026-04-25T21:59:49.861+0000] {processor.py:914} INFO - Processing file /home/airflow/.local/lib/python3.12/site-packages/airflow/example_dags/example_short_circuit_decorator.py for tasks to queue
[2026-04-25T21:59:49.863+0000] {logging_mixin.py:190} INFO - [2026-04-25T21:59:49.862+0000] {dagbag.py:588} INFO - Filling up the DagBag from /home/airflow/.local/lib/python3.12/site-packages/airflow/example_dags/example_short_circuit_decorator.py
[2026-04-25T21:59:49.867+0000] {processor.py:925} INFO - DAG(s) 'example_short_circuit_decorator' retrieved from /home/airflow/.local/lib/python3.12/site-packages/airflow/example_dags/example_short_circuit_decorator.py
[2026-04-25T21:59:49.878+0000] {logging_mixin.py:190} INFO - [2026-04-25T21:59:49.878+0000] {dag.py:3239} INFO - Sync 1 DAGs
[2026-04-25T21:59:49.883+0000] {logging_mixin.py:190} INFO - [2026-04-25T21:59:49.883+0000] {dag.py:4180} INFO - Setting next_dagrun for example_short_circuit_decorator to None, run_after=None
[2026-04-25T21:59:49.888+0000] {processor.py:208} INFO - Processing /home/airflow/.local/lib/python3.12/site-packages/airflow/example_dags/example_short_circuit_decorator.py took 0.030 seconds
[2026-04-25T22:18:39.404+0000] {processor.py:186} INFO - Started process (PID=98557) to work on /home/airflow/.local/lib/python3.12/site-packages/airflow/example_dags/example_short_circuit_decorator.py
[2026-04-25T22:18:39.404+0000] {processor.py:914} INFO - Processing file /home/airflow/.local/lib/python3.12/site-packages/airflow/example_dags/example_short_circuit_decorator.py for tasks to queue
[2026-04-25T22:18:39.405+0000] {logging_mixin.py:190} INFO - [2026-04-25T22:18:39.405+0000] {dagbag.py:588} INFO - Filling up the DagBag from /home/airflow/.local/lib/python3.12/site-packages/airflow/example_dags/example_short_circuit_decorator.py
[2026-04-25T22:18:39.409+0000] {processor.py:925} INFO - DAG(s) 'example_short_circuit_decorator' retrieved from /home/airflow/.local/lib/python3.12/site-packages/airflow/example_dags/example_short_circuit_decorator.py
[2026-04-25T22:18:39.420+0000] {logging_mixin.py:190} INFO - [2026-04-25T22:18:39.420+0000] {dag.py:3239} INFO - Sync 1 DAGs
[2026-04-25T22:18:39.426+0000] {logging_mixin.py:190} INFO - [2026-04-25T22:18:39.426+0000] {dag.py:4180} INFO - Setting next_dagrun for example_short_circuit_decorator to None, run_after=None
[2026-04-25T22:18:39.435+0000] {processor.py:208} INFO - Processing /home/airflow/.local/lib/python3.12/site-packages/airflow/example_dags/example_short_circuit_decorator.py took 0.033 seconds
[2026-04-25T22:19:09.704+0000] {processor.py:186} INFO - Started process (PID=98621) to work on /home/airflow/.local/lib/python3.12/site-packages/airflow/example_dags/example_short_circuit_decorator.py
[2026-04-25T22:19:09.705+0000] {processor.py:914} INFO - Processing file /home/airflow/.local/lib/python3.12/site-packages/airflow/example_dags/example_short_circuit_decorator.py for tasks to queue
[2026-04-25T22:19:09.706+0000] {logging_mixin.py:190} INFO - [2026-04-25T22:19:09.706+0000] {dagbag.py:588} INFO - Filling up the DagBag from /home/airflow/.local/lib/python3.12/site-packages/airflow/example_dags/example_short_circuit_decorator.py
[2026-04-25T22:19:09.710+0000] {processor.py:925} INFO - DAG(s) 'example_short_circuit_decorator' retrieved from /home/airflow/.local/lib/python3.12/site-packages/airflow/example_dags/example_short_circuit_decorator.py
[2026-04-25T22:19:09.719+0000] {logging_mixin.py:190} INFO - [2026-04-25T22:19:09.719+0000] {dag.py:3239} INFO - Sync 1 DAGs
[2026-04-25T22:19:09.724+0000] {logging_mixin.py:190} INFO - [2026-04-25T22:19:09.724+0000] {dag.py:4180} INFO - Setting next_dagrun for example_short_circuit_decorator to None, run_after=None
[2026-04-25T22:19:09.732+0000] {processor.py:208} INFO - Processing /home/airflow/.local/lib/python3.12/site-packages/airflow/example_dags/example_short_circuit_decorator.py took 0.030 seconds
[2026-04-25T22:37:47.642+0000] {processor.py:186} INFO - Started process (PID=98685) to work on /home/airflow/.local/lib/python3.12/site-packages/airflow/example_dags/example_short_circuit_decorator.py
[2026-04-25T22:37:47.643+0000] {processor.py:914} INFO - Processing file /home/airflow/.local/lib/python3.12/site-packages/airflow/example_dags/example_short_circuit_decorator.py for tasks to queue
[2026-04-25T22:37:47.646+0000] {logging_mixin.py:190} INFO - [2026-04-25T22:37:47.644+0000] {dagbag.py:588} INFO - Filling up the DagBag from /home/airflow/.local/lib/python3.12/site-packages/airflow/example_dags/example_short_circuit_decorator.py
[2026-04-25T22:37:47.653+0000] {processor.py:925} INFO - DAG(s) 'example_short_circuit_decorator' retrieved from /home/airflow/.local/lib/python3.12/site-packages/airflow/example_dags/example_short_circuit_decorator.py
[2026-04-25T22:37:47.668+0000] {logging_mixin.py:190} INFO - [2026-04-25T22:37:47.668+0000] {dag.py:3239} INFO - Sync 1 DAGs
[2026-04-25T22:37:47.674+0000] {logging_mixin.py:190} INFO - [2026-04-25T22:37:47.674+0000] {dag.py:4180} INFO - Setting next_dagrun for example_short_circuit_decorator to None, run_after=None
[2026-04-25T22:37:47.680+0000] {processor.py:208} INFO - Processing /home/airflow/.local/lib/python3.12/site-packages/airflow/example_dags/example_short_circuit_decorator.py took 0.041 seconds
[2026-04-25T22:38:17.934+0000] {processor.py:186} INFO - Started process (PID=98748) to work on /home/airflow/.local/lib/python3.12/site-packages/airflow/example_dags/example_short_circuit_decorator.py
[2026-04-25T22:38:17.935+0000] {processor.py:914} INFO - Processing file /home/airflow/.local/lib/python3.12/site-packages/airflow/example_dags/example_short_circuit_decorator.py for tasks to queue
[2026-04-25T22:38:17.936+0000] {logging_mixin.py:190} INFO - [2026-04-25T22:38:17.935+0000] {dagbag.py:588} INFO - Filling up the DagBag from /home/airflow/.local/lib/python3.12/site-packages/airflow/example_dags/example_short_circuit_decorator.py
[2026-04-25T22:38:17.942+0000] {processor.py:925} INFO - DAG(s) 'example_short_circuit_decorator' retrieved from /home/airflow/.local/lib/python3.12/site-packages/airflow/example_dags/example_short_circuit_decorator.py
[2026-04-25T22:38:17.951+0000] {logging_mixin.py:190} INFO - [2026-04-25T22:38:17.951+0000] {dag.py:3239} INFO - Sync 1 DAGs
[2026-04-25T22:38:17.957+0000] {logging_mixin.py:190} INFO - [2026-04-25T22:38:17.957+0000] {dag.py:4180} INFO - Setting next_dagrun for example_short_circuit_decorator to None, run_after=None
[2026-04-25T22:38:17.966+0000] {processor.py:208} INFO - Processing /home/airflow/.local/lib/python3.12/site-packages/airflow/example_dags/example_short_circuit_decorator.py took 0.035 seconds
[2026-04-25T22:56:54.494+0000] {processor.py:186} INFO - Started process (PID=98812) to work on /home/airflow/.local/lib/python3.12/site-packages/airflow/example_dags/example_short_circuit_decorator.py
[2026-04-25T22:56:54.494+0000] {processor.py:914} INFO - Processing file /home/airflow/.local/lib/python3.12/site-packages/airflow/example_dags/example_short_circuit_decorator.py for tasks to queue
[2026-04-25T22:56:54.496+0000] {logging_mixin.py:190} INFO - [2026-04-25T22:56:54.496+0000] {dagbag.py:588} INFO - Filling up the DagBag from /home/airflow/.local/lib/python3.12/site-packages/airflow/example_dags/example_short_circuit_decorator.py
[2026-04-25T22:56:54.500+0000] {processor.py:925} INFO - DAG(s) 'example_short_circuit_decorator' retrieved from /home/airflow/.local/lib/python3.12/site-packages/airflow/example_dags/example_short_circuit_decorator.py
[2026-04-25T22:56:54.507+0000] {logging_mixin.py:190} INFO - [2026-04-25T22:56:54.507+0000] {dag.py:3239} INFO - Sync 1 DAGs
[2026-04-25T22:56:54.512+0000] {logging_mixin.py:190} INFO - [2026-04-25T22:56:54.512+0000] {dag.py:4180} INFO - Setting next_dagrun for example_short_circuit_decorator to None, run_after=None
[2026-04-25T22:56:54.522+0000] {processor.py:208} INFO - Processing /home/airflow/.local/lib/python3.12/site-packages/airflow/example_dags/example_short_circuit_decorator.py took 0.030 seconds
[2026-04-25T23:13:58.379+0000] {processor.py:186} INFO - Started process (PID=98876) to work on /home/airflow/.local/lib/python3.12/site-packages/airflow/example_dags/example_short_circuit_decorator.py
[2026-04-25T23:13:58.379+0000] {processor.py:914} INFO - Processing file /home/airflow/.local/lib/python3.12/site-packages/airflow/example_dags/example_short_circuit_decorator.py for tasks to queue
[2026-04-25T23:13:58.380+0000] {logging_mixin.py:190} INFO - [2026-04-25T23:13:58.380+0000] {dagbag.py:588} INFO - Filling up the DagBag from /home/airflow/.local/lib/python3.12/site-packages/airflow/example_dags/example_short_circuit_decorator.py
[2026-04-25T23:13:58.385+0000] {processor.py:925} INFO - DAG(s) 'example_short_circuit_decorator' retrieved from /home/airflow/.local/lib/python3.12/site-packages/airflow/example_dags/example_short_circuit_decorator.py
[2026-04-25T23:13:58.392+0000] {logging_mixin.py:190} INFO - [2026-04-25T23:13:58.392+0000] {dag.py:3239} INFO - Sync 1 DAGs
[2026-04-25T23:13:58.399+0000] {logging_mixin.py:190} INFO - [2026-04-25T23:13:58.399+0000] {dag.py:4180} INFO - Setting next_dagrun for example_short_circuit_decorator to None, run_after=None
[2026-04-25T23:13:58.410+0000] {processor.py:208} INFO - Processing /home/airflow/.local/lib/python3.12/site-packages/airflow/example_dags/example_short_circuit_decorator.py took 0.034 seconds
[2026-04-25T23:31:53.129+0000] {processor.py:186} INFO - Started process (PID=98940) to work on /home/airflow/.local/lib/python3.12/site-packages/airflow/example_dags/example_short_circuit_decorator.py
[2026-04-25T23:31:53.130+0000] {processor.py:914} INFO - Processing file /home/airflow/.local/lib/python3.12/site-packages/airflow/example_dags/example_short_circuit_decorator.py for tasks to queue
[2026-04-25T23:31:53.131+0000] {logging_mixin.py:190} INFO - [2026-04-25T23:31:53.131+0000] {dagbag.py:588} INFO - Filling up the DagBag from /home/airflow/.local/lib/python3.12/site-packages/airflow/example_dags/example_short_circuit_decorator.py
[2026-04-25T23:31:53.136+0000] {processor.py:925} INFO - DAG(s) 'example_short_circuit_decorator' retrieved from /home/airflow/.local/lib/python3.12/site-packages/airflow/example_dags/example_short_circuit_decorator.py
[2026-04-25T23:31:53.145+0000] {logging_mixin.py:190} INFO - [2026-04-25T23:31:53.145+0000] {dag.py:3239} INFO - Sync 1 DAGs
[2026-04-25T23:31:53.150+0000] {logging_mixin.py:190} INFO - [2026-04-25T23:31:53.150+0000] {dag.py:4180} INFO - Setting next_dagrun for example_short_circuit_decorator to None, run_after=None
[2026-04-25T23:31:53.157+0000] {processor.py:208} INFO - Processing /home/airflow/.local/lib/python3.12/site-packages/airflow/example_dags/example_short_circuit_decorator.py took 0.030 seconds
[2026-04-25T23:32:24.377+0000] {processor.py:186} INFO - Started process (PID=99004) to work on /home/airflow/.local/lib/python3.12/site-packages/airflow/example_dags/example_short_circuit_decorator.py
[2026-04-25T23:32:24.377+0000] {processor.py:914} INFO - Processing file /home/airflow/.local/lib/python3.12/site-packages/airflow/example_dags/example_short_circuit_decorator.py for tasks to queue
[2026-04-25T23:32:24.378+0000] {logging_mixin.py:190} INFO - [2026-04-25T23:32:24.378+0000] {dagbag.py:588} INFO - Filling up the DagBag from /home/airflow/.local/lib/python3.12/site-packages/airflow/example_dags/example_short_circuit_decorator.py
[2026-04-25T23:32:24.382+0000] {processor.py:925} INFO - DAG(s) 'example_short_circuit_decorator' retrieved from /home/airflow/.local/lib/python3.12/site-packages/airflow/example_dags/example_short_circuit_decorator.py
[2026-04-25T23:32:24.389+0000] {logging_mixin.py:190} INFO - [2026-04-25T23:32:24.389+0000] {dag.py:3239} INFO - Sync 1 DAGs
[2026-04-25T23:32:24.396+0000] {logging_mixin.py:190} INFO - [2026-04-25T23:32:24.396+0000] {dag.py:4180} INFO - Setting next_dagrun for example_short_circuit_decorator to None, run_after=None
[2026-04-25T23:32:24.407+0000] {processor.py:208} INFO - Processing /home/airflow/.local/lib/python3.12/site-packages/airflow/example_dags/example_short_circuit_decorator.py took 0.032 seconds
[2026-04-25T23:49:53.728+0000] {processor.py:186} INFO - Started process (PID=99068) to work on /home/airflow/.local/lib/python3.12/site-packages/airflow/example_dags/example_short_circuit_decorator.py
[2026-04-25T23:49:53.729+0000] {processor.py:914} INFO - Processing file /home/airflow/.local/lib/python3.12/site-packages/airflow/example_dags/example_short_circuit_decorator.py for tasks to queue
[2026-04-25T23:49:53.732+0000] {logging_mixin.py:190} INFO - [2026-04-25T23:49:53.731+0000] {dagbag.py:588} INFO - Filling up the DagBag from /home/airflow/.local/lib/python3.12/site-packages/airflow/example_dags/example_short_circuit_decorator.py
[2026-04-25T23:49:53.736+0000] {processor.py:925} INFO - DAG(s) 'example_short_circuit_decorator' retrieved from /home/airflow/.local/lib/python3.12/site-packages/airflow/example_dags/example_short_circuit_decorator.py
[2026-04-25T23:49:53.745+0000] {logging_mixin.py:190} INFO - [2026-04-25T23:49:53.745+0000] {dag.py:3239} INFO - Sync 1 DAGs
[2026-04-25T23:49:53.752+0000] {logging_mixin.py:190} INFO - [2026-04-25T23:49:53.752+0000] {dag.py:4180} INFO - Setting next_dagrun for example_short_circuit_decorator to None, run_after=None
[2026-04-25T23:49:53.762+0000] {processor.py:208} INFO - Processing /home/airflow/.local/lib/python3.12/site-packages/airflow/example_dags/example_short_circuit_decorator.py took 0.036 seconds
[2026-04-25T23:50:24.046+0000] {processor.py:186} INFO - Started process (PID=99132) to work on /home/airflow/.local/lib/python3.12/site-packages/airflow/example_dags/example_short_circuit_decorator.py
[2026-04-25T23:50:24.046+0000] {processor.py:914} INFO - Processing file /home/airflow/.local/lib/python3.12/site-packages/airflow/example_dags/example_short_circuit_decorator.py for tasks to queue
[2026-04-25T23:50:24.047+0000] {logging_mixin.py:190} INFO - [2026-04-25T23:50:24.047+0000] {dagbag.py:588} INFO - Filling up the DagBag from /home/airflow/.local/lib/python3.12/site-packages/airflow/example_dags/example_short_circuit_decorator.py
[2026-04-25T23:50:24.053+0000] {processor.py:925} INFO - DAG(s) 'example_short_circuit_decorator' retrieved from /home/airflow/.local/lib/python3.12/site-packages/airflow/example_dags/example_short_circuit_decorator.py
[2026-04-25T23:50:24.061+0000] {logging_mixin.py:190} INFO - [2026-04-25T23:50:24.061+0000] {dag.py:3239} INFO - Sync 1 DAGs
[2026-04-25T23:50:24.067+0000] {logging_mixin.py:190} INFO - [2026-04-25T23:50:24.067+0000] {dag.py:4180} INFO - Setting next_dagrun for example_short_circuit_decorator to None, run_after=None
[2026-04-25T23:50:24.079+0000] {processor.py:208} INFO - Processing /home/airflow/.local/lib/python3.12/site-packages/airflow/example_dags/example_short_circuit_decorator.py took 0.035 seconds
