[2026-04-25T00:03:07.053+0000] {processor.py:186} INFO - Started process (PID=89140) to work on /home/airflow/.local/lib/python3.12/site-packages/airflow/example_dags/example_dag_decorator.py
[2026-04-25T00:03:07.053+0000] {processor.py:914} INFO - Processing file /home/airflow/.local/lib/python3.12/site-packages/airflow/example_dags/example_dag_decorator.py for tasks to queue
[2026-04-25T00:03:07.054+0000] {logging_mixin.py:190} INFO - [2026-04-25T00:03:07.054+0000] {dagbag.py:588} INFO - Filling up the DagBag from /home/airflow/.local/lib/python3.12/site-packages/airflow/example_dags/example_dag_decorator.py
[2026-04-25T00:03:07.099+0000] {processor.py:925} INFO - DAG(s) 'example_dag_decorator' retrieved from /home/airflow/.local/lib/python3.12/site-packages/airflow/example_dags/example_dag_decorator.py
[2026-04-25T00:03:07.141+0000] {logging_mixin.py:190} INFO - [2026-04-25T00:03:07.141+0000] {dag.py:3239} INFO - Sync 1 DAGs
[2026-04-25T00:03:07.145+0000] {logging_mixin.py:190} INFO - [2026-04-25T00:03:07.145+0000] {dag.py:4180} INFO - Setting next_dagrun for example_dag_decorator to None, run_after=None
[2026-04-25T00:03:07.151+0000] {processor.py:208} INFO - Processing /home/airflow/.local/lib/python3.12/site-packages/airflow/example_dags/example_dag_decorator.py took 0.100 seconds
[2026-04-25T00:03:37.995+0000] {processor.py:186} INFO - Started process (PID=89204) to work on /home/airflow/.local/lib/python3.12/site-packages/airflow/example_dags/example_dag_decorator.py
[2026-04-25T00:03:37.996+0000] {processor.py:914} INFO - Processing file /home/airflow/.local/lib/python3.12/site-packages/airflow/example_dags/example_dag_decorator.py for tasks to queue
[2026-04-25T00:03:37.997+0000] {logging_mixin.py:190} INFO - [2026-04-25T00:03:37.997+0000] {dagbag.py:588} INFO - Filling up the DagBag from /home/airflow/.local/lib/python3.12/site-packages/airflow/example_dags/example_dag_decorator.py
[2026-04-25T00:03:38.030+0000] {processor.py:925} INFO - DAG(s) 'example_dag_decorator' retrieved from /home/airflow/.local/lib/python3.12/site-packages/airflow/example_dags/example_dag_decorator.py
[2026-04-25T00:03:38.073+0000] {logging_mixin.py:190} INFO - [2026-04-25T00:03:38.073+0000] {dag.py:3239} INFO - Sync 1 DAGs
[2026-04-25T00:03:38.077+0000] {logging_mixin.py:190} INFO - [2026-04-25T00:03:38.077+0000] {dag.py:4180} INFO - Setting next_dagrun for example_dag_decorator to None, run_after=None
[2026-04-25T00:03:38.086+0000] {processor.py:208} INFO - Processing /home/airflow/.local/lib/python3.12/site-packages/airflow/example_dags/example_dag_decorator.py took 0.093 seconds
[2026-04-25T00:19:11.949+0000] {processor.py:186} INFO - Started process (PID=89268) to work on /home/airflow/.local/lib/python3.12/site-packages/airflow/example_dags/example_dag_decorator.py
[2026-04-25T00:19:11.950+0000] {processor.py:914} INFO - Processing file /home/airflow/.local/lib/python3.12/site-packages/airflow/example_dags/example_dag_decorator.py for tasks to queue
[2026-04-25T00:19:11.952+0000] {logging_mixin.py:190} INFO - [2026-04-25T00:19:11.952+0000] {dagbag.py:588} INFO - Filling up the DagBag from /home/airflow/.local/lib/python3.12/site-packages/airflow/example_dags/example_dag_decorator.py
[2026-04-25T00:19:11.987+0000] {processor.py:925} INFO - DAG(s) 'example_dag_decorator' retrieved from /home/airflow/.local/lib/python3.12/site-packages/airflow/example_dags/example_dag_decorator.py
[2026-04-25T00:19:12.038+0000] {logging_mixin.py:190} INFO - [2026-04-25T00:19:12.038+0000] {dag.py:3239} INFO - Sync 1 DAGs
[2026-04-25T00:19:12.042+0000] {logging_mixin.py:190} INFO - [2026-04-25T00:19:12.042+0000] {dag.py:4180} INFO - Setting next_dagrun for example_dag_decorator to None, run_after=None
[2026-04-25T00:19:12.051+0000] {processor.py:208} INFO - Processing /home/airflow/.local/lib/python3.12/site-packages/airflow/example_dags/example_dag_decorator.py took 0.104 seconds
[2026-04-25T00:34:46.539+0000] {processor.py:186} INFO - Started process (PID=89332) to work on /home/airflow/.local/lib/python3.12/site-packages/airflow/example_dags/example_dag_decorator.py
[2026-04-25T00:34:46.540+0000] {processor.py:914} INFO - Processing file /home/airflow/.local/lib/python3.12/site-packages/airflow/example_dags/example_dag_decorator.py for tasks to queue
[2026-04-25T00:34:46.541+0000] {logging_mixin.py:190} INFO - [2026-04-25T00:34:46.540+0000] {dagbag.py:588} INFO - Filling up the DagBag from /home/airflow/.local/lib/python3.12/site-packages/airflow/example_dags/example_dag_decorator.py
[2026-04-25T00:34:46.581+0000] {processor.py:925} INFO - DAG(s) 'example_dag_decorator' retrieved from /home/airflow/.local/lib/python3.12/site-packages/airflow/example_dags/example_dag_decorator.py
[2026-04-25T00:34:46.630+0000] {logging_mixin.py:190} INFO - [2026-04-25T00:34:46.630+0000] {dag.py:3239} INFO - Sync 1 DAGs
[2026-04-25T00:34:46.635+0000] {logging_mixin.py:190} INFO - [2026-04-25T00:34:46.634+0000] {dag.py:4180} INFO - Setting next_dagrun for example_dag_decorator to None, run_after=None
[2026-04-25T00:34:46.650+0000] {processor.py:208} INFO - Processing /home/airflow/.local/lib/python3.12/site-packages/airflow/example_dags/example_dag_decorator.py took 0.113 seconds
[2026-04-25T00:35:17.608+0000] {processor.py:186} INFO - Started process (PID=89396) to work on /home/airflow/.local/lib/python3.12/site-packages/airflow/example_dags/example_dag_decorator.py
[2026-04-25T00:35:17.609+0000] {processor.py:914} INFO - Processing file /home/airflow/.local/lib/python3.12/site-packages/airflow/example_dags/example_dag_decorator.py for tasks to queue
[2026-04-25T00:35:17.610+0000] {logging_mixin.py:190} INFO - [2026-04-25T00:35:17.609+0000] {dagbag.py:588} INFO - Filling up the DagBag from /home/airflow/.local/lib/python3.12/site-packages/airflow/example_dags/example_dag_decorator.py
[2026-04-25T00:35:17.644+0000] {processor.py:925} INFO - DAG(s) 'example_dag_decorator' retrieved from /home/airflow/.local/lib/python3.12/site-packages/airflow/example_dags/example_dag_decorator.py
[2026-04-25T00:35:17.685+0000] {logging_mixin.py:190} INFO - [2026-04-25T00:35:17.685+0000] {dag.py:3239} INFO - Sync 1 DAGs
[2026-04-25T00:35:17.690+0000] {logging_mixin.py:190} INFO - [2026-04-25T00:35:17.689+0000] {dag.py:4180} INFO - Setting next_dagrun for example_dag_decorator to None, run_after=None
[2026-04-25T00:35:17.699+0000] {processor.py:208} INFO - Processing /home/airflow/.local/lib/python3.12/site-packages/airflow/example_dags/example_dag_decorator.py took 0.094 seconds
[2026-04-25T00:50:50.301+0000] {processor.py:186} INFO - Started process (PID=89460) to work on /home/airflow/.local/lib/python3.12/site-packages/airflow/example_dags/example_dag_decorator.py
[2026-04-25T00:50:50.302+0000] {processor.py:914} INFO - Processing file /home/airflow/.local/lib/python3.12/site-packages/airflow/example_dags/example_dag_decorator.py for tasks to queue
[2026-04-25T00:50:50.303+0000] {logging_mixin.py:190} INFO - [2026-04-25T00:50:50.303+0000] {dagbag.py:588} INFO - Filling up the DagBag from /home/airflow/.local/lib/python3.12/site-packages/airflow/example_dags/example_dag_decorator.py
[2026-04-25T00:50:50.346+0000] {processor.py:925} INFO - DAG(s) 'example_dag_decorator' retrieved from /home/airflow/.local/lib/python3.12/site-packages/airflow/example_dags/example_dag_decorator.py
[2026-04-25T00:50:50.388+0000] {logging_mixin.py:190} INFO - [2026-04-25T00:50:50.388+0000] {dag.py:3239} INFO - Sync 1 DAGs
[2026-04-25T00:50:50.395+0000] {logging_mixin.py:190} INFO - [2026-04-25T00:50:50.395+0000] {dag.py:4180} INFO - Setting next_dagrun for example_dag_decorator to None, run_after=None
[2026-04-25T00:50:50.403+0000] {processor.py:208} INFO - Processing /home/airflow/.local/lib/python3.12/site-packages/airflow/example_dags/example_dag_decorator.py took 0.105 seconds
[2026-04-25T00:53:48.540+0000] {processor.py:186} INFO - Started process (PID=89524) to work on /home/airflow/.local/lib/python3.12/site-packages/airflow/example_dags/example_dag_decorator.py
[2026-04-25T00:53:48.540+0000] {processor.py:914} INFO - Processing file /home/airflow/.local/lib/python3.12/site-packages/airflow/example_dags/example_dag_decorator.py for tasks to queue
[2026-04-25T00:53:48.541+0000] {logging_mixin.py:190} INFO - [2026-04-25T00:53:48.541+0000] {dagbag.py:588} INFO - Filling up the DagBag from /home/airflow/.local/lib/python3.12/site-packages/airflow/example_dags/example_dag_decorator.py
[2026-04-25T00:53:48.573+0000] {processor.py:925} INFO - DAG(s) 'example_dag_decorator' retrieved from /home/airflow/.local/lib/python3.12/site-packages/airflow/example_dags/example_dag_decorator.py
[2026-04-25T00:53:48.617+0000] {logging_mixin.py:190} INFO - [2026-04-25T00:53:48.617+0000] {dag.py:3239} INFO - Sync 1 DAGs
[2026-04-25T00:53:48.624+0000] {logging_mixin.py:190} INFO - [2026-04-25T00:53:48.623+0000] {dag.py:4180} INFO - Setting next_dagrun for example_dag_decorator to None, run_after=None
[2026-04-25T00:53:48.630+0000] {processor.py:208} INFO - Processing /home/airflow/.local/lib/python3.12/site-packages/airflow/example_dags/example_dag_decorator.py took 0.093 seconds
[2026-04-25T00:54:19.700+0000] {processor.py:186} INFO - Started process (PID=89588) to work on /home/airflow/.local/lib/python3.12/site-packages/airflow/example_dags/example_dag_decorator.py
[2026-04-25T00:54:19.700+0000] {processor.py:914} INFO - Processing file /home/airflow/.local/lib/python3.12/site-packages/airflow/example_dags/example_dag_decorator.py for tasks to queue
[2026-04-25T00:54:19.701+0000] {logging_mixin.py:190} INFO - [2026-04-25T00:54:19.701+0000] {dagbag.py:588} INFO - Filling up the DagBag from /home/airflow/.local/lib/python3.12/site-packages/airflow/example_dags/example_dag_decorator.py
[2026-04-25T00:54:19.738+0000] {processor.py:925} INFO - DAG(s) 'example_dag_decorator' retrieved from /home/airflow/.local/lib/python3.12/site-packages/airflow/example_dags/example_dag_decorator.py
[2026-04-25T00:54:19.784+0000] {logging_mixin.py:190} INFO - [2026-04-25T00:54:19.784+0000] {dag.py:3239} INFO - Sync 1 DAGs
[2026-04-25T00:54:19.789+0000] {logging_mixin.py:190} INFO - [2026-04-25T00:54:19.789+0000] {dag.py:4180} INFO - Setting next_dagrun for example_dag_decorator to None, run_after=None
[2026-04-25T00:54:19.801+0000] {processor.py:208} INFO - Processing /home/airflow/.local/lib/python3.12/site-packages/airflow/example_dags/example_dag_decorator.py took 0.103 seconds
[2026-04-25T00:54:50.643+0000] {processor.py:186} INFO - Started process (PID=89652) to work on /home/airflow/.local/lib/python3.12/site-packages/airflow/example_dags/example_dag_decorator.py
[2026-04-25T00:54:50.644+0000] {processor.py:914} INFO - Processing file /home/airflow/.local/lib/python3.12/site-packages/airflow/example_dags/example_dag_decorator.py for tasks to queue
[2026-04-25T00:54:50.644+0000] {logging_mixin.py:190} INFO - [2026-04-25T00:54:50.644+0000] {dagbag.py:588} INFO - Filling up the DagBag from /home/airflow/.local/lib/python3.12/site-packages/airflow/example_dags/example_dag_decorator.py
[2026-04-25T00:54:50.679+0000] {processor.py:925} INFO - DAG(s) 'example_dag_decorator' retrieved from /home/airflow/.local/lib/python3.12/site-packages/airflow/example_dags/example_dag_decorator.py
[2026-04-25T00:54:50.719+0000] {logging_mixin.py:190} INFO - [2026-04-25T00:54:50.719+0000] {dag.py:3239} INFO - Sync 1 DAGs
[2026-04-25T00:54:50.723+0000] {logging_mixin.py:190} INFO - [2026-04-25T00:54:50.722+0000] {dag.py:4180} INFO - Setting next_dagrun for example_dag_decorator to None, run_after=None
[2026-04-25T00:54:50.728+0000] {processor.py:208} INFO - Processing /home/airflow/.local/lib/python3.12/site-packages/airflow/example_dags/example_dag_decorator.py took 0.087 seconds
[2026-04-25T00:55:21.798+0000] {processor.py:186} INFO - Started process (PID=89716) to work on /home/airflow/.local/lib/python3.12/site-packages/airflow/example_dags/example_dag_decorator.py
[2026-04-25T00:55:21.798+0000] {processor.py:914} INFO - Processing file /home/airflow/.local/lib/python3.12/site-packages/airflow/example_dags/example_dag_decorator.py for tasks to queue
[2026-04-25T00:55:21.800+0000] {logging_mixin.py:190} INFO - [2026-04-25T00:55:21.800+0000] {dagbag.py:588} INFO - Filling up the DagBag from /home/airflow/.local/lib/python3.12/site-packages/airflow/example_dags/example_dag_decorator.py
[2026-04-25T00:55:21.839+0000] {processor.py:925} INFO - DAG(s) 'example_dag_decorator' retrieved from /home/airflow/.local/lib/python3.12/site-packages/airflow/example_dags/example_dag_decorator.py
[2026-04-25T00:55:21.879+0000] {logging_mixin.py:190} INFO - [2026-04-25T00:55:21.879+0000] {dag.py:3239} INFO - Sync 1 DAGs
[2026-04-25T00:55:21.883+0000] {logging_mixin.py:190} INFO - [2026-04-25T00:55:21.883+0000] {dag.py:4180} INFO - Setting next_dagrun for example_dag_decorator to None, run_after=None
[2026-04-25T00:55:21.892+0000] {processor.py:208} INFO - Processing /home/airflow/.local/lib/python3.12/site-packages/airflow/example_dags/example_dag_decorator.py took 0.097 seconds
[2026-04-25T00:58:29.544+0000] {processor.py:186} INFO - Started process (PID=89780) to work on /home/airflow/.local/lib/python3.12/site-packages/airflow/example_dags/example_dag_decorator.py
[2026-04-25T00:58:29.545+0000] {processor.py:914} INFO - Processing file /home/airflow/.local/lib/python3.12/site-packages/airflow/example_dags/example_dag_decorator.py for tasks to queue
[2026-04-25T00:58:29.546+0000] {logging_mixin.py:190} INFO - [2026-04-25T00:58:29.546+0000] {dagbag.py:588} INFO - Filling up the DagBag from /home/airflow/.local/lib/python3.12/site-packages/airflow/example_dags/example_dag_decorator.py
[2026-04-25T00:58:29.599+0000] {processor.py:925} INFO - DAG(s) 'example_dag_decorator' retrieved from /home/airflow/.local/lib/python3.12/site-packages/airflow/example_dags/example_dag_decorator.py
[2026-04-25T00:58:29.649+0000] {logging_mixin.py:190} INFO - [2026-04-25T00:58:29.649+0000] {dag.py:3239} INFO - Sync 1 DAGs
[2026-04-25T00:58:29.654+0000] {logging_mixin.py:190} INFO - [2026-04-25T00:58:29.654+0000] {dag.py:4180} INFO - Setting next_dagrun for example_dag_decorator to None, run_after=None
[2026-04-25T00:58:29.663+0000] {processor.py:208} INFO - Processing /home/airflow/.local/lib/python3.12/site-packages/airflow/example_dags/example_dag_decorator.py took 0.122 seconds
[2026-04-25T00:59:00.748+0000] {processor.py:186} INFO - Started process (PID=89844) to work on /home/airflow/.local/lib/python3.12/site-packages/airflow/example_dags/example_dag_decorator.py
[2026-04-25T00:59:00.749+0000] {processor.py:914} INFO - Processing file /home/airflow/.local/lib/python3.12/site-packages/airflow/example_dags/example_dag_decorator.py for tasks to queue
[2026-04-25T00:59:00.751+0000] {logging_mixin.py:190} INFO - [2026-04-25T00:59:00.751+0000] {dagbag.py:588} INFO - Filling up the DagBag from /home/airflow/.local/lib/python3.12/site-packages/airflow/example_dags/example_dag_decorator.py
[2026-04-25T00:59:00.793+0000] {processor.py:925} INFO - DAG(s) 'example_dag_decorator' retrieved from /home/airflow/.local/lib/python3.12/site-packages/airflow/example_dags/example_dag_decorator.py
[2026-04-25T00:59:00.840+0000] {logging_mixin.py:190} INFO - [2026-04-25T00:59:00.840+0000] {dag.py:3239} INFO - Sync 1 DAGs
[2026-04-25T00:59:00.844+0000] {logging_mixin.py:190} INFO - [2026-04-25T00:59:00.844+0000] {dag.py:4180} INFO - Setting next_dagrun for example_dag_decorator to None, run_after=None
[2026-04-25T00:59:00.855+0000] {processor.py:208} INFO - Processing /home/airflow/.local/lib/python3.12/site-packages/airflow/example_dags/example_dag_decorator.py took 0.110 seconds
[2026-04-25T00:59:31.776+0000] {processor.py:186} INFO - Started process (PID=89909) to work on /home/airflow/.local/lib/python3.12/site-packages/airflow/example_dags/example_dag_decorator.py
[2026-04-25T00:59:31.777+0000] {processor.py:914} INFO - Processing file /home/airflow/.local/lib/python3.12/site-packages/airflow/example_dags/example_dag_decorator.py for tasks to queue
[2026-04-25T00:59:31.778+0000] {logging_mixin.py:190} INFO - [2026-04-25T00:59:31.778+0000] {dagbag.py:588} INFO - Filling up the DagBag from /home/airflow/.local/lib/python3.12/site-packages/airflow/example_dags/example_dag_decorator.py
[2026-04-25T00:59:31.819+0000] {processor.py:925} INFO - DAG(s) 'example_dag_decorator' retrieved from /home/airflow/.local/lib/python3.12/site-packages/airflow/example_dags/example_dag_decorator.py
[2026-04-25T00:59:31.860+0000] {logging_mixin.py:190} INFO - [2026-04-25T00:59:31.860+0000] {dag.py:3239} INFO - Sync 1 DAGs
[2026-04-25T00:59:31.865+0000] {logging_mixin.py:190} INFO - [2026-04-25T00:59:31.865+0000] {dag.py:4180} INFO - Setting next_dagrun for example_dag_decorator to None, run_after=None
[2026-04-25T00:59:31.878+0000] {processor.py:208} INFO - Processing /home/airflow/.local/lib/python3.12/site-packages/airflow/example_dags/example_dag_decorator.py took 0.104 seconds
[2026-04-25T01:00:02.874+0000] {processor.py:186} INFO - Started process (PID=89973) to work on /home/airflow/.local/lib/python3.12/site-packages/airflow/example_dags/example_dag_decorator.py
[2026-04-25T01:00:02.874+0000] {processor.py:914} INFO - Processing file /home/airflow/.local/lib/python3.12/site-packages/airflow/example_dags/example_dag_decorator.py for tasks to queue
[2026-04-25T01:00:02.876+0000] {logging_mixin.py:190} INFO - [2026-04-25T01:00:02.876+0000] {dagbag.py:588} INFO - Filling up the DagBag from /home/airflow/.local/lib/python3.12/site-packages/airflow/example_dags/example_dag_decorator.py
[2026-04-25T01:00:02.914+0000] {processor.py:925} INFO - DAG(s) 'example_dag_decorator' retrieved from /home/airflow/.local/lib/python3.12/site-packages/airflow/example_dags/example_dag_decorator.py
[2026-04-25T01:00:02.954+0000] {logging_mixin.py:190} INFO - [2026-04-25T01:00:02.953+0000] {dag.py:3239} INFO - Sync 1 DAGs
[2026-04-25T01:00:02.958+0000] {logging_mixin.py:190} INFO - [2026-04-25T01:00:02.958+0000] {dag.py:4180} INFO - Setting next_dagrun for example_dag_decorator to None, run_after=None
[2026-04-25T01:00:02.969+0000] {processor.py:208} INFO - Processing /home/airflow/.local/lib/python3.12/site-packages/airflow/example_dags/example_dag_decorator.py took 0.097 seconds
[2026-04-25T01:00:33.347+0000] {processor.py:186} INFO - Started process (PID=90037) to work on /home/airflow/.local/lib/python3.12/site-packages/airflow/example_dags/example_dag_decorator.py
[2026-04-25T01:00:33.347+0000] {processor.py:914} INFO - Processing file /home/airflow/.local/lib/python3.12/site-packages/airflow/example_dags/example_dag_decorator.py for tasks to queue
[2026-04-25T01:00:33.348+0000] {logging_mixin.py:190} INFO - [2026-04-25T01:00:33.348+0000] {dagbag.py:588} INFO - Filling up the DagBag from /home/airflow/.local/lib/python3.12/site-packages/airflow/example_dags/example_dag_decorator.py
[2026-04-25T01:00:33.391+0000] {processor.py:925} INFO - DAG(s) 'example_dag_decorator' retrieved from /home/airflow/.local/lib/python3.12/site-packages/airflow/example_dags/example_dag_decorator.py
[2026-04-25T01:00:33.437+0000] {logging_mixin.py:190} INFO - [2026-04-25T01:00:33.437+0000] {dag.py:3239} INFO - Sync 1 DAGs
[2026-04-25T01:00:33.445+0000] {logging_mixin.py:190} INFO - [2026-04-25T01:00:33.445+0000] {dag.py:4180} INFO - Setting next_dagrun for example_dag_decorator to None, run_after=None
[2026-04-25T01:00:33.454+0000] {processor.py:208} INFO - Processing /home/airflow/.local/lib/python3.12/site-packages/airflow/example_dags/example_dag_decorator.py took 0.109 seconds
[2026-04-25T01:16:01.938+0000] {processor.py:186} INFO - Started process (PID=90101) to work on /home/airflow/.local/lib/python3.12/site-packages/airflow/example_dags/example_dag_decorator.py
[2026-04-25T01:16:01.939+0000] {processor.py:914} INFO - Processing file /home/airflow/.local/lib/python3.12/site-packages/airflow/example_dags/example_dag_decorator.py for tasks to queue
[2026-04-25T01:16:01.940+0000] {logging_mixin.py:190} INFO - [2026-04-25T01:16:01.940+0000] {dagbag.py:588} INFO - Filling up the DagBag from /home/airflow/.local/lib/python3.12/site-packages/airflow/example_dags/example_dag_decorator.py
[2026-04-25T01:16:01.972+0000] {processor.py:925} INFO - DAG(s) 'example_dag_decorator' retrieved from /home/airflow/.local/lib/python3.12/site-packages/airflow/example_dags/example_dag_decorator.py
[2026-04-25T01:16:02.006+0000] {logging_mixin.py:190} INFO - [2026-04-25T01:16:02.006+0000] {dag.py:3239} INFO - Sync 1 DAGs
[2026-04-25T01:16:02.011+0000] {logging_mixin.py:190} INFO - [2026-04-25T01:16:02.011+0000] {dag.py:4180} INFO - Setting next_dagrun for example_dag_decorator to None, run_after=None
[2026-04-25T01:16:02.016+0000] {processor.py:208} INFO - Processing /home/airflow/.local/lib/python3.12/site-packages/airflow/example_dags/example_dag_decorator.py took 0.080 seconds
[2026-04-25T01:16:32.251+0000] {processor.py:186} INFO - Started process (PID=90165) to work on /home/airflow/.local/lib/python3.12/site-packages/airflow/example_dags/example_dag_decorator.py
[2026-04-25T01:16:32.251+0000] {processor.py:914} INFO - Processing file /home/airflow/.local/lib/python3.12/site-packages/airflow/example_dags/example_dag_decorator.py for tasks to queue
[2026-04-25T01:16:32.252+0000] {logging_mixin.py:190} INFO - [2026-04-25T01:16:32.252+0000] {dagbag.py:588} INFO - Filling up the DagBag from /home/airflow/.local/lib/python3.12/site-packages/airflow/example_dags/example_dag_decorator.py
[2026-04-25T01:16:32.288+0000] {processor.py:925} INFO - DAG(s) 'example_dag_decorator' retrieved from /home/airflow/.local/lib/python3.12/site-packages/airflow/example_dags/example_dag_decorator.py
[2026-04-25T01:16:32.328+0000] {logging_mixin.py:190} INFO - [2026-04-25T01:16:32.328+0000] {dag.py:3239} INFO - Sync 1 DAGs
[2026-04-25T01:16:32.332+0000] {logging_mixin.py:190} INFO - [2026-04-25T01:16:32.332+0000] {dag.py:4180} INFO - Setting next_dagrun for example_dag_decorator to None, run_after=None
[2026-04-25T01:16:32.338+0000] {processor.py:208} INFO - Processing /home/airflow/.local/lib/python3.12/site-packages/airflow/example_dags/example_dag_decorator.py took 0.090 seconds
[2026-04-25T01:17:02.627+0000] {processor.py:186} INFO - Started process (PID=90228) to work on /home/airflow/.local/lib/python3.12/site-packages/airflow/example_dags/example_dag_decorator.py
[2026-04-25T01:17:02.628+0000] {processor.py:914} INFO - Processing file /home/airflow/.local/lib/python3.12/site-packages/airflow/example_dags/example_dag_decorator.py for tasks to queue
[2026-04-25T01:17:02.629+0000] {logging_mixin.py:190} INFO - [2026-04-25T01:17:02.629+0000] {dagbag.py:588} INFO - Filling up the DagBag from /home/airflow/.local/lib/python3.12/site-packages/airflow/example_dags/example_dag_decorator.py
[2026-04-25T01:17:02.675+0000] {processor.py:925} INFO - DAG(s) 'example_dag_decorator' retrieved from /home/airflow/.local/lib/python3.12/site-packages/airflow/example_dags/example_dag_decorator.py
[2026-04-25T01:17:02.718+0000] {logging_mixin.py:190} INFO - [2026-04-25T01:17:02.718+0000] {dag.py:3239} INFO - Sync 1 DAGs
[2026-04-25T01:17:02.723+0000] {logging_mixin.py:190} INFO - [2026-04-25T01:17:02.723+0000] {dag.py:4180} INFO - Setting next_dagrun for example_dag_decorator to None, run_after=None
[2026-04-25T01:17:02.736+0000] {processor.py:208} INFO - Processing /home/airflow/.local/lib/python3.12/site-packages/airflow/example_dags/example_dag_decorator.py took 0.112 seconds
[2026-04-25T01:17:32.857+0000] {processor.py:186} INFO - Started process (PID=90291) to work on /home/airflow/.local/lib/python3.12/site-packages/airflow/example_dags/example_dag_decorator.py
[2026-04-25T01:17:32.857+0000] {processor.py:914} INFO - Processing file /home/airflow/.local/lib/python3.12/site-packages/airflow/example_dags/example_dag_decorator.py for tasks to queue
[2026-04-25T01:17:32.859+0000] {logging_mixin.py:190} INFO - [2026-04-25T01:17:32.859+0000] {dagbag.py:588} INFO - Filling up the DagBag from /home/airflow/.local/lib/python3.12/site-packages/airflow/example_dags/example_dag_decorator.py
[2026-04-25T01:17:32.895+0000] {processor.py:925} INFO - DAG(s) 'example_dag_decorator' retrieved from /home/airflow/.local/lib/python3.12/site-packages/airflow/example_dags/example_dag_decorator.py
[2026-04-25T01:17:32.936+0000] {logging_mixin.py:190} INFO - [2026-04-25T01:17:32.936+0000] {dag.py:3239} INFO - Sync 1 DAGs
[2026-04-25T01:17:32.941+0000] {logging_mixin.py:190} INFO - [2026-04-25T01:17:32.941+0000] {dag.py:4180} INFO - Setting next_dagrun for example_dag_decorator to None, run_after=None
[2026-04-25T01:17:32.947+0000] {processor.py:208} INFO - Processing /home/airflow/.local/lib/python3.12/site-packages/airflow/example_dags/example_dag_decorator.py took 0.093 seconds
[2026-04-25T01:33:06.688+0000] {processor.py:186} INFO - Started process (PID=90357) to work on /home/airflow/.local/lib/python3.12/site-packages/airflow/example_dags/example_dag_decorator.py
[2026-04-25T01:33:06.689+0000] {processor.py:914} INFO - Processing file /home/airflow/.local/lib/python3.12/site-packages/airflow/example_dags/example_dag_decorator.py for tasks to queue
[2026-04-25T01:33:06.690+0000] {logging_mixin.py:190} INFO - [2026-04-25T01:33:06.690+0000] {dagbag.py:588} INFO - Filling up the DagBag from /home/airflow/.local/lib/python3.12/site-packages/airflow/example_dags/example_dag_decorator.py
[2026-04-25T01:33:06.738+0000] {processor.py:925} INFO - DAG(s) 'example_dag_decorator' retrieved from /home/airflow/.local/lib/python3.12/site-packages/airflow/example_dags/example_dag_decorator.py
[2026-04-25T01:33:06.787+0000] {logging_mixin.py:190} INFO - [2026-04-25T01:33:06.787+0000] {dag.py:3239} INFO - Sync 1 DAGs
[2026-04-25T01:33:06.793+0000] {logging_mixin.py:190} INFO - [2026-04-25T01:33:06.793+0000] {dag.py:4180} INFO - Setting next_dagrun for example_dag_decorator to None, run_after=None
[2026-04-25T01:33:06.799+0000] {processor.py:208} INFO - Processing /home/airflow/.local/lib/python3.12/site-packages/airflow/example_dags/example_dag_decorator.py took 0.114 seconds
[2026-04-25T01:48:42.041+0000] {processor.py:186} INFO - Started process (PID=90421) to work on /home/airflow/.local/lib/python3.12/site-packages/airflow/example_dags/example_dag_decorator.py
[2026-04-25T01:48:42.043+0000] {processor.py:914} INFO - Processing file /home/airflow/.local/lib/python3.12/site-packages/airflow/example_dags/example_dag_decorator.py for tasks to queue
[2026-04-25T01:48:42.044+0000] {logging_mixin.py:190} INFO - [2026-04-25T01:48:42.044+0000] {dagbag.py:588} INFO - Filling up the DagBag from /home/airflow/.local/lib/python3.12/site-packages/airflow/example_dags/example_dag_decorator.py
[2026-04-25T01:48:42.087+0000] {processor.py:925} INFO - DAG(s) 'example_dag_decorator' retrieved from /home/airflow/.local/lib/python3.12/site-packages/airflow/example_dags/example_dag_decorator.py
[2026-04-25T01:48:42.131+0000] {logging_mixin.py:190} INFO - [2026-04-25T01:48:42.131+0000] {dag.py:3239} INFO - Sync 1 DAGs
[2026-04-25T01:48:42.138+0000] {logging_mixin.py:190} INFO - [2026-04-25T01:48:42.138+0000] {dag.py:4180} INFO - Setting next_dagrun for example_dag_decorator to None, run_after=None
[2026-04-25T01:48:42.147+0000] {processor.py:208} INFO - Processing /home/airflow/.local/lib/python3.12/site-packages/airflow/example_dags/example_dag_decorator.py took 0.108 seconds
[2026-04-25T01:49:12.686+0000] {processor.py:186} INFO - Started process (PID=90486) to work on /home/airflow/.local/lib/python3.12/site-packages/airflow/example_dags/example_dag_decorator.py
[2026-04-25T01:49:12.687+0000] {processor.py:914} INFO - Processing file /home/airflow/.local/lib/python3.12/site-packages/airflow/example_dags/example_dag_decorator.py for tasks to queue
[2026-04-25T01:49:12.688+0000] {logging_mixin.py:190} INFO - [2026-04-25T01:49:12.688+0000] {dagbag.py:588} INFO - Filling up the DagBag from /home/airflow/.local/lib/python3.12/site-packages/airflow/example_dags/example_dag_decorator.py
[2026-04-25T01:49:12.724+0000] {processor.py:925} INFO - DAG(s) 'example_dag_decorator' retrieved from /home/airflow/.local/lib/python3.12/site-packages/airflow/example_dags/example_dag_decorator.py
[2026-04-25T01:49:12.764+0000] {logging_mixin.py:190} INFO - [2026-04-25T01:49:12.764+0000] {dag.py:3239} INFO - Sync 1 DAGs
[2026-04-25T01:49:12.768+0000] {logging_mixin.py:190} INFO - [2026-04-25T01:49:12.768+0000] {dag.py:4180} INFO - Setting next_dagrun for example_dag_decorator to None, run_after=None
[2026-04-25T01:49:12.778+0000] {processor.py:208} INFO - Processing /home/airflow/.local/lib/python3.12/site-packages/airflow/example_dags/example_dag_decorator.py took 0.093 seconds
[2026-04-25T01:55:31.355+0000] {processor.py:186} INFO - Started process (PID=90549) to work on /home/airflow/.local/lib/python3.12/site-packages/airflow/example_dags/example_dag_decorator.py
[2026-04-25T01:55:31.357+0000] {processor.py:914} INFO - Processing file /home/airflow/.local/lib/python3.12/site-packages/airflow/example_dags/example_dag_decorator.py for tasks to queue
[2026-04-25T01:55:31.359+0000] {logging_mixin.py:190} INFO - [2026-04-25T01:55:31.359+0000] {dagbag.py:588} INFO - Filling up the DagBag from /home/airflow/.local/lib/python3.12/site-packages/airflow/example_dags/example_dag_decorator.py
[2026-04-25T01:55:31.397+0000] {processor.py:925} INFO - DAG(s) 'example_dag_decorator' retrieved from /home/airflow/.local/lib/python3.12/site-packages/airflow/example_dags/example_dag_decorator.py
[2026-04-25T01:55:31.439+0000] {logging_mixin.py:190} INFO - [2026-04-25T01:55:31.439+0000] {dag.py:3239} INFO - Sync 1 DAGs
[2026-04-25T01:55:31.444+0000] {logging_mixin.py:190} INFO - [2026-04-25T01:55:31.443+0000] {dag.py:4180} INFO - Setting next_dagrun for example_dag_decorator to None, run_after=None
[2026-04-25T01:55:31.452+0000] {processor.py:208} INFO - Processing /home/airflow/.local/lib/python3.12/site-packages/airflow/example_dags/example_dag_decorator.py took 0.099 seconds
[2026-04-25T02:11:05.774+0000] {processor.py:186} INFO - Started process (PID=90613) to work on /home/airflow/.local/lib/python3.12/site-packages/airflow/example_dags/example_dag_decorator.py
[2026-04-25T02:11:05.775+0000] {processor.py:914} INFO - Processing file /home/airflow/.local/lib/python3.12/site-packages/airflow/example_dags/example_dag_decorator.py for tasks to queue
[2026-04-25T02:11:05.776+0000] {logging_mixin.py:190} INFO - [2026-04-25T02:11:05.776+0000] {dagbag.py:588} INFO - Filling up the DagBag from /home/airflow/.local/lib/python3.12/site-packages/airflow/example_dags/example_dag_decorator.py
[2026-04-25T02:11:05.837+0000] {processor.py:925} INFO - DAG(s) 'example_dag_decorator' retrieved from /home/airflow/.local/lib/python3.12/site-packages/airflow/example_dags/example_dag_decorator.py
[2026-04-25T02:11:05.898+0000] {logging_mixin.py:190} INFO - [2026-04-25T02:11:05.898+0000] {dag.py:3239} INFO - Sync 1 DAGs
[2026-04-25T02:11:05.903+0000] {logging_mixin.py:190} INFO - [2026-04-25T02:11:05.903+0000] {dag.py:4180} INFO - Setting next_dagrun for example_dag_decorator to None, run_after=None
[2026-04-25T02:11:05.913+0000] {processor.py:208} INFO - Processing /home/airflow/.local/lib/python3.12/site-packages/airflow/example_dags/example_dag_decorator.py took 0.141 seconds
[2026-04-25T02:11:36.288+0000] {processor.py:186} INFO - Started process (PID=90677) to work on /home/airflow/.local/lib/python3.12/site-packages/airflow/example_dags/example_dag_decorator.py
[2026-04-25T02:11:36.290+0000] {processor.py:914} INFO - Processing file /home/airflow/.local/lib/python3.12/site-packages/airflow/example_dags/example_dag_decorator.py for tasks to queue
[2026-04-25T02:11:36.290+0000] {logging_mixin.py:190} INFO - [2026-04-25T02:11:36.290+0000] {dagbag.py:588} INFO - Filling up the DagBag from /home/airflow/.local/lib/python3.12/site-packages/airflow/example_dags/example_dag_decorator.py
[2026-04-25T02:11:36.328+0000] {processor.py:925} INFO - DAG(s) 'example_dag_decorator' retrieved from /home/airflow/.local/lib/python3.12/site-packages/airflow/example_dags/example_dag_decorator.py
[2026-04-25T02:11:36.379+0000] {logging_mixin.py:190} INFO - [2026-04-25T02:11:36.379+0000] {dag.py:3239} INFO - Sync 1 DAGs
[2026-04-25T02:11:36.384+0000] {logging_mixin.py:190} INFO - [2026-04-25T02:11:36.383+0000] {dag.py:4180} INFO - Setting next_dagrun for example_dag_decorator to None, run_after=None
[2026-04-25T02:11:36.391+0000] {processor.py:208} INFO - Processing /home/airflow/.local/lib/python3.12/site-packages/airflow/example_dags/example_dag_decorator.py took 0.105 seconds
[2026-04-25T02:17:40.421+0000] {processor.py:186} INFO - Started process (PID=90741) to work on /home/airflow/.local/lib/python3.12/site-packages/airflow/example_dags/example_dag_decorator.py
[2026-04-25T02:17:40.422+0000] {processor.py:914} INFO - Processing file /home/airflow/.local/lib/python3.12/site-packages/airflow/example_dags/example_dag_decorator.py for tasks to queue
[2026-04-25T02:17:40.423+0000] {logging_mixin.py:190} INFO - [2026-04-25T02:17:40.423+0000] {dagbag.py:588} INFO - Filling up the DagBag from /home/airflow/.local/lib/python3.12/site-packages/airflow/example_dags/example_dag_decorator.py
[2026-04-25T02:17:40.466+0000] {processor.py:925} INFO - DAG(s) 'example_dag_decorator' retrieved from /home/airflow/.local/lib/python3.12/site-packages/airflow/example_dags/example_dag_decorator.py
[2026-04-25T02:17:40.517+0000] {logging_mixin.py:190} INFO - [2026-04-25T02:17:40.517+0000] {dag.py:3239} INFO - Sync 1 DAGs
[2026-04-25T02:17:40.521+0000] {logging_mixin.py:190} INFO - [2026-04-25T02:17:40.521+0000] {dag.py:4180} INFO - Setting next_dagrun for example_dag_decorator to None, run_after=None
[2026-04-25T02:17:40.532+0000] {processor.py:208} INFO - Processing /home/airflow/.local/lib/python3.12/site-packages/airflow/example_dags/example_dag_decorator.py took 0.114 seconds
[2026-04-25T02:18:10.654+0000] {processor.py:186} INFO - Started process (PID=90805) to work on /home/airflow/.local/lib/python3.12/site-packages/airflow/example_dags/example_dag_decorator.py
[2026-04-25T02:18:10.655+0000] {processor.py:914} INFO - Processing file /home/airflow/.local/lib/python3.12/site-packages/airflow/example_dags/example_dag_decorator.py for tasks to queue
[2026-04-25T02:18:10.658+0000] {logging_mixin.py:190} INFO - [2026-04-25T02:18:10.658+0000] {dagbag.py:588} INFO - Filling up the DagBag from /home/airflow/.local/lib/python3.12/site-packages/airflow/example_dags/example_dag_decorator.py
[2026-04-25T02:18:10.688+0000] {processor.py:925} INFO - DAG(s) 'example_dag_decorator' retrieved from /home/airflow/.local/lib/python3.12/site-packages/airflow/example_dags/example_dag_decorator.py
[2026-04-25T02:18:10.719+0000] {logging_mixin.py:190} INFO - [2026-04-25T02:18:10.719+0000] {dag.py:3239} INFO - Sync 1 DAGs
[2026-04-25T02:18:10.723+0000] {logging_mixin.py:190} INFO - [2026-04-25T02:18:10.723+0000] {dag.py:4180} INFO - Setting next_dagrun for example_dag_decorator to None, run_after=None
[2026-04-25T02:18:10.729+0000] {processor.py:208} INFO - Processing /home/airflow/.local/lib/python3.12/site-packages/airflow/example_dags/example_dag_decorator.py took 0.076 seconds
[2026-04-25T02:33:44.108+0000] {processor.py:186} INFO - Started process (PID=90869) to work on /home/airflow/.local/lib/python3.12/site-packages/airflow/example_dags/example_dag_decorator.py
[2026-04-25T02:33:44.109+0000] {processor.py:914} INFO - Processing file /home/airflow/.local/lib/python3.12/site-packages/airflow/example_dags/example_dag_decorator.py for tasks to queue
[2026-04-25T02:33:44.110+0000] {logging_mixin.py:190} INFO - [2026-04-25T02:33:44.110+0000] {dagbag.py:588} INFO - Filling up the DagBag from /home/airflow/.local/lib/python3.12/site-packages/airflow/example_dags/example_dag_decorator.py
[2026-04-25T02:33:44.155+0000] {processor.py:925} INFO - DAG(s) 'example_dag_decorator' retrieved from /home/airflow/.local/lib/python3.12/site-packages/airflow/example_dags/example_dag_decorator.py
[2026-04-25T02:33:44.207+0000] {logging_mixin.py:190} INFO - [2026-04-25T02:33:44.207+0000] {dag.py:3239} INFO - Sync 1 DAGs
[2026-04-25T02:33:44.210+0000] {logging_mixin.py:190} INFO - [2026-04-25T02:33:44.210+0000] {dag.py:4180} INFO - Setting next_dagrun for example_dag_decorator to None, run_after=None
[2026-04-25T02:33:44.218+0000] {processor.py:208} INFO - Processing /home/airflow/.local/lib/python3.12/site-packages/airflow/example_dags/example_dag_decorator.py took 0.112 seconds
[2026-04-25T02:35:48.332+0000] {processor.py:186} INFO - Started process (PID=90933) to work on /home/airflow/.local/lib/python3.12/site-packages/airflow/example_dags/example_dag_decorator.py
[2026-04-25T02:35:48.332+0000] {processor.py:914} INFO - Processing file /home/airflow/.local/lib/python3.12/site-packages/airflow/example_dags/example_dag_decorator.py for tasks to queue
[2026-04-25T02:35:48.333+0000] {logging_mixin.py:190} INFO - [2026-04-25T02:35:48.333+0000] {dagbag.py:588} INFO - Filling up the DagBag from /home/airflow/.local/lib/python3.12/site-packages/airflow/example_dags/example_dag_decorator.py
[2026-04-25T02:35:48.370+0000] {processor.py:925} INFO - DAG(s) 'example_dag_decorator' retrieved from /home/airflow/.local/lib/python3.12/site-packages/airflow/example_dags/example_dag_decorator.py
[2026-04-25T02:35:48.407+0000] {logging_mixin.py:190} INFO - [2026-04-25T02:35:48.407+0000] {dag.py:3239} INFO - Sync 1 DAGs
[2026-04-25T02:35:48.411+0000] {logging_mixin.py:190} INFO - [2026-04-25T02:35:48.411+0000] {dag.py:4180} INFO - Setting next_dagrun for example_dag_decorator to None, run_after=None
[2026-04-25T02:35:48.419+0000] {processor.py:208} INFO - Processing /home/airflow/.local/lib/python3.12/site-packages/airflow/example_dags/example_dag_decorator.py took 0.089 seconds
[2026-04-25T02:36:19.642+0000] {processor.py:186} INFO - Started process (PID=90997) to work on /home/airflow/.local/lib/python3.12/site-packages/airflow/example_dags/example_dag_decorator.py
[2026-04-25T02:36:19.645+0000] {processor.py:914} INFO - Processing file /home/airflow/.local/lib/python3.12/site-packages/airflow/example_dags/example_dag_decorator.py for tasks to queue
[2026-04-25T02:36:19.646+0000] {logging_mixin.py:190} INFO - [2026-04-25T02:36:19.646+0000] {dagbag.py:588} INFO - Filling up the DagBag from /home/airflow/.local/lib/python3.12/site-packages/airflow/example_dags/example_dag_decorator.py
[2026-04-25T02:36:19.683+0000] {processor.py:925} INFO - DAG(s) 'example_dag_decorator' retrieved from /home/airflow/.local/lib/python3.12/site-packages/airflow/example_dags/example_dag_decorator.py
[2026-04-25T02:36:19.727+0000] {logging_mixin.py:190} INFO - [2026-04-25T02:36:19.727+0000] {dag.py:3239} INFO - Sync 1 DAGs
[2026-04-25T02:36:19.731+0000] {logging_mixin.py:190} INFO - [2026-04-25T02:36:19.731+0000] {dag.py:4180} INFO - Setting next_dagrun for example_dag_decorator to None, run_after=None
[2026-04-25T02:36:19.743+0000] {processor.py:208} INFO - Processing /home/airflow/.local/lib/python3.12/site-packages/airflow/example_dags/example_dag_decorator.py took 0.104 seconds
[2026-04-25T02:36:50.895+0000] {processor.py:186} INFO - Started process (PID=91061) to work on /home/airflow/.local/lib/python3.12/site-packages/airflow/example_dags/example_dag_decorator.py
[2026-04-25T02:36:50.896+0000] {processor.py:914} INFO - Processing file /home/airflow/.local/lib/python3.12/site-packages/airflow/example_dags/example_dag_decorator.py for tasks to queue
[2026-04-25T02:36:50.898+0000] {logging_mixin.py:190} INFO - [2026-04-25T02:36:50.898+0000] {dagbag.py:588} INFO - Filling up the DagBag from /home/airflow/.local/lib/python3.12/site-packages/airflow/example_dags/example_dag_decorator.py
[2026-04-25T02:36:50.931+0000] {processor.py:925} INFO - DAG(s) 'example_dag_decorator' retrieved from /home/airflow/.local/lib/python3.12/site-packages/airflow/example_dags/example_dag_decorator.py
[2026-04-25T02:36:50.968+0000] {logging_mixin.py:190} INFO - [2026-04-25T02:36:50.967+0000] {dag.py:3239} INFO - Sync 1 DAGs
[2026-04-25T02:36:50.971+0000] {logging_mixin.py:190} INFO - [2026-04-25T02:36:50.971+0000] {dag.py:4180} INFO - Setting next_dagrun for example_dag_decorator to None, run_after=None
[2026-04-25T02:36:50.979+0000] {processor.py:208} INFO - Processing /home/airflow/.local/lib/python3.12/site-packages/airflow/example_dags/example_dag_decorator.py took 0.087 seconds
[2026-04-25T02:37:22.223+0000] {processor.py:186} INFO - Started process (PID=91125) to work on /home/airflow/.local/lib/python3.12/site-packages/airflow/example_dags/example_dag_decorator.py
[2026-04-25T02:37:22.224+0000] {processor.py:914} INFO - Processing file /home/airflow/.local/lib/python3.12/site-packages/airflow/example_dags/example_dag_decorator.py for tasks to queue
[2026-04-25T02:37:22.225+0000] {logging_mixin.py:190} INFO - [2026-04-25T02:37:22.225+0000] {dagbag.py:588} INFO - Filling up the DagBag from /home/airflow/.local/lib/python3.12/site-packages/airflow/example_dags/example_dag_decorator.py
[2026-04-25T02:37:22.267+0000] {processor.py:925} INFO - DAG(s) 'example_dag_decorator' retrieved from /home/airflow/.local/lib/python3.12/site-packages/airflow/example_dags/example_dag_decorator.py
[2026-04-25T02:37:22.308+0000] {logging_mixin.py:190} INFO - [2026-04-25T02:37:22.308+0000] {dag.py:3239} INFO - Sync 1 DAGs
[2026-04-25T02:37:22.314+0000] {logging_mixin.py:190} INFO - [2026-04-25T02:37:22.314+0000] {dag.py:4180} INFO - Setting next_dagrun for example_dag_decorator to None, run_after=None
[2026-04-25T02:37:22.323+0000] {processor.py:208} INFO - Processing /home/airflow/.local/lib/python3.12/site-packages/airflow/example_dags/example_dag_decorator.py took 0.103 seconds
[2026-04-25T02:52:53.887+0000] {processor.py:186} INFO - Started process (PID=91190) to work on /home/airflow/.local/lib/python3.12/site-packages/airflow/example_dags/example_dag_decorator.py
[2026-04-25T02:52:53.887+0000] {processor.py:914} INFO - Processing file /home/airflow/.local/lib/python3.12/site-packages/airflow/example_dags/example_dag_decorator.py for tasks to queue
[2026-04-25T02:52:53.888+0000] {logging_mixin.py:190} INFO - [2026-04-25T02:52:53.888+0000] {dagbag.py:588} INFO - Filling up the DagBag from /home/airflow/.local/lib/python3.12/site-packages/airflow/example_dags/example_dag_decorator.py
[2026-04-25T02:52:53.935+0000] {processor.py:925} INFO - DAG(s) 'example_dag_decorator' retrieved from /home/airflow/.local/lib/python3.12/site-packages/airflow/example_dags/example_dag_decorator.py
[2026-04-25T02:52:53.981+0000] {logging_mixin.py:190} INFO - [2026-04-25T02:52:53.981+0000] {dag.py:3239} INFO - Sync 1 DAGs
[2026-04-25T02:52:53.989+0000] {logging_mixin.py:190} INFO - [2026-04-25T02:52:53.989+0000] {dag.py:4180} INFO - Setting next_dagrun for example_dag_decorator to None, run_after=None
[2026-04-25T02:52:54.001+0000] {processor.py:208} INFO - Processing /home/airflow/.local/lib/python3.12/site-packages/airflow/example_dags/example_dag_decorator.py took 0.117 seconds
[2026-04-25T02:56:21.130+0000] {processor.py:186} INFO - Started process (PID=91254) to work on /home/airflow/.local/lib/python3.12/site-packages/airflow/example_dags/example_dag_decorator.py
[2026-04-25T02:56:21.131+0000] {processor.py:914} INFO - Processing file /home/airflow/.local/lib/python3.12/site-packages/airflow/example_dags/example_dag_decorator.py for tasks to queue
[2026-04-25T02:56:21.132+0000] {logging_mixin.py:190} INFO - [2026-04-25T02:56:21.132+0000] {dagbag.py:588} INFO - Filling up the DagBag from /home/airflow/.local/lib/python3.12/site-packages/airflow/example_dags/example_dag_decorator.py
[2026-04-25T02:56:21.174+0000] {processor.py:925} INFO - DAG(s) 'example_dag_decorator' retrieved from /home/airflow/.local/lib/python3.12/site-packages/airflow/example_dags/example_dag_decorator.py
[2026-04-25T02:56:21.224+0000] {logging_mixin.py:190} INFO - [2026-04-25T02:56:21.224+0000] {dag.py:3239} INFO - Sync 1 DAGs
[2026-04-25T02:56:21.229+0000] {logging_mixin.py:190} INFO - [2026-04-25T02:56:21.229+0000] {dag.py:4180} INFO - Setting next_dagrun for example_dag_decorator to None, run_after=None
[2026-04-25T02:56:21.238+0000] {processor.py:208} INFO - Processing /home/airflow/.local/lib/python3.12/site-packages/airflow/example_dags/example_dag_decorator.py took 0.110 seconds
[2026-04-25T02:56:51.335+0000] {processor.py:186} INFO - Started process (PID=91318) to work on /home/airflow/.local/lib/python3.12/site-packages/airflow/example_dags/example_dag_decorator.py
[2026-04-25T02:56:51.338+0000] {processor.py:914} INFO - Processing file /home/airflow/.local/lib/python3.12/site-packages/airflow/example_dags/example_dag_decorator.py for tasks to queue
[2026-04-25T02:56:51.340+0000] {logging_mixin.py:190} INFO - [2026-04-25T02:56:51.340+0000] {dagbag.py:588} INFO - Filling up the DagBag from /home/airflow/.local/lib/python3.12/site-packages/airflow/example_dags/example_dag_decorator.py
[2026-04-25T02:56:51.369+0000] {processor.py:925} INFO - DAG(s) 'example_dag_decorator' retrieved from /home/airflow/.local/lib/python3.12/site-packages/airflow/example_dags/example_dag_decorator.py
[2026-04-25T02:56:51.401+0000] {logging_mixin.py:190} INFO - [2026-04-25T02:56:51.401+0000] {dag.py:3239} INFO - Sync 1 DAGs
[2026-04-25T02:56:51.405+0000] {logging_mixin.py:190} INFO - [2026-04-25T02:56:51.405+0000] {dag.py:4180} INFO - Setting next_dagrun for example_dag_decorator to None, run_after=None
[2026-04-25T02:56:51.410+0000] {processor.py:208} INFO - Processing /home/airflow/.local/lib/python3.12/site-packages/airflow/example_dags/example_dag_decorator.py took 0.077 seconds
[2026-04-25T02:58:02.637+0000] {processor.py:186} INFO - Started process (PID=91382) to work on /home/airflow/.local/lib/python3.12/site-packages/airflow/example_dags/example_dag_decorator.py
[2026-04-25T02:58:02.638+0000] {processor.py:914} INFO - Processing file /home/airflow/.local/lib/python3.12/site-packages/airflow/example_dags/example_dag_decorator.py for tasks to queue
[2026-04-25T02:58:02.639+0000] {logging_mixin.py:190} INFO - [2026-04-25T02:58:02.639+0000] {dagbag.py:588} INFO - Filling up the DagBag from /home/airflow/.local/lib/python3.12/site-packages/airflow/example_dags/example_dag_decorator.py
[2026-04-25T02:58:02.678+0000] {processor.py:925} INFO - DAG(s) 'example_dag_decorator' retrieved from /home/airflow/.local/lib/python3.12/site-packages/airflow/example_dags/example_dag_decorator.py
[2026-04-25T02:58:02.727+0000] {logging_mixin.py:190} INFO - [2026-04-25T02:58:02.727+0000] {dag.py:3239} INFO - Sync 1 DAGs
[2026-04-25T02:58:02.731+0000] {logging_mixin.py:190} INFO - [2026-04-25T02:58:02.731+0000] {dag.py:4180} INFO - Setting next_dagrun for example_dag_decorator to None, run_after=None
[2026-04-25T02:58:02.743+0000] {processor.py:208} INFO - Processing /home/airflow/.local/lib/python3.12/site-packages/airflow/example_dags/example_dag_decorator.py took 0.108 seconds
[2026-04-25T03:03:53.837+0000] {processor.py:186} INFO - Started process (PID=91446) to work on /home/airflow/.local/lib/python3.12/site-packages/airflow/example_dags/example_dag_decorator.py
[2026-04-25T03:03:53.838+0000] {processor.py:914} INFO - Processing file /home/airflow/.local/lib/python3.12/site-packages/airflow/example_dags/example_dag_decorator.py for tasks to queue
[2026-04-25T03:03:53.839+0000] {logging_mixin.py:190} INFO - [2026-04-25T03:03:53.838+0000] {dagbag.py:588} INFO - Filling up the DagBag from /home/airflow/.local/lib/python3.12/site-packages/airflow/example_dags/example_dag_decorator.py
[2026-04-25T03:03:53.874+0000] {processor.py:925} INFO - DAG(s) 'example_dag_decorator' retrieved from /home/airflow/.local/lib/python3.12/site-packages/airflow/example_dags/example_dag_decorator.py
[2026-04-25T03:03:53.927+0000] {logging_mixin.py:190} INFO - [2026-04-25T03:03:53.926+0000] {dag.py:3239} INFO - Sync 1 DAGs
[2026-04-25T03:03:53.930+0000] {logging_mixin.py:190} INFO - [2026-04-25T03:03:53.930+0000] {dag.py:4180} INFO - Setting next_dagrun for example_dag_decorator to None, run_after=None
[2026-04-25T03:03:53.940+0000] {processor.py:208} INFO - Processing /home/airflow/.local/lib/python3.12/site-packages/airflow/example_dags/example_dag_decorator.py took 0.106 seconds
[2026-04-25T03:04:24.244+0000] {processor.py:186} INFO - Started process (PID=91510) to work on /home/airflow/.local/lib/python3.12/site-packages/airflow/example_dags/example_dag_decorator.py
[2026-04-25T03:04:24.245+0000] {processor.py:914} INFO - Processing file /home/airflow/.local/lib/python3.12/site-packages/airflow/example_dags/example_dag_decorator.py for tasks to queue
[2026-04-25T03:04:24.247+0000] {logging_mixin.py:190} INFO - [2026-04-25T03:04:24.246+0000] {dagbag.py:588} INFO - Filling up the DagBag from /home/airflow/.local/lib/python3.12/site-packages/airflow/example_dags/example_dag_decorator.py
[2026-04-25T03:04:24.283+0000] {processor.py:925} INFO - DAG(s) 'example_dag_decorator' retrieved from /home/airflow/.local/lib/python3.12/site-packages/airflow/example_dags/example_dag_decorator.py
[2026-04-25T03:04:24.318+0000] {logging_mixin.py:190} INFO - [2026-04-25T03:04:24.318+0000] {dag.py:3239} INFO - Sync 1 DAGs
[2026-04-25T03:04:24.322+0000] {logging_mixin.py:190} INFO - [2026-04-25T03:04:24.322+0000] {dag.py:4180} INFO - Setting next_dagrun for example_dag_decorator to None, run_after=None
[2026-04-25T03:04:24.330+0000] {processor.py:208} INFO - Processing /home/airflow/.local/lib/python3.12/site-packages/airflow/example_dags/example_dag_decorator.py took 0.088 seconds
[2026-04-25T03:51:48.910+0000] {processor.py:186} INFO - Started process (PID=91574) to work on /home/airflow/.local/lib/python3.12/site-packages/airflow/example_dags/example_dag_decorator.py
[2026-04-25T03:51:48.910+0000] {processor.py:914} INFO - Processing file /home/airflow/.local/lib/python3.12/site-packages/airflow/example_dags/example_dag_decorator.py for tasks to queue
[2026-04-25T03:51:48.911+0000] {logging_mixin.py:190} INFO - [2026-04-25T03:51:48.911+0000] {dagbag.py:588} INFO - Filling up the DagBag from /home/airflow/.local/lib/python3.12/site-packages/airflow/example_dags/example_dag_decorator.py
[2026-04-25T03:51:48.959+0000] {processor.py:925} INFO - DAG(s) 'example_dag_decorator' retrieved from /home/airflow/.local/lib/python3.12/site-packages/airflow/example_dags/example_dag_decorator.py
[2026-04-25T03:51:48.998+0000] {logging_mixin.py:190} INFO - [2026-04-25T03:51:48.997+0000] {dag.py:3239} INFO - Sync 1 DAGs
[2026-04-25T03:51:49.002+0000] {logging_mixin.py:190} INFO - [2026-04-25T03:51:49.001+0000] {dag.py:4180} INFO - Setting next_dagrun for example_dag_decorator to None, run_after=None
[2026-04-25T03:51:49.010+0000] {processor.py:208} INFO - Processing /home/airflow/.local/lib/python3.12/site-packages/airflow/example_dags/example_dag_decorator.py took 0.102 seconds
[2026-04-25T03:57:43.063+0000] {processor.py:186} INFO - Started process (PID=91638) to work on /home/airflow/.local/lib/python3.12/site-packages/airflow/example_dags/example_dag_decorator.py
[2026-04-25T03:57:43.064+0000] {processor.py:914} INFO - Processing file /home/airflow/.local/lib/python3.12/site-packages/airflow/example_dags/example_dag_decorator.py for tasks to queue
[2026-04-25T03:57:43.067+0000] {logging_mixin.py:190} INFO - [2026-04-25T03:57:43.066+0000] {dagbag.py:588} INFO - Filling up the DagBag from /home/airflow/.local/lib/python3.12/site-packages/airflow/example_dags/example_dag_decorator.py
[2026-04-25T03:57:43.106+0000] {processor.py:925} INFO - DAG(s) 'example_dag_decorator' retrieved from /home/airflow/.local/lib/python3.12/site-packages/airflow/example_dags/example_dag_decorator.py
[2026-04-25T03:57:43.145+0000] {logging_mixin.py:190} INFO - [2026-04-25T03:57:43.145+0000] {dag.py:3239} INFO - Sync 1 DAGs
[2026-04-25T03:57:43.149+0000] {logging_mixin.py:190} INFO - [2026-04-25T03:57:43.149+0000] {dag.py:4180} INFO - Setting next_dagrun for example_dag_decorator to None, run_after=None
[2026-04-25T03:57:43.160+0000] {processor.py:208} INFO - Processing /home/airflow/.local/lib/python3.12/site-packages/airflow/example_dags/example_dag_decorator.py took 0.101 seconds
[2026-04-25T04:16:02.430+0000] {processor.py:186} INFO - Started process (PID=91702) to work on /home/airflow/.local/lib/python3.12/site-packages/airflow/example_dags/example_dag_decorator.py
[2026-04-25T04:16:02.430+0000] {processor.py:914} INFO - Processing file /home/airflow/.local/lib/python3.12/site-packages/airflow/example_dags/example_dag_decorator.py for tasks to queue
[2026-04-25T04:16:02.431+0000] {logging_mixin.py:190} INFO - [2026-04-25T04:16:02.431+0000] {dagbag.py:588} INFO - Filling up the DagBag from /home/airflow/.local/lib/python3.12/site-packages/airflow/example_dags/example_dag_decorator.py
[2026-04-25T04:16:02.470+0000] {processor.py:925} INFO - DAG(s) 'example_dag_decorator' retrieved from /home/airflow/.local/lib/python3.12/site-packages/airflow/example_dags/example_dag_decorator.py
[2026-04-25T04:16:02.517+0000] {logging_mixin.py:190} INFO - [2026-04-25T04:16:02.517+0000] {dag.py:3239} INFO - Sync 1 DAGs
[2026-04-25T04:16:02.522+0000] {logging_mixin.py:190} INFO - [2026-04-25T04:16:02.522+0000] {dag.py:4180} INFO - Setting next_dagrun for example_dag_decorator to None, run_after=None
[2026-04-25T04:16:02.528+0000] {processor.py:208} INFO - Processing /home/airflow/.local/lib/python3.12/site-packages/airflow/example_dags/example_dag_decorator.py took 0.100 seconds
[2026-04-25T04:33:49.578+0000] {processor.py:186} INFO - Started process (PID=91766) to work on /home/airflow/.local/lib/python3.12/site-packages/airflow/example_dags/example_dag_decorator.py
[2026-04-25T04:33:49.579+0000] {processor.py:914} INFO - Processing file /home/airflow/.local/lib/python3.12/site-packages/airflow/example_dags/example_dag_decorator.py for tasks to queue
[2026-04-25T04:33:49.581+0000] {logging_mixin.py:190} INFO - [2026-04-25T04:33:49.581+0000] {dagbag.py:588} INFO - Filling up the DagBag from /home/airflow/.local/lib/python3.12/site-packages/airflow/example_dags/example_dag_decorator.py
[2026-04-25T04:33:49.615+0000] {processor.py:925} INFO - DAG(s) 'example_dag_decorator' retrieved from /home/airflow/.local/lib/python3.12/site-packages/airflow/example_dags/example_dag_decorator.py
[2026-04-25T04:33:49.657+0000] {logging_mixin.py:190} INFO - [2026-04-25T04:33:49.657+0000] {dag.py:3239} INFO - Sync 1 DAGs
[2026-04-25T04:33:49.661+0000] {logging_mixin.py:190} INFO - [2026-04-25T04:33:49.661+0000] {dag.py:4180} INFO - Setting next_dagrun for example_dag_decorator to None, run_after=None
[2026-04-25T04:33:49.666+0000] {processor.py:208} INFO - Processing /home/airflow/.local/lib/python3.12/site-packages/airflow/example_dags/example_dag_decorator.py took 0.090 seconds
[2026-04-25T04:34:19.800+0000] {processor.py:186} INFO - Started process (PID=91830) to work on /home/airflow/.local/lib/python3.12/site-packages/airflow/example_dags/example_dag_decorator.py
[2026-04-25T04:34:19.802+0000] {processor.py:914} INFO - Processing file /home/airflow/.local/lib/python3.12/site-packages/airflow/example_dags/example_dag_decorator.py for tasks to queue
[2026-04-25T04:34:19.804+0000] {logging_mixin.py:190} INFO - [2026-04-25T04:34:19.804+0000] {dagbag.py:588} INFO - Filling up the DagBag from /home/airflow/.local/lib/python3.12/site-packages/airflow/example_dags/example_dag_decorator.py
[2026-04-25T04:34:19.834+0000] {processor.py:925} INFO - DAG(s) 'example_dag_decorator' retrieved from /home/airflow/.local/lib/python3.12/site-packages/airflow/example_dags/example_dag_decorator.py
[2026-04-25T04:34:19.867+0000] {logging_mixin.py:190} INFO - [2026-04-25T04:34:19.867+0000] {dag.py:3239} INFO - Sync 1 DAGs
[2026-04-25T04:34:19.871+0000] {logging_mixin.py:190} INFO - [2026-04-25T04:34:19.871+0000] {dag.py:4180} INFO - Setting next_dagrun for example_dag_decorator to None, run_after=None
[2026-04-25T04:34:19.876+0000] {processor.py:208} INFO - Processing /home/airflow/.local/lib/python3.12/site-packages/airflow/example_dags/example_dag_decorator.py took 0.078 seconds
[2026-04-25T04:52:06.868+0000] {processor.py:186} INFO - Started process (PID=91894) to work on /home/airflow/.local/lib/python3.12/site-packages/airflow/example_dags/example_dag_decorator.py
[2026-04-25T04:52:06.868+0000] {processor.py:914} INFO - Processing file /home/airflow/.local/lib/python3.12/site-packages/airflow/example_dags/example_dag_decorator.py for tasks to queue
[2026-04-25T04:52:06.869+0000] {logging_mixin.py:190} INFO - [2026-04-25T04:52:06.869+0000] {dagbag.py:588} INFO - Filling up the DagBag from /home/airflow/.local/lib/python3.12/site-packages/airflow/example_dags/example_dag_decorator.py
[2026-04-25T04:52:06.917+0000] {processor.py:925} INFO - DAG(s) 'example_dag_decorator' retrieved from /home/airflow/.local/lib/python3.12/site-packages/airflow/example_dags/example_dag_decorator.py
[2026-04-25T04:52:06.969+0000] {logging_mixin.py:190} INFO - [2026-04-25T04:52:06.969+0000] {dag.py:3239} INFO - Sync 1 DAGs
[2026-04-25T04:52:06.976+0000] {logging_mixin.py:190} INFO - [2026-04-25T04:52:06.976+0000] {dag.py:4180} INFO - Setting next_dagrun for example_dag_decorator to None, run_after=None
[2026-04-25T04:52:06.993+0000] {processor.py:208} INFO - Processing /home/airflow/.local/lib/python3.12/site-packages/airflow/example_dags/example_dag_decorator.py took 0.128 seconds
[2026-04-25T04:58:18.995+0000] {processor.py:186} INFO - Started process (PID=91958) to work on /home/airflow/.local/lib/python3.12/site-packages/airflow/example_dags/example_dag_decorator.py
[2026-04-25T04:58:18.996+0000] {processor.py:914} INFO - Processing file /home/airflow/.local/lib/python3.12/site-packages/airflow/example_dags/example_dag_decorator.py for tasks to queue
[2026-04-25T04:58:18.997+0000] {logging_mixin.py:190} INFO - [2026-04-25T04:58:18.997+0000] {dagbag.py:588} INFO - Filling up the DagBag from /home/airflow/.local/lib/python3.12/site-packages/airflow/example_dags/example_dag_decorator.py
[2026-04-25T04:58:19.034+0000] {processor.py:925} INFO - DAG(s) 'example_dag_decorator' retrieved from /home/airflow/.local/lib/python3.12/site-packages/airflow/example_dags/example_dag_decorator.py
[2026-04-25T04:58:19.084+0000] {logging_mixin.py:190} INFO - [2026-04-25T04:58:19.084+0000] {dag.py:3239} INFO - Sync 1 DAGs
[2026-04-25T04:58:19.089+0000] {logging_mixin.py:190} INFO - [2026-04-25T04:58:19.089+0000] {dag.py:4180} INFO - Setting next_dagrun for example_dag_decorator to None, run_after=None
[2026-04-25T04:58:19.099+0000] {processor.py:208} INFO - Processing /home/airflow/.local/lib/python3.12/site-packages/airflow/example_dags/example_dag_decorator.py took 0.106 seconds
[2026-04-25T05:17:21.664+0000] {processor.py:186} INFO - Started process (PID=92022) to work on /home/airflow/.local/lib/python3.12/site-packages/airflow/example_dags/example_dag_decorator.py
[2026-04-25T05:17:21.664+0000] {processor.py:914} INFO - Processing file /home/airflow/.local/lib/python3.12/site-packages/airflow/example_dags/example_dag_decorator.py for tasks to queue
[2026-04-25T05:17:21.666+0000] {logging_mixin.py:190} INFO - [2026-04-25T05:17:21.666+0000] {dagbag.py:588} INFO - Filling up the DagBag from /home/airflow/.local/lib/python3.12/site-packages/airflow/example_dags/example_dag_decorator.py
[2026-04-25T05:17:21.706+0000] {processor.py:925} INFO - DAG(s) 'example_dag_decorator' retrieved from /home/airflow/.local/lib/python3.12/site-packages/airflow/example_dags/example_dag_decorator.py
[2026-04-25T05:17:21.743+0000] {logging_mixin.py:190} INFO - [2026-04-25T05:17:21.742+0000] {dag.py:3239} INFO - Sync 1 DAGs
[2026-04-25T05:17:21.747+0000] {logging_mixin.py:190} INFO - [2026-04-25T05:17:21.747+0000] {dag.py:4180} INFO - Setting next_dagrun for example_dag_decorator to None, run_after=None
[2026-04-25T05:17:21.756+0000] {processor.py:208} INFO - Processing /home/airflow/.local/lib/python3.12/site-packages/airflow/example_dags/example_dag_decorator.py took 0.095 seconds
[2026-04-25T05:17:52.937+0000] {processor.py:186} INFO - Started process (PID=92086) to work on /home/airflow/.local/lib/python3.12/site-packages/airflow/example_dags/example_dag_decorator.py
[2026-04-25T05:17:52.940+0000] {processor.py:914} INFO - Processing file /home/airflow/.local/lib/python3.12/site-packages/airflow/example_dags/example_dag_decorator.py for tasks to queue
[2026-04-25T05:17:52.941+0000] {logging_mixin.py:190} INFO - [2026-04-25T05:17:52.941+0000] {dagbag.py:588} INFO - Filling up the DagBag from /home/airflow/.local/lib/python3.12/site-packages/airflow/example_dags/example_dag_decorator.py
[2026-04-25T05:17:52.976+0000] {processor.py:925} INFO - DAG(s) 'example_dag_decorator' retrieved from /home/airflow/.local/lib/python3.12/site-packages/airflow/example_dags/example_dag_decorator.py
[2026-04-25T05:17:53.014+0000] {logging_mixin.py:190} INFO - [2026-04-25T05:17:53.014+0000] {dag.py:3239} INFO - Sync 1 DAGs
[2026-04-25T05:17:53.018+0000] {logging_mixin.py:190} INFO - [2026-04-25T05:17:53.017+0000] {dag.py:4180} INFO - Setting next_dagrun for example_dag_decorator to None, run_after=None
[2026-04-25T05:17:53.026+0000] {processor.py:208} INFO - Processing /home/airflow/.local/lib/python3.12/site-packages/airflow/example_dags/example_dag_decorator.py took 0.091 seconds
[2026-04-25T05:34:40.193+0000] {processor.py:186} INFO - Started process (PID=92150) to work on /home/airflow/.local/lib/python3.12/site-packages/airflow/example_dags/example_dag_decorator.py
[2026-04-25T05:34:40.194+0000] {processor.py:914} INFO - Processing file /home/airflow/.local/lib/python3.12/site-packages/airflow/example_dags/example_dag_decorator.py for tasks to queue
[2026-04-25T05:34:40.195+0000] {logging_mixin.py:190} INFO - [2026-04-25T05:34:40.195+0000] {dagbag.py:588} INFO - Filling up the DagBag from /home/airflow/.local/lib/python3.12/site-packages/airflow/example_dags/example_dag_decorator.py
[2026-04-25T05:34:40.239+0000] {processor.py:925} INFO - DAG(s) 'example_dag_decorator' retrieved from /home/airflow/.local/lib/python3.12/site-packages/airflow/example_dags/example_dag_decorator.py
[2026-04-25T05:34:40.292+0000] {logging_mixin.py:190} INFO - [2026-04-25T05:34:40.292+0000] {dag.py:3239} INFO - Sync 1 DAGs
[2026-04-25T05:34:40.297+0000] {logging_mixin.py:190} INFO - [2026-04-25T05:34:40.297+0000] {dag.py:4180} INFO - Setting next_dagrun for example_dag_decorator to None, run_after=None
[2026-04-25T05:34:40.305+0000] {processor.py:208} INFO - Processing /home/airflow/.local/lib/python3.12/site-packages/airflow/example_dags/example_dag_decorator.py took 0.115 seconds
[2026-04-25T05:35:10.577+0000] {processor.py:186} INFO - Started process (PID=92215) to work on /home/airflow/.local/lib/python3.12/site-packages/airflow/example_dags/example_dag_decorator.py
[2026-04-25T05:35:10.577+0000] {processor.py:914} INFO - Processing file /home/airflow/.local/lib/python3.12/site-packages/airflow/example_dags/example_dag_decorator.py for tasks to queue
[2026-04-25T05:35:10.578+0000] {logging_mixin.py:190} INFO - [2026-04-25T05:35:10.578+0000] {dagbag.py:588} INFO - Filling up the DagBag from /home/airflow/.local/lib/python3.12/site-packages/airflow/example_dags/example_dag_decorator.py
[2026-04-25T05:35:10.619+0000] {processor.py:925} INFO - DAG(s) 'example_dag_decorator' retrieved from /home/airflow/.local/lib/python3.12/site-packages/airflow/example_dags/example_dag_decorator.py
[2026-04-25T05:35:10.656+0000] {logging_mixin.py:190} INFO - [2026-04-25T05:35:10.656+0000] {dag.py:3239} INFO - Sync 1 DAGs
[2026-04-25T05:35:10.660+0000] {logging_mixin.py:190} INFO - [2026-04-25T05:35:10.660+0000] {dag.py:4180} INFO - Setting next_dagrun for example_dag_decorator to None, run_after=None
[2026-04-25T05:35:10.669+0000] {processor.py:208} INFO - Processing /home/airflow/.local/lib/python3.12/site-packages/airflow/example_dags/example_dag_decorator.py took 0.095 seconds
[2026-04-25T05:53:16.443+0000] {processor.py:186} INFO - Started process (PID=92278) to work on /home/airflow/.local/lib/python3.12/site-packages/airflow/example_dags/example_dag_decorator.py
[2026-04-25T05:53:16.443+0000] {processor.py:914} INFO - Processing file /home/airflow/.local/lib/python3.12/site-packages/airflow/example_dags/example_dag_decorator.py for tasks to queue
[2026-04-25T05:53:16.444+0000] {logging_mixin.py:190} INFO - [2026-04-25T05:53:16.444+0000] {dagbag.py:588} INFO - Filling up the DagBag from /home/airflow/.local/lib/python3.12/site-packages/airflow/example_dags/example_dag_decorator.py
[2026-04-25T05:53:16.476+0000] {processor.py:925} INFO - DAG(s) 'example_dag_decorator' retrieved from /home/airflow/.local/lib/python3.12/site-packages/airflow/example_dags/example_dag_decorator.py
[2026-04-25T05:53:16.508+0000] {logging_mixin.py:190} INFO - [2026-04-25T05:53:16.508+0000] {dag.py:3239} INFO - Sync 1 DAGs
[2026-04-25T05:53:16.512+0000] {logging_mixin.py:190} INFO - [2026-04-25T05:53:16.512+0000] {dag.py:4180} INFO - Setting next_dagrun for example_dag_decorator to None, run_after=None
[2026-04-25T05:53:16.517+0000] {processor.py:208} INFO - Processing /home/airflow/.local/lib/python3.12/site-packages/airflow/example_dags/example_dag_decorator.py took 0.076 seconds
[2026-04-25T05:59:18.976+0000] {processor.py:186} INFO - Started process (PID=92342) to work on /home/airflow/.local/lib/python3.12/site-packages/airflow/example_dags/example_dag_decorator.py
[2026-04-25T05:59:18.976+0000] {processor.py:914} INFO - Processing file /home/airflow/.local/lib/python3.12/site-packages/airflow/example_dags/example_dag_decorator.py for tasks to queue
[2026-04-25T05:59:18.977+0000] {logging_mixin.py:190} INFO - [2026-04-25T05:59:18.977+0000] {dagbag.py:588} INFO - Filling up the DagBag from /home/airflow/.local/lib/python3.12/site-packages/airflow/example_dags/example_dag_decorator.py
[2026-04-25T05:59:19.020+0000] {processor.py:925} INFO - DAG(s) 'example_dag_decorator' retrieved from /home/airflow/.local/lib/python3.12/site-packages/airflow/example_dags/example_dag_decorator.py
[2026-04-25T05:59:19.064+0000] {logging_mixin.py:190} INFO - [2026-04-25T05:59:19.064+0000] {dag.py:3239} INFO - Sync 1 DAGs
[2026-04-25T05:59:19.067+0000] {logging_mixin.py:190} INFO - [2026-04-25T05:59:19.067+0000] {dag.py:4180} INFO - Setting next_dagrun for example_dag_decorator to None, run_after=None
[2026-04-25T05:59:19.073+0000] {processor.py:208} INFO - Processing /home/airflow/.local/lib/python3.12/site-packages/airflow/example_dags/example_dag_decorator.py took 0.100 seconds
[2026-04-25T06:16:57.299+0000] {processor.py:186} INFO - Started process (PID=92406) to work on /home/airflow/.local/lib/python3.12/site-packages/airflow/example_dags/example_dag_decorator.py
[2026-04-25T06:16:57.299+0000] {processor.py:914} INFO - Processing file /home/airflow/.local/lib/python3.12/site-packages/airflow/example_dags/example_dag_decorator.py for tasks to queue
[2026-04-25T06:16:57.300+0000] {logging_mixin.py:190} INFO - [2026-04-25T06:16:57.300+0000] {dagbag.py:588} INFO - Filling up the DagBag from /home/airflow/.local/lib/python3.12/site-packages/airflow/example_dags/example_dag_decorator.py
[2026-04-25T06:16:57.340+0000] {processor.py:925} INFO - DAG(s) 'example_dag_decorator' retrieved from /home/airflow/.local/lib/python3.12/site-packages/airflow/example_dags/example_dag_decorator.py
[2026-04-25T06:16:57.397+0000] {logging_mixin.py:190} INFO - [2026-04-25T06:16:57.397+0000] {dag.py:3239} INFO - Sync 1 DAGs
[2026-04-25T06:16:57.402+0000] {logging_mixin.py:190} INFO - [2026-04-25T06:16:57.402+0000] {dag.py:4180} INFO - Setting next_dagrun for example_dag_decorator to None, run_after=None
[2026-04-25T06:16:57.411+0000] {processor.py:208} INFO - Processing /home/airflow/.local/lib/python3.12/site-packages/airflow/example_dags/example_dag_decorator.py took 0.114 seconds
[2026-04-25T06:33:48.612+0000] {processor.py:186} INFO - Started process (PID=92470) to work on /home/airflow/.local/lib/python3.12/site-packages/airflow/example_dags/example_dag_decorator.py
[2026-04-25T06:33:48.613+0000] {processor.py:914} INFO - Processing file /home/airflow/.local/lib/python3.12/site-packages/airflow/example_dags/example_dag_decorator.py for tasks to queue
[2026-04-25T06:33:48.614+0000] {logging_mixin.py:190} INFO - [2026-04-25T06:33:48.613+0000] {dagbag.py:588} INFO - Filling up the DagBag from /home/airflow/.local/lib/python3.12/site-packages/airflow/example_dags/example_dag_decorator.py
[2026-04-25T06:33:48.645+0000] {processor.py:925} INFO - DAG(s) 'example_dag_decorator' retrieved from /home/airflow/.local/lib/python3.12/site-packages/airflow/example_dags/example_dag_decorator.py
[2026-04-25T06:33:48.679+0000] {logging_mixin.py:190} INFO - [2026-04-25T06:33:48.679+0000] {dag.py:3239} INFO - Sync 1 DAGs
[2026-04-25T06:33:48.683+0000] {logging_mixin.py:190} INFO - [2026-04-25T06:33:48.683+0000] {dag.py:4180} INFO - Setting next_dagrun for example_dag_decorator to None, run_after=None
[2026-04-25T06:33:48.689+0000] {processor.py:208} INFO - Processing /home/airflow/.local/lib/python3.12/site-packages/airflow/example_dags/example_dag_decorator.py took 0.078 seconds
[2026-04-25T06:34:18.836+0000] {processor.py:186} INFO - Started process (PID=92534) to work on /home/airflow/.local/lib/python3.12/site-packages/airflow/example_dags/example_dag_decorator.py
[2026-04-25T06:34:18.839+0000] {processor.py:914} INFO - Processing file /home/airflow/.local/lib/python3.12/site-packages/airflow/example_dags/example_dag_decorator.py for tasks to queue
[2026-04-25T06:34:18.841+0000] {logging_mixin.py:190} INFO - [2026-04-25T06:34:18.841+0000] {dagbag.py:588} INFO - Filling up the DagBag from /home/airflow/.local/lib/python3.12/site-packages/airflow/example_dags/example_dag_decorator.py
[2026-04-25T06:34:18.870+0000] {processor.py:925} INFO - DAG(s) 'example_dag_decorator' retrieved from /home/airflow/.local/lib/python3.12/site-packages/airflow/example_dags/example_dag_decorator.py
[2026-04-25T06:34:18.908+0000] {logging_mixin.py:190} INFO - [2026-04-25T06:34:18.908+0000] {dag.py:3239} INFO - Sync 1 DAGs
[2026-04-25T06:34:18.912+0000] {logging_mixin.py:190} INFO - [2026-04-25T06:34:18.912+0000] {dag.py:4180} INFO - Setting next_dagrun for example_dag_decorator to None, run_after=None
[2026-04-25T06:34:18.918+0000] {processor.py:208} INFO - Processing /home/airflow/.local/lib/python3.12/site-packages/airflow/example_dags/example_dag_decorator.py took 0.083 seconds
[2026-04-25T06:51:33.792+0000] {processor.py:186} INFO - Started process (PID=92598) to work on /home/airflow/.local/lib/python3.12/site-packages/airflow/example_dags/example_dag_decorator.py
[2026-04-25T06:51:33.792+0000] {processor.py:914} INFO - Processing file /home/airflow/.local/lib/python3.12/site-packages/airflow/example_dags/example_dag_decorator.py for tasks to queue
[2026-04-25T06:51:33.794+0000] {logging_mixin.py:190} INFO - [2026-04-25T06:51:33.794+0000] {dagbag.py:588} INFO - Filling up the DagBag from /home/airflow/.local/lib/python3.12/site-packages/airflow/example_dags/example_dag_decorator.py
[2026-04-25T06:51:33.829+0000] {processor.py:925} INFO - DAG(s) 'example_dag_decorator' retrieved from /home/airflow/.local/lib/python3.12/site-packages/airflow/example_dags/example_dag_decorator.py
[2026-04-25T06:51:33.875+0000] {logging_mixin.py:190} INFO - [2026-04-25T06:51:33.875+0000] {dag.py:3239} INFO - Sync 1 DAGs
[2026-04-25T06:51:33.879+0000] {logging_mixin.py:190} INFO - [2026-04-25T06:51:33.879+0000] {dag.py:4180} INFO - Setting next_dagrun for example_dag_decorator to None, run_after=None
[2026-04-25T06:51:33.886+0000] {processor.py:208} INFO - Processing /home/airflow/.local/lib/python3.12/site-packages/airflow/example_dags/example_dag_decorator.py took 0.097 seconds
[2026-04-25T07:00:19.308+0000] {processor.py:186} INFO - Started process (PID=92662) to work on /home/airflow/.local/lib/python3.12/site-packages/airflow/example_dags/example_dag_decorator.py
[2026-04-25T07:00:19.310+0000] {processor.py:914} INFO - Processing file /home/airflow/.local/lib/python3.12/site-packages/airflow/example_dags/example_dag_decorator.py for tasks to queue
[2026-04-25T07:00:19.311+0000] {logging_mixin.py:190} INFO - [2026-04-25T07:00:19.311+0000] {dagbag.py:588} INFO - Filling up the DagBag from /home/airflow/.local/lib/python3.12/site-packages/airflow/example_dags/example_dag_decorator.py
[2026-04-25T07:00:19.359+0000] {processor.py:925} INFO - DAG(s) 'example_dag_decorator' retrieved from /home/airflow/.local/lib/python3.12/site-packages/airflow/example_dags/example_dag_decorator.py
[2026-04-25T07:00:19.404+0000] {logging_mixin.py:190} INFO - [2026-04-25T07:00:19.404+0000] {dag.py:3239} INFO - Sync 1 DAGs
[2026-04-25T07:00:19.408+0000] {logging_mixin.py:190} INFO - [2026-04-25T07:00:19.408+0000] {dag.py:4180} INFO - Setting next_dagrun for example_dag_decorator to None, run_after=None
[2026-04-25T07:00:19.416+0000] {processor.py:208} INFO - Processing /home/airflow/.local/lib/python3.12/site-packages/airflow/example_dags/example_dag_decorator.py took 0.111 seconds
[2026-04-25T07:00:49.976+0000] {processor.py:186} INFO - Started process (PID=92726) to work on /home/airflow/.local/lib/python3.12/site-packages/airflow/example_dags/example_dag_decorator.py
[2026-04-25T07:00:49.977+0000] {processor.py:914} INFO - Processing file /home/airflow/.local/lib/python3.12/site-packages/airflow/example_dags/example_dag_decorator.py for tasks to queue
[2026-04-25T07:00:49.978+0000] {logging_mixin.py:190} INFO - [2026-04-25T07:00:49.978+0000] {dagbag.py:588} INFO - Filling up the DagBag from /home/airflow/.local/lib/python3.12/site-packages/airflow/example_dags/example_dag_decorator.py
[2026-04-25T07:00:50.015+0000] {processor.py:925} INFO - DAG(s) 'example_dag_decorator' retrieved from /home/airflow/.local/lib/python3.12/site-packages/airflow/example_dags/example_dag_decorator.py
[2026-04-25T07:00:50.058+0000] {logging_mixin.py:190} INFO - [2026-04-25T07:00:50.058+0000] {dag.py:3239} INFO - Sync 1 DAGs
[2026-04-25T07:00:50.062+0000] {logging_mixin.py:190} INFO - [2026-04-25T07:00:50.062+0000] {dag.py:4180} INFO - Setting next_dagrun for example_dag_decorator to None, run_after=None
[2026-04-25T07:00:50.072+0000] {processor.py:208} INFO - Processing /home/airflow/.local/lib/python3.12/site-packages/airflow/example_dags/example_dag_decorator.py took 0.098 seconds
[2026-04-25T07:18:09.683+0000] {processor.py:186} INFO - Started process (PID=92790) to work on /home/airflow/.local/lib/python3.12/site-packages/airflow/example_dags/example_dag_decorator.py
[2026-04-25T07:18:09.683+0000] {processor.py:914} INFO - Processing file /home/airflow/.local/lib/python3.12/site-packages/airflow/example_dags/example_dag_decorator.py for tasks to queue
[2026-04-25T07:18:09.684+0000] {logging_mixin.py:190} INFO - [2026-04-25T07:18:09.684+0000] {dagbag.py:588} INFO - Filling up the DagBag from /home/airflow/.local/lib/python3.12/site-packages/airflow/example_dags/example_dag_decorator.py
[2026-04-25T07:18:09.730+0000] {processor.py:925} INFO - DAG(s) 'example_dag_decorator' retrieved from /home/airflow/.local/lib/python3.12/site-packages/airflow/example_dags/example_dag_decorator.py
[2026-04-25T07:18:09.788+0000] {logging_mixin.py:190} INFO - [2026-04-25T07:18:09.788+0000] {dag.py:3239} INFO - Sync 1 DAGs
[2026-04-25T07:18:09.792+0000] {logging_mixin.py:190} INFO - [2026-04-25T07:18:09.792+0000] {dag.py:4180} INFO - Setting next_dagrun for example_dag_decorator to None, run_after=None
[2026-04-25T07:18:09.802+0000] {processor.py:208} INFO - Processing /home/airflow/.local/lib/python3.12/site-packages/airflow/example_dags/example_dag_decorator.py took 0.121 seconds
[2026-04-25T07:18:40.016+0000] {processor.py:186} INFO - Started process (PID=92854) to work on /home/airflow/.local/lib/python3.12/site-packages/airflow/example_dags/example_dag_decorator.py
[2026-04-25T07:18:40.017+0000] {processor.py:914} INFO - Processing file /home/airflow/.local/lib/python3.12/site-packages/airflow/example_dags/example_dag_decorator.py for tasks to queue
[2026-04-25T07:18:40.018+0000] {logging_mixin.py:190} INFO - [2026-04-25T07:18:40.018+0000] {dagbag.py:588} INFO - Filling up the DagBag from /home/airflow/.local/lib/python3.12/site-packages/airflow/example_dags/example_dag_decorator.py
[2026-04-25T07:18:40.057+0000] {processor.py:925} INFO - DAG(s) 'example_dag_decorator' retrieved from /home/airflow/.local/lib/python3.12/site-packages/airflow/example_dags/example_dag_decorator.py
[2026-04-25T07:18:40.092+0000] {logging_mixin.py:190} INFO - [2026-04-25T07:18:40.092+0000] {dag.py:3239} INFO - Sync 1 DAGs
[2026-04-25T07:18:40.096+0000] {logging_mixin.py:190} INFO - [2026-04-25T07:18:40.096+0000] {dag.py:4180} INFO - Setting next_dagrun for example_dag_decorator to None, run_after=None
[2026-04-25T07:18:40.106+0000] {processor.py:208} INFO - Processing /home/airflow/.local/lib/python3.12/site-packages/airflow/example_dags/example_dag_decorator.py took 0.092 seconds
[2026-04-25T07:37:26.132+0000] {processor.py:186} INFO - Started process (PID=92918) to work on /home/airflow/.local/lib/python3.12/site-packages/airflow/example_dags/example_dag_decorator.py
[2026-04-25T07:37:26.133+0000] {processor.py:914} INFO - Processing file /home/airflow/.local/lib/python3.12/site-packages/airflow/example_dags/example_dag_decorator.py for tasks to queue
[2026-04-25T07:37:26.135+0000] {logging_mixin.py:190} INFO - [2026-04-25T07:37:26.134+0000] {dagbag.py:588} INFO - Filling up the DagBag from /home/airflow/.local/lib/python3.12/site-packages/airflow/example_dags/example_dag_decorator.py
[2026-04-25T07:37:26.189+0000] {processor.py:925} INFO - DAG(s) 'example_dag_decorator' retrieved from /home/airflow/.local/lib/python3.12/site-packages/airflow/example_dags/example_dag_decorator.py
[2026-04-25T07:37:26.238+0000] {logging_mixin.py:190} INFO - [2026-04-25T07:37:26.238+0000] {dag.py:3239} INFO - Sync 1 DAGs
[2026-04-25T07:37:26.242+0000] {logging_mixin.py:190} INFO - [2026-04-25T07:37:26.242+0000] {dag.py:4180} INFO - Setting next_dagrun for example_dag_decorator to None, run_after=None
[2026-04-25T07:37:26.253+0000] {processor.py:208} INFO - Processing /home/airflow/.local/lib/python3.12/site-packages/airflow/example_dags/example_dag_decorator.py took 0.125 seconds
[2026-04-25T07:54:03.899+0000] {processor.py:186} INFO - Started process (PID=92982) to work on /home/airflow/.local/lib/python3.12/site-packages/airflow/example_dags/example_dag_decorator.py
[2026-04-25T07:54:03.900+0000] {processor.py:914} INFO - Processing file /home/airflow/.local/lib/python3.12/site-packages/airflow/example_dags/example_dag_decorator.py for tasks to queue
[2026-04-25T07:54:03.901+0000] {logging_mixin.py:190} INFO - [2026-04-25T07:54:03.900+0000] {dagbag.py:588} INFO - Filling up the DagBag from /home/airflow/.local/lib/python3.12/site-packages/airflow/example_dags/example_dag_decorator.py
[2026-04-25T07:54:03.938+0000] {processor.py:925} INFO - DAG(s) 'example_dag_decorator' retrieved from /home/airflow/.local/lib/python3.12/site-packages/airflow/example_dags/example_dag_decorator.py
[2026-04-25T07:54:03.996+0000] {logging_mixin.py:190} INFO - [2026-04-25T07:54:03.996+0000] {dag.py:3239} INFO - Sync 1 DAGs
[2026-04-25T07:54:04.002+0000] {logging_mixin.py:190} INFO - [2026-04-25T07:54:04.002+0000] {dag.py:4180} INFO - Setting next_dagrun for example_dag_decorator to None, run_after=None
[2026-04-25T07:54:04.010+0000] {processor.py:208} INFO - Processing /home/airflow/.local/lib/python3.12/site-packages/airflow/example_dags/example_dag_decorator.py took 0.113 seconds
[2026-04-25T07:55:22.091+0000] {processor.py:186} INFO - Started process (PID=93046) to work on /home/airflow/.local/lib/python3.12/site-packages/airflow/example_dags/example_dag_decorator.py
[2026-04-25T07:55:22.092+0000] {processor.py:914} INFO - Processing file /home/airflow/.local/lib/python3.12/site-packages/airflow/example_dags/example_dag_decorator.py for tasks to queue
[2026-04-25T07:55:22.093+0000] {logging_mixin.py:190} INFO - [2026-04-25T07:55:22.092+0000] {dagbag.py:588} INFO - Filling up the DagBag from /home/airflow/.local/lib/python3.12/site-packages/airflow/example_dags/example_dag_decorator.py
[2026-04-25T07:55:22.131+0000] {processor.py:925} INFO - DAG(s) 'example_dag_decorator' retrieved from /home/airflow/.local/lib/python3.12/site-packages/airflow/example_dags/example_dag_decorator.py
[2026-04-25T07:55:22.172+0000] {logging_mixin.py:190} INFO - [2026-04-25T07:55:22.172+0000] {dag.py:3239} INFO - Sync 1 DAGs
[2026-04-25T07:55:22.176+0000] {logging_mixin.py:190} INFO - [2026-04-25T07:55:22.176+0000] {dag.py:4180} INFO - Setting next_dagrun for example_dag_decorator to None, run_after=None
[2026-04-25T07:55:22.185+0000] {processor.py:208} INFO - Processing /home/airflow/.local/lib/python3.12/site-packages/airflow/example_dags/example_dag_decorator.py took 0.097 seconds
[2026-04-25T08:01:25.053+0000] {processor.py:186} INFO - Started process (PID=93110) to work on /home/airflow/.local/lib/python3.12/site-packages/airflow/example_dags/example_dag_decorator.py
[2026-04-25T08:01:25.054+0000] {processor.py:914} INFO - Processing file /home/airflow/.local/lib/python3.12/site-packages/airflow/example_dags/example_dag_decorator.py for tasks to queue
[2026-04-25T08:01:25.054+0000] {logging_mixin.py:190} INFO - [2026-04-25T08:01:25.054+0000] {dagbag.py:588} INFO - Filling up the DagBag from /home/airflow/.local/lib/python3.12/site-packages/airflow/example_dags/example_dag_decorator.py
[2026-04-25T08:01:25.094+0000] {processor.py:925} INFO - DAG(s) 'example_dag_decorator' retrieved from /home/airflow/.local/lib/python3.12/site-packages/airflow/example_dags/example_dag_decorator.py
[2026-04-25T08:01:25.132+0000] {logging_mixin.py:190} INFO - [2026-04-25T08:01:25.132+0000] {dag.py:3239} INFO - Sync 1 DAGs
[2026-04-25T08:01:25.136+0000] {logging_mixin.py:190} INFO - [2026-04-25T08:01:25.136+0000] {dag.py:4180} INFO - Setting next_dagrun for example_dag_decorator to None, run_after=None
[2026-04-25T08:01:25.145+0000] {processor.py:208} INFO - Processing /home/airflow/.local/lib/python3.12/site-packages/airflow/example_dags/example_dag_decorator.py took 0.095 seconds
[2026-04-25T08:01:56.194+0000] {processor.py:186} INFO - Started process (PID=93174) to work on /home/airflow/.local/lib/python3.12/site-packages/airflow/example_dags/example_dag_decorator.py
[2026-04-25T08:01:56.195+0000] {processor.py:914} INFO - Processing file /home/airflow/.local/lib/python3.12/site-packages/airflow/example_dags/example_dag_decorator.py for tasks to queue
[2026-04-25T08:01:56.196+0000] {logging_mixin.py:190} INFO - [2026-04-25T08:01:56.196+0000] {dagbag.py:588} INFO - Filling up the DagBag from /home/airflow/.local/lib/python3.12/site-packages/airflow/example_dags/example_dag_decorator.py
[2026-04-25T08:01:56.229+0000] {processor.py:925} INFO - DAG(s) 'example_dag_decorator' retrieved from /home/airflow/.local/lib/python3.12/site-packages/airflow/example_dags/example_dag_decorator.py
[2026-04-25T08:01:56.264+0000] {logging_mixin.py:190} INFO - [2026-04-25T08:01:56.264+0000] {dag.py:3239} INFO - Sync 1 DAGs
[2026-04-25T08:01:56.268+0000] {logging_mixin.py:190} INFO - [2026-04-25T08:01:56.268+0000] {dag.py:4180} INFO - Setting next_dagrun for example_dag_decorator to None, run_after=None
[2026-04-25T08:01:56.276+0000] {processor.py:208} INFO - Processing /home/airflow/.local/lib/python3.12/site-packages/airflow/example_dags/example_dag_decorator.py took 0.083 seconds
[2026-04-25T08:18:19.602+0000] {processor.py:186} INFO - Started process (PID=93238) to work on /home/airflow/.local/lib/python3.12/site-packages/airflow/example_dags/example_dag_decorator.py
[2026-04-25T08:18:19.602+0000] {processor.py:914} INFO - Processing file /home/airflow/.local/lib/python3.12/site-packages/airflow/example_dags/example_dag_decorator.py for tasks to queue
[2026-04-25T08:18:19.603+0000] {logging_mixin.py:190} INFO - [2026-04-25T08:18:19.603+0000] {dagbag.py:588} INFO - Filling up the DagBag from /home/airflow/.local/lib/python3.12/site-packages/airflow/example_dags/example_dag_decorator.py
[2026-04-25T08:18:19.639+0000] {processor.py:925} INFO - DAG(s) 'example_dag_decorator' retrieved from /home/airflow/.local/lib/python3.12/site-packages/airflow/example_dags/example_dag_decorator.py
[2026-04-25T08:18:19.683+0000] {logging_mixin.py:190} INFO - [2026-04-25T08:18:19.683+0000] {dag.py:3239} INFO - Sync 1 DAGs
[2026-04-25T08:18:19.688+0000] {logging_mixin.py:190} INFO - [2026-04-25T08:18:19.688+0000] {dag.py:4180} INFO - Setting next_dagrun for example_dag_decorator to None, run_after=None
[2026-04-25T08:18:19.693+0000] {processor.py:208} INFO - Processing /home/airflow/.local/lib/python3.12/site-packages/airflow/example_dags/example_dag_decorator.py took 0.093 seconds
[2026-04-25T08:34:04.253+0000] {processor.py:186} INFO - Started process (PID=93302) to work on /home/airflow/.local/lib/python3.12/site-packages/airflow/example_dags/example_dag_decorator.py
[2026-04-25T08:34:04.253+0000] {processor.py:914} INFO - Processing file /home/airflow/.local/lib/python3.12/site-packages/airflow/example_dags/example_dag_decorator.py for tasks to queue
[2026-04-25T08:34:04.254+0000] {logging_mixin.py:190} INFO - [2026-04-25T08:34:04.254+0000] {dagbag.py:588} INFO - Filling up the DagBag from /home/airflow/.local/lib/python3.12/site-packages/airflow/example_dags/example_dag_decorator.py
[2026-04-25T08:34:04.288+0000] {processor.py:925} INFO - DAG(s) 'example_dag_decorator' retrieved from /home/airflow/.local/lib/python3.12/site-packages/airflow/example_dags/example_dag_decorator.py
[2026-04-25T08:34:04.336+0000] {logging_mixin.py:190} INFO - [2026-04-25T08:34:04.336+0000] {dag.py:3239} INFO - Sync 1 DAGs
[2026-04-25T08:34:04.417+0000] {logging_mixin.py:190} INFO - [2026-04-25T08:34:04.417+0000] {dag.py:4180} INFO - Setting next_dagrun for example_dag_decorator to None, run_after=None
[2026-04-25T08:34:04.429+0000] {processor.py:208} INFO - Processing /home/airflow/.local/lib/python3.12/site-packages/airflow/example_dags/example_dag_decorator.py took 0.179 seconds
[2026-04-25T08:35:30.072+0000] {processor.py:186} INFO - Started process (PID=93366) to work on /home/airflow/.local/lib/python3.12/site-packages/airflow/example_dags/example_dag_decorator.py
[2026-04-25T08:35:30.072+0000] {processor.py:914} INFO - Processing file /home/airflow/.local/lib/python3.12/site-packages/airflow/example_dags/example_dag_decorator.py for tasks to queue
[2026-04-25T08:35:30.073+0000] {logging_mixin.py:190} INFO - [2026-04-25T08:35:30.073+0000] {dagbag.py:588} INFO - Filling up the DagBag from /home/airflow/.local/lib/python3.12/site-packages/airflow/example_dags/example_dag_decorator.py
[2026-04-25T08:35:30.112+0000] {processor.py:925} INFO - DAG(s) 'example_dag_decorator' retrieved from /home/airflow/.local/lib/python3.12/site-packages/airflow/example_dags/example_dag_decorator.py
[2026-04-25T08:35:30.154+0000] {logging_mixin.py:190} INFO - [2026-04-25T08:35:30.154+0000] {dag.py:3239} INFO - Sync 1 DAGs
[2026-04-25T08:35:30.158+0000] {logging_mixin.py:190} INFO - [2026-04-25T08:35:30.158+0000] {dag.py:4180} INFO - Setting next_dagrun for example_dag_decorator to None, run_after=None
[2026-04-25T08:35:30.248+0000] {processor.py:208} INFO - Processing /home/airflow/.local/lib/python3.12/site-packages/airflow/example_dags/example_dag_decorator.py took 0.179 seconds
[2026-04-25T08:53:52.304+0000] {processor.py:186} INFO - Started process (PID=93430) to work on /home/airflow/.local/lib/python3.12/site-packages/airflow/example_dags/example_dag_decorator.py
[2026-04-25T08:53:52.304+0000] {processor.py:914} INFO - Processing file /home/airflow/.local/lib/python3.12/site-packages/airflow/example_dags/example_dag_decorator.py for tasks to queue
[2026-04-25T08:53:52.305+0000] {logging_mixin.py:190} INFO - [2026-04-25T08:53:52.305+0000] {dagbag.py:588} INFO - Filling up the DagBag from /home/airflow/.local/lib/python3.12/site-packages/airflow/example_dags/example_dag_decorator.py
[2026-04-25T08:53:52.343+0000] {processor.py:925} INFO - DAG(s) 'example_dag_decorator' retrieved from /home/airflow/.local/lib/python3.12/site-packages/airflow/example_dags/example_dag_decorator.py
[2026-04-25T08:53:52.387+0000] {logging_mixin.py:190} INFO - [2026-04-25T08:53:52.387+0000] {dag.py:3239} INFO - Sync 1 DAGs
[2026-04-25T08:53:52.392+0000] {logging_mixin.py:190} INFO - [2026-04-25T08:53:52.392+0000] {dag.py:4180} INFO - Setting next_dagrun for example_dag_decorator to None, run_after=None
[2026-04-25T08:53:52.477+0000] {processor.py:208} INFO - Processing /home/airflow/.local/lib/python3.12/site-packages/airflow/example_dags/example_dag_decorator.py took 0.176 seconds
[2026-04-25T08:54:22.611+0000] {processor.py:186} INFO - Started process (PID=93495) to work on /home/airflow/.local/lib/python3.12/site-packages/airflow/example_dags/example_dag_decorator.py
[2026-04-25T08:54:22.613+0000] {processor.py:914} INFO - Processing file /home/airflow/.local/lib/python3.12/site-packages/airflow/example_dags/example_dag_decorator.py for tasks to queue
[2026-04-25T08:54:22.617+0000] {logging_mixin.py:190} INFO - [2026-04-25T08:54:22.617+0000] {dagbag.py:588} INFO - Filling up the DagBag from /home/airflow/.local/lib/python3.12/site-packages/airflow/example_dags/example_dag_decorator.py
[2026-04-25T08:54:22.651+0000] {processor.py:925} INFO - DAG(s) 'example_dag_decorator' retrieved from /home/airflow/.local/lib/python3.12/site-packages/airflow/example_dags/example_dag_decorator.py
[2026-04-25T08:54:22.688+0000] {logging_mixin.py:190} INFO - [2026-04-25T08:54:22.688+0000] {dag.py:3239} INFO - Sync 1 DAGs
[2026-04-25T08:54:22.692+0000] {logging_mixin.py:190} INFO - [2026-04-25T08:54:22.692+0000] {dag.py:4180} INFO - Setting next_dagrun for example_dag_decorator to None, run_after=None
[2026-04-25T08:54:22.699+0000] {processor.py:208} INFO - Processing /home/airflow/.local/lib/python3.12/site-packages/airflow/example_dags/example_dag_decorator.py took 0.090 seconds
[2026-04-25T09:02:31.144+0000] {processor.py:186} INFO - Started process (PID=93558) to work on /home/airflow/.local/lib/python3.12/site-packages/airflow/example_dags/example_dag_decorator.py
[2026-04-25T09:02:31.145+0000] {processor.py:914} INFO - Processing file /home/airflow/.local/lib/python3.12/site-packages/airflow/example_dags/example_dag_decorator.py for tasks to queue
[2026-04-25T09:02:31.147+0000] {logging_mixin.py:190} INFO - [2026-04-25T09:02:31.147+0000] {dagbag.py:588} INFO - Filling up the DagBag from /home/airflow/.local/lib/python3.12/site-packages/airflow/example_dags/example_dag_decorator.py
[2026-04-25T09:02:31.197+0000] {processor.py:925} INFO - DAG(s) 'example_dag_decorator' retrieved from /home/airflow/.local/lib/python3.12/site-packages/airflow/example_dags/example_dag_decorator.py
[2026-04-25T09:02:31.268+0000] {logging_mixin.py:190} INFO - [2026-04-25T09:02:31.268+0000] {dag.py:3239} INFO - Sync 1 DAGs
[2026-04-25T09:02:31.278+0000] {logging_mixin.py:190} INFO - [2026-04-25T09:02:31.277+0000] {dag.py:4180} INFO - Setting next_dagrun for example_dag_decorator to None, run_after=None
[2026-04-25T09:02:31.290+0000] {processor.py:208} INFO - Processing /home/airflow/.local/lib/python3.12/site-packages/airflow/example_dags/example_dag_decorator.py took 0.149 seconds
[2026-04-25T09:18:28.239+0000] {processor.py:186} INFO - Started process (PID=93622) to work on /home/airflow/.local/lib/python3.12/site-packages/airflow/example_dags/example_dag_decorator.py
[2026-04-25T09:18:28.239+0000] {processor.py:914} INFO - Processing file /home/airflow/.local/lib/python3.12/site-packages/airflow/example_dags/example_dag_decorator.py for tasks to queue
[2026-04-25T09:18:28.240+0000] {logging_mixin.py:190} INFO - [2026-04-25T09:18:28.240+0000] {dagbag.py:588} INFO - Filling up the DagBag from /home/airflow/.local/lib/python3.12/site-packages/airflow/example_dags/example_dag_decorator.py
[2026-04-25T09:18:28.272+0000] {processor.py:925} INFO - DAG(s) 'example_dag_decorator' retrieved from /home/airflow/.local/lib/python3.12/site-packages/airflow/example_dags/example_dag_decorator.py
[2026-04-25T09:18:28.312+0000] {logging_mixin.py:190} INFO - [2026-04-25T09:18:28.312+0000] {dag.py:3239} INFO - Sync 1 DAGs
[2026-04-25T09:18:28.316+0000] {logging_mixin.py:190} INFO - [2026-04-25T09:18:28.316+0000] {dag.py:4180} INFO - Setting next_dagrun for example_dag_decorator to None, run_after=None
[2026-04-25T09:18:28.323+0000] {processor.py:208} INFO - Processing /home/airflow/.local/lib/python3.12/site-packages/airflow/example_dags/example_dag_decorator.py took 0.086 seconds
[2026-04-25T09:19:39.895+0000] {processor.py:186} INFO - Started process (PID=93686) to work on /home/airflow/.local/lib/python3.12/site-packages/airflow/example_dags/example_dag_decorator.py
[2026-04-25T09:19:39.896+0000] {processor.py:914} INFO - Processing file /home/airflow/.local/lib/python3.12/site-packages/airflow/example_dags/example_dag_decorator.py for tasks to queue
[2026-04-25T09:19:39.897+0000] {logging_mixin.py:190} INFO - [2026-04-25T09:19:39.897+0000] {dagbag.py:588} INFO - Filling up the DagBag from /home/airflow/.local/lib/python3.12/site-packages/airflow/example_dags/example_dag_decorator.py
[2026-04-25T09:19:39.936+0000] {processor.py:925} INFO - DAG(s) 'example_dag_decorator' retrieved from /home/airflow/.local/lib/python3.12/site-packages/airflow/example_dags/example_dag_decorator.py
[2026-04-25T09:19:40.067+0000] {logging_mixin.py:190} INFO - [2026-04-25T09:19:40.067+0000] {dag.py:3239} INFO - Sync 1 DAGs
[2026-04-25T09:19:40.073+0000] {logging_mixin.py:190} INFO - [2026-04-25T09:19:40.073+0000] {dag.py:4180} INFO - Setting next_dagrun for example_dag_decorator to None, run_after=None
[2026-04-25T09:19:40.080+0000] {processor.py:208} INFO - Processing /home/airflow/.local/lib/python3.12/site-packages/airflow/example_dags/example_dag_decorator.py took 0.188 seconds
[2026-04-25T09:37:19.655+0000] {processor.py:186} INFO - Started process (PID=93750) to work on /home/airflow/.local/lib/python3.12/site-packages/airflow/example_dags/example_dag_decorator.py
[2026-04-25T09:37:19.656+0000] {processor.py:914} INFO - Processing file /home/airflow/.local/lib/python3.12/site-packages/airflow/example_dags/example_dag_decorator.py for tasks to queue
[2026-04-25T09:37:19.657+0000] {logging_mixin.py:190} INFO - [2026-04-25T09:37:19.657+0000] {dagbag.py:588} INFO - Filling up the DagBag from /home/airflow/.local/lib/python3.12/site-packages/airflow/example_dags/example_dag_decorator.py
[2026-04-25T09:37:19.695+0000] {processor.py:925} INFO - DAG(s) 'example_dag_decorator' retrieved from /home/airflow/.local/lib/python3.12/site-packages/airflow/example_dags/example_dag_decorator.py
[2026-04-25T09:37:19.819+0000] {logging_mixin.py:190} INFO - [2026-04-25T09:37:19.819+0000] {dag.py:3239} INFO - Sync 1 DAGs
[2026-04-25T09:37:19.823+0000] {logging_mixin.py:190} INFO - [2026-04-25T09:37:19.823+0000] {dag.py:4180} INFO - Setting next_dagrun for example_dag_decorator to None, run_after=None
[2026-04-25T09:37:19.831+0000] {processor.py:208} INFO - Processing /home/airflow/.local/lib/python3.12/site-packages/airflow/example_dags/example_dag_decorator.py took 0.178 seconds
[2026-04-25T09:55:51.183+0000] {processor.py:186} INFO - Started process (PID=93814) to work on /home/airflow/.local/lib/python3.12/site-packages/airflow/example_dags/example_dag_decorator.py
[2026-04-25T09:55:51.184+0000] {processor.py:914} INFO - Processing file /home/airflow/.local/lib/python3.12/site-packages/airflow/example_dags/example_dag_decorator.py for tasks to queue
[2026-04-25T09:55:51.184+0000] {logging_mixin.py:190} INFO - [2026-04-25T09:55:51.184+0000] {dagbag.py:588} INFO - Filling up the DagBag from /home/airflow/.local/lib/python3.12/site-packages/airflow/example_dags/example_dag_decorator.py
[2026-04-25T09:55:51.226+0000] {processor.py:925} INFO - DAG(s) 'example_dag_decorator' retrieved from /home/airflow/.local/lib/python3.12/site-packages/airflow/example_dags/example_dag_decorator.py
[2026-04-25T09:55:51.339+0000] {logging_mixin.py:190} INFO - [2026-04-25T09:55:51.339+0000] {dag.py:3239} INFO - Sync 1 DAGs
[2026-04-25T09:55:51.344+0000] {logging_mixin.py:190} INFO - [2026-04-25T09:55:51.343+0000] {dag.py:4180} INFO - Setting next_dagrun for example_dag_decorator to None, run_after=None
[2026-04-25T09:55:51.353+0000] {processor.py:208} INFO - Processing /home/airflow/.local/lib/python3.12/site-packages/airflow/example_dags/example_dag_decorator.py took 0.173 seconds
[2026-04-25T10:03:20.393+0000] {processor.py:186} INFO - Started process (PID=93878) to work on /home/airflow/.local/lib/python3.12/site-packages/airflow/example_dags/example_dag_decorator.py
[2026-04-25T10:03:20.393+0000] {processor.py:914} INFO - Processing file /home/airflow/.local/lib/python3.12/site-packages/airflow/example_dags/example_dag_decorator.py for tasks to queue
[2026-04-25T10:03:20.395+0000] {logging_mixin.py:190} INFO - [2026-04-25T10:03:20.395+0000] {dagbag.py:588} INFO - Filling up the DagBag from /home/airflow/.local/lib/python3.12/site-packages/airflow/example_dags/example_dag_decorator.py
[2026-04-25T10:03:20.433+0000] {processor.py:925} INFO - DAG(s) 'example_dag_decorator' retrieved from /home/airflow/.local/lib/python3.12/site-packages/airflow/example_dags/example_dag_decorator.py
[2026-04-25T10:03:20.552+0000] {logging_mixin.py:190} INFO - [2026-04-25T10:03:20.552+0000] {dag.py:3239} INFO - Sync 1 DAGs
[2026-04-25T10:03:20.556+0000] {logging_mixin.py:190} INFO - [2026-04-25T10:03:20.556+0000] {dag.py:4180} INFO - Setting next_dagrun for example_dag_decorator to None, run_after=None
[2026-04-25T10:03:20.562+0000] {processor.py:208} INFO - Processing /home/airflow/.local/lib/python3.12/site-packages/airflow/example_dags/example_dag_decorator.py took 0.171 seconds
[2026-04-25T10:03:50.740+0000] {processor.py:186} INFO - Started process (PID=93943) to work on /home/airflow/.local/lib/python3.12/site-packages/airflow/example_dags/example_dag_decorator.py
[2026-04-25T10:03:50.740+0000] {processor.py:914} INFO - Processing file /home/airflow/.local/lib/python3.12/site-packages/airflow/example_dags/example_dag_decorator.py for tasks to queue
[2026-04-25T10:03:50.741+0000] {logging_mixin.py:190} INFO - [2026-04-25T10:03:50.741+0000] {dagbag.py:588} INFO - Filling up the DagBag from /home/airflow/.local/lib/python3.12/site-packages/airflow/example_dags/example_dag_decorator.py
[2026-04-25T10:03:50.776+0000] {processor.py:925} INFO - DAG(s) 'example_dag_decorator' retrieved from /home/airflow/.local/lib/python3.12/site-packages/airflow/example_dags/example_dag_decorator.py
[2026-04-25T10:03:50.886+0000] {logging_mixin.py:190} INFO - [2026-04-25T10:03:50.886+0000] {dag.py:3239} INFO - Sync 1 DAGs
[2026-04-25T10:03:50.890+0000] {logging_mixin.py:190} INFO - [2026-04-25T10:03:50.889+0000] {dag.py:4180} INFO - Setting next_dagrun for example_dag_decorator to None, run_after=None
[2026-04-25T10:03:50.895+0000] {processor.py:208} INFO - Processing /home/airflow/.local/lib/python3.12/site-packages/airflow/example_dags/example_dag_decorator.py took 0.157 seconds
[2026-04-25T10:20:16.622+0000] {processor.py:186} INFO - Started process (PID=94006) to work on /home/airflow/.local/lib/python3.12/site-packages/airflow/example_dags/example_dag_decorator.py
[2026-04-25T10:20:16.623+0000] {processor.py:914} INFO - Processing file /home/airflow/.local/lib/python3.12/site-packages/airflow/example_dags/example_dag_decorator.py for tasks to queue
[2026-04-25T10:20:16.624+0000] {logging_mixin.py:190} INFO - [2026-04-25T10:20:16.624+0000] {dagbag.py:588} INFO - Filling up the DagBag from /home/airflow/.local/lib/python3.12/site-packages/airflow/example_dags/example_dag_decorator.py
[2026-04-25T10:20:16.661+0000] {processor.py:925} INFO - DAG(s) 'example_dag_decorator' retrieved from /home/airflow/.local/lib/python3.12/site-packages/airflow/example_dags/example_dag_decorator.py
[2026-04-25T10:20:16.784+0000] {logging_mixin.py:190} INFO - [2026-04-25T10:20:16.784+0000] {dag.py:3239} INFO - Sync 1 DAGs
[2026-04-25T10:20:16.789+0000] {logging_mixin.py:190} INFO - [2026-04-25T10:20:16.789+0000] {dag.py:4180} INFO - Setting next_dagrun for example_dag_decorator to None, run_after=None
[2026-04-25T10:20:16.797+0000] {processor.py:208} INFO - Processing /home/airflow/.local/lib/python3.12/site-packages/airflow/example_dags/example_dag_decorator.py took 0.177 seconds
[2026-04-25T10:20:46.972+0000] {processor.py:186} INFO - Started process (PID=94071) to work on /home/airflow/.local/lib/python3.12/site-packages/airflow/example_dags/example_dag_decorator.py
[2026-04-25T10:20:46.972+0000] {processor.py:914} INFO - Processing file /home/airflow/.local/lib/python3.12/site-packages/airflow/example_dags/example_dag_decorator.py for tasks to queue
[2026-04-25T10:20:46.973+0000] {logging_mixin.py:190} INFO - [2026-04-25T10:20:46.973+0000] {dagbag.py:588} INFO - Filling up the DagBag from /home/airflow/.local/lib/python3.12/site-packages/airflow/example_dags/example_dag_decorator.py
[2026-04-25T10:20:47.099+0000] {processor.py:925} INFO - DAG(s) 'example_dag_decorator' retrieved from /home/airflow/.local/lib/python3.12/site-packages/airflow/example_dags/example_dag_decorator.py
[2026-04-25T10:20:47.141+0000] {logging_mixin.py:190} INFO - [2026-04-25T10:20:47.141+0000] {dag.py:3239} INFO - Sync 1 DAGs
[2026-04-25T10:20:47.145+0000] {logging_mixin.py:190} INFO - [2026-04-25T10:20:47.145+0000] {dag.py:4180} INFO - Setting next_dagrun for example_dag_decorator to None, run_after=None
[2026-04-25T10:20:47.151+0000] {processor.py:208} INFO - Processing /home/airflow/.local/lib/python3.12/site-packages/airflow/example_dags/example_dag_decorator.py took 0.181 seconds
[2026-04-25T10:30:54.539+0000] {processor.py:186} INFO - Started process (PID=94134) to work on /home/airflow/.local/lib/python3.12/site-packages/airflow/example_dags/example_dag_decorator.py
[2026-04-25T10:30:54.540+0000] {processor.py:914} INFO - Processing file /home/airflow/.local/lib/python3.12/site-packages/airflow/example_dags/example_dag_decorator.py for tasks to queue
[2026-04-25T10:30:54.540+0000] {logging_mixin.py:190} INFO - [2026-04-25T10:30:54.540+0000] {dagbag.py:588} INFO - Filling up the DagBag from /home/airflow/.local/lib/python3.12/site-packages/airflow/example_dags/example_dag_decorator.py
[2026-04-25T10:30:54.581+0000] {processor.py:925} INFO - DAG(s) 'example_dag_decorator' retrieved from /home/airflow/.local/lib/python3.12/site-packages/airflow/example_dags/example_dag_decorator.py
[2026-04-25T10:30:54.699+0000] {logging_mixin.py:190} INFO - [2026-04-25T10:30:54.699+0000] {dag.py:3239} INFO - Sync 1 DAGs
[2026-04-25T10:30:54.703+0000] {logging_mixin.py:190} INFO - [2026-04-25T10:30:54.703+0000] {dag.py:4180} INFO - Setting next_dagrun for example_dag_decorator to None, run_after=None
[2026-04-25T10:30:54.712+0000] {processor.py:208} INFO - Processing /home/airflow/.local/lib/python3.12/site-packages/airflow/example_dags/example_dag_decorator.py took 0.175 seconds
[2026-04-25T10:49:34.984+0000] {processor.py:186} INFO - Started process (PID=94198) to work on /home/airflow/.local/lib/python3.12/site-packages/airflow/example_dags/example_dag_decorator.py
[2026-04-25T10:49:34.984+0000] {processor.py:914} INFO - Processing file /home/airflow/.local/lib/python3.12/site-packages/airflow/example_dags/example_dag_decorator.py for tasks to queue
[2026-04-25T10:49:34.986+0000] {logging_mixin.py:190} INFO - [2026-04-25T10:49:34.985+0000] {dagbag.py:588} INFO - Filling up the DagBag from /home/airflow/.local/lib/python3.12/site-packages/airflow/example_dags/example_dag_decorator.py
[2026-04-25T10:49:35.031+0000] {processor.py:925} INFO - DAG(s) 'example_dag_decorator' retrieved from /home/airflow/.local/lib/python3.12/site-packages/airflow/example_dags/example_dag_decorator.py
[2026-04-25T10:49:35.163+0000] {logging_mixin.py:190} INFO - [2026-04-25T10:49:35.163+0000] {dag.py:3239} INFO - Sync 1 DAGs
[2026-04-25T10:49:35.166+0000] {logging_mixin.py:190} INFO - [2026-04-25T10:49:35.166+0000] {dag.py:4180} INFO - Setting next_dagrun for example_dag_decorator to None, run_after=None
[2026-04-25T10:49:35.175+0000] {processor.py:208} INFO - Processing /home/airflow/.local/lib/python3.12/site-packages/airflow/example_dags/example_dag_decorator.py took 0.193 seconds
[2026-04-25T10:50:05.569+0000] {processor.py:186} INFO - Started process (PID=94264) to work on /home/airflow/.local/lib/python3.12/site-packages/airflow/example_dags/example_dag_decorator.py
[2026-04-25T10:50:05.570+0000] {processor.py:914} INFO - Processing file /home/airflow/.local/lib/python3.12/site-packages/airflow/example_dags/example_dag_decorator.py for tasks to queue
[2026-04-25T10:50:05.572+0000] {logging_mixin.py:190} INFO - [2026-04-25T10:50:05.572+0000] {dagbag.py:588} INFO - Filling up the DagBag from /home/airflow/.local/lib/python3.12/site-packages/airflow/example_dags/example_dag_decorator.py
[2026-04-25T10:50:05.607+0000] {processor.py:925} INFO - DAG(s) 'example_dag_decorator' retrieved from /home/airflow/.local/lib/python3.12/site-packages/airflow/example_dags/example_dag_decorator.py
[2026-04-25T10:50:05.724+0000] {logging_mixin.py:190} INFO - [2026-04-25T10:50:05.724+0000] {dag.py:3239} INFO - Sync 1 DAGs
[2026-04-25T10:50:05.727+0000] {logging_mixin.py:190} INFO - [2026-04-25T10:50:05.727+0000] {dag.py:4180} INFO - Setting next_dagrun for example_dag_decorator to None, run_after=None
[2026-04-25T10:50:05.736+0000] {processor.py:208} INFO - Processing /home/airflow/.local/lib/python3.12/site-packages/airflow/example_dags/example_dag_decorator.py took 0.169 seconds
[2026-04-25T11:04:32.303+0000] {processor.py:186} INFO - Started process (PID=94326) to work on /home/airflow/.local/lib/python3.12/site-packages/airflow/example_dags/example_dag_decorator.py
[2026-04-25T11:04:32.304+0000] {processor.py:914} INFO - Processing file /home/airflow/.local/lib/python3.12/site-packages/airflow/example_dags/example_dag_decorator.py for tasks to queue
[2026-04-25T11:04:32.305+0000] {logging_mixin.py:190} INFO - [2026-04-25T11:04:32.304+0000] {dagbag.py:588} INFO - Filling up the DagBag from /home/airflow/.local/lib/python3.12/site-packages/airflow/example_dags/example_dag_decorator.py
[2026-04-25T11:04:32.344+0000] {processor.py:925} INFO - DAG(s) 'example_dag_decorator' retrieved from /home/airflow/.local/lib/python3.12/site-packages/airflow/example_dags/example_dag_decorator.py
[2026-04-25T11:04:32.446+0000] {logging_mixin.py:190} INFO - [2026-04-25T11:04:32.446+0000] {dag.py:3239} INFO - Sync 1 DAGs
[2026-04-25T11:04:32.449+0000] {logging_mixin.py:190} INFO - [2026-04-25T11:04:32.449+0000] {dag.py:4180} INFO - Setting next_dagrun for example_dag_decorator to None, run_after=None
[2026-04-25T11:04:32.454+0000] {processor.py:208} INFO - Processing /home/airflow/.local/lib/python3.12/site-packages/airflow/example_dags/example_dag_decorator.py took 0.153 seconds
[2026-04-25T11:21:27.690+0000] {processor.py:186} INFO - Started process (PID=94390) to work on /home/airflow/.local/lib/python3.12/site-packages/airflow/example_dags/example_dag_decorator.py
[2026-04-25T11:21:27.690+0000] {processor.py:914} INFO - Processing file /home/airflow/.local/lib/python3.12/site-packages/airflow/example_dags/example_dag_decorator.py for tasks to queue
[2026-04-25T11:21:27.692+0000] {logging_mixin.py:190} INFO - [2026-04-25T11:21:27.692+0000] {dagbag.py:588} INFO - Filling up the DagBag from /home/airflow/.local/lib/python3.12/site-packages/airflow/example_dags/example_dag_decorator.py
[2026-04-25T11:21:27.728+0000] {processor.py:925} INFO - DAG(s) 'example_dag_decorator' retrieved from /home/airflow/.local/lib/python3.12/site-packages/airflow/example_dags/example_dag_decorator.py
[2026-04-25T11:21:27.860+0000] {logging_mixin.py:190} INFO - [2026-04-25T11:21:27.860+0000] {dag.py:3239} INFO - Sync 1 DAGs
[2026-04-25T11:21:27.864+0000] {logging_mixin.py:190} INFO - [2026-04-25T11:21:27.864+0000] {dag.py:4180} INFO - Setting next_dagrun for example_dag_decorator to None, run_after=None
[2026-04-25T11:21:27.870+0000] {processor.py:208} INFO - Processing /home/airflow/.local/lib/python3.12/site-packages/airflow/example_dags/example_dag_decorator.py took 0.183 seconds
[2026-04-25T11:21:58.051+0000] {processor.py:186} INFO - Started process (PID=94454) to work on /home/airflow/.local/lib/python3.12/site-packages/airflow/example_dags/example_dag_decorator.py
[2026-04-25T11:21:58.052+0000] {processor.py:914} INFO - Processing file /home/airflow/.local/lib/python3.12/site-packages/airflow/example_dags/example_dag_decorator.py for tasks to queue
[2026-04-25T11:21:58.054+0000] {logging_mixin.py:190} INFO - [2026-04-25T11:21:58.053+0000] {dagbag.py:588} INFO - Filling up the DagBag from /home/airflow/.local/lib/python3.12/site-packages/airflow/example_dags/example_dag_decorator.py
[2026-04-25T11:21:58.169+0000] {processor.py:925} INFO - DAG(s) 'example_dag_decorator' retrieved from /home/airflow/.local/lib/python3.12/site-packages/airflow/example_dags/example_dag_decorator.py
[2026-04-25T11:21:58.209+0000] {logging_mixin.py:190} INFO - [2026-04-25T11:21:58.208+0000] {dag.py:3239} INFO - Sync 1 DAGs
[2026-04-25T11:21:58.212+0000] {logging_mixin.py:190} INFO - [2026-04-25T11:21:58.212+0000] {dag.py:4180} INFO - Setting next_dagrun for example_dag_decorator to None, run_after=None
[2026-04-25T11:21:58.220+0000] {processor.py:208} INFO - Processing /home/airflow/.local/lib/python3.12/site-packages/airflow/example_dags/example_dag_decorator.py took 0.171 seconds
[2026-04-25T11:41:11.633+0000] {processor.py:186} INFO - Started process (PID=94518) to work on /home/airflow/.local/lib/python3.12/site-packages/airflow/example_dags/example_dag_decorator.py
[2026-04-25T11:41:11.634+0000] {processor.py:914} INFO - Processing file /home/airflow/.local/lib/python3.12/site-packages/airflow/example_dags/example_dag_decorator.py for tasks to queue
[2026-04-25T11:41:11.635+0000] {logging_mixin.py:190} INFO - [2026-04-25T11:41:11.635+0000] {dagbag.py:588} INFO - Filling up the DagBag from /home/airflow/.local/lib/python3.12/site-packages/airflow/example_dags/example_dag_decorator.py
[2026-04-25T11:41:11.759+0000] {processor.py:925} INFO - DAG(s) 'example_dag_decorator' retrieved from /home/airflow/.local/lib/python3.12/site-packages/airflow/example_dags/example_dag_decorator.py
[2026-04-25T11:41:11.800+0000] {logging_mixin.py:190} INFO - [2026-04-25T11:41:11.800+0000] {dag.py:3239} INFO - Sync 1 DAGs
[2026-04-25T11:41:11.804+0000] {logging_mixin.py:190} INFO - [2026-04-25T11:41:11.804+0000] {dag.py:4180} INFO - Setting next_dagrun for example_dag_decorator to None, run_after=None
[2026-04-25T11:41:11.811+0000] {processor.py:208} INFO - Processing /home/airflow/.local/lib/python3.12/site-packages/airflow/example_dags/example_dag_decorator.py took 0.180 seconds
[2026-04-25T11:41:42.276+0000] {processor.py:186} INFO - Started process (PID=94584) to work on /home/airflow/.local/lib/python3.12/site-packages/airflow/example_dags/example_dag_decorator.py
[2026-04-25T11:41:42.276+0000] {processor.py:914} INFO - Processing file /home/airflow/.local/lib/python3.12/site-packages/airflow/example_dags/example_dag_decorator.py for tasks to queue
[2026-04-25T11:41:42.277+0000] {logging_mixin.py:190} INFO - [2026-04-25T11:41:42.277+0000] {dagbag.py:588} INFO - Filling up the DagBag from /home/airflow/.local/lib/python3.12/site-packages/airflow/example_dags/example_dag_decorator.py
[2026-04-25T11:41:42.384+0000] {processor.py:925} INFO - DAG(s) 'example_dag_decorator' retrieved from /home/airflow/.local/lib/python3.12/site-packages/airflow/example_dags/example_dag_decorator.py
[2026-04-25T11:41:42.425+0000] {logging_mixin.py:190} INFO - [2026-04-25T11:41:42.425+0000] {dag.py:3239} INFO - Sync 1 DAGs
[2026-04-25T11:41:42.429+0000] {logging_mixin.py:190} INFO - [2026-04-25T11:41:42.429+0000] {dag.py:4180} INFO - Setting next_dagrun for example_dag_decorator to None, run_after=None
[2026-04-25T11:41:42.436+0000] {processor.py:208} INFO - Processing /home/airflow/.local/lib/python3.12/site-packages/airflow/example_dags/example_dag_decorator.py took 0.163 seconds
[2026-04-25T11:58:10.272+0000] {processor.py:186} INFO - Started process (PID=94646) to work on /home/airflow/.local/lib/python3.12/site-packages/airflow/example_dags/example_dag_decorator.py
[2026-04-25T11:58:10.273+0000] {processor.py:914} INFO - Processing file /home/airflow/.local/lib/python3.12/site-packages/airflow/example_dags/example_dag_decorator.py for tasks to queue
[2026-04-25T11:58:10.274+0000] {logging_mixin.py:190} INFO - [2026-04-25T11:58:10.274+0000] {dagbag.py:588} INFO - Filling up the DagBag from /home/airflow/.local/lib/python3.12/site-packages/airflow/example_dags/example_dag_decorator.py
[2026-04-25T11:58:10.381+0000] {processor.py:925} INFO - DAG(s) 'example_dag_decorator' retrieved from /home/airflow/.local/lib/python3.12/site-packages/airflow/example_dags/example_dag_decorator.py
[2026-04-25T11:58:10.418+0000] {logging_mixin.py:190} INFO - [2026-04-25T11:58:10.418+0000] {dag.py:3239} INFO - Sync 1 DAGs
[2026-04-25T11:58:10.422+0000] {logging_mixin.py:190} INFO - [2026-04-25T11:58:10.422+0000] {dag.py:4180} INFO - Setting next_dagrun for example_dag_decorator to None, run_after=None
[2026-04-25T11:58:10.431+0000] {processor.py:208} INFO - Processing /home/airflow/.local/lib/python3.12/site-packages/airflow/example_dags/example_dag_decorator.py took 0.161 seconds
[2026-04-25T12:05:22.509+0000] {processor.py:186} INFO - Started process (PID=94710) to work on /home/airflow/.local/lib/python3.12/site-packages/airflow/example_dags/example_dag_decorator.py
[2026-04-25T12:05:22.509+0000] {processor.py:914} INFO - Processing file /home/airflow/.local/lib/python3.12/site-packages/airflow/example_dags/example_dag_decorator.py for tasks to queue
[2026-04-25T12:05:22.510+0000] {logging_mixin.py:190} INFO - [2026-04-25T12:05:22.510+0000] {dagbag.py:588} INFO - Filling up the DagBag from /home/airflow/.local/lib/python3.12/site-packages/airflow/example_dags/example_dag_decorator.py
[2026-04-25T12:05:22.619+0000] {processor.py:925} INFO - DAG(s) 'example_dag_decorator' retrieved from /home/airflow/.local/lib/python3.12/site-packages/airflow/example_dags/example_dag_decorator.py
[2026-04-25T12:05:22.662+0000] {logging_mixin.py:190} INFO - [2026-04-25T12:05:22.662+0000] {dag.py:3239} INFO - Sync 1 DAGs
[2026-04-25T12:05:22.666+0000] {logging_mixin.py:190} INFO - [2026-04-25T12:05:22.666+0000] {dag.py:4180} INFO - Setting next_dagrun for example_dag_decorator to None, run_after=None
[2026-04-25T12:05:22.676+0000] {processor.py:208} INFO - Processing /home/airflow/.local/lib/python3.12/site-packages/airflow/example_dags/example_dag_decorator.py took 0.169 seconds
[2026-04-25T12:05:53.367+0000] {processor.py:186} INFO - Started process (PID=94774) to work on /home/airflow/.local/lib/python3.12/site-packages/airflow/example_dags/example_dag_decorator.py
[2026-04-25T12:05:53.367+0000] {processor.py:914} INFO - Processing file /home/airflow/.local/lib/python3.12/site-packages/airflow/example_dags/example_dag_decorator.py for tasks to queue
[2026-04-25T12:05:53.368+0000] {logging_mixin.py:190} INFO - [2026-04-25T12:05:53.368+0000] {dagbag.py:588} INFO - Filling up the DagBag from /home/airflow/.local/lib/python3.12/site-packages/airflow/example_dags/example_dag_decorator.py
[2026-04-25T12:05:53.468+0000] {processor.py:925} INFO - DAG(s) 'example_dag_decorator' retrieved from /home/airflow/.local/lib/python3.12/site-packages/airflow/example_dags/example_dag_decorator.py
[2026-04-25T12:05:53.498+0000] {logging_mixin.py:190} INFO - [2026-04-25T12:05:53.498+0000] {dag.py:3239} INFO - Sync 1 DAGs
[2026-04-25T12:05:53.501+0000] {logging_mixin.py:190} INFO - [2026-04-25T12:05:53.501+0000] {dag.py:4180} INFO - Setting next_dagrun for example_dag_decorator to None, run_after=None
[2026-04-25T12:05:53.508+0000] {processor.py:208} INFO - Processing /home/airflow/.local/lib/python3.12/site-packages/airflow/example_dags/example_dag_decorator.py took 0.144 seconds
[2026-04-25T12:22:25.180+0000] {processor.py:186} INFO - Started process (PID=94838) to work on /home/airflow/.local/lib/python3.12/site-packages/airflow/example_dags/example_dag_decorator.py
[2026-04-25T12:22:25.181+0000] {processor.py:914} INFO - Processing file /home/airflow/.local/lib/python3.12/site-packages/airflow/example_dags/example_dag_decorator.py for tasks to queue
[2026-04-25T12:22:25.182+0000] {logging_mixin.py:190} INFO - [2026-04-25T12:22:25.182+0000] {dagbag.py:588} INFO - Filling up the DagBag from /home/airflow/.local/lib/python3.12/site-packages/airflow/example_dags/example_dag_decorator.py
[2026-04-25T12:22:25.281+0000] {processor.py:925} INFO - DAG(s) 'example_dag_decorator' retrieved from /home/airflow/.local/lib/python3.12/site-packages/airflow/example_dags/example_dag_decorator.py
[2026-04-25T12:22:25.311+0000] {logging_mixin.py:190} INFO - [2026-04-25T12:22:25.311+0000] {dag.py:3239} INFO - Sync 1 DAGs
[2026-04-25T12:22:25.315+0000] {logging_mixin.py:190} INFO - [2026-04-25T12:22:25.314+0000] {dag.py:4180} INFO - Setting next_dagrun for example_dag_decorator to None, run_after=None
[2026-04-25T12:22:25.320+0000] {processor.py:208} INFO - Processing /home/airflow/.local/lib/python3.12/site-packages/airflow/example_dags/example_dag_decorator.py took 0.142 seconds
[2026-04-25T12:41:27.651+0000] {processor.py:186} INFO - Started process (PID=94902) to work on /home/airflow/.local/lib/python3.12/site-packages/airflow/example_dags/example_dag_decorator.py
[2026-04-25T12:41:27.652+0000] {processor.py:914} INFO - Processing file /home/airflow/.local/lib/python3.12/site-packages/airflow/example_dags/example_dag_decorator.py for tasks to queue
[2026-04-25T12:41:27.653+0000] {logging_mixin.py:190} INFO - [2026-04-25T12:41:27.653+0000] {dagbag.py:588} INFO - Filling up the DagBag from /home/airflow/.local/lib/python3.12/site-packages/airflow/example_dags/example_dag_decorator.py
[2026-04-25T12:41:27.691+0000] {processor.py:925} INFO - DAG(s) 'example_dag_decorator' retrieved from /home/airflow/.local/lib/python3.12/site-packages/airflow/example_dags/example_dag_decorator.py
[2026-04-25T12:41:27.729+0000] {logging_mixin.py:190} INFO - [2026-04-25T12:41:27.729+0000] {dag.py:3239} INFO - Sync 1 DAGs
[2026-04-25T12:41:27.734+0000] {logging_mixin.py:190} INFO - [2026-04-25T12:41:27.734+0000] {dag.py:4180} INFO - Setting next_dagrun for example_dag_decorator to None, run_after=None
[2026-04-25T12:41:27.744+0000] {processor.py:208} INFO - Processing /home/airflow/.local/lib/python3.12/site-packages/airflow/example_dags/example_dag_decorator.py took 0.095 seconds
[2026-04-25T12:41:58.612+0000] {processor.py:186} INFO - Started process (PID=94966) to work on /home/airflow/.local/lib/python3.12/site-packages/airflow/example_dags/example_dag_decorator.py
[2026-04-25T12:41:58.612+0000] {processor.py:914} INFO - Processing file /home/airflow/.local/lib/python3.12/site-packages/airflow/example_dags/example_dag_decorator.py for tasks to queue
[2026-04-25T12:41:58.613+0000] {logging_mixin.py:190} INFO - [2026-04-25T12:41:58.613+0000] {dagbag.py:588} INFO - Filling up the DagBag from /home/airflow/.local/lib/python3.12/site-packages/airflow/example_dags/example_dag_decorator.py
[2026-04-25T12:41:58.646+0000] {processor.py:925} INFO - DAG(s) 'example_dag_decorator' retrieved from /home/airflow/.local/lib/python3.12/site-packages/airflow/example_dags/example_dag_decorator.py
[2026-04-25T12:41:58.689+0000] {logging_mixin.py:190} INFO - [2026-04-25T12:41:58.689+0000] {dag.py:3239} INFO - Sync 1 DAGs
[2026-04-25T12:41:58.693+0000] {logging_mixin.py:190} INFO - [2026-04-25T12:41:58.693+0000] {dag.py:4180} INFO - Setting next_dagrun for example_dag_decorator to None, run_after=None
[2026-04-25T12:41:58.701+0000] {processor.py:208} INFO - Processing /home/airflow/.local/lib/python3.12/site-packages/airflow/example_dags/example_dag_decorator.py took 0.091 seconds
[2026-04-25T12:59:47.623+0000] {processor.py:186} INFO - Started process (PID=95030) to work on /home/airflow/.local/lib/python3.12/site-packages/airflow/example_dags/example_dag_decorator.py
[2026-04-25T12:59:47.624+0000] {processor.py:914} INFO - Processing file /home/airflow/.local/lib/python3.12/site-packages/airflow/example_dags/example_dag_decorator.py for tasks to queue
[2026-04-25T12:59:47.625+0000] {logging_mixin.py:190} INFO - [2026-04-25T12:59:47.625+0000] {dagbag.py:588} INFO - Filling up the DagBag from /home/airflow/.local/lib/python3.12/site-packages/airflow/example_dags/example_dag_decorator.py
[2026-04-25T12:59:47.666+0000] {processor.py:925} INFO - DAG(s) 'example_dag_decorator' retrieved from /home/airflow/.local/lib/python3.12/site-packages/airflow/example_dags/example_dag_decorator.py
[2026-04-25T12:59:47.708+0000] {logging_mixin.py:190} INFO - [2026-04-25T12:59:47.708+0000] {dag.py:3239} INFO - Sync 1 DAGs
[2026-04-25T12:59:47.711+0000] {logging_mixin.py:190} INFO - [2026-04-25T12:59:47.711+0000] {dag.py:4180} INFO - Setting next_dagrun for example_dag_decorator to None, run_after=None
[2026-04-25T12:59:47.719+0000] {processor.py:208} INFO - Processing /home/airflow/.local/lib/python3.12/site-packages/airflow/example_dags/example_dag_decorator.py took 0.098 seconds
[2026-04-25T13:00:18.594+0000] {processor.py:186} INFO - Started process (PID=95094) to work on /home/airflow/.local/lib/python3.12/site-packages/airflow/example_dags/example_dag_decorator.py
[2026-04-25T13:00:18.594+0000] {processor.py:914} INFO - Processing file /home/airflow/.local/lib/python3.12/site-packages/airflow/example_dags/example_dag_decorator.py for tasks to queue
[2026-04-25T13:00:18.595+0000] {logging_mixin.py:190} INFO - [2026-04-25T13:00:18.595+0000] {dagbag.py:588} INFO - Filling up the DagBag from /home/airflow/.local/lib/python3.12/site-packages/airflow/example_dags/example_dag_decorator.py
[2026-04-25T13:00:18.634+0000] {processor.py:925} INFO - DAG(s) 'example_dag_decorator' retrieved from /home/airflow/.local/lib/python3.12/site-packages/airflow/example_dags/example_dag_decorator.py
[2026-04-25T13:00:18.678+0000] {logging_mixin.py:190} INFO - [2026-04-25T13:00:18.678+0000] {dag.py:3239} INFO - Sync 1 DAGs
[2026-04-25T13:00:18.682+0000] {logging_mixin.py:190} INFO - [2026-04-25T13:00:18.682+0000] {dag.py:4180} INFO - Setting next_dagrun for example_dag_decorator to None, run_after=None
[2026-04-25T13:00:18.689+0000] {processor.py:208} INFO - Processing /home/airflow/.local/lib/python3.12/site-packages/airflow/example_dags/example_dag_decorator.py took 0.097 seconds
[2026-04-25T13:06:34.955+0000] {processor.py:186} INFO - Started process (PID=95158) to work on /home/airflow/.local/lib/python3.12/site-packages/airflow/example_dags/example_dag_decorator.py
[2026-04-25T13:06:34.956+0000] {processor.py:914} INFO - Processing file /home/airflow/.local/lib/python3.12/site-packages/airflow/example_dags/example_dag_decorator.py for tasks to queue
[2026-04-25T13:06:34.957+0000] {logging_mixin.py:190} INFO - [2026-04-25T13:06:34.957+0000] {dagbag.py:588} INFO - Filling up the DagBag from /home/airflow/.local/lib/python3.12/site-packages/airflow/example_dags/example_dag_decorator.py
[2026-04-25T13:06:34.991+0000] {processor.py:925} INFO - DAG(s) 'example_dag_decorator' retrieved from /home/airflow/.local/lib/python3.12/site-packages/airflow/example_dags/example_dag_decorator.py
[2026-04-25T13:06:35.032+0000] {logging_mixin.py:190} INFO - [2026-04-25T13:06:35.032+0000] {dag.py:3239} INFO - Sync 1 DAGs
[2026-04-25T13:06:35.036+0000] {logging_mixin.py:190} INFO - [2026-04-25T13:06:35.036+0000] {dag.py:4180} INFO - Setting next_dagrun for example_dag_decorator to None, run_after=None
[2026-04-25T13:06:35.042+0000] {processor.py:208} INFO - Processing /home/airflow/.local/lib/python3.12/site-packages/airflow/example_dags/example_dag_decorator.py took 0.089 seconds
[2026-04-25T13:24:07.341+0000] {processor.py:186} INFO - Started process (PID=95222) to work on /home/airflow/.local/lib/python3.12/site-packages/airflow/example_dags/example_dag_decorator.py
[2026-04-25T13:24:07.342+0000] {processor.py:914} INFO - Processing file /home/airflow/.local/lib/python3.12/site-packages/airflow/example_dags/example_dag_decorator.py for tasks to queue
[2026-04-25T13:24:07.343+0000] {logging_mixin.py:190} INFO - [2026-04-25T13:24:07.343+0000] {dagbag.py:588} INFO - Filling up the DagBag from /home/airflow/.local/lib/python3.12/site-packages/airflow/example_dags/example_dag_decorator.py
[2026-04-25T13:24:07.391+0000] {processor.py:925} INFO - DAG(s) 'example_dag_decorator' retrieved from /home/airflow/.local/lib/python3.12/site-packages/airflow/example_dags/example_dag_decorator.py
[2026-04-25T13:24:07.437+0000] {logging_mixin.py:190} INFO - [2026-04-25T13:24:07.436+0000] {dag.py:3239} INFO - Sync 1 DAGs
[2026-04-25T13:24:07.441+0000] {logging_mixin.py:190} INFO - [2026-04-25T13:24:07.441+0000] {dag.py:4180} INFO - Setting next_dagrun for example_dag_decorator to None, run_after=None
[2026-04-25T13:24:07.453+0000] {processor.py:208} INFO - Processing /home/airflow/.local/lib/python3.12/site-packages/airflow/example_dags/example_dag_decorator.py took 0.117 seconds
[2026-04-25T13:25:25.555+0000] {processor.py:186} INFO - Started process (PID=95287) to work on /home/airflow/.local/lib/python3.12/site-packages/airflow/example_dags/example_dag_decorator.py
[2026-04-25T13:25:25.556+0000] {processor.py:914} INFO - Processing file /home/airflow/.local/lib/python3.12/site-packages/airflow/example_dags/example_dag_decorator.py for tasks to queue
[2026-04-25T13:25:25.557+0000] {logging_mixin.py:190} INFO - [2026-04-25T13:25:25.557+0000] {dagbag.py:588} INFO - Filling up the DagBag from /home/airflow/.local/lib/python3.12/site-packages/airflow/example_dags/example_dag_decorator.py
[2026-04-25T13:25:25.592+0000] {processor.py:925} INFO - DAG(s) 'example_dag_decorator' retrieved from /home/airflow/.local/lib/python3.12/site-packages/airflow/example_dags/example_dag_decorator.py
[2026-04-25T13:25:25.633+0000] {logging_mixin.py:190} INFO - [2026-04-25T13:25:25.633+0000] {dag.py:3239} INFO - Sync 1 DAGs
[2026-04-25T13:25:25.637+0000] {logging_mixin.py:190} INFO - [2026-04-25T13:25:25.637+0000] {dag.py:4180} INFO - Setting next_dagrun for example_dag_decorator to None, run_after=None
[2026-04-25T13:25:25.646+0000] {processor.py:208} INFO - Processing /home/airflow/.local/lib/python3.12/site-packages/airflow/example_dags/example_dag_decorator.py took 0.094 seconds
[2026-04-25T13:43:01.757+0000] {processor.py:186} INFO - Started process (PID=95351) to work on /home/airflow/.local/lib/python3.12/site-packages/airflow/example_dags/example_dag_decorator.py
[2026-04-25T13:43:01.757+0000] {processor.py:914} INFO - Processing file /home/airflow/.local/lib/python3.12/site-packages/airflow/example_dags/example_dag_decorator.py for tasks to queue
[2026-04-25T13:43:01.758+0000] {logging_mixin.py:190} INFO - [2026-04-25T13:43:01.758+0000] {dagbag.py:588} INFO - Filling up the DagBag from /home/airflow/.local/lib/python3.12/site-packages/airflow/example_dags/example_dag_decorator.py
[2026-04-25T13:43:01.793+0000] {processor.py:925} INFO - DAG(s) 'example_dag_decorator' retrieved from /home/airflow/.local/lib/python3.12/site-packages/airflow/example_dags/example_dag_decorator.py
[2026-04-25T13:43:01.802+0000] {logging_mixin.py:190} INFO - [2026-04-25T13:43:01.801+0000] {dag.py:3239} INFO - Sync 1 DAGs
[2026-04-25T13:43:01.806+0000] {logging_mixin.py:190} INFO - [2026-04-25T13:43:01.806+0000] {dag.py:4180} INFO - Setting next_dagrun for example_dag_decorator to None, run_after=None
[2026-04-25T13:43:01.812+0000] {processor.py:208} INFO - Processing /home/airflow/.local/lib/python3.12/site-packages/airflow/example_dags/example_dag_decorator.py took 0.058 seconds
[2026-04-25T13:59:44.190+0000] {processor.py:186} INFO - Started process (PID=95415) to work on /home/airflow/.local/lib/python3.12/site-packages/airflow/example_dags/example_dag_decorator.py
[2026-04-25T13:59:44.191+0000] {processor.py:914} INFO - Processing file /home/airflow/.local/lib/python3.12/site-packages/airflow/example_dags/example_dag_decorator.py for tasks to queue
[2026-04-25T13:59:44.192+0000] {logging_mixin.py:190} INFO - [2026-04-25T13:59:44.191+0000] {dagbag.py:588} INFO - Filling up the DagBag from /home/airflow/.local/lib/python3.12/site-packages/airflow/example_dags/example_dag_decorator.py
[2026-04-25T13:59:44.232+0000] {processor.py:925} INFO - DAG(s) 'example_dag_decorator' retrieved from /home/airflow/.local/lib/python3.12/site-packages/airflow/example_dags/example_dag_decorator.py
[2026-04-25T13:59:44.283+0000] {logging_mixin.py:190} INFO - [2026-04-25T13:59:44.283+0000] {dag.py:3239} INFO - Sync 1 DAGs
[2026-04-25T13:59:44.287+0000] {logging_mixin.py:190} INFO - [2026-04-25T13:59:44.287+0000] {dag.py:4180} INFO - Setting next_dagrun for example_dag_decorator to None, run_after=None
[2026-04-25T13:59:44.297+0000] {processor.py:208} INFO - Processing /home/airflow/.local/lib/python3.12/site-packages/airflow/example_dags/example_dag_decorator.py took 0.110 seconds
[2026-04-25T14:00:15.290+0000] {processor.py:186} INFO - Started process (PID=95479) to work on /home/airflow/.local/lib/python3.12/site-packages/airflow/example_dags/example_dag_decorator.py
[2026-04-25T14:00:15.290+0000] {processor.py:914} INFO - Processing file /home/airflow/.local/lib/python3.12/site-packages/airflow/example_dags/example_dag_decorator.py for tasks to queue
[2026-04-25T14:00:15.291+0000] {logging_mixin.py:190} INFO - [2026-04-25T14:00:15.291+0000] {dagbag.py:588} INFO - Filling up the DagBag from /home/airflow/.local/lib/python3.12/site-packages/airflow/example_dags/example_dag_decorator.py
[2026-04-25T14:00:15.337+0000] {processor.py:925} INFO - DAG(s) 'example_dag_decorator' retrieved from /home/airflow/.local/lib/python3.12/site-packages/airflow/example_dags/example_dag_decorator.py
[2026-04-25T14:00:15.385+0000] {logging_mixin.py:190} INFO - [2026-04-25T14:00:15.384+0000] {dag.py:3239} INFO - Sync 1 DAGs
[2026-04-25T14:00:15.390+0000] {logging_mixin.py:190} INFO - [2026-04-25T14:00:15.390+0000] {dag.py:4180} INFO - Setting next_dagrun for example_dag_decorator to None, run_after=None
[2026-04-25T14:00:15.400+0000] {processor.py:208} INFO - Processing /home/airflow/.local/lib/python3.12/site-packages/airflow/example_dags/example_dag_decorator.py took 0.113 seconds
[2026-04-25T14:07:27.192+0000] {processor.py:186} INFO - Started process (PID=95543) to work on /home/airflow/.local/lib/python3.12/site-packages/airflow/example_dags/example_dag_decorator.py
[2026-04-25T14:07:27.193+0000] {processor.py:914} INFO - Processing file /home/airflow/.local/lib/python3.12/site-packages/airflow/example_dags/example_dag_decorator.py for tasks to queue
[2026-04-25T14:07:27.194+0000] {logging_mixin.py:190} INFO - [2026-04-25T14:07:27.193+0000] {dagbag.py:588} INFO - Filling up the DagBag from /home/airflow/.local/lib/python3.12/site-packages/airflow/example_dags/example_dag_decorator.py
[2026-04-25T14:07:27.231+0000] {processor.py:925} INFO - DAG(s) 'example_dag_decorator' retrieved from /home/airflow/.local/lib/python3.12/site-packages/airflow/example_dags/example_dag_decorator.py
[2026-04-25T14:07:27.271+0000] {logging_mixin.py:190} INFO - [2026-04-25T14:07:27.271+0000] {dag.py:3239} INFO - Sync 1 DAGs
[2026-04-25T14:07:27.276+0000] {logging_mixin.py:190} INFO - [2026-04-25T14:07:27.276+0000] {dag.py:4180} INFO - Setting next_dagrun for example_dag_decorator to None, run_after=None
[2026-04-25T14:07:27.284+0000] {processor.py:208} INFO - Processing /home/airflow/.local/lib/python3.12/site-packages/airflow/example_dags/example_dag_decorator.py took 0.094 seconds
[2026-04-25T14:07:58.198+0000] {processor.py:186} INFO - Started process (PID=95607) to work on /home/airflow/.local/lib/python3.12/site-packages/airflow/example_dags/example_dag_decorator.py
[2026-04-25T14:07:58.199+0000] {processor.py:914} INFO - Processing file /home/airflow/.local/lib/python3.12/site-packages/airflow/example_dags/example_dag_decorator.py for tasks to queue
[2026-04-25T14:07:58.200+0000] {logging_mixin.py:190} INFO - [2026-04-25T14:07:58.200+0000] {dagbag.py:588} INFO - Filling up the DagBag from /home/airflow/.local/lib/python3.12/site-packages/airflow/example_dags/example_dag_decorator.py
[2026-04-25T14:07:58.236+0000] {processor.py:925} INFO - DAG(s) 'example_dag_decorator' retrieved from /home/airflow/.local/lib/python3.12/site-packages/airflow/example_dags/example_dag_decorator.py
[2026-04-25T14:07:58.273+0000] {logging_mixin.py:190} INFO - [2026-04-25T14:07:58.273+0000] {dag.py:3239} INFO - Sync 1 DAGs
[2026-04-25T14:07:58.277+0000] {logging_mixin.py:190} INFO - [2026-04-25T14:07:58.277+0000] {dag.py:4180} INFO - Setting next_dagrun for example_dag_decorator to None, run_after=None
[2026-04-25T14:07:58.285+0000] {processor.py:208} INFO - Processing /home/airflow/.local/lib/python3.12/site-packages/airflow/example_dags/example_dag_decorator.py took 0.089 seconds
[2026-04-25T14:25:33.068+0000] {processor.py:186} INFO - Started process (PID=95671) to work on /home/airflow/.local/lib/python3.12/site-packages/airflow/example_dags/example_dag_decorator.py
[2026-04-25T14:25:33.069+0000] {processor.py:914} INFO - Processing file /home/airflow/.local/lib/python3.12/site-packages/airflow/example_dags/example_dag_decorator.py for tasks to queue
[2026-04-25T14:25:33.070+0000] {logging_mixin.py:190} INFO - [2026-04-25T14:25:33.070+0000] {dagbag.py:588} INFO - Filling up the DagBag from /home/airflow/.local/lib/python3.12/site-packages/airflow/example_dags/example_dag_decorator.py
[2026-04-25T14:25:33.106+0000] {processor.py:925} INFO - DAG(s) 'example_dag_decorator' retrieved from /home/airflow/.local/lib/python3.12/site-packages/airflow/example_dags/example_dag_decorator.py
[2026-04-25T14:25:33.149+0000] {logging_mixin.py:190} INFO - [2026-04-25T14:25:33.149+0000] {dag.py:3239} INFO - Sync 1 DAGs
[2026-04-25T14:25:33.154+0000] {logging_mixin.py:190} INFO - [2026-04-25T14:25:33.154+0000] {dag.py:4180} INFO - Setting next_dagrun for example_dag_decorator to None, run_after=None
[2026-04-25T14:25:33.164+0000] {processor.py:208} INFO - Processing /home/airflow/.local/lib/python3.12/site-packages/airflow/example_dags/example_dag_decorator.py took 0.098 seconds
[2026-04-25T14:43:03.204+0000] {processor.py:186} INFO - Started process (PID=95735) to work on /home/airflow/.local/lib/python3.12/site-packages/airflow/example_dags/example_dag_decorator.py
[2026-04-25T14:43:03.204+0000] {processor.py:914} INFO - Processing file /home/airflow/.local/lib/python3.12/site-packages/airflow/example_dags/example_dag_decorator.py for tasks to queue
[2026-04-25T14:43:03.205+0000] {logging_mixin.py:190} INFO - [2026-04-25T14:43:03.205+0000] {dagbag.py:588} INFO - Filling up the DagBag from /home/airflow/.local/lib/python3.12/site-packages/airflow/example_dags/example_dag_decorator.py
[2026-04-25T14:43:03.243+0000] {processor.py:925} INFO - DAG(s) 'example_dag_decorator' retrieved from /home/airflow/.local/lib/python3.12/site-packages/airflow/example_dags/example_dag_decorator.py
[2026-04-25T14:43:03.287+0000] {logging_mixin.py:190} INFO - [2026-04-25T14:43:03.287+0000] {dag.py:3239} INFO - Sync 1 DAGs
[2026-04-25T14:43:03.291+0000] {logging_mixin.py:190} INFO - [2026-04-25T14:43:03.291+0000] {dag.py:4180} INFO - Setting next_dagrun for example_dag_decorator to None, run_after=None
[2026-04-25T14:43:03.298+0000] {processor.py:208} INFO - Processing /home/airflow/.local/lib/python3.12/site-packages/airflow/example_dags/example_dag_decorator.py took 0.097 seconds
[2026-04-25T14:44:22.875+0000] {processor.py:186} INFO - Started process (PID=95799) to work on /home/airflow/.local/lib/python3.12/site-packages/airflow/example_dags/example_dag_decorator.py
[2026-04-25T14:44:22.876+0000] {processor.py:914} INFO - Processing file /home/airflow/.local/lib/python3.12/site-packages/airflow/example_dags/example_dag_decorator.py for tasks to queue
[2026-04-25T14:44:22.877+0000] {logging_mixin.py:190} INFO - [2026-04-25T14:44:22.876+0000] {dagbag.py:588} INFO - Filling up the DagBag from /home/airflow/.local/lib/python3.12/site-packages/airflow/example_dags/example_dag_decorator.py
[2026-04-25T14:44:22.913+0000] {processor.py:925} INFO - DAG(s) 'example_dag_decorator' retrieved from /home/airflow/.local/lib/python3.12/site-packages/airflow/example_dags/example_dag_decorator.py
[2026-04-25T14:44:22.923+0000] {logging_mixin.py:190} INFO - [2026-04-25T14:44:22.923+0000] {dag.py:3239} INFO - Sync 1 DAGs
[2026-04-25T14:44:22.929+0000] {logging_mixin.py:190} INFO - [2026-04-25T14:44:22.929+0000] {dag.py:4180} INFO - Setting next_dagrun for example_dag_decorator to None, run_after=None
[2026-04-25T14:44:22.942+0000] {processor.py:208} INFO - Processing /home/airflow/.local/lib/python3.12/site-packages/airflow/example_dags/example_dag_decorator.py took 0.068 seconds
[2026-04-25T15:01:54.801+0000] {processor.py:186} INFO - Started process (PID=95863) to work on /home/airflow/.local/lib/python3.12/site-packages/airflow/example_dags/example_dag_decorator.py
[2026-04-25T15:01:54.802+0000] {processor.py:914} INFO - Processing file /home/airflow/.local/lib/python3.12/site-packages/airflow/example_dags/example_dag_decorator.py for tasks to queue
[2026-04-25T15:01:54.803+0000] {logging_mixin.py:190} INFO - [2026-04-25T15:01:54.803+0000] {dagbag.py:588} INFO - Filling up the DagBag from /home/airflow/.local/lib/python3.12/site-packages/airflow/example_dags/example_dag_decorator.py
[2026-04-25T15:01:54.846+0000] {processor.py:925} INFO - DAG(s) 'example_dag_decorator' retrieved from /home/airflow/.local/lib/python3.12/site-packages/airflow/example_dags/example_dag_decorator.py
[2026-04-25T15:01:54.887+0000] {logging_mixin.py:190} INFO - [2026-04-25T15:01:54.887+0000] {dag.py:3239} INFO - Sync 1 DAGs
[2026-04-25T15:01:54.892+0000] {logging_mixin.py:190} INFO - [2026-04-25T15:01:54.892+0000] {dag.py:4180} INFO - Setting next_dagrun for example_dag_decorator to None, run_after=None
[2026-04-25T15:01:54.899+0000] {processor.py:208} INFO - Processing /home/airflow/.local/lib/python3.12/site-packages/airflow/example_dags/example_dag_decorator.py took 0.101 seconds
[2026-04-25T15:02:25.995+0000] {processor.py:186} INFO - Started process (PID=95927) to work on /home/airflow/.local/lib/python3.12/site-packages/airflow/example_dags/example_dag_decorator.py
[2026-04-25T15:02:25.996+0000] {processor.py:914} INFO - Processing file /home/airflow/.local/lib/python3.12/site-packages/airflow/example_dags/example_dag_decorator.py for tasks to queue
[2026-04-25T15:02:25.997+0000] {logging_mixin.py:190} INFO - [2026-04-25T15:02:25.997+0000] {dagbag.py:588} INFO - Filling up the DagBag from /home/airflow/.local/lib/python3.12/site-packages/airflow/example_dags/example_dag_decorator.py
[2026-04-25T15:02:26.032+0000] {processor.py:925} INFO - DAG(s) 'example_dag_decorator' retrieved from /home/airflow/.local/lib/python3.12/site-packages/airflow/example_dags/example_dag_decorator.py
[2026-04-25T15:02:26.070+0000] {logging_mixin.py:190} INFO - [2026-04-25T15:02:26.070+0000] {dag.py:3239} INFO - Sync 1 DAGs
[2026-04-25T15:02:26.074+0000] {logging_mixin.py:190} INFO - [2026-04-25T15:02:26.074+0000] {dag.py:4180} INFO - Setting next_dagrun for example_dag_decorator to None, run_after=None
[2026-04-25T15:02:26.081+0000] {processor.py:208} INFO - Processing /home/airflow/.local/lib/python3.12/site-packages/airflow/example_dags/example_dag_decorator.py took 0.088 seconds
[2026-04-25T15:08:33.649+0000] {processor.py:186} INFO - Started process (PID=95991) to work on /home/airflow/.local/lib/python3.12/site-packages/airflow/example_dags/example_dag_decorator.py
[2026-04-25T15:08:33.649+0000] {processor.py:914} INFO - Processing file /home/airflow/.local/lib/python3.12/site-packages/airflow/example_dags/example_dag_decorator.py for tasks to queue
[2026-04-25T15:08:33.650+0000] {logging_mixin.py:190} INFO - [2026-04-25T15:08:33.650+0000] {dagbag.py:588} INFO - Filling up the DagBag from /home/airflow/.local/lib/python3.12/site-packages/airflow/example_dags/example_dag_decorator.py
[2026-04-25T15:08:33.689+0000] {processor.py:925} INFO - DAG(s) 'example_dag_decorator' retrieved from /home/airflow/.local/lib/python3.12/site-packages/airflow/example_dags/example_dag_decorator.py
[2026-04-25T15:08:33.739+0000] {logging_mixin.py:190} INFO - [2026-04-25T15:08:33.739+0000] {dag.py:3239} INFO - Sync 1 DAGs
[2026-04-25T15:08:33.744+0000] {logging_mixin.py:190} INFO - [2026-04-25T15:08:33.744+0000] {dag.py:4180} INFO - Setting next_dagrun for example_dag_decorator to None, run_after=None
[2026-04-25T15:08:33.757+0000] {processor.py:208} INFO - Processing /home/airflow/.local/lib/python3.12/site-packages/airflow/example_dags/example_dag_decorator.py took 0.111 seconds
[2026-04-25T15:24:50.734+0000] {processor.py:186} INFO - Started process (PID=96055) to work on /home/airflow/.local/lib/python3.12/site-packages/airflow/example_dags/example_dag_decorator.py
[2026-04-25T15:24:50.735+0000] {processor.py:914} INFO - Processing file /home/airflow/.local/lib/python3.12/site-packages/airflow/example_dags/example_dag_decorator.py for tasks to queue
[2026-04-25T15:24:50.737+0000] {logging_mixin.py:190} INFO - [2026-04-25T15:24:50.737+0000] {dagbag.py:588} INFO - Filling up the DagBag from /home/airflow/.local/lib/python3.12/site-packages/airflow/example_dags/example_dag_decorator.py
[2026-04-25T15:24:50.775+0000] {processor.py:925} INFO - DAG(s) 'example_dag_decorator' retrieved from /home/airflow/.local/lib/python3.12/site-packages/airflow/example_dags/example_dag_decorator.py
[2026-04-25T15:24:50.814+0000] {logging_mixin.py:190} INFO - [2026-04-25T15:24:50.814+0000] {dag.py:3239} INFO - Sync 1 DAGs
[2026-04-25T15:24:50.819+0000] {logging_mixin.py:190} INFO - [2026-04-25T15:24:50.819+0000] {dag.py:4180} INFO - Setting next_dagrun for example_dag_decorator to None, run_after=None
[2026-04-25T15:24:50.829+0000] {processor.py:208} INFO - Processing /home/airflow/.local/lib/python3.12/site-packages/airflow/example_dags/example_dag_decorator.py took 0.097 seconds
[2026-04-25T15:26:00.564+0000] {processor.py:186} INFO - Started process (PID=96119) to work on /home/airflow/.local/lib/python3.12/site-packages/airflow/example_dags/example_dag_decorator.py
[2026-04-25T15:26:00.564+0000] {processor.py:914} INFO - Processing file /home/airflow/.local/lib/python3.12/site-packages/airflow/example_dags/example_dag_decorator.py for tasks to queue
[2026-04-25T15:26:00.565+0000] {logging_mixin.py:190} INFO - [2026-04-25T15:26:00.565+0000] {dagbag.py:588} INFO - Filling up the DagBag from /home/airflow/.local/lib/python3.12/site-packages/airflow/example_dags/example_dag_decorator.py
[2026-04-25T15:26:00.603+0000] {processor.py:925} INFO - DAG(s) 'example_dag_decorator' retrieved from /home/airflow/.local/lib/python3.12/site-packages/airflow/example_dags/example_dag_decorator.py
[2026-04-25T15:26:00.649+0000] {logging_mixin.py:190} INFO - [2026-04-25T15:26:00.648+0000] {dag.py:3239} INFO - Sync 1 DAGs
[2026-04-25T15:26:00.653+0000] {logging_mixin.py:190} INFO - [2026-04-25T15:26:00.653+0000] {dag.py:4180} INFO - Setting next_dagrun for example_dag_decorator to None, run_after=None
[2026-04-25T15:26:00.663+0000] {processor.py:208} INFO - Processing /home/airflow/.local/lib/python3.12/site-packages/airflow/example_dags/example_dag_decorator.py took 0.102 seconds
[2026-04-25T15:45:15.851+0000] {processor.py:186} INFO - Started process (PID=96184) to work on /home/airflow/.local/lib/python3.12/site-packages/airflow/example_dags/example_dag_decorator.py
[2026-04-25T15:45:15.852+0000] {processor.py:914} INFO - Processing file /home/airflow/.local/lib/python3.12/site-packages/airflow/example_dags/example_dag_decorator.py for tasks to queue
[2026-04-25T15:45:15.853+0000] {logging_mixin.py:190} INFO - [2026-04-25T15:45:15.852+0000] {dagbag.py:588} INFO - Filling up the DagBag from /home/airflow/.local/lib/python3.12/site-packages/airflow/example_dags/example_dag_decorator.py
[2026-04-25T15:45:15.890+0000] {processor.py:925} INFO - DAG(s) 'example_dag_decorator' retrieved from /home/airflow/.local/lib/python3.12/site-packages/airflow/example_dags/example_dag_decorator.py
[2026-04-25T15:45:15.898+0000] {logging_mixin.py:190} INFO - [2026-04-25T15:45:15.898+0000] {dag.py:3239} INFO - Sync 1 DAGs
[2026-04-25T15:45:15.903+0000] {logging_mixin.py:190} INFO - [2026-04-25T15:45:15.903+0000] {dag.py:4180} INFO - Setting next_dagrun for example_dag_decorator to None, run_after=None
[2026-04-25T15:45:15.915+0000] {processor.py:208} INFO - Processing /home/airflow/.local/lib/python3.12/site-packages/airflow/example_dags/example_dag_decorator.py took 0.066 seconds
[2026-04-25T15:45:46.313+0000] {processor.py:186} INFO - Started process (PID=96248) to work on /home/airflow/.local/lib/python3.12/site-packages/airflow/example_dags/example_dag_decorator.py
[2026-04-25T15:45:46.316+0000] {processor.py:914} INFO - Processing file /home/airflow/.local/lib/python3.12/site-packages/airflow/example_dags/example_dag_decorator.py for tasks to queue
[2026-04-25T15:45:46.317+0000] {logging_mixin.py:190} INFO - [2026-04-25T15:45:46.317+0000] {dagbag.py:588} INFO - Filling up the DagBag from /home/airflow/.local/lib/python3.12/site-packages/airflow/example_dags/example_dag_decorator.py
[2026-04-25T15:45:46.352+0000] {processor.py:925} INFO - DAG(s) 'example_dag_decorator' retrieved from /home/airflow/.local/lib/python3.12/site-packages/airflow/example_dags/example_dag_decorator.py
[2026-04-25T15:45:46.404+0000] {logging_mixin.py:190} INFO - [2026-04-25T15:45:46.404+0000] {dag.py:3239} INFO - Sync 1 DAGs
[2026-04-25T15:45:46.409+0000] {logging_mixin.py:190} INFO - [2026-04-25T15:45:46.409+0000] {dag.py:4180} INFO - Setting next_dagrun for example_dag_decorator to None, run_after=None
[2026-04-25T15:45:46.417+0000] {processor.py:208} INFO - Processing /home/airflow/.local/lib/python3.12/site-packages/airflow/example_dags/example_dag_decorator.py took 0.107 seconds
[2026-04-25T16:03:50.447+0000] {processor.py:186} INFO - Started process (PID=96312) to work on /home/airflow/.local/lib/python3.12/site-packages/airflow/example_dags/example_dag_decorator.py
[2026-04-25T16:03:50.448+0000] {processor.py:914} INFO - Processing file /home/airflow/.local/lib/python3.12/site-packages/airflow/example_dags/example_dag_decorator.py for tasks to queue
[2026-04-25T16:03:50.449+0000] {logging_mixin.py:190} INFO - [2026-04-25T16:03:50.448+0000] {dagbag.py:588} INFO - Filling up the DagBag from /home/airflow/.local/lib/python3.12/site-packages/airflow/example_dags/example_dag_decorator.py
[2026-04-25T16:03:50.482+0000] {processor.py:925} INFO - DAG(s) 'example_dag_decorator' retrieved from /home/airflow/.local/lib/python3.12/site-packages/airflow/example_dags/example_dag_decorator.py
[2026-04-25T16:03:50.522+0000] {logging_mixin.py:190} INFO - [2026-04-25T16:03:50.522+0000] {dag.py:3239} INFO - Sync 1 DAGs
[2026-04-25T16:03:50.526+0000] {logging_mixin.py:190} INFO - [2026-04-25T16:03:50.526+0000] {dag.py:4180} INFO - Setting next_dagrun for example_dag_decorator to None, run_after=None
[2026-04-25T16:03:50.535+0000] {processor.py:208} INFO - Processing /home/airflow/.local/lib/python3.12/site-packages/airflow/example_dags/example_dag_decorator.py took 0.090 seconds
[2026-04-25T16:04:20.707+0000] {processor.py:186} INFO - Started process (PID=96376) to work on /home/airflow/.local/lib/python3.12/site-packages/airflow/example_dags/example_dag_decorator.py
[2026-04-25T16:04:20.710+0000] {processor.py:914} INFO - Processing file /home/airflow/.local/lib/python3.12/site-packages/airflow/example_dags/example_dag_decorator.py for tasks to queue
[2026-04-25T16:04:20.711+0000] {logging_mixin.py:190} INFO - [2026-04-25T16:04:20.711+0000] {dagbag.py:588} INFO - Filling up the DagBag from /home/airflow/.local/lib/python3.12/site-packages/airflow/example_dags/example_dag_decorator.py
[2026-04-25T16:04:20.743+0000] {processor.py:925} INFO - DAG(s) 'example_dag_decorator' retrieved from /home/airflow/.local/lib/python3.12/site-packages/airflow/example_dags/example_dag_decorator.py
[2026-04-25T16:04:20.779+0000] {logging_mixin.py:190} INFO - [2026-04-25T16:04:20.778+0000] {dag.py:3239} INFO - Sync 1 DAGs
[2026-04-25T16:04:20.782+0000] {logging_mixin.py:190} INFO - [2026-04-25T16:04:20.782+0000] {dag.py:4180} INFO - Setting next_dagrun for example_dag_decorator to None, run_after=None
[2026-04-25T16:04:20.788+0000] {processor.py:208} INFO - Processing /home/airflow/.local/lib/python3.12/site-packages/airflow/example_dags/example_dag_decorator.py took 0.084 seconds
[2026-04-25T16:09:38.900+0000] {processor.py:186} INFO - Started process (PID=96440) to work on /home/airflow/.local/lib/python3.12/site-packages/airflow/example_dags/example_dag_decorator.py
[2026-04-25T16:09:38.900+0000] {processor.py:914} INFO - Processing file /home/airflow/.local/lib/python3.12/site-packages/airflow/example_dags/example_dag_decorator.py for tasks to queue
[2026-04-25T16:09:38.901+0000] {logging_mixin.py:190} INFO - [2026-04-25T16:09:38.901+0000] {dagbag.py:588} INFO - Filling up the DagBag from /home/airflow/.local/lib/python3.12/site-packages/airflow/example_dags/example_dag_decorator.py
[2026-04-25T16:09:38.942+0000] {processor.py:925} INFO - DAG(s) 'example_dag_decorator' retrieved from /home/airflow/.local/lib/python3.12/site-packages/airflow/example_dags/example_dag_decorator.py
[2026-04-25T16:09:38.988+0000] {logging_mixin.py:190} INFO - [2026-04-25T16:09:38.987+0000] {dag.py:3239} INFO - Sync 1 DAGs
[2026-04-25T16:09:38.991+0000] {logging_mixin.py:190} INFO - [2026-04-25T16:09:38.991+0000] {dag.py:4180} INFO - Setting next_dagrun for example_dag_decorator to None, run_after=None
[2026-04-25T16:09:39.001+0000] {processor.py:208} INFO - Processing /home/airflow/.local/lib/python3.12/site-packages/airflow/example_dags/example_dag_decorator.py took 0.104 seconds
[2026-04-25T16:26:07.412+0000] {processor.py:186} INFO - Started process (PID=96504) to work on /home/airflow/.local/lib/python3.12/site-packages/airflow/example_dags/example_dag_decorator.py
[2026-04-25T16:26:07.412+0000] {processor.py:914} INFO - Processing file /home/airflow/.local/lib/python3.12/site-packages/airflow/example_dags/example_dag_decorator.py for tasks to queue
[2026-04-25T16:26:07.413+0000] {logging_mixin.py:190} INFO - [2026-04-25T16:26:07.413+0000] {dagbag.py:588} INFO - Filling up the DagBag from /home/airflow/.local/lib/python3.12/site-packages/airflow/example_dags/example_dag_decorator.py
[2026-04-25T16:26:07.448+0000] {processor.py:925} INFO - DAG(s) 'example_dag_decorator' retrieved from /home/airflow/.local/lib/python3.12/site-packages/airflow/example_dags/example_dag_decorator.py
[2026-04-25T16:26:07.483+0000] {logging_mixin.py:190} INFO - [2026-04-25T16:26:07.483+0000] {dag.py:3239} INFO - Sync 1 DAGs
[2026-04-25T16:26:07.486+0000] {logging_mixin.py:190} INFO - [2026-04-25T16:26:07.486+0000] {dag.py:4180} INFO - Setting next_dagrun for example_dag_decorator to None, run_after=None
[2026-04-25T16:26:07.492+0000] {processor.py:208} INFO - Processing /home/airflow/.local/lib/python3.12/site-packages/airflow/example_dags/example_dag_decorator.py took 0.083 seconds
[2026-04-25T16:26:37.763+0000] {processor.py:186} INFO - Started process (PID=96568) to work on /home/airflow/.local/lib/python3.12/site-packages/airflow/example_dags/example_dag_decorator.py
[2026-04-25T16:26:37.764+0000] {processor.py:914} INFO - Processing file /home/airflow/.local/lib/python3.12/site-packages/airflow/example_dags/example_dag_decorator.py for tasks to queue
[2026-04-25T16:26:37.765+0000] {logging_mixin.py:190} INFO - [2026-04-25T16:26:37.765+0000] {dagbag.py:588} INFO - Filling up the DagBag from /home/airflow/.local/lib/python3.12/site-packages/airflow/example_dags/example_dag_decorator.py
[2026-04-25T16:26:37.801+0000] {processor.py:925} INFO - DAG(s) 'example_dag_decorator' retrieved from /home/airflow/.local/lib/python3.12/site-packages/airflow/example_dags/example_dag_decorator.py
[2026-04-25T16:26:37.839+0000] {logging_mixin.py:190} INFO - [2026-04-25T16:26:37.839+0000] {dag.py:3239} INFO - Sync 1 DAGs
[2026-04-25T16:26:37.843+0000] {logging_mixin.py:190} INFO - [2026-04-25T16:26:37.843+0000] {dag.py:4180} INFO - Setting next_dagrun for example_dag_decorator to None, run_after=None
[2026-04-25T16:26:37.852+0000] {processor.py:208} INFO - Processing /home/airflow/.local/lib/python3.12/site-packages/airflow/example_dags/example_dag_decorator.py took 0.091 seconds
[2026-04-25T17:00:48.626+0000] {processor.py:186} INFO - Started process (PID=96632) to work on /home/airflow/.local/lib/python3.12/site-packages/airflow/example_dags/example_dag_decorator.py
[2026-04-25T17:00:48.627+0000] {processor.py:914} INFO - Processing file /home/airflow/.local/lib/python3.12/site-packages/airflow/example_dags/example_dag_decorator.py for tasks to queue
[2026-04-25T17:00:48.628+0000] {logging_mixin.py:190} INFO - [2026-04-25T17:00:48.628+0000] {dagbag.py:588} INFO - Filling up the DagBag from /home/airflow/.local/lib/python3.12/site-packages/airflow/example_dags/example_dag_decorator.py
[2026-04-25T17:00:48.667+0000] {processor.py:925} INFO - DAG(s) 'example_dag_decorator' retrieved from /home/airflow/.local/lib/python3.12/site-packages/airflow/example_dags/example_dag_decorator.py
[2026-04-25T17:00:48.711+0000] {logging_mixin.py:190} INFO - [2026-04-25T17:00:48.711+0000] {dag.py:3239} INFO - Sync 1 DAGs
[2026-04-25T17:00:48.716+0000] {logging_mixin.py:190} INFO - [2026-04-25T17:00:48.716+0000] {dag.py:4180} INFO - Setting next_dagrun for example_dag_decorator to None, run_after=None
[2026-04-25T17:00:48.725+0000] {processor.py:208} INFO - Processing /home/airflow/.local/lib/python3.12/site-packages/airflow/example_dags/example_dag_decorator.py took 0.102 seconds
[2026-04-25T17:01:18.878+0000] {processor.py:186} INFO - Started process (PID=96696) to work on /home/airflow/.local/lib/python3.12/site-packages/airflow/example_dags/example_dag_decorator.py
[2026-04-25T17:01:18.881+0000] {processor.py:914} INFO - Processing file /home/airflow/.local/lib/python3.12/site-packages/airflow/example_dags/example_dag_decorator.py for tasks to queue
[2026-04-25T17:01:18.882+0000] {logging_mixin.py:190} INFO - [2026-04-25T17:01:18.882+0000] {dagbag.py:588} INFO - Filling up the DagBag from /home/airflow/.local/lib/python3.12/site-packages/airflow/example_dags/example_dag_decorator.py
[2026-04-25T17:01:18.910+0000] {processor.py:925} INFO - DAG(s) 'example_dag_decorator' retrieved from /home/airflow/.local/lib/python3.12/site-packages/airflow/example_dags/example_dag_decorator.py
[2026-04-25T17:01:18.944+0000] {logging_mixin.py:190} INFO - [2026-04-25T17:01:18.943+0000] {dag.py:3239} INFO - Sync 1 DAGs
[2026-04-25T17:01:18.947+0000] {logging_mixin.py:190} INFO - [2026-04-25T17:01:18.947+0000] {dag.py:4180} INFO - Setting next_dagrun for example_dag_decorator to None, run_after=None
[2026-04-25T17:01:18.953+0000] {processor.py:208} INFO - Processing /home/airflow/.local/lib/python3.12/site-packages/airflow/example_dags/example_dag_decorator.py took 0.077 seconds
[2026-04-25T17:10:32.513+0000] {processor.py:186} INFO - Started process (PID=96760) to work on /home/airflow/.local/lib/python3.12/site-packages/airflow/example_dags/example_dag_decorator.py
[2026-04-25T17:10:32.514+0000] {processor.py:914} INFO - Processing file /home/airflow/.local/lib/python3.12/site-packages/airflow/example_dags/example_dag_decorator.py for tasks to queue
[2026-04-25T17:10:32.517+0000] {logging_mixin.py:190} INFO - [2026-04-25T17:10:32.516+0000] {dagbag.py:588} INFO - Filling up the DagBag from /home/airflow/.local/lib/python3.12/site-packages/airflow/example_dags/example_dag_decorator.py
[2026-04-25T17:10:32.578+0000] {processor.py:925} INFO - DAG(s) 'example_dag_decorator' retrieved from /home/airflow/.local/lib/python3.12/site-packages/airflow/example_dags/example_dag_decorator.py
[2026-04-25T17:10:32.637+0000] {logging_mixin.py:190} INFO - [2026-04-25T17:10:32.637+0000] {dag.py:3239} INFO - Sync 1 DAGs
[2026-04-25T17:10:32.641+0000] {logging_mixin.py:190} INFO - [2026-04-25T17:10:32.641+0000] {dag.py:4180} INFO - Setting next_dagrun for example_dag_decorator to None, run_after=None
[2026-04-25T17:10:32.655+0000] {processor.py:208} INFO - Processing /home/airflow/.local/lib/python3.12/site-packages/airflow/example_dags/example_dag_decorator.py took 0.144 seconds
[2026-04-25T17:27:49.611+0000] {processor.py:186} INFO - Started process (PID=96824) to work on /home/airflow/.local/lib/python3.12/site-packages/airflow/example_dags/example_dag_decorator.py
[2026-04-25T17:27:49.612+0000] {processor.py:914} INFO - Processing file /home/airflow/.local/lib/python3.12/site-packages/airflow/example_dags/example_dag_decorator.py for tasks to queue
[2026-04-25T17:27:49.613+0000] {logging_mixin.py:190} INFO - [2026-04-25T17:27:49.613+0000] {dagbag.py:588} INFO - Filling up the DagBag from /home/airflow/.local/lib/python3.12/site-packages/airflow/example_dags/example_dag_decorator.py
[2026-04-25T17:27:49.653+0000] {processor.py:925} INFO - DAG(s) 'example_dag_decorator' retrieved from /home/airflow/.local/lib/python3.12/site-packages/airflow/example_dags/example_dag_decorator.py
[2026-04-25T17:27:49.692+0000] {logging_mixin.py:190} INFO - [2026-04-25T17:27:49.692+0000] {dag.py:3239} INFO - Sync 1 DAGs
[2026-04-25T17:27:49.696+0000] {logging_mixin.py:190} INFO - [2026-04-25T17:27:49.696+0000] {dag.py:4180} INFO - Setting next_dagrun for example_dag_decorator to None, run_after=None
[2026-04-25T17:27:49.702+0000] {processor.py:208} INFO - Processing /home/airflow/.local/lib/python3.12/site-packages/airflow/example_dags/example_dag_decorator.py took 0.093 seconds
[2026-04-25T17:29:03.903+0000] {processor.py:186} INFO - Started process (PID=96888) to work on /home/airflow/.local/lib/python3.12/site-packages/airflow/example_dags/example_dag_decorator.py
[2026-04-25T17:29:03.903+0000] {processor.py:914} INFO - Processing file /home/airflow/.local/lib/python3.12/site-packages/airflow/example_dags/example_dag_decorator.py for tasks to queue
[2026-04-25T17:29:03.904+0000] {logging_mixin.py:190} INFO - [2026-04-25T17:29:03.904+0000] {dagbag.py:588} INFO - Filling up the DagBag from /home/airflow/.local/lib/python3.12/site-packages/airflow/example_dags/example_dag_decorator.py
[2026-04-25T17:29:03.947+0000] {processor.py:925} INFO - DAG(s) 'example_dag_decorator' retrieved from /home/airflow/.local/lib/python3.12/site-packages/airflow/example_dags/example_dag_decorator.py
[2026-04-25T17:29:03.982+0000] {logging_mixin.py:190} INFO - [2026-04-25T17:29:03.982+0000] {dag.py:3239} INFO - Sync 1 DAGs
[2026-04-25T17:29:03.986+0000] {logging_mixin.py:190} INFO - [2026-04-25T17:29:03.985+0000] {dag.py:4180} INFO - Setting next_dagrun for example_dag_decorator to None, run_after=None
[2026-04-25T17:29:03.991+0000] {processor.py:208} INFO - Processing /home/airflow/.local/lib/python3.12/site-packages/airflow/example_dags/example_dag_decorator.py took 0.090 seconds
[2026-04-25T17:47:37.470+0000] {processor.py:186} INFO - Started process (PID=96952) to work on /home/airflow/.local/lib/python3.12/site-packages/airflow/example_dags/example_dag_decorator.py
[2026-04-25T17:47:37.471+0000] {processor.py:914} INFO - Processing file /home/airflow/.local/lib/python3.12/site-packages/airflow/example_dags/example_dag_decorator.py for tasks to queue
[2026-04-25T17:47:37.472+0000] {logging_mixin.py:190} INFO - [2026-04-25T17:47:37.472+0000] {dagbag.py:588} INFO - Filling up the DagBag from /home/airflow/.local/lib/python3.12/site-packages/airflow/example_dags/example_dag_decorator.py
[2026-04-25T17:47:37.514+0000] {processor.py:925} INFO - DAG(s) 'example_dag_decorator' retrieved from /home/airflow/.local/lib/python3.12/site-packages/airflow/example_dags/example_dag_decorator.py
[2026-04-25T17:47:37.559+0000] {logging_mixin.py:190} INFO - [2026-04-25T17:47:37.559+0000] {dag.py:3239} INFO - Sync 1 DAGs
[2026-04-25T17:47:37.564+0000] {logging_mixin.py:190} INFO - [2026-04-25T17:47:37.564+0000] {dag.py:4180} INFO - Setting next_dagrun for example_dag_decorator to None, run_after=None
[2026-04-25T17:47:37.572+0000] {processor.py:208} INFO - Processing /home/airflow/.local/lib/python3.12/site-packages/airflow/example_dags/example_dag_decorator.py took 0.105 seconds
[2026-04-25T17:48:08.184+0000] {processor.py:186} INFO - Started process (PID=97016) to work on /home/airflow/.local/lib/python3.12/site-packages/airflow/example_dags/example_dag_decorator.py
[2026-04-25T17:48:08.184+0000] {processor.py:914} INFO - Processing file /home/airflow/.local/lib/python3.12/site-packages/airflow/example_dags/example_dag_decorator.py for tasks to queue
[2026-04-25T17:48:08.185+0000] {logging_mixin.py:190} INFO - [2026-04-25T17:48:08.185+0000] {dagbag.py:588} INFO - Filling up the DagBag from /home/airflow/.local/lib/python3.12/site-packages/airflow/example_dags/example_dag_decorator.py
[2026-04-25T17:48:08.218+0000] {processor.py:925} INFO - DAG(s) 'example_dag_decorator' retrieved from /home/airflow/.local/lib/python3.12/site-packages/airflow/example_dags/example_dag_decorator.py
[2026-04-25T17:48:08.256+0000] {logging_mixin.py:190} INFO - [2026-04-25T17:48:08.256+0000] {dag.py:3239} INFO - Sync 1 DAGs
[2026-04-25T17:48:08.260+0000] {logging_mixin.py:190} INFO - [2026-04-25T17:48:08.260+0000] {dag.py:4180} INFO - Setting next_dagrun for example_dag_decorator to None, run_after=None
[2026-04-25T17:48:08.266+0000] {processor.py:208} INFO - Processing /home/airflow/.local/lib/python3.12/site-packages/airflow/example_dags/example_dag_decorator.py took 0.084 seconds
[2026-04-25T18:04:47.016+0000] {processor.py:186} INFO - Started process (PID=97080) to work on /home/airflow/.local/lib/python3.12/site-packages/airflow/example_dags/example_dag_decorator.py
[2026-04-25T18:04:47.017+0000] {processor.py:914} INFO - Processing file /home/airflow/.local/lib/python3.12/site-packages/airflow/example_dags/example_dag_decorator.py for tasks to queue
[2026-04-25T18:04:47.019+0000] {logging_mixin.py:190} INFO - [2026-04-25T18:04:47.019+0000] {dagbag.py:588} INFO - Filling up the DagBag from /home/airflow/.local/lib/python3.12/site-packages/airflow/example_dags/example_dag_decorator.py
[2026-04-25T18:04:47.057+0000] {processor.py:925} INFO - DAG(s) 'example_dag_decorator' retrieved from /home/airflow/.local/lib/python3.12/site-packages/airflow/example_dags/example_dag_decorator.py
[2026-04-25T18:04:47.096+0000] {logging_mixin.py:190} INFO - [2026-04-25T18:04:47.096+0000] {dag.py:3239} INFO - Sync 1 DAGs
[2026-04-25T18:04:47.102+0000] {logging_mixin.py:190} INFO - [2026-04-25T18:04:47.102+0000] {dag.py:4180} INFO - Setting next_dagrun for example_dag_decorator to None, run_after=None
[2026-04-25T18:04:47.114+0000] {processor.py:208} INFO - Processing /home/airflow/.local/lib/python3.12/site-packages/airflow/example_dags/example_dag_decorator.py took 0.100 seconds
[2026-04-25T18:05:18.207+0000] {processor.py:186} INFO - Started process (PID=97144) to work on /home/airflow/.local/lib/python3.12/site-packages/airflow/example_dags/example_dag_decorator.py
[2026-04-25T18:05:18.208+0000] {processor.py:914} INFO - Processing file /home/airflow/.local/lib/python3.12/site-packages/airflow/example_dags/example_dag_decorator.py for tasks to queue
[2026-04-25T18:05:18.209+0000] {logging_mixin.py:190} INFO - [2026-04-25T18:05:18.209+0000] {dagbag.py:588} INFO - Filling up the DagBag from /home/airflow/.local/lib/python3.12/site-packages/airflow/example_dags/example_dag_decorator.py
[2026-04-25T18:05:18.241+0000] {processor.py:925} INFO - DAG(s) 'example_dag_decorator' retrieved from /home/airflow/.local/lib/python3.12/site-packages/airflow/example_dags/example_dag_decorator.py
[2026-04-25T18:05:18.280+0000] {logging_mixin.py:190} INFO - [2026-04-25T18:05:18.280+0000] {dag.py:3239} INFO - Sync 1 DAGs
[2026-04-25T18:05:18.284+0000] {logging_mixin.py:190} INFO - [2026-04-25T18:05:18.284+0000] {dag.py:4180} INFO - Setting next_dagrun for example_dag_decorator to None, run_after=None
[2026-04-25T18:05:18.292+0000] {processor.py:208} INFO - Processing /home/airflow/.local/lib/python3.12/site-packages/airflow/example_dags/example_dag_decorator.py took 0.087 seconds
[2026-04-25T18:11:37.484+0000] {processor.py:186} INFO - Started process (PID=97208) to work on /home/airflow/.local/lib/python3.12/site-packages/airflow/example_dags/example_dag_decorator.py
[2026-04-25T18:11:37.485+0000] {processor.py:914} INFO - Processing file /home/airflow/.local/lib/python3.12/site-packages/airflow/example_dags/example_dag_decorator.py for tasks to queue
[2026-04-25T18:11:37.485+0000] {logging_mixin.py:190} INFO - [2026-04-25T18:11:37.485+0000] {dagbag.py:588} INFO - Filling up the DagBag from /home/airflow/.local/lib/python3.12/site-packages/airflow/example_dags/example_dag_decorator.py
[2026-04-25T18:11:37.517+0000] {processor.py:925} INFO - DAG(s) 'example_dag_decorator' retrieved from /home/airflow/.local/lib/python3.12/site-packages/airflow/example_dags/example_dag_decorator.py
[2026-04-25T18:11:37.554+0000] {logging_mixin.py:190} INFO - [2026-04-25T18:11:37.554+0000] {dag.py:3239} INFO - Sync 1 DAGs
[2026-04-25T18:11:37.559+0000] {logging_mixin.py:190} INFO - [2026-04-25T18:11:37.559+0000] {dag.py:4180} INFO - Setting next_dagrun for example_dag_decorator to None, run_after=None
[2026-04-25T18:11:37.565+0000] {processor.py:208} INFO - Processing /home/airflow/.local/lib/python3.12/site-packages/airflow/example_dags/example_dag_decorator.py took 0.083 seconds
[2026-04-25T18:28:22.626+0000] {processor.py:186} INFO - Started process (PID=97272) to work on /home/airflow/.local/lib/python3.12/site-packages/airflow/example_dags/example_dag_decorator.py
[2026-04-25T18:28:22.627+0000] {processor.py:914} INFO - Processing file /home/airflow/.local/lib/python3.12/site-packages/airflow/example_dags/example_dag_decorator.py for tasks to queue
[2026-04-25T18:28:22.628+0000] {logging_mixin.py:190} INFO - [2026-04-25T18:28:22.628+0000] {dagbag.py:588} INFO - Filling up the DagBag from /home/airflow/.local/lib/python3.12/site-packages/airflow/example_dags/example_dag_decorator.py
[2026-04-25T18:28:22.669+0000] {processor.py:925} INFO - DAG(s) 'example_dag_decorator' retrieved from /home/airflow/.local/lib/python3.12/site-packages/airflow/example_dags/example_dag_decorator.py
[2026-04-25T18:28:22.712+0000] {logging_mixin.py:190} INFO - [2026-04-25T18:28:22.712+0000] {dag.py:3239} INFO - Sync 1 DAGs
[2026-04-25T18:28:22.717+0000] {logging_mixin.py:190} INFO - [2026-04-25T18:28:22.717+0000] {dag.py:4180} INFO - Setting next_dagrun for example_dag_decorator to None, run_after=None
[2026-04-25T18:28:22.728+0000] {processor.py:208} INFO - Processing /home/airflow/.local/lib/python3.12/site-packages/airflow/example_dags/example_dag_decorator.py took 0.105 seconds
[2026-04-25T18:28:53.050+0000] {processor.py:186} INFO - Started process (PID=97337) to work on /home/airflow/.local/lib/python3.12/site-packages/airflow/example_dags/example_dag_decorator.py
[2026-04-25T18:28:53.051+0000] {processor.py:914} INFO - Processing file /home/airflow/.local/lib/python3.12/site-packages/airflow/example_dags/example_dag_decorator.py for tasks to queue
[2026-04-25T18:28:53.052+0000] {logging_mixin.py:190} INFO - [2026-04-25T18:28:53.052+0000] {dagbag.py:588} INFO - Filling up the DagBag from /home/airflow/.local/lib/python3.12/site-packages/airflow/example_dags/example_dag_decorator.py
[2026-04-25T18:28:53.097+0000] {processor.py:925} INFO - DAG(s) 'example_dag_decorator' retrieved from /home/airflow/.local/lib/python3.12/site-packages/airflow/example_dags/example_dag_decorator.py
[2026-04-25T18:28:53.154+0000] {logging_mixin.py:190} INFO - [2026-04-25T18:28:53.154+0000] {dag.py:3239} INFO - Sync 1 DAGs
[2026-04-25T18:28:53.160+0000] {logging_mixin.py:190} INFO - [2026-04-25T18:28:53.160+0000] {dag.py:4180} INFO - Setting next_dagrun for example_dag_decorator to None, run_after=None
[2026-04-25T18:28:53.170+0000] {processor.py:208} INFO - Processing /home/airflow/.local/lib/python3.12/site-packages/airflow/example_dags/example_dag_decorator.py took 0.122 seconds
[2026-04-25T18:43:41.759+0000] {processor.py:186} INFO - Started process (PID=97400) to work on /home/airflow/.local/lib/python3.12/site-packages/airflow/example_dags/example_dag_decorator.py
[2026-04-25T18:43:41.760+0000] {processor.py:914} INFO - Processing file /home/airflow/.local/lib/python3.12/site-packages/airflow/example_dags/example_dag_decorator.py for tasks to queue
[2026-04-25T18:43:41.761+0000] {logging_mixin.py:190} INFO - [2026-04-25T18:43:41.761+0000] {dagbag.py:588} INFO - Filling up the DagBag from /home/airflow/.local/lib/python3.12/site-packages/airflow/example_dags/example_dag_decorator.py
[2026-04-25T18:43:41.806+0000] {processor.py:925} INFO - DAG(s) 'example_dag_decorator' retrieved from /home/airflow/.local/lib/python3.12/site-packages/airflow/example_dags/example_dag_decorator.py
[2026-04-25T18:43:41.855+0000] {logging_mixin.py:190} INFO - [2026-04-25T18:43:41.855+0000] {dag.py:3239} INFO - Sync 1 DAGs
[2026-04-25T18:43:41.862+0000] {logging_mixin.py:190} INFO - [2026-04-25T18:43:41.862+0000] {dag.py:4180} INFO - Setting next_dagrun for example_dag_decorator to None, run_after=None
[2026-04-25T18:43:41.874+0000] {processor.py:208} INFO - Processing /home/airflow/.local/lib/python3.12/site-packages/airflow/example_dags/example_dag_decorator.py took 0.117 seconds
[2026-04-25T18:44:13.062+0000] {processor.py:186} INFO - Started process (PID=97464) to work on /home/airflow/.local/lib/python3.12/site-packages/airflow/example_dags/example_dag_decorator.py
[2026-04-25T18:44:13.063+0000] {processor.py:914} INFO - Processing file /home/airflow/.local/lib/python3.12/site-packages/airflow/example_dags/example_dag_decorator.py for tasks to queue
[2026-04-25T18:44:13.064+0000] {logging_mixin.py:190} INFO - [2026-04-25T18:44:13.064+0000] {dagbag.py:588} INFO - Filling up the DagBag from /home/airflow/.local/lib/python3.12/site-packages/airflow/example_dags/example_dag_decorator.py
[2026-04-25T18:44:13.104+0000] {processor.py:925} INFO - DAG(s) 'example_dag_decorator' retrieved from /home/airflow/.local/lib/python3.12/site-packages/airflow/example_dags/example_dag_decorator.py
[2026-04-25T18:44:13.141+0000] {logging_mixin.py:190} INFO - [2026-04-25T18:44:13.141+0000] {dag.py:3239} INFO - Sync 1 DAGs
[2026-04-25T18:44:13.145+0000] {logging_mixin.py:190} INFO - [2026-04-25T18:44:13.145+0000] {dag.py:4180} INFO - Setting next_dagrun for example_dag_decorator to None, run_after=None
[2026-04-25T18:44:13.152+0000] {processor.py:208} INFO - Processing /home/airflow/.local/lib/python3.12/site-packages/airflow/example_dags/example_dag_decorator.py took 0.093 seconds
[2026-04-25T19:02:07.537+0000] {processor.py:186} INFO - Started process (PID=97528) to work on /home/airflow/.local/lib/python3.12/site-packages/airflow/example_dags/example_dag_decorator.py
[2026-04-25T19:02:07.537+0000] {processor.py:914} INFO - Processing file /home/airflow/.local/lib/python3.12/site-packages/airflow/example_dags/example_dag_decorator.py for tasks to queue
[2026-04-25T19:02:07.538+0000] {logging_mixin.py:190} INFO - [2026-04-25T19:02:07.538+0000] {dagbag.py:588} INFO - Filling up the DagBag from /home/airflow/.local/lib/python3.12/site-packages/airflow/example_dags/example_dag_decorator.py
[2026-04-25T19:02:07.578+0000] {processor.py:925} INFO - DAG(s) 'example_dag_decorator' retrieved from /home/airflow/.local/lib/python3.12/site-packages/airflow/example_dags/example_dag_decorator.py
[2026-04-25T19:02:07.621+0000] {logging_mixin.py:190} INFO - [2026-04-25T19:02:07.620+0000] {dag.py:3239} INFO - Sync 1 DAGs
[2026-04-25T19:02:07.624+0000] {logging_mixin.py:190} INFO - [2026-04-25T19:02:07.624+0000] {dag.py:4180} INFO - Setting next_dagrun for example_dag_decorator to None, run_after=None
[2026-04-25T19:02:07.632+0000] {processor.py:208} INFO - Processing /home/airflow/.local/lib/python3.12/site-packages/airflow/example_dags/example_dag_decorator.py took 0.097 seconds
[2026-04-25T19:19:00.388+0000] {processor.py:186} INFO - Started process (PID=97592) to work on /home/airflow/.local/lib/python3.12/site-packages/airflow/example_dags/example_dag_decorator.py
[2026-04-25T19:19:00.389+0000] {processor.py:914} INFO - Processing file /home/airflow/.local/lib/python3.12/site-packages/airflow/example_dags/example_dag_decorator.py for tasks to queue
[2026-04-25T19:19:00.390+0000] {logging_mixin.py:190} INFO - [2026-04-25T19:19:00.390+0000] {dagbag.py:588} INFO - Filling up the DagBag from /home/airflow/.local/lib/python3.12/site-packages/airflow/example_dags/example_dag_decorator.py
[2026-04-25T19:19:00.429+0000] {processor.py:925} INFO - DAG(s) 'example_dag_decorator' retrieved from /home/airflow/.local/lib/python3.12/site-packages/airflow/example_dags/example_dag_decorator.py
[2026-04-25T19:19:00.468+0000] {logging_mixin.py:190} INFO - [2026-04-25T19:19:00.468+0000] {dag.py:3239} INFO - Sync 1 DAGs
[2026-04-25T19:19:00.472+0000] {logging_mixin.py:190} INFO - [2026-04-25T19:19:00.472+0000] {dag.py:4180} INFO - Setting next_dagrun for example_dag_decorator to None, run_after=None
[2026-04-25T19:19:00.482+0000] {processor.py:208} INFO - Processing /home/airflow/.local/lib/python3.12/site-packages/airflow/example_dags/example_dag_decorator.py took 0.096 seconds
[2026-04-25T19:19:31.644+0000] {processor.py:186} INFO - Started process (PID=97656) to work on /home/airflow/.local/lib/python3.12/site-packages/airflow/example_dags/example_dag_decorator.py
[2026-04-25T19:19:31.644+0000] {processor.py:914} INFO - Processing file /home/airflow/.local/lib/python3.12/site-packages/airflow/example_dags/example_dag_decorator.py for tasks to queue
[2026-04-25T19:19:31.646+0000] {logging_mixin.py:190} INFO - [2026-04-25T19:19:31.646+0000] {dagbag.py:588} INFO - Filling up the DagBag from /home/airflow/.local/lib/python3.12/site-packages/airflow/example_dags/example_dag_decorator.py
[2026-04-25T19:19:31.688+0000] {processor.py:925} INFO - DAG(s) 'example_dag_decorator' retrieved from /home/airflow/.local/lib/python3.12/site-packages/airflow/example_dags/example_dag_decorator.py
[2026-04-25T19:19:31.727+0000] {logging_mixin.py:190} INFO - [2026-04-25T19:19:31.727+0000] {dag.py:3239} INFO - Sync 1 DAGs
[2026-04-25T19:19:31.731+0000] {logging_mixin.py:190} INFO - [2026-04-25T19:19:31.731+0000] {dag.py:4180} INFO - Setting next_dagrun for example_dag_decorator to None, run_after=None
[2026-04-25T19:19:31.738+0000] {processor.py:208} INFO - Processing /home/airflow/.local/lib/python3.12/site-packages/airflow/example_dags/example_dag_decorator.py took 0.096 seconds
[2026-04-25T19:37:40.171+0000] {processor.py:186} INFO - Started process (PID=97720) to work on /home/airflow/.local/lib/python3.12/site-packages/airflow/example_dags/example_dag_decorator.py
[2026-04-25T19:37:40.173+0000] {processor.py:914} INFO - Processing file /home/airflow/.local/lib/python3.12/site-packages/airflow/example_dags/example_dag_decorator.py for tasks to queue
[2026-04-25T19:37:40.174+0000] {logging_mixin.py:190} INFO - [2026-04-25T19:37:40.174+0000] {dagbag.py:588} INFO - Filling up the DagBag from /home/airflow/.local/lib/python3.12/site-packages/airflow/example_dags/example_dag_decorator.py
[2026-04-25T19:37:40.213+0000] {processor.py:925} INFO - DAG(s) 'example_dag_decorator' retrieved from /home/airflow/.local/lib/python3.12/site-packages/airflow/example_dags/example_dag_decorator.py
[2026-04-25T19:37:40.256+0000] {logging_mixin.py:190} INFO - [2026-04-25T19:37:40.256+0000] {dag.py:3239} INFO - Sync 1 DAGs
[2026-04-25T19:37:40.261+0000] {logging_mixin.py:190} INFO - [2026-04-25T19:37:40.261+0000] {dag.py:4180} INFO - Setting next_dagrun for example_dag_decorator to None, run_after=None
[2026-04-25T19:37:40.267+0000] {processor.py:208} INFO - Processing /home/airflow/.local/lib/python3.12/site-packages/airflow/example_dags/example_dag_decorator.py took 0.099 seconds
[2026-04-25T19:38:10.542+0000] {processor.py:186} INFO - Started process (PID=97786) to work on /home/airflow/.local/lib/python3.12/site-packages/airflow/example_dags/example_dag_decorator.py
[2026-04-25T19:38:10.542+0000] {processor.py:914} INFO - Processing file /home/airflow/.local/lib/python3.12/site-packages/airflow/example_dags/example_dag_decorator.py for tasks to queue
[2026-04-25T19:38:10.543+0000] {logging_mixin.py:190} INFO - [2026-04-25T19:38:10.543+0000] {dagbag.py:588} INFO - Filling up the DagBag from /home/airflow/.local/lib/python3.12/site-packages/airflow/example_dags/example_dag_decorator.py
[2026-04-25T19:38:10.576+0000] {processor.py:925} INFO - DAG(s) 'example_dag_decorator' retrieved from /home/airflow/.local/lib/python3.12/site-packages/airflow/example_dags/example_dag_decorator.py
[2026-04-25T19:38:10.616+0000] {logging_mixin.py:190} INFO - [2026-04-25T19:38:10.616+0000] {dag.py:3239} INFO - Sync 1 DAGs
[2026-04-25T19:38:10.620+0000] {logging_mixin.py:190} INFO - [2026-04-25T19:38:10.620+0000] {dag.py:4180} INFO - Setting next_dagrun for example_dag_decorator to None, run_after=None
[2026-04-25T19:38:10.626+0000] {processor.py:208} INFO - Processing /home/airflow/.local/lib/python3.12/site-packages/airflow/example_dags/example_dag_decorator.py took 0.087 seconds
[2026-04-25T19:55:24.977+0000] {processor.py:186} INFO - Started process (PID=97848) to work on /home/airflow/.local/lib/python3.12/site-packages/airflow/example_dags/example_dag_decorator.py
[2026-04-25T19:55:24.978+0000] {processor.py:914} INFO - Processing file /home/airflow/.local/lib/python3.12/site-packages/airflow/example_dags/example_dag_decorator.py for tasks to queue
[2026-04-25T19:55:24.979+0000] {logging_mixin.py:190} INFO - [2026-04-25T19:55:24.978+0000] {dagbag.py:588} INFO - Filling up the DagBag from /home/airflow/.local/lib/python3.12/site-packages/airflow/example_dags/example_dag_decorator.py
[2026-04-25T19:55:25.008+0000] {processor.py:925} INFO - DAG(s) 'example_dag_decorator' retrieved from /home/airflow/.local/lib/python3.12/site-packages/airflow/example_dags/example_dag_decorator.py
[2026-04-25T19:55:25.039+0000] {logging_mixin.py:190} INFO - [2026-04-25T19:55:25.038+0000] {dag.py:3239} INFO - Sync 1 DAGs
[2026-04-25T19:55:25.042+0000] {logging_mixin.py:190} INFO - [2026-04-25T19:55:25.042+0000] {dag.py:4180} INFO - Setting next_dagrun for example_dag_decorator to None, run_after=None
[2026-04-25T19:55:25.047+0000] {processor.py:208} INFO - Processing /home/airflow/.local/lib/python3.12/site-packages/airflow/example_dags/example_dag_decorator.py took 0.071 seconds
[2026-04-25T19:55:55.500+0000] {processor.py:186} INFO - Started process (PID=97912) to work on /home/airflow/.local/lib/python3.12/site-packages/airflow/example_dags/example_dag_decorator.py
[2026-04-25T19:55:55.501+0000] {processor.py:914} INFO - Processing file /home/airflow/.local/lib/python3.12/site-packages/airflow/example_dags/example_dag_decorator.py for tasks to queue
[2026-04-25T19:55:55.502+0000] {logging_mixin.py:190} INFO - [2026-04-25T19:55:55.502+0000] {dagbag.py:588} INFO - Filling up the DagBag from /home/airflow/.local/lib/python3.12/site-packages/airflow/example_dags/example_dag_decorator.py
[2026-04-25T19:55:55.543+0000] {processor.py:925} INFO - DAG(s) 'example_dag_decorator' retrieved from /home/airflow/.local/lib/python3.12/site-packages/airflow/example_dags/example_dag_decorator.py
[2026-04-25T19:55:55.582+0000] {logging_mixin.py:190} INFO - [2026-04-25T19:55:55.582+0000] {dag.py:3239} INFO - Sync 1 DAGs
[2026-04-25T19:55:55.586+0000] {logging_mixin.py:190} INFO - [2026-04-25T19:55:55.586+0000] {dag.py:4180} INFO - Setting next_dagrun for example_dag_decorator to None, run_after=None
[2026-04-25T19:55:55.593+0000] {processor.py:208} INFO - Processing /home/airflow/.local/lib/python3.12/site-packages/airflow/example_dags/example_dag_decorator.py took 0.095 seconds
[2026-04-25T20:13:17.495+0000] {processor.py:186} INFO - Started process (PID=97976) to work on /home/airflow/.local/lib/python3.12/site-packages/airflow/example_dags/example_dag_decorator.py
[2026-04-25T20:13:17.496+0000] {processor.py:914} INFO - Processing file /home/airflow/.local/lib/python3.12/site-packages/airflow/example_dags/example_dag_decorator.py for tasks to queue
[2026-04-25T20:13:17.497+0000] {logging_mixin.py:190} INFO - [2026-04-25T20:13:17.497+0000] {dagbag.py:588} INFO - Filling up the DagBag from /home/airflow/.local/lib/python3.12/site-packages/airflow/example_dags/example_dag_decorator.py
[2026-04-25T20:13:17.534+0000] {processor.py:925} INFO - DAG(s) 'example_dag_decorator' retrieved from /home/airflow/.local/lib/python3.12/site-packages/airflow/example_dags/example_dag_decorator.py
[2026-04-25T20:13:17.575+0000] {logging_mixin.py:190} INFO - [2026-04-25T20:13:17.575+0000] {dag.py:3239} INFO - Sync 1 DAGs
[2026-04-25T20:13:17.579+0000] {logging_mixin.py:190} INFO - [2026-04-25T20:13:17.579+0000] {dag.py:4180} INFO - Setting next_dagrun for example_dag_decorator to None, run_after=None
[2026-04-25T20:13:17.587+0000] {processor.py:208} INFO - Processing /home/airflow/.local/lib/python3.12/site-packages/airflow/example_dags/example_dag_decorator.py took 0.095 seconds
[2026-04-25T20:30:21.798+0000] {processor.py:186} INFO - Started process (PID=98040) to work on /home/airflow/.local/lib/python3.12/site-packages/airflow/example_dags/example_dag_decorator.py
[2026-04-25T20:30:21.798+0000] {processor.py:914} INFO - Processing file /home/airflow/.local/lib/python3.12/site-packages/airflow/example_dags/example_dag_decorator.py for tasks to queue
[2026-04-25T20:30:21.799+0000] {logging_mixin.py:190} INFO - [2026-04-25T20:30:21.799+0000] {dagbag.py:588} INFO - Filling up the DagBag from /home/airflow/.local/lib/python3.12/site-packages/airflow/example_dags/example_dag_decorator.py
[2026-04-25T20:30:21.833+0000] {processor.py:925} INFO - DAG(s) 'example_dag_decorator' retrieved from /home/airflow/.local/lib/python3.12/site-packages/airflow/example_dags/example_dag_decorator.py
[2026-04-25T20:30:21.871+0000] {logging_mixin.py:190} INFO - [2026-04-25T20:30:21.871+0000] {dag.py:3239} INFO - Sync 1 DAGs
[2026-04-25T20:30:21.875+0000] {logging_mixin.py:190} INFO - [2026-04-25T20:30:21.875+0000] {dag.py:4180} INFO - Setting next_dagrun for example_dag_decorator to None, run_after=None
[2026-04-25T20:30:21.882+0000] {processor.py:208} INFO - Processing /home/airflow/.local/lib/python3.12/site-packages/airflow/example_dags/example_dag_decorator.py took 0.086 seconds
[2026-04-25T20:30:52.082+0000] {processor.py:186} INFO - Started process (PID=98104) to work on /home/airflow/.local/lib/python3.12/site-packages/airflow/example_dags/example_dag_decorator.py
[2026-04-25T20:30:52.083+0000] {processor.py:914} INFO - Processing file /home/airflow/.local/lib/python3.12/site-packages/airflow/example_dags/example_dag_decorator.py for tasks to queue
[2026-04-25T20:30:52.084+0000] {logging_mixin.py:190} INFO - [2026-04-25T20:30:52.084+0000] {dagbag.py:588} INFO - Filling up the DagBag from /home/airflow/.local/lib/python3.12/site-packages/airflow/example_dags/example_dag_decorator.py
[2026-04-25T20:30:52.122+0000] {processor.py:925} INFO - DAG(s) 'example_dag_decorator' retrieved from /home/airflow/.local/lib/python3.12/site-packages/airflow/example_dags/example_dag_decorator.py
[2026-04-25T20:30:52.163+0000] {logging_mixin.py:190} INFO - [2026-04-25T20:30:52.163+0000] {dag.py:3239} INFO - Sync 1 DAGs
[2026-04-25T20:30:52.167+0000] {logging_mixin.py:190} INFO - [2026-04-25T20:30:52.167+0000] {dag.py:4180} INFO - Setting next_dagrun for example_dag_decorator to None, run_after=None
[2026-04-25T20:30:52.173+0000] {processor.py:208} INFO - Processing /home/airflow/.local/lib/python3.12/site-packages/airflow/example_dags/example_dag_decorator.py took 0.093 seconds
[2026-04-25T20:47:43.735+0000] {processor.py:186} INFO - Started process (PID=98168) to work on /home/airflow/.local/lib/python3.12/site-packages/airflow/example_dags/example_dag_decorator.py
[2026-04-25T20:47:43.736+0000] {processor.py:914} INFO - Processing file /home/airflow/.local/lib/python3.12/site-packages/airflow/example_dags/example_dag_decorator.py for tasks to queue
[2026-04-25T20:47:43.737+0000] {logging_mixin.py:190} INFO - [2026-04-25T20:47:43.737+0000] {dagbag.py:588} INFO - Filling up the DagBag from /home/airflow/.local/lib/python3.12/site-packages/airflow/example_dags/example_dag_decorator.py
[2026-04-25T20:47:43.776+0000] {processor.py:925} INFO - DAG(s) 'example_dag_decorator' retrieved from /home/airflow/.local/lib/python3.12/site-packages/airflow/example_dags/example_dag_decorator.py
[2026-04-25T20:47:43.815+0000] {logging_mixin.py:190} INFO - [2026-04-25T20:47:43.815+0000] {dag.py:3239} INFO - Sync 1 DAGs
[2026-04-25T20:47:43.820+0000] {logging_mixin.py:190} INFO - [2026-04-25T20:47:43.819+0000] {dag.py:4180} INFO - Setting next_dagrun for example_dag_decorator to None, run_after=None
[2026-04-25T20:47:43.827+0000] {processor.py:208} INFO - Processing /home/airflow/.local/lib/python3.12/site-packages/airflow/example_dags/example_dag_decorator.py took 0.094 seconds
[2026-04-25T20:48:14.149+0000] {processor.py:186} INFO - Started process (PID=98232) to work on /home/airflow/.local/lib/python3.12/site-packages/airflow/example_dags/example_dag_decorator.py
[2026-04-25T20:48:14.150+0000] {processor.py:914} INFO - Processing file /home/airflow/.local/lib/python3.12/site-packages/airflow/example_dags/example_dag_decorator.py for tasks to queue
[2026-04-25T20:48:14.151+0000] {logging_mixin.py:190} INFO - [2026-04-25T20:48:14.151+0000] {dagbag.py:588} INFO - Filling up the DagBag from /home/airflow/.local/lib/python3.12/site-packages/airflow/example_dags/example_dag_decorator.py
[2026-04-25T20:48:14.194+0000] {processor.py:925} INFO - DAG(s) 'example_dag_decorator' retrieved from /home/airflow/.local/lib/python3.12/site-packages/airflow/example_dags/example_dag_decorator.py
[2026-04-25T20:48:14.206+0000] {logging_mixin.py:190} INFO - [2026-04-25T20:48:14.206+0000] {dag.py:3239} INFO - Sync 1 DAGs
[2026-04-25T20:48:14.213+0000] {logging_mixin.py:190} INFO - [2026-04-25T20:48:14.213+0000] {dag.py:4180} INFO - Setting next_dagrun for example_dag_decorator to None, run_after=None
[2026-04-25T20:48:14.221+0000] {processor.py:208} INFO - Processing /home/airflow/.local/lib/python3.12/site-packages/airflow/example_dags/example_dag_decorator.py took 0.075 seconds
[2026-04-25T21:07:15.925+0000] {processor.py:186} INFO - Started process (PID=98296) to work on /home/airflow/.local/lib/python3.12/site-packages/airflow/example_dags/example_dag_decorator.py
[2026-04-25T21:07:15.926+0000] {processor.py:914} INFO - Processing file /home/airflow/.local/lib/python3.12/site-packages/airflow/example_dags/example_dag_decorator.py for tasks to queue
[2026-04-25T21:07:15.928+0000] {logging_mixin.py:190} INFO - [2026-04-25T21:07:15.928+0000] {dagbag.py:588} INFO - Filling up the DagBag from /home/airflow/.local/lib/python3.12/site-packages/airflow/example_dags/example_dag_decorator.py
[2026-04-25T21:07:15.961+0000] {processor.py:925} INFO - DAG(s) 'example_dag_decorator' retrieved from /home/airflow/.local/lib/python3.12/site-packages/airflow/example_dags/example_dag_decorator.py
[2026-04-25T21:07:16.004+0000] {logging_mixin.py:190} INFO - [2026-04-25T21:07:16.004+0000] {dag.py:3239} INFO - Sync 1 DAGs
[2026-04-25T21:07:16.011+0000] {logging_mixin.py:190} INFO - [2026-04-25T21:07:16.011+0000] {dag.py:4180} INFO - Setting next_dagrun for example_dag_decorator to None, run_after=None
[2026-04-25T21:07:16.022+0000] {processor.py:208} INFO - Processing /home/airflow/.local/lib/python3.12/site-packages/airflow/example_dags/example_dag_decorator.py took 0.100 seconds
[2026-04-25T21:24:07.059+0000] {processor.py:186} INFO - Started process (PID=98360) to work on /home/airflow/.local/lib/python3.12/site-packages/airflow/example_dags/example_dag_decorator.py
[2026-04-25T21:24:07.060+0000] {processor.py:914} INFO - Processing file /home/airflow/.local/lib/python3.12/site-packages/airflow/example_dags/example_dag_decorator.py for tasks to queue
[2026-04-25T21:24:07.061+0000] {logging_mixin.py:190} INFO - [2026-04-25T21:24:07.060+0000] {dagbag.py:588} INFO - Filling up the DagBag from /home/airflow/.local/lib/python3.12/site-packages/airflow/example_dags/example_dag_decorator.py
[2026-04-25T21:24:07.104+0000] {processor.py:925} INFO - DAG(s) 'example_dag_decorator' retrieved from /home/airflow/.local/lib/python3.12/site-packages/airflow/example_dags/example_dag_decorator.py
[2026-04-25T21:24:07.144+0000] {logging_mixin.py:190} INFO - [2026-04-25T21:24:07.143+0000] {dag.py:3239} INFO - Sync 1 DAGs
[2026-04-25T21:24:07.147+0000] {logging_mixin.py:190} INFO - [2026-04-25T21:24:07.147+0000] {dag.py:4180} INFO - Setting next_dagrun for example_dag_decorator to None, run_after=None
[2026-04-25T21:24:07.157+0000] {processor.py:208} INFO - Processing /home/airflow/.local/lib/python3.12/site-packages/airflow/example_dags/example_dag_decorator.py took 0.100 seconds
[2026-04-25T21:42:04.106+0000] {processor.py:186} INFO - Started process (PID=98424) to work on /home/airflow/.local/lib/python3.12/site-packages/airflow/example_dags/example_dag_decorator.py
[2026-04-25T21:42:04.107+0000] {processor.py:914} INFO - Processing file /home/airflow/.local/lib/python3.12/site-packages/airflow/example_dags/example_dag_decorator.py for tasks to queue
[2026-04-25T21:42:04.107+0000] {logging_mixin.py:190} INFO - [2026-04-25T21:42:04.107+0000] {dagbag.py:588} INFO - Filling up the DagBag from /home/airflow/.local/lib/python3.12/site-packages/airflow/example_dags/example_dag_decorator.py
[2026-04-25T21:42:04.138+0000] {processor.py:925} INFO - DAG(s) 'example_dag_decorator' retrieved from /home/airflow/.local/lib/python3.12/site-packages/airflow/example_dags/example_dag_decorator.py
[2026-04-25T21:42:04.183+0000] {logging_mixin.py:190} INFO - [2026-04-25T21:42:04.183+0000] {dag.py:3239} INFO - Sync 1 DAGs
[2026-04-25T21:42:04.187+0000] {logging_mixin.py:190} INFO - [2026-04-25T21:42:04.187+0000] {dag.py:4180} INFO - Setting next_dagrun for example_dag_decorator to None, run_after=None
[2026-04-25T21:42:04.194+0000] {processor.py:208} INFO - Processing /home/airflow/.local/lib/python3.12/site-packages/airflow/example_dags/example_dag_decorator.py took 0.090 seconds
[2026-04-25T21:59:49.722+0000] {processor.py:186} INFO - Started process (PID=98488) to work on /home/airflow/.local/lib/python3.12/site-packages/airflow/example_dags/example_dag_decorator.py
[2026-04-25T21:59:49.722+0000] {processor.py:914} INFO - Processing file /home/airflow/.local/lib/python3.12/site-packages/airflow/example_dags/example_dag_decorator.py for tasks to queue
[2026-04-25T21:59:49.723+0000] {logging_mixin.py:190} INFO - [2026-04-25T21:59:49.723+0000] {dagbag.py:588} INFO - Filling up the DagBag from /home/airflow/.local/lib/python3.12/site-packages/airflow/example_dags/example_dag_decorator.py
[2026-04-25T21:59:49.756+0000] {processor.py:925} INFO - DAG(s) 'example_dag_decorator' retrieved from /home/airflow/.local/lib/python3.12/site-packages/airflow/example_dags/example_dag_decorator.py
[2026-04-25T21:59:49.799+0000] {logging_mixin.py:190} INFO - [2026-04-25T21:59:49.798+0000] {dag.py:3239} INFO - Sync 1 DAGs
[2026-04-25T21:59:49.803+0000] {logging_mixin.py:190} INFO - [2026-04-25T21:59:49.803+0000] {dag.py:4180} INFO - Setting next_dagrun for example_dag_decorator to None, run_after=None
[2026-04-25T21:59:49.810+0000] {processor.py:208} INFO - Processing /home/airflow/.local/lib/python3.12/site-packages/airflow/example_dags/example_dag_decorator.py took 0.091 seconds
[2026-04-25T22:18:39.242+0000] {processor.py:186} INFO - Started process (PID=98552) to work on /home/airflow/.local/lib/python3.12/site-packages/airflow/example_dags/example_dag_decorator.py
[2026-04-25T22:18:39.243+0000] {processor.py:914} INFO - Processing file /home/airflow/.local/lib/python3.12/site-packages/airflow/example_dags/example_dag_decorator.py for tasks to queue
[2026-04-25T22:18:39.244+0000] {logging_mixin.py:190} INFO - [2026-04-25T22:18:39.244+0000] {dagbag.py:588} INFO - Filling up the DagBag from /home/airflow/.local/lib/python3.12/site-packages/airflow/example_dags/example_dag_decorator.py
[2026-04-25T22:18:39.290+0000] {processor.py:925} INFO - DAG(s) 'example_dag_decorator' retrieved from /home/airflow/.local/lib/python3.12/site-packages/airflow/example_dags/example_dag_decorator.py
[2026-04-25T22:18:39.333+0000] {logging_mixin.py:190} INFO - [2026-04-25T22:18:39.333+0000] {dag.py:3239} INFO - Sync 1 DAGs
[2026-04-25T22:18:39.338+0000] {logging_mixin.py:190} INFO - [2026-04-25T22:18:39.337+0000] {dag.py:4180} INFO - Setting next_dagrun for example_dag_decorator to None, run_after=None
[2026-04-25T22:18:39.350+0000] {processor.py:208} INFO - Processing /home/airflow/.local/lib/python3.12/site-packages/airflow/example_dags/example_dag_decorator.py took 0.110 seconds
[2026-04-25T22:19:09.480+0000] {processor.py:186} INFO - Started process (PID=98616) to work on /home/airflow/.local/lib/python3.12/site-packages/airflow/example_dags/example_dag_decorator.py
[2026-04-25T22:19:09.481+0000] {processor.py:914} INFO - Processing file /home/airflow/.local/lib/python3.12/site-packages/airflow/example_dags/example_dag_decorator.py for tasks to queue
[2026-04-25T22:19:09.484+0000] {logging_mixin.py:190} INFO - [2026-04-25T22:19:09.484+0000] {dagbag.py:588} INFO - Filling up the DagBag from /home/airflow/.local/lib/python3.12/site-packages/airflow/example_dags/example_dag_decorator.py
[2026-04-25T22:19:09.513+0000] {processor.py:925} INFO - DAG(s) 'example_dag_decorator' retrieved from /home/airflow/.local/lib/python3.12/site-packages/airflow/example_dags/example_dag_decorator.py
[2026-04-25T22:19:09.546+0000] {logging_mixin.py:190} INFO - [2026-04-25T22:19:09.546+0000] {dag.py:3239} INFO - Sync 1 DAGs
[2026-04-25T22:19:09.550+0000] {logging_mixin.py:190} INFO - [2026-04-25T22:19:09.550+0000] {dag.py:4180} INFO - Setting next_dagrun for example_dag_decorator to None, run_after=None
[2026-04-25T22:19:09.556+0000] {processor.py:208} INFO - Processing /home/airflow/.local/lib/python3.12/site-packages/airflow/example_dags/example_dag_decorator.py took 0.078 seconds
[2026-04-25T22:37:47.391+0000] {processor.py:186} INFO - Started process (PID=98680) to work on /home/airflow/.local/lib/python3.12/site-packages/airflow/example_dags/example_dag_decorator.py
[2026-04-25T22:37:47.391+0000] {processor.py:914} INFO - Processing file /home/airflow/.local/lib/python3.12/site-packages/airflow/example_dags/example_dag_decorator.py for tasks to queue
[2026-04-25T22:37:47.392+0000] {logging_mixin.py:190} INFO - [2026-04-25T22:37:47.392+0000] {dagbag.py:588} INFO - Filling up the DagBag from /home/airflow/.local/lib/python3.12/site-packages/airflow/example_dags/example_dag_decorator.py
[2026-04-25T22:37:47.428+0000] {processor.py:925} INFO - DAG(s) 'example_dag_decorator' retrieved from /home/airflow/.local/lib/python3.12/site-packages/airflow/example_dags/example_dag_decorator.py
[2026-04-25T22:37:47.469+0000] {logging_mixin.py:190} INFO - [2026-04-25T22:37:47.469+0000] {dag.py:3239} INFO - Sync 1 DAGs
[2026-04-25T22:37:47.479+0000] {logging_mixin.py:190} INFO - [2026-04-25T22:37:47.478+0000] {dag.py:4180} INFO - Setting next_dagrun for example_dag_decorator to None, run_after=None
[2026-04-25T22:37:47.489+0000] {processor.py:208} INFO - Processing /home/airflow/.local/lib/python3.12/site-packages/airflow/example_dags/example_dag_decorator.py took 0.100 seconds
[2026-04-25T22:38:17.568+0000] {processor.py:186} INFO - Started process (PID=98742) to work on /home/airflow/.local/lib/python3.12/site-packages/airflow/example_dags/example_dag_decorator.py
[2026-04-25T22:38:17.568+0000] {processor.py:914} INFO - Processing file /home/airflow/.local/lib/python3.12/site-packages/airflow/example_dags/example_dag_decorator.py for tasks to queue
[2026-04-25T22:38:17.569+0000] {logging_mixin.py:190} INFO - [2026-04-25T22:38:17.569+0000] {dagbag.py:588} INFO - Filling up the DagBag from /home/airflow/.local/lib/python3.12/site-packages/airflow/example_dags/example_dag_decorator.py
[2026-04-25T22:38:17.603+0000] {processor.py:925} INFO - DAG(s) 'example_dag_decorator' retrieved from /home/airflow/.local/lib/python3.12/site-packages/airflow/example_dags/example_dag_decorator.py
[2026-04-25T22:38:17.642+0000] {logging_mixin.py:190} INFO - [2026-04-25T22:38:17.642+0000] {dag.py:3239} INFO - Sync 1 DAGs
[2026-04-25T22:38:17.647+0000] {logging_mixin.py:190} INFO - [2026-04-25T22:38:17.647+0000] {dag.py:4180} INFO - Setting next_dagrun for example_dag_decorator to None, run_after=None
[2026-04-25T22:38:17.652+0000] {processor.py:208} INFO - Processing /home/airflow/.local/lib/python3.12/site-packages/airflow/example_dags/example_dag_decorator.py took 0.087 seconds
[2026-04-25T22:56:54.355+0000] {processor.py:186} INFO - Started process (PID=98807) to work on /home/airflow/.local/lib/python3.12/site-packages/airflow/example_dags/example_dag_decorator.py
[2026-04-25T22:56:54.355+0000] {processor.py:914} INFO - Processing file /home/airflow/.local/lib/python3.12/site-packages/airflow/example_dags/example_dag_decorator.py for tasks to queue
[2026-04-25T22:56:54.357+0000] {logging_mixin.py:190} INFO - [2026-04-25T22:56:54.357+0000] {dagbag.py:588} INFO - Filling up the DagBag from /home/airflow/.local/lib/python3.12/site-packages/airflow/example_dags/example_dag_decorator.py
[2026-04-25T22:56:54.395+0000] {processor.py:925} INFO - DAG(s) 'example_dag_decorator' retrieved from /home/airflow/.local/lib/python3.12/site-packages/airflow/example_dags/example_dag_decorator.py
[2026-04-25T22:56:54.442+0000] {logging_mixin.py:190} INFO - [2026-04-25T22:56:54.442+0000] {dag.py:3239} INFO - Sync 1 DAGs
[2026-04-25T22:56:54.447+0000] {logging_mixin.py:190} INFO - [2026-04-25T22:56:54.447+0000] {dag.py:4180} INFO - Setting next_dagrun for example_dag_decorator to None, run_after=None
[2026-04-25T22:56:54.456+0000] {processor.py:208} INFO - Processing /home/airflow/.local/lib/python3.12/site-packages/airflow/example_dags/example_dag_decorator.py took 0.103 seconds
[2026-04-25T23:13:58.222+0000] {processor.py:186} INFO - Started process (PID=98871) to work on /home/airflow/.local/lib/python3.12/site-packages/airflow/example_dags/example_dag_decorator.py
[2026-04-25T23:13:58.222+0000] {processor.py:914} INFO - Processing file /home/airflow/.local/lib/python3.12/site-packages/airflow/example_dags/example_dag_decorator.py for tasks to queue
[2026-04-25T23:13:58.223+0000] {logging_mixin.py:190} INFO - [2026-04-25T23:13:58.223+0000] {dagbag.py:588} INFO - Filling up the DagBag from /home/airflow/.local/lib/python3.12/site-packages/airflow/example_dags/example_dag_decorator.py
[2026-04-25T23:13:58.266+0000] {processor.py:925} INFO - DAG(s) 'example_dag_decorator' retrieved from /home/airflow/.local/lib/python3.12/site-packages/airflow/example_dags/example_dag_decorator.py
[2026-04-25T23:13:58.306+0000] {logging_mixin.py:190} INFO - [2026-04-25T23:13:58.306+0000] {dag.py:3239} INFO - Sync 1 DAGs
[2026-04-25T23:13:58.311+0000] {logging_mixin.py:190} INFO - [2026-04-25T23:13:58.311+0000] {dag.py:4180} INFO - Setting next_dagrun for example_dag_decorator to None, run_after=None
[2026-04-25T23:13:58.321+0000] {processor.py:208} INFO - Processing /home/airflow/.local/lib/python3.12/site-packages/airflow/example_dags/example_dag_decorator.py took 0.101 seconds
[2026-04-25T23:31:52.983+0000] {processor.py:186} INFO - Started process (PID=98935) to work on /home/airflow/.local/lib/python3.12/site-packages/airflow/example_dags/example_dag_decorator.py
[2026-04-25T23:31:52.984+0000] {processor.py:914} INFO - Processing file /home/airflow/.local/lib/python3.12/site-packages/airflow/example_dags/example_dag_decorator.py for tasks to queue
[2026-04-25T23:31:52.985+0000] {logging_mixin.py:190} INFO - [2026-04-25T23:31:52.984+0000] {dagbag.py:588} INFO - Filling up the DagBag from /home/airflow/.local/lib/python3.12/site-packages/airflow/example_dags/example_dag_decorator.py
[2026-04-25T23:31:53.025+0000] {processor.py:925} INFO - DAG(s) 'example_dag_decorator' retrieved from /home/airflow/.local/lib/python3.12/site-packages/airflow/example_dags/example_dag_decorator.py
[2026-04-25T23:31:53.070+0000] {logging_mixin.py:190} INFO - [2026-04-25T23:31:53.069+0000] {dag.py:3239} INFO - Sync 1 DAGs
[2026-04-25T23:31:53.073+0000] {logging_mixin.py:190} INFO - [2026-04-25T23:31:53.073+0000] {dag.py:4180} INFO - Setting next_dagrun for example_dag_decorator to None, run_after=None
[2026-04-25T23:31:53.081+0000] {processor.py:208} INFO - Processing /home/airflow/.local/lib/python3.12/site-packages/airflow/example_dags/example_dag_decorator.py took 0.100 seconds
[2026-04-25T23:32:24.248+0000] {processor.py:186} INFO - Started process (PID=98999) to work on /home/airflow/.local/lib/python3.12/site-packages/airflow/example_dags/example_dag_decorator.py
[2026-04-25T23:32:24.248+0000] {processor.py:914} INFO - Processing file /home/airflow/.local/lib/python3.12/site-packages/airflow/example_dags/example_dag_decorator.py for tasks to queue
[2026-04-25T23:32:24.250+0000] {logging_mixin.py:190} INFO - [2026-04-25T23:32:24.250+0000] {dagbag.py:588} INFO - Filling up the DagBag from /home/airflow/.local/lib/python3.12/site-packages/airflow/example_dags/example_dag_decorator.py
[2026-04-25T23:32:24.287+0000] {processor.py:925} INFO - DAG(s) 'example_dag_decorator' retrieved from /home/airflow/.local/lib/python3.12/site-packages/airflow/example_dags/example_dag_decorator.py
[2026-04-25T23:32:24.326+0000] {logging_mixin.py:190} INFO - [2026-04-25T23:32:24.326+0000] {dag.py:3239} INFO - Sync 1 DAGs
[2026-04-25T23:32:24.330+0000] {logging_mixin.py:190} INFO - [2026-04-25T23:32:24.330+0000] {dag.py:4180} INFO - Setting next_dagrun for example_dag_decorator to None, run_after=None
[2026-04-25T23:32:24.341+0000] {processor.py:208} INFO - Processing /home/airflow/.local/lib/python3.12/site-packages/airflow/example_dags/example_dag_decorator.py took 0.095 seconds
[2026-04-25T23:49:53.576+0000] {processor.py:186} INFO - Started process (PID=99063) to work on /home/airflow/.local/lib/python3.12/site-packages/airflow/example_dags/example_dag_decorator.py
[2026-04-25T23:49:53.577+0000] {processor.py:914} INFO - Processing file /home/airflow/.local/lib/python3.12/site-packages/airflow/example_dags/example_dag_decorator.py for tasks to queue
[2026-04-25T23:49:53.578+0000] {logging_mixin.py:190} INFO - [2026-04-25T23:49:53.577+0000] {dagbag.py:588} INFO - Filling up the DagBag from /home/airflow/.local/lib/python3.12/site-packages/airflow/example_dags/example_dag_decorator.py
[2026-04-25T23:49:53.616+0000] {processor.py:925} INFO - DAG(s) 'example_dag_decorator' retrieved from /home/airflow/.local/lib/python3.12/site-packages/airflow/example_dags/example_dag_decorator.py
[2026-04-25T23:49:53.660+0000] {logging_mixin.py:190} INFO - [2026-04-25T23:49:53.660+0000] {dag.py:3239} INFO - Sync 1 DAGs
[2026-04-25T23:49:53.664+0000] {logging_mixin.py:190} INFO - [2026-04-25T23:49:53.664+0000] {dag.py:4180} INFO - Setting next_dagrun for example_dag_decorator to None, run_after=None
[2026-04-25T23:49:53.674+0000] {processor.py:208} INFO - Processing /home/airflow/.local/lib/python3.12/site-packages/airflow/example_dags/example_dag_decorator.py took 0.100 seconds
[2026-04-25T23:50:23.923+0000] {processor.py:186} INFO - Started process (PID=99127) to work on /home/airflow/.local/lib/python3.12/site-packages/airflow/example_dags/example_dag_decorator.py
[2026-04-25T23:50:23.923+0000] {processor.py:914} INFO - Processing file /home/airflow/.local/lib/python3.12/site-packages/airflow/example_dags/example_dag_decorator.py for tasks to queue
[2026-04-25T23:50:23.925+0000] {logging_mixin.py:190} INFO - [2026-04-25T23:50:23.925+0000] {dagbag.py:588} INFO - Filling up the DagBag from /home/airflow/.local/lib/python3.12/site-packages/airflow/example_dags/example_dag_decorator.py
[2026-04-25T23:50:23.958+0000] {processor.py:925} INFO - DAG(s) 'example_dag_decorator' retrieved from /home/airflow/.local/lib/python3.12/site-packages/airflow/example_dags/example_dag_decorator.py
[2026-04-25T23:50:23.996+0000] {logging_mixin.py:190} INFO - [2026-04-25T23:50:23.996+0000] {dag.py:3239} INFO - Sync 1 DAGs
[2026-04-25T23:50:24.000+0000] {logging_mixin.py:190} INFO - [2026-04-25T23:50:24.000+0000] {dag.py:4180} INFO - Setting next_dagrun for example_dag_decorator to None, run_after=None
[2026-04-25T23:50:24.009+0000] {processor.py:208} INFO - Processing /home/airflow/.local/lib/python3.12/site-packages/airflow/example_dags/example_dag_decorator.py took 0.088 seconds
